ISO-10303-21;
HEADER;
/* Generated by software containing ST-Developer
 * from STEP Tools, Inc. (www.steptools.com) 
 */

FILE_DESCRIPTION(
/* description */ (''),
/* implementation_level */ '2;1');

FILE_NAME(
/* name */ 'SkaTile  B11 Regular 9x9 200x200mm 11mmSkirt Holes.step',
/* time_stamp */ '2025-12-06T05:17:47-07:00',
/* author */ (''),
/* organization */ (''),
/* preprocessor_version */ 'ST-DEVELOPER v20.1',
/* originating_system */ 'Autodesk Translation Framework v14.21.0.0',
/* authorisation */ '');

FILE_SCHEMA (('AUTOMOTIVE_DESIGN { 1 0 10303 214 3 1 1 }'));
ENDSEC;

DATA;
#10=MECHANICAL_DESIGN_GEOMETRIC_PRESENTATION_REPRESENTATION('',(#13),#19697);
#11=SHAPE_REPRESENTATION_RELATIONSHIP('SRR','None',#19704,#12);
#12=ADVANCED_BREP_SHAPE_REPRESENTATION('',(#14),#19696);
#13=STYLED_ITEM('',(#19714),#14);
#14=MANIFOLD_SOLID_BREP('Skadis Board',#11433);
#15=B_SPLINE_CURVE_WITH_KNOTS('',3,(#17257,#17258,#17259,#17260,#17261,
#17262,#17263,#17264),.UNSPECIFIED.,.F.,.F.,(4,2,2,4),(0.0335645187467822,
0.0587155499653033,0.0783159948663364,0.0979164397673696),.UNSPECIFIED.);
#16=B_SPLINE_CURVE_WITH_KNOTS('',3,(#17274,#17275,#17276,#17277,#17278,
#17279,#17280,#17281),.UNSPECIFIED.,.F.,.F.,(4,2,2,4),(0.342469742940903,
0.362070187841937,0.38167063274297,0.40682166396149),.UNSPECIFIED.);
#17=B_SPLINE_CURVE_WITH_KNOTS('',3,(#17289,#17290,#17291,#17292,#17293,
#17294,#17295,#17296),.UNSPECIFIED.,.F.,.F.,(4,2,2,4),(0.0335645187467811,
0.0587155499653041,0.0783159948663364,0.0979164397673687),.UNSPECIFIED.);
#18=B_SPLINE_CURVE_WITH_KNOTS('',3,(#17306,#17307,#17308,#17309,#17310,
#17311,#17312,#17313),.UNSPECIFIED.,.F.,.F.,(4,2,2,4),(0.342469742940893,
0.362070187841925,0.381670632742958,0.40682166396148),.UNSPECIFIED.);
#19=B_SPLINE_CURVE_WITH_KNOTS('',3,(#17321,#17322,#17323,#17324,#17325,
#17326,#17327,#17328),.UNSPECIFIED.,.F.,.F.,(4,2,2,4),(0.342469742940903,
0.362070187841937,0.38167063274297,0.406821663961492),.UNSPECIFIED.);
#20=B_SPLINE_CURVE_WITH_KNOTS('',3,(#17332,#17333,#17334,#17335,#17336,
#17337,#17338,#17339),.UNSPECIFIED.,.F.,.F.,(4,2,2,4),(0.033564518746785,
0.0587155499653033,0.0783159948663364,0.0979164397673696),.UNSPECIFIED.);
#21=B_SPLINE_CURVE_WITH_KNOTS('',3,(#17343,#17344,#17345,#17346,#17347,
#17348,#17349,#17350),.UNSPECIFIED.,.F.,.F.,(4,2,2,4),(0.342469742940903,
0.362070187841937,0.38167063274297,0.406821663961488),.UNSPECIFIED.);
#22=B_SPLINE_CURVE_WITH_KNOTS('',3,(#17358,#17359,#17360,#17361,#17362,
#17363,#17364,#17365),.UNSPECIFIED.,.F.,.F.,(4,2,2,4),(0.0335645187467825,
0.0587155499653033,0.0783159948663364,0.0979164397673696),.UNSPECIFIED.);
#23=B_SPLINE_CURVE_WITH_KNOTS('',3,(#17469,#17470,#17471,#17472,#17473,
#17474,#17475,#17476),.UNSPECIFIED.,.F.,.F.,(4,2,2,4),(0.0335645187467822,
0.0587155499653033,0.0783159948663364,0.0979164397673696),.UNSPECIFIED.);
#24=B_SPLINE_CURVE_WITH_KNOTS('',3,(#17486,#17487,#17488,#17489,#17490,
#17491,#17492,#17493),.UNSPECIFIED.,.F.,.F.,(4,2,2,4),(0.342469742940903,
0.362070187841937,0.38167063274297,0.40682166396149),.UNSPECIFIED.);
#25=B_SPLINE_CURVE_WITH_KNOTS('',3,(#17501,#17502,#17503,#17504,#17505,
#17506,#17507,#17508),.UNSPECIFIED.,.F.,.F.,(4,2,2,4),(0.0335645187467811,
0.0587155499653041,0.0783159948663364,0.0979164397673687),.UNSPECIFIED.);
#26=B_SPLINE_CURVE_WITH_KNOTS('',3,(#17518,#17519,#17520,#17521,#17522,
#17523,#17524,#17525),.UNSPECIFIED.,.F.,.F.,(4,2,2,4),(0.342469742940893,
0.362070187841925,0.381670632742958,0.40682166396148),.UNSPECIFIED.);
#27=B_SPLINE_CURVE_WITH_KNOTS('',3,(#17533,#17534,#17535,#17536,#17537,
#17538,#17539,#17540),.UNSPECIFIED.,.F.,.F.,(4,2,2,4),(0.342469742940903,
0.362070187841937,0.38167063274297,0.406821663961492),.UNSPECIFIED.);
#28=B_SPLINE_CURVE_WITH_KNOTS('',3,(#17544,#17545,#17546,#17547,#17548,
#17549,#17550,#17551),.UNSPECIFIED.,.F.,.F.,(4,2,2,4),(0.033564518746785,
0.0587155499653033,0.0783159948663364,0.0979164397673696),.UNSPECIFIED.);
#29=B_SPLINE_CURVE_WITH_KNOTS('',3,(#17555,#17556,#17557,#17558,#17559,
#17560,#17561,#17562),.UNSPECIFIED.,.F.,.F.,(4,2,2,4),(0.342469742940903,
0.362070187841937,0.38167063274297,0.406821663961488),.UNSPECIFIED.);
#30=B_SPLINE_CURVE_WITH_KNOTS('',3,(#17570,#17571,#17572,#17573,#17574,
#17575,#17576,#17577),.UNSPECIFIED.,.F.,.F.,(4,2,2,4),(0.0335645187467825,
0.0587155499653033,0.0783159948663364,0.0979164397673696),.UNSPECIFIED.);
#31=B_SPLINE_CURVE_WITH_KNOTS('',3,(#17681,#17682,#17683,#17684,#17685,
#17686,#17687,#17688),.UNSPECIFIED.,.F.,.F.,(4,2,2,4),(0.0335645187467822,
0.0587155499653033,0.0783159948663364,0.0979164397673696),.UNSPECIFIED.);
#32=B_SPLINE_CURVE_WITH_KNOTS('',3,(#17698,#17699,#17700,#17701,#17702,
#17703,#17704,#17705),.UNSPECIFIED.,.F.,.F.,(4,2,2,4),(0.342469742940903,
0.362070187841937,0.38167063274297,0.40682166396149),.UNSPECIFIED.);
#33=B_SPLINE_CURVE_WITH_KNOTS('',3,(#17713,#17714,#17715,#17716,#17717,
#17718,#17719,#17720),.UNSPECIFIED.,.F.,.F.,(4,2,2,4),(0.0335645187467811,
0.0587155499653041,0.0783159948663364,0.0979164397673687),.UNSPECIFIED.);
#34=B_SPLINE_CURVE_WITH_KNOTS('',3,(#17730,#17731,#17732,#17733,#17734,
#17735,#17736,#17737),.UNSPECIFIED.,.F.,.F.,(4,2,2,4),(0.342469742940893,
0.362070187841925,0.381670632742958,0.40682166396148),.UNSPECIFIED.);
#35=B_SPLINE_CURVE_WITH_KNOTS('',3,(#17745,#17746,#17747,#17748,#17749,
#17750,#17751,#17752),.UNSPECIFIED.,.F.,.F.,(4,2,2,4),(0.342469742940903,
0.362070187841937,0.38167063274297,0.406821663961492),.UNSPECIFIED.);
#36=B_SPLINE_CURVE_WITH_KNOTS('',3,(#17756,#17757,#17758,#17759,#17760,
#17761,#17762,#17763),.UNSPECIFIED.,.F.,.F.,(4,2,2,4),(0.033564518746785,
0.0587155499653033,0.0783159948663364,0.0979164397673696),.UNSPECIFIED.);
#37=B_SPLINE_CURVE_WITH_KNOTS('',3,(#17767,#17768,#17769,#17770,#17771,
#17772,#17773,#17774),.UNSPECIFIED.,.F.,.F.,(4,2,2,4),(0.342469742940903,
0.362070187841937,0.38167063274297,0.406821663961488),.UNSPECIFIED.);
#38=B_SPLINE_CURVE_WITH_KNOTS('',3,(#17782,#17783,#17784,#17785,#17786,
#17787,#17788,#17789),.UNSPECIFIED.,.F.,.F.,(4,2,2,4),(0.0335645187467825,
0.0587155499653033,0.0783159948663364,0.0979164397673696),.UNSPECIFIED.);
#39=B_SPLINE_CURVE_WITH_KNOTS('',3,(#17893,#17894,#17895,#17896,#17897,
#17898,#17899,#17900),.UNSPECIFIED.,.F.,.F.,(4,2,2,4),(0.0335645187467822,
0.0587155499653033,0.0783159948663364,0.0979164397673696),.UNSPECIFIED.);
#40=B_SPLINE_CURVE_WITH_KNOTS('',3,(#17910,#17911,#17912,#17913,#17914,
#17915,#17916,#17917),.UNSPECIFIED.,.F.,.F.,(4,2,2,4),(0.342469742940903,
0.362070187841937,0.38167063274297,0.40682166396149),.UNSPECIFIED.);
#41=B_SPLINE_CURVE_WITH_KNOTS('',3,(#17928,#17929,#17930,#17931,#17932,
#17933,#17934,#17935),.UNSPECIFIED.,.F.,.F.,(4,2,2,4),(0.0335645187467811,
0.0587155499653041,0.0783159948663364,0.0979164397673687),.UNSPECIFIED.);
#42=B_SPLINE_CURVE_WITH_KNOTS('',3,(#17944,#17945,#17946,#17947,#17948,
#17949,#17950,#17951),.UNSPECIFIED.,.F.,.F.,(4,2,2,4),(0.342469742940893,
0.362070187841925,0.381670632742958,0.40682166396148),.UNSPECIFIED.);
#43=B_SPLINE_CURVE_WITH_KNOTS('',3,(#17963,#17964,#17965,#17966,#17967,
#17968,#17969,#17970),.UNSPECIFIED.,.F.,.F.,(4,2,2,4),(0.342469742940903,
0.362070187841937,0.38167063274297,0.406821663961492),.UNSPECIFIED.);
#44=B_SPLINE_CURVE_WITH_KNOTS('',3,(#17974,#17975,#17976,#17977,#17978,
#17979,#17980,#17981),.UNSPECIFIED.,.F.,.F.,(4,2,2,4),(0.033564518746785,
0.0587155499653033,0.0783159948663364,0.0979164397673696),.UNSPECIFIED.);
#45=B_SPLINE_CURVE_WITH_KNOTS('',3,(#17985,#17986,#17987,#17988,#17989,
#17990,#17991,#17992),.UNSPECIFIED.,.F.,.F.,(4,2,2,4),(0.342469742940903,
0.362070187841937,0.38167063274297,0.406821663961488),.UNSPECIFIED.);
#46=B_SPLINE_CURVE_WITH_KNOTS('',3,(#17997,#17998,#17999,#18000,#18001,
#18002,#18003,#18004),.UNSPECIFIED.,.F.,.F.,(4,2,2,4),(0.0335645187467825,
0.0587155499653033,0.0783159948663364,0.0979164397673696),.UNSPECIFIED.);
#47=CONICAL_SURFACE('',#11564,8.50000000000007,0.785398163398401);
#48=CONICAL_SURFACE('',#11568,8.49999999999998,0.785398163397462);
#49=CONICAL_SURFACE('',#11572,8.50000000001091,0.785398163397542);
#50=CONICAL_SURFACE('',#11576,8.49999999999237,0.785398163398405);
#51=CONICAL_SURFACE('',#11623,8.49999999999233,0.785398163397447);
#52=CONICAL_SURFACE('',#11627,8.50000000001098,0.785398163397448);
#53=CONICAL_SURFACE('',#11631,8.49999999999995,0.785398163397447);
#54=CONICAL_SURFACE('',#11634,8.50000000000001,0.785398163397447);
#55=CONICAL_SURFACE('',#11726,0.600000000000019,0.785398163397546);
#56=CONICAL_SURFACE('',#11728,3.1,0.78539816339749);
#57=CONICAL_SURFACE('',#11730,0.600000000000003,0.785398163397492);
#58=CONICAL_SURFACE('',#11732,3.1,0.785398163397504);
#59=CONICAL_SURFACE('',#11734,0.600000000000013,0.785398163397481);
#60=CONICAL_SURFACE('',#11736,3.1,0.785398163397504);
#61=CONICAL_SURFACE('',#11738,0.600000000000011,0.785398163397506);
#62=CONICAL_SURFACE('',#11740,3.1,0.78539816339749);
#63=CONICAL_SURFACE('',#11742,0.59999999999999,0.785398163397467);
#64=CONICAL_SURFACE('',#11744,0.59999999999999,0.785398163397454);
#65=CONICAL_SURFACE('',#11746,0.600000000000007,0.785398163397461);
#66=CONICAL_SURFACE('',#11748,0.600000000000007,0.785398163397461);
#67=CONICAL_SURFACE('',#11750,0.600000000000007,0.785398163397469);
#68=CONICAL_SURFACE('',#11752,0.600000000000007,0.785398163397482);
#69=CONICAL_SURFACE('',#11754,0.600000000000007,0.785398163397489);
#70=CONICAL_SURFACE('',#11756,0.600000000000007,0.785398163397489);
#71=CONICAL_SURFACE('',#11770,3.45,0.785398163397451);
#72=CONICAL_SURFACE('',#11800,0.600000000000019,0.785398163397546);
#73=CONICAL_SURFACE('',#11802,3.1,0.78539816339749);
#74=CONICAL_SURFACE('',#11804,0.600000000000003,0.785398163397492);
#75=CONICAL_SURFACE('',#11806,3.1,0.785398163397504);
#76=CONICAL_SURFACE('',#11808,0.600000000000013,0.785398163397481);
#77=CONICAL_SURFACE('',#11810,3.1,0.785398163397504);
#78=CONICAL_SURFACE('',#11812,0.600000000000011,0.785398163397506);
#79=CONICAL_SURFACE('',#11814,3.1,0.78539816339749);
#80=CONICAL_SURFACE('',#11816,0.59999999999999,0.785398163397467);
#81=CONICAL_SURFACE('',#11818,0.59999999999999,0.785398163397454);
#82=CONICAL_SURFACE('',#11820,0.600000000000007,0.785398163397461);
#83=CONICAL_SURFACE('',#11822,0.600000000000007,0.785398163397461);
#84=CONICAL_SURFACE('',#11824,0.600000000000007,0.785398163397469);
#85=CONICAL_SURFACE('',#11826,0.600000000000007,0.785398163397482);
#86=CONICAL_SURFACE('',#11828,0.600000000000007,0.785398163397489);
#87=CONICAL_SURFACE('',#11830,0.600000000000007,0.785398163397489);
#88=CONICAL_SURFACE('',#11844,3.45,0.785398163397451);
#89=CONICAL_SURFACE('',#11874,0.600000000000019,0.785398163397546);
#90=CONICAL_SURFACE('',#11876,3.1,0.78539816339749);
#91=CONICAL_SURFACE('',#11878,0.600000000000003,0.785398163397492);
#92=CONICAL_SURFACE('',#11880,3.1,0.785398163397504);
#93=CONICAL_SURFACE('',#11882,0.600000000000013,0.785398163397481);
#94=CONICAL_SURFACE('',#11884,3.1,0.785398163397504);
#95=CONICAL_SURFACE('',#11886,0.600000000000011,0.785398163397506);
#96=CONICAL_SURFACE('',#11888,3.1,0.78539816339749);
#97=CONICAL_SURFACE('',#11890,0.59999999999999,0.785398163397467);
#98=CONICAL_SURFACE('',#11892,0.59999999999999,0.785398163397454);
#99=CONICAL_SURFACE('',#11894,0.600000000000007,0.785398163397461);
#100=CONICAL_SURFACE('',#11896,0.600000000000007,0.785398163397461);
#101=CONICAL_SURFACE('',#11898,0.600000000000007,0.785398163397469);
#102=CONICAL_SURFACE('',#11900,0.600000000000007,0.785398163397482);
#103=CONICAL_SURFACE('',#11902,0.600000000000007,0.785398163397489);
#104=CONICAL_SURFACE('',#11904,0.600000000000007,0.785398163397489);
#105=CONICAL_SURFACE('',#11918,3.45,0.785398163397451);
#106=CONICAL_SURFACE('',#11948,0.600000000000019,0.785398163397546);
#107=CONICAL_SURFACE('',#11950,3.1,0.78539816339749);
#108=CONICAL_SURFACE('',#11952,0.600000000000003,0.785398163397492);
#109=CONICAL_SURFACE('',#11954,3.1,0.785398163397504);
#110=CONICAL_SURFACE('',#11956,0.600000000000013,0.785398163397481);
#111=CONICAL_SURFACE('',#11958,3.1,0.785398163397504);
#112=CONICAL_SURFACE('',#11960,0.600000000000011,0.785398163397506);
#113=CONICAL_SURFACE('',#11962,3.1,0.78539816339749);
#114=CONICAL_SURFACE('',#11964,0.59999999999999,0.785398163397467);
#115=CONICAL_SURFACE('',#11966,0.59999999999999,0.785398163397454);
#116=CONICAL_SURFACE('',#11968,0.600000000000007,0.785398163397461);
#117=CONICAL_SURFACE('',#11970,0.600000000000007,0.785398163397461);
#118=CONICAL_SURFACE('',#11972,0.600000000000007,0.785398163397469);
#119=CONICAL_SURFACE('',#11974,0.600000000000007,0.785398163397482);
#120=CONICAL_SURFACE('',#11976,0.600000000000007,0.785398163397489);
#121=CONICAL_SURFACE('',#11978,0.600000000000007,0.785398163397489);
#122=CONICAL_SURFACE('',#11996,3.45,0.785398163397451);
#123=CONICAL_SURFACE('',#12035,3.,0.785398163397449);
#124=CONICAL_SURFACE('',#12038,3.,0.785398163397449);
#125=CONICAL_SURFACE('',#12044,3.,0.785398163397449);
#126=CONICAL_SURFACE('',#12046,3.,0.785398163397449);
#127=CONICAL_SURFACE('',#12051,3.,0.785398163397449);
#128=CONICAL_SURFACE('',#12054,3.,0.785398163397449);
#129=CONICAL_SURFACE('',#12059,3.,0.785398163397449);
#130=CONICAL_SURFACE('',#12061,3.,0.785398163397449);
#131=CONICAL_SURFACE('',#12067,3.,0.785398163397449);
#132=CONICAL_SURFACE('',#12070,3.,0.785398163397449);
#133=CONICAL_SURFACE('',#12075,3.,0.785398163397449);
#134=CONICAL_SURFACE('',#12077,3.,0.785398163397449);
#135=CONICAL_SURFACE('',#12083,3.,0.785398163397449);
#136=CONICAL_SURFACE('',#12086,3.,0.785398163397449);
#137=CONICAL_SURFACE('',#12091,3.,0.785398163397449);
#138=CONICAL_SURFACE('',#12093,3.,0.785398163397449);
#139=CONICAL_SURFACE('',#12099,3.,0.785398163397449);
#140=CONICAL_SURFACE('',#12102,3.,0.785398163397449);
#141=CONICAL_SURFACE('',#12107,3.,0.785398163397449);
#142=CONICAL_SURFACE('',#12109,3.,0.785398163397449);
#143=CONICAL_SURFACE('',#12115,3.,0.785398163397449);
#144=CONICAL_SURFACE('',#12118,3.,0.785398163397449);
#145=CONICAL_SURFACE('',#12123,3.,0.785398163397449);
#146=CONICAL_SURFACE('',#12125,3.,0.785398163397449);
#147=CONICAL_SURFACE('',#12131,3.,0.785398163397449);
#148=CONICAL_SURFACE('',#12134,3.,0.785398163397449);
#149=CONICAL_SURFACE('',#12139,3.,0.785398163397449);
#150=CONICAL_SURFACE('',#12141,3.,0.785398163397449);
#151=CONICAL_SURFACE('',#12147,3.,0.785398163397449);
#152=CONICAL_SURFACE('',#12150,3.,0.785398163397449);
#153=CONICAL_SURFACE('',#12155,3.,0.785398163397449);
#154=CONICAL_SURFACE('',#12157,3.,0.785398163397449);
#155=CONICAL_SURFACE('',#12163,3.,0.785398163397449);
#156=CONICAL_SURFACE('',#12166,3.,0.785398163397449);
#157=CONICAL_SURFACE('',#12171,3.,0.785398163397449);
#158=CONICAL_SURFACE('',#12173,3.,0.785398163397449);
#159=CONICAL_SURFACE('',#12179,3.,0.785398163397449);
#160=CONICAL_SURFACE('',#12182,3.,0.785398163397449);
#161=CONICAL_SURFACE('',#12187,3.,0.785398163397449);
#162=CONICAL_SURFACE('',#12189,3.,0.785398163397449);
#163=CONICAL_SURFACE('',#12195,3.,0.785398163397449);
#164=CONICAL_SURFACE('',#12198,3.,0.785398163397449);
#165=CONICAL_SURFACE('',#12203,3.,0.785398163397449);
#166=CONICAL_SURFACE('',#12205,3.,0.785398163397449);
#167=CONICAL_SURFACE('',#12211,3.,0.785398163397449);
#168=CONICAL_SURFACE('',#12214,3.,0.785398163397449);
#169=CONICAL_SURFACE('',#12219,3.,0.785398163397449);
#170=CONICAL_SURFACE('',#12221,3.,0.785398163397449);
#171=CONICAL_SURFACE('',#12227,3.,0.785398163397449);
#172=CONICAL_SURFACE('',#12230,3.,0.785398163397449);
#173=CONICAL_SURFACE('',#12235,3.,0.785398163397449);
#174=CONICAL_SURFACE('',#12237,3.,0.785398163397449);
#175=CONICAL_SURFACE('',#12243,3.,0.785398163397449);
#176=CONICAL_SURFACE('',#12246,3.,0.785398163397449);
#177=CONICAL_SURFACE('',#12251,3.,0.785398163397449);
#178=CONICAL_SURFACE('',#12253,3.,0.785398163397449);
#179=CONICAL_SURFACE('',#12259,3.,0.785398163397449);
#180=CONICAL_SURFACE('',#12262,3.,0.785398163397449);
#181=CONICAL_SURFACE('',#12267,3.,0.785398163397449);
#182=CONICAL_SURFACE('',#12269,3.,0.785398163397449);
#183=CONICAL_SURFACE('',#12275,3.,0.785398163397449);
#184=CONICAL_SURFACE('',#12278,3.,0.785398163397449);
#185=CONICAL_SURFACE('',#12283,3.,0.785398163397449);
#186=CONICAL_SURFACE('',#12285,3.,0.785398163397449);
#187=CONICAL_SURFACE('',#12291,3.,0.785398163397449);
#188=CONICAL_SURFACE('',#12294,3.,0.785398163397449);
#189=CONICAL_SURFACE('',#12299,3.,0.785398163397449);
#190=CONICAL_SURFACE('',#12301,3.,0.785398163397449);
#191=CONICAL_SURFACE('',#12307,3.,0.785398163397449);
#192=CONICAL_SURFACE('',#12310,3.,0.785398163397449);
#193=CONICAL_SURFACE('',#12315,3.,0.785398163397449);
#194=CONICAL_SURFACE('',#12317,3.,0.785398163397449);
#195=CONICAL_SURFACE('',#12323,3.,0.785398163397449);
#196=CONICAL_SURFACE('',#12326,3.,0.785398163397449);
#197=CONICAL_SURFACE('',#12331,3.,0.785398163397449);
#198=CONICAL_SURFACE('',#12333,3.,0.785398163397449);
#199=CONICAL_SURFACE('',#12339,3.,0.785398163397449);
#200=CONICAL_SURFACE('',#12342,3.,0.785398163397449);
#201=CONICAL_SURFACE('',#12347,3.,0.785398163397449);
#202=CONICAL_SURFACE('',#12349,3.,0.785398163397449);
#203=CONICAL_SURFACE('',#12355,3.,0.785398163397449);
#204=CONICAL_SURFACE('',#12358,3.,0.785398163397449);
#205=CONICAL_SURFACE('',#12363,3.,0.785398163397449);
#206=CONICAL_SURFACE('',#12365,3.,0.785398163397449);
#207=CONICAL_SURFACE('',#12371,3.,0.785398163397449);
#208=CONICAL_SURFACE('',#12374,3.,0.785398163397449);
#209=CONICAL_SURFACE('',#12379,3.,0.785398163397449);
#210=CONICAL_SURFACE('',#12381,3.,0.785398163397449);
#211=CONICAL_SURFACE('',#12387,3.,0.785398163397449);
#212=CONICAL_SURFACE('',#12390,3.,0.785398163397449);
#213=CONICAL_SURFACE('',#12395,3.,0.785398163397449);
#214=CONICAL_SURFACE('',#12397,3.,0.785398163397449);
#215=CONICAL_SURFACE('',#12403,3.,0.785398163397449);
#216=CONICAL_SURFACE('',#12406,3.,0.785398163397449);
#217=CONICAL_SURFACE('',#12411,3.,0.785398163397449);
#218=CONICAL_SURFACE('',#12413,3.,0.785398163397449);
#219=CONICAL_SURFACE('',#12419,3.,0.785398163397449);
#220=CONICAL_SURFACE('',#12422,3.,0.785398163397449);
#221=CONICAL_SURFACE('',#12427,3.,0.785398163397449);
#222=CONICAL_SURFACE('',#12429,3.,0.785398163397449);
#223=CONICAL_SURFACE('',#12435,3.,0.785398163397449);
#224=CONICAL_SURFACE('',#12438,3.,0.785398163397449);
#225=CONICAL_SURFACE('',#12443,3.,0.785398163397449);
#226=CONICAL_SURFACE('',#12445,3.,0.785398163397449);
#227=CONICAL_SURFACE('',#12451,3.,0.785398163397449);
#228=CONICAL_SURFACE('',#12454,3.,0.785398163397449);
#229=CONICAL_SURFACE('',#12460,3.,0.785398163397449);
#230=CONICAL_SURFACE('',#12462,3.,0.785398163397449);
#231=CONICAL_SURFACE('',#12467,3.,0.785398163397449);
#232=CONICAL_SURFACE('',#12470,3.,0.785398163397449);
#233=CONICAL_SURFACE('',#12476,3.,0.785398163397449);
#234=CONICAL_SURFACE('',#12478,3.,0.785398163397449);
#235=CONICAL_SURFACE('',#12483,3.,0.785398163397449);
#236=CONICAL_SURFACE('',#12486,3.,0.785398163397449);
#237=CONICAL_SURFACE('',#12492,3.,0.785398163397449);
#238=CONICAL_SURFACE('',#12494,3.,0.785398163397449);
#239=CONICAL_SURFACE('',#12499,3.,0.785398163397449);
#240=CONICAL_SURFACE('',#12502,3.,0.785398163397449);
#241=CONICAL_SURFACE('',#12508,3.,0.785398163397449);
#242=CONICAL_SURFACE('',#12510,3.,0.785398163397449);
#243=CONICAL_SURFACE('',#12515,3.,0.785398163397449);
#244=CONICAL_SURFACE('',#12518,3.,0.785398163397449);
#245=CONICAL_SURFACE('',#12524,3.,0.785398163397449);
#246=CONICAL_SURFACE('',#12526,3.,0.785398163397449);
#247=CONICAL_SURFACE('',#12531,3.,0.785398163397449);
#248=CONICAL_SURFACE('',#12534,3.,0.785398163397449);
#249=CONICAL_SURFACE('',#12540,3.,0.785398163397449);
#250=CONICAL_SURFACE('',#12542,3.,0.785398163397449);
#251=CONICAL_SURFACE('',#12547,3.,0.785398163397449);
#252=CONICAL_SURFACE('',#12550,3.,0.785398163397449);
#253=CONICAL_SURFACE('',#12556,3.,0.785398163397449);
#254=CONICAL_SURFACE('',#12558,3.,0.785398163397449);
#255=CONICAL_SURFACE('',#12563,3.,0.785398163397449);
#256=CONICAL_SURFACE('',#12566,3.,0.785398163397449);
#257=CONICAL_SURFACE('',#12572,3.,0.785398163397449);
#258=CONICAL_SURFACE('',#12574,3.,0.785398163397449);
#259=CONICAL_SURFACE('',#12579,3.,0.785398163397449);
#260=CONICAL_SURFACE('',#12582,3.,0.785398163397449);
#261=CONICAL_SURFACE('',#12588,3.,0.785398163397449);
#262=CONICAL_SURFACE('',#12590,3.,0.785398163397449);
#263=CONICAL_SURFACE('',#12595,3.,0.785398163397449);
#264=CONICAL_SURFACE('',#12598,3.,0.785398163397449);
#265=CONICAL_SURFACE('',#12604,3.,0.785398163397449);
#266=CONICAL_SURFACE('',#12606,3.,0.785398163397449);
#267=CONICAL_SURFACE('',#12611,3.,0.785398163397449);
#268=CONICAL_SURFACE('',#12614,3.,0.785398163397449);
#269=CONICAL_SURFACE('',#12620,3.,0.785398163397449);
#270=CONICAL_SURFACE('',#12622,3.,0.785398163397449);
#271=CONICAL_SURFACE('',#12627,3.,0.785398163397449);
#272=CONICAL_SURFACE('',#12630,3.,0.785398163397449);
#273=CONICAL_SURFACE('',#12636,3.,0.785398163397449);
#274=CONICAL_SURFACE('',#12638,3.,0.785398163397449);
#275=CONICAL_SURFACE('',#12643,3.,0.785398163397449);
#276=CONICAL_SURFACE('',#12646,3.,0.785398163397449);
#277=CONICAL_SURFACE('',#12652,3.,0.785398163397449);
#278=CONICAL_SURFACE('',#12654,3.,0.785398163397449);
#279=CONICAL_SURFACE('',#12659,3.,0.785398163397449);
#280=CONICAL_SURFACE('',#12662,3.,0.785398163397449);
#281=CONICAL_SURFACE('',#12668,3.,0.785398163397449);
#282=CONICAL_SURFACE('',#12670,3.,0.785398163397449);
#283=CONICAL_SURFACE('',#12675,3.,0.785398163397449);
#284=CONICAL_SURFACE('',#12678,3.,0.785398163397449);
#285=CONICAL_SURFACE('',#12684,3.,0.785398163397449);
#286=CONICAL_SURFACE('',#12686,3.,0.785398163397449);
#287=FACE_BOUND('',#1898,.T.);
#288=FACE_BOUND('',#1899,.T.);
#289=FACE_BOUND('',#1900,.T.);
#290=FACE_BOUND('',#1901,.T.);
#291=FACE_BOUND('',#1902,.T.);
#292=FACE_BOUND('',#1903,.T.);
#293=FACE_BOUND('',#1904,.T.);
#294=FACE_BOUND('',#1905,.T.);
#295=FACE_BOUND('',#1906,.T.);
#296=FACE_BOUND('',#1907,.T.);
#297=FACE_BOUND('',#1908,.T.);
#298=FACE_BOUND('',#1909,.T.);
#299=FACE_BOUND('',#1910,.T.);
#300=FACE_BOUND('',#1911,.T.);
#301=FACE_BOUND('',#1912,.T.);
#302=FACE_BOUND('',#1913,.T.);
#303=FACE_BOUND('',#1914,.T.);
#304=FACE_BOUND('',#1915,.T.);
#305=FACE_BOUND('',#1916,.T.);
#306=FACE_BOUND('',#1917,.T.);
#307=FACE_BOUND('',#1918,.T.);
#308=FACE_BOUND('',#1919,.T.);
#309=FACE_BOUND('',#1920,.T.);
#310=FACE_BOUND('',#1921,.T.);
#311=FACE_BOUND('',#1922,.T.);
#312=FACE_BOUND('',#1923,.T.);
#313=FACE_BOUND('',#1924,.T.);
#314=FACE_BOUND('',#1925,.T.);
#315=FACE_BOUND('',#1926,.T.);
#316=FACE_BOUND('',#1927,.T.);
#317=FACE_BOUND('',#1928,.T.);
#318=FACE_BOUND('',#1929,.T.);
#319=FACE_BOUND('',#1930,.T.);
#320=FACE_BOUND('',#1931,.T.);
#321=FACE_BOUND('',#1932,.T.);
#322=FACE_BOUND('',#1933,.T.);
#323=FACE_BOUND('',#1934,.T.);
#324=FACE_BOUND('',#1935,.T.);
#325=FACE_BOUND('',#1936,.T.);
#326=FACE_BOUND('',#1937,.T.);
#327=FACE_BOUND('',#1938,.T.);
#328=FACE_BOUND('',#1962,.T.);
#329=FACE_BOUND('',#1963,.T.);
#330=FACE_BOUND('',#1964,.T.);
#331=FACE_BOUND('',#1965,.T.);
#332=FACE_BOUND('',#1966,.T.);
#333=FACE_BOUND('',#1979,.T.);
#334=FACE_BOUND('',#1980,.T.);
#335=FACE_BOUND('',#1981,.T.);
#336=FACE_BOUND('',#1982,.T.);
#337=FACE_BOUND('',#1983,.T.);
#338=FACE_BOUND('',#1984,.T.);
#339=FACE_BOUND('',#1985,.T.);
#340=FACE_BOUND('',#1986,.T.);
#341=FACE_BOUND('',#1987,.T.);
#342=FACE_BOUND('',#1988,.T.);
#343=FACE_BOUND('',#1989,.T.);
#344=FACE_BOUND('',#1990,.T.);
#345=FACE_BOUND('',#1991,.T.);
#346=FACE_BOUND('',#1992,.T.);
#347=FACE_BOUND('',#1993,.T.);
#348=FACE_BOUND('',#1994,.T.);
#349=FACE_BOUND('',#1995,.T.);
#350=FACE_BOUND('',#1996,.T.);
#351=FACE_BOUND('',#1997,.T.);
#352=FACE_BOUND('',#1998,.T.);
#353=FACE_BOUND('',#1999,.T.);
#354=FACE_BOUND('',#2000,.T.);
#355=FACE_BOUND('',#2001,.T.);
#356=FACE_BOUND('',#2002,.T.);
#357=FACE_BOUND('',#2003,.T.);
#358=FACE_BOUND('',#2004,.T.);
#359=FACE_BOUND('',#2005,.T.);
#360=FACE_BOUND('',#2006,.T.);
#361=FACE_BOUND('',#2007,.T.);
#362=FACE_BOUND('',#2008,.T.);
#363=FACE_BOUND('',#2009,.T.);
#364=FACE_BOUND('',#2010,.T.);
#365=FACE_BOUND('',#2011,.T.);
#366=FACE_BOUND('',#2012,.T.);
#367=FACE_BOUND('',#2013,.T.);
#368=FACE_BOUND('',#2014,.T.);
#369=FACE_BOUND('',#2015,.T.);
#370=FACE_BOUND('',#2016,.T.);
#371=FACE_BOUND('',#2017,.T.);
#372=FACE_BOUND('',#2018,.T.);
#373=FACE_BOUND('',#2019,.T.);
#374=FACE_BOUND('',#2020,.T.);
#375=FACE_BOUND('',#2021,.T.);
#376=FACE_BOUND('',#2022,.T.);
#377=FACE_BOUND('',#2023,.T.);
#378=CIRCLE('',#11455,5.50000000000001);
#379=CIRCLE('',#11457,5.50000000000001);
#380=CIRCLE('',#11460,5.50000000000001);
#381=CIRCLE('',#11463,5.50000000000001);
#382=CIRCLE('',#11465,3.4);
#383=CIRCLE('',#11466,3.4);
#384=CIRCLE('',#11467,3.4);
#385=CIRCLE('',#11468,3.4);
#386=CIRCLE('',#11469,3.4);
#387=CIRCLE('',#11470,3.4);
#388=CIRCLE('',#11471,3.4);
#389=CIRCLE('',#11472,3.4);
#390=CIRCLE('',#11473,3.4);
#391=CIRCLE('',#11474,3.4);
#392=CIRCLE('',#11475,3.4);
#393=CIRCLE('',#11476,3.4);
#394=CIRCLE('',#11477,3.4);
#395=CIRCLE('',#11478,3.4);
#396=CIRCLE('',#11479,3.4);
#397=CIRCLE('',#11480,3.4);
#398=CIRCLE('',#11481,3.4);
#399=CIRCLE('',#11482,3.4);
#400=CIRCLE('',#11483,3.4);
#401=CIRCLE('',#11484,3.4);
#402=CIRCLE('',#11485,3.4);
#403=CIRCLE('',#11486,3.4);
#404=CIRCLE('',#11487,3.4);
#405=CIRCLE('',#11488,3.4);
#406=CIRCLE('',#11489,3.4);
#407=CIRCLE('',#11490,3.4);
#408=CIRCLE('',#11491,3.4);
#409=CIRCLE('',#11492,3.4);
#410=CIRCLE('',#11493,3.4);
#411=CIRCLE('',#11494,3.4);
#412=CIRCLE('',#11495,3.4);
#413=CIRCLE('',#11496,3.4);
#414=CIRCLE('',#11497,3.4);
#415=CIRCLE('',#11498,3.4);
#416=CIRCLE('',#11499,3.4);
#417=CIRCLE('',#11500,3.4);
#418=CIRCLE('',#11501,3.4);
#419=CIRCLE('',#11502,3.4);
#420=CIRCLE('',#11503,3.4);
#421=CIRCLE('',#11504,3.4);
#422=CIRCLE('',#11505,3.4);
#423=CIRCLE('',#11506,3.4);
#424=CIRCLE('',#11507,3.4);
#425=CIRCLE('',#11508,3.4);
#426=CIRCLE('',#11509,3.4);
#427=CIRCLE('',#11510,3.4);
#428=CIRCLE('',#11511,3.4);
#429=CIRCLE('',#11512,3.4);
#430=CIRCLE('',#11513,3.4);
#431=CIRCLE('',#11514,3.4);
#432=CIRCLE('',#11515,3.4);
#433=CIRCLE('',#11516,3.4);
#434=CIRCLE('',#11517,3.4);
#435=CIRCLE('',#11518,3.4);
#436=CIRCLE('',#11519,3.4);
#437=CIRCLE('',#11520,3.4);
#438=CIRCLE('',#11521,3.4);
#439=CIRCLE('',#11522,3.4);
#440=CIRCLE('',#11523,3.4);
#441=CIRCLE('',#11524,3.4);
#442=CIRCLE('',#11525,3.4);
#443=CIRCLE('',#11526,3.4);
#444=CIRCLE('',#11527,3.4);
#445=CIRCLE('',#11528,3.4);
#446=CIRCLE('',#11529,3.4);
#447=CIRCLE('',#11530,3.4);
#448=CIRCLE('',#11531,3.4);
#449=CIRCLE('',#11532,3.4);
#450=CIRCLE('',#11533,3.4);
#451=CIRCLE('',#11534,3.4);
#452=CIRCLE('',#11535,3.4);
#453=CIRCLE('',#11536,3.4);
#454=CIRCLE('',#11537,3.4);
#455=CIRCLE('',#11538,3.4);
#456=CIRCLE('',#11539,3.4);
#457=CIRCLE('',#11540,3.4);
#458=CIRCLE('',#11541,3.4);
#459=CIRCLE('',#11542,3.4);
#460=CIRCLE('',#11543,3.4);
#461=CIRCLE('',#11544,3.4);
#462=CIRCLE('',#11545,3.4);
#463=CIRCLE('',#11546,3.4);
#464=CIRCLE('',#11565,8.00000000000013);
#465=CIRCLE('',#11566,9.);
#466=CIRCLE('',#11569,8.00000000000001);
#467=CIRCLE('',#11570,8.99999999999995);
#468=CIRCLE('',#11573,8.00000000001084);
#469=CIRCLE('',#11574,9.00000000001098);
#470=CIRCLE('',#11577,7.9999999999924);
#471=CIRCLE('',#11578,8.99999999999233);
#472=CIRCLE('',#11580,8.99999999999995);
#473=CIRCLE('',#11583,9.);
#474=CIRCLE('',#11586,0.90000000000008);
#475=CIRCLE('',#11587,3.40000000000002);
#476=CIRCLE('',#11588,0.900000000000047);
#477=CIRCLE('',#11589,3.40000000000003);
#478=CIRCLE('',#11590,0.900000000000036);
#479=CIRCLE('',#11591,3.40000000000003);
#480=CIRCLE('',#11592,0.900000000000029);
#481=CIRCLE('',#11593,3.40000000000002);
#482=CIRCLE('',#11594,0.90000000000008);
#483=CIRCLE('',#11595,3.40000000000002);
#484=CIRCLE('',#11596,0.900000000000047);
#485=CIRCLE('',#11597,3.40000000000003);
#486=CIRCLE('',#11598,0.900000000000036);
#487=CIRCLE('',#11599,3.40000000000003);
#488=CIRCLE('',#11600,0.900000000000029);
#489=CIRCLE('',#11601,3.40000000000002);
#490=CIRCLE('',#11602,5.50000000000001);
#491=CIRCLE('',#11603,5.50000000000001);
#492=CIRCLE('',#11604,5.50000000000001);
#493=CIRCLE('',#11605,5.50000000000001);
#494=CIRCLE('',#11606,0.900000000000037);
#495=CIRCLE('',#11607,3.4);
#496=CIRCLE('',#11608,0.900000000000023);
#497=CIRCLE('',#11609,3.4);
#498=CIRCLE('',#11610,0.900000000000026);
#499=CIRCLE('',#11611,3.4);
#500=CIRCLE('',#11612,0.900000000000005);
#501=CIRCLE('',#11613,3.4);
#502=CIRCLE('',#11614,0.90000000000008);
#503=CIRCLE('',#11615,3.40000000000002);
#504=CIRCLE('',#11616,0.900000000000047);
#505=CIRCLE('',#11617,3.40000000000003);
#506=CIRCLE('',#11618,0.900000000000036);
#507=CIRCLE('',#11619,3.40000000000003);
#508=CIRCLE('',#11620,0.900000000000029);
#509=CIRCLE('',#11621,3.40000000000002);
#510=CIRCLE('',#11624,7.99999999999233);
#511=CIRCLE('',#11625,8.99999999999233);
#512=CIRCLE('',#11628,8.00000000001098);
#513=CIRCLE('',#11629,9.00000000001098);
#514=CIRCLE('',#11632,7.99999999999995);
#515=CIRCLE('',#11635,8.00000000000001);
#516=CIRCLE('',#11640,4.1);
#517=CIRCLE('',#11641,4.1);
#518=CIRCLE('',#11642,3.4);
#519=CIRCLE('',#11643,3.4);
#520=CIRCLE('',#11644,3.4);
#521=CIRCLE('',#11645,3.4);
#522=CIRCLE('',#11646,3.4);
#523=CIRCLE('',#11647,3.4);
#524=CIRCLE('',#11648,3.4);
#525=CIRCLE('',#11649,3.4);
#526=CIRCLE('',#11650,3.4);
#527=CIRCLE('',#11651,3.4);
#528=CIRCLE('',#11652,3.4);
#529=CIRCLE('',#11653,3.4);
#530=CIRCLE('',#11654,3.4);
#531=CIRCLE('',#11655,3.4);
#532=CIRCLE('',#11656,3.4);
#533=CIRCLE('',#11657,3.4);
#534=CIRCLE('',#11658,3.4);
#535=CIRCLE('',#11659,3.4);
#536=CIRCLE('',#11660,3.4);
#537=CIRCLE('',#11661,3.4);
#538=CIRCLE('',#11662,3.4);
#539=CIRCLE('',#11663,3.4);
#540=CIRCLE('',#11664,3.4);
#541=CIRCLE('',#11665,3.4);
#542=CIRCLE('',#11666,3.4);
#543=CIRCLE('',#11667,3.4);
#544=CIRCLE('',#11668,3.4);
#545=CIRCLE('',#11669,3.4);
#546=CIRCLE('',#11670,3.4);
#547=CIRCLE('',#11671,3.4);
#548=CIRCLE('',#11672,3.4);
#549=CIRCLE('',#11673,3.4);
#550=CIRCLE('',#11674,3.4);
#551=CIRCLE('',#11675,3.4);
#552=CIRCLE('',#11676,3.4);
#553=CIRCLE('',#11677,3.4);
#554=CIRCLE('',#11678,3.4);
#555=CIRCLE('',#11679,3.4);
#556=CIRCLE('',#11680,3.4);
#557=CIRCLE('',#11681,3.4);
#558=CIRCLE('',#11682,3.4);
#559=CIRCLE('',#11683,3.4);
#560=CIRCLE('',#11684,3.4);
#561=CIRCLE('',#11685,3.4);
#562=CIRCLE('',#11686,3.4);
#563=CIRCLE('',#11687,3.4);
#564=CIRCLE('',#11688,3.4);
#565=CIRCLE('',#11689,3.4);
#566=CIRCLE('',#11690,3.4);
#567=CIRCLE('',#11691,3.4);
#568=CIRCLE('',#11692,3.4);
#569=CIRCLE('',#11693,3.4);
#570=CIRCLE('',#11694,3.4);
#571=CIRCLE('',#11695,3.4);
#572=CIRCLE('',#11696,3.4);
#573=CIRCLE('',#11697,3.4);
#574=CIRCLE('',#11698,3.4);
#575=CIRCLE('',#11699,3.4);
#576=CIRCLE('',#11700,3.4);
#577=CIRCLE('',#11701,3.4);
#578=CIRCLE('',#11702,3.4);
#579=CIRCLE('',#11703,3.4);
#580=CIRCLE('',#11704,3.4);
#581=CIRCLE('',#11705,3.4);
#582=CIRCLE('',#11706,3.4);
#583=CIRCLE('',#11707,3.4);
#584=CIRCLE('',#11708,3.4);
#585=CIRCLE('',#11709,3.4);
#586=CIRCLE('',#11710,3.4);
#587=CIRCLE('',#11711,3.4);
#588=CIRCLE('',#11712,3.4);
#589=CIRCLE('',#11713,3.4);
#590=CIRCLE('',#11714,3.4);
#591=CIRCLE('',#11715,3.4);
#592=CIRCLE('',#11716,3.4);
#593=CIRCLE('',#11717,3.4);
#594=CIRCLE('',#11718,3.4);
#595=CIRCLE('',#11719,3.4);
#596=CIRCLE('',#11720,3.4);
#597=CIRCLE('',#11721,3.4);
#598=CIRCLE('',#11722,3.4);
#599=CIRCLE('',#11723,3.4);
#600=CIRCLE('',#11724,4.1);
#601=CIRCLE('',#11725,4.1);
#602=CIRCLE('',#11727,0.3);
#603=CIRCLE('',#11729,2.79999999999999);
#604=CIRCLE('',#11731,0.3);
#605=CIRCLE('',#11733,2.79999999999999);
#606=CIRCLE('',#11735,0.3);
#607=CIRCLE('',#11737,2.79999999999999);
#608=CIRCLE('',#11739,0.3);
#609=CIRCLE('',#11741,2.79999999999999);
#610=CIRCLE('',#11743,0.59999999999999);
#611=CIRCLE('',#11745,0.59999999999999);
#612=CIRCLE('',#11747,0.600000000000007);
#613=CIRCLE('',#11749,0.600000000000007);
#614=CIRCLE('',#11751,0.600000000000007);
#615=CIRCLE('',#11753,0.600000000000007);
#616=CIRCLE('',#11755,0.600000000000007);
#617=CIRCLE('',#11757,0.600000000000007);
#618=CIRCLE('',#11759,0.600000000000007);
#619=CIRCLE('',#11761,0.3);
#620=CIRCLE('',#11763,0.600000000000007);
#621=CIRCLE('',#11765,0.59999999999999);
#622=CIRCLE('',#11767,0.3);
#623=CIRCLE('',#11769,0.59999999999999);
#624=CIRCLE('',#11771,3.1);
#625=CIRCLE('',#11772,2.79999999999999);
#626=CIRCLE('',#11773,3.1);
#627=CIRCLE('',#11774,2.79999999999999);
#628=CIRCLE('',#11775,3.1);
#629=CIRCLE('',#11776,2.79999999999999);
#630=CIRCLE('',#11777,3.1);
#631=CIRCLE('',#11778,2.79999999999999);
#632=CIRCLE('',#11779,3.1);
#633=CIRCLE('',#11781,0.600000000000007);
#634=CIRCLE('',#11783,0.3);
#635=CIRCLE('',#11785,0.600000000000007);
#636=CIRCLE('',#11787,0.600000000000007);
#637=CIRCLE('',#11789,0.3);
#638=CIRCLE('',#11791,0.600000000000007);
#639=CIRCLE('',#11801,0.3);
#640=CIRCLE('',#11803,2.79999999999999);
#641=CIRCLE('',#11805,0.3);
#642=CIRCLE('',#11807,2.79999999999999);
#643=CIRCLE('',#11809,0.3);
#644=CIRCLE('',#11811,2.79999999999999);
#645=CIRCLE('',#11813,0.3);
#646=CIRCLE('',#11815,2.79999999999999);
#647=CIRCLE('',#11817,0.59999999999999);
#648=CIRCLE('',#11819,0.59999999999999);
#649=CIRCLE('',#11821,0.600000000000007);
#650=CIRCLE('',#11823,0.600000000000007);
#651=CIRCLE('',#11825,0.600000000000007);
#652=CIRCLE('',#11827,0.600000000000007);
#653=CIRCLE('',#11829,0.600000000000007);
#654=CIRCLE('',#11831,0.600000000000007);
#655=CIRCLE('',#11833,0.600000000000007);
#656=CIRCLE('',#11835,0.3);
#657=CIRCLE('',#11837,0.600000000000007);
#658=CIRCLE('',#11839,0.59999999999999);
#659=CIRCLE('',#11841,0.3);
#660=CIRCLE('',#11843,0.59999999999999);
#661=CIRCLE('',#11845,3.1);
#662=CIRCLE('',#11846,2.79999999999999);
#663=CIRCLE('',#11847,3.1);
#664=CIRCLE('',#11848,2.79999999999999);
#665=CIRCLE('',#11849,3.1);
#666=CIRCLE('',#11850,2.79999999999999);
#667=CIRCLE('',#11851,3.1);
#668=CIRCLE('',#11852,2.79999999999999);
#669=CIRCLE('',#11853,3.1);
#670=CIRCLE('',#11855,0.600000000000007);
#671=CIRCLE('',#11857,0.3);
#672=CIRCLE('',#11859,0.600000000000007);
#673=CIRCLE('',#11861,0.600000000000007);
#674=CIRCLE('',#11863,0.3);
#675=CIRCLE('',#11865,0.600000000000007);
#676=CIRCLE('',#11875,0.3);
#677=CIRCLE('',#11877,2.79999999999999);
#678=CIRCLE('',#11879,0.3);
#679=CIRCLE('',#11881,2.79999999999999);
#680=CIRCLE('',#11883,0.3);
#681=CIRCLE('',#11885,2.79999999999999);
#682=CIRCLE('',#11887,0.3);
#683=CIRCLE('',#11889,2.79999999999999);
#684=CIRCLE('',#11891,0.59999999999999);
#685=CIRCLE('',#11893,0.59999999999999);
#686=CIRCLE('',#11895,0.600000000000007);
#687=CIRCLE('',#11897,0.600000000000007);
#688=CIRCLE('',#11899,0.600000000000007);
#689=CIRCLE('',#11901,0.600000000000007);
#690=CIRCLE('',#11903,0.600000000000007);
#691=CIRCLE('',#11905,0.600000000000007);
#692=CIRCLE('',#11907,0.600000000000007);
#693=CIRCLE('',#11909,0.3);
#694=CIRCLE('',#11911,0.600000000000007);
#695=CIRCLE('',#11913,0.59999999999999);
#696=CIRCLE('',#11915,0.3);
#697=CIRCLE('',#11917,0.59999999999999);
#698=CIRCLE('',#11919,3.1);
#699=CIRCLE('',#11920,2.79999999999999);
#700=CIRCLE('',#11921,3.1);
#701=CIRCLE('',#11922,2.79999999999999);
#702=CIRCLE('',#11923,3.1);
#703=CIRCLE('',#11924,2.79999999999999);
#704=CIRCLE('',#11925,3.1);
#705=CIRCLE('',#11926,2.79999999999999);
#706=CIRCLE('',#11927,3.1);
#707=CIRCLE('',#11929,0.600000000000007);
#708=CIRCLE('',#11931,0.3);
#709=CIRCLE('',#11933,0.600000000000007);
#710=CIRCLE('',#11935,0.600000000000007);
#711=CIRCLE('',#11937,0.3);
#712=CIRCLE('',#11939,0.600000000000007);
#713=CIRCLE('',#11949,0.3);
#714=CIRCLE('',#11951,2.79999999999999);
#715=CIRCLE('',#11953,0.3);
#716=CIRCLE('',#11955,2.79999999999999);
#717=CIRCLE('',#11957,0.3);
#718=CIRCLE('',#11959,2.79999999999999);
#719=CIRCLE('',#11961,0.3);
#720=CIRCLE('',#11963,2.79999999999999);
#721=CIRCLE('',#11965,0.59999999999999);
#722=CIRCLE('',#11967,0.59999999999999);
#723=CIRCLE('',#11969,0.600000000000007);
#724=CIRCLE('',#11971,0.600000000000007);
#725=CIRCLE('',#11973,0.600000000000007);
#726=CIRCLE('',#11975,0.600000000000007);
#727=CIRCLE('',#11977,0.600000000000007);
#728=CIRCLE('',#11979,0.600000000000007);
#729=CIRCLE('',#11981,0.600000000000007);
#730=CIRCLE('',#11983,0.3);
#731=CIRCLE('',#11985,0.600000000000007);
#732=CIRCLE('',#11987,2.79999999999999);
#733=CIRCLE('',#11989,0.59999999999999);
#734=CIRCLE('',#11991,0.3);
#735=CIRCLE('',#11993,0.59999999999999);
#736=CIRCLE('',#11995,2.79999999999999);
#737=CIRCLE('',#11997,3.1);
#738=CIRCLE('',#11998,2.79999999999999);
#739=CIRCLE('',#11999,3.1);
#740=CIRCLE('',#12000,2.79999999999999);
#741=CIRCLE('',#12001,3.1);
#742=CIRCLE('',#12002,3.1);
#743=CIRCLE('',#12003,3.1);
#744=CIRCLE('',#12005,0.600000000000007);
#745=CIRCLE('',#12007,0.3);
#746=CIRCLE('',#12009,0.600000000000007);
#747=CIRCLE('',#12012,0.600000000000007);
#748=CIRCLE('',#12014,0.3);
#749=CIRCLE('',#12016,0.600000000000007);
#750=CIRCLE('',#12036,2.6);
#751=CIRCLE('',#12039,2.6);
#752=CIRCLE('',#12041,2.6);
#753=CIRCLE('',#12047,2.6);
#754=CIRCLE('',#12052,2.6);
#755=CIRCLE('',#12055,2.6);
#756=CIRCLE('',#12057,2.6);
#757=CIRCLE('',#12062,2.6);
#758=CIRCLE('',#12068,2.6);
#759=CIRCLE('',#12071,2.6);
#760=CIRCLE('',#12073,2.6);
#761=CIRCLE('',#12078,2.6);
#762=CIRCLE('',#12084,2.6);
#763=CIRCLE('',#12087,2.6);
#764=CIRCLE('',#12089,2.6);
#765=CIRCLE('',#12094,2.6);
#766=CIRCLE('',#12100,2.6);
#767=CIRCLE('',#12103,2.6);
#768=CIRCLE('',#12105,2.6);
#769=CIRCLE('',#12110,2.6);
#770=CIRCLE('',#12116,2.6);
#771=CIRCLE('',#12119,2.6);
#772=CIRCLE('',#12121,2.6);
#773=CIRCLE('',#12126,2.6);
#774=CIRCLE('',#12132,2.6);
#775=CIRCLE('',#12135,2.6);
#776=CIRCLE('',#12137,2.6);
#777=CIRCLE('',#12142,2.6);
#778=CIRCLE('',#12148,2.6);
#779=CIRCLE('',#12151,2.6);
#780=CIRCLE('',#12153,2.6);
#781=CIRCLE('',#12158,2.6);
#782=CIRCLE('',#12164,2.6);
#783=CIRCLE('',#12167,2.6);
#784=CIRCLE('',#12169,2.6);
#785=CIRCLE('',#12174,2.6);
#786=CIRCLE('',#12180,2.6);
#787=CIRCLE('',#12183,2.6);
#788=CIRCLE('',#12185,2.6);
#789=CIRCLE('',#12190,2.6);
#790=CIRCLE('',#12196,2.6);
#791=CIRCLE('',#12199,2.6);
#792=CIRCLE('',#12201,2.6);
#793=CIRCLE('',#12206,2.6);
#794=CIRCLE('',#12212,2.6);
#795=CIRCLE('',#12215,2.6);
#796=CIRCLE('',#12217,2.6);
#797=CIRCLE('',#12222,2.6);
#798=CIRCLE('',#12228,2.6);
#799=CIRCLE('',#12231,2.6);
#800=CIRCLE('',#12233,2.6);
#801=CIRCLE('',#12238,2.6);
#802=CIRCLE('',#12244,2.6);
#803=CIRCLE('',#12247,2.6);
#804=CIRCLE('',#12249,2.6);
#805=CIRCLE('',#12254,2.6);
#806=CIRCLE('',#12260,2.6);
#807=CIRCLE('',#12263,2.6);
#808=CIRCLE('',#12265,2.6);
#809=CIRCLE('',#12270,2.6);
#810=CIRCLE('',#12276,2.6);
#811=CIRCLE('',#12279,2.6);
#812=CIRCLE('',#12281,2.6);
#813=CIRCLE('',#12286,2.6);
#814=CIRCLE('',#12292,2.6);
#815=CIRCLE('',#12295,2.6);
#816=CIRCLE('',#12297,2.6);
#817=CIRCLE('',#12302,2.6);
#818=CIRCLE('',#12308,2.6);
#819=CIRCLE('',#12311,2.6);
#820=CIRCLE('',#12313,2.6);
#821=CIRCLE('',#12318,2.6);
#822=CIRCLE('',#12324,2.6);
#823=CIRCLE('',#12327,2.6);
#824=CIRCLE('',#12329,2.6);
#825=CIRCLE('',#12334,2.6);
#826=CIRCLE('',#12340,2.6);
#827=CIRCLE('',#12343,2.6);
#828=CIRCLE('',#12345,2.6);
#829=CIRCLE('',#12350,2.6);
#830=CIRCLE('',#12356,2.6);
#831=CIRCLE('',#12359,2.6);
#832=CIRCLE('',#12361,2.6);
#833=CIRCLE('',#12366,2.6);
#834=CIRCLE('',#12372,2.6);
#835=CIRCLE('',#12375,2.6);
#836=CIRCLE('',#12377,2.6);
#837=CIRCLE('',#12382,2.6);
#838=CIRCLE('',#12388,2.6);
#839=CIRCLE('',#12391,2.6);
#840=CIRCLE('',#12393,2.6);
#841=CIRCLE('',#12398,2.6);
#842=CIRCLE('',#12404,2.6);
#843=CIRCLE('',#12407,2.6);
#844=CIRCLE('',#12409,2.6);
#845=CIRCLE('',#12414,2.6);
#846=CIRCLE('',#12420,2.6);
#847=CIRCLE('',#12423,2.6);
#848=CIRCLE('',#12425,2.6);
#849=CIRCLE('',#12430,2.6);
#850=CIRCLE('',#12436,2.6);
#851=CIRCLE('',#12439,2.6);
#852=CIRCLE('',#12441,2.6);
#853=CIRCLE('',#12446,2.6);
#854=CIRCLE('',#12452,2.6);
#855=CIRCLE('',#12455,2.6);
#856=CIRCLE('',#12457,2.6);
#857=CIRCLE('',#12463,2.6);
#858=CIRCLE('',#12468,2.6);
#859=CIRCLE('',#12471,2.6);
#860=CIRCLE('',#12473,2.6);
#861=CIRCLE('',#12479,2.6);
#862=CIRCLE('',#12484,2.6);
#863=CIRCLE('',#12487,2.6);
#864=CIRCLE('',#12489,2.6);
#865=CIRCLE('',#12495,2.6);
#866=CIRCLE('',#12500,2.6);
#867=CIRCLE('',#12503,2.6);
#868=CIRCLE('',#12505,2.6);
#869=CIRCLE('',#12511,2.6);
#870=CIRCLE('',#12516,2.6);
#871=CIRCLE('',#12519,2.6);
#872=CIRCLE('',#12521,2.6);
#873=CIRCLE('',#12527,2.6);
#874=CIRCLE('',#12532,2.6);
#875=CIRCLE('',#12535,2.6);
#876=CIRCLE('',#12537,2.6);
#877=CIRCLE('',#12543,2.6);
#878=CIRCLE('',#12548,2.6);
#879=CIRCLE('',#12551,2.6);
#880=CIRCLE('',#12553,2.6);
#881=CIRCLE('',#12559,2.6);
#882=CIRCLE('',#12564,2.6);
#883=CIRCLE('',#12567,2.6);
#884=CIRCLE('',#12569,2.6);
#885=CIRCLE('',#12575,2.6);
#886=CIRCLE('',#12580,2.6);
#887=CIRCLE('',#12583,2.6);
#888=CIRCLE('',#12585,2.6);
#889=CIRCLE('',#12591,2.6);
#890=CIRCLE('',#12596,2.6);
#891=CIRCLE('',#12599,2.6);
#892=CIRCLE('',#12601,2.6);
#893=CIRCLE('',#12607,2.6);
#894=CIRCLE('',#12612,2.6);
#895=CIRCLE('',#12615,2.6);
#896=CIRCLE('',#12617,2.6);
#897=CIRCLE('',#12623,2.6);
#898=CIRCLE('',#12628,2.6);
#899=CIRCLE('',#12631,2.6);
#900=CIRCLE('',#12633,2.6);
#901=CIRCLE('',#12639,2.6);
#902=CIRCLE('',#12644,2.6);
#903=CIRCLE('',#12647,2.6);
#904=CIRCLE('',#12649,2.6);
#905=CIRCLE('',#12655,2.6);
#906=CIRCLE('',#12660,2.6);
#907=CIRCLE('',#12663,2.6);
#908=CIRCLE('',#12665,2.6);
#909=CIRCLE('',#12671,2.6);
#910=CIRCLE('',#12676,2.6);
#911=CIRCLE('',#12679,2.6);
#912=CIRCLE('',#12681,2.6);
#913=CIRCLE('',#12687,2.6);
#914=PLANE('',#11450);
#915=PLANE('',#11454);
#916=PLANE('',#11547);
#917=PLANE('',#11552);
#918=PLANE('',#11557);
#919=PLANE('',#11562);
#920=PLANE('',#11563);
#921=PLANE('',#11567);
#922=PLANE('',#11571);
#923=PLANE('',#11575);
#924=PLANE('',#11581);
#925=PLANE('',#11584);
#926=PLANE('',#11585);
#927=PLANE('',#11622);
#928=PLANE('',#11626);
#929=PLANE('',#11630);
#930=PLANE('',#11633);
#931=PLANE('',#11637);
#932=PLANE('',#11639);
#933=PLANE('',#11792);
#934=PLANE('',#11793);
#935=PLANE('',#11794);
#936=PLANE('',#11795);
#937=PLANE('',#11866);
#938=PLANE('',#11867);
#939=PLANE('',#11868);
#940=PLANE('',#11869);
#941=PLANE('',#11940);
#942=PLANE('',#11941);
#943=PLANE('',#11942);
#944=PLANE('',#11943);
#945=PLANE('',#12018);
#946=PLANE('',#12019);
#947=PLANE('',#12020);
#948=PLANE('',#12021);
#949=PLANE('',#12022);
#950=PLANE('',#12024);
#951=PLANE('',#12025);
#952=PLANE('',#12027);
#953=PLANE('',#12028);
#954=PLANE('',#12030);
#955=PLANE('',#12031);
#956=PLANE('',#12032);
#957=PLANE('',#12034);
#958=PLANE('',#12037);
#959=PLANE('',#12042);
#960=PLANE('',#12043);
#961=PLANE('',#12045);
#962=PLANE('',#12048);
#963=PLANE('',#12050);
#964=PLANE('',#12053);
#965=PLANE('',#12058);
#966=PLANE('',#12060);
#967=PLANE('',#12063);
#968=PLANE('',#12064);
#969=PLANE('',#12066);
#970=PLANE('',#12069);
#971=PLANE('',#12074);
#972=PLANE('',#12076);
#973=PLANE('',#12079);
#974=PLANE('',#12080);
#975=PLANE('',#12082);
#976=PLANE('',#12085);
#977=PLANE('',#12090);
#978=PLANE('',#12092);
#979=PLANE('',#12095);
#980=PLANE('',#12096);
#981=PLANE('',#12098);
#982=PLANE('',#12101);
#983=PLANE('',#12106);
#984=PLANE('',#12108);
#985=PLANE('',#12111);
#986=PLANE('',#12112);
#987=PLANE('',#12114);
#988=PLANE('',#12117);
#989=PLANE('',#12122);
#990=PLANE('',#12124);
#991=PLANE('',#12127);
#992=PLANE('',#12128);
#993=PLANE('',#12130);
#994=PLANE('',#12133);
#995=PLANE('',#12138);
#996=PLANE('',#12140);
#997=PLANE('',#12143);
#998=PLANE('',#12144);
#999=PLANE('',#12146);
#1000=PLANE('',#12149);
#1001=PLANE('',#12154);
#1002=PLANE('',#12156);
#1003=PLANE('',#12159);
#1004=PLANE('',#12160);
#1005=PLANE('',#12162);
#1006=PLANE('',#12165);
#1007=PLANE('',#12170);
#1008=PLANE('',#12172);
#1009=PLANE('',#12175);
#1010=PLANE('',#12176);
#1011=PLANE('',#12178);
#1012=PLANE('',#12181);
#1013=PLANE('',#12186);
#1014=PLANE('',#12188);
#1015=PLANE('',#12191);
#1016=PLANE('',#12192);
#1017=PLANE('',#12194);
#1018=PLANE('',#12197);
#1019=PLANE('',#12202);
#1020=PLANE('',#12204);
#1021=PLANE('',#12207);
#1022=PLANE('',#12208);
#1023=PLANE('',#12210);
#1024=PLANE('',#12213);
#1025=PLANE('',#12218);
#1026=PLANE('',#12220);
#1027=PLANE('',#12223);
#1028=PLANE('',#12224);
#1029=PLANE('',#12226);
#1030=PLANE('',#12229);
#1031=PLANE('',#12234);
#1032=PLANE('',#12236);
#1033=PLANE('',#12239);
#1034=PLANE('',#12240);
#1035=PLANE('',#12242);
#1036=PLANE('',#12245);
#1037=PLANE('',#12250);
#1038=PLANE('',#12252);
#1039=PLANE('',#12255);
#1040=PLANE('',#12256);
#1041=PLANE('',#12258);
#1042=PLANE('',#12261);
#1043=PLANE('',#12266);
#1044=PLANE('',#12268);
#1045=PLANE('',#12271);
#1046=PLANE('',#12272);
#1047=PLANE('',#12274);
#1048=PLANE('',#12277);
#1049=PLANE('',#12282);
#1050=PLANE('',#12284);
#1051=PLANE('',#12287);
#1052=PLANE('',#12288);
#1053=PLANE('',#12290);
#1054=PLANE('',#12293);
#1055=PLANE('',#12298);
#1056=PLANE('',#12300);
#1057=PLANE('',#12303);
#1058=PLANE('',#12304);
#1059=PLANE('',#12306);
#1060=PLANE('',#12309);
#1061=PLANE('',#12314);
#1062=PLANE('',#12316);
#1063=PLANE('',#12319);
#1064=PLANE('',#12320);
#1065=PLANE('',#12322);
#1066=PLANE('',#12325);
#1067=PLANE('',#12330);
#1068=PLANE('',#12332);
#1069=PLANE('',#12335);
#1070=PLANE('',#12336);
#1071=PLANE('',#12338);
#1072=PLANE('',#12341);
#1073=PLANE('',#12346);
#1074=PLANE('',#12348);
#1075=PLANE('',#12351);
#1076=PLANE('',#12352);
#1077=PLANE('',#12354);
#1078=PLANE('',#12357);
#1079=PLANE('',#12362);
#1080=PLANE('',#12364);
#1081=PLANE('',#12367);
#1082=PLANE('',#12368);
#1083=PLANE('',#12370);
#1084=PLANE('',#12373);
#1085=PLANE('',#12378);
#1086=PLANE('',#12380);
#1087=PLANE('',#12383);
#1088=PLANE('',#12384);
#1089=PLANE('',#12386);
#1090=PLANE('',#12389);
#1091=PLANE('',#12394);
#1092=PLANE('',#12396);
#1093=PLANE('',#12399);
#1094=PLANE('',#12400);
#1095=PLANE('',#12402);
#1096=PLANE('',#12405);
#1097=PLANE('',#12410);
#1098=PLANE('',#12412);
#1099=PLANE('',#12415);
#1100=PLANE('',#12416);
#1101=PLANE('',#12418);
#1102=PLANE('',#12421);
#1103=PLANE('',#12426);
#1104=PLANE('',#12428);
#1105=PLANE('',#12431);
#1106=PLANE('',#12432);
#1107=PLANE('',#12434);
#1108=PLANE('',#12437);
#1109=PLANE('',#12442);
#1110=PLANE('',#12444);
#1111=PLANE('',#12447);
#1112=PLANE('',#12448);
#1113=PLANE('',#12450);
#1114=PLANE('',#12453);
#1115=PLANE('',#12458);
#1116=PLANE('',#12459);
#1117=PLANE('',#12461);
#1118=PLANE('',#12464);
#1119=PLANE('',#12466);
#1120=PLANE('',#12469);
#1121=PLANE('',#12474);
#1122=PLANE('',#12475);
#1123=PLANE('',#12477);
#1124=PLANE('',#12480);
#1125=PLANE('',#12482);
#1126=PLANE('',#12485);
#1127=PLANE('',#12490);
#1128=PLANE('',#12491);
#1129=PLANE('',#12493);
#1130=PLANE('',#12496);
#1131=PLANE('',#12498);
#1132=PLANE('',#12501);
#1133=PLANE('',#12506);
#1134=PLANE('',#12507);
#1135=PLANE('',#12509);
#1136=PLANE('',#12512);
#1137=PLANE('',#12514);
#1138=PLANE('',#12517);
#1139=PLANE('',#12522);
#1140=PLANE('',#12523);
#1141=PLANE('',#12525);
#1142=PLANE('',#12528);
#1143=PLANE('',#12530);
#1144=PLANE('',#12533);
#1145=PLANE('',#12538);
#1146=PLANE('',#12539);
#1147=PLANE('',#12541);
#1148=PLANE('',#12544);
#1149=PLANE('',#12546);
#1150=PLANE('',#12549);
#1151=PLANE('',#12554);
#1152=PLANE('',#12555);
#1153=PLANE('',#12557);
#1154=PLANE('',#12560);
#1155=PLANE('',#12562);
#1156=PLANE('',#12565);
#1157=PLANE('',#12570);
#1158=PLANE('',#12571);
#1159=PLANE('',#12573);
#1160=PLANE('',#12576);
#1161=PLANE('',#12578);
#1162=PLANE('',#12581);
#1163=PLANE('',#12586);
#1164=PLANE('',#12587);
#1165=PLANE('',#12589);
#1166=PLANE('',#12592);
#1167=PLANE('',#12594);
#1168=PLANE('',#12597);
#1169=PLANE('',#12602);
#1170=PLANE('',#12603);
#1171=PLANE('',#12605);
#1172=PLANE('',#12608);
#1173=PLANE('',#12610);
#1174=PLANE('',#12613);
#1175=PLANE('',#12618);
#1176=PLANE('',#12619);
#1177=PLANE('',#12621);
#1178=PLANE('',#12624);
#1179=PLANE('',#12626);
#1180=PLANE('',#12629);
#1181=PLANE('',#12634);
#1182=PLANE('',#12635);
#1183=PLANE('',#12637);
#1184=PLANE('',#12640);
#1185=PLANE('',#12642);
#1186=PLANE('',#12645);
#1187=PLANE('',#12650);
#1188=PLANE('',#12651);
#1189=PLANE('',#12653);
#1190=PLANE('',#12656);
#1191=PLANE('',#12658);
#1192=PLANE('',#12661);
#1193=PLANE('',#12666);
#1194=PLANE('',#12667);
#1195=PLANE('',#12669);
#1196=PLANE('',#12672);
#1197=PLANE('',#12674);
#1198=PLANE('',#12677);
#1199=PLANE('',#12682);
#1200=PLANE('',#12683);
#1201=PLANE('',#12685);
#1202=PLANE('',#12688);
#1203=FACE_OUTER_BOUND('',#1894,.T.);
#1204=FACE_OUTER_BOUND('',#1895,.T.);
#1205=FACE_OUTER_BOUND('',#1896,.T.);
#1206=FACE_OUTER_BOUND('',#1897,.T.);
#1207=FACE_OUTER_BOUND('',#1939,.T.);
#1208=FACE_OUTER_BOUND('',#1940,.T.);
#1209=FACE_OUTER_BOUND('',#1941,.T.);
#1210=FACE_OUTER_BOUND('',#1942,.T.);
#1211=FACE_OUTER_BOUND('',#1943,.T.);
#1212=FACE_OUTER_BOUND('',#1944,.T.);
#1213=FACE_OUTER_BOUND('',#1945,.T.);
#1214=FACE_OUTER_BOUND('',#1946,.T.);
#1215=FACE_OUTER_BOUND('',#1947,.T.);
#1216=FACE_OUTER_BOUND('',#1948,.T.);
#1217=FACE_OUTER_BOUND('',#1949,.T.);
#1218=FACE_OUTER_BOUND('',#1950,.T.);
#1219=FACE_OUTER_BOUND('',#1951,.T.);
#1220=FACE_OUTER_BOUND('',#1952,.T.);
#1221=FACE_OUTER_BOUND('',#1953,.T.);
#1222=FACE_OUTER_BOUND('',#1954,.T.);
#1223=FACE_OUTER_BOUND('',#1955,.T.);
#1224=FACE_OUTER_BOUND('',#1956,.T.);
#1225=FACE_OUTER_BOUND('',#1957,.T.);
#1226=FACE_OUTER_BOUND('',#1958,.T.);
#1227=FACE_OUTER_BOUND('',#1959,.T.);
#1228=FACE_OUTER_BOUND('',#1960,.T.);
#1229=FACE_OUTER_BOUND('',#1961,.T.);
#1230=FACE_OUTER_BOUND('',#1967,.T.);
#1231=FACE_OUTER_BOUND('',#1968,.T.);
#1232=FACE_OUTER_BOUND('',#1969,.T.);
#1233=FACE_OUTER_BOUND('',#1970,.T.);
#1234=FACE_OUTER_BOUND('',#1971,.T.);
#1235=FACE_OUTER_BOUND('',#1972,.T.);
#1236=FACE_OUTER_BOUND('',#1973,.T.);
#1237=FACE_OUTER_BOUND('',#1974,.T.);
#1238=FACE_OUTER_BOUND('',#1975,.T.);
#1239=FACE_OUTER_BOUND('',#1976,.T.);
#1240=FACE_OUTER_BOUND('',#1977,.T.);
#1241=FACE_OUTER_BOUND('',#1978,.T.);
#1242=FACE_OUTER_BOUND('',#2024,.T.);
#1243=FACE_OUTER_BOUND('',#2025,.T.);
#1244=FACE_OUTER_BOUND('',#2026,.T.);
#1245=FACE_OUTER_BOUND('',#2027,.T.);
#1246=FACE_OUTER_BOUND('',#2028,.T.);
#1247=FACE_OUTER_BOUND('',#2029,.T.);
#1248=FACE_OUTER_BOUND('',#2030,.T.);
#1249=FACE_OUTER_BOUND('',#2031,.T.);
#1250=FACE_OUTER_BOUND('',#2032,.T.);
#1251=FACE_OUTER_BOUND('',#2033,.T.);
#1252=FACE_OUTER_BOUND('',#2034,.T.);
#1253=FACE_OUTER_BOUND('',#2035,.T.);
#1254=FACE_OUTER_BOUND('',#2036,.T.);
#1255=FACE_OUTER_BOUND('',#2037,.T.);
#1256=FACE_OUTER_BOUND('',#2038,.T.);
#1257=FACE_OUTER_BOUND('',#2039,.T.);
#1258=FACE_OUTER_BOUND('',#2040,.T.);
#1259=FACE_OUTER_BOUND('',#2041,.T.);
#1260=FACE_OUTER_BOUND('',#2042,.T.);
#1261=FACE_OUTER_BOUND('',#2043,.T.);
#1262=FACE_OUTER_BOUND('',#2044,.T.);
#1263=FACE_OUTER_BOUND('',#2045,.T.);
#1264=FACE_OUTER_BOUND('',#2046,.T.);
#1265=FACE_OUTER_BOUND('',#2047,.T.);
#1266=FACE_OUTER_BOUND('',#2048,.T.);
#1267=FACE_OUTER_BOUND('',#2049,.T.);
#1268=FACE_OUTER_BOUND('',#2050,.T.);
#1269=FACE_OUTER_BOUND('',#2051,.T.);
#1270=FACE_OUTER_BOUND('',#2052,.T.);
#1271=FACE_OUTER_BOUND('',#2053,.T.);
#1272=FACE_OUTER_BOUND('',#2054,.T.);
#1273=FACE_OUTER_BOUND('',#2055,.T.);
#1274=FACE_OUTER_BOUND('',#2056,.T.);
#1275=FACE_OUTER_BOUND('',#2057,.T.);
#1276=FACE_OUTER_BOUND('',#2058,.T.);
#1277=FACE_OUTER_BOUND('',#2059,.T.);
#1278=FACE_OUTER_BOUND('',#2060,.T.);
#1279=FACE_OUTER_BOUND('',#2061,.T.);
#1280=FACE_OUTER_BOUND('',#2062,.T.);
#1281=FACE_OUTER_BOUND('',#2063,.T.);
#1282=FACE_OUTER_BOUND('',#2064,.T.);
#1283=FACE_OUTER_BOUND('',#2065,.T.);
#1284=FACE_OUTER_BOUND('',#2066,.T.);
#1285=FACE_OUTER_BOUND('',#2067,.T.);
#1286=FACE_OUTER_BOUND('',#2068,.T.);
#1287=FACE_OUTER_BOUND('',#2069,.T.);
#1288=FACE_OUTER_BOUND('',#2070,.T.);
#1289=FACE_OUTER_BOUND('',#2071,.T.);
#1290=FACE_OUTER_BOUND('',#2072,.T.);
#1291=FACE_OUTER_BOUND('',#2073,.T.);
#1292=FACE_OUTER_BOUND('',#2074,.T.);
#1293=FACE_OUTER_BOUND('',#2075,.T.);
#1294=FACE_OUTER_BOUND('',#2076,.T.);
#1295=FACE_OUTER_BOUND('',#2077,.T.);
#1296=FACE_OUTER_BOUND('',#2078,.T.);
#1297=FACE_OUTER_BOUND('',#2079,.T.);
#1298=FACE_OUTER_BOUND('',#2080,.T.);
#1299=FACE_OUTER_BOUND('',#2081,.T.);
#1300=FACE_OUTER_BOUND('',#2082,.T.);
#1301=FACE_OUTER_BOUND('',#2083,.T.);
#1302=FACE_OUTER_BOUND('',#2084,.T.);
#1303=FACE_OUTER_BOUND('',#2085,.T.);
#1304=FACE_OUTER_BOUND('',#2086,.T.);
#1305=FACE_OUTER_BOUND('',#2087,.T.);
#1306=FACE_OUTER_BOUND('',#2088,.T.);
#1307=FACE_OUTER_BOUND('',#2089,.T.);
#1308=FACE_OUTER_BOUND('',#2090,.T.);
#1309=FACE_OUTER_BOUND('',#2091,.T.);
#1310=FACE_OUTER_BOUND('',#2092,.T.);
#1311=FACE_OUTER_BOUND('',#2093,.T.);
#1312=FACE_OUTER_BOUND('',#2094,.T.);
#1313=FACE_OUTER_BOUND('',#2095,.T.);
#1314=FACE_OUTER_BOUND('',#2096,.T.);
#1315=FACE_OUTER_BOUND('',#2097,.T.);
#1316=FACE_OUTER_BOUND('',#2098,.T.);
#1317=FACE_OUTER_BOUND('',#2099,.T.);
#1318=FACE_OUTER_BOUND('',#2100,.T.);
#1319=FACE_OUTER_BOUND('',#2101,.T.);
#1320=FACE_OUTER_BOUND('',#2102,.T.);
#1321=FACE_OUTER_BOUND('',#2103,.T.);
#1322=FACE_OUTER_BOUND('',#2104,.T.);
#1323=FACE_OUTER_BOUND('',#2105,.T.);
#1324=FACE_OUTER_BOUND('',#2106,.T.);
#1325=FACE_OUTER_BOUND('',#2107,.T.);
#1326=FACE_OUTER_BOUND('',#2108,.T.);
#1327=FACE_OUTER_BOUND('',#2109,.T.);
#1328=FACE_OUTER_BOUND('',#2110,.T.);
#1329=FACE_OUTER_BOUND('',#2111,.T.);
#1330=FACE_OUTER_BOUND('',#2112,.T.);
#1331=FACE_OUTER_BOUND('',#2113,.T.);
#1332=FACE_OUTER_BOUND('',#2114,.T.);
#1333=FACE_OUTER_BOUND('',#2115,.T.);
#1334=FACE_OUTER_BOUND('',#2116,.T.);
#1335=FACE_OUTER_BOUND('',#2117,.T.);
#1336=FACE_OUTER_BOUND('',#2118,.T.);
#1337=FACE_OUTER_BOUND('',#2119,.T.);
#1338=FACE_OUTER_BOUND('',#2120,.T.);
#1339=FACE_OUTER_BOUND('',#2121,.T.);
#1340=FACE_OUTER_BOUND('',#2122,.T.);
#1341=FACE_OUTER_BOUND('',#2123,.T.);
#1342=FACE_OUTER_BOUND('',#2124,.T.);
#1343=FACE_OUTER_BOUND('',#2125,.T.);
#1344=FACE_OUTER_BOUND('',#2126,.T.);
#1345=FACE_OUTER_BOUND('',#2127,.T.);
#1346=FACE_OUTER_BOUND('',#2128,.T.);
#1347=FACE_OUTER_BOUND('',#2129,.T.);
#1348=FACE_OUTER_BOUND('',#2130,.T.);
#1349=FACE_OUTER_BOUND('',#2131,.T.);
#1350=FACE_OUTER_BOUND('',#2132,.T.);
#1351=FACE_OUTER_BOUND('',#2133,.T.);
#1352=FACE_OUTER_BOUND('',#2134,.T.);
#1353=FACE_OUTER_BOUND('',#2135,.T.);
#1354=FACE_OUTER_BOUND('',#2136,.T.);
#1355=FACE_OUTER_BOUND('',#2137,.T.);
#1356=FACE_OUTER_BOUND('',#2138,.T.);
#1357=FACE_OUTER_BOUND('',#2139,.T.);
#1358=FACE_OUTER_BOUND('',#2140,.T.);
#1359=FACE_OUTER_BOUND('',#2141,.T.);
#1360=FACE_OUTER_BOUND('',#2142,.T.);
#1361=FACE_OUTER_BOUND('',#2143,.T.);
#1362=FACE_OUTER_BOUND('',#2144,.T.);
#1363=FACE_OUTER_BOUND('',#2145,.T.);
#1364=FACE_OUTER_BOUND('',#2146,.T.);
#1365=FACE_OUTER_BOUND('',#2147,.T.);
#1366=FACE_OUTER_BOUND('',#2148,.T.);
#1367=FACE_OUTER_BOUND('',#2149,.T.);
#1368=FACE_OUTER_BOUND('',#2150,.T.);
#1369=FACE_OUTER_BOUND('',#2151,.T.);
#1370=FACE_OUTER_BOUND('',#2152,.T.);
#1371=FACE_OUTER_BOUND('',#2153,.T.);
#1372=FACE_OUTER_BOUND('',#2154,.T.);
#1373=FACE_OUTER_BOUND('',#2155,.T.);
#1374=FACE_OUTER_BOUND('',#2156,.T.);
#1375=FACE_OUTER_BOUND('',#2157,.T.);
#1376=FACE_OUTER_BOUND('',#2158,.T.);
#1377=FACE_OUTER_BOUND('',#2159,.T.);
#1378=FACE_OUTER_BOUND('',#2160,.T.);
#1379=FACE_OUTER_BOUND('',#2161,.T.);
#1380=FACE_OUTER_BOUND('',#2162,.T.);
#1381=FACE_OUTER_BOUND('',#2163,.T.);
#1382=FACE_OUTER_BOUND('',#2164,.T.);
#1383=FACE_OUTER_BOUND('',#2165,.T.);
#1384=FACE_OUTER_BOUND('',#2166,.T.);
#1385=FACE_OUTER_BOUND('',#2167,.T.);
#1386=FACE_OUTER_BOUND('',#2168,.T.);
#1387=FACE_OUTER_BOUND('',#2169,.T.);
#1388=FACE_OUTER_BOUND('',#2170,.T.);
#1389=FACE_OUTER_BOUND('',#2171,.T.);
#1390=FACE_OUTER_BOUND('',#2172,.T.);
#1391=FACE_OUTER_BOUND('',#2173,.T.);
#1392=FACE_OUTER_BOUND('',#2174,.T.);
#1393=FACE_OUTER_BOUND('',#2175,.T.);
#1394=FACE_OUTER_BOUND('',#2176,.T.);
#1395=FACE_OUTER_BOUND('',#2177,.T.);
#1396=FACE_OUTER_BOUND('',#2178,.T.);
#1397=FACE_OUTER_BOUND('',#2179,.T.);
#1398=FACE_OUTER_BOUND('',#2180,.T.);
#1399=FACE_OUTER_BOUND('',#2181,.T.);
#1400=FACE_OUTER_BOUND('',#2182,.T.);
#1401=FACE_OUTER_BOUND('',#2183,.T.);
#1402=FACE_OUTER_BOUND('',#2184,.T.);
#1403=FACE_OUTER_BOUND('',#2185,.T.);
#1404=FACE_OUTER_BOUND('',#2186,.T.);
#1405=FACE_OUTER_BOUND('',#2187,.T.);
#1406=FACE_OUTER_BOUND('',#2188,.T.);
#1407=FACE_OUTER_BOUND('',#2189,.T.);
#1408=FACE_OUTER_BOUND('',#2190,.T.);
#1409=FACE_OUTER_BOUND('',#2191,.T.);
#1410=FACE_OUTER_BOUND('',#2192,.T.);
#1411=FACE_OUTER_BOUND('',#2193,.T.);
#1412=FACE_OUTER_BOUND('',#2194,.T.);
#1413=FACE_OUTER_BOUND('',#2195,.T.);
#1414=FACE_OUTER_BOUND('',#2196,.T.);
#1415=FACE_OUTER_BOUND('',#2197,.T.);
#1416=FACE_OUTER_BOUND('',#2198,.T.);
#1417=FACE_OUTER_BOUND('',#2199,.T.);
#1418=FACE_OUTER_BOUND('',#2200,.T.);
#1419=FACE_OUTER_BOUND('',#2201,.T.);
#1420=FACE_OUTER_BOUND('',#2202,.T.);
#1421=FACE_OUTER_BOUND('',#2203,.T.);
#1422=FACE_OUTER_BOUND('',#2204,.T.);
#1423=FACE_OUTER_BOUND('',#2205,.T.);
#1424=FACE_OUTER_BOUND('',#2206,.T.);
#1425=FACE_OUTER_BOUND('',#2207,.T.);
#1426=FACE_OUTER_BOUND('',#2208,.T.);
#1427=FACE_OUTER_BOUND('',#2209,.T.);
#1428=FACE_OUTER_BOUND('',#2210,.T.);
#1429=FACE_OUTER_BOUND('',#2211,.T.);
#1430=FACE_OUTER_BOUND('',#2212,.T.);
#1431=FACE_OUTER_BOUND('',#2213,.T.);
#1432=FACE_OUTER_BOUND('',#2214,.T.);
#1433=FACE_OUTER_BOUND('',#2215,.T.);
#1434=FACE_OUTER_BOUND('',#2216,.T.);
#1435=FACE_OUTER_BOUND('',#2217,.T.);
#1436=FACE_OUTER_BOUND('',#2218,.T.);
#1437=FACE_OUTER_BOUND('',#2219,.T.);
#1438=FACE_OUTER_BOUND('',#2220,.T.);
#1439=FACE_OUTER_BOUND('',#2221,.T.);
#1440=FACE_OUTER_BOUND('',#2222,.T.);
#1441=FACE_OUTER_BOUND('',#2223,.T.);
#1442=FACE_OUTER_BOUND('',#2224,.T.);
#1443=FACE_OUTER_BOUND('',#2225,.T.);
#1444=FACE_OUTER_BOUND('',#2226,.T.);
#1445=FACE_OUTER_BOUND('',#2227,.T.);
#1446=FACE_OUTER_BOUND('',#2228,.T.);
#1447=FACE_OUTER_BOUND('',#2229,.T.);
#1448=FACE_OUTER_BOUND('',#2230,.T.);
#1449=FACE_OUTER_BOUND('',#2231,.T.);
#1450=FACE_OUTER_BOUND('',#2232,.T.);
#1451=FACE_OUTER_BOUND('',#2233,.T.);
#1452=FACE_OUTER_BOUND('',#2234,.T.);
#1453=FACE_OUTER_BOUND('',#2235,.T.);
#1454=FACE_OUTER_BOUND('',#2236,.T.);
#1455=FACE_OUTER_BOUND('',#2237,.T.);
#1456=FACE_OUTER_BOUND('',#2238,.T.);
#1457=FACE_OUTER_BOUND('',#2239,.T.);
#1458=FACE_OUTER_BOUND('',#2240,.T.);
#1459=FACE_OUTER_BOUND('',#2241,.T.);
#1460=FACE_OUTER_BOUND('',#2242,.T.);
#1461=FACE_OUTER_BOUND('',#2243,.T.);
#1462=FACE_OUTER_BOUND('',#2244,.T.);
#1463=FACE_OUTER_BOUND('',#2245,.T.);
#1464=FACE_OUTER_BOUND('',#2246,.T.);
#1465=FACE_OUTER_BOUND('',#2247,.T.);
#1466=FACE_OUTER_BOUND('',#2248,.T.);
#1467=FACE_OUTER_BOUND('',#2249,.T.);
#1468=FACE_OUTER_BOUND('',#2250,.T.);
#1469=FACE_OUTER_BOUND('',#2251,.T.);
#1470=FACE_OUTER_BOUND('',#2252,.T.);
#1471=FACE_OUTER_BOUND('',#2253,.T.);
#1472=FACE_OUTER_BOUND('',#2254,.T.);
#1473=FACE_OUTER_BOUND('',#2255,.T.);
#1474=FACE_OUTER_BOUND('',#2256,.T.);
#1475=FACE_OUTER_BOUND('',#2257,.T.);
#1476=FACE_OUTER_BOUND('',#2258,.T.);
#1477=FACE_OUTER_BOUND('',#2259,.T.);
#1478=FACE_OUTER_BOUND('',#2260,.T.);
#1479=FACE_OUTER_BOUND('',#2261,.T.);
#1480=FACE_OUTER_BOUND('',#2262,.T.);
#1481=FACE_OUTER_BOUND('',#2263,.T.);
#1482=FACE_OUTER_BOUND('',#2264,.T.);
#1483=FACE_OUTER_BOUND('',#2265,.T.);
#1484=FACE_OUTER_BOUND('',#2266,.T.);
#1485=FACE_OUTER_BOUND('',#2267,.T.);
#1486=FACE_OUTER_BOUND('',#2268,.T.);
#1487=FACE_OUTER_BOUND('',#2269,.T.);
#1488=FACE_OUTER_BOUND('',#2270,.T.);
#1489=FACE_OUTER_BOUND('',#2271,.T.);
#1490=FACE_OUTER_BOUND('',#2272,.T.);
#1491=FACE_OUTER_BOUND('',#2273,.T.);
#1492=FACE_OUTER_BOUND('',#2274,.T.);
#1493=FACE_OUTER_BOUND('',#2275,.T.);
#1494=FACE_OUTER_BOUND('',#2276,.T.);
#1495=FACE_OUTER_BOUND('',#2277,.T.);
#1496=FACE_OUTER_BOUND('',#2278,.T.);
#1497=FACE_OUTER_BOUND('',#2279,.T.);
#1498=FACE_OUTER_BOUND('',#2280,.T.);
#1499=FACE_OUTER_BOUND('',#2281,.T.);
#1500=FACE_OUTER_BOUND('',#2282,.T.);
#1501=FACE_OUTER_BOUND('',#2283,.T.);
#1502=FACE_OUTER_BOUND('',#2284,.T.);
#1503=FACE_OUTER_BOUND('',#2285,.T.);
#1504=FACE_OUTER_BOUND('',#2286,.T.);
#1505=FACE_OUTER_BOUND('',#2287,.T.);
#1506=FACE_OUTER_BOUND('',#2288,.T.);
#1507=FACE_OUTER_BOUND('',#2289,.T.);
#1508=FACE_OUTER_BOUND('',#2290,.T.);
#1509=FACE_OUTER_BOUND('',#2291,.T.);
#1510=FACE_OUTER_BOUND('',#2292,.T.);
#1511=FACE_OUTER_BOUND('',#2293,.T.);
#1512=FACE_OUTER_BOUND('',#2294,.T.);
#1513=FACE_OUTER_BOUND('',#2295,.T.);
#1514=FACE_OUTER_BOUND('',#2296,.T.);
#1515=FACE_OUTER_BOUND('',#2297,.T.);
#1516=FACE_OUTER_BOUND('',#2298,.T.);
#1517=FACE_OUTER_BOUND('',#2299,.T.);
#1518=FACE_OUTER_BOUND('',#2300,.T.);
#1519=FACE_OUTER_BOUND('',#2301,.T.);
#1520=FACE_OUTER_BOUND('',#2302,.T.);
#1521=FACE_OUTER_BOUND('',#2303,.T.);
#1522=FACE_OUTER_BOUND('',#2304,.T.);
#1523=FACE_OUTER_BOUND('',#2305,.T.);
#1524=FACE_OUTER_BOUND('',#2306,.T.);
#1525=FACE_OUTER_BOUND('',#2307,.T.);
#1526=FACE_OUTER_BOUND('',#2308,.T.);
#1527=FACE_OUTER_BOUND('',#2309,.T.);
#1528=FACE_OUTER_BOUND('',#2310,.T.);
#1529=FACE_OUTER_BOUND('',#2311,.T.);
#1530=FACE_OUTER_BOUND('',#2312,.T.);
#1531=FACE_OUTER_BOUND('',#2313,.T.);
#1532=FACE_OUTER_BOUND('',#2314,.T.);
#1533=FACE_OUTER_BOUND('',#2315,.T.);
#1534=FACE_OUTER_BOUND('',#2316,.T.);
#1535=FACE_OUTER_BOUND('',#2317,.T.);
#1536=FACE_OUTER_BOUND('',#2318,.T.);
#1537=FACE_OUTER_BOUND('',#2319,.T.);
#1538=FACE_OUTER_BOUND('',#2320,.T.);
#1539=FACE_OUTER_BOUND('',#2321,.T.);
#1540=FACE_OUTER_BOUND('',#2322,.T.);
#1541=FACE_OUTER_BOUND('',#2323,.T.);
#1542=FACE_OUTER_BOUND('',#2324,.T.);
#1543=FACE_OUTER_BOUND('',#2325,.T.);
#1544=FACE_OUTER_BOUND('',#2326,.T.);
#1545=FACE_OUTER_BOUND('',#2327,.T.);
#1546=FACE_OUTER_BOUND('',#2328,.T.);
#1547=FACE_OUTER_BOUND('',#2329,.T.);
#1548=FACE_OUTER_BOUND('',#2330,.T.);
#1549=FACE_OUTER_BOUND('',#2331,.T.);
#1550=FACE_OUTER_BOUND('',#2332,.T.);
#1551=FACE_OUTER_BOUND('',#2333,.T.);
#1552=FACE_OUTER_BOUND('',#2334,.T.);
#1553=FACE_OUTER_BOUND('',#2335,.T.);
#1554=FACE_OUTER_BOUND('',#2336,.T.);
#1555=FACE_OUTER_BOUND('',#2337,.T.);
#1556=FACE_OUTER_BOUND('',#2338,.T.);
#1557=FACE_OUTER_BOUND('',#2339,.T.);
#1558=FACE_OUTER_BOUND('',#2340,.T.);
#1559=FACE_OUTER_BOUND('',#2341,.T.);
#1560=FACE_OUTER_BOUND('',#2342,.T.);
#1561=FACE_OUTER_BOUND('',#2343,.T.);
#1562=FACE_OUTER_BOUND('',#2344,.T.);
#1563=FACE_OUTER_BOUND('',#2345,.T.);
#1564=FACE_OUTER_BOUND('',#2346,.T.);
#1565=FACE_OUTER_BOUND('',#2347,.T.);
#1566=FACE_OUTER_BOUND('',#2348,.T.);
#1567=FACE_OUTER_BOUND('',#2349,.T.);
#1568=FACE_OUTER_BOUND('',#2350,.T.);
#1569=FACE_OUTER_BOUND('',#2351,.T.);
#1570=FACE_OUTER_BOUND('',#2352,.T.);
#1571=FACE_OUTER_BOUND('',#2353,.T.);
#1572=FACE_OUTER_BOUND('',#2354,.T.);
#1573=FACE_OUTER_BOUND('',#2355,.T.);
#1574=FACE_OUTER_BOUND('',#2356,.T.);
#1575=FACE_OUTER_BOUND('',#2357,.T.);
#1576=FACE_OUTER_BOUND('',#2358,.T.);
#1577=FACE_OUTER_BOUND('',#2359,.T.);
#1578=FACE_OUTER_BOUND('',#2360,.T.);
#1579=FACE_OUTER_BOUND('',#2361,.T.);
#1580=FACE_OUTER_BOUND('',#2362,.T.);
#1581=FACE_OUTER_BOUND('',#2363,.T.);
#1582=FACE_OUTER_BOUND('',#2364,.T.);
#1583=FACE_OUTER_BOUND('',#2365,.T.);
#1584=FACE_OUTER_BOUND('',#2366,.T.);
#1585=FACE_OUTER_BOUND('',#2367,.T.);
#1586=FACE_OUTER_BOUND('',#2368,.T.);
#1587=FACE_OUTER_BOUND('',#2369,.T.);
#1588=FACE_OUTER_BOUND('',#2370,.T.);
#1589=FACE_OUTER_BOUND('',#2371,.T.);
#1590=FACE_OUTER_BOUND('',#2372,.T.);
#1591=FACE_OUTER_BOUND('',#2373,.T.);
#1592=FACE_OUTER_BOUND('',#2374,.T.);
#1593=FACE_OUTER_BOUND('',#2375,.T.);
#1594=FACE_OUTER_BOUND('',#2376,.T.);
#1595=FACE_OUTER_BOUND('',#2377,.T.);
#1596=FACE_OUTER_BOUND('',#2378,.T.);
#1597=FACE_OUTER_BOUND('',#2379,.T.);
#1598=FACE_OUTER_BOUND('',#2380,.T.);
#1599=FACE_OUTER_BOUND('',#2381,.T.);
#1600=FACE_OUTER_BOUND('',#2382,.T.);
#1601=FACE_OUTER_BOUND('',#2383,.T.);
#1602=FACE_OUTER_BOUND('',#2384,.T.);
#1603=FACE_OUTER_BOUND('',#2385,.T.);
#1604=FACE_OUTER_BOUND('',#2386,.T.);
#1605=FACE_OUTER_BOUND('',#2387,.T.);
#1606=FACE_OUTER_BOUND('',#2388,.T.);
#1607=FACE_OUTER_BOUND('',#2389,.T.);
#1608=FACE_OUTER_BOUND('',#2390,.T.);
#1609=FACE_OUTER_BOUND('',#2391,.T.);
#1610=FACE_OUTER_BOUND('',#2392,.T.);
#1611=FACE_OUTER_BOUND('',#2393,.T.);
#1612=FACE_OUTER_BOUND('',#2394,.T.);
#1613=FACE_OUTER_BOUND('',#2395,.T.);
#1614=FACE_OUTER_BOUND('',#2396,.T.);
#1615=FACE_OUTER_BOUND('',#2397,.T.);
#1616=FACE_OUTER_BOUND('',#2398,.T.);
#1617=FACE_OUTER_BOUND('',#2399,.T.);
#1618=FACE_OUTER_BOUND('',#2400,.T.);
#1619=FACE_OUTER_BOUND('',#2401,.T.);
#1620=FACE_OUTER_BOUND('',#2402,.T.);
#1621=FACE_OUTER_BOUND('',#2403,.T.);
#1622=FACE_OUTER_BOUND('',#2404,.T.);
#1623=FACE_OUTER_BOUND('',#2405,.T.);
#1624=FACE_OUTER_BOUND('',#2406,.T.);
#1625=FACE_OUTER_BOUND('',#2407,.T.);
#1626=FACE_OUTER_BOUND('',#2408,.T.);
#1627=FACE_OUTER_BOUND('',#2409,.T.);
#1628=FACE_OUTER_BOUND('',#2410,.T.);
#1629=FACE_OUTER_BOUND('',#2411,.T.);
#1630=FACE_OUTER_BOUND('',#2412,.T.);
#1631=FACE_OUTER_BOUND('',#2413,.T.);
#1632=FACE_OUTER_BOUND('',#2414,.T.);
#1633=FACE_OUTER_BOUND('',#2415,.T.);
#1634=FACE_OUTER_BOUND('',#2416,.T.);
#1635=FACE_OUTER_BOUND('',#2417,.T.);
#1636=FACE_OUTER_BOUND('',#2418,.T.);
#1637=FACE_OUTER_BOUND('',#2419,.T.);
#1638=FACE_OUTER_BOUND('',#2420,.T.);
#1639=FACE_OUTER_BOUND('',#2421,.T.);
#1640=FACE_OUTER_BOUND('',#2422,.T.);
#1641=FACE_OUTER_BOUND('',#2423,.T.);
#1642=FACE_OUTER_BOUND('',#2424,.T.);
#1643=FACE_OUTER_BOUND('',#2425,.T.);
#1644=FACE_OUTER_BOUND('',#2426,.T.);
#1645=FACE_OUTER_BOUND('',#2427,.T.);
#1646=FACE_OUTER_BOUND('',#2428,.T.);
#1647=FACE_OUTER_BOUND('',#2429,.T.);
#1648=FACE_OUTER_BOUND('',#2430,.T.);
#1649=FACE_OUTER_BOUND('',#2431,.T.);
#1650=FACE_OUTER_BOUND('',#2432,.T.);
#1651=FACE_OUTER_BOUND('',#2433,.T.);
#1652=FACE_OUTER_BOUND('',#2434,.T.);
#1653=FACE_OUTER_BOUND('',#2435,.T.);
#1654=FACE_OUTER_BOUND('',#2436,.T.);
#1655=FACE_OUTER_BOUND('',#2437,.T.);
#1656=FACE_OUTER_BOUND('',#2438,.T.);
#1657=FACE_OUTER_BOUND('',#2439,.T.);
#1658=FACE_OUTER_BOUND('',#2440,.T.);
#1659=FACE_OUTER_BOUND('',#2441,.T.);
#1660=FACE_OUTER_BOUND('',#2442,.T.);
#1661=FACE_OUTER_BOUND('',#2443,.T.);
#1662=FACE_OUTER_BOUND('',#2444,.T.);
#1663=FACE_OUTER_BOUND('',#2445,.T.);
#1664=FACE_OUTER_BOUND('',#2446,.T.);
#1665=FACE_OUTER_BOUND('',#2447,.T.);
#1666=FACE_OUTER_BOUND('',#2448,.T.);
#1667=FACE_OUTER_BOUND('',#2449,.T.);
#1668=FACE_OUTER_BOUND('',#2450,.T.);
#1669=FACE_OUTER_BOUND('',#2451,.T.);
#1670=FACE_OUTER_BOUND('',#2452,.T.);
#1671=FACE_OUTER_BOUND('',#2453,.T.);
#1672=FACE_OUTER_BOUND('',#2454,.T.);
#1673=FACE_OUTER_BOUND('',#2455,.T.);
#1674=FACE_OUTER_BOUND('',#2456,.T.);
#1675=FACE_OUTER_BOUND('',#2457,.T.);
#1676=FACE_OUTER_BOUND('',#2458,.T.);
#1677=FACE_OUTER_BOUND('',#2459,.T.);
#1678=FACE_OUTER_BOUND('',#2460,.T.);
#1679=FACE_OUTER_BOUND('',#2461,.T.);
#1680=FACE_OUTER_BOUND('',#2462,.T.);
#1681=FACE_OUTER_BOUND('',#2463,.T.);
#1682=FACE_OUTER_BOUND('',#2464,.T.);
#1683=FACE_OUTER_BOUND('',#2465,.T.);
#1684=FACE_OUTER_BOUND('',#2466,.T.);
#1685=FACE_OUTER_BOUND('',#2467,.T.);
#1686=FACE_OUTER_BOUND('',#2468,.T.);
#1687=FACE_OUTER_BOUND('',#2469,.T.);
#1688=FACE_OUTER_BOUND('',#2470,.T.);
#1689=FACE_OUTER_BOUND('',#2471,.T.);
#1690=FACE_OUTER_BOUND('',#2472,.T.);
#1691=FACE_OUTER_BOUND('',#2473,.T.);
#1692=FACE_OUTER_BOUND('',#2474,.T.);
#1693=FACE_OUTER_BOUND('',#2475,.T.);
#1694=FACE_OUTER_BOUND('',#2476,.T.);
#1695=FACE_OUTER_BOUND('',#2477,.T.);
#1696=FACE_OUTER_BOUND('',#2478,.T.);
#1697=FACE_OUTER_BOUND('',#2479,.T.);
#1698=FACE_OUTER_BOUND('',#2480,.T.);
#1699=FACE_OUTER_BOUND('',#2481,.T.);
#1700=FACE_OUTER_BOUND('',#2482,.T.);
#1701=FACE_OUTER_BOUND('',#2483,.T.);
#1702=FACE_OUTER_BOUND('',#2484,.T.);
#1703=FACE_OUTER_BOUND('',#2485,.T.);
#1704=FACE_OUTER_BOUND('',#2486,.T.);
#1705=FACE_OUTER_BOUND('',#2487,.T.);
#1706=FACE_OUTER_BOUND('',#2488,.T.);
#1707=FACE_OUTER_BOUND('',#2489,.T.);
#1708=FACE_OUTER_BOUND('',#2490,.T.);
#1709=FACE_OUTER_BOUND('',#2491,.T.);
#1710=FACE_OUTER_BOUND('',#2492,.T.);
#1711=FACE_OUTER_BOUND('',#2493,.T.);
#1712=FACE_OUTER_BOUND('',#2494,.T.);
#1713=FACE_OUTER_BOUND('',#2495,.T.);
#1714=FACE_OUTER_BOUND('',#2496,.T.);
#1715=FACE_OUTER_BOUND('',#2497,.T.);
#1716=FACE_OUTER_BOUND('',#2498,.T.);
#1717=FACE_OUTER_BOUND('',#2499,.T.);
#1718=FACE_OUTER_BOUND('',#2500,.T.);
#1719=FACE_OUTER_BOUND('',#2501,.T.);
#1720=FACE_OUTER_BOUND('',#2502,.T.);
#1721=FACE_OUTER_BOUND('',#2503,.T.);
#1722=FACE_OUTER_BOUND('',#2504,.T.);
#1723=FACE_OUTER_BOUND('',#2505,.T.);
#1724=FACE_OUTER_BOUND('',#2506,.T.);
#1725=FACE_OUTER_BOUND('',#2507,.T.);
#1726=FACE_OUTER_BOUND('',#2508,.T.);
#1727=FACE_OUTER_BOUND('',#2509,.T.);
#1728=FACE_OUTER_BOUND('',#2510,.T.);
#1729=FACE_OUTER_BOUND('',#2511,.T.);
#1730=FACE_OUTER_BOUND('',#2512,.T.);
#1731=FACE_OUTER_BOUND('',#2513,.T.);
#1732=FACE_OUTER_BOUND('',#2514,.T.);
#1733=FACE_OUTER_BOUND('',#2515,.T.);
#1734=FACE_OUTER_BOUND('',#2516,.T.);
#1735=FACE_OUTER_BOUND('',#2517,.T.);
#1736=FACE_OUTER_BOUND('',#2518,.T.);
#1737=FACE_OUTER_BOUND('',#2519,.T.);
#1738=FACE_OUTER_BOUND('',#2520,.T.);
#1739=FACE_OUTER_BOUND('',#2521,.T.);
#1740=FACE_OUTER_BOUND('',#2522,.T.);
#1741=FACE_OUTER_BOUND('',#2523,.T.);
#1742=FACE_OUTER_BOUND('',#2524,.T.);
#1743=FACE_OUTER_BOUND('',#2525,.T.);
#1744=FACE_OUTER_BOUND('',#2526,.T.);
#1745=FACE_OUTER_BOUND('',#2527,.T.);
#1746=FACE_OUTER_BOUND('',#2528,.T.);
#1747=FACE_OUTER_BOUND('',#2529,.T.);
#1748=FACE_OUTER_BOUND('',#2530,.T.);
#1749=FACE_OUTER_BOUND('',#2531,.T.);
#1750=FACE_OUTER_BOUND('',#2532,.T.);
#1751=FACE_OUTER_BOUND('',#2533,.T.);
#1752=FACE_OUTER_BOUND('',#2534,.T.);
#1753=FACE_OUTER_BOUND('',#2535,.T.);
#1754=FACE_OUTER_BOUND('',#2536,.T.);
#1755=FACE_OUTER_BOUND('',#2537,.T.);
#1756=FACE_OUTER_BOUND('',#2538,.T.);
#1757=FACE_OUTER_BOUND('',#2539,.T.);
#1758=FACE_OUTER_BOUND('',#2540,.T.);
#1759=FACE_OUTER_BOUND('',#2541,.T.);
#1760=FACE_OUTER_BOUND('',#2542,.T.);
#1761=FACE_OUTER_BOUND('',#2543,.T.);
#1762=FACE_OUTER_BOUND('',#2544,.T.);
#1763=FACE_OUTER_BOUND('',#2545,.T.);
#1764=FACE_OUTER_BOUND('',#2546,.T.);
#1765=FACE_OUTER_BOUND('',#2547,.T.);
#1766=FACE_OUTER_BOUND('',#2548,.T.);
#1767=FACE_OUTER_BOUND('',#2549,.T.);
#1768=FACE_OUTER_BOUND('',#2550,.T.);
#1769=FACE_OUTER_BOUND('',#2551,.T.);
#1770=FACE_OUTER_BOUND('',#2552,.T.);
#1771=FACE_OUTER_BOUND('',#2553,.T.);
#1772=FACE_OUTER_BOUND('',#2554,.T.);
#1773=FACE_OUTER_BOUND('',#2555,.T.);
#1774=FACE_OUTER_BOUND('',#2556,.T.);
#1775=FACE_OUTER_BOUND('',#2557,.T.);
#1776=FACE_OUTER_BOUND('',#2558,.T.);
#1777=FACE_OUTER_BOUND('',#2559,.T.);
#1778=FACE_OUTER_BOUND('',#2560,.T.);
#1779=FACE_OUTER_BOUND('',#2561,.T.);
#1780=FACE_OUTER_BOUND('',#2562,.T.);
#1781=FACE_OUTER_BOUND('',#2563,.T.);
#1782=FACE_OUTER_BOUND('',#2564,.T.);
#1783=FACE_OUTER_BOUND('',#2565,.T.);
#1784=FACE_OUTER_BOUND('',#2566,.T.);
#1785=FACE_OUTER_BOUND('',#2567,.T.);
#1786=FACE_OUTER_BOUND('',#2568,.T.);
#1787=FACE_OUTER_BOUND('',#2569,.T.);
#1788=FACE_OUTER_BOUND('',#2570,.T.);
#1789=FACE_OUTER_BOUND('',#2571,.T.);
#1790=FACE_OUTER_BOUND('',#2572,.T.);
#1791=FACE_OUTER_BOUND('',#2573,.T.);
#1792=FACE_OUTER_BOUND('',#2574,.T.);
#1793=FACE_OUTER_BOUND('',#2575,.T.);
#1794=FACE_OUTER_BOUND('',#2576,.T.);
#1795=FACE_OUTER_BOUND('',#2577,.T.);
#1796=FACE_OUTER_BOUND('',#2578,.T.);
#1797=FACE_OUTER_BOUND('',#2579,.T.);
#1798=FACE_OUTER_BOUND('',#2580,.T.);
#1799=FACE_OUTER_BOUND('',#2581,.T.);
#1800=FACE_OUTER_BOUND('',#2582,.T.);
#1801=FACE_OUTER_BOUND('',#2583,.T.);
#1802=FACE_OUTER_BOUND('',#2584,.T.);
#1803=FACE_OUTER_BOUND('',#2585,.T.);
#1804=FACE_OUTER_BOUND('',#2586,.T.);
#1805=FACE_OUTER_BOUND('',#2587,.T.);
#1806=FACE_OUTER_BOUND('',#2588,.T.);
#1807=FACE_OUTER_BOUND('',#2589,.T.);
#1808=FACE_OUTER_BOUND('',#2590,.T.);
#1809=FACE_OUTER_BOUND('',#2591,.T.);
#1810=FACE_OUTER_BOUND('',#2592,.T.);
#1811=FACE_OUTER_BOUND('',#2593,.T.);
#1812=FACE_OUTER_BOUND('',#2594,.T.);
#1813=FACE_OUTER_BOUND('',#2595,.T.);
#1814=FACE_OUTER_BOUND('',#2596,.T.);
#1815=FACE_OUTER_BOUND('',#2597,.T.);
#1816=FACE_OUTER_BOUND('',#2598,.T.);
#1817=FACE_OUTER_BOUND('',#2599,.T.);
#1818=FACE_OUTER_BOUND('',#2600,.T.);
#1819=FACE_OUTER_BOUND('',#2601,.T.);
#1820=FACE_OUTER_BOUND('',#2602,.T.);
#1821=FACE_OUTER_BOUND('',#2603,.T.);
#1822=FACE_OUTER_BOUND('',#2604,.T.);
#1823=FACE_OUTER_BOUND('',#2605,.T.);
#1824=FACE_OUTER_BOUND('',#2606,.T.);
#1825=FACE_OUTER_BOUND('',#2607,.T.);
#1826=FACE_OUTER_BOUND('',#2608,.T.);
#1827=FACE_OUTER_BOUND('',#2609,.T.);
#1828=FACE_OUTER_BOUND('',#2610,.T.);
#1829=FACE_OUTER_BOUND('',#2611,.T.);
#1830=FACE_OUTER_BOUND('',#2612,.T.);
#1831=FACE_OUTER_BOUND('',#2613,.T.);
#1832=FACE_OUTER_BOUND('',#2614,.T.);
#1833=FACE_OUTER_BOUND('',#2615,.T.);
#1834=FACE_OUTER_BOUND('',#2616,.T.);
#1835=FACE_OUTER_BOUND('',#2617,.T.);
#1836=FACE_OUTER_BOUND('',#2618,.T.);
#1837=FACE_OUTER_BOUND('',#2619,.T.);
#1838=FACE_OUTER_BOUND('',#2620,.T.);
#1839=FACE_OUTER_BOUND('',#2621,.T.);
#1840=FACE_OUTER_BOUND('',#2622,.T.);
#1841=FACE_OUTER_BOUND('',#2623,.T.);
#1842=FACE_OUTER_BOUND('',#2624,.T.);
#1843=FACE_OUTER_BOUND('',#2625,.T.);
#1844=FACE_OUTER_BOUND('',#2626,.T.);
#1845=FACE_OUTER_BOUND('',#2627,.T.);
#1846=FACE_OUTER_BOUND('',#2628,.T.);
#1847=FACE_OUTER_BOUND('',#2629,.T.);
#1848=FACE_OUTER_BOUND('',#2630,.T.);
#1849=FACE_OUTER_BOUND('',#2631,.T.);
#1850=FACE_OUTER_BOUND('',#2632,.T.);
#1851=FACE_OUTER_BOUND('',#2633,.T.);
#1852=FACE_OUTER_BOUND('',#2634,.T.);
#1853=FACE_OUTER_BOUND('',#2635,.T.);
#1854=FACE_OUTER_BOUND('',#2636,.T.);
#1855=FACE_OUTER_BOUND('',#2637,.T.);
#1856=FACE_OUTER_BOUND('',#2638,.T.);
#1857=FACE_OUTER_BOUND('',#2639,.T.);
#1858=FACE_OUTER_BOUND('',#2640,.T.);
#1859=FACE_OUTER_BOUND('',#2641,.T.);
#1860=FACE_OUTER_BOUND('',#2642,.T.);
#1861=FACE_OUTER_BOUND('',#2643,.T.);
#1862=FACE_OUTER_BOUND('',#2644,.T.);
#1863=FACE_OUTER_BOUND('',#2645,.T.);
#1864=FACE_OUTER_BOUND('',#2646,.T.);
#1865=FACE_OUTER_BOUND('',#2647,.T.);
#1866=FACE_OUTER_BOUND('',#2648,.T.);
#1867=FACE_OUTER_BOUND('',#2649,.T.);
#1868=FACE_OUTER_BOUND('',#2650,.T.);
#1869=FACE_OUTER_BOUND('',#2651,.T.);
#1870=FACE_OUTER_BOUND('',#2652,.T.);
#1871=FACE_OUTER_BOUND('',#2653,.T.);
#1872=FACE_OUTER_BOUND('',#2654,.T.);
#1873=FACE_OUTER_BOUND('',#2655,.T.);
#1874=FACE_OUTER_BOUND('',#2656,.T.);
#1875=FACE_OUTER_BOUND('',#2657,.T.);
#1876=FACE_OUTER_BOUND('',#2658,.T.);
#1877=FACE_OUTER_BOUND('',#2659,.T.);
#1878=FACE_OUTER_BOUND('',#2660,.T.);
#1879=FACE_OUTER_BOUND('',#2661,.T.);
#1880=FACE_OUTER_BOUND('',#2662,.T.);
#1881=FACE_OUTER_BOUND('',#2663,.T.);
#1882=FACE_OUTER_BOUND('',#2664,.T.);
#1883=FACE_OUTER_BOUND('',#2665,.T.);
#1884=FACE_OUTER_BOUND('',#2666,.T.);
#1885=FACE_OUTER_BOUND('',#2667,.T.);
#1886=FACE_OUTER_BOUND('',#2668,.T.);
#1887=FACE_OUTER_BOUND('',#2669,.T.);
#1888=FACE_OUTER_BOUND('',#2670,.T.);
#1889=FACE_OUTER_BOUND('',#2671,.T.);
#1890=FACE_OUTER_BOUND('',#2672,.T.);
#1891=FACE_OUTER_BOUND('',#2673,.T.);
#1892=FACE_OUTER_BOUND('',#2674,.T.);
#1893=FACE_OUTER_BOUND('',#2675,.T.);
#1894=EDGE_LOOP('',(#7332,#7333,#7334,#7335));
#1895=EDGE_LOOP('',(#7336,#7337,#7338,#7339));
#1896=EDGE_LOOP('',(#7340,#7341,#7342,#7343));
#1897=EDGE_LOOP('',(#7344,#7345,#7346,#7347,#7348,#7349,#7350,#7351,#7352,
#7353,#7354,#7355,#7356,#7357,#7358,#7359,#7360,#7361,#7362,#7363,#7364,
#7365,#7366,#7367));
#1898=EDGE_LOOP('',(#7368,#7369,#7370,#7371));
#1899=EDGE_LOOP('',(#7372,#7373,#7374,#7375));
#1900=EDGE_LOOP('',(#7376,#7377,#7378,#7379));
#1901=EDGE_LOOP('',(#7380,#7381,#7382,#7383));
#1902=EDGE_LOOP('',(#7384,#7385,#7386,#7387));
#1903=EDGE_LOOP('',(#7388,#7389,#7390,#7391));
#1904=EDGE_LOOP('',(#7392,#7393,#7394,#7395));
#1905=EDGE_LOOP('',(#7396,#7397,#7398,#7399));
#1906=EDGE_LOOP('',(#7400,#7401,#7402,#7403));
#1907=EDGE_LOOP('',(#7404,#7405,#7406,#7407));
#1908=EDGE_LOOP('',(#7408,#7409,#7410,#7411));
#1909=EDGE_LOOP('',(#7412,#7413,#7414,#7415));
#1910=EDGE_LOOP('',(#7416,#7417,#7418,#7419));
#1911=EDGE_LOOP('',(#7420,#7421,#7422,#7423));
#1912=EDGE_LOOP('',(#7424,#7425,#7426,#7427));
#1913=EDGE_LOOP('',(#7428,#7429,#7430,#7431));
#1914=EDGE_LOOP('',(#7432,#7433,#7434,#7435));
#1915=EDGE_LOOP('',(#7436,#7437,#7438,#7439));
#1916=EDGE_LOOP('',(#7440,#7441,#7442,#7443));
#1917=EDGE_LOOP('',(#7444,#7445,#7446,#7447));
#1918=EDGE_LOOP('',(#7448,#7449,#7450,#7451));
#1919=EDGE_LOOP('',(#7452,#7453,#7454,#7455));
#1920=EDGE_LOOP('',(#7456,#7457,#7458,#7459));
#1921=EDGE_LOOP('',(#7460,#7461,#7462,#7463));
#1922=EDGE_LOOP('',(#7464,#7465,#7466,#7467));
#1923=EDGE_LOOP('',(#7468,#7469,#7470,#7471));
#1924=EDGE_LOOP('',(#7472,#7473,#7474,#7475));
#1925=EDGE_LOOP('',(#7476,#7477,#7478,#7479));
#1926=EDGE_LOOP('',(#7480,#7481,#7482,#7483));
#1927=EDGE_LOOP('',(#7484,#7485,#7486,#7487));
#1928=EDGE_LOOP('',(#7488,#7489,#7490,#7491));
#1929=EDGE_LOOP('',(#7492,#7493,#7494,#7495));
#1930=EDGE_LOOP('',(#7496,#7497,#7498,#7499));
#1931=EDGE_LOOP('',(#7500,#7501,#7502,#7503));
#1932=EDGE_LOOP('',(#7504,#7505,#7506,#7507));
#1933=EDGE_LOOP('',(#7508,#7509,#7510,#7511));
#1934=EDGE_LOOP('',(#7512,#7513,#7514,#7515));
#1935=EDGE_LOOP('',(#7516,#7517,#7518,#7519));
#1936=EDGE_LOOP('',(#7520,#7521,#7522,#7523));
#1937=EDGE_LOOP('',(#7524,#7525,#7526,#7527));
#1938=EDGE_LOOP('',(#7528,#7529,#7530,#7531));
#1939=EDGE_LOOP('',(#7532,#7533,#7534,#7535));
#1940=EDGE_LOOP('',(#7536,#7537,#7538,#7539));
#1941=EDGE_LOOP('',(#7540,#7541,#7542,#7543));
#1942=EDGE_LOOP('',(#7544,#7545,#7546,#7547));
#1943=EDGE_LOOP('',(#7548,#7549,#7550,#7551));
#1944=EDGE_LOOP('',(#7552,#7553,#7554,#7555));
#1945=EDGE_LOOP('',(#7556,#7557,#7558,#7559));
#1946=EDGE_LOOP('',(#7560,#7561,#7562,#7563));
#1947=EDGE_LOOP('',(#7564,#7565,#7566,#7567));
#1948=EDGE_LOOP('',(#7568,#7569,#7570,#7571));
#1949=EDGE_LOOP('',(#7572,#7573,#7574,#7575));
#1950=EDGE_LOOP('',(#7576,#7577,#7578,#7579));
#1951=EDGE_LOOP('',(#7580,#7581,#7582,#7583));
#1952=EDGE_LOOP('',(#7584,#7585,#7586,#7587));
#1953=EDGE_LOOP('',(#7588,#7589,#7590,#7591));
#1954=EDGE_LOOP('',(#7592,#7593,#7594,#7595));
#1955=EDGE_LOOP('',(#7596,#7597,#7598,#7599));
#1956=EDGE_LOOP('',(#7600,#7601,#7602,#7603));
#1957=EDGE_LOOP('',(#7604,#7605,#7606,#7607));
#1958=EDGE_LOOP('',(#7608,#7609,#7610,#7611));
#1959=EDGE_LOOP('',(#7612,#7613,#7614,#7615));
#1960=EDGE_LOOP('',(#7616,#7617,#7618,#7619));
#1961=EDGE_LOOP('',(#7620,#7621,#7622,#7623,#7624,#7625,#7626,#7627));
#1962=EDGE_LOOP('',(#7628,#7629,#7630,#7631,#7632,#7633,#7634,#7635));
#1963=EDGE_LOOP('',(#7636,#7637,#7638,#7639,#7640,#7641,#7642,#7643));
#1964=EDGE_LOOP('',(#7644,#7645,#7646,#7647,#7648,#7649,#7650,#7651,#7652,
#7653,#7654,#7655,#7656,#7657,#7658,#7659,#7660,#7661,#7662,#7663,#7664,
#7665,#7666,#7667));
#1965=EDGE_LOOP('',(#7668,#7669,#7670,#7671,#7672,#7673,#7674,#7675));
#1966=EDGE_LOOP('',(#7676,#7677,#7678,#7679,#7680,#7681,#7682,#7683));
#1967=EDGE_LOOP('',(#7684,#7685,#7686,#7687));
#1968=EDGE_LOOP('',(#7688,#7689,#7690,#7691));
#1969=EDGE_LOOP('',(#7692,#7693,#7694,#7695));
#1970=EDGE_LOOP('',(#7696,#7697,#7698,#7699));
#1971=EDGE_LOOP('',(#7700,#7701,#7702,#7703));
#1972=EDGE_LOOP('',(#7704,#7705,#7706,#7707));
#1973=EDGE_LOOP('',(#7708,#7709,#7710,#7711));
#1974=EDGE_LOOP('',(#7712,#7713,#7714,#7715));
#1975=EDGE_LOOP('',(#7716,#7717,#7718,#7719));
#1976=EDGE_LOOP('',(#7720,#7721,#7722,#7723));
#1977=EDGE_LOOP('',(#7724,#7725,#7726,#7727));
#1978=EDGE_LOOP('',(#7728,#7729,#7730,#7731,#7732,#7733,#7734,#7735));
#1979=EDGE_LOOP('',(#7736));
#1980=EDGE_LOOP('',(#7737));
#1981=EDGE_LOOP('',(#7738,#7739,#7740,#7741));
#1982=EDGE_LOOP('',(#7742,#7743,#7744,#7745));
#1983=EDGE_LOOP('',(#7746,#7747,#7748,#7749));
#1984=EDGE_LOOP('',(#7750,#7751,#7752,#7753));
#1985=EDGE_LOOP('',(#7754,#7755,#7756,#7757));
#1986=EDGE_LOOP('',(#7758,#7759,#7760,#7761));
#1987=EDGE_LOOP('',(#7762,#7763,#7764,#7765));
#1988=EDGE_LOOP('',(#7766,#7767,#7768,#7769));
#1989=EDGE_LOOP('',(#7770,#7771,#7772,#7773));
#1990=EDGE_LOOP('',(#7774,#7775,#7776,#7777));
#1991=EDGE_LOOP('',(#7778,#7779,#7780,#7781));
#1992=EDGE_LOOP('',(#7782,#7783,#7784,#7785));
#1993=EDGE_LOOP('',(#7786,#7787,#7788,#7789));
#1994=EDGE_LOOP('',(#7790,#7791,#7792,#7793));
#1995=EDGE_LOOP('',(#7794,#7795,#7796,#7797));
#1996=EDGE_LOOP('',(#7798,#7799,#7800,#7801));
#1997=EDGE_LOOP('',(#7802,#7803,#7804,#7805));
#1998=EDGE_LOOP('',(#7806,#7807,#7808,#7809));
#1999=EDGE_LOOP('',(#7810,#7811,#7812,#7813));
#2000=EDGE_LOOP('',(#7814,#7815,#7816,#7817));
#2001=EDGE_LOOP('',(#7818,#7819,#7820,#7821));
#2002=EDGE_LOOP('',(#7822,#7823,#7824,#7825));
#2003=EDGE_LOOP('',(#7826,#7827,#7828,#7829));
#2004=EDGE_LOOP('',(#7830,#7831,#7832,#7833));
#2005=EDGE_LOOP('',(#7834,#7835,#7836,#7837));
#2006=EDGE_LOOP('',(#7838,#7839,#7840,#7841));
#2007=EDGE_LOOP('',(#7842,#7843,#7844,#7845));
#2008=EDGE_LOOP('',(#7846,#7847,#7848,#7849));
#2009=EDGE_LOOP('',(#7850,#7851,#7852,#7853));
#2010=EDGE_LOOP('',(#7854,#7855,#7856,#7857));
#2011=EDGE_LOOP('',(#7858,#7859,#7860,#7861));
#2012=EDGE_LOOP('',(#7862,#7863,#7864,#7865));
#2013=EDGE_LOOP('',(#7866,#7867,#7868,#7869));
#2014=EDGE_LOOP('',(#7870,#7871,#7872,#7873));
#2015=EDGE_LOOP('',(#7874,#7875,#7876,#7877));
#2016=EDGE_LOOP('',(#7878,#7879,#7880,#7881));
#2017=EDGE_LOOP('',(#7882,#7883,#7884,#7885));
#2018=EDGE_LOOP('',(#7886,#7887,#7888,#7889));
#2019=EDGE_LOOP('',(#7890,#7891,#7892,#7893));
#2020=EDGE_LOOP('',(#7894,#7895,#7896,#7897));
#2021=EDGE_LOOP('',(#7898,#7899,#7900,#7901));
#2022=EDGE_LOOP('',(#7902));
#2023=EDGE_LOOP('',(#7903));
#2024=EDGE_LOOP('',(#7904,#7905,#7906,#7907));
#2025=EDGE_LOOP('',(#7908,#7909,#7910,#7911));
#2026=EDGE_LOOP('',(#7912,#7913,#7914,#7915));
#2027=EDGE_LOOP('',(#7916,#7917,#7918,#7919));
#2028=EDGE_LOOP('',(#7920,#7921,#7922,#7923));
#2029=EDGE_LOOP('',(#7924,#7925,#7926,#7927));
#2030=EDGE_LOOP('',(#7928,#7929,#7930,#7931));
#2031=EDGE_LOOP('',(#7932,#7933,#7934,#7935));
#2032=EDGE_LOOP('',(#7936,#7937,#7938));
#2033=EDGE_LOOP('',(#7939,#7940,#7941));
#2034=EDGE_LOOP('',(#7942,#7943,#7944));
#2035=EDGE_LOOP('',(#7945,#7946,#7947));
#2036=EDGE_LOOP('',(#7948,#7949,#7950));
#2037=EDGE_LOOP('',(#7951,#7952,#7953));
#2038=EDGE_LOOP('',(#7954,#7955,#7956));
#2039=EDGE_LOOP('',(#7957,#7958,#7959));
#2040=EDGE_LOOP('',(#7960,#7961,#7962,#7963,#7964));
#2041=EDGE_LOOP('',(#7965,#7966,#7967,#7968));
#2042=EDGE_LOOP('',(#7969,#7970,#7971,#7972,#7973));
#2043=EDGE_LOOP('',(#7974,#7975,#7976,#7977,#7978));
#2044=EDGE_LOOP('',(#7979,#7980,#7981,#7982));
#2045=EDGE_LOOP('',(#7983,#7984,#7985,#7986,#7987));
#2046=EDGE_LOOP('',(#7988,#7989,#7990,#7991,#7992,#7993,#7994,#7995,#7996,
#7997,#7998,#7999,#8000,#8001,#8002,#8003,#8004,#8005,#8006,#8007));
#2047=EDGE_LOOP('',(#8008,#8009,#8010,#8011,#8012));
#2048=EDGE_LOOP('',(#8013,#8014,#8015,#8016));
#2049=EDGE_LOOP('',(#8017,#8018,#8019,#8020,#8021));
#2050=EDGE_LOOP('',(#8022,#8023,#8024,#8025,#8026));
#2051=EDGE_LOOP('',(#8027,#8028,#8029,#8030));
#2052=EDGE_LOOP('',(#8031,#8032,#8033,#8034,#8035));
#2053=EDGE_LOOP('',(#8036,#8037,#8038,#8039,#8040));
#2054=EDGE_LOOP('',(#8041,#8042,#8043,#8044));
#2055=EDGE_LOOP('',(#8045,#8046,#8047,#8048));
#2056=EDGE_LOOP('',(#8049,#8050,#8051,#8052));
#2057=EDGE_LOOP('',(#8053,#8054,#8055,#8056));
#2058=EDGE_LOOP('',(#8057,#8058,#8059,#8060));
#2059=EDGE_LOOP('',(#8061,#8062,#8063,#8064));
#2060=EDGE_LOOP('',(#8065,#8066,#8067,#8068));
#2061=EDGE_LOOP('',(#8069,#8070,#8071,#8072));
#2062=EDGE_LOOP('',(#8073,#8074,#8075,#8076));
#2063=EDGE_LOOP('',(#8077,#8078,#8079,#8080));
#2064=EDGE_LOOP('',(#8081,#8082,#8083,#8084));
#2065=EDGE_LOOP('',(#8085,#8086,#8087,#8088));
#2066=EDGE_LOOP('',(#8089,#8090,#8091,#8092));
#2067=EDGE_LOOP('',(#8093,#8094,#8095,#8096));
#2068=EDGE_LOOP('',(#8097,#8098,#8099,#8100));
#2069=EDGE_LOOP('',(#8101,#8102,#8103));
#2070=EDGE_LOOP('',(#8104,#8105,#8106));
#2071=EDGE_LOOP('',(#8107,#8108,#8109));
#2072=EDGE_LOOP('',(#8110,#8111,#8112));
#2073=EDGE_LOOP('',(#8113,#8114,#8115));
#2074=EDGE_LOOP('',(#8116,#8117,#8118));
#2075=EDGE_LOOP('',(#8119,#8120,#8121));
#2076=EDGE_LOOP('',(#8122,#8123,#8124));
#2077=EDGE_LOOP('',(#8125,#8126,#8127,#8128,#8129));
#2078=EDGE_LOOP('',(#8130,#8131,#8132,#8133));
#2079=EDGE_LOOP('',(#8134,#8135,#8136,#8137,#8138));
#2080=EDGE_LOOP('',(#8139,#8140,#8141,#8142,#8143));
#2081=EDGE_LOOP('',(#8144,#8145,#8146,#8147));
#2082=EDGE_LOOP('',(#8148,#8149,#8150,#8151,#8152));
#2083=EDGE_LOOP('',(#8153,#8154,#8155,#8156,#8157,#8158,#8159,#8160,#8161,
#8162,#8163,#8164,#8165,#8166,#8167,#8168,#8169,#8170,#8171,#8172));
#2084=EDGE_LOOP('',(#8173,#8174,#8175,#8176,#8177));
#2085=EDGE_LOOP('',(#8178,#8179,#8180,#8181));
#2086=EDGE_LOOP('',(#8182,#8183,#8184,#8185,#8186));
#2087=EDGE_LOOP('',(#8187,#8188,#8189,#8190,#8191));
#2088=EDGE_LOOP('',(#8192,#8193,#8194,#8195));
#2089=EDGE_LOOP('',(#8196,#8197,#8198,#8199,#8200));
#2090=EDGE_LOOP('',(#8201,#8202,#8203,#8204,#8205));
#2091=EDGE_LOOP('',(#8206,#8207,#8208,#8209));
#2092=EDGE_LOOP('',(#8210,#8211,#8212,#8213));
#2093=EDGE_LOOP('',(#8214,#8215,#8216,#8217));
#2094=EDGE_LOOP('',(#8218,#8219,#8220,#8221));
#2095=EDGE_LOOP('',(#8222,#8223,#8224,#8225));
#2096=EDGE_LOOP('',(#8226,#8227,#8228,#8229));
#2097=EDGE_LOOP('',(#8230,#8231,#8232,#8233));
#2098=EDGE_LOOP('',(#8234,#8235,#8236,#8237));
#2099=EDGE_LOOP('',(#8238,#8239,#8240,#8241));
#2100=EDGE_LOOP('',(#8242,#8243,#8244,#8245));
#2101=EDGE_LOOP('',(#8246,#8247,#8248,#8249));
#2102=EDGE_LOOP('',(#8250,#8251,#8252,#8253));
#2103=EDGE_LOOP('',(#8254,#8255,#8256,#8257));
#2104=EDGE_LOOP('',(#8258,#8259,#8260,#8261));
#2105=EDGE_LOOP('',(#8262,#8263,#8264,#8265));
#2106=EDGE_LOOP('',(#8266,#8267,#8268));
#2107=EDGE_LOOP('',(#8269,#8270,#8271));
#2108=EDGE_LOOP('',(#8272,#8273,#8274));
#2109=EDGE_LOOP('',(#8275,#8276,#8277));
#2110=EDGE_LOOP('',(#8278,#8279,#8280));
#2111=EDGE_LOOP('',(#8281,#8282,#8283));
#2112=EDGE_LOOP('',(#8284,#8285,#8286));
#2113=EDGE_LOOP('',(#8287,#8288,#8289));
#2114=EDGE_LOOP('',(#8290,#8291,#8292,#8293,#8294));
#2115=EDGE_LOOP('',(#8295,#8296,#8297,#8298));
#2116=EDGE_LOOP('',(#8299,#8300,#8301,#8302,#8303));
#2117=EDGE_LOOP('',(#8304,#8305,#8306,#8307,#8308));
#2118=EDGE_LOOP('',(#8309,#8310,#8311,#8312));
#2119=EDGE_LOOP('',(#8313,#8314,#8315,#8316,#8317));
#2120=EDGE_LOOP('',(#8318,#8319,#8320,#8321,#8322,#8323,#8324,#8325,#8326,
#8327,#8328,#8329,#8330,#8331,#8332,#8333,#8334,#8335,#8336,#8337));
#2121=EDGE_LOOP('',(#8338,#8339,#8340,#8341,#8342));
#2122=EDGE_LOOP('',(#8343,#8344,#8345,#8346));
#2123=EDGE_LOOP('',(#8347,#8348,#8349,#8350,#8351));
#2124=EDGE_LOOP('',(#8352,#8353,#8354,#8355,#8356));
#2125=EDGE_LOOP('',(#8357,#8358,#8359,#8360));
#2126=EDGE_LOOP('',(#8361,#8362,#8363,#8364,#8365));
#2127=EDGE_LOOP('',(#8366,#8367,#8368,#8369,#8370));
#2128=EDGE_LOOP('',(#8371,#8372,#8373,#8374));
#2129=EDGE_LOOP('',(#8375,#8376,#8377,#8378));
#2130=EDGE_LOOP('',(#8379,#8380,#8381,#8382));
#2131=EDGE_LOOP('',(#8383,#8384,#8385,#8386));
#2132=EDGE_LOOP('',(#8387,#8388,#8389,#8390));
#2133=EDGE_LOOP('',(#8391,#8392,#8393,#8394));
#2134=EDGE_LOOP('',(#8395,#8396,#8397,#8398));
#2135=EDGE_LOOP('',(#8399,#8400,#8401,#8402));
#2136=EDGE_LOOP('',(#8403,#8404,#8405,#8406));
#2137=EDGE_LOOP('',(#8407,#8408,#8409,#8410));
#2138=EDGE_LOOP('',(#8411,#8412,#8413,#8414));
#2139=EDGE_LOOP('',(#8415,#8416,#8417,#8418));
#2140=EDGE_LOOP('',(#8419,#8420,#8421,#8422));
#2141=EDGE_LOOP('',(#8423,#8424,#8425,#8426));
#2142=EDGE_LOOP('',(#8427,#8428,#8429,#8430));
#2143=EDGE_LOOP('',(#8431,#8432,#8433));
#2144=EDGE_LOOP('',(#8434,#8435,#8436));
#2145=EDGE_LOOP('',(#8437,#8438,#8439));
#2146=EDGE_LOOP('',(#8440,#8441,#8442));
#2147=EDGE_LOOP('',(#8443,#8444,#8445));
#2148=EDGE_LOOP('',(#8446,#8447,#8448));
#2149=EDGE_LOOP('',(#8449,#8450,#8451));
#2150=EDGE_LOOP('',(#8452,#8453,#8454));
#2151=EDGE_LOOP('',(#8455,#8456,#8457,#8458,#8459));
#2152=EDGE_LOOP('',(#8460,#8461,#8462,#8463));
#2153=EDGE_LOOP('',(#8464,#8465,#8466,#8467,#8468));
#2154=EDGE_LOOP('',(#8469,#8470,#8471,#8472));
#2155=EDGE_LOOP('',(#8473,#8474,#8475,#8476,#8477));
#2156=EDGE_LOOP('',(#8478,#8479,#8480,#8481));
#2157=EDGE_LOOP('',(#8482,#8483,#8484,#8485,#8486));
#2158=EDGE_LOOP('',(#8487,#8488,#8489,#8490));
#2159=EDGE_LOOP('',(#8491,#8492,#8493,#8494,#8495,#8496,#8497,#8498,#8499,
#8500,#8501,#8502,#8503,#8504,#8505,#8506,#8507,#8508,#8509,#8510));
#2160=EDGE_LOOP('',(#8511,#8512,#8513,#8514,#8515));
#2161=EDGE_LOOP('',(#8516,#8517,#8518,#8519));
#2162=EDGE_LOOP('',(#8520,#8521,#8522,#8523,#8524));
#2163=EDGE_LOOP('',(#8525,#8526,#8527,#8528));
#2164=EDGE_LOOP('',(#8529,#8530,#8531,#8532,#8533));
#2165=EDGE_LOOP('',(#8534,#8535,#8536,#8537));
#2166=EDGE_LOOP('',(#8538,#8539,#8540,#8541,#8542));
#2167=EDGE_LOOP('',(#8543,#8544,#8545,#8546));
#2168=EDGE_LOOP('',(#8547,#8548,#8549,#8550,#8551));
#2169=EDGE_LOOP('',(#8552,#8553,#8554,#8555));
#2170=EDGE_LOOP('',(#8556,#8557,#8558,#8559));
#2171=EDGE_LOOP('',(#8560,#8561,#8562,#8563));
#2172=EDGE_LOOP('',(#8564,#8565,#8566,#8567));
#2173=EDGE_LOOP('',(#8568,#8569,#8570,#8571));
#2174=EDGE_LOOP('',(#8572,#8573,#8574,#8575));
#2175=EDGE_LOOP('',(#8576,#8577,#8578,#8579));
#2176=EDGE_LOOP('',(#8580,#8581,#8582,#8583));
#2177=EDGE_LOOP('',(#8584,#8585,#8586,#8587));
#2178=EDGE_LOOP('',(#8588,#8589,#8590,#8591));
#2179=EDGE_LOOP('',(#8592,#8593,#8594,#8595));
#2180=EDGE_LOOP('',(#8596,#8597,#8598,#8599));
#2181=EDGE_LOOP('',(#8600,#8601,#8602,#8603));
#2182=EDGE_LOOP('',(#8604,#8605,#8606,#8607));
#2183=EDGE_LOOP('',(#8608,#8609,#8610,#8611));
#2184=EDGE_LOOP('',(#8612,#8613,#8614,#8615));
#2185=EDGE_LOOP('',(#8616,#8617,#8618,#8619));
#2186=EDGE_LOOP('',(#8620,#8621,#8622,#8623));
#2187=EDGE_LOOP('',(#8624,#8625,#8626,#8627));
#2188=EDGE_LOOP('',(#8628,#8629,#8630,#8631));
#2189=EDGE_LOOP('',(#8632,#8633,#8634,#8635));
#2190=EDGE_LOOP('',(#8636,#8637,#8638,#8639));
#2191=EDGE_LOOP('',(#8640,#8641,#8642,#8643));
#2192=EDGE_LOOP('',(#8644,#8645,#8646,#8647));
#2193=EDGE_LOOP('',(#8648,#8649,#8650,#8651));
#2194=EDGE_LOOP('',(#8652,#8653,#8654,#8655));
#2195=EDGE_LOOP('',(#8656,#8657,#8658,#8659));
#2196=EDGE_LOOP('',(#8660,#8661,#8662,#8663));
#2197=EDGE_LOOP('',(#8664,#8665,#8666,#8667));
#2198=EDGE_LOOP('',(#8668,#8669,#8670,#8671));
#2199=EDGE_LOOP('',(#8672,#8673,#8674,#8675));
#2200=EDGE_LOOP('',(#8676,#8677,#8678,#8679));
#2201=EDGE_LOOP('',(#8680,#8681,#8682,#8683));
#2202=EDGE_LOOP('',(#8684,#8685,#8686,#8687));
#2203=EDGE_LOOP('',(#8688,#8689,#8690,#8691));
#2204=EDGE_LOOP('',(#8692,#8693,#8694,#8695));
#2205=EDGE_LOOP('',(#8696,#8697,#8698,#8699));
#2206=EDGE_LOOP('',(#8700,#8701,#8702,#8703));
#2207=EDGE_LOOP('',(#8704,#8705,#8706,#8707));
#2208=EDGE_LOOP('',(#8708,#8709,#8710,#8711));
#2209=EDGE_LOOP('',(#8712,#8713,#8714,#8715));
#2210=EDGE_LOOP('',(#8716,#8717,#8718,#8719));
#2211=EDGE_LOOP('',(#8720,#8721,#8722,#8723));
#2212=EDGE_LOOP('',(#8724,#8725,#8726,#8727));
#2213=EDGE_LOOP('',(#8728,#8729,#8730,#8731));
#2214=EDGE_LOOP('',(#8732,#8733,#8734,#8735));
#2215=EDGE_LOOP('',(#8736,#8737,#8738,#8739));
#2216=EDGE_LOOP('',(#8740,#8741,#8742,#8743));
#2217=EDGE_LOOP('',(#8744,#8745,#8746,#8747));
#2218=EDGE_LOOP('',(#8748,#8749,#8750,#8751));
#2219=EDGE_LOOP('',(#8752,#8753,#8754,#8755));
#2220=EDGE_LOOP('',(#8756,#8757,#8758,#8759));
#2221=EDGE_LOOP('',(#8760,#8761,#8762,#8763));
#2222=EDGE_LOOP('',(#8764,#8765,#8766,#8767));
#2223=EDGE_LOOP('',(#8768,#8769,#8770,#8771));
#2224=EDGE_LOOP('',(#8772,#8773,#8774,#8775));
#2225=EDGE_LOOP('',(#8776,#8777,#8778,#8779));
#2226=EDGE_LOOP('',(#8780,#8781,#8782,#8783));
#2227=EDGE_LOOP('',(#8784,#8785,#8786,#8787));
#2228=EDGE_LOOP('',(#8788,#8789,#8790,#8791));
#2229=EDGE_LOOP('',(#8792,#8793,#8794,#8795));
#2230=EDGE_LOOP('',(#8796,#8797,#8798,#8799));
#2231=EDGE_LOOP('',(#8800,#8801,#8802,#8803));
#2232=EDGE_LOOP('',(#8804,#8805,#8806,#8807));
#2233=EDGE_LOOP('',(#8808,#8809,#8810,#8811));
#2234=EDGE_LOOP('',(#8812,#8813,#8814,#8815));
#2235=EDGE_LOOP('',(#8816,#8817,#8818,#8819));
#2236=EDGE_LOOP('',(#8820,#8821,#8822,#8823));
#2237=EDGE_LOOP('',(#8824,#8825,#8826,#8827));
#2238=EDGE_LOOP('',(#8828,#8829,#8830,#8831));
#2239=EDGE_LOOP('',(#8832,#8833,#8834,#8835));
#2240=EDGE_LOOP('',(#8836,#8837,#8838,#8839));
#2241=EDGE_LOOP('',(#8840,#8841,#8842,#8843));
#2242=EDGE_LOOP('',(#8844,#8845,#8846,#8847));
#2243=EDGE_LOOP('',(#8848,#8849,#8850,#8851));
#2244=EDGE_LOOP('',(#8852,#8853,#8854,#8855));
#2245=EDGE_LOOP('',(#8856,#8857,#8858,#8859));
#2246=EDGE_LOOP('',(#8860,#8861,#8862,#8863));
#2247=EDGE_LOOP('',(#8864,#8865,#8866,#8867));
#2248=EDGE_LOOP('',(#8868,#8869,#8870,#8871));
#2249=EDGE_LOOP('',(#8872,#8873,#8874,#8875));
#2250=EDGE_LOOP('',(#8876,#8877,#8878,#8879));
#2251=EDGE_LOOP('',(#8880,#8881,#8882,#8883));
#2252=EDGE_LOOP('',(#8884,#8885,#8886,#8887));
#2253=EDGE_LOOP('',(#8888,#8889,#8890,#8891));
#2254=EDGE_LOOP('',(#8892,#8893,#8894,#8895));
#2255=EDGE_LOOP('',(#8896,#8897,#8898,#8899));
#2256=EDGE_LOOP('',(#8900,#8901,#8902,#8903));
#2257=EDGE_LOOP('',(#8904,#8905,#8906,#8907));
#2258=EDGE_LOOP('',(#8908,#8909,#8910,#8911));
#2259=EDGE_LOOP('',(#8912,#8913,#8914,#8915));
#2260=EDGE_LOOP('',(#8916,#8917,#8918,#8919));
#2261=EDGE_LOOP('',(#8920,#8921,#8922,#8923));
#2262=EDGE_LOOP('',(#8924,#8925,#8926,#8927));
#2263=EDGE_LOOP('',(#8928,#8929,#8930,#8931));
#2264=EDGE_LOOP('',(#8932,#8933,#8934,#8935));
#2265=EDGE_LOOP('',(#8936,#8937,#8938,#8939));
#2266=EDGE_LOOP('',(#8940,#8941,#8942,#8943));
#2267=EDGE_LOOP('',(#8944,#8945,#8946,#8947));
#2268=EDGE_LOOP('',(#8948,#8949,#8950,#8951));
#2269=EDGE_LOOP('',(#8952,#8953,#8954,#8955));
#2270=EDGE_LOOP('',(#8956,#8957,#8958,#8959));
#2271=EDGE_LOOP('',(#8960,#8961,#8962,#8963));
#2272=EDGE_LOOP('',(#8964,#8965,#8966,#8967));
#2273=EDGE_LOOP('',(#8968,#8969,#8970,#8971));
#2274=EDGE_LOOP('',(#8972,#8973,#8974,#8975));
#2275=EDGE_LOOP('',(#8976,#8977,#8978,#8979));
#2276=EDGE_LOOP('',(#8980,#8981,#8982,#8983));
#2277=EDGE_LOOP('',(#8984,#8985,#8986,#8987));
#2278=EDGE_LOOP('',(#8988,#8989,#8990,#8991));
#2279=EDGE_LOOP('',(#8992,#8993,#8994,#8995));
#2280=EDGE_LOOP('',(#8996,#8997,#8998,#8999));
#2281=EDGE_LOOP('',(#9000,#9001,#9002,#9003));
#2282=EDGE_LOOP('',(#9004,#9005,#9006,#9007));
#2283=EDGE_LOOP('',(#9008,#9009,#9010,#9011));
#2284=EDGE_LOOP('',(#9012,#9013,#9014,#9015));
#2285=EDGE_LOOP('',(#9016,#9017,#9018,#9019));
#2286=EDGE_LOOP('',(#9020,#9021,#9022,#9023));
#2287=EDGE_LOOP('',(#9024,#9025,#9026,#9027));
#2288=EDGE_LOOP('',(#9028,#9029,#9030,#9031));
#2289=EDGE_LOOP('',(#9032,#9033,#9034,#9035));
#2290=EDGE_LOOP('',(#9036,#9037,#9038,#9039));
#2291=EDGE_LOOP('',(#9040,#9041,#9042,#9043));
#2292=EDGE_LOOP('',(#9044,#9045,#9046,#9047));
#2293=EDGE_LOOP('',(#9048,#9049,#9050,#9051));
#2294=EDGE_LOOP('',(#9052,#9053,#9054,#9055));
#2295=EDGE_LOOP('',(#9056,#9057,#9058,#9059));
#2296=EDGE_LOOP('',(#9060,#9061,#9062,#9063));
#2297=EDGE_LOOP('',(#9064,#9065,#9066,#9067));
#2298=EDGE_LOOP('',(#9068,#9069,#9070,#9071));
#2299=EDGE_LOOP('',(#9072,#9073,#9074,#9075));
#2300=EDGE_LOOP('',(#9076,#9077,#9078,#9079));
#2301=EDGE_LOOP('',(#9080,#9081,#9082,#9083));
#2302=EDGE_LOOP('',(#9084,#9085,#9086,#9087));
#2303=EDGE_LOOP('',(#9088,#9089,#9090,#9091));
#2304=EDGE_LOOP('',(#9092,#9093,#9094,#9095));
#2305=EDGE_LOOP('',(#9096,#9097,#9098,#9099));
#2306=EDGE_LOOP('',(#9100,#9101,#9102,#9103));
#2307=EDGE_LOOP('',(#9104,#9105,#9106,#9107));
#2308=EDGE_LOOP('',(#9108,#9109,#9110,#9111));
#2309=EDGE_LOOP('',(#9112,#9113,#9114,#9115));
#2310=EDGE_LOOP('',(#9116,#9117,#9118,#9119));
#2311=EDGE_LOOP('',(#9120,#9121,#9122,#9123));
#2312=EDGE_LOOP('',(#9124,#9125,#9126,#9127));
#2313=EDGE_LOOP('',(#9128,#9129,#9130,#9131));
#2314=EDGE_LOOP('',(#9132,#9133,#9134,#9135));
#2315=EDGE_LOOP('',(#9136,#9137,#9138,#9139));
#2316=EDGE_LOOP('',(#9140,#9141,#9142,#9143));
#2317=EDGE_LOOP('',(#9144,#9145,#9146,#9147));
#2318=EDGE_LOOP('',(#9148,#9149,#9150,#9151));
#2319=EDGE_LOOP('',(#9152,#9153,#9154,#9155));
#2320=EDGE_LOOP('',(#9156,#9157,#9158,#9159));
#2321=EDGE_LOOP('',(#9160,#9161,#9162,#9163));
#2322=EDGE_LOOP('',(#9164,#9165,#9166,#9167));
#2323=EDGE_LOOP('',(#9168,#9169,#9170,#9171));
#2324=EDGE_LOOP('',(#9172,#9173,#9174,#9175));
#2325=EDGE_LOOP('',(#9176,#9177,#9178,#9179));
#2326=EDGE_LOOP('',(#9180,#9181,#9182,#9183));
#2327=EDGE_LOOP('',(#9184,#9185,#9186,#9187));
#2328=EDGE_LOOP('',(#9188,#9189,#9190,#9191));
#2329=EDGE_LOOP('',(#9192,#9193,#9194,#9195));
#2330=EDGE_LOOP('',(#9196,#9197,#9198,#9199));
#2331=EDGE_LOOP('',(#9200,#9201,#9202,#9203));
#2332=EDGE_LOOP('',(#9204,#9205,#9206,#9207));
#2333=EDGE_LOOP('',(#9208,#9209,#9210,#9211));
#2334=EDGE_LOOP('',(#9212,#9213,#9214,#9215));
#2335=EDGE_LOOP('',(#9216,#9217,#9218,#9219));
#2336=EDGE_LOOP('',(#9220,#9221,#9222,#9223));
#2337=EDGE_LOOP('',(#9224,#9225,#9226,#9227));
#2338=EDGE_LOOP('',(#9228,#9229,#9230,#9231));
#2339=EDGE_LOOP('',(#9232,#9233,#9234,#9235));
#2340=EDGE_LOOP('',(#9236,#9237,#9238,#9239));
#2341=EDGE_LOOP('',(#9240,#9241,#9242,#9243));
#2342=EDGE_LOOP('',(#9244,#9245,#9246,#9247));
#2343=EDGE_LOOP('',(#9248,#9249,#9250,#9251));
#2344=EDGE_LOOP('',(#9252,#9253,#9254,#9255));
#2345=EDGE_LOOP('',(#9256,#9257,#9258,#9259));
#2346=EDGE_LOOP('',(#9260,#9261,#9262,#9263));
#2347=EDGE_LOOP('',(#9264,#9265,#9266,#9267));
#2348=EDGE_LOOP('',(#9268,#9269,#9270,#9271));
#2349=EDGE_LOOP('',(#9272,#9273,#9274,#9275));
#2350=EDGE_LOOP('',(#9276,#9277,#9278,#9279));
#2351=EDGE_LOOP('',(#9280,#9281,#9282,#9283));
#2352=EDGE_LOOP('',(#9284,#9285,#9286,#9287));
#2353=EDGE_LOOP('',(#9288,#9289,#9290,#9291));
#2354=EDGE_LOOP('',(#9292,#9293,#9294,#9295));
#2355=EDGE_LOOP('',(#9296,#9297,#9298,#9299));
#2356=EDGE_LOOP('',(#9300,#9301,#9302,#9303));
#2357=EDGE_LOOP('',(#9304,#9305,#9306,#9307));
#2358=EDGE_LOOP('',(#9308,#9309,#9310,#9311));
#2359=EDGE_LOOP('',(#9312,#9313,#9314,#9315));
#2360=EDGE_LOOP('',(#9316,#9317,#9318,#9319));
#2361=EDGE_LOOP('',(#9320,#9321,#9322,#9323));
#2362=EDGE_LOOP('',(#9324,#9325,#9326,#9327));
#2363=EDGE_LOOP('',(#9328,#9329,#9330,#9331));
#2364=EDGE_LOOP('',(#9332,#9333,#9334,#9335));
#2365=EDGE_LOOP('',(#9336,#9337,#9338,#9339));
#2366=EDGE_LOOP('',(#9340,#9341,#9342,#9343));
#2367=EDGE_LOOP('',(#9344,#9345,#9346,#9347));
#2368=EDGE_LOOP('',(#9348,#9349,#9350,#9351));
#2369=EDGE_LOOP('',(#9352,#9353,#9354,#9355));
#2370=EDGE_LOOP('',(#9356,#9357,#9358,#9359));
#2371=EDGE_LOOP('',(#9360,#9361,#9362,#9363));
#2372=EDGE_LOOP('',(#9364,#9365,#9366,#9367));
#2373=EDGE_LOOP('',(#9368,#9369,#9370,#9371));
#2374=EDGE_LOOP('',(#9372,#9373,#9374,#9375));
#2375=EDGE_LOOP('',(#9376,#9377,#9378,#9379));
#2376=EDGE_LOOP('',(#9380,#9381,#9382,#9383));
#2377=EDGE_LOOP('',(#9384,#9385,#9386,#9387));
#2378=EDGE_LOOP('',(#9388,#9389,#9390,#9391));
#2379=EDGE_LOOP('',(#9392,#9393,#9394,#9395));
#2380=EDGE_LOOP('',(#9396,#9397,#9398,#9399));
#2381=EDGE_LOOP('',(#9400,#9401,#9402,#9403));
#2382=EDGE_LOOP('',(#9404,#9405,#9406,#9407));
#2383=EDGE_LOOP('',(#9408,#9409,#9410,#9411));
#2384=EDGE_LOOP('',(#9412,#9413,#9414,#9415));
#2385=EDGE_LOOP('',(#9416,#9417,#9418,#9419));
#2386=EDGE_LOOP('',(#9420,#9421,#9422,#9423));
#2387=EDGE_LOOP('',(#9424,#9425,#9426,#9427));
#2388=EDGE_LOOP('',(#9428,#9429,#9430,#9431));
#2389=EDGE_LOOP('',(#9432,#9433,#9434,#9435));
#2390=EDGE_LOOP('',(#9436,#9437,#9438,#9439));
#2391=EDGE_LOOP('',(#9440,#9441,#9442,#9443));
#2392=EDGE_LOOP('',(#9444,#9445,#9446,#9447));
#2393=EDGE_LOOP('',(#9448,#9449,#9450,#9451));
#2394=EDGE_LOOP('',(#9452,#9453,#9454,#9455));
#2395=EDGE_LOOP('',(#9456,#9457,#9458,#9459));
#2396=EDGE_LOOP('',(#9460,#9461,#9462,#9463));
#2397=EDGE_LOOP('',(#9464,#9465,#9466,#9467));
#2398=EDGE_LOOP('',(#9468,#9469,#9470,#9471));
#2399=EDGE_LOOP('',(#9472,#9473,#9474,#9475));
#2400=EDGE_LOOP('',(#9476,#9477,#9478,#9479));
#2401=EDGE_LOOP('',(#9480,#9481,#9482,#9483));
#2402=EDGE_LOOP('',(#9484,#9485,#9486,#9487));
#2403=EDGE_LOOP('',(#9488,#9489,#9490,#9491));
#2404=EDGE_LOOP('',(#9492,#9493,#9494,#9495));
#2405=EDGE_LOOP('',(#9496,#9497,#9498,#9499));
#2406=EDGE_LOOP('',(#9500,#9501,#9502,#9503));
#2407=EDGE_LOOP('',(#9504,#9505,#9506,#9507));
#2408=EDGE_LOOP('',(#9508,#9509,#9510,#9511));
#2409=EDGE_LOOP('',(#9512,#9513,#9514,#9515));
#2410=EDGE_LOOP('',(#9516,#9517,#9518,#9519));
#2411=EDGE_LOOP('',(#9520,#9521,#9522,#9523));
#2412=EDGE_LOOP('',(#9524,#9525,#9526,#9527));
#2413=EDGE_LOOP('',(#9528,#9529,#9530,#9531));
#2414=EDGE_LOOP('',(#9532,#9533,#9534,#9535));
#2415=EDGE_LOOP('',(#9536,#9537,#9538,#9539));
#2416=EDGE_LOOP('',(#9540,#9541,#9542,#9543));
#2417=EDGE_LOOP('',(#9544,#9545,#9546,#9547));
#2418=EDGE_LOOP('',(#9548,#9549,#9550,#9551));
#2419=EDGE_LOOP('',(#9552,#9553,#9554,#9555));
#2420=EDGE_LOOP('',(#9556,#9557,#9558,#9559));
#2421=EDGE_LOOP('',(#9560,#9561,#9562,#9563));
#2422=EDGE_LOOP('',(#9564,#9565,#9566,#9567));
#2423=EDGE_LOOP('',(#9568,#9569,#9570,#9571));
#2424=EDGE_LOOP('',(#9572,#9573,#9574,#9575));
#2425=EDGE_LOOP('',(#9576,#9577,#9578,#9579));
#2426=EDGE_LOOP('',(#9580,#9581,#9582,#9583));
#2427=EDGE_LOOP('',(#9584,#9585,#9586,#9587));
#2428=EDGE_LOOP('',(#9588,#9589,#9590,#9591));
#2429=EDGE_LOOP('',(#9592,#9593,#9594,#9595));
#2430=EDGE_LOOP('',(#9596,#9597,#9598,#9599));
#2431=EDGE_LOOP('',(#9600,#9601,#9602,#9603));
#2432=EDGE_LOOP('',(#9604,#9605,#9606,#9607));
#2433=EDGE_LOOP('',(#9608,#9609,#9610,#9611));
#2434=EDGE_LOOP('',(#9612,#9613,#9614,#9615));
#2435=EDGE_LOOP('',(#9616,#9617,#9618,#9619));
#2436=EDGE_LOOP('',(#9620,#9621,#9622,#9623));
#2437=EDGE_LOOP('',(#9624,#9625,#9626,#9627));
#2438=EDGE_LOOP('',(#9628,#9629,#9630,#9631));
#2439=EDGE_LOOP('',(#9632,#9633,#9634,#9635));
#2440=EDGE_LOOP('',(#9636,#9637,#9638,#9639));
#2441=EDGE_LOOP('',(#9640,#9641,#9642,#9643));
#2442=EDGE_LOOP('',(#9644,#9645,#9646,#9647));
#2443=EDGE_LOOP('',(#9648,#9649,#9650,#9651));
#2444=EDGE_LOOP('',(#9652,#9653,#9654,#9655));
#2445=EDGE_LOOP('',(#9656,#9657,#9658,#9659));
#2446=EDGE_LOOP('',(#9660,#9661,#9662,#9663));
#2447=EDGE_LOOP('',(#9664,#9665,#9666,#9667));
#2448=EDGE_LOOP('',(#9668,#9669,#9670,#9671));
#2449=EDGE_LOOP('',(#9672,#9673,#9674,#9675));
#2450=EDGE_LOOP('',(#9676,#9677,#9678,#9679));
#2451=EDGE_LOOP('',(#9680,#9681,#9682,#9683));
#2452=EDGE_LOOP('',(#9684,#9685,#9686,#9687));
#2453=EDGE_LOOP('',(#9688,#9689,#9690,#9691));
#2454=EDGE_LOOP('',(#9692,#9693,#9694,#9695));
#2455=EDGE_LOOP('',(#9696,#9697,#9698,#9699));
#2456=EDGE_LOOP('',(#9700,#9701,#9702,#9703));
#2457=EDGE_LOOP('',(#9704,#9705,#9706,#9707));
#2458=EDGE_LOOP('',(#9708,#9709,#9710,#9711));
#2459=EDGE_LOOP('',(#9712,#9713,#9714,#9715));
#2460=EDGE_LOOP('',(#9716,#9717,#9718,#9719));
#2461=EDGE_LOOP('',(#9720,#9721,#9722,#9723));
#2462=EDGE_LOOP('',(#9724,#9725,#9726,#9727));
#2463=EDGE_LOOP('',(#9728,#9729,#9730,#9731));
#2464=EDGE_LOOP('',(#9732,#9733,#9734,#9735));
#2465=EDGE_LOOP('',(#9736,#9737,#9738,#9739));
#2466=EDGE_LOOP('',(#9740,#9741,#9742,#9743));
#2467=EDGE_LOOP('',(#9744,#9745,#9746,#9747));
#2468=EDGE_LOOP('',(#9748,#9749,#9750,#9751));
#2469=EDGE_LOOP('',(#9752,#9753,#9754,#9755));
#2470=EDGE_LOOP('',(#9756,#9757,#9758,#9759));
#2471=EDGE_LOOP('',(#9760,#9761,#9762,#9763));
#2472=EDGE_LOOP('',(#9764,#9765,#9766,#9767));
#2473=EDGE_LOOP('',(#9768,#9769,#9770,#9771));
#2474=EDGE_LOOP('',(#9772,#9773,#9774,#9775));
#2475=EDGE_LOOP('',(#9776,#9777,#9778,#9779));
#2476=EDGE_LOOP('',(#9780,#9781,#9782,#9783));
#2477=EDGE_LOOP('',(#9784,#9785,#9786,#9787));
#2478=EDGE_LOOP('',(#9788,#9789,#9790,#9791));
#2479=EDGE_LOOP('',(#9792,#9793,#9794,#9795));
#2480=EDGE_LOOP('',(#9796,#9797,#9798,#9799));
#2481=EDGE_LOOP('',(#9800,#9801,#9802,#9803));
#2482=EDGE_LOOP('',(#9804,#9805,#9806,#9807));
#2483=EDGE_LOOP('',(#9808,#9809,#9810,#9811));
#2484=EDGE_LOOP('',(#9812,#9813,#9814,#9815));
#2485=EDGE_LOOP('',(#9816,#9817,#9818,#9819));
#2486=EDGE_LOOP('',(#9820,#9821,#9822,#9823));
#2487=EDGE_LOOP('',(#9824,#9825,#9826,#9827));
#2488=EDGE_LOOP('',(#9828,#9829,#9830,#9831));
#2489=EDGE_LOOP('',(#9832,#9833,#9834,#9835));
#2490=EDGE_LOOP('',(#9836,#9837,#9838,#9839));
#2491=EDGE_LOOP('',(#9840,#9841,#9842,#9843));
#2492=EDGE_LOOP('',(#9844,#9845,#9846,#9847));
#2493=EDGE_LOOP('',(#9848,#9849,#9850,#9851));
#2494=EDGE_LOOP('',(#9852,#9853,#9854,#9855));
#2495=EDGE_LOOP('',(#9856,#9857,#9858,#9859));
#2496=EDGE_LOOP('',(#9860,#9861,#9862,#9863));
#2497=EDGE_LOOP('',(#9864,#9865,#9866,#9867));
#2498=EDGE_LOOP('',(#9868,#9869,#9870,#9871));
#2499=EDGE_LOOP('',(#9872,#9873,#9874,#9875));
#2500=EDGE_LOOP('',(#9876,#9877,#9878,#9879));
#2501=EDGE_LOOP('',(#9880,#9881,#9882,#9883));
#2502=EDGE_LOOP('',(#9884,#9885,#9886,#9887));
#2503=EDGE_LOOP('',(#9888,#9889,#9890,#9891));
#2504=EDGE_LOOP('',(#9892,#9893,#9894,#9895));
#2505=EDGE_LOOP('',(#9896,#9897,#9898,#9899));
#2506=EDGE_LOOP('',(#9900,#9901,#9902,#9903));
#2507=EDGE_LOOP('',(#9904,#9905,#9906,#9907));
#2508=EDGE_LOOP('',(#9908,#9909,#9910,#9911));
#2509=EDGE_LOOP('',(#9912,#9913,#9914,#9915));
#2510=EDGE_LOOP('',(#9916,#9917,#9918,#9919));
#2511=EDGE_LOOP('',(#9920,#9921,#9922,#9923));
#2512=EDGE_LOOP('',(#9924,#9925,#9926,#9927));
#2513=EDGE_LOOP('',(#9928,#9929,#9930,#9931));
#2514=EDGE_LOOP('',(#9932,#9933,#9934,#9935));
#2515=EDGE_LOOP('',(#9936,#9937,#9938,#9939));
#2516=EDGE_LOOP('',(#9940,#9941,#9942,#9943));
#2517=EDGE_LOOP('',(#9944,#9945,#9946,#9947));
#2518=EDGE_LOOP('',(#9948,#9949,#9950,#9951));
#2519=EDGE_LOOP('',(#9952,#9953,#9954,#9955));
#2520=EDGE_LOOP('',(#9956,#9957,#9958,#9959));
#2521=EDGE_LOOP('',(#9960,#9961,#9962,#9963));
#2522=EDGE_LOOP('',(#9964,#9965,#9966,#9967));
#2523=EDGE_LOOP('',(#9968,#9969,#9970,#9971));
#2524=EDGE_LOOP('',(#9972,#9973,#9974,#9975));
#2525=EDGE_LOOP('',(#9976,#9977,#9978,#9979));
#2526=EDGE_LOOP('',(#9980,#9981,#9982,#9983));
#2527=EDGE_LOOP('',(#9984,#9985,#9986,#9987));
#2528=EDGE_LOOP('',(#9988,#9989,#9990,#9991));
#2529=EDGE_LOOP('',(#9992,#9993,#9994,#9995));
#2530=EDGE_LOOP('',(#9996,#9997,#9998,#9999));
#2531=EDGE_LOOP('',(#10000,#10001,#10002,#10003));
#2532=EDGE_LOOP('',(#10004,#10005,#10006,#10007));
#2533=EDGE_LOOP('',(#10008,#10009,#10010,#10011));
#2534=EDGE_LOOP('',(#10012,#10013,#10014,#10015));
#2535=EDGE_LOOP('',(#10016,#10017,#10018,#10019));
#2536=EDGE_LOOP('',(#10020,#10021,#10022,#10023));
#2537=EDGE_LOOP('',(#10024,#10025,#10026,#10027));
#2538=EDGE_LOOP('',(#10028,#10029,#10030,#10031));
#2539=EDGE_LOOP('',(#10032,#10033,#10034,#10035));
#2540=EDGE_LOOP('',(#10036,#10037,#10038,#10039));
#2541=EDGE_LOOP('',(#10040,#10041,#10042,#10043));
#2542=EDGE_LOOP('',(#10044,#10045,#10046,#10047));
#2543=EDGE_LOOP('',(#10048,#10049,#10050,#10051));
#2544=EDGE_LOOP('',(#10052,#10053,#10054,#10055));
#2545=EDGE_LOOP('',(#10056,#10057,#10058,#10059));
#2546=EDGE_LOOP('',(#10060,#10061,#10062,#10063));
#2547=EDGE_LOOP('',(#10064,#10065,#10066,#10067));
#2548=EDGE_LOOP('',(#10068,#10069,#10070,#10071));
#2549=EDGE_LOOP('',(#10072,#10073,#10074,#10075));
#2550=EDGE_LOOP('',(#10076,#10077,#10078,#10079));
#2551=EDGE_LOOP('',(#10080,#10081,#10082,#10083));
#2552=EDGE_LOOP('',(#10084,#10085,#10086,#10087));
#2553=EDGE_LOOP('',(#10088,#10089,#10090,#10091));
#2554=EDGE_LOOP('',(#10092,#10093,#10094,#10095));
#2555=EDGE_LOOP('',(#10096,#10097,#10098,#10099));
#2556=EDGE_LOOP('',(#10100,#10101,#10102,#10103));
#2557=EDGE_LOOP('',(#10104,#10105,#10106,#10107));
#2558=EDGE_LOOP('',(#10108,#10109,#10110,#10111));
#2559=EDGE_LOOP('',(#10112,#10113,#10114,#10115));
#2560=EDGE_LOOP('',(#10116,#10117,#10118,#10119));
#2561=EDGE_LOOP('',(#10120,#10121,#10122,#10123));
#2562=EDGE_LOOP('',(#10124,#10125,#10126,#10127));
#2563=EDGE_LOOP('',(#10128,#10129,#10130,#10131));
#2564=EDGE_LOOP('',(#10132,#10133,#10134,#10135));
#2565=EDGE_LOOP('',(#10136,#10137,#10138,#10139));
#2566=EDGE_LOOP('',(#10140,#10141,#10142,#10143));
#2567=EDGE_LOOP('',(#10144,#10145,#10146,#10147));
#2568=EDGE_LOOP('',(#10148,#10149,#10150,#10151));
#2569=EDGE_LOOP('',(#10152,#10153,#10154,#10155));
#2570=EDGE_LOOP('',(#10156,#10157,#10158,#10159));
#2571=EDGE_LOOP('',(#10160,#10161,#10162,#10163));
#2572=EDGE_LOOP('',(#10164,#10165,#10166,#10167));
#2573=EDGE_LOOP('',(#10168,#10169,#10170,#10171));
#2574=EDGE_LOOP('',(#10172,#10173,#10174,#10175));
#2575=EDGE_LOOP('',(#10176,#10177,#10178,#10179));
#2576=EDGE_LOOP('',(#10180,#10181,#10182,#10183));
#2577=EDGE_LOOP('',(#10184,#10185,#10186,#10187));
#2578=EDGE_LOOP('',(#10188,#10189,#10190,#10191));
#2579=EDGE_LOOP('',(#10192,#10193,#10194,#10195));
#2580=EDGE_LOOP('',(#10196,#10197,#10198,#10199));
#2581=EDGE_LOOP('',(#10200,#10201,#10202,#10203));
#2582=EDGE_LOOP('',(#10204,#10205,#10206,#10207));
#2583=EDGE_LOOP('',(#10208,#10209,#10210,#10211));
#2584=EDGE_LOOP('',(#10212,#10213,#10214,#10215));
#2585=EDGE_LOOP('',(#10216,#10217,#10218,#10219));
#2586=EDGE_LOOP('',(#10220,#10221,#10222,#10223));
#2587=EDGE_LOOP('',(#10224,#10225,#10226,#10227));
#2588=EDGE_LOOP('',(#10228,#10229,#10230,#10231));
#2589=EDGE_LOOP('',(#10232,#10233,#10234,#10235));
#2590=EDGE_LOOP('',(#10236,#10237,#10238,#10239));
#2591=EDGE_LOOP('',(#10240,#10241,#10242,#10243));
#2592=EDGE_LOOP('',(#10244,#10245,#10246,#10247));
#2593=EDGE_LOOP('',(#10248,#10249,#10250,#10251));
#2594=EDGE_LOOP('',(#10252,#10253,#10254,#10255));
#2595=EDGE_LOOP('',(#10256,#10257,#10258,#10259));
#2596=EDGE_LOOP('',(#10260,#10261,#10262,#10263));
#2597=EDGE_LOOP('',(#10264,#10265,#10266,#10267));
#2598=EDGE_LOOP('',(#10268,#10269,#10270,#10271));
#2599=EDGE_LOOP('',(#10272,#10273,#10274,#10275));
#2600=EDGE_LOOP('',(#10276,#10277,#10278,#10279));
#2601=EDGE_LOOP('',(#10280,#10281,#10282,#10283));
#2602=EDGE_LOOP('',(#10284,#10285,#10286,#10287));
#2603=EDGE_LOOP('',(#10288,#10289,#10290,#10291));
#2604=EDGE_LOOP('',(#10292,#10293,#10294,#10295));
#2605=EDGE_LOOP('',(#10296,#10297,#10298,#10299));
#2606=EDGE_LOOP('',(#10300,#10301,#10302,#10303));
#2607=EDGE_LOOP('',(#10304,#10305,#10306,#10307));
#2608=EDGE_LOOP('',(#10308,#10309,#10310,#10311));
#2609=EDGE_LOOP('',(#10312,#10313,#10314,#10315));
#2610=EDGE_LOOP('',(#10316,#10317,#10318,#10319));
#2611=EDGE_LOOP('',(#10320,#10321,#10322,#10323));
#2612=EDGE_LOOP('',(#10324,#10325,#10326,#10327));
#2613=EDGE_LOOP('',(#10328,#10329,#10330,#10331));
#2614=EDGE_LOOP('',(#10332,#10333,#10334,#10335));
#2615=EDGE_LOOP('',(#10336,#10337,#10338,#10339));
#2616=EDGE_LOOP('',(#10340,#10341,#10342,#10343));
#2617=EDGE_LOOP('',(#10344,#10345,#10346,#10347));
#2618=EDGE_LOOP('',(#10348,#10349,#10350,#10351));
#2619=EDGE_LOOP('',(#10352,#10353,#10354,#10355));
#2620=EDGE_LOOP('',(#10356,#10357,#10358,#10359));
#2621=EDGE_LOOP('',(#10360,#10361,#10362,#10363));
#2622=EDGE_LOOP('',(#10364,#10365,#10366,#10367));
#2623=EDGE_LOOP('',(#10368,#10369,#10370,#10371));
#2624=EDGE_LOOP('',(#10372,#10373,#10374,#10375));
#2625=EDGE_LOOP('',(#10376,#10377,#10378,#10379));
#2626=EDGE_LOOP('',(#10380,#10381,#10382,#10383));
#2627=EDGE_LOOP('',(#10384,#10385,#10386,#10387));
#2628=EDGE_LOOP('',(#10388,#10389,#10390,#10391));
#2629=EDGE_LOOP('',(#10392,#10393,#10394,#10395));
#2630=EDGE_LOOP('',(#10396,#10397,#10398,#10399));
#2631=EDGE_LOOP('',(#10400,#10401,#10402,#10403));
#2632=EDGE_LOOP('',(#10404,#10405,#10406,#10407));
#2633=EDGE_LOOP('',(#10408,#10409,#10410,#10411));
#2634=EDGE_LOOP('',(#10412,#10413,#10414,#10415));
#2635=EDGE_LOOP('',(#10416,#10417,#10418,#10419));
#2636=EDGE_LOOP('',(#10420,#10421,#10422,#10423));
#2637=EDGE_LOOP('',(#10424,#10425,#10426,#10427));
#2638=EDGE_LOOP('',(#10428,#10429,#10430,#10431));
#2639=EDGE_LOOP('',(#10432,#10433,#10434,#10435));
#2640=EDGE_LOOP('',(#10436,#10437,#10438,#10439));
#2641=EDGE_LOOP('',(#10440,#10441,#10442,#10443));
#2642=EDGE_LOOP('',(#10444,#10445,#10446,#10447));
#2643=EDGE_LOOP('',(#10448,#10449,#10450,#10451));
#2644=EDGE_LOOP('',(#10452,#10453,#10454,#10455));
#2645=EDGE_LOOP('',(#10456,#10457,#10458,#10459));
#2646=EDGE_LOOP('',(#10460,#10461,#10462,#10463));
#2647=EDGE_LOOP('',(#10464,#10465,#10466,#10467));
#2648=EDGE_LOOP('',(#10468,#10469,#10470,#10471));
#2649=EDGE_LOOP('',(#10472,#10473,#10474,#10475));
#2650=EDGE_LOOP('',(#10476,#10477,#10478,#10479));
#2651=EDGE_LOOP('',(#10480,#10481,#10482,#10483));
#2652=EDGE_LOOP('',(#10484,#10485,#10486,#10487));
#2653=EDGE_LOOP('',(#10488,#10489,#10490,#10491));
#2654=EDGE_LOOP('',(#10492,#10493,#10494,#10495));
#2655=EDGE_LOOP('',(#10496,#10497,#10498,#10499));
#2656=EDGE_LOOP('',(#10500,#10501,#10502,#10503));
#2657=EDGE_LOOP('',(#10504,#10505,#10506,#10507));
#2658=EDGE_LOOP('',(#10508,#10509,#10510,#10511));
#2659=EDGE_LOOP('',(#10512,#10513,#10514,#10515));
#2660=EDGE_LOOP('',(#10516,#10517,#10518,#10519));
#2661=EDGE_LOOP('',(#10520,#10521,#10522,#10523));
#2662=EDGE_LOOP('',(#10524,#10525,#10526,#10527));
#2663=EDGE_LOOP('',(#10528,#10529,#10530,#10531));
#2664=EDGE_LOOP('',(#10532,#10533,#10534,#10535));
#2665=EDGE_LOOP('',(#10536,#10537,#10538,#10539));
#2666=EDGE_LOOP('',(#10540,#10541,#10542,#10543));
#2667=EDGE_LOOP('',(#10544,#10545,#10546,#10547));
#2668=EDGE_LOOP('',(#10548,#10549,#10550,#10551));
#2669=EDGE_LOOP('',(#10552,#10553,#10554,#10555));
#2670=EDGE_LOOP('',(#10556,#10557,#10558,#10559));
#2671=EDGE_LOOP('',(#10560,#10561,#10562,#10563));
#2672=EDGE_LOOP('',(#10564,#10565,#10566,#10567));
#2673=EDGE_LOOP('',(#10568,#10569,#10570,#10571));
#2674=EDGE_LOOP('',(#10572,#10573,#10574,#10575));
#2675=EDGE_LOOP('',(#10576,#10577,#10578,#10579));
#2676=LINE('',#16224,#3716);
#2677=LINE('',#16227,#3717);
#2678=LINE('',#16230,#3718);
#2679=LINE('',#16232,#3719);
#2680=LINE('',#16233,#3720);
#2681=LINE('',#16239,#3721);
#2682=LINE('',#16242,#3722);
#2683=LINE('',#16245,#3723);
#2684=LINE('',#16248,#3724);
#2685=LINE('',#16250,#3725);
#2686=LINE('',#16254,#3726);
#2687=LINE('',#16258,#3727);
#2688=LINE('',#16262,#3728);
#2689=LINE('',#16266,#3729);
#2690=LINE('',#16270,#3730);
#2691=LINE('',#16274,#3731);
#2692=LINE('',#16278,#3732);
#2693=LINE('',#16282,#3733);
#2694=LINE('',#16286,#3734);
#2695=LINE('',#16290,#3735);
#2696=LINE('',#16294,#3736);
#2697=LINE('',#16298,#3737);
#2698=LINE('',#16302,#3738);
#2699=LINE('',#16306,#3739);
#2700=LINE('',#16310,#3740);
#2701=LINE('',#16314,#3741);
#2702=LINE('',#16318,#3742);
#2703=LINE('',#16322,#3743);
#2704=LINE('',#16326,#3744);
#2705=LINE('',#16330,#3745);
#2706=LINE('',#16334,#3746);
#2707=LINE('',#16338,#3747);
#2708=LINE('',#16342,#3748);
#2709=LINE('',#16346,#3749);
#2710=LINE('',#16350,#3750);
#2711=LINE('',#16354,#3751);
#2712=LINE('',#16358,#3752);
#2713=LINE('',#16362,#3753);
#2714=LINE('',#16366,#3754);
#2715=LINE('',#16370,#3755);
#2716=LINE('',#16374,#3756);
#2717=LINE('',#16378,#3757);
#2718=LINE('',#16382,#3758);
#2719=LINE('',#16386,#3759);
#2720=LINE('',#16390,#3760);
#2721=LINE('',#16394,#3761);
#2722=LINE('',#16398,#3762);
#2723=LINE('',#16402,#3763);
#2724=LINE('',#16406,#3764);
#2725=LINE('',#16410,#3765);
#2726=LINE('',#16414,#3766);
#2727=LINE('',#16418,#3767);
#2728=LINE('',#16422,#3768);
#2729=LINE('',#16426,#3769);
#2730=LINE('',#16430,#3770);
#2731=LINE('',#16434,#3771);
#2732=LINE('',#16438,#3772);
#2733=LINE('',#16442,#3773);
#2734=LINE('',#16446,#3774);
#2735=LINE('',#16450,#3775);
#2736=LINE('',#16454,#3776);
#2737=LINE('',#16458,#3777);
#2738=LINE('',#16462,#3778);
#2739=LINE('',#16466,#3779);
#2740=LINE('',#16470,#3780);
#2741=LINE('',#16474,#3781);
#2742=LINE('',#16478,#3782);
#2743=LINE('',#16482,#3783);
#2744=LINE('',#16486,#3784);
#2745=LINE('',#16490,#3785);
#2746=LINE('',#16494,#3786);
#2747=LINE('',#16498,#3787);
#2748=LINE('',#16502,#3788);
#2749=LINE('',#16506,#3789);
#2750=LINE('',#16510,#3790);
#2751=LINE('',#16514,#3791);
#2752=LINE('',#16518,#3792);
#2753=LINE('',#16522,#3793);
#2754=LINE('',#16526,#3794);
#2755=LINE('',#16530,#3795);
#2756=LINE('',#16534,#3796);
#2757=LINE('',#16538,#3797);
#2758=LINE('',#16542,#3798);
#2759=LINE('',#16546,#3799);
#2760=LINE('',#16550,#3800);
#2761=LINE('',#16554,#3801);
#2762=LINE('',#16558,#3802);
#2763=LINE('',#16562,#3803);
#2764=LINE('',#16566,#3804);
#2765=LINE('',#16570,#3805);
#2766=LINE('',#16574,#3806);
#2767=LINE('',#16578,#3807);
#2768=LINE('',#16582,#3808);
#2769=LINE('',#16586,#3809);
#2770=LINE('',#16590,#3810);
#2771=LINE('',#16594,#3811);
#2772=LINE('',#16598,#3812);
#2773=LINE('',#16602,#3813);
#2774=LINE('',#16606,#3814);
#2775=LINE('',#16610,#3815);
#2776=LINE('',#16614,#3816);
#2777=LINE('',#16615,#3817);
#2778=LINE('',#16619,#3818);
#2779=LINE('',#16622,#3819);
#2780=LINE('',#16625,#3820);
#2781=LINE('',#16628,#3821);
#2782=LINE('',#16629,#3822);
#2783=LINE('',#16633,#3823);
#2784=LINE('',#16636,#3824);
#2785=LINE('',#16639,#3825);
#2786=LINE('',#16642,#3826);
#2787=LINE('',#16643,#3827);
#2788=LINE('',#16647,#3828);
#2789=LINE('',#16650,#3829);
#2790=LINE('',#16654,#3830);
#2791=LINE('',#16655,#3831);
#2792=LINE('',#16659,#3832);
#2793=LINE('',#16661,#3833);
#2794=LINE('',#16663,#3834);
#2795=LINE('',#16664,#3835);
#2796=LINE('',#16668,#3836);
#2797=LINE('',#16674,#3837);
#2798=LINE('',#16675,#3838);
#2799=LINE('',#16676,#3839);
#2800=LINE('',#16680,#3840);
#2801=LINE('',#16686,#3841);
#2802=LINE('',#16687,#3842);
#2803=LINE('',#16688,#3843);
#2804=LINE('',#16692,#3844);
#2805=LINE('',#16698,#3845);
#2806=LINE('',#16699,#3846);
#2807=LINE('',#16700,#3847);
#2808=LINE('',#16706,#3848);
#2809=LINE('',#16709,#3849);
#2810=LINE('',#16712,#3850);
#2811=LINE('',#16713,#3851);
#2812=LINE('',#16716,#3852);
#2813=LINE('',#16720,#3853);
#2814=LINE('',#16721,#3854);
#2815=LINE('',#16756,#3855);
#2816=LINE('',#16759,#3856);
#2817=LINE('',#16762,#3857);
#2818=LINE('',#16764,#3858);
#2819=LINE('',#16767,#3859);
#2820=LINE('',#16769,#3860);
#2821=LINE('',#16772,#3861);
#2822=LINE('',#16807,#3862);
#2823=LINE('',#16809,#3863);
#2824=LINE('',#16810,#3864);
#2825=LINE('',#16814,#3865);
#2826=LINE('',#16820,#3866);
#2827=LINE('',#16821,#3867);
#2828=LINE('',#16822,#3868);
#2829=LINE('',#16826,#3869);
#2830=LINE('',#16831,#3870);
#2831=LINE('',#16832,#3871);
#2832=LINE('',#16833,#3872);
#2833=LINE('',#16836,#3873);
#2834=LINE('',#16840,#3874);
#2835=LINE('',#16841,#3875);
#2836=LINE('',#16845,#3876);
#2837=LINE('',#16846,#3877);
#2838=LINE('',#16848,#3878);
#2839=LINE('',#16857,#3879);
#2840=LINE('',#16861,#3880);
#2841=LINE('',#16867,#3881);
#2842=LINE('',#16870,#3882);
#2843=LINE('',#16875,#3883);
#2844=LINE('',#16878,#3884);
#2845=LINE('',#16883,#3885);
#2846=LINE('',#16886,#3886);
#2847=LINE('',#16891,#3887);
#2848=LINE('',#16894,#3888);
#2849=LINE('',#16899,#3889);
#2850=LINE('',#16902,#3890);
#2851=LINE('',#16907,#3891);
#2852=LINE('',#16910,#3892);
#2853=LINE('',#16915,#3893);
#2854=LINE('',#16918,#3894);
#2855=LINE('',#16923,#3895);
#2856=LINE('',#16926,#3896);
#2857=LINE('',#16931,#3897);
#2858=LINE('',#16934,#3898);
#2859=LINE('',#16939,#3899);
#2860=LINE('',#16942,#3900);
#2861=LINE('',#16947,#3901);
#2862=LINE('',#16950,#3902);
#2863=LINE('',#16955,#3903);
#2864=LINE('',#16958,#3904);
#2865=LINE('',#16963,#3905);
#2866=LINE('',#16966,#3906);
#2867=LINE('',#16971,#3907);
#2868=LINE('',#16974,#3908);
#2869=LINE('',#16979,#3909);
#2870=LINE('',#16982,#3910);
#2871=LINE('',#16987,#3911);
#2872=LINE('',#16990,#3912);
#2873=LINE('',#16995,#3913);
#2874=LINE('',#16998,#3914);
#2875=LINE('',#17003,#3915);
#2876=LINE('',#17006,#3916);
#2877=LINE('',#17011,#3917);
#2878=LINE('',#17014,#3918);
#2879=LINE('',#17019,#3919);
#2880=LINE('',#17022,#3920);
#2881=LINE('',#17027,#3921);
#2882=LINE('',#17030,#3922);
#2883=LINE('',#17035,#3923);
#2884=LINE('',#17038,#3924);
#2885=LINE('',#17043,#3925);
#2886=LINE('',#17046,#3926);
#2887=LINE('',#17051,#3927);
#2888=LINE('',#17054,#3928);
#2889=LINE('',#17059,#3929);
#2890=LINE('',#17062,#3930);
#2891=LINE('',#17065,#3931);
#2892=LINE('',#17069,#3932);
#2893=LINE('',#17073,#3933);
#2894=LINE('',#17077,#3934);
#2895=LINE('',#17081,#3935);
#2896=LINE('',#17085,#3936);
#2897=LINE('',#17089,#3937);
#2898=LINE('',#17093,#3938);
#2899=LINE('',#17097,#3939);
#2900=LINE('',#17101,#3940);
#2901=LINE('',#17105,#3941);
#2902=LINE('',#17109,#3942);
#2903=LINE('',#17113,#3943);
#2904=LINE('',#17117,#3944);
#2905=LINE('',#17121,#3945);
#2906=LINE('',#17125,#3946);
#2907=LINE('',#17129,#3947);
#2908=LINE('',#17133,#3948);
#2909=LINE('',#17137,#3949);
#2910=LINE('',#17141,#3950);
#2911=LINE('',#17145,#3951);
#2912=LINE('',#17149,#3952);
#2913=LINE('',#17153,#3953);
#2914=LINE('',#17157,#3954);
#2915=LINE('',#17161,#3955);
#2916=LINE('',#17165,#3956);
#2917=LINE('',#17169,#3957);
#2918=LINE('',#17173,#3958);
#2919=LINE('',#17177,#3959);
#2920=LINE('',#17181,#3960);
#2921=LINE('',#17189,#3961);
#2922=LINE('',#17192,#3962);
#2923=LINE('',#17195,#3963);
#2924=LINE('',#17197,#3964);
#2925=LINE('',#17201,#3965);
#2926=LINE('',#17204,#3966);
#2927=LINE('',#17207,#3967);
#2928=LINE('',#17209,#3968);
#2929=LINE('',#17213,#3969);
#2930=LINE('',#17216,#3970);
#2931=LINE('',#17219,#3971);
#2932=LINE('',#17221,#3972);
#2933=LINE('',#17225,#3973);
#2934=LINE('',#17228,#3974);
#2935=LINE('',#17231,#3975);
#2936=LINE('',#17233,#3976);
#2937=LINE('',#17253,#3977);
#2938=LINE('',#17265,#3978);
#2939=LINE('',#17268,#3979);
#2940=LINE('',#17272,#3980);
#2941=LINE('',#17285,#3981);
#2942=LINE('',#17297,#3982);
#2943=LINE('',#17300,#3983);
#2944=LINE('',#17304,#3984);
#2945=LINE('',#17317,#3985);
#2946=LINE('',#17369,#3986);
#2947=LINE('',#17371,#3987);
#2948=LINE('',#17374,#3988);
#2949=LINE('',#17377,#3989);
#2950=LINE('',#17381,#3990);
#2951=LINE('',#17383,#3991);
#2952=LINE('',#17386,#3992);
#2953=LINE('',#17389,#3993);
#2954=LINE('',#17401,#3994);
#2955=LINE('',#17404,#3995);
#2956=LINE('',#17407,#3996);
#2957=LINE('',#17409,#3997);
#2958=LINE('',#17413,#3998);
#2959=LINE('',#17416,#3999);
#2960=LINE('',#17419,#4000);
#2961=LINE('',#17421,#4001);
#2962=LINE('',#17425,#4002);
#2963=LINE('',#17428,#4003);
#2964=LINE('',#17431,#4004);
#2965=LINE('',#17433,#4005);
#2966=LINE('',#17437,#4006);
#2967=LINE('',#17440,#4007);
#2968=LINE('',#17443,#4008);
#2969=LINE('',#17445,#4009);
#2970=LINE('',#17465,#4010);
#2971=LINE('',#17477,#4011);
#2972=LINE('',#17480,#4012);
#2973=LINE('',#17484,#4013);
#2974=LINE('',#17497,#4014);
#2975=LINE('',#17509,#4015);
#2976=LINE('',#17512,#4016);
#2977=LINE('',#17516,#4017);
#2978=LINE('',#17529,#4018);
#2979=LINE('',#17581,#4019);
#2980=LINE('',#17583,#4020);
#2981=LINE('',#17586,#4021);
#2982=LINE('',#17589,#4022);
#2983=LINE('',#17593,#4023);
#2984=LINE('',#17595,#4024);
#2985=LINE('',#17598,#4025);
#2986=LINE('',#17601,#4026);
#2987=LINE('',#17613,#4027);
#2988=LINE('',#17616,#4028);
#2989=LINE('',#17619,#4029);
#2990=LINE('',#17621,#4030);
#2991=LINE('',#17625,#4031);
#2992=LINE('',#17628,#4032);
#2993=LINE('',#17631,#4033);
#2994=LINE('',#17633,#4034);
#2995=LINE('',#17637,#4035);
#2996=LINE('',#17640,#4036);
#2997=LINE('',#17643,#4037);
#2998=LINE('',#17645,#4038);
#2999=LINE('',#17649,#4039);
#3000=LINE('',#17652,#4040);
#3001=LINE('',#17655,#4041);
#3002=LINE('',#17657,#4042);
#3003=LINE('',#17677,#4043);
#3004=LINE('',#17689,#4044);
#3005=LINE('',#17692,#4045);
#3006=LINE('',#17696,#4046);
#3007=LINE('',#17709,#4047);
#3008=LINE('',#17721,#4048);
#3009=LINE('',#17724,#4049);
#3010=LINE('',#17728,#4050);
#3011=LINE('',#17741,#4051);
#3012=LINE('',#17793,#4052);
#3013=LINE('',#17795,#4053);
#3014=LINE('',#17798,#4054);
#3015=LINE('',#17801,#4055);
#3016=LINE('',#17805,#4056);
#3017=LINE('',#17807,#4057);
#3018=LINE('',#17810,#4058);
#3019=LINE('',#17813,#4059);
#3020=LINE('',#17825,#4060);
#3021=LINE('',#17828,#4061);
#3022=LINE('',#17831,#4062);
#3023=LINE('',#17833,#4063);
#3024=LINE('',#17837,#4064);
#3025=LINE('',#17840,#4065);
#3026=LINE('',#17843,#4066);
#3027=LINE('',#17845,#4067);
#3028=LINE('',#17849,#4068);
#3029=LINE('',#17852,#4069);
#3030=LINE('',#17855,#4070);
#3031=LINE('',#17857,#4071);
#3032=LINE('',#17861,#4072);
#3033=LINE('',#17864,#4073);
#3034=LINE('',#17867,#4074);
#3035=LINE('',#17869,#4075);
#3036=LINE('',#17889,#4076);
#3037=LINE('',#17901,#4077);
#3038=LINE('',#17904,#4078);
#3039=LINE('',#17908,#4079);
#3040=LINE('',#17921,#4080);
#3041=LINE('',#17925,#4081);
#3042=LINE('',#17938,#4082);
#3043=LINE('',#17942,#4083);
#3044=LINE('',#17955,#4084);
#3045=LINE('',#17959,#4085);
#3046=LINE('',#18008,#4086);
#3047=LINE('',#18012,#4087);
#3048=LINE('',#18015,#4088);
#3049=LINE('',#18018,#4089);
#3050=LINE('',#18021,#4090);
#3051=LINE('',#18025,#4091);
#3052=LINE('',#18028,#4092);
#3053=LINE('',#18036,#4093);
#3054=LINE('',#18038,#4094);
#3055=LINE('',#18041,#4095);
#3056=LINE('',#18044,#4096);
#3057=LINE('',#18046,#4097);
#3058=LINE('',#18050,#4098);
#3059=LINE('',#18052,#4099);
#3060=LINE('',#18056,#4100);
#3061=LINE('',#18058,#4101);
#3062=LINE('',#18059,#4102);
#3063=LINE('',#18062,#4103);
#3064=LINE('',#18066,#4104);
#3065=LINE('',#18067,#4105);
#3066=LINE('',#18072,#4106);
#3067=LINE('',#18075,#4107);
#3068=LINE('',#18078,#4108);
#3069=LINE('',#18079,#4109);
#3070=LINE('',#18081,#4110);
#3071=LINE('',#18083,#4111);
#3072=LINE('',#18084,#4112);
#3073=LINE('',#18086,#4113);
#3074=LINE('',#18088,#4114);
#3075=LINE('',#18092,#4115);
#3076=LINE('',#18096,#4116);
#3077=LINE('',#18098,#4117);
#3078=LINE('',#18099,#4118);
#3079=LINE('',#18102,#4119);
#3080=LINE('',#18106,#4120);
#3081=LINE('',#18107,#4121);
#3082=LINE('',#18112,#4122);
#3083=LINE('',#18115,#4123);
#3084=LINE('',#18118,#4124);
#3085=LINE('',#18119,#4125);
#3086=LINE('',#18121,#4126);
#3087=LINE('',#18122,#4127);
#3088=LINE('',#18124,#4128);
#3089=LINE('',#18127,#4129);
#3090=LINE('',#18130,#4130);
#3091=LINE('',#18132,#4131);
#3092=LINE('',#18136,#4132);
#3093=LINE('',#18138,#4133);
#3094=LINE('',#18139,#4134);
#3095=LINE('',#18142,#4135);
#3096=LINE('',#18146,#4136);
#3097=LINE('',#18147,#4137);
#3098=LINE('',#18152,#4138);
#3099=LINE('',#18155,#4139);
#3100=LINE('',#18158,#4140);
#3101=LINE('',#18159,#4141);
#3102=LINE('',#18161,#4142);
#3103=LINE('',#18162,#4143);
#3104=LINE('',#18164,#4144);
#3105=LINE('',#18167,#4145);
#3106=LINE('',#18170,#4146);
#3107=LINE('',#18172,#4147);
#3108=LINE('',#18176,#4148);
#3109=LINE('',#18178,#4149);
#3110=LINE('',#18179,#4150);
#3111=LINE('',#18182,#4151);
#3112=LINE('',#18186,#4152);
#3113=LINE('',#18187,#4153);
#3114=LINE('',#18192,#4154);
#3115=LINE('',#18195,#4155);
#3116=LINE('',#18198,#4156);
#3117=LINE('',#18199,#4157);
#3118=LINE('',#18201,#4158);
#3119=LINE('',#18202,#4159);
#3120=LINE('',#18204,#4160);
#3121=LINE('',#18207,#4161);
#3122=LINE('',#18210,#4162);
#3123=LINE('',#18212,#4163);
#3124=LINE('',#18216,#4164);
#3125=LINE('',#18218,#4165);
#3126=LINE('',#18219,#4166);
#3127=LINE('',#18222,#4167);
#3128=LINE('',#18226,#4168);
#3129=LINE('',#18227,#4169);
#3130=LINE('',#18232,#4170);
#3131=LINE('',#18235,#4171);
#3132=LINE('',#18238,#4172);
#3133=LINE('',#18239,#4173);
#3134=LINE('',#18241,#4174);
#3135=LINE('',#18242,#4175);
#3136=LINE('',#18244,#4176);
#3137=LINE('',#18247,#4177);
#3138=LINE('',#18250,#4178);
#3139=LINE('',#18252,#4179);
#3140=LINE('',#18256,#4180);
#3141=LINE('',#18258,#4181);
#3142=LINE('',#18259,#4182);
#3143=LINE('',#18262,#4183);
#3144=LINE('',#18266,#4184);
#3145=LINE('',#18267,#4185);
#3146=LINE('',#18272,#4186);
#3147=LINE('',#18275,#4187);
#3148=LINE('',#18278,#4188);
#3149=LINE('',#18279,#4189);
#3150=LINE('',#18281,#4190);
#3151=LINE('',#18282,#4191);
#3152=LINE('',#18284,#4192);
#3153=LINE('',#18287,#4193);
#3154=LINE('',#18290,#4194);
#3155=LINE('',#18292,#4195);
#3156=LINE('',#18296,#4196);
#3157=LINE('',#18298,#4197);
#3158=LINE('',#18299,#4198);
#3159=LINE('',#18302,#4199);
#3160=LINE('',#18306,#4200);
#3161=LINE('',#18307,#4201);
#3162=LINE('',#18312,#4202);
#3163=LINE('',#18315,#4203);
#3164=LINE('',#18318,#4204);
#3165=LINE('',#18319,#4205);
#3166=LINE('',#18321,#4206);
#3167=LINE('',#18322,#4207);
#3168=LINE('',#18324,#4208);
#3169=LINE('',#18327,#4209);
#3170=LINE('',#18330,#4210);
#3171=LINE('',#18332,#4211);
#3172=LINE('',#18336,#4212);
#3173=LINE('',#18338,#4213);
#3174=LINE('',#18339,#4214);
#3175=LINE('',#18342,#4215);
#3176=LINE('',#18346,#4216);
#3177=LINE('',#18347,#4217);
#3178=LINE('',#18352,#4218);
#3179=LINE('',#18355,#4219);
#3180=LINE('',#18358,#4220);
#3181=LINE('',#18359,#4221);
#3182=LINE('',#18361,#4222);
#3183=LINE('',#18362,#4223);
#3184=LINE('',#18364,#4224);
#3185=LINE('',#18367,#4225);
#3186=LINE('',#18370,#4226);
#3187=LINE('',#18372,#4227);
#3188=LINE('',#18376,#4228);
#3189=LINE('',#18378,#4229);
#3190=LINE('',#18379,#4230);
#3191=LINE('',#18382,#4231);
#3192=LINE('',#18386,#4232);
#3193=LINE('',#18387,#4233);
#3194=LINE('',#18392,#4234);
#3195=LINE('',#18395,#4235);
#3196=LINE('',#18398,#4236);
#3197=LINE('',#18399,#4237);
#3198=LINE('',#18401,#4238);
#3199=LINE('',#18402,#4239);
#3200=LINE('',#18404,#4240);
#3201=LINE('',#18407,#4241);
#3202=LINE('',#18410,#4242);
#3203=LINE('',#18412,#4243);
#3204=LINE('',#18416,#4244);
#3205=LINE('',#18418,#4245);
#3206=LINE('',#18419,#4246);
#3207=LINE('',#18422,#4247);
#3208=LINE('',#18426,#4248);
#3209=LINE('',#18427,#4249);
#3210=LINE('',#18432,#4250);
#3211=LINE('',#18435,#4251);
#3212=LINE('',#18438,#4252);
#3213=LINE('',#18439,#4253);
#3214=LINE('',#18441,#4254);
#3215=LINE('',#18442,#4255);
#3216=LINE('',#18444,#4256);
#3217=LINE('',#18447,#4257);
#3218=LINE('',#18450,#4258);
#3219=LINE('',#18452,#4259);
#3220=LINE('',#18456,#4260);
#3221=LINE('',#18458,#4261);
#3222=LINE('',#18459,#4262);
#3223=LINE('',#18462,#4263);
#3224=LINE('',#18466,#4264);
#3225=LINE('',#18467,#4265);
#3226=LINE('',#18472,#4266);
#3227=LINE('',#18475,#4267);
#3228=LINE('',#18478,#4268);
#3229=LINE('',#18479,#4269);
#3230=LINE('',#18481,#4270);
#3231=LINE('',#18482,#4271);
#3232=LINE('',#18484,#4272);
#3233=LINE('',#18487,#4273);
#3234=LINE('',#18490,#4274);
#3235=LINE('',#18492,#4275);
#3236=LINE('',#18496,#4276);
#3237=LINE('',#18498,#4277);
#3238=LINE('',#18499,#4278);
#3239=LINE('',#18502,#4279);
#3240=LINE('',#18506,#4280);
#3241=LINE('',#18507,#4281);
#3242=LINE('',#18512,#4282);
#3243=LINE('',#18515,#4283);
#3244=LINE('',#18518,#4284);
#3245=LINE('',#18519,#4285);
#3246=LINE('',#18521,#4286);
#3247=LINE('',#18522,#4287);
#3248=LINE('',#18524,#4288);
#3249=LINE('',#18527,#4289);
#3250=LINE('',#18530,#4290);
#3251=LINE('',#18532,#4291);
#3252=LINE('',#18536,#4292);
#3253=LINE('',#18538,#4293);
#3254=LINE('',#18539,#4294);
#3255=LINE('',#18542,#4295);
#3256=LINE('',#18546,#4296);
#3257=LINE('',#18547,#4297);
#3258=LINE('',#18552,#4298);
#3259=LINE('',#18555,#4299);
#3260=LINE('',#18558,#4300);
#3261=LINE('',#18559,#4301);
#3262=LINE('',#18561,#4302);
#3263=LINE('',#18562,#4303);
#3264=LINE('',#18564,#4304);
#3265=LINE('',#18567,#4305);
#3266=LINE('',#18570,#4306);
#3267=LINE('',#18572,#4307);
#3268=LINE('',#18576,#4308);
#3269=LINE('',#18578,#4309);
#3270=LINE('',#18579,#4310);
#3271=LINE('',#18582,#4311);
#3272=LINE('',#18586,#4312);
#3273=LINE('',#18587,#4313);
#3274=LINE('',#18592,#4314);
#3275=LINE('',#18595,#4315);
#3276=LINE('',#18598,#4316);
#3277=LINE('',#18599,#4317);
#3278=LINE('',#18601,#4318);
#3279=LINE('',#18602,#4319);
#3280=LINE('',#18604,#4320);
#3281=LINE('',#18607,#4321);
#3282=LINE('',#18610,#4322);
#3283=LINE('',#18612,#4323);
#3284=LINE('',#18616,#4324);
#3285=LINE('',#18618,#4325);
#3286=LINE('',#18619,#4326);
#3287=LINE('',#18622,#4327);
#3288=LINE('',#18626,#4328);
#3289=LINE('',#18627,#4329);
#3290=LINE('',#18632,#4330);
#3291=LINE('',#18635,#4331);
#3292=LINE('',#18638,#4332);
#3293=LINE('',#18639,#4333);
#3294=LINE('',#18641,#4334);
#3295=LINE('',#18642,#4335);
#3296=LINE('',#18644,#4336);
#3297=LINE('',#18647,#4337);
#3298=LINE('',#18650,#4338);
#3299=LINE('',#18652,#4339);
#3300=LINE('',#18656,#4340);
#3301=LINE('',#18658,#4341);
#3302=LINE('',#18659,#4342);
#3303=LINE('',#18662,#4343);
#3304=LINE('',#18666,#4344);
#3305=LINE('',#18667,#4345);
#3306=LINE('',#18672,#4346);
#3307=LINE('',#18675,#4347);
#3308=LINE('',#18678,#4348);
#3309=LINE('',#18679,#4349);
#3310=LINE('',#18681,#4350);
#3311=LINE('',#18682,#4351);
#3312=LINE('',#18684,#4352);
#3313=LINE('',#18687,#4353);
#3314=LINE('',#18690,#4354);
#3315=LINE('',#18692,#4355);
#3316=LINE('',#18696,#4356);
#3317=LINE('',#18698,#4357);
#3318=LINE('',#18699,#4358);
#3319=LINE('',#18702,#4359);
#3320=LINE('',#18706,#4360);
#3321=LINE('',#18707,#4361);
#3322=LINE('',#18712,#4362);
#3323=LINE('',#18715,#4363);
#3324=LINE('',#18718,#4364);
#3325=LINE('',#18719,#4365);
#3326=LINE('',#18721,#4366);
#3327=LINE('',#18722,#4367);
#3328=LINE('',#18724,#4368);
#3329=LINE('',#18727,#4369);
#3330=LINE('',#18730,#4370);
#3331=LINE('',#18732,#4371);
#3332=LINE('',#18736,#4372);
#3333=LINE('',#18738,#4373);
#3334=LINE('',#18739,#4374);
#3335=LINE('',#18742,#4375);
#3336=LINE('',#18746,#4376);
#3337=LINE('',#18747,#4377);
#3338=LINE('',#18752,#4378);
#3339=LINE('',#18755,#4379);
#3340=LINE('',#18758,#4380);
#3341=LINE('',#18759,#4381);
#3342=LINE('',#18761,#4382);
#3343=LINE('',#18762,#4383);
#3344=LINE('',#18764,#4384);
#3345=LINE('',#18767,#4385);
#3346=LINE('',#18770,#4386);
#3347=LINE('',#18772,#4387);
#3348=LINE('',#18776,#4388);
#3349=LINE('',#18778,#4389);
#3350=LINE('',#18779,#4390);
#3351=LINE('',#18782,#4391);
#3352=LINE('',#18786,#4392);
#3353=LINE('',#18787,#4393);
#3354=LINE('',#18792,#4394);
#3355=LINE('',#18795,#4395);
#3356=LINE('',#18798,#4396);
#3357=LINE('',#18799,#4397);
#3358=LINE('',#18801,#4398);
#3359=LINE('',#18802,#4399);
#3360=LINE('',#18804,#4400);
#3361=LINE('',#18807,#4401);
#3362=LINE('',#18810,#4402);
#3363=LINE('',#18812,#4403);
#3364=LINE('',#18816,#4404);
#3365=LINE('',#18818,#4405);
#3366=LINE('',#18819,#4406);
#3367=LINE('',#18822,#4407);
#3368=LINE('',#18826,#4408);
#3369=LINE('',#18827,#4409);
#3370=LINE('',#18832,#4410);
#3371=LINE('',#18835,#4411);
#3372=LINE('',#18838,#4412);
#3373=LINE('',#18839,#4413);
#3374=LINE('',#18841,#4414);
#3375=LINE('',#18842,#4415);
#3376=LINE('',#18844,#4416);
#3377=LINE('',#18847,#4417);
#3378=LINE('',#18850,#4418);
#3379=LINE('',#18852,#4419);
#3380=LINE('',#18856,#4420);
#3381=LINE('',#18858,#4421);
#3382=LINE('',#18859,#4422);
#3383=LINE('',#18862,#4423);
#3384=LINE('',#18866,#4424);
#3385=LINE('',#18867,#4425);
#3386=LINE('',#18872,#4426);
#3387=LINE('',#18875,#4427);
#3388=LINE('',#18878,#4428);
#3389=LINE('',#18879,#4429);
#3390=LINE('',#18881,#4430);
#3391=LINE('',#18882,#4431);
#3392=LINE('',#18884,#4432);
#3393=LINE('',#18887,#4433);
#3394=LINE('',#18890,#4434);
#3395=LINE('',#18892,#4435);
#3396=LINE('',#18896,#4436);
#3397=LINE('',#18898,#4437);
#3398=LINE('',#18899,#4438);
#3399=LINE('',#18902,#4439);
#3400=LINE('',#18906,#4440);
#3401=LINE('',#18907,#4441);
#3402=LINE('',#18912,#4442);
#3403=LINE('',#18915,#4443);
#3404=LINE('',#18918,#4444);
#3405=LINE('',#18919,#4445);
#3406=LINE('',#18921,#4446);
#3407=LINE('',#18922,#4447);
#3408=LINE('',#18924,#4448);
#3409=LINE('',#18927,#4449);
#3410=LINE('',#18930,#4450);
#3411=LINE('',#18932,#4451);
#3412=LINE('',#18936,#4452);
#3413=LINE('',#18938,#4453);
#3414=LINE('',#18939,#4454);
#3415=LINE('',#18942,#4455);
#3416=LINE('',#18946,#4456);
#3417=LINE('',#18947,#4457);
#3418=LINE('',#18952,#4458);
#3419=LINE('',#18955,#4459);
#3420=LINE('',#18958,#4460);
#3421=LINE('',#18959,#4461);
#3422=LINE('',#18961,#4462);
#3423=LINE('',#18962,#4463);
#3424=LINE('',#18964,#4464);
#3425=LINE('',#18967,#4465);
#3426=LINE('',#18970,#4466);
#3427=LINE('',#18972,#4467);
#3428=LINE('',#18976,#4468);
#3429=LINE('',#18978,#4469);
#3430=LINE('',#18979,#4470);
#3431=LINE('',#18982,#4471);
#3432=LINE('',#18986,#4472);
#3433=LINE('',#18987,#4473);
#3434=LINE('',#18992,#4474);
#3435=LINE('',#18995,#4475);
#3436=LINE('',#18998,#4476);
#3437=LINE('',#18999,#4477);
#3438=LINE('',#19001,#4478);
#3439=LINE('',#19002,#4479);
#3440=LINE('',#19004,#4480);
#3441=LINE('',#19007,#4481);
#3442=LINE('',#19010,#4482);
#3443=LINE('',#19012,#4483);
#3444=LINE('',#19016,#4484);
#3445=LINE('',#19018,#4485);
#3446=LINE('',#19019,#4486);
#3447=LINE('',#19022,#4487);
#3448=LINE('',#19026,#4488);
#3449=LINE('',#19027,#4489);
#3450=LINE('',#19032,#4490);
#3451=LINE('',#19035,#4491);
#3452=LINE('',#19038,#4492);
#3453=LINE('',#19039,#4493);
#3454=LINE('',#19041,#4494);
#3455=LINE('',#19042,#4495);
#3456=LINE('',#19044,#4496);
#3457=LINE('',#19047,#4497);
#3458=LINE('',#19050,#4498);
#3459=LINE('',#19052,#4499);
#3460=LINE('',#19056,#4500);
#3461=LINE('',#19058,#4501);
#3462=LINE('',#19059,#4502);
#3463=LINE('',#19062,#4503);
#3464=LINE('',#19066,#4504);
#3465=LINE('',#19067,#4505);
#3466=LINE('',#19072,#4506);
#3467=LINE('',#19075,#4507);
#3468=LINE('',#19078,#4508);
#3469=LINE('',#19079,#4509);
#3470=LINE('',#19081,#4510);
#3471=LINE('',#19082,#4511);
#3472=LINE('',#19084,#4512);
#3473=LINE('',#19087,#4513);
#3474=LINE('',#19090,#4514);
#3475=LINE('',#19092,#4515);
#3476=LINE('',#19096,#4516);
#3477=LINE('',#19098,#4517);
#3478=LINE('',#19099,#4518);
#3479=LINE('',#19102,#4519);
#3480=LINE('',#19106,#4520);
#3481=LINE('',#19107,#4521);
#3482=LINE('',#19112,#4522);
#3483=LINE('',#19115,#4523);
#3484=LINE('',#19118,#4524);
#3485=LINE('',#19119,#4525);
#3486=LINE('',#19121,#4526);
#3487=LINE('',#19123,#4527);
#3488=LINE('',#19124,#4528);
#3489=LINE('',#19126,#4529);
#3490=LINE('',#19128,#4530);
#3491=LINE('',#19132,#4531);
#3492=LINE('',#19136,#4532);
#3493=LINE('',#19138,#4533);
#3494=LINE('',#19139,#4534);
#3495=LINE('',#19142,#4535);
#3496=LINE('',#19146,#4536);
#3497=LINE('',#19147,#4537);
#3498=LINE('',#19152,#4538);
#3499=LINE('',#19155,#4539);
#3500=LINE('',#19158,#4540);
#3501=LINE('',#19159,#4541);
#3502=LINE('',#19161,#4542);
#3503=LINE('',#19163,#4543);
#3504=LINE('',#19164,#4544);
#3505=LINE('',#19166,#4545);
#3506=LINE('',#19168,#4546);
#3507=LINE('',#19172,#4547);
#3508=LINE('',#19176,#4548);
#3509=LINE('',#19178,#4549);
#3510=LINE('',#19179,#4550);
#3511=LINE('',#19182,#4551);
#3512=LINE('',#19186,#4552);
#3513=LINE('',#19187,#4553);
#3514=LINE('',#19192,#4554);
#3515=LINE('',#19195,#4555);
#3516=LINE('',#19198,#4556);
#3517=LINE('',#19199,#4557);
#3518=LINE('',#19201,#4558);
#3519=LINE('',#19203,#4559);
#3520=LINE('',#19204,#4560);
#3521=LINE('',#19206,#4561);
#3522=LINE('',#19208,#4562);
#3523=LINE('',#19212,#4563);
#3524=LINE('',#19216,#4564);
#3525=LINE('',#19218,#4565);
#3526=LINE('',#19219,#4566);
#3527=LINE('',#19222,#4567);
#3528=LINE('',#19226,#4568);
#3529=LINE('',#19227,#4569);
#3530=LINE('',#19232,#4570);
#3531=LINE('',#19235,#4571);
#3532=LINE('',#19238,#4572);
#3533=LINE('',#19239,#4573);
#3534=LINE('',#19241,#4574);
#3535=LINE('',#19243,#4575);
#3536=LINE('',#19244,#4576);
#3537=LINE('',#19246,#4577);
#3538=LINE('',#19248,#4578);
#3539=LINE('',#19252,#4579);
#3540=LINE('',#19256,#4580);
#3541=LINE('',#19258,#4581);
#3542=LINE('',#19259,#4582);
#3543=LINE('',#19262,#4583);
#3544=LINE('',#19266,#4584);
#3545=LINE('',#19267,#4585);
#3546=LINE('',#19272,#4586);
#3547=LINE('',#19275,#4587);
#3548=LINE('',#19278,#4588);
#3549=LINE('',#19279,#4589);
#3550=LINE('',#19281,#4590);
#3551=LINE('',#19283,#4591);
#3552=LINE('',#19284,#4592);
#3553=LINE('',#19286,#4593);
#3554=LINE('',#19288,#4594);
#3555=LINE('',#19292,#4595);
#3556=LINE('',#19296,#4596);
#3557=LINE('',#19298,#4597);
#3558=LINE('',#19299,#4598);
#3559=LINE('',#19302,#4599);
#3560=LINE('',#19306,#4600);
#3561=LINE('',#19307,#4601);
#3562=LINE('',#19312,#4602);
#3563=LINE('',#19315,#4603);
#3564=LINE('',#19318,#4604);
#3565=LINE('',#19319,#4605);
#3566=LINE('',#19321,#4606);
#3567=LINE('',#19323,#4607);
#3568=LINE('',#19324,#4608);
#3569=LINE('',#19326,#4609);
#3570=LINE('',#19328,#4610);
#3571=LINE('',#19332,#4611);
#3572=LINE('',#19336,#4612);
#3573=LINE('',#19338,#4613);
#3574=LINE('',#19339,#4614);
#3575=LINE('',#19342,#4615);
#3576=LINE('',#19346,#4616);
#3577=LINE('',#19347,#4617);
#3578=LINE('',#19352,#4618);
#3579=LINE('',#19355,#4619);
#3580=LINE('',#19358,#4620);
#3581=LINE('',#19359,#4621);
#3582=LINE('',#19361,#4622);
#3583=LINE('',#19363,#4623);
#3584=LINE('',#19364,#4624);
#3585=LINE('',#19366,#4625);
#3586=LINE('',#19368,#4626);
#3587=LINE('',#19372,#4627);
#3588=LINE('',#19376,#4628);
#3589=LINE('',#19378,#4629);
#3590=LINE('',#19379,#4630);
#3591=LINE('',#19382,#4631);
#3592=LINE('',#19386,#4632);
#3593=LINE('',#19387,#4633);
#3594=LINE('',#19392,#4634);
#3595=LINE('',#19395,#4635);
#3596=LINE('',#19398,#4636);
#3597=LINE('',#19399,#4637);
#3598=LINE('',#19401,#4638);
#3599=LINE('',#19403,#4639);
#3600=LINE('',#19404,#4640);
#3601=LINE('',#19406,#4641);
#3602=LINE('',#19408,#4642);
#3603=LINE('',#19412,#4643);
#3604=LINE('',#19416,#4644);
#3605=LINE('',#19418,#4645);
#3606=LINE('',#19419,#4646);
#3607=LINE('',#19422,#4647);
#3608=LINE('',#19426,#4648);
#3609=LINE('',#19427,#4649);
#3610=LINE('',#19432,#4650);
#3611=LINE('',#19435,#4651);
#3612=LINE('',#19438,#4652);
#3613=LINE('',#19439,#4653);
#3614=LINE('',#19441,#4654);
#3615=LINE('',#19443,#4655);
#3616=LINE('',#19444,#4656);
#3617=LINE('',#19446,#4657);
#3618=LINE('',#19448,#4658);
#3619=LINE('',#19452,#4659);
#3620=LINE('',#19456,#4660);
#3621=LINE('',#19458,#4661);
#3622=LINE('',#19459,#4662);
#3623=LINE('',#19462,#4663);
#3624=LINE('',#19466,#4664);
#3625=LINE('',#19467,#4665);
#3626=LINE('',#19472,#4666);
#3627=LINE('',#19475,#4667);
#3628=LINE('',#19478,#4668);
#3629=LINE('',#19479,#4669);
#3630=LINE('',#19481,#4670);
#3631=LINE('',#19483,#4671);
#3632=LINE('',#19484,#4672);
#3633=LINE('',#19486,#4673);
#3634=LINE('',#19488,#4674);
#3635=LINE('',#19492,#4675);
#3636=LINE('',#19496,#4676);
#3637=LINE('',#19498,#4677);
#3638=LINE('',#19499,#4678);
#3639=LINE('',#19502,#4679);
#3640=LINE('',#19506,#4680);
#3641=LINE('',#19507,#4681);
#3642=LINE('',#19512,#4682);
#3643=LINE('',#19515,#4683);
#3644=LINE('',#19518,#4684);
#3645=LINE('',#19519,#4685);
#3646=LINE('',#19521,#4686);
#3647=LINE('',#19523,#4687);
#3648=LINE('',#19524,#4688);
#3649=LINE('',#19526,#4689);
#3650=LINE('',#19528,#4690);
#3651=LINE('',#19532,#4691);
#3652=LINE('',#19536,#4692);
#3653=LINE('',#19538,#4693);
#3654=LINE('',#19539,#4694);
#3655=LINE('',#19542,#4695);
#3656=LINE('',#19546,#4696);
#3657=LINE('',#19547,#4697);
#3658=LINE('',#19552,#4698);
#3659=LINE('',#19555,#4699);
#3660=LINE('',#19558,#4700);
#3661=LINE('',#19559,#4701);
#3662=LINE('',#19561,#4702);
#3663=LINE('',#19563,#4703);
#3664=LINE('',#19564,#4704);
#3665=LINE('',#19566,#4705);
#3666=LINE('',#19568,#4706);
#3667=LINE('',#19572,#4707);
#3668=LINE('',#19576,#4708);
#3669=LINE('',#19578,#4709);
#3670=LINE('',#19579,#4710);
#3671=LINE('',#19582,#4711);
#3672=LINE('',#19586,#4712);
#3673=LINE('',#19587,#4713);
#3674=LINE('',#19592,#4714);
#3675=LINE('',#19595,#4715);
#3676=LINE('',#19598,#4716);
#3677=LINE('',#19599,#4717);
#3678=LINE('',#19601,#4718);
#3679=LINE('',#19603,#4719);
#3680=LINE('',#19604,#4720);
#3681=LINE('',#19606,#4721);
#3682=LINE('',#19608,#4722);
#3683=LINE('',#19612,#4723);
#3684=LINE('',#19616,#4724);
#3685=LINE('',#19618,#4725);
#3686=LINE('',#19619,#4726);
#3687=LINE('',#19622,#4727);
#3688=LINE('',#19626,#4728);
#3689=LINE('',#19627,#4729);
#3690=LINE('',#19632,#4730);
#3691=LINE('',#19635,#4731);
#3692=LINE('',#19638,#4732);
#3693=LINE('',#19639,#4733);
#3694=LINE('',#19641,#4734);
#3695=LINE('',#19643,#4735);
#3696=LINE('',#19644,#4736);
#3697=LINE('',#19646,#4737);
#3698=LINE('',#19648,#4738);
#3699=LINE('',#19652,#4739);
#3700=LINE('',#19656,#4740);
#3701=LINE('',#19658,#4741);
#3702=LINE('',#19659,#4742);
#3703=LINE('',#19662,#4743);
#3704=LINE('',#19666,#4744);
#3705=LINE('',#19667,#4745);
#3706=LINE('',#19672,#4746);
#3707=LINE('',#19675,#4747);
#3708=LINE('',#19678,#4748);
#3709=LINE('',#19679,#4749);
#3710=LINE('',#19681,#4750);
#3711=LINE('',#19683,#4751);
#3712=LINE('',#19684,#4752);
#3713=LINE('',#19686,#4753);
#3714=LINE('',#19688,#4754);
#3715=LINE('',#19692,#4755);
#3716=VECTOR('',#12696,10.);
#3717=VECTOR('',#12699,10.);
#3718=VECTOR('',#12702,10.);
#3719=VECTOR('',#12703,10.);
#3720=VECTOR('',#12704,10.);
#3721=VECTOR('',#12709,10.);
#3722=VECTOR('',#12712,10.);
#3723=VECTOR('',#12715,10.);
#3724=VECTOR('',#12718,10.);
#3725=VECTOR('',#12719,10.);
#3726=VECTOR('',#12722,10.);
#3727=VECTOR('',#12725,10.);
#3728=VECTOR('',#12728,10.);
#3729=VECTOR('',#12731,10.);
#3730=VECTOR('',#12734,10.);
#3731=VECTOR('',#12737,10.);
#3732=VECTOR('',#12740,10.);
#3733=VECTOR('',#12743,10.);
#3734=VECTOR('',#12746,10.);
#3735=VECTOR('',#12749,10.);
#3736=VECTOR('',#12752,10.);
#3737=VECTOR('',#12755,10.);
#3738=VECTOR('',#12758,10.);
#3739=VECTOR('',#12761,10.);
#3740=VECTOR('',#12764,10.);
#3741=VECTOR('',#12767,10.);
#3742=VECTOR('',#12770,10.);
#3743=VECTOR('',#12773,10.);
#3744=VECTOR('',#12776,10.);
#3745=VECTOR('',#12779,10.);
#3746=VECTOR('',#12782,10.);
#3747=VECTOR('',#12785,10.);
#3748=VECTOR('',#12788,10.);
#3749=VECTOR('',#12791,10.);
#3750=VECTOR('',#12794,10.);
#3751=VECTOR('',#12797,10.);
#3752=VECTOR('',#12800,10.);
#3753=VECTOR('',#12803,10.);
#3754=VECTOR('',#12806,10.);
#3755=VECTOR('',#12809,10.);
#3756=VECTOR('',#12812,10.);
#3757=VECTOR('',#12815,10.);
#3758=VECTOR('',#12818,10.);
#3759=VECTOR('',#12821,10.);
#3760=VECTOR('',#12824,10.);
#3761=VECTOR('',#12827,10.);
#3762=VECTOR('',#12830,10.);
#3763=VECTOR('',#12833,10.);
#3764=VECTOR('',#12836,10.);
#3765=VECTOR('',#12839,10.);
#3766=VECTOR('',#12842,10.);
#3767=VECTOR('',#12845,10.);
#3768=VECTOR('',#12848,10.);
#3769=VECTOR('',#12851,10.);
#3770=VECTOR('',#12854,10.);
#3771=VECTOR('',#12857,10.);
#3772=VECTOR('',#12860,10.);
#3773=VECTOR('',#12863,10.);
#3774=VECTOR('',#12866,10.);
#3775=VECTOR('',#12869,10.);
#3776=VECTOR('',#12872,10.);
#3777=VECTOR('',#12875,10.);
#3778=VECTOR('',#12878,10.);
#3779=VECTOR('',#12881,10.);
#3780=VECTOR('',#12884,10.);
#3781=VECTOR('',#12887,10.);
#3782=VECTOR('',#12890,10.);
#3783=VECTOR('',#12893,10.);
#3784=VECTOR('',#12896,10.);
#3785=VECTOR('',#12899,10.);
#3786=VECTOR('',#12902,10.);
#3787=VECTOR('',#12905,10.);
#3788=VECTOR('',#12908,10.);
#3789=VECTOR('',#12911,10.);
#3790=VECTOR('',#12914,10.);
#3791=VECTOR('',#12917,10.);
#3792=VECTOR('',#12920,10.);
#3793=VECTOR('',#12923,10.);
#3794=VECTOR('',#12926,10.);
#3795=VECTOR('',#12929,10.);
#3796=VECTOR('',#12932,10.);
#3797=VECTOR('',#12935,10.);
#3798=VECTOR('',#12938,10.);
#3799=VECTOR('',#12941,10.);
#3800=VECTOR('',#12944,10.);
#3801=VECTOR('',#12947,10.);
#3802=VECTOR('',#12950,10.);
#3803=VECTOR('',#12953,10.);
#3804=VECTOR('',#12956,10.);
#3805=VECTOR('',#12959,10.);
#3806=VECTOR('',#12962,10.);
#3807=VECTOR('',#12965,10.);
#3808=VECTOR('',#12968,10.);
#3809=VECTOR('',#12971,10.);
#3810=VECTOR('',#12974,10.);
#3811=VECTOR('',#12977,10.);
#3812=VECTOR('',#12980,10.);
#3813=VECTOR('',#12983,10.);
#3814=VECTOR('',#12986,10.);
#3815=VECTOR('',#12989,10.);
#3816=VECTOR('',#12994,10.);
#3817=VECTOR('',#12995,10.);
#3818=VECTOR('',#13000,10.);
#3819=VECTOR('',#13003,10.);
#3820=VECTOR('',#13006,10.);
#3821=VECTOR('',#13009,10.);
#3822=VECTOR('',#13010,10.);
#3823=VECTOR('',#13015,10.);
#3824=VECTOR('',#13018,10.);
#3825=VECTOR('',#13021,10.);
#3826=VECTOR('',#13024,10.);
#3827=VECTOR('',#13025,10.);
#3828=VECTOR('',#13030,10.);
#3829=VECTOR('',#13033,10.);
#3830=VECTOR('',#13038,10.);
#3831=VECTOR('',#13039,10.);
#3832=VECTOR('',#13042,10.);
#3833=VECTOR('',#13043,10.);
#3834=VECTOR('',#13044,10.);
#3835=VECTOR('',#13045,10.);
#3836=VECTOR('',#13048,10.);
#3837=VECTOR('',#13055,10.);
#3838=VECTOR('',#13056,10.);
#3839=VECTOR('',#13057,10.);
#3840=VECTOR('',#13060,10.);
#3841=VECTOR('',#13067,10.);
#3842=VECTOR('',#13068,10.);
#3843=VECTOR('',#13069,10.);
#3844=VECTOR('',#13072,10.);
#3845=VECTOR('',#13079,10.);
#3846=VECTOR('',#13080,10.);
#3847=VECTOR('',#13081,10.);
#3848=VECTOR('',#13090,10.);
#3849=VECTOR('',#13093,10.);
#3850=VECTOR('',#13096,10.);
#3851=VECTOR('',#13097,10.);
#3852=VECTOR('',#13100,10.);
#3853=VECTOR('',#13105,10.);
#3854=VECTOR('',#13106,10.);
#3855=VECTOR('',#13141,10.);
#3856=VECTOR('',#13144,10.);
#3857=VECTOR('',#13147,10.);
#3858=VECTOR('',#13148,10.);
#3859=VECTOR('',#13151,10.);
#3860=VECTOR('',#13152,10.);
#3861=VECTOR('',#13155,10.);
#3862=VECTOR('',#13190,10.);
#3863=VECTOR('',#13191,10.);
#3864=VECTOR('',#13192,10.);
#3865=VECTOR('',#13195,10.);
#3866=VECTOR('',#13202,10.);
#3867=VECTOR('',#13203,10.);
#3868=VECTOR('',#13204,10.);
#3869=VECTOR('',#13207,10.);
#3870=VECTOR('',#13214,10.);
#3871=VECTOR('',#13215,10.);
#3872=VECTOR('',#13216,10.);
#3873=VECTOR('',#13219,10.);
#3874=VECTOR('',#13224,10.);
#3875=VECTOR('',#13225,10.);
#3876=VECTOR('',#13232,10.);
#3877=VECTOR('',#13233,10.);
#3878=VECTOR('',#13236,10.);
#3879=VECTOR('',#13245,10.);
#3880=VECTOR('',#13248,10.);
#3881=VECTOR('',#13253,10.);
#3882=VECTOR('',#13256,10.);
#3883=VECTOR('',#13259,10.);
#3884=VECTOR('',#13262,10.);
#3885=VECTOR('',#13265,10.);
#3886=VECTOR('',#13268,10.);
#3887=VECTOR('',#13271,10.);
#3888=VECTOR('',#13274,10.);
#3889=VECTOR('',#13277,10.);
#3890=VECTOR('',#13280,10.);
#3891=VECTOR('',#13283,10.);
#3892=VECTOR('',#13286,10.);
#3893=VECTOR('',#13289,10.);
#3894=VECTOR('',#13292,10.);
#3895=VECTOR('',#13295,10.);
#3896=VECTOR('',#13298,10.);
#3897=VECTOR('',#13301,10.);
#3898=VECTOR('',#13304,10.);
#3899=VECTOR('',#13307,10.);
#3900=VECTOR('',#13310,10.);
#3901=VECTOR('',#13313,10.);
#3902=VECTOR('',#13316,10.);
#3903=VECTOR('',#13319,10.);
#3904=VECTOR('',#13322,10.);
#3905=VECTOR('',#13325,10.);
#3906=VECTOR('',#13328,10.);
#3907=VECTOR('',#13331,10.);
#3908=VECTOR('',#13334,10.);
#3909=VECTOR('',#13337,10.);
#3910=VECTOR('',#13340,10.);
#3911=VECTOR('',#13343,10.);
#3912=VECTOR('',#13346,10.);
#3913=VECTOR('',#13349,10.);
#3914=VECTOR('',#13352,10.);
#3915=VECTOR('',#13355,10.);
#3916=VECTOR('',#13358,10.);
#3917=VECTOR('',#13361,10.);
#3918=VECTOR('',#13364,10.);
#3919=VECTOR('',#13367,10.);
#3920=VECTOR('',#13370,10.);
#3921=VECTOR('',#13373,10.);
#3922=VECTOR('',#13376,10.);
#3923=VECTOR('',#13379,10.);
#3924=VECTOR('',#13382,10.);
#3925=VECTOR('',#13385,10.);
#3926=VECTOR('',#13388,10.);
#3927=VECTOR('',#13391,10.);
#3928=VECTOR('',#13394,10.);
#3929=VECTOR('',#13397,10.);
#3930=VECTOR('',#13400,10.);
#3931=VECTOR('',#13401,10.);
#3932=VECTOR('',#13404,10.);
#3933=VECTOR('',#13407,10.);
#3934=VECTOR('',#13410,10.);
#3935=VECTOR('',#13413,10.);
#3936=VECTOR('',#13416,10.);
#3937=VECTOR('',#13419,10.);
#3938=VECTOR('',#13422,10.);
#3939=VECTOR('',#13425,10.);
#3940=VECTOR('',#13428,10.);
#3941=VECTOR('',#13431,10.);
#3942=VECTOR('',#13434,10.);
#3943=VECTOR('',#13437,10.);
#3944=VECTOR('',#13440,10.);
#3945=VECTOR('',#13443,10.);
#3946=VECTOR('',#13446,10.);
#3947=VECTOR('',#13449,10.);
#3948=VECTOR('',#13452,10.);
#3949=VECTOR('',#13455,10.);
#3950=VECTOR('',#13458,10.);
#3951=VECTOR('',#13461,10.);
#3952=VECTOR('',#13464,10.);
#3953=VECTOR('',#13467,10.);
#3954=VECTOR('',#13470,10.);
#3955=VECTOR('',#13473,10.);
#3956=VECTOR('',#13476,10.);
#3957=VECTOR('',#13479,10.);
#3958=VECTOR('',#13482,10.);
#3959=VECTOR('',#13485,10.);
#3960=VECTOR('',#13488,10.);
#3961=VECTOR('',#13497,10.);
#3962=VECTOR('',#13500,10.);
#3963=VECTOR('',#13503,10.);
#3964=VECTOR('',#13504,10.);
#3965=VECTOR('',#13509,10.);
#3966=VECTOR('',#13512,10.);
#3967=VECTOR('',#13515,10.);
#3968=VECTOR('',#13516,10.);
#3969=VECTOR('',#13521,10.);
#3970=VECTOR('',#13524,10.);
#3971=VECTOR('',#13527,10.);
#3972=VECTOR('',#13528,10.);
#3973=VECTOR('',#13533,10.);
#3974=VECTOR('',#13536,10.);
#3975=VECTOR('',#13539,10.);
#3976=VECTOR('',#13540,10.);
#3977=VECTOR('',#13577,0.600000000000007);
#3978=VECTOR('',#13580,10.);
#3979=VECTOR('',#13583,0.600000000000007);
#3980=VECTOR('',#13588,10.);
#3981=VECTOR('',#13593,0.59999999999999);
#3982=VECTOR('',#13596,10.);
#3983=VECTOR('',#13599,0.59999999999999);
#3984=VECTOR('',#13604,10.);
#3985=VECTOR('',#13609,3.45);
#3986=VECTOR('',#13630,0.600000000000007);
#3987=VECTOR('',#13633,10.);
#3988=VECTOR('',#13636,0.600000000000007);
#3989=VECTOR('',#13641,10.);
#3990=VECTOR('',#13646,0.600000000000007);
#3991=VECTOR('',#13649,10.);
#3992=VECTOR('',#13652,0.600000000000007);
#3993=VECTOR('',#13657,10.);
#3994=VECTOR('',#13678,10.);
#3995=VECTOR('',#13681,10.);
#3996=VECTOR('',#13684,10.);
#3997=VECTOR('',#13685,10.);
#3998=VECTOR('',#13690,10.);
#3999=VECTOR('',#13693,10.);
#4000=VECTOR('',#13696,10.);
#4001=VECTOR('',#13697,10.);
#4002=VECTOR('',#13702,10.);
#4003=VECTOR('',#13705,10.);
#4004=VECTOR('',#13708,10.);
#4005=VECTOR('',#13709,10.);
#4006=VECTOR('',#13714,10.);
#4007=VECTOR('',#13717,10.);
#4008=VECTOR('',#13720,10.);
#4009=VECTOR('',#13721,10.);
#4010=VECTOR('',#13758,0.600000000000007);
#4011=VECTOR('',#13761,10.);
#4012=VECTOR('',#13764,0.600000000000007);
#4013=VECTOR('',#13769,10.);
#4014=VECTOR('',#13774,0.59999999999999);
#4015=VECTOR('',#13777,10.);
#4016=VECTOR('',#13780,0.59999999999999);
#4017=VECTOR('',#13785,10.);
#4018=VECTOR('',#13790,3.45);
#4019=VECTOR('',#13811,0.600000000000007);
#4020=VECTOR('',#13814,10.);
#4021=VECTOR('',#13817,0.600000000000007);
#4022=VECTOR('',#13822,10.);
#4023=VECTOR('',#13827,0.600000000000007);
#4024=VECTOR('',#13830,10.);
#4025=VECTOR('',#13833,0.600000000000007);
#4026=VECTOR('',#13838,10.);
#4027=VECTOR('',#13859,10.);
#4028=VECTOR('',#13862,10.);
#4029=VECTOR('',#13865,10.);
#4030=VECTOR('',#13866,10.);
#4031=VECTOR('',#13871,10.);
#4032=VECTOR('',#13874,10.);
#4033=VECTOR('',#13877,10.);
#4034=VECTOR('',#13878,10.);
#4035=VECTOR('',#13883,10.);
#4036=VECTOR('',#13886,10.);
#4037=VECTOR('',#13889,10.);
#4038=VECTOR('',#13890,10.);
#4039=VECTOR('',#13895,10.);
#4040=VECTOR('',#13898,10.);
#4041=VECTOR('',#13901,10.);
#4042=VECTOR('',#13902,10.);
#4043=VECTOR('',#13939,0.600000000000007);
#4044=VECTOR('',#13942,10.);
#4045=VECTOR('',#13945,0.600000000000007);
#4046=VECTOR('',#13950,10.);
#4047=VECTOR('',#13955,0.59999999999999);
#4048=VECTOR('',#13958,10.);
#4049=VECTOR('',#13961,0.59999999999999);
#4050=VECTOR('',#13966,10.);
#4051=VECTOR('',#13971,3.45);
#4052=VECTOR('',#13992,0.600000000000007);
#4053=VECTOR('',#13995,10.);
#4054=VECTOR('',#13998,0.600000000000007);
#4055=VECTOR('',#14003,10.);
#4056=VECTOR('',#14008,0.600000000000007);
#4057=VECTOR('',#14011,10.);
#4058=VECTOR('',#14014,0.600000000000007);
#4059=VECTOR('',#14019,10.);
#4060=VECTOR('',#14040,10.);
#4061=VECTOR('',#14043,10.);
#4062=VECTOR('',#14046,10.);
#4063=VECTOR('',#14047,10.);
#4064=VECTOR('',#14052,10.);
#4065=VECTOR('',#14055,10.);
#4066=VECTOR('',#14058,10.);
#4067=VECTOR('',#14059,10.);
#4068=VECTOR('',#14064,10.);
#4069=VECTOR('',#14067,10.);
#4070=VECTOR('',#14070,10.);
#4071=VECTOR('',#14071,10.);
#4072=VECTOR('',#14076,10.);
#4073=VECTOR('',#14079,10.);
#4074=VECTOR('',#14082,10.);
#4075=VECTOR('',#14083,10.);
#4076=VECTOR('',#14120,0.600000000000007);
#4077=VECTOR('',#14123,0.600000000000007);
#4078=VECTOR('',#14126,0.600000000000007);
#4079=VECTOR('',#14131,0.600000000000007);
#4080=VECTOR('',#14136,0.59999999999999);
#4081=VECTOR('',#14141,0.59999999999999);
#4082=VECTOR('',#14146,0.59999999999999);
#4083=VECTOR('',#14151,0.59999999999999);
#4084=VECTOR('',#14156,0.600000000000007);
#4085=VECTOR('',#14161,3.45);
#4086=VECTOR('',#14178,0.600000000000007);
#4087=VECTOR('',#14183,0.600000000000007);
#4088=VECTOR('',#14188,0.600000000000007);
#4089=VECTOR('',#14193,0.600000000000007);
#4090=VECTOR('',#14196,0.600000000000007);
#4091=VECTOR('',#14201,0.600000000000007);
#4092=VECTOR('',#14206,0.600000000000007);
#4093=VECTOR('',#14221,10.);
#4094=VECTOR('',#14224,10.);
#4095=VECTOR('',#14229,10.);
#4096=VECTOR('',#14234,10.);
#4097=VECTOR('',#14237,10.);
#4098=VECTOR('',#14244,10.);
#4099=VECTOR('',#14247,10.);
#4100=VECTOR('',#14252,10.);
#4101=VECTOR('',#14253,10.);
#4102=VECTOR('',#14254,10.);
#4103=VECTOR('',#14257,10.);
#4104=VECTOR('',#14262,10.);
#4105=VECTOR('',#14263,10.);
#4106=VECTOR('',#14270,10.);
#4107=VECTOR('',#14273,10.);
#4108=VECTOR('',#14276,10.);
#4109=VECTOR('',#14277,10.);
#4110=VECTOR('',#14280,10.);
#4111=VECTOR('',#14281,10.);
#4112=VECTOR('',#14282,10.);
#4113=VECTOR('',#14285,10.);
#4114=VECTOR('',#14288,10.);
#4115=VECTOR('',#14295,10.);
#4116=VECTOR('',#14300,10.);
#4117=VECTOR('',#14301,10.);
#4118=VECTOR('',#14302,10.);
#4119=VECTOR('',#14305,10.);
#4120=VECTOR('',#14310,10.);
#4121=VECTOR('',#14311,10.);
#4122=VECTOR('',#14318,10.);
#4123=VECTOR('',#14321,10.);
#4124=VECTOR('',#14324,10.);
#4125=VECTOR('',#14325,10.);
#4126=VECTOR('',#14328,10.);
#4127=VECTOR('',#14329,10.);
#4128=VECTOR('',#14332,10.);
#4129=VECTOR('',#14335,10.);
#4130=VECTOR('',#14340,10.);
#4131=VECTOR('',#14343,10.);
#4132=VECTOR('',#14348,10.);
#4133=VECTOR('',#14349,10.);
#4134=VECTOR('',#14350,10.);
#4135=VECTOR('',#14353,10.);
#4136=VECTOR('',#14358,10.);
#4137=VECTOR('',#14359,10.);
#4138=VECTOR('',#14366,10.);
#4139=VECTOR('',#14369,10.);
#4140=VECTOR('',#14372,10.);
#4141=VECTOR('',#14373,10.);
#4142=VECTOR('',#14376,10.);
#4143=VECTOR('',#14377,10.);
#4144=VECTOR('',#14380,10.);
#4145=VECTOR('',#14383,10.);
#4146=VECTOR('',#14388,10.);
#4147=VECTOR('',#14391,10.);
#4148=VECTOR('',#14396,10.);
#4149=VECTOR('',#14397,10.);
#4150=VECTOR('',#14398,10.);
#4151=VECTOR('',#14401,10.);
#4152=VECTOR('',#14406,10.);
#4153=VECTOR('',#14407,10.);
#4154=VECTOR('',#14414,10.);
#4155=VECTOR('',#14417,10.);
#4156=VECTOR('',#14420,10.);
#4157=VECTOR('',#14421,10.);
#4158=VECTOR('',#14424,10.);
#4159=VECTOR('',#14425,10.);
#4160=VECTOR('',#14428,10.);
#4161=VECTOR('',#14431,10.);
#4162=VECTOR('',#14436,10.);
#4163=VECTOR('',#14439,10.);
#4164=VECTOR('',#14444,10.);
#4165=VECTOR('',#14445,10.);
#4166=VECTOR('',#14446,10.);
#4167=VECTOR('',#14449,10.);
#4168=VECTOR('',#14454,10.);
#4169=VECTOR('',#14455,10.);
#4170=VECTOR('',#14462,10.);
#4171=VECTOR('',#14465,10.);
#4172=VECTOR('',#14468,10.);
#4173=VECTOR('',#14469,10.);
#4174=VECTOR('',#14472,10.);
#4175=VECTOR('',#14473,10.);
#4176=VECTOR('',#14476,10.);
#4177=VECTOR('',#14479,10.);
#4178=VECTOR('',#14484,10.);
#4179=VECTOR('',#14487,10.);
#4180=VECTOR('',#14492,10.);
#4181=VECTOR('',#14493,10.);
#4182=VECTOR('',#14494,10.);
#4183=VECTOR('',#14497,10.);
#4184=VECTOR('',#14502,10.);
#4185=VECTOR('',#14503,10.);
#4186=VECTOR('',#14510,10.);
#4187=VECTOR('',#14513,10.);
#4188=VECTOR('',#14516,10.);
#4189=VECTOR('',#14517,10.);
#4190=VECTOR('',#14520,10.);
#4191=VECTOR('',#14521,10.);
#4192=VECTOR('',#14524,10.);
#4193=VECTOR('',#14527,10.);
#4194=VECTOR('',#14532,10.);
#4195=VECTOR('',#14535,10.);
#4196=VECTOR('',#14540,10.);
#4197=VECTOR('',#14541,10.);
#4198=VECTOR('',#14542,10.);
#4199=VECTOR('',#14545,10.);
#4200=VECTOR('',#14550,10.);
#4201=VECTOR('',#14551,10.);
#4202=VECTOR('',#14558,10.);
#4203=VECTOR('',#14561,10.);
#4204=VECTOR('',#14564,10.);
#4205=VECTOR('',#14565,10.);
#4206=VECTOR('',#14568,10.);
#4207=VECTOR('',#14569,10.);
#4208=VECTOR('',#14572,10.);
#4209=VECTOR('',#14575,10.);
#4210=VECTOR('',#14580,10.);
#4211=VECTOR('',#14583,10.);
#4212=VECTOR('',#14588,10.);
#4213=VECTOR('',#14589,10.);
#4214=VECTOR('',#14590,10.);
#4215=VECTOR('',#14593,10.);
#4216=VECTOR('',#14598,10.);
#4217=VECTOR('',#14599,10.);
#4218=VECTOR('',#14606,10.);
#4219=VECTOR('',#14609,10.);
#4220=VECTOR('',#14612,10.);
#4221=VECTOR('',#14613,10.);
#4222=VECTOR('',#14616,10.);
#4223=VECTOR('',#14617,10.);
#4224=VECTOR('',#14620,10.);
#4225=VECTOR('',#14623,10.);
#4226=VECTOR('',#14628,10.);
#4227=VECTOR('',#14631,10.);
#4228=VECTOR('',#14636,10.);
#4229=VECTOR('',#14637,10.);
#4230=VECTOR('',#14638,10.);
#4231=VECTOR('',#14641,10.);
#4232=VECTOR('',#14646,10.);
#4233=VECTOR('',#14647,10.);
#4234=VECTOR('',#14654,10.);
#4235=VECTOR('',#14657,10.);
#4236=VECTOR('',#14660,10.);
#4237=VECTOR('',#14661,10.);
#4238=VECTOR('',#14664,10.);
#4239=VECTOR('',#14665,10.);
#4240=VECTOR('',#14668,10.);
#4241=VECTOR('',#14671,10.);
#4242=VECTOR('',#14676,10.);
#4243=VECTOR('',#14679,10.);
#4244=VECTOR('',#14684,10.);
#4245=VECTOR('',#14685,10.);
#4246=VECTOR('',#14686,10.);
#4247=VECTOR('',#14689,10.);
#4248=VECTOR('',#14694,10.);
#4249=VECTOR('',#14695,10.);
#4250=VECTOR('',#14702,10.);
#4251=VECTOR('',#14705,10.);
#4252=VECTOR('',#14708,10.);
#4253=VECTOR('',#14709,10.);
#4254=VECTOR('',#14712,10.);
#4255=VECTOR('',#14713,10.);
#4256=VECTOR('',#14716,10.);
#4257=VECTOR('',#14719,10.);
#4258=VECTOR('',#14724,10.);
#4259=VECTOR('',#14727,10.);
#4260=VECTOR('',#14732,10.);
#4261=VECTOR('',#14733,10.);
#4262=VECTOR('',#14734,10.);
#4263=VECTOR('',#14737,10.);
#4264=VECTOR('',#14742,10.);
#4265=VECTOR('',#14743,10.);
#4266=VECTOR('',#14750,10.);
#4267=VECTOR('',#14753,10.);
#4268=VECTOR('',#14756,10.);
#4269=VECTOR('',#14757,10.);
#4270=VECTOR('',#14760,10.);
#4271=VECTOR('',#14761,10.);
#4272=VECTOR('',#14764,10.);
#4273=VECTOR('',#14767,10.);
#4274=VECTOR('',#14772,10.);
#4275=VECTOR('',#14775,10.);
#4276=VECTOR('',#14780,10.);
#4277=VECTOR('',#14781,10.);
#4278=VECTOR('',#14782,10.);
#4279=VECTOR('',#14785,10.);
#4280=VECTOR('',#14790,10.);
#4281=VECTOR('',#14791,10.);
#4282=VECTOR('',#14798,10.);
#4283=VECTOR('',#14801,10.);
#4284=VECTOR('',#14804,10.);
#4285=VECTOR('',#14805,10.);
#4286=VECTOR('',#14808,10.);
#4287=VECTOR('',#14809,10.);
#4288=VECTOR('',#14812,10.);
#4289=VECTOR('',#14815,10.);
#4290=VECTOR('',#14820,10.);
#4291=VECTOR('',#14823,10.);
#4292=VECTOR('',#14828,10.);
#4293=VECTOR('',#14829,10.);
#4294=VECTOR('',#14830,10.);
#4295=VECTOR('',#14833,10.);
#4296=VECTOR('',#14838,10.);
#4297=VECTOR('',#14839,10.);
#4298=VECTOR('',#14846,10.);
#4299=VECTOR('',#14849,10.);
#4300=VECTOR('',#14852,10.);
#4301=VECTOR('',#14853,10.);
#4302=VECTOR('',#14856,10.);
#4303=VECTOR('',#14857,10.);
#4304=VECTOR('',#14860,10.);
#4305=VECTOR('',#14863,10.);
#4306=VECTOR('',#14868,10.);
#4307=VECTOR('',#14871,10.);
#4308=VECTOR('',#14876,10.);
#4309=VECTOR('',#14877,10.);
#4310=VECTOR('',#14878,10.);
#4311=VECTOR('',#14881,10.);
#4312=VECTOR('',#14886,10.);
#4313=VECTOR('',#14887,10.);
#4314=VECTOR('',#14894,10.);
#4315=VECTOR('',#14897,10.);
#4316=VECTOR('',#14900,10.);
#4317=VECTOR('',#14901,10.);
#4318=VECTOR('',#14904,10.);
#4319=VECTOR('',#14905,10.);
#4320=VECTOR('',#14908,10.);
#4321=VECTOR('',#14911,10.);
#4322=VECTOR('',#14916,10.);
#4323=VECTOR('',#14919,10.);
#4324=VECTOR('',#14924,10.);
#4325=VECTOR('',#14925,10.);
#4326=VECTOR('',#14926,10.);
#4327=VECTOR('',#14929,10.);
#4328=VECTOR('',#14934,10.);
#4329=VECTOR('',#14935,10.);
#4330=VECTOR('',#14942,10.);
#4331=VECTOR('',#14945,10.);
#4332=VECTOR('',#14948,10.);
#4333=VECTOR('',#14949,10.);
#4334=VECTOR('',#14952,10.);
#4335=VECTOR('',#14953,10.);
#4336=VECTOR('',#14956,10.);
#4337=VECTOR('',#14959,10.);
#4338=VECTOR('',#14964,10.);
#4339=VECTOR('',#14967,10.);
#4340=VECTOR('',#14972,10.);
#4341=VECTOR('',#14973,10.);
#4342=VECTOR('',#14974,10.);
#4343=VECTOR('',#14977,10.);
#4344=VECTOR('',#14982,10.);
#4345=VECTOR('',#14983,10.);
#4346=VECTOR('',#14990,10.);
#4347=VECTOR('',#14993,10.);
#4348=VECTOR('',#14996,10.);
#4349=VECTOR('',#14997,10.);
#4350=VECTOR('',#15000,10.);
#4351=VECTOR('',#15001,10.);
#4352=VECTOR('',#15004,10.);
#4353=VECTOR('',#15007,10.);
#4354=VECTOR('',#15012,10.);
#4355=VECTOR('',#15015,10.);
#4356=VECTOR('',#15020,10.);
#4357=VECTOR('',#15021,10.);
#4358=VECTOR('',#15022,10.);
#4359=VECTOR('',#15025,10.);
#4360=VECTOR('',#15030,10.);
#4361=VECTOR('',#15031,10.);
#4362=VECTOR('',#15038,10.);
#4363=VECTOR('',#15041,10.);
#4364=VECTOR('',#15044,10.);
#4365=VECTOR('',#15045,10.);
#4366=VECTOR('',#15048,10.);
#4367=VECTOR('',#15049,10.);
#4368=VECTOR('',#15052,10.);
#4369=VECTOR('',#15055,10.);
#4370=VECTOR('',#15060,10.);
#4371=VECTOR('',#15063,10.);
#4372=VECTOR('',#15068,10.);
#4373=VECTOR('',#15069,10.);
#4374=VECTOR('',#15070,10.);
#4375=VECTOR('',#15073,10.);
#4376=VECTOR('',#15078,10.);
#4377=VECTOR('',#15079,10.);
#4378=VECTOR('',#15086,10.);
#4379=VECTOR('',#15089,10.);
#4380=VECTOR('',#15092,10.);
#4381=VECTOR('',#15093,10.);
#4382=VECTOR('',#15096,10.);
#4383=VECTOR('',#15097,10.);
#4384=VECTOR('',#15100,10.);
#4385=VECTOR('',#15103,10.);
#4386=VECTOR('',#15108,10.);
#4387=VECTOR('',#15111,10.);
#4388=VECTOR('',#15116,10.);
#4389=VECTOR('',#15117,10.);
#4390=VECTOR('',#15118,10.);
#4391=VECTOR('',#15121,10.);
#4392=VECTOR('',#15126,10.);
#4393=VECTOR('',#15127,10.);
#4394=VECTOR('',#15134,10.);
#4395=VECTOR('',#15137,10.);
#4396=VECTOR('',#15140,10.);
#4397=VECTOR('',#15141,10.);
#4398=VECTOR('',#15144,10.);
#4399=VECTOR('',#15145,10.);
#4400=VECTOR('',#15148,10.);
#4401=VECTOR('',#15151,10.);
#4402=VECTOR('',#15156,10.);
#4403=VECTOR('',#15159,10.);
#4404=VECTOR('',#15164,10.);
#4405=VECTOR('',#15165,10.);
#4406=VECTOR('',#15166,10.);
#4407=VECTOR('',#15169,10.);
#4408=VECTOR('',#15174,10.);
#4409=VECTOR('',#15175,10.);
#4410=VECTOR('',#15182,10.);
#4411=VECTOR('',#15185,10.);
#4412=VECTOR('',#15188,10.);
#4413=VECTOR('',#15189,10.);
#4414=VECTOR('',#15192,10.);
#4415=VECTOR('',#15193,10.);
#4416=VECTOR('',#15196,10.);
#4417=VECTOR('',#15199,10.);
#4418=VECTOR('',#15204,10.);
#4419=VECTOR('',#15207,10.);
#4420=VECTOR('',#15212,10.);
#4421=VECTOR('',#15213,10.);
#4422=VECTOR('',#15214,10.);
#4423=VECTOR('',#15217,10.);
#4424=VECTOR('',#15222,10.);
#4425=VECTOR('',#15223,10.);
#4426=VECTOR('',#15230,10.);
#4427=VECTOR('',#15233,10.);
#4428=VECTOR('',#15236,10.);
#4429=VECTOR('',#15237,10.);
#4430=VECTOR('',#15240,10.);
#4431=VECTOR('',#15241,10.);
#4432=VECTOR('',#15244,10.);
#4433=VECTOR('',#15247,10.);
#4434=VECTOR('',#15252,10.);
#4435=VECTOR('',#15255,10.);
#4436=VECTOR('',#15260,10.);
#4437=VECTOR('',#15261,10.);
#4438=VECTOR('',#15262,10.);
#4439=VECTOR('',#15265,10.);
#4440=VECTOR('',#15270,10.);
#4441=VECTOR('',#15271,10.);
#4442=VECTOR('',#15278,10.);
#4443=VECTOR('',#15281,10.);
#4444=VECTOR('',#15284,10.);
#4445=VECTOR('',#15285,10.);
#4446=VECTOR('',#15288,10.);
#4447=VECTOR('',#15289,10.);
#4448=VECTOR('',#15292,10.);
#4449=VECTOR('',#15295,10.);
#4450=VECTOR('',#15300,10.);
#4451=VECTOR('',#15303,10.);
#4452=VECTOR('',#15308,10.);
#4453=VECTOR('',#15309,10.);
#4454=VECTOR('',#15310,10.);
#4455=VECTOR('',#15313,10.);
#4456=VECTOR('',#15318,10.);
#4457=VECTOR('',#15319,10.);
#4458=VECTOR('',#15326,10.);
#4459=VECTOR('',#15329,10.);
#4460=VECTOR('',#15332,10.);
#4461=VECTOR('',#15333,10.);
#4462=VECTOR('',#15336,10.);
#4463=VECTOR('',#15337,10.);
#4464=VECTOR('',#15340,10.);
#4465=VECTOR('',#15343,10.);
#4466=VECTOR('',#15348,10.);
#4467=VECTOR('',#15351,10.);
#4468=VECTOR('',#15356,10.);
#4469=VECTOR('',#15357,10.);
#4470=VECTOR('',#15358,10.);
#4471=VECTOR('',#15361,10.);
#4472=VECTOR('',#15366,10.);
#4473=VECTOR('',#15367,10.);
#4474=VECTOR('',#15374,10.);
#4475=VECTOR('',#15377,10.);
#4476=VECTOR('',#15380,10.);
#4477=VECTOR('',#15381,10.);
#4478=VECTOR('',#15384,10.);
#4479=VECTOR('',#15385,10.);
#4480=VECTOR('',#15388,10.);
#4481=VECTOR('',#15391,10.);
#4482=VECTOR('',#15396,10.);
#4483=VECTOR('',#15399,10.);
#4484=VECTOR('',#15404,10.);
#4485=VECTOR('',#15405,10.);
#4486=VECTOR('',#15406,10.);
#4487=VECTOR('',#15409,10.);
#4488=VECTOR('',#15414,10.);
#4489=VECTOR('',#15415,10.);
#4490=VECTOR('',#15422,10.);
#4491=VECTOR('',#15425,10.);
#4492=VECTOR('',#15428,10.);
#4493=VECTOR('',#15429,10.);
#4494=VECTOR('',#15432,10.);
#4495=VECTOR('',#15433,10.);
#4496=VECTOR('',#15436,10.);
#4497=VECTOR('',#15439,10.);
#4498=VECTOR('',#15444,10.);
#4499=VECTOR('',#15447,10.);
#4500=VECTOR('',#15452,10.);
#4501=VECTOR('',#15453,10.);
#4502=VECTOR('',#15454,10.);
#4503=VECTOR('',#15457,10.);
#4504=VECTOR('',#15462,10.);
#4505=VECTOR('',#15463,10.);
#4506=VECTOR('',#15470,10.);
#4507=VECTOR('',#15473,10.);
#4508=VECTOR('',#15476,10.);
#4509=VECTOR('',#15477,10.);
#4510=VECTOR('',#15480,10.);
#4511=VECTOR('',#15481,10.);
#4512=VECTOR('',#15484,10.);
#4513=VECTOR('',#15487,10.);
#4514=VECTOR('',#15492,10.);
#4515=VECTOR('',#15495,10.);
#4516=VECTOR('',#15500,10.);
#4517=VECTOR('',#15501,10.);
#4518=VECTOR('',#15502,10.);
#4519=VECTOR('',#15505,10.);
#4520=VECTOR('',#15510,10.);
#4521=VECTOR('',#15511,10.);
#4522=VECTOR('',#15518,10.);
#4523=VECTOR('',#15521,10.);
#4524=VECTOR('',#15524,10.);
#4525=VECTOR('',#15525,10.);
#4526=VECTOR('',#15528,10.);
#4527=VECTOR('',#15529,10.);
#4528=VECTOR('',#15530,10.);
#4529=VECTOR('',#15533,10.);
#4530=VECTOR('',#15536,10.);
#4531=VECTOR('',#15543,10.);
#4532=VECTOR('',#15548,10.);
#4533=VECTOR('',#15549,10.);
#4534=VECTOR('',#15550,10.);
#4535=VECTOR('',#15553,10.);
#4536=VECTOR('',#15558,10.);
#4537=VECTOR('',#15559,10.);
#4538=VECTOR('',#15566,10.);
#4539=VECTOR('',#15569,10.);
#4540=VECTOR('',#15572,10.);
#4541=VECTOR('',#15573,10.);
#4542=VECTOR('',#15576,10.);
#4543=VECTOR('',#15577,10.);
#4544=VECTOR('',#15578,10.);
#4545=VECTOR('',#15581,10.);
#4546=VECTOR('',#15584,10.);
#4547=VECTOR('',#15591,10.);
#4548=VECTOR('',#15596,10.);
#4549=VECTOR('',#15597,10.);
#4550=VECTOR('',#15598,10.);
#4551=VECTOR('',#15601,10.);
#4552=VECTOR('',#15606,10.);
#4553=VECTOR('',#15607,10.);
#4554=VECTOR('',#15614,10.);
#4555=VECTOR('',#15617,10.);
#4556=VECTOR('',#15620,10.);
#4557=VECTOR('',#15621,10.);
#4558=VECTOR('',#15624,10.);
#4559=VECTOR('',#15625,10.);
#4560=VECTOR('',#15626,10.);
#4561=VECTOR('',#15629,10.);
#4562=VECTOR('',#15632,10.);
#4563=VECTOR('',#15639,10.);
#4564=VECTOR('',#15644,10.);
#4565=VECTOR('',#15645,10.);
#4566=VECTOR('',#15646,10.);
#4567=VECTOR('',#15649,10.);
#4568=VECTOR('',#15654,10.);
#4569=VECTOR('',#15655,10.);
#4570=VECTOR('',#15662,10.);
#4571=VECTOR('',#15665,10.);
#4572=VECTOR('',#15668,10.);
#4573=VECTOR('',#15669,10.);
#4574=VECTOR('',#15672,10.);
#4575=VECTOR('',#15673,10.);
#4576=VECTOR('',#15674,10.);
#4577=VECTOR('',#15677,10.);
#4578=VECTOR('',#15680,10.);
#4579=VECTOR('',#15687,10.);
#4580=VECTOR('',#15692,10.);
#4581=VECTOR('',#15693,10.);
#4582=VECTOR('',#15694,10.);
#4583=VECTOR('',#15697,10.);
#4584=VECTOR('',#15702,10.);
#4585=VECTOR('',#15703,10.);
#4586=VECTOR('',#15710,10.);
#4587=VECTOR('',#15713,10.);
#4588=VECTOR('',#15716,10.);
#4589=VECTOR('',#15717,10.);
#4590=VECTOR('',#15720,10.);
#4591=VECTOR('',#15721,10.);
#4592=VECTOR('',#15722,10.);
#4593=VECTOR('',#15725,10.);
#4594=VECTOR('',#15728,10.);
#4595=VECTOR('',#15735,10.);
#4596=VECTOR('',#15740,10.);
#4597=VECTOR('',#15741,10.);
#4598=VECTOR('',#15742,10.);
#4599=VECTOR('',#15745,10.);
#4600=VECTOR('',#15750,10.);
#4601=VECTOR('',#15751,10.);
#4602=VECTOR('',#15758,10.);
#4603=VECTOR('',#15761,10.);
#4604=VECTOR('',#15764,10.);
#4605=VECTOR('',#15765,10.);
#4606=VECTOR('',#15768,10.);
#4607=VECTOR('',#15769,10.);
#4608=VECTOR('',#15770,10.);
#4609=VECTOR('',#15773,10.);
#4610=VECTOR('',#15776,10.);
#4611=VECTOR('',#15783,10.);
#4612=VECTOR('',#15788,10.);
#4613=VECTOR('',#15789,10.);
#4614=VECTOR('',#15790,10.);
#4615=VECTOR('',#15793,10.);
#4616=VECTOR('',#15798,10.);
#4617=VECTOR('',#15799,10.);
#4618=VECTOR('',#15806,10.);
#4619=VECTOR('',#15809,10.);
#4620=VECTOR('',#15812,10.);
#4621=VECTOR('',#15813,10.);
#4622=VECTOR('',#15816,10.);
#4623=VECTOR('',#15817,10.);
#4624=VECTOR('',#15818,10.);
#4625=VECTOR('',#15821,10.);
#4626=VECTOR('',#15824,10.);
#4627=VECTOR('',#15831,10.);
#4628=VECTOR('',#15836,10.);
#4629=VECTOR('',#15837,10.);
#4630=VECTOR('',#15838,10.);
#4631=VECTOR('',#15841,10.);
#4632=VECTOR('',#15846,10.);
#4633=VECTOR('',#15847,10.);
#4634=VECTOR('',#15854,10.);
#4635=VECTOR('',#15857,10.);
#4636=VECTOR('',#15860,10.);
#4637=VECTOR('',#15861,10.);
#4638=VECTOR('',#15864,10.);
#4639=VECTOR('',#15865,10.);
#4640=VECTOR('',#15866,10.);
#4641=VECTOR('',#15869,10.);
#4642=VECTOR('',#15872,10.);
#4643=VECTOR('',#15879,10.);
#4644=VECTOR('',#15884,10.);
#4645=VECTOR('',#15885,10.);
#4646=VECTOR('',#15886,10.);
#4647=VECTOR('',#15889,10.);
#4648=VECTOR('',#15894,10.);
#4649=VECTOR('',#15895,10.);
#4650=VECTOR('',#15902,10.);
#4651=VECTOR('',#15905,10.);
#4652=VECTOR('',#15908,10.);
#4653=VECTOR('',#15909,10.);
#4654=VECTOR('',#15912,10.);
#4655=VECTOR('',#15913,10.);
#4656=VECTOR('',#15914,10.);
#4657=VECTOR('',#15917,10.);
#4658=VECTOR('',#15920,10.);
#4659=VECTOR('',#15927,10.);
#4660=VECTOR('',#15932,10.);
#4661=VECTOR('',#15933,10.);
#4662=VECTOR('',#15934,10.);
#4663=VECTOR('',#15937,10.);
#4664=VECTOR('',#15942,10.);
#4665=VECTOR('',#15943,10.);
#4666=VECTOR('',#15950,10.);
#4667=VECTOR('',#15953,10.);
#4668=VECTOR('',#15956,10.);
#4669=VECTOR('',#15957,10.);
#4670=VECTOR('',#15960,10.);
#4671=VECTOR('',#15961,10.);
#4672=VECTOR('',#15962,10.);
#4673=VECTOR('',#15965,10.);
#4674=VECTOR('',#15968,10.);
#4675=VECTOR('',#15975,10.);
#4676=VECTOR('',#15980,10.);
#4677=VECTOR('',#15981,10.);
#4678=VECTOR('',#15982,10.);
#4679=VECTOR('',#15985,10.);
#4680=VECTOR('',#15990,10.);
#4681=VECTOR('',#15991,10.);
#4682=VECTOR('',#15998,10.);
#4683=VECTOR('',#16001,10.);
#4684=VECTOR('',#16004,10.);
#4685=VECTOR('',#16005,10.);
#4686=VECTOR('',#16008,10.);
#4687=VECTOR('',#16009,10.);
#4688=VECTOR('',#16010,10.);
#4689=VECTOR('',#16013,10.);
#4690=VECTOR('',#16016,10.);
#4691=VECTOR('',#16023,10.);
#4692=VECTOR('',#16028,10.);
#4693=VECTOR('',#16029,10.);
#4694=VECTOR('',#16030,10.);
#4695=VECTOR('',#16033,10.);
#4696=VECTOR('',#16038,10.);
#4697=VECTOR('',#16039,10.);
#4698=VECTOR('',#16046,10.);
#4699=VECTOR('',#16049,10.);
#4700=VECTOR('',#16052,10.);
#4701=VECTOR('',#16053,10.);
#4702=VECTOR('',#16056,10.);
#4703=VECTOR('',#16057,10.);
#4704=VECTOR('',#16058,10.);
#4705=VECTOR('',#16061,10.);
#4706=VECTOR('',#16064,10.);
#4707=VECTOR('',#16071,10.);
#4708=VECTOR('',#16076,10.);
#4709=VECTOR('',#16077,10.);
#4710=VECTOR('',#16078,10.);
#4711=VECTOR('',#16081,10.);
#4712=VECTOR('',#16086,10.);
#4713=VECTOR('',#16087,10.);
#4714=VECTOR('',#16094,10.);
#4715=VECTOR('',#16097,10.);
#4716=VECTOR('',#16100,10.);
#4717=VECTOR('',#16101,10.);
#4718=VECTOR('',#16104,10.);
#4719=VECTOR('',#16105,10.);
#4720=VECTOR('',#16106,10.);
#4721=VECTOR('',#16109,10.);
#4722=VECTOR('',#16112,10.);
#4723=VECTOR('',#16119,10.);
#4724=VECTOR('',#16124,10.);
#4725=VECTOR('',#16125,10.);
#4726=VECTOR('',#16126,10.);
#4727=VECTOR('',#16129,10.);
#4728=VECTOR('',#16134,10.);
#4729=VECTOR('',#16135,10.);
#4730=VECTOR('',#16142,10.);
#4731=VECTOR('',#16145,10.);
#4732=VECTOR('',#16148,10.);
#4733=VECTOR('',#16149,10.);
#4734=VECTOR('',#16152,10.);
#4735=VECTOR('',#16153,10.);
#4736=VECTOR('',#16154,10.);
#4737=VECTOR('',#16157,10.);
#4738=VECTOR('',#16160,10.);
#4739=VECTOR('',#16167,10.);
#4740=VECTOR('',#16172,10.);
#4741=VECTOR('',#16173,10.);
#4742=VECTOR('',#16174,10.);
#4743=VECTOR('',#16177,10.);
#4744=VECTOR('',#16182,10.);
#4745=VECTOR('',#16183,10.);
#4746=VECTOR('',#16190,10.);
#4747=VECTOR('',#16193,10.);
#4748=VECTOR('',#16196,10.);
#4749=VECTOR('',#16197,10.);
#4750=VECTOR('',#16200,10.);
#4751=VECTOR('',#16201,10.);
#4752=VECTOR('',#16202,10.);
#4753=VECTOR('',#16205,10.);
#4754=VECTOR('',#16208,10.);
#4755=VECTOR('',#16215,10.);
#4756=ELLIPSE('',#11448,4.02373125632671,4.);
#4757=ELLIPSE('',#11449,4.0237312563267,4.);
#4758=ELLIPSE('',#11452,4.02373125632671,4.);
#4759=ELLIPSE('',#11453,4.02373125632671,4.);
#4760=ELLIPSE('',#11456,4.02373125632671,4.);
#4761=ELLIPSE('',#11458,4.02373125632671,4.);
#4762=ELLIPSE('',#11459,4.02373125632671,4.);
#4763=ELLIPSE('',#11461,4.02373125632671,4.);
#4764=ELLIPSE('',#11462,4.02373125632671,4.);
#4765=ELLIPSE('',#11464,4.02373125632671,4.);
#4766=ELLIPSE('',#11549,4.02373125632671,4.);
#4767=ELLIPSE('',#11551,4.02373125632671,4.);
#4768=ELLIPSE('',#11554,4.02373125632671,4.);
#4769=ELLIPSE('',#11556,4.02373125632671,4.);
#4770=ELLIPSE('',#11559,4.02373125632671,4.);
#4771=ELLIPSE('',#11561,4.0237312563267,4.);
#4772=VERTEX_POINT('',#16220);
#4773=VERTEX_POINT('',#16221);
#4774=VERTEX_POINT('',#16223);
#4775=VERTEX_POINT('',#16225);
#4776=VERTEX_POINT('',#16229);
#4777=VERTEX_POINT('',#16231);
#4778=VERTEX_POINT('',#16235);
#4779=VERTEX_POINT('',#16236);
#4780=VERTEX_POINT('',#16238);
#4781=VERTEX_POINT('',#16240);
#4782=VERTEX_POINT('',#16244);
#4783=VERTEX_POINT('',#16246);
#4784=VERTEX_POINT('',#16249);
#4785=VERTEX_POINT('',#16251);
#4786=VERTEX_POINT('',#16253);
#4787=VERTEX_POINT('',#16255);
#4788=VERTEX_POINT('',#16257);
#4789=VERTEX_POINT('',#16259);
#4790=VERTEX_POINT('',#16261);
#4791=VERTEX_POINT('',#16263);
#4792=VERTEX_POINT('',#16265);
#4793=VERTEX_POINT('',#16267);
#4794=VERTEX_POINT('',#16269);
#4795=VERTEX_POINT('',#16271);
#4796=VERTEX_POINT('',#16273);
#4797=VERTEX_POINT('',#16275);
#4798=VERTEX_POINT('',#16277);
#4799=VERTEX_POINT('',#16279);
#4800=VERTEX_POINT('',#16281);
#4801=VERTEX_POINT('',#16284);
#4802=VERTEX_POINT('',#16285);
#4803=VERTEX_POINT('',#16287);
#4804=VERTEX_POINT('',#16289);
#4805=VERTEX_POINT('',#16292);
#4806=VERTEX_POINT('',#16293);
#4807=VERTEX_POINT('',#16295);
#4808=VERTEX_POINT('',#16297);
#4809=VERTEX_POINT('',#16300);
#4810=VERTEX_POINT('',#16301);
#4811=VERTEX_POINT('',#16303);
#4812=VERTEX_POINT('',#16305);
#4813=VERTEX_POINT('',#16308);
#4814=VERTEX_POINT('',#16309);
#4815=VERTEX_POINT('',#16311);
#4816=VERTEX_POINT('',#16313);
#4817=VERTEX_POINT('',#16316);
#4818=VERTEX_POINT('',#16317);
#4819=VERTEX_POINT('',#16319);
#4820=VERTEX_POINT('',#16321);
#4821=VERTEX_POINT('',#16324);
#4822=VERTEX_POINT('',#16325);
#4823=VERTEX_POINT('',#16327);
#4824=VERTEX_POINT('',#16329);
#4825=VERTEX_POINT('',#16332);
#4826=VERTEX_POINT('',#16333);
#4827=VERTEX_POINT('',#16335);
#4828=VERTEX_POINT('',#16337);
#4829=VERTEX_POINT('',#16340);
#4830=VERTEX_POINT('',#16341);
#4831=VERTEX_POINT('',#16343);
#4832=VERTEX_POINT('',#16345);
#4833=VERTEX_POINT('',#16348);
#4834=VERTEX_POINT('',#16349);
#4835=VERTEX_POINT('',#16351);
#4836=VERTEX_POINT('',#16353);
#4837=VERTEX_POINT('',#16356);
#4838=VERTEX_POINT('',#16357);
#4839=VERTEX_POINT('',#16359);
#4840=VERTEX_POINT('',#16361);
#4841=VERTEX_POINT('',#16364);
#4842=VERTEX_POINT('',#16365);
#4843=VERTEX_POINT('',#16367);
#4844=VERTEX_POINT('',#16369);
#4845=VERTEX_POINT('',#16372);
#4846=VERTEX_POINT('',#16373);
#4847=VERTEX_POINT('',#16375);
#4848=VERTEX_POINT('',#16377);
#4849=VERTEX_POINT('',#16380);
#4850=VERTEX_POINT('',#16381);
#4851=VERTEX_POINT('',#16383);
#4852=VERTEX_POINT('',#16385);
#4853=VERTEX_POINT('',#16388);
#4854=VERTEX_POINT('',#16389);
#4855=VERTEX_POINT('',#16391);
#4856=VERTEX_POINT('',#16393);
#4857=VERTEX_POINT('',#16396);
#4858=VERTEX_POINT('',#16397);
#4859=VERTEX_POINT('',#16399);
#4860=VERTEX_POINT('',#16401);
#4861=VERTEX_POINT('',#16404);
#4862=VERTEX_POINT('',#16405);
#4863=VERTEX_POINT('',#16407);
#4864=VERTEX_POINT('',#16409);
#4865=VERTEX_POINT('',#16412);
#4866=VERTEX_POINT('',#16413);
#4867=VERTEX_POINT('',#16415);
#4868=VERTEX_POINT('',#16417);
#4869=VERTEX_POINT('',#16420);
#4870=VERTEX_POINT('',#16421);
#4871=VERTEX_POINT('',#16423);
#4872=VERTEX_POINT('',#16425);
#4873=VERTEX_POINT('',#16428);
#4874=VERTEX_POINT('',#16429);
#4875=VERTEX_POINT('',#16431);
#4876=VERTEX_POINT('',#16433);
#4877=VERTEX_POINT('',#16436);
#4878=VERTEX_POINT('',#16437);
#4879=VERTEX_POINT('',#16439);
#4880=VERTEX_POINT('',#16441);
#4881=VERTEX_POINT('',#16444);
#4882=VERTEX_POINT('',#16445);
#4883=VERTEX_POINT('',#16447);
#4884=VERTEX_POINT('',#16449);
#4885=VERTEX_POINT('',#16452);
#4886=VERTEX_POINT('',#16453);
#4887=VERTEX_POINT('',#16455);
#4888=VERTEX_POINT('',#16457);
#4889=VERTEX_POINT('',#16460);
#4890=VERTEX_POINT('',#16461);
#4891=VERTEX_POINT('',#16463);
#4892=VERTEX_POINT('',#16465);
#4893=VERTEX_POINT('',#16468);
#4894=VERTEX_POINT('',#16469);
#4895=VERTEX_POINT('',#16471);
#4896=VERTEX_POINT('',#16473);
#4897=VERTEX_POINT('',#16476);
#4898=VERTEX_POINT('',#16477);
#4899=VERTEX_POINT('',#16479);
#4900=VERTEX_POINT('',#16481);
#4901=VERTEX_POINT('',#16484);
#4902=VERTEX_POINT('',#16485);
#4903=VERTEX_POINT('',#16487);
#4904=VERTEX_POINT('',#16489);
#4905=VERTEX_POINT('',#16492);
#4906=VERTEX_POINT('',#16493);
#4907=VERTEX_POINT('',#16495);
#4908=VERTEX_POINT('',#16497);
#4909=VERTEX_POINT('',#16500);
#4910=VERTEX_POINT('',#16501);
#4911=VERTEX_POINT('',#16503);
#4912=VERTEX_POINT('',#16505);
#4913=VERTEX_POINT('',#16508);
#4914=VERTEX_POINT('',#16509);
#4915=VERTEX_POINT('',#16511);
#4916=VERTEX_POINT('',#16513);
#4917=VERTEX_POINT('',#16516);
#4918=VERTEX_POINT('',#16517);
#4919=VERTEX_POINT('',#16519);
#4920=VERTEX_POINT('',#16521);
#4921=VERTEX_POINT('',#16524);
#4922=VERTEX_POINT('',#16525);
#4923=VERTEX_POINT('',#16527);
#4924=VERTEX_POINT('',#16529);
#4925=VERTEX_POINT('',#16532);
#4926=VERTEX_POINT('',#16533);
#4927=VERTEX_POINT('',#16535);
#4928=VERTEX_POINT('',#16537);
#4929=VERTEX_POINT('',#16540);
#4930=VERTEX_POINT('',#16541);
#4931=VERTEX_POINT('',#16543);
#4932=VERTEX_POINT('',#16545);
#4933=VERTEX_POINT('',#16548);
#4934=VERTEX_POINT('',#16549);
#4935=VERTEX_POINT('',#16551);
#4936=VERTEX_POINT('',#16553);
#4937=VERTEX_POINT('',#16556);
#4938=VERTEX_POINT('',#16557);
#4939=VERTEX_POINT('',#16559);
#4940=VERTEX_POINT('',#16561);
#4941=VERTEX_POINT('',#16564);
#4942=VERTEX_POINT('',#16565);
#4943=VERTEX_POINT('',#16567);
#4944=VERTEX_POINT('',#16569);
#4945=VERTEX_POINT('',#16572);
#4946=VERTEX_POINT('',#16573);
#4947=VERTEX_POINT('',#16575);
#4948=VERTEX_POINT('',#16577);
#4949=VERTEX_POINT('',#16580);
#4950=VERTEX_POINT('',#16581);
#4951=VERTEX_POINT('',#16583);
#4952=VERTEX_POINT('',#16585);
#4953=VERTEX_POINT('',#16588);
#4954=VERTEX_POINT('',#16589);
#4955=VERTEX_POINT('',#16591);
#4956=VERTEX_POINT('',#16593);
#4957=VERTEX_POINT('',#16596);
#4958=VERTEX_POINT('',#16597);
#4959=VERTEX_POINT('',#16599);
#4960=VERTEX_POINT('',#16601);
#4961=VERTEX_POINT('',#16604);
#4962=VERTEX_POINT('',#16605);
#4963=VERTEX_POINT('',#16607);
#4964=VERTEX_POINT('',#16609);
#4965=VERTEX_POINT('',#16613);
#4966=VERTEX_POINT('',#16617);
#4967=VERTEX_POINT('',#16621);
#4968=VERTEX_POINT('',#16623);
#4969=VERTEX_POINT('',#16627);
#4970=VERTEX_POINT('',#16631);
#4971=VERTEX_POINT('',#16635);
#4972=VERTEX_POINT('',#16637);
#4973=VERTEX_POINT('',#16641);
#4974=VERTEX_POINT('',#16645);
#4975=VERTEX_POINT('',#16649);
#4976=VERTEX_POINT('',#16653);
#4977=VERTEX_POINT('',#16657);
#4978=VERTEX_POINT('',#16658);
#4979=VERTEX_POINT('',#16660);
#4980=VERTEX_POINT('',#16662);
#4981=VERTEX_POINT('',#16666);
#4982=VERTEX_POINT('',#16667);
#4983=VERTEX_POINT('',#16672);
#4984=VERTEX_POINT('',#16673);
#4985=VERTEX_POINT('',#16678);
#4986=VERTEX_POINT('',#16679);
#4987=VERTEX_POINT('',#16684);
#4988=VERTEX_POINT('',#16685);
#4989=VERTEX_POINT('',#16690);
#4990=VERTEX_POINT('',#16691);
#4991=VERTEX_POINT('',#16696);
#4992=VERTEX_POINT('',#16697);
#4993=VERTEX_POINT('',#16705);
#4994=VERTEX_POINT('',#16707);
#4995=VERTEX_POINT('',#16711);
#4996=VERTEX_POINT('',#16715);
#4997=VERTEX_POINT('',#16719);
#4998=VERTEX_POINT('',#16723);
#4999=VERTEX_POINT('',#16724);
#5000=VERTEX_POINT('',#16726);
#5001=VERTEX_POINT('',#16728);
#5002=VERTEX_POINT('',#16730);
#5003=VERTEX_POINT('',#16732);
#5004=VERTEX_POINT('',#16734);
#5005=VERTEX_POINT('',#16736);
#5006=VERTEX_POINT('',#16739);
#5007=VERTEX_POINT('',#16740);
#5008=VERTEX_POINT('',#16742);
#5009=VERTEX_POINT('',#16744);
#5010=VERTEX_POINT('',#16746);
#5011=VERTEX_POINT('',#16748);
#5012=VERTEX_POINT('',#16750);
#5013=VERTEX_POINT('',#16752);
#5014=VERTEX_POINT('',#16755);
#5015=VERTEX_POINT('',#16757);
#5016=VERTEX_POINT('',#16760);
#5017=VERTEX_POINT('',#16763);
#5018=VERTEX_POINT('',#16765);
#5019=VERTEX_POINT('',#16768);
#5020=VERTEX_POINT('',#16770);
#5021=VERTEX_POINT('',#16773);
#5022=VERTEX_POINT('',#16774);
#5023=VERTEX_POINT('',#16776);
#5024=VERTEX_POINT('',#16778);
#5025=VERTEX_POINT('',#16780);
#5026=VERTEX_POINT('',#16782);
#5027=VERTEX_POINT('',#16784);
#5028=VERTEX_POINT('',#16786);
#5029=VERTEX_POINT('',#16789);
#5030=VERTEX_POINT('',#16790);
#5031=VERTEX_POINT('',#16792);
#5032=VERTEX_POINT('',#16794);
#5033=VERTEX_POINT('',#16796);
#5034=VERTEX_POINT('',#16798);
#5035=VERTEX_POINT('',#16800);
#5036=VERTEX_POINT('',#16802);
#5037=VERTEX_POINT('',#16806);
#5038=VERTEX_POINT('',#16808);
#5039=VERTEX_POINT('',#16812);
#5040=VERTEX_POINT('',#16813);
#5041=VERTEX_POINT('',#16818);
#5042=VERTEX_POINT('',#16819);
#5043=VERTEX_POINT('',#16824);
#5044=VERTEX_POINT('',#16825);
#5045=VERTEX_POINT('',#16830);
#5046=VERTEX_POINT('',#16835);
#5047=VERTEX_POINT('',#16839);
#5048=VERTEX_POINT('',#16851);
#5049=VERTEX_POINT('',#16853);
#5050=VERTEX_POINT('',#16855);
#5051=VERTEX_POINT('',#16856);
#5052=VERTEX_POINT('',#16858);
#5053=VERTEX_POINT('',#16860);
#5054=VERTEX_POINT('',#16863);
#5055=VERTEX_POINT('',#16864);
#5056=VERTEX_POINT('',#16866);
#5057=VERTEX_POINT('',#16868);
#5058=VERTEX_POINT('',#16871);
#5059=VERTEX_POINT('',#16872);
#5060=VERTEX_POINT('',#16874);
#5061=VERTEX_POINT('',#16876);
#5062=VERTEX_POINT('',#16879);
#5063=VERTEX_POINT('',#16880);
#5064=VERTEX_POINT('',#16882);
#5065=VERTEX_POINT('',#16884);
#5066=VERTEX_POINT('',#16887);
#5067=VERTEX_POINT('',#16888);
#5068=VERTEX_POINT('',#16890);
#5069=VERTEX_POINT('',#16892);
#5070=VERTEX_POINT('',#16895);
#5071=VERTEX_POINT('',#16896);
#5072=VERTEX_POINT('',#16898);
#5073=VERTEX_POINT('',#16900);
#5074=VERTEX_POINT('',#16903);
#5075=VERTEX_POINT('',#16904);
#5076=VERTEX_POINT('',#16906);
#5077=VERTEX_POINT('',#16908);
#5078=VERTEX_POINT('',#16911);
#5079=VERTEX_POINT('',#16912);
#5080=VERTEX_POINT('',#16914);
#5081=VERTEX_POINT('',#16916);
#5082=VERTEX_POINT('',#16919);
#5083=VERTEX_POINT('',#16920);
#5084=VERTEX_POINT('',#16922);
#5085=VERTEX_POINT('',#16924);
#5086=VERTEX_POINT('',#16927);
#5087=VERTEX_POINT('',#16928);
#5088=VERTEX_POINT('',#16930);
#5089=VERTEX_POINT('',#16932);
#5090=VERTEX_POINT('',#16935);
#5091=VERTEX_POINT('',#16936);
#5092=VERTEX_POINT('',#16938);
#5093=VERTEX_POINT('',#16940);
#5094=VERTEX_POINT('',#16943);
#5095=VERTEX_POINT('',#16944);
#5096=VERTEX_POINT('',#16946);
#5097=VERTEX_POINT('',#16948);
#5098=VERTEX_POINT('',#16951);
#5099=VERTEX_POINT('',#16952);
#5100=VERTEX_POINT('',#16954);
#5101=VERTEX_POINT('',#16956);
#5102=VERTEX_POINT('',#16959);
#5103=VERTEX_POINT('',#16960);
#5104=VERTEX_POINT('',#16962);
#5105=VERTEX_POINT('',#16964);
#5106=VERTEX_POINT('',#16967);
#5107=VERTEX_POINT('',#16968);
#5108=VERTEX_POINT('',#16970);
#5109=VERTEX_POINT('',#16972);
#5110=VERTEX_POINT('',#16975);
#5111=VERTEX_POINT('',#16976);
#5112=VERTEX_POINT('',#16978);
#5113=VERTEX_POINT('',#16980);
#5114=VERTEX_POINT('',#16983);
#5115=VERTEX_POINT('',#16984);
#5116=VERTEX_POINT('',#16986);
#5117=VERTEX_POINT('',#16988);
#5118=VERTEX_POINT('',#16991);
#5119=VERTEX_POINT('',#16992);
#5120=VERTEX_POINT('',#16994);
#5121=VERTEX_POINT('',#16996);
#5122=VERTEX_POINT('',#16999);
#5123=VERTEX_POINT('',#17000);
#5124=VERTEX_POINT('',#17002);
#5125=VERTEX_POINT('',#17004);
#5126=VERTEX_POINT('',#17007);
#5127=VERTEX_POINT('',#17008);
#5128=VERTEX_POINT('',#17010);
#5129=VERTEX_POINT('',#17012);
#5130=VERTEX_POINT('',#17015);
#5131=VERTEX_POINT('',#17016);
#5132=VERTEX_POINT('',#17018);
#5133=VERTEX_POINT('',#17020);
#5134=VERTEX_POINT('',#17023);
#5135=VERTEX_POINT('',#17024);
#5136=VERTEX_POINT('',#17026);
#5137=VERTEX_POINT('',#17028);
#5138=VERTEX_POINT('',#17031);
#5139=VERTEX_POINT('',#17032);
#5140=VERTEX_POINT('',#17034);
#5141=VERTEX_POINT('',#17036);
#5142=VERTEX_POINT('',#17039);
#5143=VERTEX_POINT('',#17040);
#5144=VERTEX_POINT('',#17042);
#5145=VERTEX_POINT('',#17044);
#5146=VERTEX_POINT('',#17047);
#5147=VERTEX_POINT('',#17048);
#5148=VERTEX_POINT('',#17050);
#5149=VERTEX_POINT('',#17052);
#5150=VERTEX_POINT('',#17055);
#5151=VERTEX_POINT('',#17056);
#5152=VERTEX_POINT('',#17058);
#5153=VERTEX_POINT('',#17060);
#5154=VERTEX_POINT('',#17063);
#5155=VERTEX_POINT('',#17064);
#5156=VERTEX_POINT('',#17066);
#5157=VERTEX_POINT('',#17068);
#5158=VERTEX_POINT('',#17071);
#5159=VERTEX_POINT('',#17072);
#5160=VERTEX_POINT('',#17074);
#5161=VERTEX_POINT('',#17076);
#5162=VERTEX_POINT('',#17079);
#5163=VERTEX_POINT('',#17080);
#5164=VERTEX_POINT('',#17082);
#5165=VERTEX_POINT('',#17084);
#5166=VERTEX_POINT('',#17087);
#5167=VERTEX_POINT('',#17088);
#5168=VERTEX_POINT('',#17090);
#5169=VERTEX_POINT('',#17092);
#5170=VERTEX_POINT('',#17095);
#5171=VERTEX_POINT('',#17096);
#5172=VERTEX_POINT('',#17098);
#5173=VERTEX_POINT('',#17100);
#5174=VERTEX_POINT('',#17103);
#5175=VERTEX_POINT('',#17104);
#5176=VERTEX_POINT('',#17106);
#5177=VERTEX_POINT('',#17108);
#5178=VERTEX_POINT('',#17111);
#5179=VERTEX_POINT('',#17112);
#5180=VERTEX_POINT('',#17114);
#5181=VERTEX_POINT('',#17116);
#5182=VERTEX_POINT('',#17119);
#5183=VERTEX_POINT('',#17120);
#5184=VERTEX_POINT('',#17122);
#5185=VERTEX_POINT('',#17124);
#5186=VERTEX_POINT('',#17127);
#5187=VERTEX_POINT('',#17128);
#5188=VERTEX_POINT('',#17130);
#5189=VERTEX_POINT('',#17132);
#5190=VERTEX_POINT('',#17135);
#5191=VERTEX_POINT('',#17136);
#5192=VERTEX_POINT('',#17138);
#5193=VERTEX_POINT('',#17140);
#5194=VERTEX_POINT('',#17143);
#5195=VERTEX_POINT('',#17144);
#5196=VERTEX_POINT('',#17146);
#5197=VERTEX_POINT('',#17148);
#5198=VERTEX_POINT('',#17151);
#5199=VERTEX_POINT('',#17152);
#5200=VERTEX_POINT('',#17154);
#5201=VERTEX_POINT('',#17156);
#5202=VERTEX_POINT('',#17159);
#5203=VERTEX_POINT('',#17160);
#5204=VERTEX_POINT('',#17162);
#5205=VERTEX_POINT('',#17164);
#5206=VERTEX_POINT('',#17167);
#5207=VERTEX_POINT('',#17168);
#5208=VERTEX_POINT('',#17170);
#5209=VERTEX_POINT('',#17172);
#5210=VERTEX_POINT('',#17175);
#5211=VERTEX_POINT('',#17176);
#5212=VERTEX_POINT('',#17178);
#5213=VERTEX_POINT('',#17180);
#5214=VERTEX_POINT('',#17183);
#5215=VERTEX_POINT('',#17185);
#5216=VERTEX_POINT('',#17188);
#5217=VERTEX_POINT('',#17190);
#5218=VERTEX_POINT('',#17194);
#5219=VERTEX_POINT('',#17196);
#5220=VERTEX_POINT('',#17200);
#5221=VERTEX_POINT('',#17202);
#5222=VERTEX_POINT('',#17206);
#5223=VERTEX_POINT('',#17208);
#5224=VERTEX_POINT('',#17212);
#5225=VERTEX_POINT('',#17214);
#5226=VERTEX_POINT('',#17218);
#5227=VERTEX_POINT('',#17220);
#5228=VERTEX_POINT('',#17224);
#5229=VERTEX_POINT('',#17226);
#5230=VERTEX_POINT('',#17230);
#5231=VERTEX_POINT('',#17232);
#5232=VERTEX_POINT('',#17252);
#5233=VERTEX_POINT('',#17254);
#5234=VERTEX_POINT('',#17256);
#5235=VERTEX_POINT('',#17267);
#5236=VERTEX_POINT('',#17271);
#5237=VERTEX_POINT('',#17273);
#5238=VERTEX_POINT('',#17284);
#5239=VERTEX_POINT('',#17286);
#5240=VERTEX_POINT('',#17288);
#5241=VERTEX_POINT('',#17299);
#5242=VERTEX_POINT('',#17303);
#5243=VERTEX_POINT('',#17305);
#5244=VERTEX_POINT('',#17316);
#5245=VERTEX_POINT('',#17318);
#5246=VERTEX_POINT('',#17320);
#5247=VERTEX_POINT('',#17329);
#5248=VERTEX_POINT('',#17331);
#5249=VERTEX_POINT('',#17340);
#5250=VERTEX_POINT('',#17342);
#5251=VERTEX_POINT('',#17355);
#5252=VERTEX_POINT('',#17357);
#5253=VERTEX_POINT('',#17368);
#5254=VERTEX_POINT('',#17373);
#5255=VERTEX_POINT('',#17380);
#5256=VERTEX_POINT('',#17385);
#5257=VERTEX_POINT('',#17400);
#5258=VERTEX_POINT('',#17402);
#5259=VERTEX_POINT('',#17406);
#5260=VERTEX_POINT('',#17408);
#5261=VERTEX_POINT('',#17412);
#5262=VERTEX_POINT('',#17414);
#5263=VERTEX_POINT('',#17418);
#5264=VERTEX_POINT('',#17420);
#5265=VERTEX_POINT('',#17424);
#5266=VERTEX_POINT('',#17426);
#5267=VERTEX_POINT('',#17430);
#5268=VERTEX_POINT('',#17432);
#5269=VERTEX_POINT('',#17436);
#5270=VERTEX_POINT('',#17438);
#5271=VERTEX_POINT('',#17442);
#5272=VERTEX_POINT('',#17444);
#5273=VERTEX_POINT('',#17464);
#5274=VERTEX_POINT('',#17466);
#5275=VERTEX_POINT('',#17468);
#5276=VERTEX_POINT('',#17479);
#5277=VERTEX_POINT('',#17483);
#5278=VERTEX_POINT('',#17485);
#5279=VERTEX_POINT('',#17496);
#5280=VERTEX_POINT('',#17498);
#5281=VERTEX_POINT('',#17500);
#5282=VERTEX_POINT('',#17511);
#5283=VERTEX_POINT('',#17515);
#5284=VERTEX_POINT('',#17517);
#5285=VERTEX_POINT('',#17528);
#5286=VERTEX_POINT('',#17530);
#5287=VERTEX_POINT('',#17532);
#5288=VERTEX_POINT('',#17541);
#5289=VERTEX_POINT('',#17543);
#5290=VERTEX_POINT('',#17552);
#5291=VERTEX_POINT('',#17554);
#5292=VERTEX_POINT('',#17567);
#5293=VERTEX_POINT('',#17569);
#5294=VERTEX_POINT('',#17580);
#5295=VERTEX_POINT('',#17585);
#5296=VERTEX_POINT('',#17592);
#5297=VERTEX_POINT('',#17597);
#5298=VERTEX_POINT('',#17612);
#5299=VERTEX_POINT('',#17614);
#5300=VERTEX_POINT('',#17618);
#5301=VERTEX_POINT('',#17620);
#5302=VERTEX_POINT('',#17624);
#5303=VERTEX_POINT('',#17626);
#5304=VERTEX_POINT('',#17630);
#5305=VERTEX_POINT('',#17632);
#5306=VERTEX_POINT('',#17636);
#5307=VERTEX_POINT('',#17638);
#5308=VERTEX_POINT('',#17642);
#5309=VERTEX_POINT('',#17644);
#5310=VERTEX_POINT('',#17648);
#5311=VERTEX_POINT('',#17650);
#5312=VERTEX_POINT('',#17654);
#5313=VERTEX_POINT('',#17656);
#5314=VERTEX_POINT('',#17676);
#5315=VERTEX_POINT('',#17678);
#5316=VERTEX_POINT('',#17680);
#5317=VERTEX_POINT('',#17691);
#5318=VERTEX_POINT('',#17695);
#5319=VERTEX_POINT('',#17697);
#5320=VERTEX_POINT('',#17708);
#5321=VERTEX_POINT('',#17710);
#5322=VERTEX_POINT('',#17712);
#5323=VERTEX_POINT('',#17723);
#5324=VERTEX_POINT('',#17727);
#5325=VERTEX_POINT('',#17729);
#5326=VERTEX_POINT('',#17740);
#5327=VERTEX_POINT('',#17742);
#5328=VERTEX_POINT('',#17744);
#5329=VERTEX_POINT('',#17753);
#5330=VERTEX_POINT('',#17755);
#5331=VERTEX_POINT('',#17764);
#5332=VERTEX_POINT('',#17766);
#5333=VERTEX_POINT('',#17779);
#5334=VERTEX_POINT('',#17781);
#5335=VERTEX_POINT('',#17792);
#5336=VERTEX_POINT('',#17797);
#5337=VERTEX_POINT('',#17804);
#5338=VERTEX_POINT('',#17809);
#5339=VERTEX_POINT('',#17824);
#5340=VERTEX_POINT('',#17826);
#5341=VERTEX_POINT('',#17830);
#5342=VERTEX_POINT('',#17832);
#5343=VERTEX_POINT('',#17836);
#5344=VERTEX_POINT('',#17838);
#5345=VERTEX_POINT('',#17842);
#5346=VERTEX_POINT('',#17844);
#5347=VERTEX_POINT('',#17848);
#5348=VERTEX_POINT('',#17850);
#5349=VERTEX_POINT('',#17854);
#5350=VERTEX_POINT('',#17856);
#5351=VERTEX_POINT('',#17860);
#5352=VERTEX_POINT('',#17862);
#5353=VERTEX_POINT('',#17866);
#5354=VERTEX_POINT('',#17868);
#5355=VERTEX_POINT('',#17888);
#5356=VERTEX_POINT('',#17890);
#5357=VERTEX_POINT('',#17892);
#5358=VERTEX_POINT('',#17903);
#5359=VERTEX_POINT('',#17907);
#5360=VERTEX_POINT('',#17909);
#5361=VERTEX_POINT('',#17920);
#5362=VERTEX_POINT('',#17924);
#5363=VERTEX_POINT('',#17926);
#5364=VERTEX_POINT('',#17937);
#5365=VERTEX_POINT('',#17941);
#5366=VERTEX_POINT('',#17943);
#5367=VERTEX_POINT('',#17954);
#5368=VERTEX_POINT('',#17958);
#5369=VERTEX_POINT('',#17960);
#5370=VERTEX_POINT('',#17962);
#5371=VERTEX_POINT('',#17971);
#5372=VERTEX_POINT('',#17973);
#5373=VERTEX_POINT('',#17982);
#5374=VERTEX_POINT('',#17984);
#5375=VERTEX_POINT('',#17996);
#5376=VERTEX_POINT('',#18007);
#5377=VERTEX_POINT('',#18011);
#5378=VERTEX_POINT('',#18020);
#5379=VERTEX_POINT('',#18024);
#5380=VERTEX_POINT('',#18055);
#5381=VERTEX_POINT('',#18057);
#5382=VERTEX_POINT('',#18061);
#5383=VERTEX_POINT('',#18065);
#5384=VERTEX_POINT('',#18071);
#5385=VERTEX_POINT('',#18073);
#5386=VERTEX_POINT('',#18077);
#5387=VERTEX_POINT('',#18082);
#5388=VERTEX_POINT('',#18095);
#5389=VERTEX_POINT('',#18097);
#5390=VERTEX_POINT('',#18101);
#5391=VERTEX_POINT('',#18105);
#5392=VERTEX_POINT('',#18111);
#5393=VERTEX_POINT('',#18113);
#5394=VERTEX_POINT('',#18117);
#5395=VERTEX_POINT('',#18126);
#5396=VERTEX_POINT('',#18135);
#5397=VERTEX_POINT('',#18137);
#5398=VERTEX_POINT('',#18141);
#5399=VERTEX_POINT('',#18145);
#5400=VERTEX_POINT('',#18151);
#5401=VERTEX_POINT('',#18153);
#5402=VERTEX_POINT('',#18157);
#5403=VERTEX_POINT('',#18166);
#5404=VERTEX_POINT('',#18175);
#5405=VERTEX_POINT('',#18177);
#5406=VERTEX_POINT('',#18181);
#5407=VERTEX_POINT('',#18185);
#5408=VERTEX_POINT('',#18191);
#5409=VERTEX_POINT('',#18193);
#5410=VERTEX_POINT('',#18197);
#5411=VERTEX_POINT('',#18206);
#5412=VERTEX_POINT('',#18215);
#5413=VERTEX_POINT('',#18217);
#5414=VERTEX_POINT('',#18221);
#5415=VERTEX_POINT('',#18225);
#5416=VERTEX_POINT('',#18231);
#5417=VERTEX_POINT('',#18233);
#5418=VERTEX_POINT('',#18237);
#5419=VERTEX_POINT('',#18246);
#5420=VERTEX_POINT('',#18255);
#5421=VERTEX_POINT('',#18257);
#5422=VERTEX_POINT('',#18261);
#5423=VERTEX_POINT('',#18265);
#5424=VERTEX_POINT('',#18271);
#5425=VERTEX_POINT('',#18273);
#5426=VERTEX_POINT('',#18277);
#5427=VERTEX_POINT('',#18286);
#5428=VERTEX_POINT('',#18295);
#5429=VERTEX_POINT('',#18297);
#5430=VERTEX_POINT('',#18301);
#5431=VERTEX_POINT('',#18305);
#5432=VERTEX_POINT('',#18311);
#5433=VERTEX_POINT('',#18313);
#5434=VERTEX_POINT('',#18317);
#5435=VERTEX_POINT('',#18326);
#5436=VERTEX_POINT('',#18335);
#5437=VERTEX_POINT('',#18337);
#5438=VERTEX_POINT('',#18341);
#5439=VERTEX_POINT('',#18345);
#5440=VERTEX_POINT('',#18351);
#5441=VERTEX_POINT('',#18353);
#5442=VERTEX_POINT('',#18357);
#5443=VERTEX_POINT('',#18366);
#5444=VERTEX_POINT('',#18375);
#5445=VERTEX_POINT('',#18377);
#5446=VERTEX_POINT('',#18381);
#5447=VERTEX_POINT('',#18385);
#5448=VERTEX_POINT('',#18391);
#5449=VERTEX_POINT('',#18393);
#5450=VERTEX_POINT('',#18397);
#5451=VERTEX_POINT('',#18406);
#5452=VERTEX_POINT('',#18415);
#5453=VERTEX_POINT('',#18417);
#5454=VERTEX_POINT('',#18421);
#5455=VERTEX_POINT('',#18425);
#5456=VERTEX_POINT('',#18431);
#5457=VERTEX_POINT('',#18433);
#5458=VERTEX_POINT('',#18437);
#5459=VERTEX_POINT('',#18446);
#5460=VERTEX_POINT('',#18455);
#5461=VERTEX_POINT('',#18457);
#5462=VERTEX_POINT('',#18461);
#5463=VERTEX_POINT('',#18465);
#5464=VERTEX_POINT('',#18471);
#5465=VERTEX_POINT('',#18473);
#5466=VERTEX_POINT('',#18477);
#5467=VERTEX_POINT('',#18486);
#5468=VERTEX_POINT('',#18495);
#5469=VERTEX_POINT('',#18497);
#5470=VERTEX_POINT('',#18501);
#5471=VERTEX_POINT('',#18505);
#5472=VERTEX_POINT('',#18511);
#5473=VERTEX_POINT('',#18513);
#5474=VERTEX_POINT('',#18517);
#5475=VERTEX_POINT('',#18526);
#5476=VERTEX_POINT('',#18535);
#5477=VERTEX_POINT('',#18537);
#5478=VERTEX_POINT('',#18541);
#5479=VERTEX_POINT('',#18545);
#5480=VERTEX_POINT('',#18551);
#5481=VERTEX_POINT('',#18553);
#5482=VERTEX_POINT('',#18557);
#5483=VERTEX_POINT('',#18566);
#5484=VERTEX_POINT('',#18575);
#5485=VERTEX_POINT('',#18577);
#5486=VERTEX_POINT('',#18581);
#5487=VERTEX_POINT('',#18585);
#5488=VERTEX_POINT('',#18591);
#5489=VERTEX_POINT('',#18593);
#5490=VERTEX_POINT('',#18597);
#5491=VERTEX_POINT('',#18606);
#5492=VERTEX_POINT('',#18615);
#5493=VERTEX_POINT('',#18617);
#5494=VERTEX_POINT('',#18621);
#5495=VERTEX_POINT('',#18625);
#5496=VERTEX_POINT('',#18631);
#5497=VERTEX_POINT('',#18633);
#5498=VERTEX_POINT('',#18637);
#5499=VERTEX_POINT('',#18646);
#5500=VERTEX_POINT('',#18655);
#5501=VERTEX_POINT('',#18657);
#5502=VERTEX_POINT('',#18661);
#5503=VERTEX_POINT('',#18665);
#5504=VERTEX_POINT('',#18671);
#5505=VERTEX_POINT('',#18673);
#5506=VERTEX_POINT('',#18677);
#5507=VERTEX_POINT('',#18686);
#5508=VERTEX_POINT('',#18695);
#5509=VERTEX_POINT('',#18697);
#5510=VERTEX_POINT('',#18701);
#5511=VERTEX_POINT('',#18705);
#5512=VERTEX_POINT('',#18711);
#5513=VERTEX_POINT('',#18713);
#5514=VERTEX_POINT('',#18717);
#5515=VERTEX_POINT('',#18726);
#5516=VERTEX_POINT('',#18735);
#5517=VERTEX_POINT('',#18737);
#5518=VERTEX_POINT('',#18741);
#5519=VERTEX_POINT('',#18745);
#5520=VERTEX_POINT('',#18751);
#5521=VERTEX_POINT('',#18753);
#5522=VERTEX_POINT('',#18757);
#5523=VERTEX_POINT('',#18766);
#5524=VERTEX_POINT('',#18775);
#5525=VERTEX_POINT('',#18777);
#5526=VERTEX_POINT('',#18781);
#5527=VERTEX_POINT('',#18785);
#5528=VERTEX_POINT('',#18791);
#5529=VERTEX_POINT('',#18793);
#5530=VERTEX_POINT('',#18797);
#5531=VERTEX_POINT('',#18806);
#5532=VERTEX_POINT('',#18815);
#5533=VERTEX_POINT('',#18817);
#5534=VERTEX_POINT('',#18821);
#5535=VERTEX_POINT('',#18825);
#5536=VERTEX_POINT('',#18831);
#5537=VERTEX_POINT('',#18833);
#5538=VERTEX_POINT('',#18837);
#5539=VERTEX_POINT('',#18846);
#5540=VERTEX_POINT('',#18855);
#5541=VERTEX_POINT('',#18857);
#5542=VERTEX_POINT('',#18861);
#5543=VERTEX_POINT('',#18865);
#5544=VERTEX_POINT('',#18871);
#5545=VERTEX_POINT('',#18873);
#5546=VERTEX_POINT('',#18877);
#5547=VERTEX_POINT('',#18886);
#5548=VERTEX_POINT('',#18895);
#5549=VERTEX_POINT('',#18897);
#5550=VERTEX_POINT('',#18901);
#5551=VERTEX_POINT('',#18905);
#5552=VERTEX_POINT('',#18911);
#5553=VERTEX_POINT('',#18913);
#5554=VERTEX_POINT('',#18917);
#5555=VERTEX_POINT('',#18926);
#5556=VERTEX_POINT('',#18935);
#5557=VERTEX_POINT('',#18937);
#5558=VERTEX_POINT('',#18941);
#5559=VERTEX_POINT('',#18945);
#5560=VERTEX_POINT('',#18951);
#5561=VERTEX_POINT('',#18953);
#5562=VERTEX_POINT('',#18957);
#5563=VERTEX_POINT('',#18966);
#5564=VERTEX_POINT('',#18975);
#5565=VERTEX_POINT('',#18977);
#5566=VERTEX_POINT('',#18981);
#5567=VERTEX_POINT('',#18985);
#5568=VERTEX_POINT('',#18991);
#5569=VERTEX_POINT('',#18993);
#5570=VERTEX_POINT('',#18997);
#5571=VERTEX_POINT('',#19006);
#5572=VERTEX_POINT('',#19015);
#5573=VERTEX_POINT('',#19017);
#5574=VERTEX_POINT('',#19021);
#5575=VERTEX_POINT('',#19025);
#5576=VERTEX_POINT('',#19031);
#5577=VERTEX_POINT('',#19033);
#5578=VERTEX_POINT('',#19037);
#5579=VERTEX_POINT('',#19046);
#5580=VERTEX_POINT('',#19055);
#5581=VERTEX_POINT('',#19057);
#5582=VERTEX_POINT('',#19061);
#5583=VERTEX_POINT('',#19065);
#5584=VERTEX_POINT('',#19071);
#5585=VERTEX_POINT('',#19073);
#5586=VERTEX_POINT('',#19077);
#5587=VERTEX_POINT('',#19086);
#5588=VERTEX_POINT('',#19095);
#5589=VERTEX_POINT('',#19097);
#5590=VERTEX_POINT('',#19101);
#5591=VERTEX_POINT('',#19105);
#5592=VERTEX_POINT('',#19111);
#5593=VERTEX_POINT('',#19113);
#5594=VERTEX_POINT('',#19117);
#5595=VERTEX_POINT('',#19122);
#5596=VERTEX_POINT('',#19135);
#5597=VERTEX_POINT('',#19137);
#5598=VERTEX_POINT('',#19141);
#5599=VERTEX_POINT('',#19145);
#5600=VERTEX_POINT('',#19151);
#5601=VERTEX_POINT('',#19153);
#5602=VERTEX_POINT('',#19157);
#5603=VERTEX_POINT('',#19162);
#5604=VERTEX_POINT('',#19175);
#5605=VERTEX_POINT('',#19177);
#5606=VERTEX_POINT('',#19181);
#5607=VERTEX_POINT('',#19185);
#5608=VERTEX_POINT('',#19191);
#5609=VERTEX_POINT('',#19193);
#5610=VERTEX_POINT('',#19197);
#5611=VERTEX_POINT('',#19202);
#5612=VERTEX_POINT('',#19215);
#5613=VERTEX_POINT('',#19217);
#5614=VERTEX_POINT('',#19221);
#5615=VERTEX_POINT('',#19225);
#5616=VERTEX_POINT('',#19231);
#5617=VERTEX_POINT('',#19233);
#5618=VERTEX_POINT('',#19237);
#5619=VERTEX_POINT('',#19242);
#5620=VERTEX_POINT('',#19255);
#5621=VERTEX_POINT('',#19257);
#5622=VERTEX_POINT('',#19261);
#5623=VERTEX_POINT('',#19265);
#5624=VERTEX_POINT('',#19271);
#5625=VERTEX_POINT('',#19273);
#5626=VERTEX_POINT('',#19277);
#5627=VERTEX_POINT('',#19282);
#5628=VERTEX_POINT('',#19295);
#5629=VERTEX_POINT('',#19297);
#5630=VERTEX_POINT('',#19301);
#5631=VERTEX_POINT('',#19305);
#5632=VERTEX_POINT('',#19311);
#5633=VERTEX_POINT('',#19313);
#5634=VERTEX_POINT('',#19317);
#5635=VERTEX_POINT('',#19322);
#5636=VERTEX_POINT('',#19335);
#5637=VERTEX_POINT('',#19337);
#5638=VERTEX_POINT('',#19341);
#5639=VERTEX_POINT('',#19345);
#5640=VERTEX_POINT('',#19351);
#5641=VERTEX_POINT('',#19353);
#5642=VERTEX_POINT('',#19357);
#5643=VERTEX_POINT('',#19362);
#5644=VERTEX_POINT('',#19375);
#5645=VERTEX_POINT('',#19377);
#5646=VERTEX_POINT('',#19381);
#5647=VERTEX_POINT('',#19385);
#5648=VERTEX_POINT('',#19391);
#5649=VERTEX_POINT('',#19393);
#5650=VERTEX_POINT('',#19397);
#5651=VERTEX_POINT('',#19402);
#5652=VERTEX_POINT('',#19415);
#5653=VERTEX_POINT('',#19417);
#5654=VERTEX_POINT('',#19421);
#5655=VERTEX_POINT('',#19425);
#5656=VERTEX_POINT('',#19431);
#5657=VERTEX_POINT('',#19433);
#5658=VERTEX_POINT('',#19437);
#5659=VERTEX_POINT('',#19442);
#5660=VERTEX_POINT('',#19455);
#5661=VERTEX_POINT('',#19457);
#5662=VERTEX_POINT('',#19461);
#5663=VERTEX_POINT('',#19465);
#5664=VERTEX_POINT('',#19471);
#5665=VERTEX_POINT('',#19473);
#5666=VERTEX_POINT('',#19477);
#5667=VERTEX_POINT('',#19482);
#5668=VERTEX_POINT('',#19495);
#5669=VERTEX_POINT('',#19497);
#5670=VERTEX_POINT('',#19501);
#5671=VERTEX_POINT('',#19505);
#5672=VERTEX_POINT('',#19511);
#5673=VERTEX_POINT('',#19513);
#5674=VERTEX_POINT('',#19517);
#5675=VERTEX_POINT('',#19522);
#5676=VERTEX_POINT('',#19535);
#5677=VERTEX_POINT('',#19537);
#5678=VERTEX_POINT('',#19541);
#5679=VERTEX_POINT('',#19545);
#5680=VERTEX_POINT('',#19551);
#5681=VERTEX_POINT('',#19553);
#5682=VERTEX_POINT('',#19557);
#5683=VERTEX_POINT('',#19562);
#5684=VERTEX_POINT('',#19575);
#5685=VERTEX_POINT('',#19577);
#5686=VERTEX_POINT('',#19581);
#5687=VERTEX_POINT('',#19585);
#5688=VERTEX_POINT('',#19591);
#5689=VERTEX_POINT('',#19593);
#5690=VERTEX_POINT('',#19597);
#5691=VERTEX_POINT('',#19602);
#5692=VERTEX_POINT('',#19615);
#5693=VERTEX_POINT('',#19617);
#5694=VERTEX_POINT('',#19621);
#5695=VERTEX_POINT('',#19625);
#5696=VERTEX_POINT('',#19631);
#5697=VERTEX_POINT('',#19633);
#5698=VERTEX_POINT('',#19637);
#5699=VERTEX_POINT('',#19642);
#5700=VERTEX_POINT('',#19655);
#5701=VERTEX_POINT('',#19657);
#5702=VERTEX_POINT('',#19661);
#5703=VERTEX_POINT('',#19665);
#5704=VERTEX_POINT('',#19671);
#5705=VERTEX_POINT('',#19673);
#5706=VERTEX_POINT('',#19677);
#5707=VERTEX_POINT('',#19682);
#5708=EDGE_CURVE('',#4772,#4773,#4756,.T.);
#5709=EDGE_CURVE('',#4772,#4774,#2676,.T.);
#5710=EDGE_CURVE('',#4774,#4775,#4757,.T.);
#5711=EDGE_CURVE('',#4775,#4773,#2677,.T.);
#5712=EDGE_CURVE('',#4776,#4772,#2678,.T.);
#5713=EDGE_CURVE('',#4777,#4776,#2679,.T.);
#5714=EDGE_CURVE('',#4777,#4774,#2680,.T.);
#5715=EDGE_CURVE('',#4778,#4779,#4758,.T.);
#5716=EDGE_CURVE('',#4778,#4780,#2681,.T.);
#5717=EDGE_CURVE('',#4780,#4781,#4759,.T.);
#5718=EDGE_CURVE('',#4781,#4779,#2682,.T.);
#5719=EDGE_CURVE('',#4773,#4782,#2683,.T.);
#5720=EDGE_CURVE('',#4782,#4783,#378,.T.);
#5721=EDGE_CURVE('',#4783,#4778,#2684,.T.);
#5722=EDGE_CURVE('',#4779,#4784,#2685,.T.);
#5723=EDGE_CURVE('',#4784,#4785,#4760,.T.);
#5724=EDGE_CURVE('',#4785,#4786,#2686,.T.);
#5725=EDGE_CURVE('',#4786,#4787,#379,.T.);
#5726=EDGE_CURVE('',#4787,#4788,#2687,.T.);
#5727=EDGE_CURVE('',#4788,#4789,#4761,.T.);
#5728=EDGE_CURVE('',#4789,#4790,#2688,.T.);
#5729=EDGE_CURVE('',#4790,#4791,#4762,.T.);
#5730=EDGE_CURVE('',#4791,#4792,#2689,.T.);
#5731=EDGE_CURVE('',#4792,#4793,#380,.T.);
#5732=EDGE_CURVE('',#4793,#4794,#2690,.T.);
#5733=EDGE_CURVE('',#4794,#4795,#4763,.T.);
#5734=EDGE_CURVE('',#4795,#4796,#2691,.T.);
#5735=EDGE_CURVE('',#4796,#4797,#4764,.T.);
#5736=EDGE_CURVE('',#4797,#4798,#2692,.T.);
#5737=EDGE_CURVE('',#4798,#4799,#381,.T.);
#5738=EDGE_CURVE('',#4799,#4800,#2693,.T.);
#5739=EDGE_CURVE('',#4800,#4776,#4765,.T.);
#5740=EDGE_CURVE('',#4801,#4802,#2694,.T.);
#5741=EDGE_CURVE('',#4803,#4801,#382,.T.);
#5742=EDGE_CURVE('',#4804,#4803,#2695,.T.);
#5743=EDGE_CURVE('',#4802,#4804,#383,.T.);
#5744=EDGE_CURVE('',#4805,#4806,#2696,.T.);
#5745=EDGE_CURVE('',#4807,#4805,#384,.T.);
#5746=EDGE_CURVE('',#4808,#4807,#2697,.T.);
#5747=EDGE_CURVE('',#4806,#4808,#385,.T.);
#5748=EDGE_CURVE('',#4809,#4810,#2698,.T.);
#5749=EDGE_CURVE('',#4811,#4809,#386,.T.);
#5750=EDGE_CURVE('',#4812,#4811,#2699,.T.);
#5751=EDGE_CURVE('',#4810,#4812,#387,.T.);
#5752=EDGE_CURVE('',#4813,#4814,#2700,.T.);
#5753=EDGE_CURVE('',#4815,#4813,#388,.T.);
#5754=EDGE_CURVE('',#4816,#4815,#2701,.T.);
#5755=EDGE_CURVE('',#4814,#4816,#389,.T.);
#5756=EDGE_CURVE('',#4817,#4818,#2702,.T.);
#5757=EDGE_CURVE('',#4819,#4817,#390,.T.);
#5758=EDGE_CURVE('',#4820,#4819,#2703,.T.);
#5759=EDGE_CURVE('',#4818,#4820,#391,.T.);
#5760=EDGE_CURVE('',#4821,#4822,#2704,.T.);
#5761=EDGE_CURVE('',#4823,#4821,#392,.T.);
#5762=EDGE_CURVE('',#4824,#4823,#2705,.T.);
#5763=EDGE_CURVE('',#4822,#4824,#393,.T.);
#5764=EDGE_CURVE('',#4825,#4826,#2706,.T.);
#5765=EDGE_CURVE('',#4827,#4825,#394,.T.);
#5766=EDGE_CURVE('',#4828,#4827,#2707,.T.);
#5767=EDGE_CURVE('',#4826,#4828,#395,.T.);
#5768=EDGE_CURVE('',#4829,#4830,#2708,.T.);
#5769=EDGE_CURVE('',#4831,#4829,#396,.T.);
#5770=EDGE_CURVE('',#4832,#4831,#2709,.T.);
#5771=EDGE_CURVE('',#4830,#4832,#397,.T.);
#5772=EDGE_CURVE('',#4833,#4834,#2710,.T.);
#5773=EDGE_CURVE('',#4835,#4833,#398,.T.);
#5774=EDGE_CURVE('',#4836,#4835,#2711,.T.);
#5775=EDGE_CURVE('',#4834,#4836,#399,.T.);
#5776=EDGE_CURVE('',#4837,#4838,#2712,.T.);
#5777=EDGE_CURVE('',#4839,#4837,#400,.T.);
#5778=EDGE_CURVE('',#4840,#4839,#2713,.T.);
#5779=EDGE_CURVE('',#4838,#4840,#401,.T.);
#5780=EDGE_CURVE('',#4841,#4842,#2714,.T.);
#5781=EDGE_CURVE('',#4843,#4841,#402,.T.);
#5782=EDGE_CURVE('',#4844,#4843,#2715,.T.);
#5783=EDGE_CURVE('',#4842,#4844,#403,.T.);
#5784=EDGE_CURVE('',#4845,#4846,#2716,.T.);
#5785=EDGE_CURVE('',#4847,#4845,#404,.T.);
#5786=EDGE_CURVE('',#4848,#4847,#2717,.T.);
#5787=EDGE_CURVE('',#4846,#4848,#405,.T.);
#5788=EDGE_CURVE('',#4849,#4850,#2718,.T.);
#5789=EDGE_CURVE('',#4851,#4849,#406,.T.);
#5790=EDGE_CURVE('',#4852,#4851,#2719,.T.);
#5791=EDGE_CURVE('',#4850,#4852,#407,.T.);
#5792=EDGE_CURVE('',#4853,#4854,#2720,.T.);
#5793=EDGE_CURVE('',#4855,#4853,#408,.T.);
#5794=EDGE_CURVE('',#4856,#4855,#2721,.T.);
#5795=EDGE_CURVE('',#4854,#4856,#409,.T.);
#5796=EDGE_CURVE('',#4857,#4858,#2722,.T.);
#5797=EDGE_CURVE('',#4859,#4857,#410,.T.);
#5798=EDGE_CURVE('',#4860,#4859,#2723,.T.);
#5799=EDGE_CURVE('',#4858,#4860,#411,.T.);
#5800=EDGE_CURVE('',#4861,#4862,#2724,.T.);
#5801=EDGE_CURVE('',#4863,#4861,#412,.T.);
#5802=EDGE_CURVE('',#4864,#4863,#2725,.T.);
#5803=EDGE_CURVE('',#4862,#4864,#413,.T.);
#5804=EDGE_CURVE('',#4865,#4866,#2726,.T.);
#5805=EDGE_CURVE('',#4867,#4865,#414,.T.);
#5806=EDGE_CURVE('',#4868,#4867,#2727,.T.);
#5807=EDGE_CURVE('',#4866,#4868,#415,.T.);
#5808=EDGE_CURVE('',#4869,#4870,#2728,.T.);
#5809=EDGE_CURVE('',#4871,#4869,#416,.T.);
#5810=EDGE_CURVE('',#4872,#4871,#2729,.T.);
#5811=EDGE_CURVE('',#4870,#4872,#417,.T.);
#5812=EDGE_CURVE('',#4873,#4874,#2730,.T.);
#5813=EDGE_CURVE('',#4875,#4873,#418,.T.);
#5814=EDGE_CURVE('',#4876,#4875,#2731,.T.);
#5815=EDGE_CURVE('',#4874,#4876,#419,.T.);
#5816=EDGE_CURVE('',#4877,#4878,#2732,.T.);
#5817=EDGE_CURVE('',#4879,#4877,#420,.T.);
#5818=EDGE_CURVE('',#4880,#4879,#2733,.T.);
#5819=EDGE_CURVE('',#4878,#4880,#421,.T.);
#5820=EDGE_CURVE('',#4881,#4882,#2734,.T.);
#5821=EDGE_CURVE('',#4883,#4881,#422,.T.);
#5822=EDGE_CURVE('',#4884,#4883,#2735,.T.);
#5823=EDGE_CURVE('',#4882,#4884,#423,.T.);
#5824=EDGE_CURVE('',#4885,#4886,#2736,.T.);
#5825=EDGE_CURVE('',#4887,#4885,#424,.T.);
#5826=EDGE_CURVE('',#4888,#4887,#2737,.T.);
#5827=EDGE_CURVE('',#4886,#4888,#425,.T.);
#5828=EDGE_CURVE('',#4889,#4890,#2738,.T.);
#5829=EDGE_CURVE('',#4891,#4889,#426,.T.);
#5830=EDGE_CURVE('',#4892,#4891,#2739,.T.);
#5831=EDGE_CURVE('',#4890,#4892,#427,.T.);
#5832=EDGE_CURVE('',#4893,#4894,#2740,.T.);
#5833=EDGE_CURVE('',#4895,#4893,#428,.T.);
#5834=EDGE_CURVE('',#4896,#4895,#2741,.T.);
#5835=EDGE_CURVE('',#4894,#4896,#429,.T.);
#5836=EDGE_CURVE('',#4897,#4898,#2742,.T.);
#5837=EDGE_CURVE('',#4899,#4897,#430,.T.);
#5838=EDGE_CURVE('',#4900,#4899,#2743,.T.);
#5839=EDGE_CURVE('',#4898,#4900,#431,.T.);
#5840=EDGE_CURVE('',#4901,#4902,#2744,.T.);
#5841=EDGE_CURVE('',#4903,#4901,#432,.T.);
#5842=EDGE_CURVE('',#4904,#4903,#2745,.T.);
#5843=EDGE_CURVE('',#4902,#4904,#433,.T.);
#5844=EDGE_CURVE('',#4905,#4906,#2746,.T.);
#5845=EDGE_CURVE('',#4907,#4905,#434,.T.);
#5846=EDGE_CURVE('',#4908,#4907,#2747,.T.);
#5847=EDGE_CURVE('',#4906,#4908,#435,.T.);
#5848=EDGE_CURVE('',#4909,#4910,#2748,.T.);
#5849=EDGE_CURVE('',#4911,#4909,#436,.T.);
#5850=EDGE_CURVE('',#4912,#4911,#2749,.T.);
#5851=EDGE_CURVE('',#4910,#4912,#437,.T.);
#5852=EDGE_CURVE('',#4913,#4914,#2750,.T.);
#5853=EDGE_CURVE('',#4915,#4913,#438,.T.);
#5854=EDGE_CURVE('',#4916,#4915,#2751,.T.);
#5855=EDGE_CURVE('',#4914,#4916,#439,.T.);
#5856=EDGE_CURVE('',#4917,#4918,#2752,.T.);
#5857=EDGE_CURVE('',#4919,#4917,#440,.T.);
#5858=EDGE_CURVE('',#4920,#4919,#2753,.T.);
#5859=EDGE_CURVE('',#4918,#4920,#441,.T.);
#5860=EDGE_CURVE('',#4921,#4922,#2754,.T.);
#5861=EDGE_CURVE('',#4923,#4921,#442,.T.);
#5862=EDGE_CURVE('',#4924,#4923,#2755,.T.);
#5863=EDGE_CURVE('',#4922,#4924,#443,.T.);
#5864=EDGE_CURVE('',#4925,#4926,#2756,.T.);
#5865=EDGE_CURVE('',#4927,#4925,#444,.T.);
#5866=EDGE_CURVE('',#4928,#4927,#2757,.T.);
#5867=EDGE_CURVE('',#4926,#4928,#445,.T.);
#5868=EDGE_CURVE('',#4929,#4930,#2758,.T.);
#5869=EDGE_CURVE('',#4931,#4929,#446,.T.);
#5870=EDGE_CURVE('',#4932,#4931,#2759,.T.);
#5871=EDGE_CURVE('',#4930,#4932,#447,.T.);
#5872=EDGE_CURVE('',#4933,#4934,#2760,.T.);
#5873=EDGE_CURVE('',#4935,#4933,#448,.T.);
#5874=EDGE_CURVE('',#4936,#4935,#2761,.T.);
#5875=EDGE_CURVE('',#4934,#4936,#449,.T.);
#5876=EDGE_CURVE('',#4937,#4938,#2762,.T.);
#5877=EDGE_CURVE('',#4939,#4937,#450,.T.);
#5878=EDGE_CURVE('',#4940,#4939,#2763,.T.);
#5879=EDGE_CURVE('',#4938,#4940,#451,.T.);
#5880=EDGE_CURVE('',#4941,#4942,#2764,.T.);
#5881=EDGE_CURVE('',#4943,#4941,#452,.T.);
#5882=EDGE_CURVE('',#4944,#4943,#2765,.T.);
#5883=EDGE_CURVE('',#4942,#4944,#453,.T.);
#5884=EDGE_CURVE('',#4945,#4946,#2766,.T.);
#5885=EDGE_CURVE('',#4947,#4945,#454,.T.);
#5886=EDGE_CURVE('',#4948,#4947,#2767,.T.);
#5887=EDGE_CURVE('',#4946,#4948,#455,.T.);
#5888=EDGE_CURVE('',#4949,#4950,#2768,.T.);
#5889=EDGE_CURVE('',#4951,#4949,#456,.T.);
#5890=EDGE_CURVE('',#4952,#4951,#2769,.T.);
#5891=EDGE_CURVE('',#4950,#4952,#457,.T.);
#5892=EDGE_CURVE('',#4953,#4954,#2770,.T.);
#5893=EDGE_CURVE('',#4955,#4953,#458,.T.);
#5894=EDGE_CURVE('',#4956,#4955,#2771,.T.);
#5895=EDGE_CURVE('',#4954,#4956,#459,.T.);
#5896=EDGE_CURVE('',#4957,#4958,#2772,.T.);
#5897=EDGE_CURVE('',#4959,#4957,#460,.T.);
#5898=EDGE_CURVE('',#4960,#4959,#2773,.T.);
#5899=EDGE_CURVE('',#4958,#4960,#461,.T.);
#5900=EDGE_CURVE('',#4961,#4962,#2774,.T.);
#5901=EDGE_CURVE('',#4963,#4961,#462,.T.);
#5902=EDGE_CURVE('',#4964,#4963,#2775,.T.);
#5903=EDGE_CURVE('',#4962,#4964,#463,.T.);
#5904=EDGE_CURVE('',#4781,#4965,#2776,.T.);
#5905=EDGE_CURVE('',#4784,#4965,#2777,.T.);
#5906=EDGE_CURVE('',#4965,#4966,#4766,.T.);
#5907=EDGE_CURVE('',#4966,#4785,#2778,.T.);
#5908=EDGE_CURVE('',#4788,#4967,#2779,.T.);
#5909=EDGE_CURVE('',#4967,#4968,#4767,.T.);
#5910=EDGE_CURVE('',#4968,#4789,#2780,.T.);
#5911=EDGE_CURVE('',#4968,#4969,#2781,.T.);
#5912=EDGE_CURVE('',#4790,#4969,#2782,.T.);
#5913=EDGE_CURVE('',#4969,#4970,#4768,.T.);
#5914=EDGE_CURVE('',#4970,#4791,#2783,.T.);
#5915=EDGE_CURVE('',#4794,#4971,#2784,.T.);
#5916=EDGE_CURVE('',#4971,#4972,#4769,.T.);
#5917=EDGE_CURVE('',#4972,#4795,#2785,.T.);
#5918=EDGE_CURVE('',#4972,#4973,#2786,.T.);
#5919=EDGE_CURVE('',#4796,#4973,#2787,.T.);
#5920=EDGE_CURVE('',#4973,#4974,#4770,.T.);
#5921=EDGE_CURVE('',#4974,#4797,#2788,.T.);
#5922=EDGE_CURVE('',#4800,#4975,#2789,.T.);
#5923=EDGE_CURVE('',#4975,#4777,#4771,.T.);
#5924=EDGE_CURVE('',#4799,#4976,#2790,.T.);
#5925=EDGE_CURVE('',#4976,#4975,#2791,.T.);
#5926=EDGE_CURVE('',#4977,#4978,#2792,.T.);
#5927=EDGE_CURVE('',#4978,#4979,#2793,.T.);
#5928=EDGE_CURVE('',#4979,#4980,#2794,.T.);
#5929=EDGE_CURVE('',#4980,#4977,#2795,.T.);
#5930=EDGE_CURVE('',#4981,#4982,#2796,.T.);
#5931=EDGE_CURVE('',#4982,#4978,#464,.T.);
#5932=EDGE_CURVE('',#4977,#4981,#465,.T.);
#5933=EDGE_CURVE('',#4983,#4984,#2797,.T.);
#5934=EDGE_CURVE('',#4984,#4982,#2798,.T.);
#5935=EDGE_CURVE('',#4981,#4983,#2799,.T.);
#5936=EDGE_CURVE('',#4985,#4986,#2800,.T.);
#5937=EDGE_CURVE('',#4986,#4984,#466,.T.);
#5938=EDGE_CURVE('',#4983,#4985,#467,.T.);
#5939=EDGE_CURVE('',#4987,#4988,#2801,.T.);
#5940=EDGE_CURVE('',#4988,#4986,#2802,.T.);
#5941=EDGE_CURVE('',#4985,#4987,#2803,.T.);
#5942=EDGE_CURVE('',#4989,#4990,#2804,.T.);
#5943=EDGE_CURVE('',#4990,#4988,#468,.T.);
#5944=EDGE_CURVE('',#4987,#4989,#469,.T.);
#5945=EDGE_CURVE('',#4991,#4992,#2805,.T.);
#5946=EDGE_CURVE('',#4992,#4990,#2806,.T.);
#5947=EDGE_CURVE('',#4989,#4991,#2807,.T.);
#5948=EDGE_CURVE('',#4979,#4992,#470,.T.);
#5949=EDGE_CURVE('',#4991,#4980,#471,.T.);
#5950=EDGE_CURVE('',#4983,#4993,#2808,.T.);
#5951=EDGE_CURVE('',#4994,#4993,#472,.T.);
#5952=EDGE_CURVE('',#4985,#4994,#2809,.T.);
#5953=EDGE_CURVE('',#4981,#4995,#2810,.T.);
#5954=EDGE_CURVE('',#4993,#4995,#2811,.T.);
#5955=EDGE_CURVE('',#4977,#4996,#2812,.T.);
#5956=EDGE_CURVE('',#4995,#4996,#473,.T.);
#5957=EDGE_CURVE('',#4980,#4997,#2813,.T.);
#5958=EDGE_CURVE('',#4996,#4997,#2814,.T.);
#5959=EDGE_CURVE('',#4998,#4999,#474,.T.);
#5960=EDGE_CURVE('',#5000,#4998,#475,.T.);
#5961=EDGE_CURVE('',#5001,#5000,#476,.T.);
#5962=EDGE_CURVE('',#5002,#5001,#477,.T.);
#5963=EDGE_CURVE('',#5003,#5002,#478,.T.);
#5964=EDGE_CURVE('',#5004,#5003,#479,.T.);
#5965=EDGE_CURVE('',#5005,#5004,#480,.T.);
#5966=EDGE_CURVE('',#4999,#5005,#481,.T.);
#5967=EDGE_CURVE('',#5006,#5007,#482,.T.);
#5968=EDGE_CURVE('',#5008,#5006,#483,.T.);
#5969=EDGE_CURVE('',#5009,#5008,#484,.T.);
#5970=EDGE_CURVE('',#5010,#5009,#485,.T.);
#5971=EDGE_CURVE('',#5011,#5010,#486,.T.);
#5972=EDGE_CURVE('',#5012,#5011,#487,.T.);
#5973=EDGE_CURVE('',#5013,#5012,#488,.T.);
#5974=EDGE_CURVE('',#5007,#5013,#489,.T.);
#5975=EDGE_CURVE('',#5014,#4780,#2815,.T.);
#5976=EDGE_CURVE('',#5015,#5014,#490,.T.);
#5977=EDGE_CURVE('',#4775,#5015,#2816,.T.);
#5978=EDGE_CURVE('',#5016,#4976,#491,.T.);
#5979=EDGE_CURVE('',#4974,#5016,#2817,.T.);
#5980=EDGE_CURVE('',#5017,#4971,#2818,.T.);
#5981=EDGE_CURVE('',#5018,#5017,#492,.T.);
#5982=EDGE_CURVE('',#4970,#5018,#2819,.T.);
#5983=EDGE_CURVE('',#5019,#4967,#2820,.T.);
#5984=EDGE_CURVE('',#5020,#5019,#493,.T.);
#5985=EDGE_CURVE('',#4966,#5020,#2821,.T.);
#5986=EDGE_CURVE('',#5021,#5022,#494,.T.);
#5987=EDGE_CURVE('',#5023,#5021,#495,.T.);
#5988=EDGE_CURVE('',#5024,#5023,#496,.T.);
#5989=EDGE_CURVE('',#5025,#5024,#497,.T.);
#5990=EDGE_CURVE('',#5026,#5025,#498,.T.);
#5991=EDGE_CURVE('',#5027,#5026,#499,.T.);
#5992=EDGE_CURVE('',#5028,#5027,#500,.T.);
#5993=EDGE_CURVE('',#5022,#5028,#501,.T.);
#5994=EDGE_CURVE('',#5029,#5030,#502,.T.);
#5995=EDGE_CURVE('',#5031,#5029,#503,.T.);
#5996=EDGE_CURVE('',#5032,#5031,#504,.T.);
#5997=EDGE_CURVE('',#5033,#5032,#505,.T.);
#5998=EDGE_CURVE('',#5034,#5033,#506,.T.);
#5999=EDGE_CURVE('',#5035,#5034,#507,.T.);
#6000=EDGE_CURVE('',#5036,#5035,#508,.T.);
#6001=EDGE_CURVE('',#5030,#5036,#509,.T.);
#6002=EDGE_CURVE('',#4997,#5037,#2822,.T.);
#6003=EDGE_CURVE('',#5037,#5038,#2823,.T.);
#6004=EDGE_CURVE('',#5038,#4996,#2824,.T.);
#6005=EDGE_CURVE('',#5039,#5040,#2825,.T.);
#6006=EDGE_CURVE('',#5040,#5037,#510,.T.);
#6007=EDGE_CURVE('',#4997,#5039,#511,.T.);
#6008=EDGE_CURVE('',#5041,#5042,#2826,.T.);
#6009=EDGE_CURVE('',#5042,#5040,#2827,.T.);
#6010=EDGE_CURVE('',#5039,#5041,#2828,.T.);
#6011=EDGE_CURVE('',#5043,#5044,#2829,.T.);
#6012=EDGE_CURVE('',#5044,#5042,#512,.T.);
#6013=EDGE_CURVE('',#5041,#5043,#513,.T.);
#6014=EDGE_CURVE('',#4994,#5045,#2830,.T.);
#6015=EDGE_CURVE('',#5045,#5044,#2831,.T.);
#6016=EDGE_CURVE('',#5043,#4994,#2832,.T.);
#6017=EDGE_CURVE('',#4993,#5046,#2833,.T.);
#6018=EDGE_CURVE('',#5046,#5045,#514,.T.);
#6019=EDGE_CURVE('',#4995,#5047,#2834,.T.);
#6020=EDGE_CURVE('',#5047,#5046,#2835,.T.);
#6021=EDGE_CURVE('',#5038,#5047,#515,.T.);
#6022=EDGE_CURVE('',#4987,#5043,#2836,.T.);
#6023=EDGE_CURVE('',#4989,#5041,#2837,.T.);
#6024=EDGE_CURVE('',#4991,#5039,#2838,.T.);
#6025=EDGE_CURVE('',#5048,#5048,#516,.T.);
#6026=EDGE_CURVE('',#5049,#5049,#517,.T.);
#6027=EDGE_CURVE('',#5050,#5051,#2839,.T.);
#6028=EDGE_CURVE('',#5052,#5050,#518,.T.);
#6029=EDGE_CURVE('',#5053,#5052,#2840,.T.);
#6030=EDGE_CURVE('',#5051,#5053,#519,.T.);
#6031=EDGE_CURVE('',#5054,#5055,#520,.T.);
#6032=EDGE_CURVE('',#5056,#5054,#2841,.T.);
#6033=EDGE_CURVE('',#5057,#5056,#521,.T.);
#6034=EDGE_CURVE('',#5055,#5057,#2842,.T.);
#6035=EDGE_CURVE('',#5058,#5059,#522,.T.);
#6036=EDGE_CURVE('',#5060,#5058,#2843,.T.);
#6037=EDGE_CURVE('',#5061,#5060,#523,.T.);
#6038=EDGE_CURVE('',#5059,#5061,#2844,.T.);
#6039=EDGE_CURVE('',#5062,#5063,#524,.T.);
#6040=EDGE_CURVE('',#5064,#5062,#2845,.T.);
#6041=EDGE_CURVE('',#5065,#5064,#525,.T.);
#6042=EDGE_CURVE('',#5063,#5065,#2846,.T.);
#6043=EDGE_CURVE('',#5066,#5067,#526,.T.);
#6044=EDGE_CURVE('',#5068,#5066,#2847,.T.);
#6045=EDGE_CURVE('',#5069,#5068,#527,.T.);
#6046=EDGE_CURVE('',#5067,#5069,#2848,.T.);
#6047=EDGE_CURVE('',#5070,#5071,#528,.T.);
#6048=EDGE_CURVE('',#5072,#5070,#2849,.T.);
#6049=EDGE_CURVE('',#5073,#5072,#529,.T.);
#6050=EDGE_CURVE('',#5071,#5073,#2850,.T.);
#6051=EDGE_CURVE('',#5074,#5075,#530,.T.);
#6052=EDGE_CURVE('',#5076,#5074,#2851,.T.);
#6053=EDGE_CURVE('',#5077,#5076,#531,.T.);
#6054=EDGE_CURVE('',#5075,#5077,#2852,.T.);
#6055=EDGE_CURVE('',#5078,#5079,#532,.T.);
#6056=EDGE_CURVE('',#5080,#5078,#2853,.T.);
#6057=EDGE_CURVE('',#5081,#5080,#533,.T.);
#6058=EDGE_CURVE('',#5079,#5081,#2854,.T.);
#6059=EDGE_CURVE('',#5082,#5083,#534,.T.);
#6060=EDGE_CURVE('',#5084,#5082,#2855,.T.);
#6061=EDGE_CURVE('',#5085,#5084,#535,.T.);
#6062=EDGE_CURVE('',#5083,#5085,#2856,.T.);
#6063=EDGE_CURVE('',#5086,#5087,#536,.T.);
#6064=EDGE_CURVE('',#5088,#5086,#2857,.T.);
#6065=EDGE_CURVE('',#5089,#5088,#537,.T.);
#6066=EDGE_CURVE('',#5087,#5089,#2858,.T.);
#6067=EDGE_CURVE('',#5090,#5091,#538,.T.);
#6068=EDGE_CURVE('',#5092,#5090,#2859,.T.);
#6069=EDGE_CURVE('',#5093,#5092,#539,.T.);
#6070=EDGE_CURVE('',#5091,#5093,#2860,.T.);
#6071=EDGE_CURVE('',#5094,#5095,#540,.T.);
#6072=EDGE_CURVE('',#5096,#5094,#2861,.T.);
#6073=EDGE_CURVE('',#5097,#5096,#541,.T.);
#6074=EDGE_CURVE('',#5095,#5097,#2862,.T.);
#6075=EDGE_CURVE('',#5098,#5099,#542,.T.);
#6076=EDGE_CURVE('',#5100,#5098,#2863,.T.);
#6077=EDGE_CURVE('',#5101,#5100,#543,.T.);
#6078=EDGE_CURVE('',#5099,#5101,#2864,.T.);
#6079=EDGE_CURVE('',#5102,#5103,#544,.T.);
#6080=EDGE_CURVE('',#5104,#5102,#2865,.T.);
#6081=EDGE_CURVE('',#5105,#5104,#545,.T.);
#6082=EDGE_CURVE('',#5103,#5105,#2866,.T.);
#6083=EDGE_CURVE('',#5106,#5107,#546,.T.);
#6084=EDGE_CURVE('',#5108,#5106,#2867,.T.);
#6085=EDGE_CURVE('',#5109,#5108,#547,.T.);
#6086=EDGE_CURVE('',#5107,#5109,#2868,.T.);
#6087=EDGE_CURVE('',#5110,#5111,#548,.T.);
#6088=EDGE_CURVE('',#5112,#5110,#2869,.T.);
#6089=EDGE_CURVE('',#5113,#5112,#549,.T.);
#6090=EDGE_CURVE('',#5111,#5113,#2870,.T.);
#6091=EDGE_CURVE('',#5114,#5115,#550,.T.);
#6092=EDGE_CURVE('',#5116,#5114,#2871,.T.);
#6093=EDGE_CURVE('',#5117,#5116,#551,.T.);
#6094=EDGE_CURVE('',#5115,#5117,#2872,.T.);
#6095=EDGE_CURVE('',#5118,#5119,#552,.T.);
#6096=EDGE_CURVE('',#5120,#5118,#2873,.T.);
#6097=EDGE_CURVE('',#5121,#5120,#553,.T.);
#6098=EDGE_CURVE('',#5119,#5121,#2874,.T.);
#6099=EDGE_CURVE('',#5122,#5123,#554,.T.);
#6100=EDGE_CURVE('',#5124,#5122,#2875,.T.);
#6101=EDGE_CURVE('',#5125,#5124,#555,.T.);
#6102=EDGE_CURVE('',#5123,#5125,#2876,.T.);
#6103=EDGE_CURVE('',#5126,#5127,#556,.T.);
#6104=EDGE_CURVE('',#5128,#5126,#2877,.T.);
#6105=EDGE_CURVE('',#5129,#5128,#557,.T.);
#6106=EDGE_CURVE('',#5127,#5129,#2878,.T.);
#6107=EDGE_CURVE('',#5130,#5131,#558,.T.);
#6108=EDGE_CURVE('',#5132,#5130,#2879,.T.);
#6109=EDGE_CURVE('',#5133,#5132,#559,.T.);
#6110=EDGE_CURVE('',#5131,#5133,#2880,.T.);
#6111=EDGE_CURVE('',#5134,#5135,#560,.T.);
#6112=EDGE_CURVE('',#5136,#5134,#2881,.T.);
#6113=EDGE_CURVE('',#5137,#5136,#561,.T.);
#6114=EDGE_CURVE('',#5135,#5137,#2882,.T.);
#6115=EDGE_CURVE('',#5138,#5139,#562,.T.);
#6116=EDGE_CURVE('',#5140,#5138,#2883,.T.);
#6117=EDGE_CURVE('',#5141,#5140,#563,.T.);
#6118=EDGE_CURVE('',#5139,#5141,#2884,.T.);
#6119=EDGE_CURVE('',#5142,#5143,#564,.T.);
#6120=EDGE_CURVE('',#5144,#5142,#2885,.T.);
#6121=EDGE_CURVE('',#5145,#5144,#565,.T.);
#6122=EDGE_CURVE('',#5143,#5145,#2886,.T.);
#6123=EDGE_CURVE('',#5146,#5147,#566,.T.);
#6124=EDGE_CURVE('',#5148,#5146,#2887,.T.);
#6125=EDGE_CURVE('',#5149,#5148,#567,.T.);
#6126=EDGE_CURVE('',#5147,#5149,#2888,.T.);
#6127=EDGE_CURVE('',#5150,#5151,#568,.T.);
#6128=EDGE_CURVE('',#5152,#5150,#2889,.T.);
#6129=EDGE_CURVE('',#5153,#5152,#569,.T.);
#6130=EDGE_CURVE('',#5151,#5153,#2890,.T.);
#6131=EDGE_CURVE('',#5154,#5155,#2891,.T.);
#6132=EDGE_CURVE('',#5156,#5154,#570,.T.);
#6133=EDGE_CURVE('',#5157,#5156,#2892,.T.);
#6134=EDGE_CURVE('',#5155,#5157,#571,.T.);
#6135=EDGE_CURVE('',#5158,#5159,#2893,.T.);
#6136=EDGE_CURVE('',#5160,#5158,#572,.T.);
#6137=EDGE_CURVE('',#5161,#5160,#2894,.T.);
#6138=EDGE_CURVE('',#5159,#5161,#573,.T.);
#6139=EDGE_CURVE('',#5162,#5163,#2895,.T.);
#6140=EDGE_CURVE('',#5164,#5162,#574,.T.);
#6141=EDGE_CURVE('',#5165,#5164,#2896,.T.);
#6142=EDGE_CURVE('',#5163,#5165,#575,.T.);
#6143=EDGE_CURVE('',#5166,#5167,#2897,.T.);
#6144=EDGE_CURVE('',#5168,#5166,#576,.T.);
#6145=EDGE_CURVE('',#5169,#5168,#2898,.T.);
#6146=EDGE_CURVE('',#5167,#5169,#577,.T.);
#6147=EDGE_CURVE('',#5170,#5171,#2899,.T.);
#6148=EDGE_CURVE('',#5172,#5170,#578,.T.);
#6149=EDGE_CURVE('',#5173,#5172,#2900,.T.);
#6150=EDGE_CURVE('',#5171,#5173,#579,.T.);
#6151=EDGE_CURVE('',#5174,#5175,#2901,.T.);
#6152=EDGE_CURVE('',#5176,#5174,#580,.T.);
#6153=EDGE_CURVE('',#5177,#5176,#2902,.T.);
#6154=EDGE_CURVE('',#5175,#5177,#581,.T.);
#6155=EDGE_CURVE('',#5178,#5179,#2903,.T.);
#6156=EDGE_CURVE('',#5180,#5178,#582,.T.);
#6157=EDGE_CURVE('',#5181,#5180,#2904,.T.);
#6158=EDGE_CURVE('',#5179,#5181,#583,.T.);
#6159=EDGE_CURVE('',#5182,#5183,#2905,.T.);
#6160=EDGE_CURVE('',#5184,#5182,#584,.T.);
#6161=EDGE_CURVE('',#5185,#5184,#2906,.T.);
#6162=EDGE_CURVE('',#5183,#5185,#585,.T.);
#6163=EDGE_CURVE('',#5186,#5187,#2907,.T.);
#6164=EDGE_CURVE('',#5188,#5186,#586,.T.);
#6165=EDGE_CURVE('',#5189,#5188,#2908,.T.);
#6166=EDGE_CURVE('',#5187,#5189,#587,.T.);
#6167=EDGE_CURVE('',#5190,#5191,#2909,.T.);
#6168=EDGE_CURVE('',#5192,#5190,#588,.T.);
#6169=EDGE_CURVE('',#5193,#5192,#2910,.T.);
#6170=EDGE_CURVE('',#5191,#5193,#589,.T.);
#6171=EDGE_CURVE('',#5194,#5195,#2911,.T.);
#6172=EDGE_CURVE('',#5196,#5194,#590,.T.);
#6173=EDGE_CURVE('',#5197,#5196,#2912,.T.);
#6174=EDGE_CURVE('',#5195,#5197,#591,.T.);
#6175=EDGE_CURVE('',#5198,#5199,#2913,.T.);
#6176=EDGE_CURVE('',#5200,#5198,#592,.T.);
#6177=EDGE_CURVE('',#5201,#5200,#2914,.T.);
#6178=EDGE_CURVE('',#5199,#5201,#593,.T.);
#6179=EDGE_CURVE('',#5202,#5203,#2915,.T.);
#6180=EDGE_CURVE('',#5204,#5202,#594,.T.);
#6181=EDGE_CURVE('',#5205,#5204,#2916,.T.);
#6182=EDGE_CURVE('',#5203,#5205,#595,.T.);
#6183=EDGE_CURVE('',#5206,#5207,#2917,.T.);
#6184=EDGE_CURVE('',#5208,#5206,#596,.T.);
#6185=EDGE_CURVE('',#5209,#5208,#2918,.T.);
#6186=EDGE_CURVE('',#5207,#5209,#597,.T.);
#6187=EDGE_CURVE('',#5210,#5211,#2919,.T.);
#6188=EDGE_CURVE('',#5212,#5210,#598,.T.);
#6189=EDGE_CURVE('',#5213,#5212,#2920,.T.);
#6190=EDGE_CURVE('',#5211,#5213,#599,.T.);
#6191=EDGE_CURVE('',#5214,#5214,#600,.T.);
#6192=EDGE_CURVE('',#5215,#5215,#601,.T.);
#6193=EDGE_CURVE('',#4999,#5216,#2921,.T.);
#6194=EDGE_CURVE('',#5216,#5217,#602,.T.);
#6195=EDGE_CURVE('',#5217,#4998,#2922,.T.);
#6196=EDGE_CURVE('',#5218,#4999,#2923,.T.);
#6197=EDGE_CURVE('',#5005,#5219,#2924,.T.);
#6198=EDGE_CURVE('',#5219,#5218,#603,.T.);
#6199=EDGE_CURVE('',#5004,#5220,#2925,.T.);
#6200=EDGE_CURVE('',#5220,#5221,#604,.T.);
#6201=EDGE_CURVE('',#5221,#5005,#2926,.T.);
#6202=EDGE_CURVE('',#5222,#5004,#2927,.T.);
#6203=EDGE_CURVE('',#5003,#5223,#2928,.T.);
#6204=EDGE_CURVE('',#5223,#5222,#605,.T.);
#6205=EDGE_CURVE('',#5002,#5224,#2929,.T.);
#6206=EDGE_CURVE('',#5224,#5225,#606,.T.);
#6207=EDGE_CURVE('',#5225,#5003,#2930,.T.);
#6208=EDGE_CURVE('',#5226,#5002,#2931,.T.);
#6209=EDGE_CURVE('',#5001,#5227,#2932,.T.);
#6210=EDGE_CURVE('',#5227,#5226,#607,.T.);
#6211=EDGE_CURVE('',#5000,#5228,#2933,.T.);
#6212=EDGE_CURVE('',#5228,#5229,#608,.T.);
#6213=EDGE_CURVE('',#5229,#5001,#2934,.T.);
#6214=EDGE_CURVE('',#5230,#5000,#2935,.T.);
#6215=EDGE_CURVE('',#4998,#5231,#2936,.T.);
#6216=EDGE_CURVE('',#5231,#5230,#609,.T.);
#6217=EDGE_CURVE('',#5230,#5228,#610,.T.);
#6218=EDGE_CURVE('',#5229,#5227,#611,.T.);
#6219=EDGE_CURVE('',#5226,#5224,#612,.T.);
#6220=EDGE_CURVE('',#5225,#5223,#613,.T.);
#6221=EDGE_CURVE('',#5222,#5220,#614,.T.);
#6222=EDGE_CURVE('',#5221,#5219,#615,.T.);
#6223=EDGE_CURVE('',#5218,#5216,#616,.T.);
#6224=EDGE_CURVE('',#5217,#5231,#617,.T.);
#6225=EDGE_CURVE('',#5225,#5232,#2937,.T.);
#6226=EDGE_CURVE('',#5232,#5233,#618,.F.);
#6227=EDGE_CURVE('',#5233,#5234,#15,.T.);
#6228=EDGE_CURVE('',#5223,#5234,#2938,.T.);
#6229=EDGE_CURVE('',#5235,#5224,#2939,.T.);
#6230=EDGE_CURVE('',#5232,#5235,#619,.T.);
#6231=EDGE_CURVE('',#5236,#5226,#2940,.T.);
#6232=EDGE_CURVE('',#5236,#5237,#16,.T.);
#6233=EDGE_CURVE('',#5235,#5237,#620,.T.);
#6234=EDGE_CURVE('',#5229,#5238,#2941,.T.);
#6235=EDGE_CURVE('',#5238,#5239,#621,.F.);
#6236=EDGE_CURVE('',#5239,#5240,#17,.T.);
#6237=EDGE_CURVE('',#5227,#5240,#2942,.T.);
#6238=EDGE_CURVE('',#5241,#5228,#2943,.T.);
#6239=EDGE_CURVE('',#5238,#5241,#622,.T.);
#6240=EDGE_CURVE('',#5242,#5230,#2944,.T.);
#6241=EDGE_CURVE('',#5242,#5243,#18,.T.);
#6242=EDGE_CURVE('',#5241,#5243,#623,.T.);
#6243=EDGE_CURVE('',#5048,#5244,#2945,.T.);
#6244=EDGE_CURVE('',#5245,#5244,#624,.T.);
#6245=EDGE_CURVE('',#5246,#5245,#19,.T.);
#6246=EDGE_CURVE('',#5246,#5247,#625,.T.);
#6247=EDGE_CURVE('',#5248,#5247,#20,.T.);
#6248=EDGE_CURVE('',#5249,#5248,#626,.T.);
#6249=EDGE_CURVE('',#5250,#5249,#21,.T.);
#6250=EDGE_CURVE('',#5250,#5234,#627,.T.);
#6251=EDGE_CURVE('',#5237,#5233,#628,.T.);
#6252=EDGE_CURVE('',#5236,#5240,#629,.T.);
#6253=EDGE_CURVE('',#5243,#5239,#630,.T.);
#6254=EDGE_CURVE('',#5242,#5251,#631,.T.);
#6255=EDGE_CURVE('',#5252,#5251,#22,.T.);
#6256=EDGE_CURVE('',#5244,#5252,#632,.T.);
#6257=EDGE_CURVE('',#5217,#5253,#2946,.T.);
#6258=EDGE_CURVE('',#5253,#5252,#633,.F.);
#6259=EDGE_CURVE('',#5231,#5251,#2947,.T.);
#6260=EDGE_CURVE('',#5254,#5216,#2948,.T.);
#6261=EDGE_CURVE('',#5253,#5254,#634,.T.);
#6262=EDGE_CURVE('',#5246,#5218,#2949,.T.);
#6263=EDGE_CURVE('',#5254,#5245,#635,.T.);
#6264=EDGE_CURVE('',#5221,#5255,#2950,.T.);
#6265=EDGE_CURVE('',#5255,#5248,#636,.F.);
#6266=EDGE_CURVE('',#5219,#5247,#2951,.T.);
#6267=EDGE_CURVE('',#5256,#5220,#2952,.T.);
#6268=EDGE_CURVE('',#5255,#5256,#637,.T.);
#6269=EDGE_CURVE('',#5250,#5222,#2953,.T.);
#6270=EDGE_CURVE('',#5256,#5249,#638,.T.);
#6271=EDGE_CURVE('',#5030,#5257,#2954,.T.);
#6272=EDGE_CURVE('',#5257,#5258,#639,.T.);
#6273=EDGE_CURVE('',#5258,#5029,#2955,.T.);
#6274=EDGE_CURVE('',#5259,#5030,#2956,.T.);
#6275=EDGE_CURVE('',#5036,#5260,#2957,.T.);
#6276=EDGE_CURVE('',#5260,#5259,#640,.T.);
#6277=EDGE_CURVE('',#5035,#5261,#2958,.T.);
#6278=EDGE_CURVE('',#5261,#5262,#641,.T.);
#6279=EDGE_CURVE('',#5262,#5036,#2959,.T.);
#6280=EDGE_CURVE('',#5263,#5035,#2960,.T.);
#6281=EDGE_CURVE('',#5034,#5264,#2961,.T.);
#6282=EDGE_CURVE('',#5264,#5263,#642,.T.);
#6283=EDGE_CURVE('',#5033,#5265,#2962,.T.);
#6284=EDGE_CURVE('',#5265,#5266,#643,.T.);
#6285=EDGE_CURVE('',#5266,#5034,#2963,.T.);
#6286=EDGE_CURVE('',#5267,#5033,#2964,.T.);
#6287=EDGE_CURVE('',#5032,#5268,#2965,.T.);
#6288=EDGE_CURVE('',#5268,#5267,#644,.T.);
#6289=EDGE_CURVE('',#5031,#5269,#2966,.T.);
#6290=EDGE_CURVE('',#5269,#5270,#645,.T.);
#6291=EDGE_CURVE('',#5270,#5032,#2967,.T.);
#6292=EDGE_CURVE('',#5271,#5031,#2968,.T.);
#6293=EDGE_CURVE('',#5029,#5272,#2969,.T.);
#6294=EDGE_CURVE('',#5272,#5271,#646,.T.);
#6295=EDGE_CURVE('',#5271,#5269,#647,.T.);
#6296=EDGE_CURVE('',#5270,#5268,#648,.T.);
#6297=EDGE_CURVE('',#5267,#5265,#649,.T.);
#6298=EDGE_CURVE('',#5266,#5264,#650,.T.);
#6299=EDGE_CURVE('',#5263,#5261,#651,.T.);
#6300=EDGE_CURVE('',#5262,#5260,#652,.T.);
#6301=EDGE_CURVE('',#5259,#5257,#653,.T.);
#6302=EDGE_CURVE('',#5258,#5272,#654,.T.);
#6303=EDGE_CURVE('',#5266,#5273,#2970,.T.);
#6304=EDGE_CURVE('',#5273,#5274,#655,.F.);
#6305=EDGE_CURVE('',#5274,#5275,#23,.T.);
#6306=EDGE_CURVE('',#5264,#5275,#2971,.T.);
#6307=EDGE_CURVE('',#5276,#5265,#2972,.T.);
#6308=EDGE_CURVE('',#5273,#5276,#656,.T.);
#6309=EDGE_CURVE('',#5277,#5267,#2973,.T.);
#6310=EDGE_CURVE('',#5277,#5278,#24,.T.);
#6311=EDGE_CURVE('',#5276,#5278,#657,.T.);
#6312=EDGE_CURVE('',#5270,#5279,#2974,.T.);
#6313=EDGE_CURVE('',#5279,#5280,#658,.F.);
#6314=EDGE_CURVE('',#5280,#5281,#25,.T.);
#6315=EDGE_CURVE('',#5268,#5281,#2975,.T.);
#6316=EDGE_CURVE('',#5282,#5269,#2976,.T.);
#6317=EDGE_CURVE('',#5279,#5282,#659,.T.);
#6318=EDGE_CURVE('',#5283,#5271,#2977,.T.);
#6319=EDGE_CURVE('',#5283,#5284,#26,.T.);
#6320=EDGE_CURVE('',#5282,#5284,#660,.T.);
#6321=EDGE_CURVE('',#5215,#5285,#2978,.T.);
#6322=EDGE_CURVE('',#5286,#5285,#661,.T.);
#6323=EDGE_CURVE('',#5287,#5286,#27,.T.);
#6324=EDGE_CURVE('',#5287,#5288,#662,.T.);
#6325=EDGE_CURVE('',#5289,#5288,#28,.T.);
#6326=EDGE_CURVE('',#5290,#5289,#663,.T.);
#6327=EDGE_CURVE('',#5291,#5290,#29,.T.);
#6328=EDGE_CURVE('',#5291,#5275,#664,.T.);
#6329=EDGE_CURVE('',#5278,#5274,#665,.T.);
#6330=EDGE_CURVE('',#5277,#5281,#666,.T.);
#6331=EDGE_CURVE('',#5284,#5280,#667,.T.);
#6332=EDGE_CURVE('',#5283,#5292,#668,.T.);
#6333=EDGE_CURVE('',#5293,#5292,#30,.T.);
#6334=EDGE_CURVE('',#5285,#5293,#669,.T.);
#6335=EDGE_CURVE('',#5258,#5294,#2979,.T.);
#6336=EDGE_CURVE('',#5294,#5293,#670,.F.);
#6337=EDGE_CURVE('',#5272,#5292,#2980,.T.);
#6338=EDGE_CURVE('',#5295,#5257,#2981,.T.);
#6339=EDGE_CURVE('',#5294,#5295,#671,.T.);
#6340=EDGE_CURVE('',#5287,#5259,#2982,.T.);
#6341=EDGE_CURVE('',#5295,#5286,#672,.T.);
#6342=EDGE_CURVE('',#5262,#5296,#2983,.T.);
#6343=EDGE_CURVE('',#5296,#5289,#673,.F.);
#6344=EDGE_CURVE('',#5260,#5288,#2984,.T.);
#6345=EDGE_CURVE('',#5297,#5261,#2985,.T.);
#6346=EDGE_CURVE('',#5296,#5297,#674,.T.);
#6347=EDGE_CURVE('',#5291,#5263,#2986,.T.);
#6348=EDGE_CURVE('',#5297,#5290,#675,.T.);
#6349=EDGE_CURVE('',#5007,#5298,#2987,.T.);
#6350=EDGE_CURVE('',#5298,#5299,#676,.T.);
#6351=EDGE_CURVE('',#5299,#5006,#2988,.T.);
#6352=EDGE_CURVE('',#5300,#5007,#2989,.T.);
#6353=EDGE_CURVE('',#5013,#5301,#2990,.T.);
#6354=EDGE_CURVE('',#5301,#5300,#677,.T.);
#6355=EDGE_CURVE('',#5012,#5302,#2991,.T.);
#6356=EDGE_CURVE('',#5302,#5303,#678,.T.);
#6357=EDGE_CURVE('',#5303,#5013,#2992,.T.);
#6358=EDGE_CURVE('',#5304,#5012,#2993,.T.);
#6359=EDGE_CURVE('',#5011,#5305,#2994,.T.);
#6360=EDGE_CURVE('',#5305,#5304,#679,.T.);
#6361=EDGE_CURVE('',#5010,#5306,#2995,.T.);
#6362=EDGE_CURVE('',#5306,#5307,#680,.T.);
#6363=EDGE_CURVE('',#5307,#5011,#2996,.T.);
#6364=EDGE_CURVE('',#5308,#5010,#2997,.T.);
#6365=EDGE_CURVE('',#5009,#5309,#2998,.T.);
#6366=EDGE_CURVE('',#5309,#5308,#681,.T.);
#6367=EDGE_CURVE('',#5008,#5310,#2999,.T.);
#6368=EDGE_CURVE('',#5310,#5311,#682,.T.);
#6369=EDGE_CURVE('',#5311,#5009,#3000,.T.);
#6370=EDGE_CURVE('',#5312,#5008,#3001,.T.);
#6371=EDGE_CURVE('',#5006,#5313,#3002,.T.);
#6372=EDGE_CURVE('',#5313,#5312,#683,.T.);
#6373=EDGE_CURVE('',#5312,#5310,#684,.T.);
#6374=EDGE_CURVE('',#5311,#5309,#685,.T.);
#6375=EDGE_CURVE('',#5308,#5306,#686,.T.);
#6376=EDGE_CURVE('',#5307,#5305,#687,.T.);
#6377=EDGE_CURVE('',#5304,#5302,#688,.T.);
#6378=EDGE_CURVE('',#5303,#5301,#689,.T.);
#6379=EDGE_CURVE('',#5300,#5298,#690,.T.);
#6380=EDGE_CURVE('',#5299,#5313,#691,.T.);
#6381=EDGE_CURVE('',#5307,#5314,#3003,.T.);
#6382=EDGE_CURVE('',#5314,#5315,#692,.F.);
#6383=EDGE_CURVE('',#5315,#5316,#31,.T.);
#6384=EDGE_CURVE('',#5305,#5316,#3004,.T.);
#6385=EDGE_CURVE('',#5317,#5306,#3005,.T.);
#6386=EDGE_CURVE('',#5314,#5317,#693,.T.);
#6387=EDGE_CURVE('',#5318,#5308,#3006,.T.);
#6388=EDGE_CURVE('',#5318,#5319,#32,.T.);
#6389=EDGE_CURVE('',#5317,#5319,#694,.T.);
#6390=EDGE_CURVE('',#5311,#5320,#3007,.T.);
#6391=EDGE_CURVE('',#5320,#5321,#695,.F.);
#6392=EDGE_CURVE('',#5321,#5322,#33,.T.);
#6393=EDGE_CURVE('',#5309,#5322,#3008,.T.);
#6394=EDGE_CURVE('',#5323,#5310,#3009,.T.);
#6395=EDGE_CURVE('',#5320,#5323,#696,.T.);
#6396=EDGE_CURVE('',#5324,#5312,#3010,.T.);
#6397=EDGE_CURVE('',#5324,#5325,#34,.T.);
#6398=EDGE_CURVE('',#5323,#5325,#697,.T.);
#6399=EDGE_CURVE('',#5049,#5326,#3011,.T.);
#6400=EDGE_CURVE('',#5327,#5326,#698,.T.);
#6401=EDGE_CURVE('',#5328,#5327,#35,.T.);
#6402=EDGE_CURVE('',#5328,#5329,#699,.T.);
#6403=EDGE_CURVE('',#5330,#5329,#36,.T.);
#6404=EDGE_CURVE('',#5331,#5330,#700,.T.);
#6405=EDGE_CURVE('',#5332,#5331,#37,.T.);
#6406=EDGE_CURVE('',#5332,#5316,#701,.T.);
#6407=EDGE_CURVE('',#5319,#5315,#702,.T.);
#6408=EDGE_CURVE('',#5318,#5322,#703,.T.);
#6409=EDGE_CURVE('',#5325,#5321,#704,.T.);
#6410=EDGE_CURVE('',#5324,#5333,#705,.T.);
#6411=EDGE_CURVE('',#5334,#5333,#38,.T.);
#6412=EDGE_CURVE('',#5326,#5334,#706,.T.);
#6413=EDGE_CURVE('',#5299,#5335,#3012,.T.);
#6414=EDGE_CURVE('',#5335,#5334,#707,.F.);
#6415=EDGE_CURVE('',#5313,#5333,#3013,.T.);
#6416=EDGE_CURVE('',#5336,#5298,#3014,.T.);
#6417=EDGE_CURVE('',#5335,#5336,#708,.T.);
#6418=EDGE_CURVE('',#5328,#5300,#3015,.T.);
#6419=EDGE_CURVE('',#5336,#5327,#709,.T.);
#6420=EDGE_CURVE('',#5303,#5337,#3016,.T.);
#6421=EDGE_CURVE('',#5337,#5330,#710,.F.);
#6422=EDGE_CURVE('',#5301,#5329,#3017,.T.);
#6423=EDGE_CURVE('',#5338,#5302,#3018,.T.);
#6424=EDGE_CURVE('',#5337,#5338,#711,.T.);
#6425=EDGE_CURVE('',#5332,#5304,#3019,.T.);
#6426=EDGE_CURVE('',#5338,#5331,#712,.T.);
#6427=EDGE_CURVE('',#5022,#5339,#3020,.T.);
#6428=EDGE_CURVE('',#5339,#5340,#713,.T.);
#6429=EDGE_CURVE('',#5340,#5021,#3021,.T.);
#6430=EDGE_CURVE('',#5341,#5022,#3022,.T.);
#6431=EDGE_CURVE('',#5028,#5342,#3023,.T.);
#6432=EDGE_CURVE('',#5342,#5341,#714,.T.);
#6433=EDGE_CURVE('',#5027,#5343,#3024,.T.);
#6434=EDGE_CURVE('',#5343,#5344,#715,.T.);
#6435=EDGE_CURVE('',#5344,#5028,#3025,.T.);
#6436=EDGE_CURVE('',#5345,#5027,#3026,.T.);
#6437=EDGE_CURVE('',#5026,#5346,#3027,.T.);
#6438=EDGE_CURVE('',#5346,#5345,#716,.T.);
#6439=EDGE_CURVE('',#5025,#5347,#3028,.T.);
#6440=EDGE_CURVE('',#5347,#5348,#717,.T.);
#6441=EDGE_CURVE('',#5348,#5026,#3029,.T.);
#6442=EDGE_CURVE('',#5349,#5025,#3030,.T.);
#6443=EDGE_CURVE('',#5024,#5350,#3031,.T.);
#6444=EDGE_CURVE('',#5350,#5349,#718,.T.);
#6445=EDGE_CURVE('',#5023,#5351,#3032,.T.);
#6446=EDGE_CURVE('',#5351,#5352,#719,.T.);
#6447=EDGE_CURVE('',#5352,#5024,#3033,.T.);
#6448=EDGE_CURVE('',#5353,#5023,#3034,.T.);
#6449=EDGE_CURVE('',#5021,#5354,#3035,.T.);
#6450=EDGE_CURVE('',#5354,#5353,#720,.T.);
#6451=EDGE_CURVE('',#5353,#5351,#721,.T.);
#6452=EDGE_CURVE('',#5352,#5350,#722,.T.);
#6453=EDGE_CURVE('',#5349,#5347,#723,.T.);
#6454=EDGE_CURVE('',#5348,#5346,#724,.T.);
#6455=EDGE_CURVE('',#5345,#5343,#725,.T.);
#6456=EDGE_CURVE('',#5344,#5342,#726,.T.);
#6457=EDGE_CURVE('',#5341,#5339,#727,.T.);
#6458=EDGE_CURVE('',#5340,#5354,#728,.T.);
#6459=EDGE_CURVE('',#5348,#5355,#3036,.T.);
#6460=EDGE_CURVE('',#5355,#5356,#729,.F.);
#6461=EDGE_CURVE('',#5356,#5357,#39,.T.);
#6462=EDGE_CURVE('',#5357,#5346,#3037,.T.);
#6463=EDGE_CURVE('',#5358,#5347,#3038,.T.);
#6464=EDGE_CURVE('',#5355,#5358,#730,.T.);
#6465=EDGE_CURVE('',#5349,#5359,#3039,.T.);
#6466=EDGE_CURVE('',#5359,#5360,#40,.T.);
#6467=EDGE_CURVE('',#5358,#5360,#731,.T.);
#6468=EDGE_CURVE('',#5361,#5350,#3040,.T.);
#6469=EDGE_CURVE('',#5359,#5361,#732,.T.);
#6470=EDGE_CURVE('',#5352,#5362,#3041,.T.);
#6471=EDGE_CURVE('',#5362,#5363,#733,.F.);
#6472=EDGE_CURVE('',#5363,#5361,#41,.T.);
#6473=EDGE_CURVE('',#5364,#5351,#3042,.T.);
#6474=EDGE_CURVE('',#5362,#5364,#734,.T.);
#6475=EDGE_CURVE('',#5353,#5365,#3043,.T.);
#6476=EDGE_CURVE('',#5365,#5366,#42,.T.);
#6477=EDGE_CURVE('',#5364,#5366,#735,.T.);
#6478=EDGE_CURVE('',#5367,#5354,#3044,.T.);
#6479=EDGE_CURVE('',#5365,#5367,#736,.T.);
#6480=EDGE_CURVE('',#5214,#5368,#3045,.T.);
#6481=EDGE_CURVE('',#5369,#5368,#737,.T.);
#6482=EDGE_CURVE('',#5370,#5369,#43,.T.);
#6483=EDGE_CURVE('',#5370,#5371,#738,.T.);
#6484=EDGE_CURVE('',#5372,#5371,#44,.T.);
#6485=EDGE_CURVE('',#5373,#5372,#739,.T.);
#6486=EDGE_CURVE('',#5374,#5373,#45,.T.);
#6487=EDGE_CURVE('',#5374,#5357,#740,.T.);
#6488=EDGE_CURVE('',#5360,#5356,#741,.T.);
#6489=EDGE_CURVE('',#5366,#5363,#742,.T.);
#6490=EDGE_CURVE('',#5375,#5367,#46,.T.);
#6491=EDGE_CURVE('',#5368,#5375,#743,.T.);
#6492=EDGE_CURVE('',#5340,#5376,#3046,.T.);
#6493=EDGE_CURVE('',#5376,#5375,#744,.F.);
#6494=EDGE_CURVE('',#5377,#5339,#3047,.T.);
#6495=EDGE_CURVE('',#5376,#5377,#745,.T.);
#6496=EDGE_CURVE('',#5341,#5370,#3048,.T.);
#6497=EDGE_CURVE('',#5377,#5369,#746,.T.);
#6498=EDGE_CURVE('',#5371,#5342,#3049,.T.);
#6499=EDGE_CURVE('',#5344,#5378,#3050,.T.);
#6500=EDGE_CURVE('',#5378,#5372,#747,.F.);
#6501=EDGE_CURVE('',#5379,#5343,#3051,.T.);
#6502=EDGE_CURVE('',#5378,#5379,#748,.T.);
#6503=EDGE_CURVE('',#5345,#5374,#3052,.T.);
#6504=EDGE_CURVE('',#5379,#5373,#749,.T.);
#6505=EDGE_CURVE('',#4786,#5020,#3053,.T.);
#6506=EDGE_CURVE('',#4787,#5019,#3054,.T.);
#6507=EDGE_CURVE('',#4798,#5016,#3055,.T.);
#6508=EDGE_CURVE('',#4783,#5014,#3056,.T.);
#6509=EDGE_CURVE('',#4782,#5015,#3057,.T.);
#6510=EDGE_CURVE('',#4792,#5018,#3058,.T.);
#6511=EDGE_CURVE('',#4793,#5017,#3059,.T.);
#6512=EDGE_CURVE('',#5380,#5050,#3060,.T.);
#6513=EDGE_CURVE('',#5051,#5381,#3061,.T.);
#6514=EDGE_CURVE('',#5381,#5380,#3062,.T.);
#6515=EDGE_CURVE('',#5382,#5052,#3063,.T.);
#6516=EDGE_CURVE('',#5380,#5382,#750,.T.);
#6517=EDGE_CURVE('',#5383,#5053,#3064,.T.);
#6518=EDGE_CURVE('',#5382,#5383,#3065,.T.);
#6519=EDGE_CURVE('',#5383,#5381,#751,.T.);
#6520=EDGE_CURVE('',#5384,#5380,#3066,.T.);
#6521=EDGE_CURVE('',#5385,#5384,#752,.T.);
#6522=EDGE_CURVE('',#5385,#5382,#3067,.T.);
#6523=EDGE_CURVE('',#5386,#5381,#3068,.T.);
#6524=EDGE_CURVE('',#5384,#5386,#3069,.T.);
#6525=EDGE_CURVE('',#5385,#4961,#3070,.T.);
#6526=EDGE_CURVE('',#4962,#5387,#3071,.T.);
#6527=EDGE_CURVE('',#5387,#5385,#3072,.T.);
#6528=EDGE_CURVE('',#5384,#4963,#3073,.T.);
#6529=EDGE_CURVE('',#5386,#4964,#3074,.T.);
#6530=EDGE_CURVE('',#5386,#5387,#753,.T.);
#6531=EDGE_CURVE('',#5387,#5383,#3075,.T.);
#6532=EDGE_CURVE('',#5388,#4861,#3076,.T.);
#6533=EDGE_CURVE('',#4862,#5389,#3077,.T.);
#6534=EDGE_CURVE('',#5389,#5388,#3078,.T.);
#6535=EDGE_CURVE('',#5390,#4863,#3079,.T.);
#6536=EDGE_CURVE('',#5388,#5390,#754,.T.);
#6537=EDGE_CURVE('',#5391,#4864,#3080,.T.);
#6538=EDGE_CURVE('',#5390,#5391,#3081,.T.);
#6539=EDGE_CURVE('',#5391,#5389,#755,.T.);
#6540=EDGE_CURVE('',#5388,#5392,#3082,.T.);
#6541=EDGE_CURVE('',#5393,#5392,#756,.T.);
#6542=EDGE_CURVE('',#5390,#5393,#3083,.T.);
#6543=EDGE_CURVE('',#5389,#5394,#3084,.T.);
#6544=EDGE_CURVE('',#5392,#5394,#3085,.T.);
#6545=EDGE_CURVE('',#5392,#5150,#3086,.T.);
#6546=EDGE_CURVE('',#5151,#5393,#3087,.T.);
#6547=EDGE_CURVE('',#5394,#5152,#3088,.T.);
#6548=EDGE_CURVE('',#5395,#5153,#3089,.T.);
#6549=EDGE_CURVE('',#5394,#5395,#757,.T.);
#6550=EDGE_CURVE('',#5395,#5393,#3090,.T.);
#6551=EDGE_CURVE('',#5391,#5395,#3091,.T.);
#6552=EDGE_CURVE('',#5396,#4865,#3092,.T.);
#6553=EDGE_CURVE('',#4866,#5397,#3093,.T.);
#6554=EDGE_CURVE('',#5397,#5396,#3094,.T.);
#6555=EDGE_CURVE('',#5398,#4867,#3095,.T.);
#6556=EDGE_CURVE('',#5396,#5398,#758,.T.);
#6557=EDGE_CURVE('',#5399,#4868,#3096,.T.);
#6558=EDGE_CURVE('',#5398,#5399,#3097,.T.);
#6559=EDGE_CURVE('',#5399,#5397,#759,.T.);
#6560=EDGE_CURVE('',#5396,#5400,#3098,.T.);
#6561=EDGE_CURVE('',#5401,#5400,#760,.T.);
#6562=EDGE_CURVE('',#5398,#5401,#3099,.T.);
#6563=EDGE_CURVE('',#5397,#5402,#3100,.T.);
#6564=EDGE_CURVE('',#5400,#5402,#3101,.T.);
#6565=EDGE_CURVE('',#5400,#5146,#3102,.T.);
#6566=EDGE_CURVE('',#5147,#5401,#3103,.T.);
#6567=EDGE_CURVE('',#5402,#5148,#3104,.T.);
#6568=EDGE_CURVE('',#5403,#5149,#3105,.T.);
#6569=EDGE_CURVE('',#5402,#5403,#761,.T.);
#6570=EDGE_CURVE('',#5403,#5401,#3106,.T.);
#6571=EDGE_CURVE('',#5399,#5403,#3107,.T.);
#6572=EDGE_CURVE('',#5404,#4869,#3108,.T.);
#6573=EDGE_CURVE('',#4870,#5405,#3109,.T.);
#6574=EDGE_CURVE('',#5405,#5404,#3110,.T.);
#6575=EDGE_CURVE('',#5406,#4871,#3111,.T.);
#6576=EDGE_CURVE('',#5404,#5406,#762,.T.);
#6577=EDGE_CURVE('',#5407,#4872,#3112,.T.);
#6578=EDGE_CURVE('',#5406,#5407,#3113,.T.);
#6579=EDGE_CURVE('',#5407,#5405,#763,.T.);
#6580=EDGE_CURVE('',#5404,#5408,#3114,.T.);
#6581=EDGE_CURVE('',#5409,#5408,#764,.T.);
#6582=EDGE_CURVE('',#5406,#5409,#3115,.T.);
#6583=EDGE_CURVE('',#5405,#5410,#3116,.T.);
#6584=EDGE_CURVE('',#5408,#5410,#3117,.T.);
#6585=EDGE_CURVE('',#5408,#5142,#3118,.T.);
#6586=EDGE_CURVE('',#5143,#5409,#3119,.T.);
#6587=EDGE_CURVE('',#5410,#5144,#3120,.T.);
#6588=EDGE_CURVE('',#5411,#5145,#3121,.T.);
#6589=EDGE_CURVE('',#5410,#5411,#765,.T.);
#6590=EDGE_CURVE('',#5411,#5409,#3122,.T.);
#6591=EDGE_CURVE('',#5407,#5411,#3123,.T.);
#6592=EDGE_CURVE('',#5412,#4873,#3124,.T.);
#6593=EDGE_CURVE('',#4874,#5413,#3125,.T.);
#6594=EDGE_CURVE('',#5413,#5412,#3126,.T.);
#6595=EDGE_CURVE('',#5414,#4875,#3127,.T.);
#6596=EDGE_CURVE('',#5412,#5414,#766,.T.);
#6597=EDGE_CURVE('',#5415,#4876,#3128,.T.);
#6598=EDGE_CURVE('',#5414,#5415,#3129,.T.);
#6599=EDGE_CURVE('',#5415,#5413,#767,.T.);
#6600=EDGE_CURVE('',#5412,#5416,#3130,.T.);
#6601=EDGE_CURVE('',#5417,#5416,#768,.T.);
#6602=EDGE_CURVE('',#5414,#5417,#3131,.T.);
#6603=EDGE_CURVE('',#5413,#5418,#3132,.T.);
#6604=EDGE_CURVE('',#5416,#5418,#3133,.T.);
#6605=EDGE_CURVE('',#5416,#5138,#3134,.T.);
#6606=EDGE_CURVE('',#5139,#5417,#3135,.T.);
#6607=EDGE_CURVE('',#5418,#5140,#3136,.T.);
#6608=EDGE_CURVE('',#5419,#5141,#3137,.T.);
#6609=EDGE_CURVE('',#5418,#5419,#769,.T.);
#6610=EDGE_CURVE('',#5419,#5417,#3138,.T.);
#6611=EDGE_CURVE('',#5415,#5419,#3139,.T.);
#6612=EDGE_CURVE('',#5420,#4877,#3140,.T.);
#6613=EDGE_CURVE('',#4878,#5421,#3141,.T.);
#6614=EDGE_CURVE('',#5421,#5420,#3142,.T.);
#6615=EDGE_CURVE('',#5422,#4879,#3143,.T.);
#6616=EDGE_CURVE('',#5420,#5422,#770,.T.);
#6617=EDGE_CURVE('',#5423,#4880,#3144,.T.);
#6618=EDGE_CURVE('',#5422,#5423,#3145,.T.);
#6619=EDGE_CURVE('',#5423,#5421,#771,.T.);
#6620=EDGE_CURVE('',#5420,#5424,#3146,.T.);
#6621=EDGE_CURVE('',#5425,#5424,#772,.T.);
#6622=EDGE_CURVE('',#5422,#5425,#3147,.T.);
#6623=EDGE_CURVE('',#5421,#5426,#3148,.T.);
#6624=EDGE_CURVE('',#5424,#5426,#3149,.T.);
#6625=EDGE_CURVE('',#5424,#5134,#3150,.T.);
#6626=EDGE_CURVE('',#5135,#5425,#3151,.T.);
#6627=EDGE_CURVE('',#5426,#5136,#3152,.T.);
#6628=EDGE_CURVE('',#5427,#5137,#3153,.T.);
#6629=EDGE_CURVE('',#5426,#5427,#773,.T.);
#6630=EDGE_CURVE('',#5427,#5425,#3154,.T.);
#6631=EDGE_CURVE('',#5423,#5427,#3155,.T.);
#6632=EDGE_CURVE('',#5428,#4881,#3156,.T.);
#6633=EDGE_CURVE('',#4882,#5429,#3157,.T.);
#6634=EDGE_CURVE('',#5429,#5428,#3158,.T.);
#6635=EDGE_CURVE('',#5430,#4883,#3159,.T.);
#6636=EDGE_CURVE('',#5428,#5430,#774,.T.);
#6637=EDGE_CURVE('',#5431,#4884,#3160,.T.);
#6638=EDGE_CURVE('',#5430,#5431,#3161,.T.);
#6639=EDGE_CURVE('',#5431,#5429,#775,.T.);
#6640=EDGE_CURVE('',#5428,#5432,#3162,.T.);
#6641=EDGE_CURVE('',#5433,#5432,#776,.T.);
#6642=EDGE_CURVE('',#5430,#5433,#3163,.T.);
#6643=EDGE_CURVE('',#5429,#5434,#3164,.T.);
#6644=EDGE_CURVE('',#5432,#5434,#3165,.T.);
#6645=EDGE_CURVE('',#5432,#5130,#3166,.T.);
#6646=EDGE_CURVE('',#5131,#5433,#3167,.T.);
#6647=EDGE_CURVE('',#5434,#5132,#3168,.T.);
#6648=EDGE_CURVE('',#5435,#5133,#3169,.T.);
#6649=EDGE_CURVE('',#5434,#5435,#777,.T.);
#6650=EDGE_CURVE('',#5435,#5433,#3170,.T.);
#6651=EDGE_CURVE('',#5431,#5435,#3171,.T.);
#6652=EDGE_CURVE('',#5436,#4885,#3172,.T.);
#6653=EDGE_CURVE('',#4886,#5437,#3173,.T.);
#6654=EDGE_CURVE('',#5437,#5436,#3174,.T.);
#6655=EDGE_CURVE('',#5438,#4887,#3175,.T.);
#6656=EDGE_CURVE('',#5436,#5438,#778,.T.);
#6657=EDGE_CURVE('',#5439,#4888,#3176,.T.);
#6658=EDGE_CURVE('',#5438,#5439,#3177,.T.);
#6659=EDGE_CURVE('',#5439,#5437,#779,.T.);
#6660=EDGE_CURVE('',#5436,#5440,#3178,.T.);
#6661=EDGE_CURVE('',#5441,#5440,#780,.T.);
#6662=EDGE_CURVE('',#5438,#5441,#3179,.T.);
#6663=EDGE_CURVE('',#5437,#5442,#3180,.T.);
#6664=EDGE_CURVE('',#5440,#5442,#3181,.T.);
#6665=EDGE_CURVE('',#5440,#5126,#3182,.T.);
#6666=EDGE_CURVE('',#5127,#5441,#3183,.T.);
#6667=EDGE_CURVE('',#5442,#5128,#3184,.T.);
#6668=EDGE_CURVE('',#5443,#5129,#3185,.T.);
#6669=EDGE_CURVE('',#5442,#5443,#781,.T.);
#6670=EDGE_CURVE('',#5443,#5441,#3186,.T.);
#6671=EDGE_CURVE('',#5439,#5443,#3187,.T.);
#6672=EDGE_CURVE('',#5444,#4889,#3188,.T.);
#6673=EDGE_CURVE('',#4890,#5445,#3189,.T.);
#6674=EDGE_CURVE('',#5445,#5444,#3190,.T.);
#6675=EDGE_CURVE('',#5446,#4891,#3191,.T.);
#6676=EDGE_CURVE('',#5444,#5446,#782,.T.);
#6677=EDGE_CURVE('',#5447,#4892,#3192,.T.);
#6678=EDGE_CURVE('',#5446,#5447,#3193,.T.);
#6679=EDGE_CURVE('',#5447,#5445,#783,.T.);
#6680=EDGE_CURVE('',#5444,#5448,#3194,.T.);
#6681=EDGE_CURVE('',#5449,#5448,#784,.T.);
#6682=EDGE_CURVE('',#5446,#5449,#3195,.T.);
#6683=EDGE_CURVE('',#5445,#5450,#3196,.T.);
#6684=EDGE_CURVE('',#5448,#5450,#3197,.T.);
#6685=EDGE_CURVE('',#5448,#5122,#3198,.T.);
#6686=EDGE_CURVE('',#5123,#5449,#3199,.T.);
#6687=EDGE_CURVE('',#5450,#5124,#3200,.T.);
#6688=EDGE_CURVE('',#5451,#5125,#3201,.T.);
#6689=EDGE_CURVE('',#5450,#5451,#785,.T.);
#6690=EDGE_CURVE('',#5451,#5449,#3202,.T.);
#6691=EDGE_CURVE('',#5447,#5451,#3203,.T.);
#6692=EDGE_CURVE('',#5452,#4893,#3204,.T.);
#6693=EDGE_CURVE('',#4894,#5453,#3205,.T.);
#6694=EDGE_CURVE('',#5453,#5452,#3206,.T.);
#6695=EDGE_CURVE('',#5454,#4895,#3207,.T.);
#6696=EDGE_CURVE('',#5452,#5454,#786,.T.);
#6697=EDGE_CURVE('',#5455,#4896,#3208,.T.);
#6698=EDGE_CURVE('',#5454,#5455,#3209,.T.);
#6699=EDGE_CURVE('',#5455,#5453,#787,.T.);
#6700=EDGE_CURVE('',#5452,#5456,#3210,.T.);
#6701=EDGE_CURVE('',#5457,#5456,#788,.T.);
#6702=EDGE_CURVE('',#5454,#5457,#3211,.T.);
#6703=EDGE_CURVE('',#5453,#5458,#3212,.T.);
#6704=EDGE_CURVE('',#5456,#5458,#3213,.T.);
#6705=EDGE_CURVE('',#5456,#5118,#3214,.T.);
#6706=EDGE_CURVE('',#5119,#5457,#3215,.T.);
#6707=EDGE_CURVE('',#5458,#5120,#3216,.T.);
#6708=EDGE_CURVE('',#5459,#5121,#3217,.T.);
#6709=EDGE_CURVE('',#5458,#5459,#789,.T.);
#6710=EDGE_CURVE('',#5459,#5457,#3218,.T.);
#6711=EDGE_CURVE('',#5455,#5459,#3219,.T.);
#6712=EDGE_CURVE('',#5460,#4897,#3220,.T.);
#6713=EDGE_CURVE('',#4898,#5461,#3221,.T.);
#6714=EDGE_CURVE('',#5461,#5460,#3222,.T.);
#6715=EDGE_CURVE('',#5462,#4899,#3223,.T.);
#6716=EDGE_CURVE('',#5460,#5462,#790,.T.);
#6717=EDGE_CURVE('',#5463,#4900,#3224,.T.);
#6718=EDGE_CURVE('',#5462,#5463,#3225,.T.);
#6719=EDGE_CURVE('',#5463,#5461,#791,.T.);
#6720=EDGE_CURVE('',#5460,#5464,#3226,.T.);
#6721=EDGE_CURVE('',#5465,#5464,#792,.T.);
#6722=EDGE_CURVE('',#5462,#5465,#3227,.T.);
#6723=EDGE_CURVE('',#5461,#5466,#3228,.T.);
#6724=EDGE_CURVE('',#5464,#5466,#3229,.T.);
#6725=EDGE_CURVE('',#5464,#5114,#3230,.T.);
#6726=EDGE_CURVE('',#5115,#5465,#3231,.T.);
#6727=EDGE_CURVE('',#5466,#5116,#3232,.T.);
#6728=EDGE_CURVE('',#5467,#5117,#3233,.T.);
#6729=EDGE_CURVE('',#5466,#5467,#793,.T.);
#6730=EDGE_CURVE('',#5467,#5465,#3234,.T.);
#6731=EDGE_CURVE('',#5463,#5467,#3235,.T.);
#6732=EDGE_CURVE('',#5468,#4901,#3236,.T.);
#6733=EDGE_CURVE('',#4902,#5469,#3237,.T.);
#6734=EDGE_CURVE('',#5469,#5468,#3238,.T.);
#6735=EDGE_CURVE('',#5470,#4903,#3239,.T.);
#6736=EDGE_CURVE('',#5468,#5470,#794,.T.);
#6737=EDGE_CURVE('',#5471,#4904,#3240,.T.);
#6738=EDGE_CURVE('',#5470,#5471,#3241,.T.);
#6739=EDGE_CURVE('',#5471,#5469,#795,.T.);
#6740=EDGE_CURVE('',#5468,#5472,#3242,.T.);
#6741=EDGE_CURVE('',#5473,#5472,#796,.T.);
#6742=EDGE_CURVE('',#5470,#5473,#3243,.T.);
#6743=EDGE_CURVE('',#5469,#5474,#3244,.T.);
#6744=EDGE_CURVE('',#5472,#5474,#3245,.T.);
#6745=EDGE_CURVE('',#5472,#5110,#3246,.T.);
#6746=EDGE_CURVE('',#5111,#5473,#3247,.T.);
#6747=EDGE_CURVE('',#5474,#5112,#3248,.T.);
#6748=EDGE_CURVE('',#5475,#5113,#3249,.T.);
#6749=EDGE_CURVE('',#5474,#5475,#797,.T.);
#6750=EDGE_CURVE('',#5475,#5473,#3250,.T.);
#6751=EDGE_CURVE('',#5471,#5475,#3251,.T.);
#6752=EDGE_CURVE('',#5476,#4905,#3252,.T.);
#6753=EDGE_CURVE('',#4906,#5477,#3253,.T.);
#6754=EDGE_CURVE('',#5477,#5476,#3254,.T.);
#6755=EDGE_CURVE('',#5478,#4907,#3255,.T.);
#6756=EDGE_CURVE('',#5476,#5478,#798,.T.);
#6757=EDGE_CURVE('',#5479,#4908,#3256,.T.);
#6758=EDGE_CURVE('',#5478,#5479,#3257,.T.);
#6759=EDGE_CURVE('',#5479,#5477,#799,.T.);
#6760=EDGE_CURVE('',#5476,#5480,#3258,.T.);
#6761=EDGE_CURVE('',#5481,#5480,#800,.T.);
#6762=EDGE_CURVE('',#5478,#5481,#3259,.T.);
#6763=EDGE_CURVE('',#5477,#5482,#3260,.T.);
#6764=EDGE_CURVE('',#5480,#5482,#3261,.T.);
#6765=EDGE_CURVE('',#5480,#5106,#3262,.T.);
#6766=EDGE_CURVE('',#5107,#5481,#3263,.T.);
#6767=EDGE_CURVE('',#5482,#5108,#3264,.T.);
#6768=EDGE_CURVE('',#5483,#5109,#3265,.T.);
#6769=EDGE_CURVE('',#5482,#5483,#801,.T.);
#6770=EDGE_CURVE('',#5483,#5481,#3266,.T.);
#6771=EDGE_CURVE('',#5479,#5483,#3267,.T.);
#6772=EDGE_CURVE('',#5484,#4909,#3268,.T.);
#6773=EDGE_CURVE('',#4910,#5485,#3269,.T.);
#6774=EDGE_CURVE('',#5485,#5484,#3270,.T.);
#6775=EDGE_CURVE('',#5486,#4911,#3271,.T.);
#6776=EDGE_CURVE('',#5484,#5486,#802,.T.);
#6777=EDGE_CURVE('',#5487,#4912,#3272,.T.);
#6778=EDGE_CURVE('',#5486,#5487,#3273,.T.);
#6779=EDGE_CURVE('',#5487,#5485,#803,.T.);
#6780=EDGE_CURVE('',#5484,#5488,#3274,.T.);
#6781=EDGE_CURVE('',#5489,#5488,#804,.T.);
#6782=EDGE_CURVE('',#5486,#5489,#3275,.T.);
#6783=EDGE_CURVE('',#5485,#5490,#3276,.T.);
#6784=EDGE_CURVE('',#5488,#5490,#3277,.T.);
#6785=EDGE_CURVE('',#5488,#5102,#3278,.T.);
#6786=EDGE_CURVE('',#5103,#5489,#3279,.T.);
#6787=EDGE_CURVE('',#5490,#5104,#3280,.T.);
#6788=EDGE_CURVE('',#5491,#5105,#3281,.T.);
#6789=EDGE_CURVE('',#5490,#5491,#805,.T.);
#6790=EDGE_CURVE('',#5491,#5489,#3282,.T.);
#6791=EDGE_CURVE('',#5487,#5491,#3283,.T.);
#6792=EDGE_CURVE('',#5492,#4913,#3284,.T.);
#6793=EDGE_CURVE('',#4914,#5493,#3285,.T.);
#6794=EDGE_CURVE('',#5493,#5492,#3286,.T.);
#6795=EDGE_CURVE('',#5494,#4915,#3287,.T.);
#6796=EDGE_CURVE('',#5492,#5494,#806,.T.);
#6797=EDGE_CURVE('',#5495,#4916,#3288,.T.);
#6798=EDGE_CURVE('',#5494,#5495,#3289,.T.);
#6799=EDGE_CURVE('',#5495,#5493,#807,.T.);
#6800=EDGE_CURVE('',#5492,#5496,#3290,.T.);
#6801=EDGE_CURVE('',#5497,#5496,#808,.T.);
#6802=EDGE_CURVE('',#5494,#5497,#3291,.T.);
#6803=EDGE_CURVE('',#5493,#5498,#3292,.T.);
#6804=EDGE_CURVE('',#5496,#5498,#3293,.T.);
#6805=EDGE_CURVE('',#5496,#5098,#3294,.T.);
#6806=EDGE_CURVE('',#5099,#5497,#3295,.T.);
#6807=EDGE_CURVE('',#5498,#5100,#3296,.T.);
#6808=EDGE_CURVE('',#5499,#5101,#3297,.T.);
#6809=EDGE_CURVE('',#5498,#5499,#809,.T.);
#6810=EDGE_CURVE('',#5499,#5497,#3298,.T.);
#6811=EDGE_CURVE('',#5495,#5499,#3299,.T.);
#6812=EDGE_CURVE('',#5500,#4917,#3300,.T.);
#6813=EDGE_CURVE('',#4918,#5501,#3301,.T.);
#6814=EDGE_CURVE('',#5501,#5500,#3302,.T.);
#6815=EDGE_CURVE('',#5502,#4919,#3303,.T.);
#6816=EDGE_CURVE('',#5500,#5502,#810,.T.);
#6817=EDGE_CURVE('',#5503,#4920,#3304,.T.);
#6818=EDGE_CURVE('',#5502,#5503,#3305,.T.);
#6819=EDGE_CURVE('',#5503,#5501,#811,.T.);
#6820=EDGE_CURVE('',#5500,#5504,#3306,.T.);
#6821=EDGE_CURVE('',#5505,#5504,#812,.T.);
#6822=EDGE_CURVE('',#5502,#5505,#3307,.T.);
#6823=EDGE_CURVE('',#5501,#5506,#3308,.T.);
#6824=EDGE_CURVE('',#5504,#5506,#3309,.T.);
#6825=EDGE_CURVE('',#5504,#5094,#3310,.T.);
#6826=EDGE_CURVE('',#5095,#5505,#3311,.T.);
#6827=EDGE_CURVE('',#5506,#5096,#3312,.T.);
#6828=EDGE_CURVE('',#5507,#5097,#3313,.T.);
#6829=EDGE_CURVE('',#5506,#5507,#813,.T.);
#6830=EDGE_CURVE('',#5507,#5505,#3314,.T.);
#6831=EDGE_CURVE('',#5503,#5507,#3315,.T.);
#6832=EDGE_CURVE('',#5508,#4921,#3316,.T.);
#6833=EDGE_CURVE('',#4922,#5509,#3317,.T.);
#6834=EDGE_CURVE('',#5509,#5508,#3318,.T.);
#6835=EDGE_CURVE('',#5510,#4923,#3319,.T.);
#6836=EDGE_CURVE('',#5508,#5510,#814,.T.);
#6837=EDGE_CURVE('',#5511,#4924,#3320,.T.);
#6838=EDGE_CURVE('',#5510,#5511,#3321,.T.);
#6839=EDGE_CURVE('',#5511,#5509,#815,.T.);
#6840=EDGE_CURVE('',#5508,#5512,#3322,.T.);
#6841=EDGE_CURVE('',#5513,#5512,#816,.T.);
#6842=EDGE_CURVE('',#5510,#5513,#3323,.T.);
#6843=EDGE_CURVE('',#5509,#5514,#3324,.T.);
#6844=EDGE_CURVE('',#5512,#5514,#3325,.T.);
#6845=EDGE_CURVE('',#5512,#5090,#3326,.T.);
#6846=EDGE_CURVE('',#5091,#5513,#3327,.T.);
#6847=EDGE_CURVE('',#5514,#5092,#3328,.T.);
#6848=EDGE_CURVE('',#5515,#5093,#3329,.T.);
#6849=EDGE_CURVE('',#5514,#5515,#817,.T.);
#6850=EDGE_CURVE('',#5515,#5513,#3330,.T.);
#6851=EDGE_CURVE('',#5511,#5515,#3331,.T.);
#6852=EDGE_CURVE('',#5516,#4925,#3332,.T.);
#6853=EDGE_CURVE('',#4926,#5517,#3333,.T.);
#6854=EDGE_CURVE('',#5517,#5516,#3334,.T.);
#6855=EDGE_CURVE('',#5518,#4927,#3335,.T.);
#6856=EDGE_CURVE('',#5516,#5518,#818,.T.);
#6857=EDGE_CURVE('',#5519,#4928,#3336,.T.);
#6858=EDGE_CURVE('',#5518,#5519,#3337,.T.);
#6859=EDGE_CURVE('',#5519,#5517,#819,.T.);
#6860=EDGE_CURVE('',#5516,#5520,#3338,.T.);
#6861=EDGE_CURVE('',#5521,#5520,#820,.T.);
#6862=EDGE_CURVE('',#5518,#5521,#3339,.T.);
#6863=EDGE_CURVE('',#5517,#5522,#3340,.T.);
#6864=EDGE_CURVE('',#5520,#5522,#3341,.T.);
#6865=EDGE_CURVE('',#5520,#5086,#3342,.T.);
#6866=EDGE_CURVE('',#5087,#5521,#3343,.T.);
#6867=EDGE_CURVE('',#5522,#5088,#3344,.T.);
#6868=EDGE_CURVE('',#5523,#5089,#3345,.T.);
#6869=EDGE_CURVE('',#5522,#5523,#821,.T.);
#6870=EDGE_CURVE('',#5523,#5521,#3346,.T.);
#6871=EDGE_CURVE('',#5519,#5523,#3347,.T.);
#6872=EDGE_CURVE('',#5524,#4929,#3348,.T.);
#6873=EDGE_CURVE('',#4930,#5525,#3349,.T.);
#6874=EDGE_CURVE('',#5525,#5524,#3350,.T.);
#6875=EDGE_CURVE('',#5526,#4931,#3351,.T.);
#6876=EDGE_CURVE('',#5524,#5526,#822,.T.);
#6877=EDGE_CURVE('',#5527,#4932,#3352,.T.);
#6878=EDGE_CURVE('',#5526,#5527,#3353,.T.);
#6879=EDGE_CURVE('',#5527,#5525,#823,.T.);
#6880=EDGE_CURVE('',#5524,#5528,#3354,.T.);
#6881=EDGE_CURVE('',#5529,#5528,#824,.T.);
#6882=EDGE_CURVE('',#5526,#5529,#3355,.T.);
#6883=EDGE_CURVE('',#5525,#5530,#3356,.T.);
#6884=EDGE_CURVE('',#5528,#5530,#3357,.T.);
#6885=EDGE_CURVE('',#5528,#5082,#3358,.T.);
#6886=EDGE_CURVE('',#5083,#5529,#3359,.T.);
#6887=EDGE_CURVE('',#5530,#5084,#3360,.T.);
#6888=EDGE_CURVE('',#5531,#5085,#3361,.T.);
#6889=EDGE_CURVE('',#5530,#5531,#825,.T.);
#6890=EDGE_CURVE('',#5531,#5529,#3362,.T.);
#6891=EDGE_CURVE('',#5527,#5531,#3363,.T.);
#6892=EDGE_CURVE('',#5532,#4933,#3364,.T.);
#6893=EDGE_CURVE('',#4934,#5533,#3365,.T.);
#6894=EDGE_CURVE('',#5533,#5532,#3366,.T.);
#6895=EDGE_CURVE('',#5534,#4935,#3367,.T.);
#6896=EDGE_CURVE('',#5532,#5534,#826,.T.);
#6897=EDGE_CURVE('',#5535,#4936,#3368,.T.);
#6898=EDGE_CURVE('',#5534,#5535,#3369,.T.);
#6899=EDGE_CURVE('',#5535,#5533,#827,.T.);
#6900=EDGE_CURVE('',#5532,#5536,#3370,.T.);
#6901=EDGE_CURVE('',#5537,#5536,#828,.T.);
#6902=EDGE_CURVE('',#5534,#5537,#3371,.T.);
#6903=EDGE_CURVE('',#5533,#5538,#3372,.T.);
#6904=EDGE_CURVE('',#5536,#5538,#3373,.T.);
#6905=EDGE_CURVE('',#5536,#5078,#3374,.T.);
#6906=EDGE_CURVE('',#5079,#5537,#3375,.T.);
#6907=EDGE_CURVE('',#5538,#5080,#3376,.T.);
#6908=EDGE_CURVE('',#5539,#5081,#3377,.T.);
#6909=EDGE_CURVE('',#5538,#5539,#829,.T.);
#6910=EDGE_CURVE('',#5539,#5537,#3378,.T.);
#6911=EDGE_CURVE('',#5535,#5539,#3379,.T.);
#6912=EDGE_CURVE('',#5540,#4937,#3380,.T.);
#6913=EDGE_CURVE('',#4938,#5541,#3381,.T.);
#6914=EDGE_CURVE('',#5541,#5540,#3382,.T.);
#6915=EDGE_CURVE('',#5542,#4939,#3383,.T.);
#6916=EDGE_CURVE('',#5540,#5542,#830,.T.);
#6917=EDGE_CURVE('',#5543,#4940,#3384,.T.);
#6918=EDGE_CURVE('',#5542,#5543,#3385,.T.);
#6919=EDGE_CURVE('',#5543,#5541,#831,.T.);
#6920=EDGE_CURVE('',#5540,#5544,#3386,.T.);
#6921=EDGE_CURVE('',#5545,#5544,#832,.T.);
#6922=EDGE_CURVE('',#5542,#5545,#3387,.T.);
#6923=EDGE_CURVE('',#5541,#5546,#3388,.T.);
#6924=EDGE_CURVE('',#5544,#5546,#3389,.T.);
#6925=EDGE_CURVE('',#5544,#5074,#3390,.T.);
#6926=EDGE_CURVE('',#5075,#5545,#3391,.T.);
#6927=EDGE_CURVE('',#5546,#5076,#3392,.T.);
#6928=EDGE_CURVE('',#5547,#5077,#3393,.T.);
#6929=EDGE_CURVE('',#5546,#5547,#833,.T.);
#6930=EDGE_CURVE('',#5547,#5545,#3394,.T.);
#6931=EDGE_CURVE('',#5543,#5547,#3395,.T.);
#6932=EDGE_CURVE('',#5548,#4941,#3396,.T.);
#6933=EDGE_CURVE('',#4942,#5549,#3397,.T.);
#6934=EDGE_CURVE('',#5549,#5548,#3398,.T.);
#6935=EDGE_CURVE('',#5550,#4943,#3399,.T.);
#6936=EDGE_CURVE('',#5548,#5550,#834,.T.);
#6937=EDGE_CURVE('',#5551,#4944,#3400,.T.);
#6938=EDGE_CURVE('',#5550,#5551,#3401,.T.);
#6939=EDGE_CURVE('',#5551,#5549,#835,.T.);
#6940=EDGE_CURVE('',#5548,#5552,#3402,.T.);
#6941=EDGE_CURVE('',#5553,#5552,#836,.T.);
#6942=EDGE_CURVE('',#5550,#5553,#3403,.T.);
#6943=EDGE_CURVE('',#5549,#5554,#3404,.T.);
#6944=EDGE_CURVE('',#5552,#5554,#3405,.T.);
#6945=EDGE_CURVE('',#5552,#5070,#3406,.T.);
#6946=EDGE_CURVE('',#5071,#5553,#3407,.T.);
#6947=EDGE_CURVE('',#5554,#5072,#3408,.T.);
#6948=EDGE_CURVE('',#5555,#5073,#3409,.T.);
#6949=EDGE_CURVE('',#5554,#5555,#837,.T.);
#6950=EDGE_CURVE('',#5555,#5553,#3410,.T.);
#6951=EDGE_CURVE('',#5551,#5555,#3411,.T.);
#6952=EDGE_CURVE('',#5556,#4945,#3412,.T.);
#6953=EDGE_CURVE('',#4946,#5557,#3413,.T.);
#6954=EDGE_CURVE('',#5557,#5556,#3414,.T.);
#6955=EDGE_CURVE('',#5558,#4947,#3415,.T.);
#6956=EDGE_CURVE('',#5556,#5558,#838,.T.);
#6957=EDGE_CURVE('',#5559,#4948,#3416,.T.);
#6958=EDGE_CURVE('',#5558,#5559,#3417,.T.);
#6959=EDGE_CURVE('',#5559,#5557,#839,.T.);
#6960=EDGE_CURVE('',#5556,#5560,#3418,.T.);
#6961=EDGE_CURVE('',#5561,#5560,#840,.T.);
#6962=EDGE_CURVE('',#5558,#5561,#3419,.T.);
#6963=EDGE_CURVE('',#5557,#5562,#3420,.T.);
#6964=EDGE_CURVE('',#5560,#5562,#3421,.T.);
#6965=EDGE_CURVE('',#5560,#5066,#3422,.T.);
#6966=EDGE_CURVE('',#5067,#5561,#3423,.T.);
#6967=EDGE_CURVE('',#5562,#5068,#3424,.T.);
#6968=EDGE_CURVE('',#5563,#5069,#3425,.T.);
#6969=EDGE_CURVE('',#5562,#5563,#841,.T.);
#6970=EDGE_CURVE('',#5563,#5561,#3426,.T.);
#6971=EDGE_CURVE('',#5559,#5563,#3427,.T.);
#6972=EDGE_CURVE('',#5564,#4949,#3428,.T.);
#6973=EDGE_CURVE('',#4950,#5565,#3429,.T.);
#6974=EDGE_CURVE('',#5565,#5564,#3430,.T.);
#6975=EDGE_CURVE('',#5566,#4951,#3431,.T.);
#6976=EDGE_CURVE('',#5564,#5566,#842,.T.);
#6977=EDGE_CURVE('',#5567,#4952,#3432,.T.);
#6978=EDGE_CURVE('',#5566,#5567,#3433,.T.);
#6979=EDGE_CURVE('',#5567,#5565,#843,.T.);
#6980=EDGE_CURVE('',#5564,#5568,#3434,.T.);
#6981=EDGE_CURVE('',#5569,#5568,#844,.T.);
#6982=EDGE_CURVE('',#5566,#5569,#3435,.T.);
#6983=EDGE_CURVE('',#5565,#5570,#3436,.T.);
#6984=EDGE_CURVE('',#5568,#5570,#3437,.T.);
#6985=EDGE_CURVE('',#5568,#5062,#3438,.T.);
#6986=EDGE_CURVE('',#5063,#5569,#3439,.T.);
#6987=EDGE_CURVE('',#5570,#5064,#3440,.T.);
#6988=EDGE_CURVE('',#5571,#5065,#3441,.T.);
#6989=EDGE_CURVE('',#5570,#5571,#845,.T.);
#6990=EDGE_CURVE('',#5571,#5569,#3442,.T.);
#6991=EDGE_CURVE('',#5567,#5571,#3443,.T.);
#6992=EDGE_CURVE('',#5572,#4953,#3444,.T.);
#6993=EDGE_CURVE('',#4954,#5573,#3445,.T.);
#6994=EDGE_CURVE('',#5573,#5572,#3446,.T.);
#6995=EDGE_CURVE('',#5574,#4955,#3447,.T.);
#6996=EDGE_CURVE('',#5572,#5574,#846,.T.);
#6997=EDGE_CURVE('',#5575,#4956,#3448,.T.);
#6998=EDGE_CURVE('',#5574,#5575,#3449,.T.);
#6999=EDGE_CURVE('',#5575,#5573,#847,.T.);
#7000=EDGE_CURVE('',#5572,#5576,#3450,.T.);
#7001=EDGE_CURVE('',#5577,#5576,#848,.T.);
#7002=EDGE_CURVE('',#5574,#5577,#3451,.T.);
#7003=EDGE_CURVE('',#5573,#5578,#3452,.T.);
#7004=EDGE_CURVE('',#5576,#5578,#3453,.T.);
#7005=EDGE_CURVE('',#5576,#5058,#3454,.T.);
#7006=EDGE_CURVE('',#5059,#5577,#3455,.T.);
#7007=EDGE_CURVE('',#5578,#5060,#3456,.T.);
#7008=EDGE_CURVE('',#5579,#5061,#3457,.T.);
#7009=EDGE_CURVE('',#5578,#5579,#849,.T.);
#7010=EDGE_CURVE('',#5579,#5577,#3458,.T.);
#7011=EDGE_CURVE('',#5575,#5579,#3459,.T.);
#7012=EDGE_CURVE('',#5580,#4957,#3460,.T.);
#7013=EDGE_CURVE('',#4958,#5581,#3461,.T.);
#7014=EDGE_CURVE('',#5581,#5580,#3462,.T.);
#7015=EDGE_CURVE('',#5582,#4959,#3463,.T.);
#7016=EDGE_CURVE('',#5580,#5582,#850,.T.);
#7017=EDGE_CURVE('',#5583,#4960,#3464,.T.);
#7018=EDGE_CURVE('',#5582,#5583,#3465,.T.);
#7019=EDGE_CURVE('',#5583,#5581,#851,.T.);
#7020=EDGE_CURVE('',#5580,#5584,#3466,.T.);
#7021=EDGE_CURVE('',#5585,#5584,#852,.T.);
#7022=EDGE_CURVE('',#5582,#5585,#3467,.T.);
#7023=EDGE_CURVE('',#5581,#5586,#3468,.T.);
#7024=EDGE_CURVE('',#5584,#5586,#3469,.T.);
#7025=EDGE_CURVE('',#5584,#5054,#3470,.T.);
#7026=EDGE_CURVE('',#5055,#5585,#3471,.T.);
#7027=EDGE_CURVE('',#5586,#5056,#3472,.T.);
#7028=EDGE_CURVE('',#5587,#5057,#3473,.T.);
#7029=EDGE_CURVE('',#5586,#5587,#853,.T.);
#7030=EDGE_CURVE('',#5587,#5585,#3474,.T.);
#7031=EDGE_CURVE('',#5583,#5587,#3475,.T.);
#7032=EDGE_CURVE('',#5588,#5154,#3476,.T.);
#7033=EDGE_CURVE('',#5155,#5589,#3477,.T.);
#7034=EDGE_CURVE('',#5589,#5588,#3478,.T.);
#7035=EDGE_CURVE('',#5590,#5156,#3479,.T.);
#7036=EDGE_CURVE('',#5588,#5590,#854,.T.);
#7037=EDGE_CURVE('',#5591,#5157,#3480,.T.);
#7038=EDGE_CURVE('',#5590,#5591,#3481,.T.);
#7039=EDGE_CURVE('',#5591,#5589,#855,.T.);
#7040=EDGE_CURVE('',#5592,#5588,#3482,.T.);
#7041=EDGE_CURVE('',#5593,#5592,#856,.T.);
#7042=EDGE_CURVE('',#5593,#5590,#3483,.T.);
#7043=EDGE_CURVE('',#5594,#5589,#3484,.T.);
#7044=EDGE_CURVE('',#5592,#5594,#3485,.T.);
#7045=EDGE_CURVE('',#5593,#4857,#3486,.T.);
#7046=EDGE_CURVE('',#4858,#5595,#3487,.T.);
#7047=EDGE_CURVE('',#5595,#5593,#3488,.T.);
#7048=EDGE_CURVE('',#5592,#4859,#3489,.T.);
#7049=EDGE_CURVE('',#5594,#4860,#3490,.T.);
#7050=EDGE_CURVE('',#5594,#5595,#857,.T.);
#7051=EDGE_CURVE('',#5595,#5591,#3491,.T.);
#7052=EDGE_CURVE('',#5596,#5158,#3492,.T.);
#7053=EDGE_CURVE('',#5159,#5597,#3493,.T.);
#7054=EDGE_CURVE('',#5597,#5596,#3494,.T.);
#7055=EDGE_CURVE('',#5598,#5160,#3495,.T.);
#7056=EDGE_CURVE('',#5596,#5598,#858,.T.);
#7057=EDGE_CURVE('',#5599,#5161,#3496,.T.);
#7058=EDGE_CURVE('',#5598,#5599,#3497,.T.);
#7059=EDGE_CURVE('',#5599,#5597,#859,.T.);
#7060=EDGE_CURVE('',#5600,#5596,#3498,.T.);
#7061=EDGE_CURVE('',#5601,#5600,#860,.T.);
#7062=EDGE_CURVE('',#5601,#5598,#3499,.T.);
#7063=EDGE_CURVE('',#5602,#5597,#3500,.T.);
#7064=EDGE_CURVE('',#5600,#5602,#3501,.T.);
#7065=EDGE_CURVE('',#5601,#4853,#3502,.T.);
#7066=EDGE_CURVE('',#4854,#5603,#3503,.T.);
#7067=EDGE_CURVE('',#5603,#5601,#3504,.T.);
#7068=EDGE_CURVE('',#5600,#4855,#3505,.T.);
#7069=EDGE_CURVE('',#5602,#4856,#3506,.T.);
#7070=EDGE_CURVE('',#5602,#5603,#861,.T.);
#7071=EDGE_CURVE('',#5603,#5599,#3507,.T.);
#7072=EDGE_CURVE('',#5604,#5162,#3508,.T.);
#7073=EDGE_CURVE('',#5163,#5605,#3509,.T.);
#7074=EDGE_CURVE('',#5605,#5604,#3510,.T.);
#7075=EDGE_CURVE('',#5606,#5164,#3511,.T.);
#7076=EDGE_CURVE('',#5604,#5606,#862,.T.);
#7077=EDGE_CURVE('',#5607,#5165,#3512,.T.);
#7078=EDGE_CURVE('',#5606,#5607,#3513,.T.);
#7079=EDGE_CURVE('',#5607,#5605,#863,.T.);
#7080=EDGE_CURVE('',#5608,#5604,#3514,.T.);
#7081=EDGE_CURVE('',#5609,#5608,#864,.T.);
#7082=EDGE_CURVE('',#5609,#5606,#3515,.T.);
#7083=EDGE_CURVE('',#5610,#5605,#3516,.T.);
#7084=EDGE_CURVE('',#5608,#5610,#3517,.T.);
#7085=EDGE_CURVE('',#5609,#4849,#3518,.T.);
#7086=EDGE_CURVE('',#4850,#5611,#3519,.T.);
#7087=EDGE_CURVE('',#5611,#5609,#3520,.T.);
#7088=EDGE_CURVE('',#5608,#4851,#3521,.T.);
#7089=EDGE_CURVE('',#5610,#4852,#3522,.T.);
#7090=EDGE_CURVE('',#5610,#5611,#865,.T.);
#7091=EDGE_CURVE('',#5611,#5607,#3523,.T.);
#7092=EDGE_CURVE('',#5612,#5166,#3524,.T.);
#7093=EDGE_CURVE('',#5167,#5613,#3525,.T.);
#7094=EDGE_CURVE('',#5613,#5612,#3526,.T.);
#7095=EDGE_CURVE('',#5614,#5168,#3527,.T.);
#7096=EDGE_CURVE('',#5612,#5614,#866,.T.);
#7097=EDGE_CURVE('',#5615,#5169,#3528,.T.);
#7098=EDGE_CURVE('',#5614,#5615,#3529,.T.);
#7099=EDGE_CURVE('',#5615,#5613,#867,.T.);
#7100=EDGE_CURVE('',#5616,#5612,#3530,.T.);
#7101=EDGE_CURVE('',#5617,#5616,#868,.T.);
#7102=EDGE_CURVE('',#5617,#5614,#3531,.T.);
#7103=EDGE_CURVE('',#5618,#5613,#3532,.T.);
#7104=EDGE_CURVE('',#5616,#5618,#3533,.T.);
#7105=EDGE_CURVE('',#5617,#4845,#3534,.T.);
#7106=EDGE_CURVE('',#4846,#5619,#3535,.T.);
#7107=EDGE_CURVE('',#5619,#5617,#3536,.T.);
#7108=EDGE_CURVE('',#5616,#4847,#3537,.T.);
#7109=EDGE_CURVE('',#5618,#4848,#3538,.T.);
#7110=EDGE_CURVE('',#5618,#5619,#869,.T.);
#7111=EDGE_CURVE('',#5619,#5615,#3539,.T.);
#7112=EDGE_CURVE('',#5620,#5170,#3540,.T.);
#7113=EDGE_CURVE('',#5171,#5621,#3541,.T.);
#7114=EDGE_CURVE('',#5621,#5620,#3542,.T.);
#7115=EDGE_CURVE('',#5622,#5172,#3543,.T.);
#7116=EDGE_CURVE('',#5620,#5622,#870,.T.);
#7117=EDGE_CURVE('',#5623,#5173,#3544,.T.);
#7118=EDGE_CURVE('',#5622,#5623,#3545,.T.);
#7119=EDGE_CURVE('',#5623,#5621,#871,.T.);
#7120=EDGE_CURVE('',#5624,#5620,#3546,.T.);
#7121=EDGE_CURVE('',#5625,#5624,#872,.T.);
#7122=EDGE_CURVE('',#5625,#5622,#3547,.T.);
#7123=EDGE_CURVE('',#5626,#5621,#3548,.T.);
#7124=EDGE_CURVE('',#5624,#5626,#3549,.T.);
#7125=EDGE_CURVE('',#5625,#4841,#3550,.T.);
#7126=EDGE_CURVE('',#4842,#5627,#3551,.T.);
#7127=EDGE_CURVE('',#5627,#5625,#3552,.T.);
#7128=EDGE_CURVE('',#5624,#4843,#3553,.T.);
#7129=EDGE_CURVE('',#5626,#4844,#3554,.T.);
#7130=EDGE_CURVE('',#5626,#5627,#873,.T.);
#7131=EDGE_CURVE('',#5627,#5623,#3555,.T.);
#7132=EDGE_CURVE('',#5628,#5174,#3556,.T.);
#7133=EDGE_CURVE('',#5175,#5629,#3557,.T.);
#7134=EDGE_CURVE('',#5629,#5628,#3558,.T.);
#7135=EDGE_CURVE('',#5630,#5176,#3559,.T.);
#7136=EDGE_CURVE('',#5628,#5630,#874,.T.);
#7137=EDGE_CURVE('',#5631,#5177,#3560,.T.);
#7138=EDGE_CURVE('',#5630,#5631,#3561,.T.);
#7139=EDGE_CURVE('',#5631,#5629,#875,.T.);
#7140=EDGE_CURVE('',#5632,#5628,#3562,.T.);
#7141=EDGE_CURVE('',#5633,#5632,#876,.T.);
#7142=EDGE_CURVE('',#5633,#5630,#3563,.T.);
#7143=EDGE_CURVE('',#5634,#5629,#3564,.T.);
#7144=EDGE_CURVE('',#5632,#5634,#3565,.T.);
#7145=EDGE_CURVE('',#5633,#4837,#3566,.T.);
#7146=EDGE_CURVE('',#4838,#5635,#3567,.T.);
#7147=EDGE_CURVE('',#5635,#5633,#3568,.T.);
#7148=EDGE_CURVE('',#5632,#4839,#3569,.T.);
#7149=EDGE_CURVE('',#5634,#4840,#3570,.T.);
#7150=EDGE_CURVE('',#5634,#5635,#877,.T.);
#7151=EDGE_CURVE('',#5635,#5631,#3571,.T.);
#7152=EDGE_CURVE('',#5636,#5178,#3572,.T.);
#7153=EDGE_CURVE('',#5179,#5637,#3573,.T.);
#7154=EDGE_CURVE('',#5637,#5636,#3574,.T.);
#7155=EDGE_CURVE('',#5638,#5180,#3575,.T.);
#7156=EDGE_CURVE('',#5636,#5638,#878,.T.);
#7157=EDGE_CURVE('',#5639,#5181,#3576,.T.);
#7158=EDGE_CURVE('',#5638,#5639,#3577,.T.);
#7159=EDGE_CURVE('',#5639,#5637,#879,.T.);
#7160=EDGE_CURVE('',#5640,#5636,#3578,.T.);
#7161=EDGE_CURVE('',#5641,#5640,#880,.T.);
#7162=EDGE_CURVE('',#5641,#5638,#3579,.T.);
#7163=EDGE_CURVE('',#5642,#5637,#3580,.T.);
#7164=EDGE_CURVE('',#5640,#5642,#3581,.T.);
#7165=EDGE_CURVE('',#5641,#4833,#3582,.T.);
#7166=EDGE_CURVE('',#4834,#5643,#3583,.T.);
#7167=EDGE_CURVE('',#5643,#5641,#3584,.T.);
#7168=EDGE_CURVE('',#5640,#4835,#3585,.T.);
#7169=EDGE_CURVE('',#5642,#4836,#3586,.T.);
#7170=EDGE_CURVE('',#5642,#5643,#881,.T.);
#7171=EDGE_CURVE('',#5643,#5639,#3587,.T.);
#7172=EDGE_CURVE('',#5644,#5182,#3588,.T.);
#7173=EDGE_CURVE('',#5183,#5645,#3589,.T.);
#7174=EDGE_CURVE('',#5645,#5644,#3590,.T.);
#7175=EDGE_CURVE('',#5646,#5184,#3591,.T.);
#7176=EDGE_CURVE('',#5644,#5646,#882,.T.);
#7177=EDGE_CURVE('',#5647,#5185,#3592,.T.);
#7178=EDGE_CURVE('',#5646,#5647,#3593,.T.);
#7179=EDGE_CURVE('',#5647,#5645,#883,.T.);
#7180=EDGE_CURVE('',#5648,#5644,#3594,.T.);
#7181=EDGE_CURVE('',#5649,#5648,#884,.T.);
#7182=EDGE_CURVE('',#5649,#5646,#3595,.T.);
#7183=EDGE_CURVE('',#5650,#5645,#3596,.T.);
#7184=EDGE_CURVE('',#5648,#5650,#3597,.T.);
#7185=EDGE_CURVE('',#5649,#4829,#3598,.T.);
#7186=EDGE_CURVE('',#4830,#5651,#3599,.T.);
#7187=EDGE_CURVE('',#5651,#5649,#3600,.T.);
#7188=EDGE_CURVE('',#5648,#4831,#3601,.T.);
#7189=EDGE_CURVE('',#5650,#4832,#3602,.T.);
#7190=EDGE_CURVE('',#5650,#5651,#885,.T.);
#7191=EDGE_CURVE('',#5651,#5647,#3603,.T.);
#7192=EDGE_CURVE('',#5652,#5186,#3604,.T.);
#7193=EDGE_CURVE('',#5187,#5653,#3605,.T.);
#7194=EDGE_CURVE('',#5653,#5652,#3606,.T.);
#7195=EDGE_CURVE('',#5654,#5188,#3607,.T.);
#7196=EDGE_CURVE('',#5652,#5654,#886,.T.);
#7197=EDGE_CURVE('',#5655,#5189,#3608,.T.);
#7198=EDGE_CURVE('',#5654,#5655,#3609,.T.);
#7199=EDGE_CURVE('',#5655,#5653,#887,.T.);
#7200=EDGE_CURVE('',#5656,#5652,#3610,.T.);
#7201=EDGE_CURVE('',#5657,#5656,#888,.T.);
#7202=EDGE_CURVE('',#5657,#5654,#3611,.T.);
#7203=EDGE_CURVE('',#5658,#5653,#3612,.T.);
#7204=EDGE_CURVE('',#5656,#5658,#3613,.T.);
#7205=EDGE_CURVE('',#5657,#4825,#3614,.T.);
#7206=EDGE_CURVE('',#4826,#5659,#3615,.T.);
#7207=EDGE_CURVE('',#5659,#5657,#3616,.T.);
#7208=EDGE_CURVE('',#5656,#4827,#3617,.T.);
#7209=EDGE_CURVE('',#5658,#4828,#3618,.T.);
#7210=EDGE_CURVE('',#5658,#5659,#889,.T.);
#7211=EDGE_CURVE('',#5659,#5655,#3619,.T.);
#7212=EDGE_CURVE('',#5660,#5190,#3620,.T.);
#7213=EDGE_CURVE('',#5191,#5661,#3621,.T.);
#7214=EDGE_CURVE('',#5661,#5660,#3622,.T.);
#7215=EDGE_CURVE('',#5662,#5192,#3623,.T.);
#7216=EDGE_CURVE('',#5660,#5662,#890,.T.);
#7217=EDGE_CURVE('',#5663,#5193,#3624,.T.);
#7218=EDGE_CURVE('',#5662,#5663,#3625,.T.);
#7219=EDGE_CURVE('',#5663,#5661,#891,.T.);
#7220=EDGE_CURVE('',#5664,#5660,#3626,.T.);
#7221=EDGE_CURVE('',#5665,#5664,#892,.T.);
#7222=EDGE_CURVE('',#5665,#5662,#3627,.T.);
#7223=EDGE_CURVE('',#5666,#5661,#3628,.T.);
#7224=EDGE_CURVE('',#5664,#5666,#3629,.T.);
#7225=EDGE_CURVE('',#5665,#4821,#3630,.T.);
#7226=EDGE_CURVE('',#4822,#5667,#3631,.T.);
#7227=EDGE_CURVE('',#5667,#5665,#3632,.T.);
#7228=EDGE_CURVE('',#5664,#4823,#3633,.T.);
#7229=EDGE_CURVE('',#5666,#4824,#3634,.T.);
#7230=EDGE_CURVE('',#5666,#5667,#893,.T.);
#7231=EDGE_CURVE('',#5667,#5663,#3635,.T.);
#7232=EDGE_CURVE('',#5668,#5194,#3636,.T.);
#7233=EDGE_CURVE('',#5195,#5669,#3637,.T.);
#7234=EDGE_CURVE('',#5669,#5668,#3638,.T.);
#7235=EDGE_CURVE('',#5670,#5196,#3639,.T.);
#7236=EDGE_CURVE('',#5668,#5670,#894,.T.);
#7237=EDGE_CURVE('',#5671,#5197,#3640,.T.);
#7238=EDGE_CURVE('',#5670,#5671,#3641,.T.);
#7239=EDGE_CURVE('',#5671,#5669,#895,.T.);
#7240=EDGE_CURVE('',#5672,#5668,#3642,.T.);
#7241=EDGE_CURVE('',#5673,#5672,#896,.T.);
#7242=EDGE_CURVE('',#5673,#5670,#3643,.T.);
#7243=EDGE_CURVE('',#5674,#5669,#3644,.T.);
#7244=EDGE_CURVE('',#5672,#5674,#3645,.T.);
#7245=EDGE_CURVE('',#5673,#4817,#3646,.T.);
#7246=EDGE_CURVE('',#4818,#5675,#3647,.T.);
#7247=EDGE_CURVE('',#5675,#5673,#3648,.T.);
#7248=EDGE_CURVE('',#5672,#4819,#3649,.T.);
#7249=EDGE_CURVE('',#5674,#4820,#3650,.T.);
#7250=EDGE_CURVE('',#5674,#5675,#897,.T.);
#7251=EDGE_CURVE('',#5675,#5671,#3651,.T.);
#7252=EDGE_CURVE('',#5676,#5198,#3652,.T.);
#7253=EDGE_CURVE('',#5199,#5677,#3653,.T.);
#7254=EDGE_CURVE('',#5677,#5676,#3654,.T.);
#7255=EDGE_CURVE('',#5678,#5200,#3655,.T.);
#7256=EDGE_CURVE('',#5676,#5678,#898,.T.);
#7257=EDGE_CURVE('',#5679,#5201,#3656,.T.);
#7258=EDGE_CURVE('',#5678,#5679,#3657,.T.);
#7259=EDGE_CURVE('',#5679,#5677,#899,.T.);
#7260=EDGE_CURVE('',#5680,#5676,#3658,.T.);
#7261=EDGE_CURVE('',#5681,#5680,#900,.T.);
#7262=EDGE_CURVE('',#5681,#5678,#3659,.T.);
#7263=EDGE_CURVE('',#5682,#5677,#3660,.T.);
#7264=EDGE_CURVE('',#5680,#5682,#3661,.T.);
#7265=EDGE_CURVE('',#5681,#4813,#3662,.T.);
#7266=EDGE_CURVE('',#4814,#5683,#3663,.T.);
#7267=EDGE_CURVE('',#5683,#5681,#3664,.T.);
#7268=EDGE_CURVE('',#5680,#4815,#3665,.T.);
#7269=EDGE_CURVE('',#5682,#4816,#3666,.T.);
#7270=EDGE_CURVE('',#5682,#5683,#901,.T.);
#7271=EDGE_CURVE('',#5683,#5679,#3667,.T.);
#7272=EDGE_CURVE('',#5684,#5202,#3668,.T.);
#7273=EDGE_CURVE('',#5203,#5685,#3669,.T.);
#7274=EDGE_CURVE('',#5685,#5684,#3670,.T.);
#7275=EDGE_CURVE('',#5686,#5204,#3671,.T.);
#7276=EDGE_CURVE('',#5684,#5686,#902,.T.);
#7277=EDGE_CURVE('',#5687,#5205,#3672,.T.);
#7278=EDGE_CURVE('',#5686,#5687,#3673,.T.);
#7279=EDGE_CURVE('',#5687,#5685,#903,.T.);
#7280=EDGE_CURVE('',#5688,#5684,#3674,.T.);
#7281=EDGE_CURVE('',#5689,#5688,#904,.T.);
#7282=EDGE_CURVE('',#5689,#5686,#3675,.T.);
#7283=EDGE_CURVE('',#5690,#5685,#3676,.T.);
#7284=EDGE_CURVE('',#5688,#5690,#3677,.T.);
#7285=EDGE_CURVE('',#5689,#4809,#3678,.T.);
#7286=EDGE_CURVE('',#4810,#5691,#3679,.T.);
#7287=EDGE_CURVE('',#5691,#5689,#3680,.T.);
#7288=EDGE_CURVE('',#5688,#4811,#3681,.T.);
#7289=EDGE_CURVE('',#5690,#4812,#3682,.T.);
#7290=EDGE_CURVE('',#5690,#5691,#905,.T.);
#7291=EDGE_CURVE('',#5691,#5687,#3683,.T.);
#7292=EDGE_CURVE('',#5692,#5206,#3684,.T.);
#7293=EDGE_CURVE('',#5207,#5693,#3685,.T.);
#7294=EDGE_CURVE('',#5693,#5692,#3686,.T.);
#7295=EDGE_CURVE('',#5694,#5208,#3687,.T.);
#7296=EDGE_CURVE('',#5692,#5694,#906,.T.);
#7297=EDGE_CURVE('',#5695,#5209,#3688,.T.);
#7298=EDGE_CURVE('',#5694,#5695,#3689,.T.);
#7299=EDGE_CURVE('',#5695,#5693,#907,.T.);
#7300=EDGE_CURVE('',#5696,#5692,#3690,.T.);
#7301=EDGE_CURVE('',#5697,#5696,#908,.T.);
#7302=EDGE_CURVE('',#5697,#5694,#3691,.T.);
#7303=EDGE_CURVE('',#5698,#5693,#3692,.T.);
#7304=EDGE_CURVE('',#5696,#5698,#3693,.T.);
#7305=EDGE_CURVE('',#5697,#4805,#3694,.T.);
#7306=EDGE_CURVE('',#4806,#5699,#3695,.T.);
#7307=EDGE_CURVE('',#5699,#5697,#3696,.T.);
#7308=EDGE_CURVE('',#5696,#4807,#3697,.T.);
#7309=EDGE_CURVE('',#5698,#4808,#3698,.T.);
#7310=EDGE_CURVE('',#5698,#5699,#909,.T.);
#7311=EDGE_CURVE('',#5699,#5695,#3699,.T.);
#7312=EDGE_CURVE('',#5700,#5210,#3700,.T.);
#7313=EDGE_CURVE('',#5211,#5701,#3701,.T.);
#7314=EDGE_CURVE('',#5701,#5700,#3702,.T.);
#7315=EDGE_CURVE('',#5702,#5212,#3703,.T.);
#7316=EDGE_CURVE('',#5700,#5702,#910,.T.);
#7317=EDGE_CURVE('',#5703,#5213,#3704,.T.);
#7318=EDGE_CURVE('',#5702,#5703,#3705,.T.);
#7319=EDGE_CURVE('',#5703,#5701,#911,.T.);
#7320=EDGE_CURVE('',#5704,#5700,#3706,.T.);
#7321=EDGE_CURVE('',#5705,#5704,#912,.T.);
#7322=EDGE_CURVE('',#5705,#5702,#3707,.T.);
#7323=EDGE_CURVE('',#5706,#5701,#3708,.T.);
#7324=EDGE_CURVE('',#5704,#5706,#3709,.T.);
#7325=EDGE_CURVE('',#5705,#4801,#3710,.T.);
#7326=EDGE_CURVE('',#4802,#5707,#3711,.T.);
#7327=EDGE_CURVE('',#5707,#5705,#3712,.T.);
#7328=EDGE_CURVE('',#5704,#4803,#3713,.T.);
#7329=EDGE_CURVE('',#5706,#4804,#3714,.T.);
#7330=EDGE_CURVE('',#5706,#5707,#913,.T.);
#7331=EDGE_CURVE('',#5707,#5703,#3715,.T.);
#7332=ORIENTED_EDGE('',*,*,#5708,.F.);
#7333=ORIENTED_EDGE('',*,*,#5709,.T.);
#7334=ORIENTED_EDGE('',*,*,#5710,.T.);
#7335=ORIENTED_EDGE('',*,*,#5711,.T.);
#7336=ORIENTED_EDGE('',*,*,#5709,.F.);
#7337=ORIENTED_EDGE('',*,*,#5712,.F.);
#7338=ORIENTED_EDGE('',*,*,#5713,.F.);
#7339=ORIENTED_EDGE('',*,*,#5714,.T.);
#7340=ORIENTED_EDGE('',*,*,#5715,.F.);
#7341=ORIENTED_EDGE('',*,*,#5716,.T.);
#7342=ORIENTED_EDGE('',*,*,#5717,.T.);
#7343=ORIENTED_EDGE('',*,*,#5718,.T.);
#7344=ORIENTED_EDGE('',*,*,#5708,.T.);
#7345=ORIENTED_EDGE('',*,*,#5719,.T.);
#7346=ORIENTED_EDGE('',*,*,#5720,.T.);
#7347=ORIENTED_EDGE('',*,*,#5721,.T.);
#7348=ORIENTED_EDGE('',*,*,#5715,.T.);
#7349=ORIENTED_EDGE('',*,*,#5722,.T.);
#7350=ORIENTED_EDGE('',*,*,#5723,.T.);
#7351=ORIENTED_EDGE('',*,*,#5724,.T.);
#7352=ORIENTED_EDGE('',*,*,#5725,.T.);
#7353=ORIENTED_EDGE('',*,*,#5726,.T.);
#7354=ORIENTED_EDGE('',*,*,#5727,.T.);
#7355=ORIENTED_EDGE('',*,*,#5728,.T.);
#7356=ORIENTED_EDGE('',*,*,#5729,.T.);
#7357=ORIENTED_EDGE('',*,*,#5730,.T.);
#7358=ORIENTED_EDGE('',*,*,#5731,.T.);
#7359=ORIENTED_EDGE('',*,*,#5732,.T.);
#7360=ORIENTED_EDGE('',*,*,#5733,.T.);
#7361=ORIENTED_EDGE('',*,*,#5734,.T.);
#7362=ORIENTED_EDGE('',*,*,#5735,.T.);
#7363=ORIENTED_EDGE('',*,*,#5736,.T.);
#7364=ORIENTED_EDGE('',*,*,#5737,.T.);
#7365=ORIENTED_EDGE('',*,*,#5738,.T.);
#7366=ORIENTED_EDGE('',*,*,#5739,.T.);
#7367=ORIENTED_EDGE('',*,*,#5712,.T.);
#7368=ORIENTED_EDGE('',*,*,#5740,.F.);
#7369=ORIENTED_EDGE('',*,*,#5741,.F.);
#7370=ORIENTED_EDGE('',*,*,#5742,.F.);
#7371=ORIENTED_EDGE('',*,*,#5743,.F.);
#7372=ORIENTED_EDGE('',*,*,#5744,.F.);
#7373=ORIENTED_EDGE('',*,*,#5745,.F.);
#7374=ORIENTED_EDGE('',*,*,#5746,.F.);
#7375=ORIENTED_EDGE('',*,*,#5747,.F.);
#7376=ORIENTED_EDGE('',*,*,#5748,.F.);
#7377=ORIENTED_EDGE('',*,*,#5749,.F.);
#7378=ORIENTED_EDGE('',*,*,#5750,.F.);
#7379=ORIENTED_EDGE('',*,*,#5751,.F.);
#7380=ORIENTED_EDGE('',*,*,#5752,.F.);
#7381=ORIENTED_EDGE('',*,*,#5753,.F.);
#7382=ORIENTED_EDGE('',*,*,#5754,.F.);
#7383=ORIENTED_EDGE('',*,*,#5755,.F.);
#7384=ORIENTED_EDGE('',*,*,#5756,.F.);
#7385=ORIENTED_EDGE('',*,*,#5757,.F.);
#7386=ORIENTED_EDGE('',*,*,#5758,.F.);
#7387=ORIENTED_EDGE('',*,*,#5759,.F.);
#7388=ORIENTED_EDGE('',*,*,#5760,.F.);
#7389=ORIENTED_EDGE('',*,*,#5761,.F.);
#7390=ORIENTED_EDGE('',*,*,#5762,.F.);
#7391=ORIENTED_EDGE('',*,*,#5763,.F.);
#7392=ORIENTED_EDGE('',*,*,#5764,.F.);
#7393=ORIENTED_EDGE('',*,*,#5765,.F.);
#7394=ORIENTED_EDGE('',*,*,#5766,.F.);
#7395=ORIENTED_EDGE('',*,*,#5767,.F.);
#7396=ORIENTED_EDGE('',*,*,#5768,.F.);
#7397=ORIENTED_EDGE('',*,*,#5769,.F.);
#7398=ORIENTED_EDGE('',*,*,#5770,.F.);
#7399=ORIENTED_EDGE('',*,*,#5771,.F.);
#7400=ORIENTED_EDGE('',*,*,#5772,.F.);
#7401=ORIENTED_EDGE('',*,*,#5773,.F.);
#7402=ORIENTED_EDGE('',*,*,#5774,.F.);
#7403=ORIENTED_EDGE('',*,*,#5775,.F.);
#7404=ORIENTED_EDGE('',*,*,#5776,.F.);
#7405=ORIENTED_EDGE('',*,*,#5777,.F.);
#7406=ORIENTED_EDGE('',*,*,#5778,.F.);
#7407=ORIENTED_EDGE('',*,*,#5779,.F.);
#7408=ORIENTED_EDGE('',*,*,#5780,.F.);
#7409=ORIENTED_EDGE('',*,*,#5781,.F.);
#7410=ORIENTED_EDGE('',*,*,#5782,.F.);
#7411=ORIENTED_EDGE('',*,*,#5783,.F.);
#7412=ORIENTED_EDGE('',*,*,#5784,.F.);
#7413=ORIENTED_EDGE('',*,*,#5785,.F.);
#7414=ORIENTED_EDGE('',*,*,#5786,.F.);
#7415=ORIENTED_EDGE('',*,*,#5787,.F.);
#7416=ORIENTED_EDGE('',*,*,#5788,.F.);
#7417=ORIENTED_EDGE('',*,*,#5789,.F.);
#7418=ORIENTED_EDGE('',*,*,#5790,.F.);
#7419=ORIENTED_EDGE('',*,*,#5791,.F.);
#7420=ORIENTED_EDGE('',*,*,#5792,.F.);
#7421=ORIENTED_EDGE('',*,*,#5793,.F.);
#7422=ORIENTED_EDGE('',*,*,#5794,.F.);
#7423=ORIENTED_EDGE('',*,*,#5795,.F.);
#7424=ORIENTED_EDGE('',*,*,#5796,.F.);
#7425=ORIENTED_EDGE('',*,*,#5797,.F.);
#7426=ORIENTED_EDGE('',*,*,#5798,.F.);
#7427=ORIENTED_EDGE('',*,*,#5799,.F.);
#7428=ORIENTED_EDGE('',*,*,#5800,.F.);
#7429=ORIENTED_EDGE('',*,*,#5801,.F.);
#7430=ORIENTED_EDGE('',*,*,#5802,.F.);
#7431=ORIENTED_EDGE('',*,*,#5803,.F.);
#7432=ORIENTED_EDGE('',*,*,#5804,.F.);
#7433=ORIENTED_EDGE('',*,*,#5805,.F.);
#7434=ORIENTED_EDGE('',*,*,#5806,.F.);
#7435=ORIENTED_EDGE('',*,*,#5807,.F.);
#7436=ORIENTED_EDGE('',*,*,#5808,.F.);
#7437=ORIENTED_EDGE('',*,*,#5809,.F.);
#7438=ORIENTED_EDGE('',*,*,#5810,.F.);
#7439=ORIENTED_EDGE('',*,*,#5811,.F.);
#7440=ORIENTED_EDGE('',*,*,#5812,.F.);
#7441=ORIENTED_EDGE('',*,*,#5813,.F.);
#7442=ORIENTED_EDGE('',*,*,#5814,.F.);
#7443=ORIENTED_EDGE('',*,*,#5815,.F.);
#7444=ORIENTED_EDGE('',*,*,#5816,.F.);
#7445=ORIENTED_EDGE('',*,*,#5817,.F.);
#7446=ORIENTED_EDGE('',*,*,#5818,.F.);
#7447=ORIENTED_EDGE('',*,*,#5819,.F.);
#7448=ORIENTED_EDGE('',*,*,#5820,.F.);
#7449=ORIENTED_EDGE('',*,*,#5821,.F.);
#7450=ORIENTED_EDGE('',*,*,#5822,.F.);
#7451=ORIENTED_EDGE('',*,*,#5823,.F.);
#7452=ORIENTED_EDGE('',*,*,#5824,.F.);
#7453=ORIENTED_EDGE('',*,*,#5825,.F.);
#7454=ORIENTED_EDGE('',*,*,#5826,.F.);
#7455=ORIENTED_EDGE('',*,*,#5827,.F.);
#7456=ORIENTED_EDGE('',*,*,#5828,.F.);
#7457=ORIENTED_EDGE('',*,*,#5829,.F.);
#7458=ORIENTED_EDGE('',*,*,#5830,.F.);
#7459=ORIENTED_EDGE('',*,*,#5831,.F.);
#7460=ORIENTED_EDGE('',*,*,#5832,.F.);
#7461=ORIENTED_EDGE('',*,*,#5833,.F.);
#7462=ORIENTED_EDGE('',*,*,#5834,.F.);
#7463=ORIENTED_EDGE('',*,*,#5835,.F.);
#7464=ORIENTED_EDGE('',*,*,#5836,.F.);
#7465=ORIENTED_EDGE('',*,*,#5837,.F.);
#7466=ORIENTED_EDGE('',*,*,#5838,.F.);
#7467=ORIENTED_EDGE('',*,*,#5839,.F.);
#7468=ORIENTED_EDGE('',*,*,#5840,.F.);
#7469=ORIENTED_EDGE('',*,*,#5841,.F.);
#7470=ORIENTED_EDGE('',*,*,#5842,.F.);
#7471=ORIENTED_EDGE('',*,*,#5843,.F.);
#7472=ORIENTED_EDGE('',*,*,#5844,.F.);
#7473=ORIENTED_EDGE('',*,*,#5845,.F.);
#7474=ORIENTED_EDGE('',*,*,#5846,.F.);
#7475=ORIENTED_EDGE('',*,*,#5847,.F.);
#7476=ORIENTED_EDGE('',*,*,#5848,.F.);
#7477=ORIENTED_EDGE('',*,*,#5849,.F.);
#7478=ORIENTED_EDGE('',*,*,#5850,.F.);
#7479=ORIENTED_EDGE('',*,*,#5851,.F.);
#7480=ORIENTED_EDGE('',*,*,#5852,.F.);
#7481=ORIENTED_EDGE('',*,*,#5853,.F.);
#7482=ORIENTED_EDGE('',*,*,#5854,.F.);
#7483=ORIENTED_EDGE('',*,*,#5855,.F.);
#7484=ORIENTED_EDGE('',*,*,#5856,.F.);
#7485=ORIENTED_EDGE('',*,*,#5857,.F.);
#7486=ORIENTED_EDGE('',*,*,#5858,.F.);
#7487=ORIENTED_EDGE('',*,*,#5859,.F.);
#7488=ORIENTED_EDGE('',*,*,#5860,.F.);
#7489=ORIENTED_EDGE('',*,*,#5861,.F.);
#7490=ORIENTED_EDGE('',*,*,#5862,.F.);
#7491=ORIENTED_EDGE('',*,*,#5863,.F.);
#7492=ORIENTED_EDGE('',*,*,#5864,.F.);
#7493=ORIENTED_EDGE('',*,*,#5865,.F.);
#7494=ORIENTED_EDGE('',*,*,#5866,.F.);
#7495=ORIENTED_EDGE('',*,*,#5867,.F.);
#7496=ORIENTED_EDGE('',*,*,#5868,.F.);
#7497=ORIENTED_EDGE('',*,*,#5869,.F.);
#7498=ORIENTED_EDGE('',*,*,#5870,.F.);
#7499=ORIENTED_EDGE('',*,*,#5871,.F.);
#7500=ORIENTED_EDGE('',*,*,#5872,.F.);
#7501=ORIENTED_EDGE('',*,*,#5873,.F.);
#7502=ORIENTED_EDGE('',*,*,#5874,.F.);
#7503=ORIENTED_EDGE('',*,*,#5875,.F.);
#7504=ORIENTED_EDGE('',*,*,#5876,.F.);
#7505=ORIENTED_EDGE('',*,*,#5877,.F.);
#7506=ORIENTED_EDGE('',*,*,#5878,.F.);
#7507=ORIENTED_EDGE('',*,*,#5879,.F.);
#7508=ORIENTED_EDGE('',*,*,#5880,.F.);
#7509=ORIENTED_EDGE('',*,*,#5881,.F.);
#7510=ORIENTED_EDGE('',*,*,#5882,.F.);
#7511=ORIENTED_EDGE('',*,*,#5883,.F.);
#7512=ORIENTED_EDGE('',*,*,#5884,.F.);
#7513=ORIENTED_EDGE('',*,*,#5885,.F.);
#7514=ORIENTED_EDGE('',*,*,#5886,.F.);
#7515=ORIENTED_EDGE('',*,*,#5887,.F.);
#7516=ORIENTED_EDGE('',*,*,#5888,.F.);
#7517=ORIENTED_EDGE('',*,*,#5889,.F.);
#7518=ORIENTED_EDGE('',*,*,#5890,.F.);
#7519=ORIENTED_EDGE('',*,*,#5891,.F.);
#7520=ORIENTED_EDGE('',*,*,#5892,.F.);
#7521=ORIENTED_EDGE('',*,*,#5893,.F.);
#7522=ORIENTED_EDGE('',*,*,#5894,.F.);
#7523=ORIENTED_EDGE('',*,*,#5895,.F.);
#7524=ORIENTED_EDGE('',*,*,#5896,.F.);
#7525=ORIENTED_EDGE('',*,*,#5897,.F.);
#7526=ORIENTED_EDGE('',*,*,#5898,.F.);
#7527=ORIENTED_EDGE('',*,*,#5899,.F.);
#7528=ORIENTED_EDGE('',*,*,#5900,.F.);
#7529=ORIENTED_EDGE('',*,*,#5901,.F.);
#7530=ORIENTED_EDGE('',*,*,#5902,.F.);
#7531=ORIENTED_EDGE('',*,*,#5903,.F.);
#7532=ORIENTED_EDGE('',*,*,#5718,.F.);
#7533=ORIENTED_EDGE('',*,*,#5904,.T.);
#7534=ORIENTED_EDGE('',*,*,#5905,.F.);
#7535=ORIENTED_EDGE('',*,*,#5722,.F.);
#7536=ORIENTED_EDGE('',*,*,#5723,.F.);
#7537=ORIENTED_EDGE('',*,*,#5905,.T.);
#7538=ORIENTED_EDGE('',*,*,#5906,.T.);
#7539=ORIENTED_EDGE('',*,*,#5907,.T.);
#7540=ORIENTED_EDGE('',*,*,#5727,.F.);
#7541=ORIENTED_EDGE('',*,*,#5908,.T.);
#7542=ORIENTED_EDGE('',*,*,#5909,.T.);
#7543=ORIENTED_EDGE('',*,*,#5910,.T.);
#7544=ORIENTED_EDGE('',*,*,#5910,.F.);
#7545=ORIENTED_EDGE('',*,*,#5911,.T.);
#7546=ORIENTED_EDGE('',*,*,#5912,.F.);
#7547=ORIENTED_EDGE('',*,*,#5728,.F.);
#7548=ORIENTED_EDGE('',*,*,#5729,.F.);
#7549=ORIENTED_EDGE('',*,*,#5912,.T.);
#7550=ORIENTED_EDGE('',*,*,#5913,.T.);
#7551=ORIENTED_EDGE('',*,*,#5914,.T.);
#7552=ORIENTED_EDGE('',*,*,#5733,.F.);
#7553=ORIENTED_EDGE('',*,*,#5915,.T.);
#7554=ORIENTED_EDGE('',*,*,#5916,.T.);
#7555=ORIENTED_EDGE('',*,*,#5917,.T.);
#7556=ORIENTED_EDGE('',*,*,#5917,.F.);
#7557=ORIENTED_EDGE('',*,*,#5918,.T.);
#7558=ORIENTED_EDGE('',*,*,#5919,.F.);
#7559=ORIENTED_EDGE('',*,*,#5734,.F.);
#7560=ORIENTED_EDGE('',*,*,#5735,.F.);
#7561=ORIENTED_EDGE('',*,*,#5919,.T.);
#7562=ORIENTED_EDGE('',*,*,#5920,.T.);
#7563=ORIENTED_EDGE('',*,*,#5921,.T.);
#7564=ORIENTED_EDGE('',*,*,#5739,.F.);
#7565=ORIENTED_EDGE('',*,*,#5922,.T.);
#7566=ORIENTED_EDGE('',*,*,#5923,.T.);
#7567=ORIENTED_EDGE('',*,*,#5713,.T.);
#7568=ORIENTED_EDGE('',*,*,#5922,.F.);
#7569=ORIENTED_EDGE('',*,*,#5738,.F.);
#7570=ORIENTED_EDGE('',*,*,#5924,.T.);
#7571=ORIENTED_EDGE('',*,*,#5925,.T.);
#7572=ORIENTED_EDGE('',*,*,#5926,.T.);
#7573=ORIENTED_EDGE('',*,*,#5927,.T.);
#7574=ORIENTED_EDGE('',*,*,#5928,.T.);
#7575=ORIENTED_EDGE('',*,*,#5929,.T.);
#7576=ORIENTED_EDGE('',*,*,#5930,.T.);
#7577=ORIENTED_EDGE('',*,*,#5931,.T.);
#7578=ORIENTED_EDGE('',*,*,#5926,.F.);
#7579=ORIENTED_EDGE('',*,*,#5932,.T.);
#7580=ORIENTED_EDGE('',*,*,#5933,.T.);
#7581=ORIENTED_EDGE('',*,*,#5934,.T.);
#7582=ORIENTED_EDGE('',*,*,#5930,.F.);
#7583=ORIENTED_EDGE('',*,*,#5935,.T.);
#7584=ORIENTED_EDGE('',*,*,#5936,.T.);
#7585=ORIENTED_EDGE('',*,*,#5937,.T.);
#7586=ORIENTED_EDGE('',*,*,#5933,.F.);
#7587=ORIENTED_EDGE('',*,*,#5938,.T.);
#7588=ORIENTED_EDGE('',*,*,#5939,.T.);
#7589=ORIENTED_EDGE('',*,*,#5940,.T.);
#7590=ORIENTED_EDGE('',*,*,#5936,.F.);
#7591=ORIENTED_EDGE('',*,*,#5941,.T.);
#7592=ORIENTED_EDGE('',*,*,#5942,.T.);
#7593=ORIENTED_EDGE('',*,*,#5943,.T.);
#7594=ORIENTED_EDGE('',*,*,#5939,.F.);
#7595=ORIENTED_EDGE('',*,*,#5944,.T.);
#7596=ORIENTED_EDGE('',*,*,#5945,.T.);
#7597=ORIENTED_EDGE('',*,*,#5946,.T.);
#7598=ORIENTED_EDGE('',*,*,#5942,.F.);
#7599=ORIENTED_EDGE('',*,*,#5947,.T.);
#7600=ORIENTED_EDGE('',*,*,#5928,.F.);
#7601=ORIENTED_EDGE('',*,*,#5948,.T.);
#7602=ORIENTED_EDGE('',*,*,#5945,.F.);
#7603=ORIENTED_EDGE('',*,*,#5949,.T.);
#7604=ORIENTED_EDGE('',*,*,#5938,.F.);
#7605=ORIENTED_EDGE('',*,*,#5950,.T.);
#7606=ORIENTED_EDGE('',*,*,#5951,.F.);
#7607=ORIENTED_EDGE('',*,*,#5952,.F.);
#7608=ORIENTED_EDGE('',*,*,#5935,.F.);
#7609=ORIENTED_EDGE('',*,*,#5953,.T.);
#7610=ORIENTED_EDGE('',*,*,#5954,.F.);
#7611=ORIENTED_EDGE('',*,*,#5950,.F.);
#7612=ORIENTED_EDGE('',*,*,#5932,.F.);
#7613=ORIENTED_EDGE('',*,*,#5955,.T.);
#7614=ORIENTED_EDGE('',*,*,#5956,.F.);
#7615=ORIENTED_EDGE('',*,*,#5953,.F.);
#7616=ORIENTED_EDGE('',*,*,#5929,.F.);
#7617=ORIENTED_EDGE('',*,*,#5957,.T.);
#7618=ORIENTED_EDGE('',*,*,#5958,.F.);
#7619=ORIENTED_EDGE('',*,*,#5955,.F.);
#7620=ORIENTED_EDGE('',*,*,#5927,.F.);
#7621=ORIENTED_EDGE('',*,*,#5931,.F.);
#7622=ORIENTED_EDGE('',*,*,#5934,.F.);
#7623=ORIENTED_EDGE('',*,*,#5937,.F.);
#7624=ORIENTED_EDGE('',*,*,#5940,.F.);
#7625=ORIENTED_EDGE('',*,*,#5943,.F.);
#7626=ORIENTED_EDGE('',*,*,#5946,.F.);
#7627=ORIENTED_EDGE('',*,*,#5948,.F.);
#7628=ORIENTED_EDGE('',*,*,#5959,.F.);
#7629=ORIENTED_EDGE('',*,*,#5960,.F.);
#7630=ORIENTED_EDGE('',*,*,#5961,.F.);
#7631=ORIENTED_EDGE('',*,*,#5962,.F.);
#7632=ORIENTED_EDGE('',*,*,#5963,.F.);
#7633=ORIENTED_EDGE('',*,*,#5964,.F.);
#7634=ORIENTED_EDGE('',*,*,#5965,.F.);
#7635=ORIENTED_EDGE('',*,*,#5966,.F.);
#7636=ORIENTED_EDGE('',*,*,#5967,.F.);
#7637=ORIENTED_EDGE('',*,*,#5968,.F.);
#7638=ORIENTED_EDGE('',*,*,#5969,.F.);
#7639=ORIENTED_EDGE('',*,*,#5970,.F.);
#7640=ORIENTED_EDGE('',*,*,#5971,.F.);
#7641=ORIENTED_EDGE('',*,*,#5972,.F.);
#7642=ORIENTED_EDGE('',*,*,#5973,.F.);
#7643=ORIENTED_EDGE('',*,*,#5974,.F.);
#7644=ORIENTED_EDGE('',*,*,#5975,.F.);
#7645=ORIENTED_EDGE('',*,*,#5976,.F.);
#7646=ORIENTED_EDGE('',*,*,#5977,.F.);
#7647=ORIENTED_EDGE('',*,*,#5710,.F.);
#7648=ORIENTED_EDGE('',*,*,#5714,.F.);
#7649=ORIENTED_EDGE('',*,*,#5923,.F.);
#7650=ORIENTED_EDGE('',*,*,#5925,.F.);
#7651=ORIENTED_EDGE('',*,*,#5978,.F.);
#7652=ORIENTED_EDGE('',*,*,#5979,.F.);
#7653=ORIENTED_EDGE('',*,*,#5920,.F.);
#7654=ORIENTED_EDGE('',*,*,#5918,.F.);
#7655=ORIENTED_EDGE('',*,*,#5916,.F.);
#7656=ORIENTED_EDGE('',*,*,#5980,.F.);
#7657=ORIENTED_EDGE('',*,*,#5981,.F.);
#7658=ORIENTED_EDGE('',*,*,#5982,.F.);
#7659=ORIENTED_EDGE('',*,*,#5913,.F.);
#7660=ORIENTED_EDGE('',*,*,#5911,.F.);
#7661=ORIENTED_EDGE('',*,*,#5909,.F.);
#7662=ORIENTED_EDGE('',*,*,#5983,.F.);
#7663=ORIENTED_EDGE('',*,*,#5984,.F.);
#7664=ORIENTED_EDGE('',*,*,#5985,.F.);
#7665=ORIENTED_EDGE('',*,*,#5906,.F.);
#7666=ORIENTED_EDGE('',*,*,#5904,.F.);
#7667=ORIENTED_EDGE('',*,*,#5717,.F.);
#7668=ORIENTED_EDGE('',*,*,#5986,.F.);
#7669=ORIENTED_EDGE('',*,*,#5987,.F.);
#7670=ORIENTED_EDGE('',*,*,#5988,.F.);
#7671=ORIENTED_EDGE('',*,*,#5989,.F.);
#7672=ORIENTED_EDGE('',*,*,#5990,.F.);
#7673=ORIENTED_EDGE('',*,*,#5991,.F.);
#7674=ORIENTED_EDGE('',*,*,#5992,.F.);
#7675=ORIENTED_EDGE('',*,*,#5993,.F.);
#7676=ORIENTED_EDGE('',*,*,#5994,.F.);
#7677=ORIENTED_EDGE('',*,*,#5995,.F.);
#7678=ORIENTED_EDGE('',*,*,#5996,.F.);
#7679=ORIENTED_EDGE('',*,*,#5997,.F.);
#7680=ORIENTED_EDGE('',*,*,#5998,.F.);
#7681=ORIENTED_EDGE('',*,*,#5999,.F.);
#7682=ORIENTED_EDGE('',*,*,#6000,.F.);
#7683=ORIENTED_EDGE('',*,*,#6001,.F.);
#7684=ORIENTED_EDGE('',*,*,#6002,.T.);
#7685=ORIENTED_EDGE('',*,*,#6003,.T.);
#7686=ORIENTED_EDGE('',*,*,#6004,.T.);
#7687=ORIENTED_EDGE('',*,*,#5958,.T.);
#7688=ORIENTED_EDGE('',*,*,#6005,.T.);
#7689=ORIENTED_EDGE('',*,*,#6006,.T.);
#7690=ORIENTED_EDGE('',*,*,#6002,.F.);
#7691=ORIENTED_EDGE('',*,*,#6007,.T.);
#7692=ORIENTED_EDGE('',*,*,#6008,.T.);
#7693=ORIENTED_EDGE('',*,*,#6009,.T.);
#7694=ORIENTED_EDGE('',*,*,#6005,.F.);
#7695=ORIENTED_EDGE('',*,*,#6010,.T.);
#7696=ORIENTED_EDGE('',*,*,#6011,.T.);
#7697=ORIENTED_EDGE('',*,*,#6012,.T.);
#7698=ORIENTED_EDGE('',*,*,#6008,.F.);
#7699=ORIENTED_EDGE('',*,*,#6013,.T.);
#7700=ORIENTED_EDGE('',*,*,#6014,.T.);
#7701=ORIENTED_EDGE('',*,*,#6015,.T.);
#7702=ORIENTED_EDGE('',*,*,#6011,.F.);
#7703=ORIENTED_EDGE('',*,*,#6016,.T.);
#7704=ORIENTED_EDGE('',*,*,#6017,.T.);
#7705=ORIENTED_EDGE('',*,*,#6018,.T.);
#7706=ORIENTED_EDGE('',*,*,#6014,.F.);
#7707=ORIENTED_EDGE('',*,*,#5951,.T.);
#7708=ORIENTED_EDGE('',*,*,#6019,.T.);
#7709=ORIENTED_EDGE('',*,*,#6020,.T.);
#7710=ORIENTED_EDGE('',*,*,#6017,.F.);
#7711=ORIENTED_EDGE('',*,*,#5954,.T.);
#7712=ORIENTED_EDGE('',*,*,#6004,.F.);
#7713=ORIENTED_EDGE('',*,*,#6021,.T.);
#7714=ORIENTED_EDGE('',*,*,#6019,.F.);
#7715=ORIENTED_EDGE('',*,*,#5956,.T.);
#7716=ORIENTED_EDGE('',*,*,#5944,.F.);
#7717=ORIENTED_EDGE('',*,*,#6022,.T.);
#7718=ORIENTED_EDGE('',*,*,#6013,.F.);
#7719=ORIENTED_EDGE('',*,*,#6023,.F.);
#7720=ORIENTED_EDGE('',*,*,#5947,.F.);
#7721=ORIENTED_EDGE('',*,*,#6023,.T.);
#7722=ORIENTED_EDGE('',*,*,#6010,.F.);
#7723=ORIENTED_EDGE('',*,*,#6024,.F.);
#7724=ORIENTED_EDGE('',*,*,#5949,.F.);
#7725=ORIENTED_EDGE('',*,*,#6024,.T.);
#7726=ORIENTED_EDGE('',*,*,#6007,.F.);
#7727=ORIENTED_EDGE('',*,*,#5957,.F.);
#7728=ORIENTED_EDGE('',*,*,#6003,.F.);
#7729=ORIENTED_EDGE('',*,*,#6006,.F.);
#7730=ORIENTED_EDGE('',*,*,#6009,.F.);
#7731=ORIENTED_EDGE('',*,*,#6012,.F.);
#7732=ORIENTED_EDGE('',*,*,#6015,.F.);
#7733=ORIENTED_EDGE('',*,*,#6018,.F.);
#7734=ORIENTED_EDGE('',*,*,#6020,.F.);
#7735=ORIENTED_EDGE('',*,*,#6021,.F.);
#7736=ORIENTED_EDGE('',*,*,#6025,.F.);
#7737=ORIENTED_EDGE('',*,*,#6026,.F.);
#7738=ORIENTED_EDGE('',*,*,#6027,.F.);
#7739=ORIENTED_EDGE('',*,*,#6028,.F.);
#7740=ORIENTED_EDGE('',*,*,#6029,.F.);
#7741=ORIENTED_EDGE('',*,*,#6030,.F.);
#7742=ORIENTED_EDGE('',*,*,#6031,.F.);
#7743=ORIENTED_EDGE('',*,*,#6032,.F.);
#7744=ORIENTED_EDGE('',*,*,#6033,.F.);
#7745=ORIENTED_EDGE('',*,*,#6034,.F.);
#7746=ORIENTED_EDGE('',*,*,#6035,.F.);
#7747=ORIENTED_EDGE('',*,*,#6036,.F.);
#7748=ORIENTED_EDGE('',*,*,#6037,.F.);
#7749=ORIENTED_EDGE('',*,*,#6038,.F.);
#7750=ORIENTED_EDGE('',*,*,#6039,.F.);
#7751=ORIENTED_EDGE('',*,*,#6040,.F.);
#7752=ORIENTED_EDGE('',*,*,#6041,.F.);
#7753=ORIENTED_EDGE('',*,*,#6042,.F.);
#7754=ORIENTED_EDGE('',*,*,#6043,.F.);
#7755=ORIENTED_EDGE('',*,*,#6044,.F.);
#7756=ORIENTED_EDGE('',*,*,#6045,.F.);
#7757=ORIENTED_EDGE('',*,*,#6046,.F.);
#7758=ORIENTED_EDGE('',*,*,#6047,.F.);
#7759=ORIENTED_EDGE('',*,*,#6048,.F.);
#7760=ORIENTED_EDGE('',*,*,#6049,.F.);
#7761=ORIENTED_EDGE('',*,*,#6050,.F.);
#7762=ORIENTED_EDGE('',*,*,#6051,.F.);
#7763=ORIENTED_EDGE('',*,*,#6052,.F.);
#7764=ORIENTED_EDGE('',*,*,#6053,.F.);
#7765=ORIENTED_EDGE('',*,*,#6054,.F.);
#7766=ORIENTED_EDGE('',*,*,#6055,.F.);
#7767=ORIENTED_EDGE('',*,*,#6056,.F.);
#7768=ORIENTED_EDGE('',*,*,#6057,.F.);
#7769=ORIENTED_EDGE('',*,*,#6058,.F.);
#7770=ORIENTED_EDGE('',*,*,#6059,.F.);
#7771=ORIENTED_EDGE('',*,*,#6060,.F.);
#7772=ORIENTED_EDGE('',*,*,#6061,.F.);
#7773=ORIENTED_EDGE('',*,*,#6062,.F.);
#7774=ORIENTED_EDGE('',*,*,#6063,.F.);
#7775=ORIENTED_EDGE('',*,*,#6064,.F.);
#7776=ORIENTED_EDGE('',*,*,#6065,.F.);
#7777=ORIENTED_EDGE('',*,*,#6066,.F.);
#7778=ORIENTED_EDGE('',*,*,#6067,.F.);
#7779=ORIENTED_EDGE('',*,*,#6068,.F.);
#7780=ORIENTED_EDGE('',*,*,#6069,.F.);
#7781=ORIENTED_EDGE('',*,*,#6070,.F.);
#7782=ORIENTED_EDGE('',*,*,#6071,.F.);
#7783=ORIENTED_EDGE('',*,*,#6072,.F.);
#7784=ORIENTED_EDGE('',*,*,#6073,.F.);
#7785=ORIENTED_EDGE('',*,*,#6074,.F.);
#7786=ORIENTED_EDGE('',*,*,#6075,.F.);
#7787=ORIENTED_EDGE('',*,*,#6076,.F.);
#7788=ORIENTED_EDGE('',*,*,#6077,.F.);
#7789=ORIENTED_EDGE('',*,*,#6078,.F.);
#7790=ORIENTED_EDGE('',*,*,#6079,.F.);
#7791=ORIENTED_EDGE('',*,*,#6080,.F.);
#7792=ORIENTED_EDGE('',*,*,#6081,.F.);
#7793=ORIENTED_EDGE('',*,*,#6082,.F.);
#7794=ORIENTED_EDGE('',*,*,#6083,.F.);
#7795=ORIENTED_EDGE('',*,*,#6084,.F.);
#7796=ORIENTED_EDGE('',*,*,#6085,.F.);
#7797=ORIENTED_EDGE('',*,*,#6086,.F.);
#7798=ORIENTED_EDGE('',*,*,#6087,.F.);
#7799=ORIENTED_EDGE('',*,*,#6088,.F.);
#7800=ORIENTED_EDGE('',*,*,#6089,.F.);
#7801=ORIENTED_EDGE('',*,*,#6090,.F.);
#7802=ORIENTED_EDGE('',*,*,#6091,.F.);
#7803=ORIENTED_EDGE('',*,*,#6092,.F.);
#7804=ORIENTED_EDGE('',*,*,#6093,.F.);
#7805=ORIENTED_EDGE('',*,*,#6094,.F.);
#7806=ORIENTED_EDGE('',*,*,#6095,.F.);
#7807=ORIENTED_EDGE('',*,*,#6096,.F.);
#7808=ORIENTED_EDGE('',*,*,#6097,.F.);
#7809=ORIENTED_EDGE('',*,*,#6098,.F.);
#7810=ORIENTED_EDGE('',*,*,#6099,.F.);
#7811=ORIENTED_EDGE('',*,*,#6100,.F.);
#7812=ORIENTED_EDGE('',*,*,#6101,.F.);
#7813=ORIENTED_EDGE('',*,*,#6102,.F.);
#7814=ORIENTED_EDGE('',*,*,#6103,.F.);
#7815=ORIENTED_EDGE('',*,*,#6104,.F.);
#7816=ORIENTED_EDGE('',*,*,#6105,.F.);
#7817=ORIENTED_EDGE('',*,*,#6106,.F.);
#7818=ORIENTED_EDGE('',*,*,#6107,.F.);
#7819=ORIENTED_EDGE('',*,*,#6108,.F.);
#7820=ORIENTED_EDGE('',*,*,#6109,.F.);
#7821=ORIENTED_EDGE('',*,*,#6110,.F.);
#7822=ORIENTED_EDGE('',*,*,#6111,.F.);
#7823=ORIENTED_EDGE('',*,*,#6112,.F.);
#7824=ORIENTED_EDGE('',*,*,#6113,.F.);
#7825=ORIENTED_EDGE('',*,*,#6114,.F.);
#7826=ORIENTED_EDGE('',*,*,#6115,.F.);
#7827=ORIENTED_EDGE('',*,*,#6116,.F.);
#7828=ORIENTED_EDGE('',*,*,#6117,.F.);
#7829=ORIENTED_EDGE('',*,*,#6118,.F.);
#7830=ORIENTED_EDGE('',*,*,#6119,.F.);
#7831=ORIENTED_EDGE('',*,*,#6120,.F.);
#7832=ORIENTED_EDGE('',*,*,#6121,.F.);
#7833=ORIENTED_EDGE('',*,*,#6122,.F.);
#7834=ORIENTED_EDGE('',*,*,#6123,.F.);
#7835=ORIENTED_EDGE('',*,*,#6124,.F.);
#7836=ORIENTED_EDGE('',*,*,#6125,.F.);
#7837=ORIENTED_EDGE('',*,*,#6126,.F.);
#7838=ORIENTED_EDGE('',*,*,#6127,.F.);
#7839=ORIENTED_EDGE('',*,*,#6128,.F.);
#7840=ORIENTED_EDGE('',*,*,#6129,.F.);
#7841=ORIENTED_EDGE('',*,*,#6130,.F.);
#7842=ORIENTED_EDGE('',*,*,#6131,.F.);
#7843=ORIENTED_EDGE('',*,*,#6132,.F.);
#7844=ORIENTED_EDGE('',*,*,#6133,.F.);
#7845=ORIENTED_EDGE('',*,*,#6134,.F.);
#7846=ORIENTED_EDGE('',*,*,#6135,.F.);
#7847=ORIENTED_EDGE('',*,*,#6136,.F.);
#7848=ORIENTED_EDGE('',*,*,#6137,.F.);
#7849=ORIENTED_EDGE('',*,*,#6138,.F.);
#7850=ORIENTED_EDGE('',*,*,#6139,.F.);
#7851=ORIENTED_EDGE('',*,*,#6140,.F.);
#7852=ORIENTED_EDGE('',*,*,#6141,.F.);
#7853=ORIENTED_EDGE('',*,*,#6142,.F.);
#7854=ORIENTED_EDGE('',*,*,#6143,.F.);
#7855=ORIENTED_EDGE('',*,*,#6144,.F.);
#7856=ORIENTED_EDGE('',*,*,#6145,.F.);
#7857=ORIENTED_EDGE('',*,*,#6146,.F.);
#7858=ORIENTED_EDGE('',*,*,#6147,.F.);
#7859=ORIENTED_EDGE('',*,*,#6148,.F.);
#7860=ORIENTED_EDGE('',*,*,#6149,.F.);
#7861=ORIENTED_EDGE('',*,*,#6150,.F.);
#7862=ORIENTED_EDGE('',*,*,#6151,.F.);
#7863=ORIENTED_EDGE('',*,*,#6152,.F.);
#7864=ORIENTED_EDGE('',*,*,#6153,.F.);
#7865=ORIENTED_EDGE('',*,*,#6154,.F.);
#7866=ORIENTED_EDGE('',*,*,#6155,.F.);
#7867=ORIENTED_EDGE('',*,*,#6156,.F.);
#7868=ORIENTED_EDGE('',*,*,#6157,.F.);
#7869=ORIENTED_EDGE('',*,*,#6158,.F.);
#7870=ORIENTED_EDGE('',*,*,#6159,.F.);
#7871=ORIENTED_EDGE('',*,*,#6160,.F.);
#7872=ORIENTED_EDGE('',*,*,#6161,.F.);
#7873=ORIENTED_EDGE('',*,*,#6162,.F.);
#7874=ORIENTED_EDGE('',*,*,#6163,.F.);
#7875=ORIENTED_EDGE('',*,*,#6164,.F.);
#7876=ORIENTED_EDGE('',*,*,#6165,.F.);
#7877=ORIENTED_EDGE('',*,*,#6166,.F.);
#7878=ORIENTED_EDGE('',*,*,#6167,.F.);
#7879=ORIENTED_EDGE('',*,*,#6168,.F.);
#7880=ORIENTED_EDGE('',*,*,#6169,.F.);
#7881=ORIENTED_EDGE('',*,*,#6170,.F.);
#7882=ORIENTED_EDGE('',*,*,#6171,.F.);
#7883=ORIENTED_EDGE('',*,*,#6172,.F.);
#7884=ORIENTED_EDGE('',*,*,#6173,.F.);
#7885=ORIENTED_EDGE('',*,*,#6174,.F.);
#7886=ORIENTED_EDGE('',*,*,#6175,.F.);
#7887=ORIENTED_EDGE('',*,*,#6176,.F.);
#7888=ORIENTED_EDGE('',*,*,#6177,.F.);
#7889=ORIENTED_EDGE('',*,*,#6178,.F.);
#7890=ORIENTED_EDGE('',*,*,#6179,.F.);
#7891=ORIENTED_EDGE('',*,*,#6180,.F.);
#7892=ORIENTED_EDGE('',*,*,#6181,.F.);
#7893=ORIENTED_EDGE('',*,*,#6182,.F.);
#7894=ORIENTED_EDGE('',*,*,#6183,.F.);
#7895=ORIENTED_EDGE('',*,*,#6184,.F.);
#7896=ORIENTED_EDGE('',*,*,#6185,.F.);
#7897=ORIENTED_EDGE('',*,*,#6186,.F.);
#7898=ORIENTED_EDGE('',*,*,#6187,.F.);
#7899=ORIENTED_EDGE('',*,*,#6188,.F.);
#7900=ORIENTED_EDGE('',*,*,#6189,.F.);
#7901=ORIENTED_EDGE('',*,*,#6190,.F.);
#7902=ORIENTED_EDGE('',*,*,#6191,.F.);
#7903=ORIENTED_EDGE('',*,*,#6192,.F.);
#7904=ORIENTED_EDGE('',*,*,#6193,.T.);
#7905=ORIENTED_EDGE('',*,*,#6194,.T.);
#7906=ORIENTED_EDGE('',*,*,#6195,.T.);
#7907=ORIENTED_EDGE('',*,*,#5959,.T.);
#7908=ORIENTED_EDGE('',*,*,#6196,.T.);
#7909=ORIENTED_EDGE('',*,*,#5966,.T.);
#7910=ORIENTED_EDGE('',*,*,#6197,.T.);
#7911=ORIENTED_EDGE('',*,*,#6198,.T.);
#7912=ORIENTED_EDGE('',*,*,#6199,.T.);
#7913=ORIENTED_EDGE('',*,*,#6200,.T.);
#7914=ORIENTED_EDGE('',*,*,#6201,.T.);
#7915=ORIENTED_EDGE('',*,*,#5965,.T.);
#7916=ORIENTED_EDGE('',*,*,#6202,.T.);
#7917=ORIENTED_EDGE('',*,*,#5964,.T.);
#7918=ORIENTED_EDGE('',*,*,#6203,.T.);
#7919=ORIENTED_EDGE('',*,*,#6204,.T.);
#7920=ORIENTED_EDGE('',*,*,#6205,.T.);
#7921=ORIENTED_EDGE('',*,*,#6206,.T.);
#7922=ORIENTED_EDGE('',*,*,#6207,.T.);
#7923=ORIENTED_EDGE('',*,*,#5963,.T.);
#7924=ORIENTED_EDGE('',*,*,#6208,.T.);
#7925=ORIENTED_EDGE('',*,*,#5962,.T.);
#7926=ORIENTED_EDGE('',*,*,#6209,.T.);
#7927=ORIENTED_EDGE('',*,*,#6210,.T.);
#7928=ORIENTED_EDGE('',*,*,#6211,.T.);
#7929=ORIENTED_EDGE('',*,*,#6212,.T.);
#7930=ORIENTED_EDGE('',*,*,#6213,.T.);
#7931=ORIENTED_EDGE('',*,*,#5961,.T.);
#7932=ORIENTED_EDGE('',*,*,#6214,.T.);
#7933=ORIENTED_EDGE('',*,*,#5960,.T.);
#7934=ORIENTED_EDGE('',*,*,#6215,.T.);
#7935=ORIENTED_EDGE('',*,*,#6216,.T.);
#7936=ORIENTED_EDGE('',*,*,#6214,.F.);
#7937=ORIENTED_EDGE('',*,*,#6217,.T.);
#7938=ORIENTED_EDGE('',*,*,#6211,.F.);
#7939=ORIENTED_EDGE('',*,*,#6213,.F.);
#7940=ORIENTED_EDGE('',*,*,#6218,.T.);
#7941=ORIENTED_EDGE('',*,*,#6209,.F.);
#7942=ORIENTED_EDGE('',*,*,#6208,.F.);
#7943=ORIENTED_EDGE('',*,*,#6219,.T.);
#7944=ORIENTED_EDGE('',*,*,#6205,.F.);
#7945=ORIENTED_EDGE('',*,*,#6207,.F.);
#7946=ORIENTED_EDGE('',*,*,#6220,.T.);
#7947=ORIENTED_EDGE('',*,*,#6203,.F.);
#7948=ORIENTED_EDGE('',*,*,#6202,.F.);
#7949=ORIENTED_EDGE('',*,*,#6221,.T.);
#7950=ORIENTED_EDGE('',*,*,#6199,.F.);
#7951=ORIENTED_EDGE('',*,*,#6201,.F.);
#7952=ORIENTED_EDGE('',*,*,#6222,.T.);
#7953=ORIENTED_EDGE('',*,*,#6197,.F.);
#7954=ORIENTED_EDGE('',*,*,#6196,.F.);
#7955=ORIENTED_EDGE('',*,*,#6223,.T.);
#7956=ORIENTED_EDGE('',*,*,#6193,.F.);
#7957=ORIENTED_EDGE('',*,*,#6195,.F.);
#7958=ORIENTED_EDGE('',*,*,#6224,.T.);
#7959=ORIENTED_EDGE('',*,*,#6215,.F.);
#7960=ORIENTED_EDGE('',*,*,#6220,.F.);
#7961=ORIENTED_EDGE('',*,*,#6225,.T.);
#7962=ORIENTED_EDGE('',*,*,#6226,.T.);
#7963=ORIENTED_EDGE('',*,*,#6227,.T.);
#7964=ORIENTED_EDGE('',*,*,#6228,.F.);
#7965=ORIENTED_EDGE('',*,*,#6206,.F.);
#7966=ORIENTED_EDGE('',*,*,#6229,.F.);
#7967=ORIENTED_EDGE('',*,*,#6230,.F.);
#7968=ORIENTED_EDGE('',*,*,#6225,.F.);
#7969=ORIENTED_EDGE('',*,*,#6219,.F.);
#7970=ORIENTED_EDGE('',*,*,#6231,.F.);
#7971=ORIENTED_EDGE('',*,*,#6232,.T.);
#7972=ORIENTED_EDGE('',*,*,#6233,.F.);
#7973=ORIENTED_EDGE('',*,*,#6229,.T.);
#7974=ORIENTED_EDGE('',*,*,#6218,.F.);
#7975=ORIENTED_EDGE('',*,*,#6234,.T.);
#7976=ORIENTED_EDGE('',*,*,#6235,.T.);
#7977=ORIENTED_EDGE('',*,*,#6236,.T.);
#7978=ORIENTED_EDGE('',*,*,#6237,.F.);
#7979=ORIENTED_EDGE('',*,*,#6212,.F.);
#7980=ORIENTED_EDGE('',*,*,#6238,.F.);
#7981=ORIENTED_EDGE('',*,*,#6239,.F.);
#7982=ORIENTED_EDGE('',*,*,#6234,.F.);
#7983=ORIENTED_EDGE('',*,*,#6217,.F.);
#7984=ORIENTED_EDGE('',*,*,#6240,.F.);
#7985=ORIENTED_EDGE('',*,*,#6241,.T.);
#7986=ORIENTED_EDGE('',*,*,#6242,.F.);
#7987=ORIENTED_EDGE('',*,*,#6238,.T.);
#7988=ORIENTED_EDGE('',*,*,#6025,.T.);
#7989=ORIENTED_EDGE('',*,*,#6243,.T.);
#7990=ORIENTED_EDGE('',*,*,#6244,.F.);
#7991=ORIENTED_EDGE('',*,*,#6245,.F.);
#7992=ORIENTED_EDGE('',*,*,#6246,.T.);
#7993=ORIENTED_EDGE('',*,*,#6247,.F.);
#7994=ORIENTED_EDGE('',*,*,#6248,.F.);
#7995=ORIENTED_EDGE('',*,*,#6249,.F.);
#7996=ORIENTED_EDGE('',*,*,#6250,.T.);
#7997=ORIENTED_EDGE('',*,*,#6227,.F.);
#7998=ORIENTED_EDGE('',*,*,#6251,.F.);
#7999=ORIENTED_EDGE('',*,*,#6232,.F.);
#8000=ORIENTED_EDGE('',*,*,#6252,.T.);
#8001=ORIENTED_EDGE('',*,*,#6236,.F.);
#8002=ORIENTED_EDGE('',*,*,#6253,.F.);
#8003=ORIENTED_EDGE('',*,*,#6241,.F.);
#8004=ORIENTED_EDGE('',*,*,#6254,.T.);
#8005=ORIENTED_EDGE('',*,*,#6255,.F.);
#8006=ORIENTED_EDGE('',*,*,#6256,.F.);
#8007=ORIENTED_EDGE('',*,*,#6243,.F.);
#8008=ORIENTED_EDGE('',*,*,#6224,.F.);
#8009=ORIENTED_EDGE('',*,*,#6257,.T.);
#8010=ORIENTED_EDGE('',*,*,#6258,.T.);
#8011=ORIENTED_EDGE('',*,*,#6255,.T.);
#8012=ORIENTED_EDGE('',*,*,#6259,.F.);
#8013=ORIENTED_EDGE('',*,*,#6194,.F.);
#8014=ORIENTED_EDGE('',*,*,#6260,.F.);
#8015=ORIENTED_EDGE('',*,*,#6261,.F.);
#8016=ORIENTED_EDGE('',*,*,#6257,.F.);
#8017=ORIENTED_EDGE('',*,*,#6223,.F.);
#8018=ORIENTED_EDGE('',*,*,#6262,.F.);
#8019=ORIENTED_EDGE('',*,*,#6245,.T.);
#8020=ORIENTED_EDGE('',*,*,#6263,.F.);
#8021=ORIENTED_EDGE('',*,*,#6260,.T.);
#8022=ORIENTED_EDGE('',*,*,#6222,.F.);
#8023=ORIENTED_EDGE('',*,*,#6264,.T.);
#8024=ORIENTED_EDGE('',*,*,#6265,.T.);
#8025=ORIENTED_EDGE('',*,*,#6247,.T.);
#8026=ORIENTED_EDGE('',*,*,#6266,.F.);
#8027=ORIENTED_EDGE('',*,*,#6200,.F.);
#8028=ORIENTED_EDGE('',*,*,#6267,.F.);
#8029=ORIENTED_EDGE('',*,*,#6268,.F.);
#8030=ORIENTED_EDGE('',*,*,#6264,.F.);
#8031=ORIENTED_EDGE('',*,*,#6221,.F.);
#8032=ORIENTED_EDGE('',*,*,#6269,.F.);
#8033=ORIENTED_EDGE('',*,*,#6249,.T.);
#8034=ORIENTED_EDGE('',*,*,#6270,.F.);
#8035=ORIENTED_EDGE('',*,*,#6267,.T.);
#8036=ORIENTED_EDGE('',*,*,#6261,.T.);
#8037=ORIENTED_EDGE('',*,*,#6263,.T.);
#8038=ORIENTED_EDGE('',*,*,#6244,.T.);
#8039=ORIENTED_EDGE('',*,*,#6256,.T.);
#8040=ORIENTED_EDGE('',*,*,#6258,.F.);
#8041=ORIENTED_EDGE('',*,*,#6230,.T.);
#8042=ORIENTED_EDGE('',*,*,#6233,.T.);
#8043=ORIENTED_EDGE('',*,*,#6251,.T.);
#8044=ORIENTED_EDGE('',*,*,#6226,.F.);
#8045=ORIENTED_EDGE('',*,*,#6268,.T.);
#8046=ORIENTED_EDGE('',*,*,#6270,.T.);
#8047=ORIENTED_EDGE('',*,*,#6248,.T.);
#8048=ORIENTED_EDGE('',*,*,#6265,.F.);
#8049=ORIENTED_EDGE('',*,*,#6239,.T.);
#8050=ORIENTED_EDGE('',*,*,#6242,.T.);
#8051=ORIENTED_EDGE('',*,*,#6253,.T.);
#8052=ORIENTED_EDGE('',*,*,#6235,.F.);
#8053=ORIENTED_EDGE('',*,*,#6246,.F.);
#8054=ORIENTED_EDGE('',*,*,#6262,.T.);
#8055=ORIENTED_EDGE('',*,*,#6198,.F.);
#8056=ORIENTED_EDGE('',*,*,#6266,.T.);
#8057=ORIENTED_EDGE('',*,*,#6216,.F.);
#8058=ORIENTED_EDGE('',*,*,#6259,.T.);
#8059=ORIENTED_EDGE('',*,*,#6254,.F.);
#8060=ORIENTED_EDGE('',*,*,#6240,.T.);
#8061=ORIENTED_EDGE('',*,*,#6210,.F.);
#8062=ORIENTED_EDGE('',*,*,#6237,.T.);
#8063=ORIENTED_EDGE('',*,*,#6252,.F.);
#8064=ORIENTED_EDGE('',*,*,#6231,.T.);
#8065=ORIENTED_EDGE('',*,*,#6204,.F.);
#8066=ORIENTED_EDGE('',*,*,#6228,.T.);
#8067=ORIENTED_EDGE('',*,*,#6250,.F.);
#8068=ORIENTED_EDGE('',*,*,#6269,.T.);
#8069=ORIENTED_EDGE('',*,*,#6271,.T.);
#8070=ORIENTED_EDGE('',*,*,#6272,.T.);
#8071=ORIENTED_EDGE('',*,*,#6273,.T.);
#8072=ORIENTED_EDGE('',*,*,#5994,.T.);
#8073=ORIENTED_EDGE('',*,*,#6274,.T.);
#8074=ORIENTED_EDGE('',*,*,#6001,.T.);
#8075=ORIENTED_EDGE('',*,*,#6275,.T.);
#8076=ORIENTED_EDGE('',*,*,#6276,.T.);
#8077=ORIENTED_EDGE('',*,*,#6277,.T.);
#8078=ORIENTED_EDGE('',*,*,#6278,.T.);
#8079=ORIENTED_EDGE('',*,*,#6279,.T.);
#8080=ORIENTED_EDGE('',*,*,#6000,.T.);
#8081=ORIENTED_EDGE('',*,*,#6280,.T.);
#8082=ORIENTED_EDGE('',*,*,#5999,.T.);
#8083=ORIENTED_EDGE('',*,*,#6281,.T.);
#8084=ORIENTED_EDGE('',*,*,#6282,.T.);
#8085=ORIENTED_EDGE('',*,*,#6283,.T.);
#8086=ORIENTED_EDGE('',*,*,#6284,.T.);
#8087=ORIENTED_EDGE('',*,*,#6285,.T.);
#8088=ORIENTED_EDGE('',*,*,#5998,.T.);
#8089=ORIENTED_EDGE('',*,*,#6286,.T.);
#8090=ORIENTED_EDGE('',*,*,#5997,.T.);
#8091=ORIENTED_EDGE('',*,*,#6287,.T.);
#8092=ORIENTED_EDGE('',*,*,#6288,.T.);
#8093=ORIENTED_EDGE('',*,*,#6289,.T.);
#8094=ORIENTED_EDGE('',*,*,#6290,.T.);
#8095=ORIENTED_EDGE('',*,*,#6291,.T.);
#8096=ORIENTED_EDGE('',*,*,#5996,.T.);
#8097=ORIENTED_EDGE('',*,*,#6292,.T.);
#8098=ORIENTED_EDGE('',*,*,#5995,.T.);
#8099=ORIENTED_EDGE('',*,*,#6293,.T.);
#8100=ORIENTED_EDGE('',*,*,#6294,.T.);
#8101=ORIENTED_EDGE('',*,*,#6292,.F.);
#8102=ORIENTED_EDGE('',*,*,#6295,.T.);
#8103=ORIENTED_EDGE('',*,*,#6289,.F.);
#8104=ORIENTED_EDGE('',*,*,#6291,.F.);
#8105=ORIENTED_EDGE('',*,*,#6296,.T.);
#8106=ORIENTED_EDGE('',*,*,#6287,.F.);
#8107=ORIENTED_EDGE('',*,*,#6286,.F.);
#8108=ORIENTED_EDGE('',*,*,#6297,.T.);
#8109=ORIENTED_EDGE('',*,*,#6283,.F.);
#8110=ORIENTED_EDGE('',*,*,#6285,.F.);
#8111=ORIENTED_EDGE('',*,*,#6298,.T.);
#8112=ORIENTED_EDGE('',*,*,#6281,.F.);
#8113=ORIENTED_EDGE('',*,*,#6280,.F.);
#8114=ORIENTED_EDGE('',*,*,#6299,.T.);
#8115=ORIENTED_EDGE('',*,*,#6277,.F.);
#8116=ORIENTED_EDGE('',*,*,#6279,.F.);
#8117=ORIENTED_EDGE('',*,*,#6300,.T.);
#8118=ORIENTED_EDGE('',*,*,#6275,.F.);
#8119=ORIENTED_EDGE('',*,*,#6274,.F.);
#8120=ORIENTED_EDGE('',*,*,#6301,.T.);
#8121=ORIENTED_EDGE('',*,*,#6271,.F.);
#8122=ORIENTED_EDGE('',*,*,#6273,.F.);
#8123=ORIENTED_EDGE('',*,*,#6302,.T.);
#8124=ORIENTED_EDGE('',*,*,#6293,.F.);
#8125=ORIENTED_EDGE('',*,*,#6298,.F.);
#8126=ORIENTED_EDGE('',*,*,#6303,.T.);
#8127=ORIENTED_EDGE('',*,*,#6304,.T.);
#8128=ORIENTED_EDGE('',*,*,#6305,.T.);
#8129=ORIENTED_EDGE('',*,*,#6306,.F.);
#8130=ORIENTED_EDGE('',*,*,#6284,.F.);
#8131=ORIENTED_EDGE('',*,*,#6307,.F.);
#8132=ORIENTED_EDGE('',*,*,#6308,.F.);
#8133=ORIENTED_EDGE('',*,*,#6303,.F.);
#8134=ORIENTED_EDGE('',*,*,#6297,.F.);
#8135=ORIENTED_EDGE('',*,*,#6309,.F.);
#8136=ORIENTED_EDGE('',*,*,#6310,.T.);
#8137=ORIENTED_EDGE('',*,*,#6311,.F.);
#8138=ORIENTED_EDGE('',*,*,#6307,.T.);
#8139=ORIENTED_EDGE('',*,*,#6296,.F.);
#8140=ORIENTED_EDGE('',*,*,#6312,.T.);
#8141=ORIENTED_EDGE('',*,*,#6313,.T.);
#8142=ORIENTED_EDGE('',*,*,#6314,.T.);
#8143=ORIENTED_EDGE('',*,*,#6315,.F.);
#8144=ORIENTED_EDGE('',*,*,#6290,.F.);
#8145=ORIENTED_EDGE('',*,*,#6316,.F.);
#8146=ORIENTED_EDGE('',*,*,#6317,.F.);
#8147=ORIENTED_EDGE('',*,*,#6312,.F.);
#8148=ORIENTED_EDGE('',*,*,#6295,.F.);
#8149=ORIENTED_EDGE('',*,*,#6318,.F.);
#8150=ORIENTED_EDGE('',*,*,#6319,.T.);
#8151=ORIENTED_EDGE('',*,*,#6320,.F.);
#8152=ORIENTED_EDGE('',*,*,#6316,.T.);
#8153=ORIENTED_EDGE('',*,*,#6192,.T.);
#8154=ORIENTED_EDGE('',*,*,#6321,.T.);
#8155=ORIENTED_EDGE('',*,*,#6322,.F.);
#8156=ORIENTED_EDGE('',*,*,#6323,.F.);
#8157=ORIENTED_EDGE('',*,*,#6324,.T.);
#8158=ORIENTED_EDGE('',*,*,#6325,.F.);
#8159=ORIENTED_EDGE('',*,*,#6326,.F.);
#8160=ORIENTED_EDGE('',*,*,#6327,.F.);
#8161=ORIENTED_EDGE('',*,*,#6328,.T.);
#8162=ORIENTED_EDGE('',*,*,#6305,.F.);
#8163=ORIENTED_EDGE('',*,*,#6329,.F.);
#8164=ORIENTED_EDGE('',*,*,#6310,.F.);
#8165=ORIENTED_EDGE('',*,*,#6330,.T.);
#8166=ORIENTED_EDGE('',*,*,#6314,.F.);
#8167=ORIENTED_EDGE('',*,*,#6331,.F.);
#8168=ORIENTED_EDGE('',*,*,#6319,.F.);
#8169=ORIENTED_EDGE('',*,*,#6332,.T.);
#8170=ORIENTED_EDGE('',*,*,#6333,.F.);
#8171=ORIENTED_EDGE('',*,*,#6334,.F.);
#8172=ORIENTED_EDGE('',*,*,#6321,.F.);
#8173=ORIENTED_EDGE('',*,*,#6302,.F.);
#8174=ORIENTED_EDGE('',*,*,#6335,.T.);
#8175=ORIENTED_EDGE('',*,*,#6336,.T.);
#8176=ORIENTED_EDGE('',*,*,#6333,.T.);
#8177=ORIENTED_EDGE('',*,*,#6337,.F.);
#8178=ORIENTED_EDGE('',*,*,#6272,.F.);
#8179=ORIENTED_EDGE('',*,*,#6338,.F.);
#8180=ORIENTED_EDGE('',*,*,#6339,.F.);
#8181=ORIENTED_EDGE('',*,*,#6335,.F.);
#8182=ORIENTED_EDGE('',*,*,#6301,.F.);
#8183=ORIENTED_EDGE('',*,*,#6340,.F.);
#8184=ORIENTED_EDGE('',*,*,#6323,.T.);
#8185=ORIENTED_EDGE('',*,*,#6341,.F.);
#8186=ORIENTED_EDGE('',*,*,#6338,.T.);
#8187=ORIENTED_EDGE('',*,*,#6300,.F.);
#8188=ORIENTED_EDGE('',*,*,#6342,.T.);
#8189=ORIENTED_EDGE('',*,*,#6343,.T.);
#8190=ORIENTED_EDGE('',*,*,#6325,.T.);
#8191=ORIENTED_EDGE('',*,*,#6344,.F.);
#8192=ORIENTED_EDGE('',*,*,#6278,.F.);
#8193=ORIENTED_EDGE('',*,*,#6345,.F.);
#8194=ORIENTED_EDGE('',*,*,#6346,.F.);
#8195=ORIENTED_EDGE('',*,*,#6342,.F.);
#8196=ORIENTED_EDGE('',*,*,#6299,.F.);
#8197=ORIENTED_EDGE('',*,*,#6347,.F.);
#8198=ORIENTED_EDGE('',*,*,#6327,.T.);
#8199=ORIENTED_EDGE('',*,*,#6348,.F.);
#8200=ORIENTED_EDGE('',*,*,#6345,.T.);
#8201=ORIENTED_EDGE('',*,*,#6339,.T.);
#8202=ORIENTED_EDGE('',*,*,#6341,.T.);
#8203=ORIENTED_EDGE('',*,*,#6322,.T.);
#8204=ORIENTED_EDGE('',*,*,#6334,.T.);
#8205=ORIENTED_EDGE('',*,*,#6336,.F.);
#8206=ORIENTED_EDGE('',*,*,#6308,.T.);
#8207=ORIENTED_EDGE('',*,*,#6311,.T.);
#8208=ORIENTED_EDGE('',*,*,#6329,.T.);
#8209=ORIENTED_EDGE('',*,*,#6304,.F.);
#8210=ORIENTED_EDGE('',*,*,#6346,.T.);
#8211=ORIENTED_EDGE('',*,*,#6348,.T.);
#8212=ORIENTED_EDGE('',*,*,#6326,.T.);
#8213=ORIENTED_EDGE('',*,*,#6343,.F.);
#8214=ORIENTED_EDGE('',*,*,#6317,.T.);
#8215=ORIENTED_EDGE('',*,*,#6320,.T.);
#8216=ORIENTED_EDGE('',*,*,#6331,.T.);
#8217=ORIENTED_EDGE('',*,*,#6313,.F.);
#8218=ORIENTED_EDGE('',*,*,#6324,.F.);
#8219=ORIENTED_EDGE('',*,*,#6340,.T.);
#8220=ORIENTED_EDGE('',*,*,#6276,.F.);
#8221=ORIENTED_EDGE('',*,*,#6344,.T.);
#8222=ORIENTED_EDGE('',*,*,#6294,.F.);
#8223=ORIENTED_EDGE('',*,*,#6337,.T.);
#8224=ORIENTED_EDGE('',*,*,#6332,.F.);
#8225=ORIENTED_EDGE('',*,*,#6318,.T.);
#8226=ORIENTED_EDGE('',*,*,#6288,.F.);
#8227=ORIENTED_EDGE('',*,*,#6315,.T.);
#8228=ORIENTED_EDGE('',*,*,#6330,.F.);
#8229=ORIENTED_EDGE('',*,*,#6309,.T.);
#8230=ORIENTED_EDGE('',*,*,#6282,.F.);
#8231=ORIENTED_EDGE('',*,*,#6306,.T.);
#8232=ORIENTED_EDGE('',*,*,#6328,.F.);
#8233=ORIENTED_EDGE('',*,*,#6347,.T.);
#8234=ORIENTED_EDGE('',*,*,#6349,.T.);
#8235=ORIENTED_EDGE('',*,*,#6350,.T.);
#8236=ORIENTED_EDGE('',*,*,#6351,.T.);
#8237=ORIENTED_EDGE('',*,*,#5967,.T.);
#8238=ORIENTED_EDGE('',*,*,#6352,.T.);
#8239=ORIENTED_EDGE('',*,*,#5974,.T.);
#8240=ORIENTED_EDGE('',*,*,#6353,.T.);
#8241=ORIENTED_EDGE('',*,*,#6354,.T.);
#8242=ORIENTED_EDGE('',*,*,#6355,.T.);
#8243=ORIENTED_EDGE('',*,*,#6356,.T.);
#8244=ORIENTED_EDGE('',*,*,#6357,.T.);
#8245=ORIENTED_EDGE('',*,*,#5973,.T.);
#8246=ORIENTED_EDGE('',*,*,#6358,.T.);
#8247=ORIENTED_EDGE('',*,*,#5972,.T.);
#8248=ORIENTED_EDGE('',*,*,#6359,.T.);
#8249=ORIENTED_EDGE('',*,*,#6360,.T.);
#8250=ORIENTED_EDGE('',*,*,#6361,.T.);
#8251=ORIENTED_EDGE('',*,*,#6362,.T.);
#8252=ORIENTED_EDGE('',*,*,#6363,.T.);
#8253=ORIENTED_EDGE('',*,*,#5971,.T.);
#8254=ORIENTED_EDGE('',*,*,#6364,.T.);
#8255=ORIENTED_EDGE('',*,*,#5970,.T.);
#8256=ORIENTED_EDGE('',*,*,#6365,.T.);
#8257=ORIENTED_EDGE('',*,*,#6366,.T.);
#8258=ORIENTED_EDGE('',*,*,#6367,.T.);
#8259=ORIENTED_EDGE('',*,*,#6368,.T.);
#8260=ORIENTED_EDGE('',*,*,#6369,.T.);
#8261=ORIENTED_EDGE('',*,*,#5969,.T.);
#8262=ORIENTED_EDGE('',*,*,#6370,.T.);
#8263=ORIENTED_EDGE('',*,*,#5968,.T.);
#8264=ORIENTED_EDGE('',*,*,#6371,.T.);
#8265=ORIENTED_EDGE('',*,*,#6372,.T.);
#8266=ORIENTED_EDGE('',*,*,#6370,.F.);
#8267=ORIENTED_EDGE('',*,*,#6373,.T.);
#8268=ORIENTED_EDGE('',*,*,#6367,.F.);
#8269=ORIENTED_EDGE('',*,*,#6369,.F.);
#8270=ORIENTED_EDGE('',*,*,#6374,.T.);
#8271=ORIENTED_EDGE('',*,*,#6365,.F.);
#8272=ORIENTED_EDGE('',*,*,#6364,.F.);
#8273=ORIENTED_EDGE('',*,*,#6375,.T.);
#8274=ORIENTED_EDGE('',*,*,#6361,.F.);
#8275=ORIENTED_EDGE('',*,*,#6363,.F.);
#8276=ORIENTED_EDGE('',*,*,#6376,.T.);
#8277=ORIENTED_EDGE('',*,*,#6359,.F.);
#8278=ORIENTED_EDGE('',*,*,#6358,.F.);
#8279=ORIENTED_EDGE('',*,*,#6377,.T.);
#8280=ORIENTED_EDGE('',*,*,#6355,.F.);
#8281=ORIENTED_EDGE('',*,*,#6357,.F.);
#8282=ORIENTED_EDGE('',*,*,#6378,.T.);
#8283=ORIENTED_EDGE('',*,*,#6353,.F.);
#8284=ORIENTED_EDGE('',*,*,#6352,.F.);
#8285=ORIENTED_EDGE('',*,*,#6379,.T.);
#8286=ORIENTED_EDGE('',*,*,#6349,.F.);
#8287=ORIENTED_EDGE('',*,*,#6351,.F.);
#8288=ORIENTED_EDGE('',*,*,#6380,.T.);
#8289=ORIENTED_EDGE('',*,*,#6371,.F.);
#8290=ORIENTED_EDGE('',*,*,#6376,.F.);
#8291=ORIENTED_EDGE('',*,*,#6381,.T.);
#8292=ORIENTED_EDGE('',*,*,#6382,.T.);
#8293=ORIENTED_EDGE('',*,*,#6383,.T.);
#8294=ORIENTED_EDGE('',*,*,#6384,.F.);
#8295=ORIENTED_EDGE('',*,*,#6362,.F.);
#8296=ORIENTED_EDGE('',*,*,#6385,.F.);
#8297=ORIENTED_EDGE('',*,*,#6386,.F.);
#8298=ORIENTED_EDGE('',*,*,#6381,.F.);
#8299=ORIENTED_EDGE('',*,*,#6375,.F.);
#8300=ORIENTED_EDGE('',*,*,#6387,.F.);
#8301=ORIENTED_EDGE('',*,*,#6388,.T.);
#8302=ORIENTED_EDGE('',*,*,#6389,.F.);
#8303=ORIENTED_EDGE('',*,*,#6385,.T.);
#8304=ORIENTED_EDGE('',*,*,#6374,.F.);
#8305=ORIENTED_EDGE('',*,*,#6390,.T.);
#8306=ORIENTED_EDGE('',*,*,#6391,.T.);
#8307=ORIENTED_EDGE('',*,*,#6392,.T.);
#8308=ORIENTED_EDGE('',*,*,#6393,.F.);
#8309=ORIENTED_EDGE('',*,*,#6368,.F.);
#8310=ORIENTED_EDGE('',*,*,#6394,.F.);
#8311=ORIENTED_EDGE('',*,*,#6395,.F.);
#8312=ORIENTED_EDGE('',*,*,#6390,.F.);
#8313=ORIENTED_EDGE('',*,*,#6373,.F.);
#8314=ORIENTED_EDGE('',*,*,#6396,.F.);
#8315=ORIENTED_EDGE('',*,*,#6397,.T.);
#8316=ORIENTED_EDGE('',*,*,#6398,.F.);
#8317=ORIENTED_EDGE('',*,*,#6394,.T.);
#8318=ORIENTED_EDGE('',*,*,#6026,.T.);
#8319=ORIENTED_EDGE('',*,*,#6399,.T.);
#8320=ORIENTED_EDGE('',*,*,#6400,.F.);
#8321=ORIENTED_EDGE('',*,*,#6401,.F.);
#8322=ORIENTED_EDGE('',*,*,#6402,.T.);
#8323=ORIENTED_EDGE('',*,*,#6403,.F.);
#8324=ORIENTED_EDGE('',*,*,#6404,.F.);
#8325=ORIENTED_EDGE('',*,*,#6405,.F.);
#8326=ORIENTED_EDGE('',*,*,#6406,.T.);
#8327=ORIENTED_EDGE('',*,*,#6383,.F.);
#8328=ORIENTED_EDGE('',*,*,#6407,.F.);
#8329=ORIENTED_EDGE('',*,*,#6388,.F.);
#8330=ORIENTED_EDGE('',*,*,#6408,.T.);
#8331=ORIENTED_EDGE('',*,*,#6392,.F.);
#8332=ORIENTED_EDGE('',*,*,#6409,.F.);
#8333=ORIENTED_EDGE('',*,*,#6397,.F.);
#8334=ORIENTED_EDGE('',*,*,#6410,.T.);
#8335=ORIENTED_EDGE('',*,*,#6411,.F.);
#8336=ORIENTED_EDGE('',*,*,#6412,.F.);
#8337=ORIENTED_EDGE('',*,*,#6399,.F.);
#8338=ORIENTED_EDGE('',*,*,#6380,.F.);
#8339=ORIENTED_EDGE('',*,*,#6413,.T.);
#8340=ORIENTED_EDGE('',*,*,#6414,.T.);
#8341=ORIENTED_EDGE('',*,*,#6411,.T.);
#8342=ORIENTED_EDGE('',*,*,#6415,.F.);
#8343=ORIENTED_EDGE('',*,*,#6350,.F.);
#8344=ORIENTED_EDGE('',*,*,#6416,.F.);
#8345=ORIENTED_EDGE('',*,*,#6417,.F.);
#8346=ORIENTED_EDGE('',*,*,#6413,.F.);
#8347=ORIENTED_EDGE('',*,*,#6379,.F.);
#8348=ORIENTED_EDGE('',*,*,#6418,.F.);
#8349=ORIENTED_EDGE('',*,*,#6401,.T.);
#8350=ORIENTED_EDGE('',*,*,#6419,.F.);
#8351=ORIENTED_EDGE('',*,*,#6416,.T.);
#8352=ORIENTED_EDGE('',*,*,#6378,.F.);
#8353=ORIENTED_EDGE('',*,*,#6420,.T.);
#8354=ORIENTED_EDGE('',*,*,#6421,.T.);
#8355=ORIENTED_EDGE('',*,*,#6403,.T.);
#8356=ORIENTED_EDGE('',*,*,#6422,.F.);
#8357=ORIENTED_EDGE('',*,*,#6356,.F.);
#8358=ORIENTED_EDGE('',*,*,#6423,.F.);
#8359=ORIENTED_EDGE('',*,*,#6424,.F.);
#8360=ORIENTED_EDGE('',*,*,#6420,.F.);
#8361=ORIENTED_EDGE('',*,*,#6377,.F.);
#8362=ORIENTED_EDGE('',*,*,#6425,.F.);
#8363=ORIENTED_EDGE('',*,*,#6405,.T.);
#8364=ORIENTED_EDGE('',*,*,#6426,.F.);
#8365=ORIENTED_EDGE('',*,*,#6423,.T.);
#8366=ORIENTED_EDGE('',*,*,#6417,.T.);
#8367=ORIENTED_EDGE('',*,*,#6419,.T.);
#8368=ORIENTED_EDGE('',*,*,#6400,.T.);
#8369=ORIENTED_EDGE('',*,*,#6412,.T.);
#8370=ORIENTED_EDGE('',*,*,#6414,.F.);
#8371=ORIENTED_EDGE('',*,*,#6386,.T.);
#8372=ORIENTED_EDGE('',*,*,#6389,.T.);
#8373=ORIENTED_EDGE('',*,*,#6407,.T.);
#8374=ORIENTED_EDGE('',*,*,#6382,.F.);
#8375=ORIENTED_EDGE('',*,*,#6424,.T.);
#8376=ORIENTED_EDGE('',*,*,#6426,.T.);
#8377=ORIENTED_EDGE('',*,*,#6404,.T.);
#8378=ORIENTED_EDGE('',*,*,#6421,.F.);
#8379=ORIENTED_EDGE('',*,*,#6395,.T.);
#8380=ORIENTED_EDGE('',*,*,#6398,.T.);
#8381=ORIENTED_EDGE('',*,*,#6409,.T.);
#8382=ORIENTED_EDGE('',*,*,#6391,.F.);
#8383=ORIENTED_EDGE('',*,*,#6402,.F.);
#8384=ORIENTED_EDGE('',*,*,#6418,.T.);
#8385=ORIENTED_EDGE('',*,*,#6354,.F.);
#8386=ORIENTED_EDGE('',*,*,#6422,.T.);
#8387=ORIENTED_EDGE('',*,*,#6372,.F.);
#8388=ORIENTED_EDGE('',*,*,#6415,.T.);
#8389=ORIENTED_EDGE('',*,*,#6410,.F.);
#8390=ORIENTED_EDGE('',*,*,#6396,.T.);
#8391=ORIENTED_EDGE('',*,*,#6366,.F.);
#8392=ORIENTED_EDGE('',*,*,#6393,.T.);
#8393=ORIENTED_EDGE('',*,*,#6408,.F.);
#8394=ORIENTED_EDGE('',*,*,#6387,.T.);
#8395=ORIENTED_EDGE('',*,*,#6360,.F.);
#8396=ORIENTED_EDGE('',*,*,#6384,.T.);
#8397=ORIENTED_EDGE('',*,*,#6406,.F.);
#8398=ORIENTED_EDGE('',*,*,#6425,.T.);
#8399=ORIENTED_EDGE('',*,*,#6427,.T.);
#8400=ORIENTED_EDGE('',*,*,#6428,.T.);
#8401=ORIENTED_EDGE('',*,*,#6429,.T.);
#8402=ORIENTED_EDGE('',*,*,#5986,.T.);
#8403=ORIENTED_EDGE('',*,*,#6430,.T.);
#8404=ORIENTED_EDGE('',*,*,#5993,.T.);
#8405=ORIENTED_EDGE('',*,*,#6431,.T.);
#8406=ORIENTED_EDGE('',*,*,#6432,.T.);
#8407=ORIENTED_EDGE('',*,*,#6433,.T.);
#8408=ORIENTED_EDGE('',*,*,#6434,.T.);
#8409=ORIENTED_EDGE('',*,*,#6435,.T.);
#8410=ORIENTED_EDGE('',*,*,#5992,.T.);
#8411=ORIENTED_EDGE('',*,*,#6436,.T.);
#8412=ORIENTED_EDGE('',*,*,#5991,.T.);
#8413=ORIENTED_EDGE('',*,*,#6437,.T.);
#8414=ORIENTED_EDGE('',*,*,#6438,.T.);
#8415=ORIENTED_EDGE('',*,*,#6439,.T.);
#8416=ORIENTED_EDGE('',*,*,#6440,.T.);
#8417=ORIENTED_EDGE('',*,*,#6441,.T.);
#8418=ORIENTED_EDGE('',*,*,#5990,.T.);
#8419=ORIENTED_EDGE('',*,*,#6442,.T.);
#8420=ORIENTED_EDGE('',*,*,#5989,.T.);
#8421=ORIENTED_EDGE('',*,*,#6443,.T.);
#8422=ORIENTED_EDGE('',*,*,#6444,.T.);
#8423=ORIENTED_EDGE('',*,*,#6445,.T.);
#8424=ORIENTED_EDGE('',*,*,#6446,.T.);
#8425=ORIENTED_EDGE('',*,*,#6447,.T.);
#8426=ORIENTED_EDGE('',*,*,#5988,.T.);
#8427=ORIENTED_EDGE('',*,*,#6448,.T.);
#8428=ORIENTED_EDGE('',*,*,#5987,.T.);
#8429=ORIENTED_EDGE('',*,*,#6449,.T.);
#8430=ORIENTED_EDGE('',*,*,#6450,.T.);
#8431=ORIENTED_EDGE('',*,*,#6448,.F.);
#8432=ORIENTED_EDGE('',*,*,#6451,.T.);
#8433=ORIENTED_EDGE('',*,*,#6445,.F.);
#8434=ORIENTED_EDGE('',*,*,#6447,.F.);
#8435=ORIENTED_EDGE('',*,*,#6452,.T.);
#8436=ORIENTED_EDGE('',*,*,#6443,.F.);
#8437=ORIENTED_EDGE('',*,*,#6442,.F.);
#8438=ORIENTED_EDGE('',*,*,#6453,.T.);
#8439=ORIENTED_EDGE('',*,*,#6439,.F.);
#8440=ORIENTED_EDGE('',*,*,#6441,.F.);
#8441=ORIENTED_EDGE('',*,*,#6454,.T.);
#8442=ORIENTED_EDGE('',*,*,#6437,.F.);
#8443=ORIENTED_EDGE('',*,*,#6436,.F.);
#8444=ORIENTED_EDGE('',*,*,#6455,.T.);
#8445=ORIENTED_EDGE('',*,*,#6433,.F.);
#8446=ORIENTED_EDGE('',*,*,#6435,.F.);
#8447=ORIENTED_EDGE('',*,*,#6456,.T.);
#8448=ORIENTED_EDGE('',*,*,#6431,.F.);
#8449=ORIENTED_EDGE('',*,*,#6430,.F.);
#8450=ORIENTED_EDGE('',*,*,#6457,.T.);
#8451=ORIENTED_EDGE('',*,*,#6427,.F.);
#8452=ORIENTED_EDGE('',*,*,#6429,.F.);
#8453=ORIENTED_EDGE('',*,*,#6458,.T.);
#8454=ORIENTED_EDGE('',*,*,#6449,.F.);
#8455=ORIENTED_EDGE('',*,*,#6454,.F.);
#8456=ORIENTED_EDGE('',*,*,#6459,.T.);
#8457=ORIENTED_EDGE('',*,*,#6460,.T.);
#8458=ORIENTED_EDGE('',*,*,#6461,.T.);
#8459=ORIENTED_EDGE('',*,*,#6462,.T.);
#8460=ORIENTED_EDGE('',*,*,#6440,.F.);
#8461=ORIENTED_EDGE('',*,*,#6463,.F.);
#8462=ORIENTED_EDGE('',*,*,#6464,.F.);
#8463=ORIENTED_EDGE('',*,*,#6459,.F.);
#8464=ORIENTED_EDGE('',*,*,#6453,.F.);
#8465=ORIENTED_EDGE('',*,*,#6465,.T.);
#8466=ORIENTED_EDGE('',*,*,#6466,.T.);
#8467=ORIENTED_EDGE('',*,*,#6467,.F.);
#8468=ORIENTED_EDGE('',*,*,#6463,.T.);
#8469=ORIENTED_EDGE('',*,*,#6444,.F.);
#8470=ORIENTED_EDGE('',*,*,#6468,.F.);
#8471=ORIENTED_EDGE('',*,*,#6469,.F.);
#8472=ORIENTED_EDGE('',*,*,#6465,.F.);
#8473=ORIENTED_EDGE('',*,*,#6452,.F.);
#8474=ORIENTED_EDGE('',*,*,#6470,.T.);
#8475=ORIENTED_EDGE('',*,*,#6471,.T.);
#8476=ORIENTED_EDGE('',*,*,#6472,.T.);
#8477=ORIENTED_EDGE('',*,*,#6468,.T.);
#8478=ORIENTED_EDGE('',*,*,#6446,.F.);
#8479=ORIENTED_EDGE('',*,*,#6473,.F.);
#8480=ORIENTED_EDGE('',*,*,#6474,.F.);
#8481=ORIENTED_EDGE('',*,*,#6470,.F.);
#8482=ORIENTED_EDGE('',*,*,#6451,.F.);
#8483=ORIENTED_EDGE('',*,*,#6475,.T.);
#8484=ORIENTED_EDGE('',*,*,#6476,.T.);
#8485=ORIENTED_EDGE('',*,*,#6477,.F.);
#8486=ORIENTED_EDGE('',*,*,#6473,.T.);
#8487=ORIENTED_EDGE('',*,*,#6450,.F.);
#8488=ORIENTED_EDGE('',*,*,#6478,.F.);
#8489=ORIENTED_EDGE('',*,*,#6479,.F.);
#8490=ORIENTED_EDGE('',*,*,#6475,.F.);
#8491=ORIENTED_EDGE('',*,*,#6191,.T.);
#8492=ORIENTED_EDGE('',*,*,#6480,.T.);
#8493=ORIENTED_EDGE('',*,*,#6481,.F.);
#8494=ORIENTED_EDGE('',*,*,#6482,.F.);
#8495=ORIENTED_EDGE('',*,*,#6483,.T.);
#8496=ORIENTED_EDGE('',*,*,#6484,.F.);
#8497=ORIENTED_EDGE('',*,*,#6485,.F.);
#8498=ORIENTED_EDGE('',*,*,#6486,.F.);
#8499=ORIENTED_EDGE('',*,*,#6487,.T.);
#8500=ORIENTED_EDGE('',*,*,#6461,.F.);
#8501=ORIENTED_EDGE('',*,*,#6488,.F.);
#8502=ORIENTED_EDGE('',*,*,#6466,.F.);
#8503=ORIENTED_EDGE('',*,*,#6469,.T.);
#8504=ORIENTED_EDGE('',*,*,#6472,.F.);
#8505=ORIENTED_EDGE('',*,*,#6489,.F.);
#8506=ORIENTED_EDGE('',*,*,#6476,.F.);
#8507=ORIENTED_EDGE('',*,*,#6479,.T.);
#8508=ORIENTED_EDGE('',*,*,#6490,.F.);
#8509=ORIENTED_EDGE('',*,*,#6491,.F.);
#8510=ORIENTED_EDGE('',*,*,#6480,.F.);
#8511=ORIENTED_EDGE('',*,*,#6458,.F.);
#8512=ORIENTED_EDGE('',*,*,#6492,.T.);
#8513=ORIENTED_EDGE('',*,*,#6493,.T.);
#8514=ORIENTED_EDGE('',*,*,#6490,.T.);
#8515=ORIENTED_EDGE('',*,*,#6478,.T.);
#8516=ORIENTED_EDGE('',*,*,#6428,.F.);
#8517=ORIENTED_EDGE('',*,*,#6494,.F.);
#8518=ORIENTED_EDGE('',*,*,#6495,.F.);
#8519=ORIENTED_EDGE('',*,*,#6492,.F.);
#8520=ORIENTED_EDGE('',*,*,#6457,.F.);
#8521=ORIENTED_EDGE('',*,*,#6496,.T.);
#8522=ORIENTED_EDGE('',*,*,#6482,.T.);
#8523=ORIENTED_EDGE('',*,*,#6497,.F.);
#8524=ORIENTED_EDGE('',*,*,#6494,.T.);
#8525=ORIENTED_EDGE('',*,*,#6432,.F.);
#8526=ORIENTED_EDGE('',*,*,#6498,.F.);
#8527=ORIENTED_EDGE('',*,*,#6483,.F.);
#8528=ORIENTED_EDGE('',*,*,#6496,.F.);
#8529=ORIENTED_EDGE('',*,*,#6456,.F.);
#8530=ORIENTED_EDGE('',*,*,#6499,.T.);
#8531=ORIENTED_EDGE('',*,*,#6500,.T.);
#8532=ORIENTED_EDGE('',*,*,#6484,.T.);
#8533=ORIENTED_EDGE('',*,*,#6498,.T.);
#8534=ORIENTED_EDGE('',*,*,#6434,.F.);
#8535=ORIENTED_EDGE('',*,*,#6501,.F.);
#8536=ORIENTED_EDGE('',*,*,#6502,.F.);
#8537=ORIENTED_EDGE('',*,*,#6499,.F.);
#8538=ORIENTED_EDGE('',*,*,#6455,.F.);
#8539=ORIENTED_EDGE('',*,*,#6503,.T.);
#8540=ORIENTED_EDGE('',*,*,#6486,.T.);
#8541=ORIENTED_EDGE('',*,*,#6504,.F.);
#8542=ORIENTED_EDGE('',*,*,#6501,.T.);
#8543=ORIENTED_EDGE('',*,*,#6438,.F.);
#8544=ORIENTED_EDGE('',*,*,#6462,.F.);
#8545=ORIENTED_EDGE('',*,*,#6487,.F.);
#8546=ORIENTED_EDGE('',*,*,#6503,.F.);
#8547=ORIENTED_EDGE('',*,*,#6495,.T.);
#8548=ORIENTED_EDGE('',*,*,#6497,.T.);
#8549=ORIENTED_EDGE('',*,*,#6481,.T.);
#8550=ORIENTED_EDGE('',*,*,#6491,.T.);
#8551=ORIENTED_EDGE('',*,*,#6493,.F.);
#8552=ORIENTED_EDGE('',*,*,#6464,.T.);
#8553=ORIENTED_EDGE('',*,*,#6467,.T.);
#8554=ORIENTED_EDGE('',*,*,#6488,.T.);
#8555=ORIENTED_EDGE('',*,*,#6460,.F.);
#8556=ORIENTED_EDGE('',*,*,#6502,.T.);
#8557=ORIENTED_EDGE('',*,*,#6504,.T.);
#8558=ORIENTED_EDGE('',*,*,#6485,.T.);
#8559=ORIENTED_EDGE('',*,*,#6500,.F.);
#8560=ORIENTED_EDGE('',*,*,#6474,.T.);
#8561=ORIENTED_EDGE('',*,*,#6477,.T.);
#8562=ORIENTED_EDGE('',*,*,#6489,.T.);
#8563=ORIENTED_EDGE('',*,*,#6471,.F.);
#8564=ORIENTED_EDGE('',*,*,#5907,.F.);
#8565=ORIENTED_EDGE('',*,*,#5985,.T.);
#8566=ORIENTED_EDGE('',*,*,#6505,.F.);
#8567=ORIENTED_EDGE('',*,*,#5724,.F.);
#8568=ORIENTED_EDGE('',*,*,#5984,.T.);
#8569=ORIENTED_EDGE('',*,*,#6506,.F.);
#8570=ORIENTED_EDGE('',*,*,#5725,.F.);
#8571=ORIENTED_EDGE('',*,*,#6505,.T.);
#8572=ORIENTED_EDGE('',*,*,#5908,.F.);
#8573=ORIENTED_EDGE('',*,*,#5726,.F.);
#8574=ORIENTED_EDGE('',*,*,#6506,.T.);
#8575=ORIENTED_EDGE('',*,*,#5983,.T.);
#8576=ORIENTED_EDGE('',*,*,#5921,.F.);
#8577=ORIENTED_EDGE('',*,*,#5979,.T.);
#8578=ORIENTED_EDGE('',*,*,#6507,.F.);
#8579=ORIENTED_EDGE('',*,*,#5736,.F.);
#8580=ORIENTED_EDGE('',*,*,#5978,.T.);
#8581=ORIENTED_EDGE('',*,*,#5924,.F.);
#8582=ORIENTED_EDGE('',*,*,#5737,.F.);
#8583=ORIENTED_EDGE('',*,*,#6507,.T.);
#8584=ORIENTED_EDGE('',*,*,#5716,.F.);
#8585=ORIENTED_EDGE('',*,*,#5721,.F.);
#8586=ORIENTED_EDGE('',*,*,#6508,.T.);
#8587=ORIENTED_EDGE('',*,*,#5975,.T.);
#8588=ORIENTED_EDGE('',*,*,#5711,.F.);
#8589=ORIENTED_EDGE('',*,*,#5977,.T.);
#8590=ORIENTED_EDGE('',*,*,#6509,.F.);
#8591=ORIENTED_EDGE('',*,*,#5719,.F.);
#8592=ORIENTED_EDGE('',*,*,#5976,.T.);
#8593=ORIENTED_EDGE('',*,*,#6508,.F.);
#8594=ORIENTED_EDGE('',*,*,#5720,.F.);
#8595=ORIENTED_EDGE('',*,*,#6509,.T.);
#8596=ORIENTED_EDGE('',*,*,#5941,.F.);
#8597=ORIENTED_EDGE('',*,*,#5952,.T.);
#8598=ORIENTED_EDGE('',*,*,#6016,.F.);
#8599=ORIENTED_EDGE('',*,*,#6022,.F.);
#8600=ORIENTED_EDGE('',*,*,#5914,.F.);
#8601=ORIENTED_EDGE('',*,*,#5982,.T.);
#8602=ORIENTED_EDGE('',*,*,#6510,.F.);
#8603=ORIENTED_EDGE('',*,*,#5730,.F.);
#8604=ORIENTED_EDGE('',*,*,#5915,.F.);
#8605=ORIENTED_EDGE('',*,*,#5732,.F.);
#8606=ORIENTED_EDGE('',*,*,#6511,.T.);
#8607=ORIENTED_EDGE('',*,*,#5980,.T.);
#8608=ORIENTED_EDGE('',*,*,#5981,.T.);
#8609=ORIENTED_EDGE('',*,*,#6511,.F.);
#8610=ORIENTED_EDGE('',*,*,#5731,.F.);
#8611=ORIENTED_EDGE('',*,*,#6510,.T.);
#8612=ORIENTED_EDGE('',*,*,#6512,.T.);
#8613=ORIENTED_EDGE('',*,*,#6027,.T.);
#8614=ORIENTED_EDGE('',*,*,#6513,.T.);
#8615=ORIENTED_EDGE('',*,*,#6514,.T.);
#8616=ORIENTED_EDGE('',*,*,#6515,.T.);
#8617=ORIENTED_EDGE('',*,*,#6028,.T.);
#8618=ORIENTED_EDGE('',*,*,#6512,.F.);
#8619=ORIENTED_EDGE('',*,*,#6516,.T.);
#8620=ORIENTED_EDGE('',*,*,#6517,.T.);
#8621=ORIENTED_EDGE('',*,*,#6029,.T.);
#8622=ORIENTED_EDGE('',*,*,#6515,.F.);
#8623=ORIENTED_EDGE('',*,*,#6518,.T.);
#8624=ORIENTED_EDGE('',*,*,#6513,.F.);
#8625=ORIENTED_EDGE('',*,*,#6030,.T.);
#8626=ORIENTED_EDGE('',*,*,#6517,.F.);
#8627=ORIENTED_EDGE('',*,*,#6519,.T.);
#8628=ORIENTED_EDGE('',*,*,#6516,.F.);
#8629=ORIENTED_EDGE('',*,*,#6520,.F.);
#8630=ORIENTED_EDGE('',*,*,#6521,.F.);
#8631=ORIENTED_EDGE('',*,*,#6522,.T.);
#8632=ORIENTED_EDGE('',*,*,#6514,.F.);
#8633=ORIENTED_EDGE('',*,*,#6523,.F.);
#8634=ORIENTED_EDGE('',*,*,#6524,.F.);
#8635=ORIENTED_EDGE('',*,*,#6520,.T.);
#8636=ORIENTED_EDGE('',*,*,#6525,.T.);
#8637=ORIENTED_EDGE('',*,*,#5900,.T.);
#8638=ORIENTED_EDGE('',*,*,#6526,.T.);
#8639=ORIENTED_EDGE('',*,*,#6527,.T.);
#8640=ORIENTED_EDGE('',*,*,#6528,.T.);
#8641=ORIENTED_EDGE('',*,*,#5901,.T.);
#8642=ORIENTED_EDGE('',*,*,#6525,.F.);
#8643=ORIENTED_EDGE('',*,*,#6521,.T.);
#8644=ORIENTED_EDGE('',*,*,#6529,.T.);
#8645=ORIENTED_EDGE('',*,*,#5902,.T.);
#8646=ORIENTED_EDGE('',*,*,#6528,.F.);
#8647=ORIENTED_EDGE('',*,*,#6524,.T.);
#8648=ORIENTED_EDGE('',*,*,#6526,.F.);
#8649=ORIENTED_EDGE('',*,*,#5903,.T.);
#8650=ORIENTED_EDGE('',*,*,#6529,.F.);
#8651=ORIENTED_EDGE('',*,*,#6530,.T.);
#8652=ORIENTED_EDGE('',*,*,#6518,.F.);
#8653=ORIENTED_EDGE('',*,*,#6522,.F.);
#8654=ORIENTED_EDGE('',*,*,#6527,.F.);
#8655=ORIENTED_EDGE('',*,*,#6531,.T.);
#8656=ORIENTED_EDGE('',*,*,#6519,.F.);
#8657=ORIENTED_EDGE('',*,*,#6531,.F.);
#8658=ORIENTED_EDGE('',*,*,#6530,.F.);
#8659=ORIENTED_EDGE('',*,*,#6523,.T.);
#8660=ORIENTED_EDGE('',*,*,#6532,.T.);
#8661=ORIENTED_EDGE('',*,*,#5800,.T.);
#8662=ORIENTED_EDGE('',*,*,#6533,.T.);
#8663=ORIENTED_EDGE('',*,*,#6534,.T.);
#8664=ORIENTED_EDGE('',*,*,#6535,.T.);
#8665=ORIENTED_EDGE('',*,*,#5801,.T.);
#8666=ORIENTED_EDGE('',*,*,#6532,.F.);
#8667=ORIENTED_EDGE('',*,*,#6536,.T.);
#8668=ORIENTED_EDGE('',*,*,#6537,.T.);
#8669=ORIENTED_EDGE('',*,*,#5802,.T.);
#8670=ORIENTED_EDGE('',*,*,#6535,.F.);
#8671=ORIENTED_EDGE('',*,*,#6538,.T.);
#8672=ORIENTED_EDGE('',*,*,#6533,.F.);
#8673=ORIENTED_EDGE('',*,*,#5803,.T.);
#8674=ORIENTED_EDGE('',*,*,#6537,.F.);
#8675=ORIENTED_EDGE('',*,*,#6539,.T.);
#8676=ORIENTED_EDGE('',*,*,#6536,.F.);
#8677=ORIENTED_EDGE('',*,*,#6540,.T.);
#8678=ORIENTED_EDGE('',*,*,#6541,.F.);
#8679=ORIENTED_EDGE('',*,*,#6542,.F.);
#8680=ORIENTED_EDGE('',*,*,#6534,.F.);
#8681=ORIENTED_EDGE('',*,*,#6543,.T.);
#8682=ORIENTED_EDGE('',*,*,#6544,.F.);
#8683=ORIENTED_EDGE('',*,*,#6540,.F.);
#8684=ORIENTED_EDGE('',*,*,#6545,.T.);
#8685=ORIENTED_EDGE('',*,*,#6127,.T.);
#8686=ORIENTED_EDGE('',*,*,#6546,.T.);
#8687=ORIENTED_EDGE('',*,*,#6541,.T.);
#8688=ORIENTED_EDGE('',*,*,#6547,.T.);
#8689=ORIENTED_EDGE('',*,*,#6128,.T.);
#8690=ORIENTED_EDGE('',*,*,#6545,.F.);
#8691=ORIENTED_EDGE('',*,*,#6544,.T.);
#8692=ORIENTED_EDGE('',*,*,#6548,.T.);
#8693=ORIENTED_EDGE('',*,*,#6129,.T.);
#8694=ORIENTED_EDGE('',*,*,#6547,.F.);
#8695=ORIENTED_EDGE('',*,*,#6549,.T.);
#8696=ORIENTED_EDGE('',*,*,#6546,.F.);
#8697=ORIENTED_EDGE('',*,*,#6130,.T.);
#8698=ORIENTED_EDGE('',*,*,#6548,.F.);
#8699=ORIENTED_EDGE('',*,*,#6550,.T.);
#8700=ORIENTED_EDGE('',*,*,#6538,.F.);
#8701=ORIENTED_EDGE('',*,*,#6542,.T.);
#8702=ORIENTED_EDGE('',*,*,#6550,.F.);
#8703=ORIENTED_EDGE('',*,*,#6551,.F.);
#8704=ORIENTED_EDGE('',*,*,#6539,.F.);
#8705=ORIENTED_EDGE('',*,*,#6551,.T.);
#8706=ORIENTED_EDGE('',*,*,#6549,.F.);
#8707=ORIENTED_EDGE('',*,*,#6543,.F.);
#8708=ORIENTED_EDGE('',*,*,#6552,.T.);
#8709=ORIENTED_EDGE('',*,*,#5804,.T.);
#8710=ORIENTED_EDGE('',*,*,#6553,.T.);
#8711=ORIENTED_EDGE('',*,*,#6554,.T.);
#8712=ORIENTED_EDGE('',*,*,#6555,.T.);
#8713=ORIENTED_EDGE('',*,*,#5805,.T.);
#8714=ORIENTED_EDGE('',*,*,#6552,.F.);
#8715=ORIENTED_EDGE('',*,*,#6556,.T.);
#8716=ORIENTED_EDGE('',*,*,#6557,.T.);
#8717=ORIENTED_EDGE('',*,*,#5806,.T.);
#8718=ORIENTED_EDGE('',*,*,#6555,.F.);
#8719=ORIENTED_EDGE('',*,*,#6558,.T.);
#8720=ORIENTED_EDGE('',*,*,#6553,.F.);
#8721=ORIENTED_EDGE('',*,*,#5807,.T.);
#8722=ORIENTED_EDGE('',*,*,#6557,.F.);
#8723=ORIENTED_EDGE('',*,*,#6559,.T.);
#8724=ORIENTED_EDGE('',*,*,#6556,.F.);
#8725=ORIENTED_EDGE('',*,*,#6560,.T.);
#8726=ORIENTED_EDGE('',*,*,#6561,.F.);
#8727=ORIENTED_EDGE('',*,*,#6562,.F.);
#8728=ORIENTED_EDGE('',*,*,#6554,.F.);
#8729=ORIENTED_EDGE('',*,*,#6563,.T.);
#8730=ORIENTED_EDGE('',*,*,#6564,.F.);
#8731=ORIENTED_EDGE('',*,*,#6560,.F.);
#8732=ORIENTED_EDGE('',*,*,#6565,.T.);
#8733=ORIENTED_EDGE('',*,*,#6123,.T.);
#8734=ORIENTED_EDGE('',*,*,#6566,.T.);
#8735=ORIENTED_EDGE('',*,*,#6561,.T.);
#8736=ORIENTED_EDGE('',*,*,#6567,.T.);
#8737=ORIENTED_EDGE('',*,*,#6124,.T.);
#8738=ORIENTED_EDGE('',*,*,#6565,.F.);
#8739=ORIENTED_EDGE('',*,*,#6564,.T.);
#8740=ORIENTED_EDGE('',*,*,#6568,.T.);
#8741=ORIENTED_EDGE('',*,*,#6125,.T.);
#8742=ORIENTED_EDGE('',*,*,#6567,.F.);
#8743=ORIENTED_EDGE('',*,*,#6569,.T.);
#8744=ORIENTED_EDGE('',*,*,#6566,.F.);
#8745=ORIENTED_EDGE('',*,*,#6126,.T.);
#8746=ORIENTED_EDGE('',*,*,#6568,.F.);
#8747=ORIENTED_EDGE('',*,*,#6570,.T.);
#8748=ORIENTED_EDGE('',*,*,#6558,.F.);
#8749=ORIENTED_EDGE('',*,*,#6562,.T.);
#8750=ORIENTED_EDGE('',*,*,#6570,.F.);
#8751=ORIENTED_EDGE('',*,*,#6571,.F.);
#8752=ORIENTED_EDGE('',*,*,#6559,.F.);
#8753=ORIENTED_EDGE('',*,*,#6571,.T.);
#8754=ORIENTED_EDGE('',*,*,#6569,.F.);
#8755=ORIENTED_EDGE('',*,*,#6563,.F.);
#8756=ORIENTED_EDGE('',*,*,#6572,.T.);
#8757=ORIENTED_EDGE('',*,*,#5808,.T.);
#8758=ORIENTED_EDGE('',*,*,#6573,.T.);
#8759=ORIENTED_EDGE('',*,*,#6574,.T.);
#8760=ORIENTED_EDGE('',*,*,#6575,.T.);
#8761=ORIENTED_EDGE('',*,*,#5809,.T.);
#8762=ORIENTED_EDGE('',*,*,#6572,.F.);
#8763=ORIENTED_EDGE('',*,*,#6576,.T.);
#8764=ORIENTED_EDGE('',*,*,#6577,.T.);
#8765=ORIENTED_EDGE('',*,*,#5810,.T.);
#8766=ORIENTED_EDGE('',*,*,#6575,.F.);
#8767=ORIENTED_EDGE('',*,*,#6578,.T.);
#8768=ORIENTED_EDGE('',*,*,#6573,.F.);
#8769=ORIENTED_EDGE('',*,*,#5811,.T.);
#8770=ORIENTED_EDGE('',*,*,#6577,.F.);
#8771=ORIENTED_EDGE('',*,*,#6579,.T.);
#8772=ORIENTED_EDGE('',*,*,#6576,.F.);
#8773=ORIENTED_EDGE('',*,*,#6580,.T.);
#8774=ORIENTED_EDGE('',*,*,#6581,.F.);
#8775=ORIENTED_EDGE('',*,*,#6582,.F.);
#8776=ORIENTED_EDGE('',*,*,#6574,.F.);
#8777=ORIENTED_EDGE('',*,*,#6583,.T.);
#8778=ORIENTED_EDGE('',*,*,#6584,.F.);
#8779=ORIENTED_EDGE('',*,*,#6580,.F.);
#8780=ORIENTED_EDGE('',*,*,#6585,.T.);
#8781=ORIENTED_EDGE('',*,*,#6119,.T.);
#8782=ORIENTED_EDGE('',*,*,#6586,.T.);
#8783=ORIENTED_EDGE('',*,*,#6581,.T.);
#8784=ORIENTED_EDGE('',*,*,#6587,.T.);
#8785=ORIENTED_EDGE('',*,*,#6120,.T.);
#8786=ORIENTED_EDGE('',*,*,#6585,.F.);
#8787=ORIENTED_EDGE('',*,*,#6584,.T.);
#8788=ORIENTED_EDGE('',*,*,#6588,.T.);
#8789=ORIENTED_EDGE('',*,*,#6121,.T.);
#8790=ORIENTED_EDGE('',*,*,#6587,.F.);
#8791=ORIENTED_EDGE('',*,*,#6589,.T.);
#8792=ORIENTED_EDGE('',*,*,#6586,.F.);
#8793=ORIENTED_EDGE('',*,*,#6122,.T.);
#8794=ORIENTED_EDGE('',*,*,#6588,.F.);
#8795=ORIENTED_EDGE('',*,*,#6590,.T.);
#8796=ORIENTED_EDGE('',*,*,#6578,.F.);
#8797=ORIENTED_EDGE('',*,*,#6582,.T.);
#8798=ORIENTED_EDGE('',*,*,#6590,.F.);
#8799=ORIENTED_EDGE('',*,*,#6591,.F.);
#8800=ORIENTED_EDGE('',*,*,#6579,.F.);
#8801=ORIENTED_EDGE('',*,*,#6591,.T.);
#8802=ORIENTED_EDGE('',*,*,#6589,.F.);
#8803=ORIENTED_EDGE('',*,*,#6583,.F.);
#8804=ORIENTED_EDGE('',*,*,#6592,.T.);
#8805=ORIENTED_EDGE('',*,*,#5812,.T.);
#8806=ORIENTED_EDGE('',*,*,#6593,.T.);
#8807=ORIENTED_EDGE('',*,*,#6594,.T.);
#8808=ORIENTED_EDGE('',*,*,#6595,.T.);
#8809=ORIENTED_EDGE('',*,*,#5813,.T.);
#8810=ORIENTED_EDGE('',*,*,#6592,.F.);
#8811=ORIENTED_EDGE('',*,*,#6596,.T.);
#8812=ORIENTED_EDGE('',*,*,#6597,.T.);
#8813=ORIENTED_EDGE('',*,*,#5814,.T.);
#8814=ORIENTED_EDGE('',*,*,#6595,.F.);
#8815=ORIENTED_EDGE('',*,*,#6598,.T.);
#8816=ORIENTED_EDGE('',*,*,#6593,.F.);
#8817=ORIENTED_EDGE('',*,*,#5815,.T.);
#8818=ORIENTED_EDGE('',*,*,#6597,.F.);
#8819=ORIENTED_EDGE('',*,*,#6599,.T.);
#8820=ORIENTED_EDGE('',*,*,#6596,.F.);
#8821=ORIENTED_EDGE('',*,*,#6600,.T.);
#8822=ORIENTED_EDGE('',*,*,#6601,.F.);
#8823=ORIENTED_EDGE('',*,*,#6602,.F.);
#8824=ORIENTED_EDGE('',*,*,#6594,.F.);
#8825=ORIENTED_EDGE('',*,*,#6603,.T.);
#8826=ORIENTED_EDGE('',*,*,#6604,.F.);
#8827=ORIENTED_EDGE('',*,*,#6600,.F.);
#8828=ORIENTED_EDGE('',*,*,#6605,.T.);
#8829=ORIENTED_EDGE('',*,*,#6115,.T.);
#8830=ORIENTED_EDGE('',*,*,#6606,.T.);
#8831=ORIENTED_EDGE('',*,*,#6601,.T.);
#8832=ORIENTED_EDGE('',*,*,#6607,.T.);
#8833=ORIENTED_EDGE('',*,*,#6116,.T.);
#8834=ORIENTED_EDGE('',*,*,#6605,.F.);
#8835=ORIENTED_EDGE('',*,*,#6604,.T.);
#8836=ORIENTED_EDGE('',*,*,#6608,.T.);
#8837=ORIENTED_EDGE('',*,*,#6117,.T.);
#8838=ORIENTED_EDGE('',*,*,#6607,.F.);
#8839=ORIENTED_EDGE('',*,*,#6609,.T.);
#8840=ORIENTED_EDGE('',*,*,#6606,.F.);
#8841=ORIENTED_EDGE('',*,*,#6118,.T.);
#8842=ORIENTED_EDGE('',*,*,#6608,.F.);
#8843=ORIENTED_EDGE('',*,*,#6610,.T.);
#8844=ORIENTED_EDGE('',*,*,#6598,.F.);
#8845=ORIENTED_EDGE('',*,*,#6602,.T.);
#8846=ORIENTED_EDGE('',*,*,#6610,.F.);
#8847=ORIENTED_EDGE('',*,*,#6611,.F.);
#8848=ORIENTED_EDGE('',*,*,#6599,.F.);
#8849=ORIENTED_EDGE('',*,*,#6611,.T.);
#8850=ORIENTED_EDGE('',*,*,#6609,.F.);
#8851=ORIENTED_EDGE('',*,*,#6603,.F.);
#8852=ORIENTED_EDGE('',*,*,#6612,.T.);
#8853=ORIENTED_EDGE('',*,*,#5816,.T.);
#8854=ORIENTED_EDGE('',*,*,#6613,.T.);
#8855=ORIENTED_EDGE('',*,*,#6614,.T.);
#8856=ORIENTED_EDGE('',*,*,#6615,.T.);
#8857=ORIENTED_EDGE('',*,*,#5817,.T.);
#8858=ORIENTED_EDGE('',*,*,#6612,.F.);
#8859=ORIENTED_EDGE('',*,*,#6616,.T.);
#8860=ORIENTED_EDGE('',*,*,#6617,.T.);
#8861=ORIENTED_EDGE('',*,*,#5818,.T.);
#8862=ORIENTED_EDGE('',*,*,#6615,.F.);
#8863=ORIENTED_EDGE('',*,*,#6618,.T.);
#8864=ORIENTED_EDGE('',*,*,#6613,.F.);
#8865=ORIENTED_EDGE('',*,*,#5819,.T.);
#8866=ORIENTED_EDGE('',*,*,#6617,.F.);
#8867=ORIENTED_EDGE('',*,*,#6619,.T.);
#8868=ORIENTED_EDGE('',*,*,#6616,.F.);
#8869=ORIENTED_EDGE('',*,*,#6620,.T.);
#8870=ORIENTED_EDGE('',*,*,#6621,.F.);
#8871=ORIENTED_EDGE('',*,*,#6622,.F.);
#8872=ORIENTED_EDGE('',*,*,#6614,.F.);
#8873=ORIENTED_EDGE('',*,*,#6623,.T.);
#8874=ORIENTED_EDGE('',*,*,#6624,.F.);
#8875=ORIENTED_EDGE('',*,*,#6620,.F.);
#8876=ORIENTED_EDGE('',*,*,#6625,.T.);
#8877=ORIENTED_EDGE('',*,*,#6111,.T.);
#8878=ORIENTED_EDGE('',*,*,#6626,.T.);
#8879=ORIENTED_EDGE('',*,*,#6621,.T.);
#8880=ORIENTED_EDGE('',*,*,#6627,.T.);
#8881=ORIENTED_EDGE('',*,*,#6112,.T.);
#8882=ORIENTED_EDGE('',*,*,#6625,.F.);
#8883=ORIENTED_EDGE('',*,*,#6624,.T.);
#8884=ORIENTED_EDGE('',*,*,#6628,.T.);
#8885=ORIENTED_EDGE('',*,*,#6113,.T.);
#8886=ORIENTED_EDGE('',*,*,#6627,.F.);
#8887=ORIENTED_EDGE('',*,*,#6629,.T.);
#8888=ORIENTED_EDGE('',*,*,#6626,.F.);
#8889=ORIENTED_EDGE('',*,*,#6114,.T.);
#8890=ORIENTED_EDGE('',*,*,#6628,.F.);
#8891=ORIENTED_EDGE('',*,*,#6630,.T.);
#8892=ORIENTED_EDGE('',*,*,#6618,.F.);
#8893=ORIENTED_EDGE('',*,*,#6622,.T.);
#8894=ORIENTED_EDGE('',*,*,#6630,.F.);
#8895=ORIENTED_EDGE('',*,*,#6631,.F.);
#8896=ORIENTED_EDGE('',*,*,#6619,.F.);
#8897=ORIENTED_EDGE('',*,*,#6631,.T.);
#8898=ORIENTED_EDGE('',*,*,#6629,.F.);
#8899=ORIENTED_EDGE('',*,*,#6623,.F.);
#8900=ORIENTED_EDGE('',*,*,#6632,.T.);
#8901=ORIENTED_EDGE('',*,*,#5820,.T.);
#8902=ORIENTED_EDGE('',*,*,#6633,.T.);
#8903=ORIENTED_EDGE('',*,*,#6634,.T.);
#8904=ORIENTED_EDGE('',*,*,#6635,.T.);
#8905=ORIENTED_EDGE('',*,*,#5821,.T.);
#8906=ORIENTED_EDGE('',*,*,#6632,.F.);
#8907=ORIENTED_EDGE('',*,*,#6636,.T.);
#8908=ORIENTED_EDGE('',*,*,#6637,.T.);
#8909=ORIENTED_EDGE('',*,*,#5822,.T.);
#8910=ORIENTED_EDGE('',*,*,#6635,.F.);
#8911=ORIENTED_EDGE('',*,*,#6638,.T.);
#8912=ORIENTED_EDGE('',*,*,#6633,.F.);
#8913=ORIENTED_EDGE('',*,*,#5823,.T.);
#8914=ORIENTED_EDGE('',*,*,#6637,.F.);
#8915=ORIENTED_EDGE('',*,*,#6639,.T.);
#8916=ORIENTED_EDGE('',*,*,#6636,.F.);
#8917=ORIENTED_EDGE('',*,*,#6640,.T.);
#8918=ORIENTED_EDGE('',*,*,#6641,.F.);
#8919=ORIENTED_EDGE('',*,*,#6642,.F.);
#8920=ORIENTED_EDGE('',*,*,#6634,.F.);
#8921=ORIENTED_EDGE('',*,*,#6643,.T.);
#8922=ORIENTED_EDGE('',*,*,#6644,.F.);
#8923=ORIENTED_EDGE('',*,*,#6640,.F.);
#8924=ORIENTED_EDGE('',*,*,#6645,.T.);
#8925=ORIENTED_EDGE('',*,*,#6107,.T.);
#8926=ORIENTED_EDGE('',*,*,#6646,.T.);
#8927=ORIENTED_EDGE('',*,*,#6641,.T.);
#8928=ORIENTED_EDGE('',*,*,#6647,.T.);
#8929=ORIENTED_EDGE('',*,*,#6108,.T.);
#8930=ORIENTED_EDGE('',*,*,#6645,.F.);
#8931=ORIENTED_EDGE('',*,*,#6644,.T.);
#8932=ORIENTED_EDGE('',*,*,#6648,.T.);
#8933=ORIENTED_EDGE('',*,*,#6109,.T.);
#8934=ORIENTED_EDGE('',*,*,#6647,.F.);
#8935=ORIENTED_EDGE('',*,*,#6649,.T.);
#8936=ORIENTED_EDGE('',*,*,#6646,.F.);
#8937=ORIENTED_EDGE('',*,*,#6110,.T.);
#8938=ORIENTED_EDGE('',*,*,#6648,.F.);
#8939=ORIENTED_EDGE('',*,*,#6650,.T.);
#8940=ORIENTED_EDGE('',*,*,#6638,.F.);
#8941=ORIENTED_EDGE('',*,*,#6642,.T.);
#8942=ORIENTED_EDGE('',*,*,#6650,.F.);
#8943=ORIENTED_EDGE('',*,*,#6651,.F.);
#8944=ORIENTED_EDGE('',*,*,#6639,.F.);
#8945=ORIENTED_EDGE('',*,*,#6651,.T.);
#8946=ORIENTED_EDGE('',*,*,#6649,.F.);
#8947=ORIENTED_EDGE('',*,*,#6643,.F.);
#8948=ORIENTED_EDGE('',*,*,#6652,.T.);
#8949=ORIENTED_EDGE('',*,*,#5824,.T.);
#8950=ORIENTED_EDGE('',*,*,#6653,.T.);
#8951=ORIENTED_EDGE('',*,*,#6654,.T.);
#8952=ORIENTED_EDGE('',*,*,#6655,.T.);
#8953=ORIENTED_EDGE('',*,*,#5825,.T.);
#8954=ORIENTED_EDGE('',*,*,#6652,.F.);
#8955=ORIENTED_EDGE('',*,*,#6656,.T.);
#8956=ORIENTED_EDGE('',*,*,#6657,.T.);
#8957=ORIENTED_EDGE('',*,*,#5826,.T.);
#8958=ORIENTED_EDGE('',*,*,#6655,.F.);
#8959=ORIENTED_EDGE('',*,*,#6658,.T.);
#8960=ORIENTED_EDGE('',*,*,#6653,.F.);
#8961=ORIENTED_EDGE('',*,*,#5827,.T.);
#8962=ORIENTED_EDGE('',*,*,#6657,.F.);
#8963=ORIENTED_EDGE('',*,*,#6659,.T.);
#8964=ORIENTED_EDGE('',*,*,#6656,.F.);
#8965=ORIENTED_EDGE('',*,*,#6660,.T.);
#8966=ORIENTED_EDGE('',*,*,#6661,.F.);
#8967=ORIENTED_EDGE('',*,*,#6662,.F.);
#8968=ORIENTED_EDGE('',*,*,#6654,.F.);
#8969=ORIENTED_EDGE('',*,*,#6663,.T.);
#8970=ORIENTED_EDGE('',*,*,#6664,.F.);
#8971=ORIENTED_EDGE('',*,*,#6660,.F.);
#8972=ORIENTED_EDGE('',*,*,#6665,.T.);
#8973=ORIENTED_EDGE('',*,*,#6103,.T.);
#8974=ORIENTED_EDGE('',*,*,#6666,.T.);
#8975=ORIENTED_EDGE('',*,*,#6661,.T.);
#8976=ORIENTED_EDGE('',*,*,#6667,.T.);
#8977=ORIENTED_EDGE('',*,*,#6104,.T.);
#8978=ORIENTED_EDGE('',*,*,#6665,.F.);
#8979=ORIENTED_EDGE('',*,*,#6664,.T.);
#8980=ORIENTED_EDGE('',*,*,#6668,.T.);
#8981=ORIENTED_EDGE('',*,*,#6105,.T.);
#8982=ORIENTED_EDGE('',*,*,#6667,.F.);
#8983=ORIENTED_EDGE('',*,*,#6669,.T.);
#8984=ORIENTED_EDGE('',*,*,#6666,.F.);
#8985=ORIENTED_EDGE('',*,*,#6106,.T.);
#8986=ORIENTED_EDGE('',*,*,#6668,.F.);
#8987=ORIENTED_EDGE('',*,*,#6670,.T.);
#8988=ORIENTED_EDGE('',*,*,#6658,.F.);
#8989=ORIENTED_EDGE('',*,*,#6662,.T.);
#8990=ORIENTED_EDGE('',*,*,#6670,.F.);
#8991=ORIENTED_EDGE('',*,*,#6671,.F.);
#8992=ORIENTED_EDGE('',*,*,#6659,.F.);
#8993=ORIENTED_EDGE('',*,*,#6671,.T.);
#8994=ORIENTED_EDGE('',*,*,#6669,.F.);
#8995=ORIENTED_EDGE('',*,*,#6663,.F.);
#8996=ORIENTED_EDGE('',*,*,#6672,.T.);
#8997=ORIENTED_EDGE('',*,*,#5828,.T.);
#8998=ORIENTED_EDGE('',*,*,#6673,.T.);
#8999=ORIENTED_EDGE('',*,*,#6674,.T.);
#9000=ORIENTED_EDGE('',*,*,#6675,.T.);
#9001=ORIENTED_EDGE('',*,*,#5829,.T.);
#9002=ORIENTED_EDGE('',*,*,#6672,.F.);
#9003=ORIENTED_EDGE('',*,*,#6676,.T.);
#9004=ORIENTED_EDGE('',*,*,#6677,.T.);
#9005=ORIENTED_EDGE('',*,*,#5830,.T.);
#9006=ORIENTED_EDGE('',*,*,#6675,.F.);
#9007=ORIENTED_EDGE('',*,*,#6678,.T.);
#9008=ORIENTED_EDGE('',*,*,#6673,.F.);
#9009=ORIENTED_EDGE('',*,*,#5831,.T.);
#9010=ORIENTED_EDGE('',*,*,#6677,.F.);
#9011=ORIENTED_EDGE('',*,*,#6679,.T.);
#9012=ORIENTED_EDGE('',*,*,#6676,.F.);
#9013=ORIENTED_EDGE('',*,*,#6680,.T.);
#9014=ORIENTED_EDGE('',*,*,#6681,.F.);
#9015=ORIENTED_EDGE('',*,*,#6682,.F.);
#9016=ORIENTED_EDGE('',*,*,#6674,.F.);
#9017=ORIENTED_EDGE('',*,*,#6683,.T.);
#9018=ORIENTED_EDGE('',*,*,#6684,.F.);
#9019=ORIENTED_EDGE('',*,*,#6680,.F.);
#9020=ORIENTED_EDGE('',*,*,#6685,.T.);
#9021=ORIENTED_EDGE('',*,*,#6099,.T.);
#9022=ORIENTED_EDGE('',*,*,#6686,.T.);
#9023=ORIENTED_EDGE('',*,*,#6681,.T.);
#9024=ORIENTED_EDGE('',*,*,#6687,.T.);
#9025=ORIENTED_EDGE('',*,*,#6100,.T.);
#9026=ORIENTED_EDGE('',*,*,#6685,.F.);
#9027=ORIENTED_EDGE('',*,*,#6684,.T.);
#9028=ORIENTED_EDGE('',*,*,#6688,.T.);
#9029=ORIENTED_EDGE('',*,*,#6101,.T.);
#9030=ORIENTED_EDGE('',*,*,#6687,.F.);
#9031=ORIENTED_EDGE('',*,*,#6689,.T.);
#9032=ORIENTED_EDGE('',*,*,#6686,.F.);
#9033=ORIENTED_EDGE('',*,*,#6102,.T.);
#9034=ORIENTED_EDGE('',*,*,#6688,.F.);
#9035=ORIENTED_EDGE('',*,*,#6690,.T.);
#9036=ORIENTED_EDGE('',*,*,#6678,.F.);
#9037=ORIENTED_EDGE('',*,*,#6682,.T.);
#9038=ORIENTED_EDGE('',*,*,#6690,.F.);
#9039=ORIENTED_EDGE('',*,*,#6691,.F.);
#9040=ORIENTED_EDGE('',*,*,#6679,.F.);
#9041=ORIENTED_EDGE('',*,*,#6691,.T.);
#9042=ORIENTED_EDGE('',*,*,#6689,.F.);
#9043=ORIENTED_EDGE('',*,*,#6683,.F.);
#9044=ORIENTED_EDGE('',*,*,#6692,.T.);
#9045=ORIENTED_EDGE('',*,*,#5832,.T.);
#9046=ORIENTED_EDGE('',*,*,#6693,.T.);
#9047=ORIENTED_EDGE('',*,*,#6694,.T.);
#9048=ORIENTED_EDGE('',*,*,#6695,.T.);
#9049=ORIENTED_EDGE('',*,*,#5833,.T.);
#9050=ORIENTED_EDGE('',*,*,#6692,.F.);
#9051=ORIENTED_EDGE('',*,*,#6696,.T.);
#9052=ORIENTED_EDGE('',*,*,#6697,.T.);
#9053=ORIENTED_EDGE('',*,*,#5834,.T.);
#9054=ORIENTED_EDGE('',*,*,#6695,.F.);
#9055=ORIENTED_EDGE('',*,*,#6698,.T.);
#9056=ORIENTED_EDGE('',*,*,#6693,.F.);
#9057=ORIENTED_EDGE('',*,*,#5835,.T.);
#9058=ORIENTED_EDGE('',*,*,#6697,.F.);
#9059=ORIENTED_EDGE('',*,*,#6699,.T.);
#9060=ORIENTED_EDGE('',*,*,#6696,.F.);
#9061=ORIENTED_EDGE('',*,*,#6700,.T.);
#9062=ORIENTED_EDGE('',*,*,#6701,.F.);
#9063=ORIENTED_EDGE('',*,*,#6702,.F.);
#9064=ORIENTED_EDGE('',*,*,#6694,.F.);
#9065=ORIENTED_EDGE('',*,*,#6703,.T.);
#9066=ORIENTED_EDGE('',*,*,#6704,.F.);
#9067=ORIENTED_EDGE('',*,*,#6700,.F.);
#9068=ORIENTED_EDGE('',*,*,#6705,.T.);
#9069=ORIENTED_EDGE('',*,*,#6095,.T.);
#9070=ORIENTED_EDGE('',*,*,#6706,.T.);
#9071=ORIENTED_EDGE('',*,*,#6701,.T.);
#9072=ORIENTED_EDGE('',*,*,#6707,.T.);
#9073=ORIENTED_EDGE('',*,*,#6096,.T.);
#9074=ORIENTED_EDGE('',*,*,#6705,.F.);
#9075=ORIENTED_EDGE('',*,*,#6704,.T.);
#9076=ORIENTED_EDGE('',*,*,#6708,.T.);
#9077=ORIENTED_EDGE('',*,*,#6097,.T.);
#9078=ORIENTED_EDGE('',*,*,#6707,.F.);
#9079=ORIENTED_EDGE('',*,*,#6709,.T.);
#9080=ORIENTED_EDGE('',*,*,#6706,.F.);
#9081=ORIENTED_EDGE('',*,*,#6098,.T.);
#9082=ORIENTED_EDGE('',*,*,#6708,.F.);
#9083=ORIENTED_EDGE('',*,*,#6710,.T.);
#9084=ORIENTED_EDGE('',*,*,#6698,.F.);
#9085=ORIENTED_EDGE('',*,*,#6702,.T.);
#9086=ORIENTED_EDGE('',*,*,#6710,.F.);
#9087=ORIENTED_EDGE('',*,*,#6711,.F.);
#9088=ORIENTED_EDGE('',*,*,#6699,.F.);
#9089=ORIENTED_EDGE('',*,*,#6711,.T.);
#9090=ORIENTED_EDGE('',*,*,#6709,.F.);
#9091=ORIENTED_EDGE('',*,*,#6703,.F.);
#9092=ORIENTED_EDGE('',*,*,#6712,.T.);
#9093=ORIENTED_EDGE('',*,*,#5836,.T.);
#9094=ORIENTED_EDGE('',*,*,#6713,.T.);
#9095=ORIENTED_EDGE('',*,*,#6714,.T.);
#9096=ORIENTED_EDGE('',*,*,#6715,.T.);
#9097=ORIENTED_EDGE('',*,*,#5837,.T.);
#9098=ORIENTED_EDGE('',*,*,#6712,.F.);
#9099=ORIENTED_EDGE('',*,*,#6716,.T.);
#9100=ORIENTED_EDGE('',*,*,#6717,.T.);
#9101=ORIENTED_EDGE('',*,*,#5838,.T.);
#9102=ORIENTED_EDGE('',*,*,#6715,.F.);
#9103=ORIENTED_EDGE('',*,*,#6718,.T.);
#9104=ORIENTED_EDGE('',*,*,#6713,.F.);
#9105=ORIENTED_EDGE('',*,*,#5839,.T.);
#9106=ORIENTED_EDGE('',*,*,#6717,.F.);
#9107=ORIENTED_EDGE('',*,*,#6719,.T.);
#9108=ORIENTED_EDGE('',*,*,#6716,.F.);
#9109=ORIENTED_EDGE('',*,*,#6720,.T.);
#9110=ORIENTED_EDGE('',*,*,#6721,.F.);
#9111=ORIENTED_EDGE('',*,*,#6722,.F.);
#9112=ORIENTED_EDGE('',*,*,#6714,.F.);
#9113=ORIENTED_EDGE('',*,*,#6723,.T.);
#9114=ORIENTED_EDGE('',*,*,#6724,.F.);
#9115=ORIENTED_EDGE('',*,*,#6720,.F.);
#9116=ORIENTED_EDGE('',*,*,#6725,.T.);
#9117=ORIENTED_EDGE('',*,*,#6091,.T.);
#9118=ORIENTED_EDGE('',*,*,#6726,.T.);
#9119=ORIENTED_EDGE('',*,*,#6721,.T.);
#9120=ORIENTED_EDGE('',*,*,#6727,.T.);
#9121=ORIENTED_EDGE('',*,*,#6092,.T.);
#9122=ORIENTED_EDGE('',*,*,#6725,.F.);
#9123=ORIENTED_EDGE('',*,*,#6724,.T.);
#9124=ORIENTED_EDGE('',*,*,#6728,.T.);
#9125=ORIENTED_EDGE('',*,*,#6093,.T.);
#9126=ORIENTED_EDGE('',*,*,#6727,.F.);
#9127=ORIENTED_EDGE('',*,*,#6729,.T.);
#9128=ORIENTED_EDGE('',*,*,#6726,.F.);
#9129=ORIENTED_EDGE('',*,*,#6094,.T.);
#9130=ORIENTED_EDGE('',*,*,#6728,.F.);
#9131=ORIENTED_EDGE('',*,*,#6730,.T.);
#9132=ORIENTED_EDGE('',*,*,#6718,.F.);
#9133=ORIENTED_EDGE('',*,*,#6722,.T.);
#9134=ORIENTED_EDGE('',*,*,#6730,.F.);
#9135=ORIENTED_EDGE('',*,*,#6731,.F.);
#9136=ORIENTED_EDGE('',*,*,#6719,.F.);
#9137=ORIENTED_EDGE('',*,*,#6731,.T.);
#9138=ORIENTED_EDGE('',*,*,#6729,.F.);
#9139=ORIENTED_EDGE('',*,*,#6723,.F.);
#9140=ORIENTED_EDGE('',*,*,#6732,.T.);
#9141=ORIENTED_EDGE('',*,*,#5840,.T.);
#9142=ORIENTED_EDGE('',*,*,#6733,.T.);
#9143=ORIENTED_EDGE('',*,*,#6734,.T.);
#9144=ORIENTED_EDGE('',*,*,#6735,.T.);
#9145=ORIENTED_EDGE('',*,*,#5841,.T.);
#9146=ORIENTED_EDGE('',*,*,#6732,.F.);
#9147=ORIENTED_EDGE('',*,*,#6736,.T.);
#9148=ORIENTED_EDGE('',*,*,#6737,.T.);
#9149=ORIENTED_EDGE('',*,*,#5842,.T.);
#9150=ORIENTED_EDGE('',*,*,#6735,.F.);
#9151=ORIENTED_EDGE('',*,*,#6738,.T.);
#9152=ORIENTED_EDGE('',*,*,#6733,.F.);
#9153=ORIENTED_EDGE('',*,*,#5843,.T.);
#9154=ORIENTED_EDGE('',*,*,#6737,.F.);
#9155=ORIENTED_EDGE('',*,*,#6739,.T.);
#9156=ORIENTED_EDGE('',*,*,#6736,.F.);
#9157=ORIENTED_EDGE('',*,*,#6740,.T.);
#9158=ORIENTED_EDGE('',*,*,#6741,.F.);
#9159=ORIENTED_EDGE('',*,*,#6742,.F.);
#9160=ORIENTED_EDGE('',*,*,#6734,.F.);
#9161=ORIENTED_EDGE('',*,*,#6743,.T.);
#9162=ORIENTED_EDGE('',*,*,#6744,.F.);
#9163=ORIENTED_EDGE('',*,*,#6740,.F.);
#9164=ORIENTED_EDGE('',*,*,#6745,.T.);
#9165=ORIENTED_EDGE('',*,*,#6087,.T.);
#9166=ORIENTED_EDGE('',*,*,#6746,.T.);
#9167=ORIENTED_EDGE('',*,*,#6741,.T.);
#9168=ORIENTED_EDGE('',*,*,#6747,.T.);
#9169=ORIENTED_EDGE('',*,*,#6088,.T.);
#9170=ORIENTED_EDGE('',*,*,#6745,.F.);
#9171=ORIENTED_EDGE('',*,*,#6744,.T.);
#9172=ORIENTED_EDGE('',*,*,#6748,.T.);
#9173=ORIENTED_EDGE('',*,*,#6089,.T.);
#9174=ORIENTED_EDGE('',*,*,#6747,.F.);
#9175=ORIENTED_EDGE('',*,*,#6749,.T.);
#9176=ORIENTED_EDGE('',*,*,#6746,.F.);
#9177=ORIENTED_EDGE('',*,*,#6090,.T.);
#9178=ORIENTED_EDGE('',*,*,#6748,.F.);
#9179=ORIENTED_EDGE('',*,*,#6750,.T.);
#9180=ORIENTED_EDGE('',*,*,#6738,.F.);
#9181=ORIENTED_EDGE('',*,*,#6742,.T.);
#9182=ORIENTED_EDGE('',*,*,#6750,.F.);
#9183=ORIENTED_EDGE('',*,*,#6751,.F.);
#9184=ORIENTED_EDGE('',*,*,#6739,.F.);
#9185=ORIENTED_EDGE('',*,*,#6751,.T.);
#9186=ORIENTED_EDGE('',*,*,#6749,.F.);
#9187=ORIENTED_EDGE('',*,*,#6743,.F.);
#9188=ORIENTED_EDGE('',*,*,#6752,.T.);
#9189=ORIENTED_EDGE('',*,*,#5844,.T.);
#9190=ORIENTED_EDGE('',*,*,#6753,.T.);
#9191=ORIENTED_EDGE('',*,*,#6754,.T.);
#9192=ORIENTED_EDGE('',*,*,#6755,.T.);
#9193=ORIENTED_EDGE('',*,*,#5845,.T.);
#9194=ORIENTED_EDGE('',*,*,#6752,.F.);
#9195=ORIENTED_EDGE('',*,*,#6756,.T.);
#9196=ORIENTED_EDGE('',*,*,#6757,.T.);
#9197=ORIENTED_EDGE('',*,*,#5846,.T.);
#9198=ORIENTED_EDGE('',*,*,#6755,.F.);
#9199=ORIENTED_EDGE('',*,*,#6758,.T.);
#9200=ORIENTED_EDGE('',*,*,#6753,.F.);
#9201=ORIENTED_EDGE('',*,*,#5847,.T.);
#9202=ORIENTED_EDGE('',*,*,#6757,.F.);
#9203=ORIENTED_EDGE('',*,*,#6759,.T.);
#9204=ORIENTED_EDGE('',*,*,#6756,.F.);
#9205=ORIENTED_EDGE('',*,*,#6760,.T.);
#9206=ORIENTED_EDGE('',*,*,#6761,.F.);
#9207=ORIENTED_EDGE('',*,*,#6762,.F.);
#9208=ORIENTED_EDGE('',*,*,#6754,.F.);
#9209=ORIENTED_EDGE('',*,*,#6763,.T.);
#9210=ORIENTED_EDGE('',*,*,#6764,.F.);
#9211=ORIENTED_EDGE('',*,*,#6760,.F.);
#9212=ORIENTED_EDGE('',*,*,#6765,.T.);
#9213=ORIENTED_EDGE('',*,*,#6083,.T.);
#9214=ORIENTED_EDGE('',*,*,#6766,.T.);
#9215=ORIENTED_EDGE('',*,*,#6761,.T.);
#9216=ORIENTED_EDGE('',*,*,#6767,.T.);
#9217=ORIENTED_EDGE('',*,*,#6084,.T.);
#9218=ORIENTED_EDGE('',*,*,#6765,.F.);
#9219=ORIENTED_EDGE('',*,*,#6764,.T.);
#9220=ORIENTED_EDGE('',*,*,#6768,.T.);
#9221=ORIENTED_EDGE('',*,*,#6085,.T.);
#9222=ORIENTED_EDGE('',*,*,#6767,.F.);
#9223=ORIENTED_EDGE('',*,*,#6769,.T.);
#9224=ORIENTED_EDGE('',*,*,#6766,.F.);
#9225=ORIENTED_EDGE('',*,*,#6086,.T.);
#9226=ORIENTED_EDGE('',*,*,#6768,.F.);
#9227=ORIENTED_EDGE('',*,*,#6770,.T.);
#9228=ORIENTED_EDGE('',*,*,#6758,.F.);
#9229=ORIENTED_EDGE('',*,*,#6762,.T.);
#9230=ORIENTED_EDGE('',*,*,#6770,.F.);
#9231=ORIENTED_EDGE('',*,*,#6771,.F.);
#9232=ORIENTED_EDGE('',*,*,#6759,.F.);
#9233=ORIENTED_EDGE('',*,*,#6771,.T.);
#9234=ORIENTED_EDGE('',*,*,#6769,.F.);
#9235=ORIENTED_EDGE('',*,*,#6763,.F.);
#9236=ORIENTED_EDGE('',*,*,#6772,.T.);
#9237=ORIENTED_EDGE('',*,*,#5848,.T.);
#9238=ORIENTED_EDGE('',*,*,#6773,.T.);
#9239=ORIENTED_EDGE('',*,*,#6774,.T.);
#9240=ORIENTED_EDGE('',*,*,#6775,.T.);
#9241=ORIENTED_EDGE('',*,*,#5849,.T.);
#9242=ORIENTED_EDGE('',*,*,#6772,.F.);
#9243=ORIENTED_EDGE('',*,*,#6776,.T.);
#9244=ORIENTED_EDGE('',*,*,#6777,.T.);
#9245=ORIENTED_EDGE('',*,*,#5850,.T.);
#9246=ORIENTED_EDGE('',*,*,#6775,.F.);
#9247=ORIENTED_EDGE('',*,*,#6778,.T.);
#9248=ORIENTED_EDGE('',*,*,#6773,.F.);
#9249=ORIENTED_EDGE('',*,*,#5851,.T.);
#9250=ORIENTED_EDGE('',*,*,#6777,.F.);
#9251=ORIENTED_EDGE('',*,*,#6779,.T.);
#9252=ORIENTED_EDGE('',*,*,#6776,.F.);
#9253=ORIENTED_EDGE('',*,*,#6780,.T.);
#9254=ORIENTED_EDGE('',*,*,#6781,.F.);
#9255=ORIENTED_EDGE('',*,*,#6782,.F.);
#9256=ORIENTED_EDGE('',*,*,#6774,.F.);
#9257=ORIENTED_EDGE('',*,*,#6783,.T.);
#9258=ORIENTED_EDGE('',*,*,#6784,.F.);
#9259=ORIENTED_EDGE('',*,*,#6780,.F.);
#9260=ORIENTED_EDGE('',*,*,#6785,.T.);
#9261=ORIENTED_EDGE('',*,*,#6079,.T.);
#9262=ORIENTED_EDGE('',*,*,#6786,.T.);
#9263=ORIENTED_EDGE('',*,*,#6781,.T.);
#9264=ORIENTED_EDGE('',*,*,#6787,.T.);
#9265=ORIENTED_EDGE('',*,*,#6080,.T.);
#9266=ORIENTED_EDGE('',*,*,#6785,.F.);
#9267=ORIENTED_EDGE('',*,*,#6784,.T.);
#9268=ORIENTED_EDGE('',*,*,#6788,.T.);
#9269=ORIENTED_EDGE('',*,*,#6081,.T.);
#9270=ORIENTED_EDGE('',*,*,#6787,.F.);
#9271=ORIENTED_EDGE('',*,*,#6789,.T.);
#9272=ORIENTED_EDGE('',*,*,#6786,.F.);
#9273=ORIENTED_EDGE('',*,*,#6082,.T.);
#9274=ORIENTED_EDGE('',*,*,#6788,.F.);
#9275=ORIENTED_EDGE('',*,*,#6790,.T.);
#9276=ORIENTED_EDGE('',*,*,#6778,.F.);
#9277=ORIENTED_EDGE('',*,*,#6782,.T.);
#9278=ORIENTED_EDGE('',*,*,#6790,.F.);
#9279=ORIENTED_EDGE('',*,*,#6791,.F.);
#9280=ORIENTED_EDGE('',*,*,#6779,.F.);
#9281=ORIENTED_EDGE('',*,*,#6791,.T.);
#9282=ORIENTED_EDGE('',*,*,#6789,.F.);
#9283=ORIENTED_EDGE('',*,*,#6783,.F.);
#9284=ORIENTED_EDGE('',*,*,#6792,.T.);
#9285=ORIENTED_EDGE('',*,*,#5852,.T.);
#9286=ORIENTED_EDGE('',*,*,#6793,.T.);
#9287=ORIENTED_EDGE('',*,*,#6794,.T.);
#9288=ORIENTED_EDGE('',*,*,#6795,.T.);
#9289=ORIENTED_EDGE('',*,*,#5853,.T.);
#9290=ORIENTED_EDGE('',*,*,#6792,.F.);
#9291=ORIENTED_EDGE('',*,*,#6796,.T.);
#9292=ORIENTED_EDGE('',*,*,#6797,.T.);
#9293=ORIENTED_EDGE('',*,*,#5854,.T.);
#9294=ORIENTED_EDGE('',*,*,#6795,.F.);
#9295=ORIENTED_EDGE('',*,*,#6798,.T.);
#9296=ORIENTED_EDGE('',*,*,#6793,.F.);
#9297=ORIENTED_EDGE('',*,*,#5855,.T.);
#9298=ORIENTED_EDGE('',*,*,#6797,.F.);
#9299=ORIENTED_EDGE('',*,*,#6799,.T.);
#9300=ORIENTED_EDGE('',*,*,#6796,.F.);
#9301=ORIENTED_EDGE('',*,*,#6800,.T.);
#9302=ORIENTED_EDGE('',*,*,#6801,.F.);
#9303=ORIENTED_EDGE('',*,*,#6802,.F.);
#9304=ORIENTED_EDGE('',*,*,#6794,.F.);
#9305=ORIENTED_EDGE('',*,*,#6803,.T.);
#9306=ORIENTED_EDGE('',*,*,#6804,.F.);
#9307=ORIENTED_EDGE('',*,*,#6800,.F.);
#9308=ORIENTED_EDGE('',*,*,#6805,.T.);
#9309=ORIENTED_EDGE('',*,*,#6075,.T.);
#9310=ORIENTED_EDGE('',*,*,#6806,.T.);
#9311=ORIENTED_EDGE('',*,*,#6801,.T.);
#9312=ORIENTED_EDGE('',*,*,#6807,.T.);
#9313=ORIENTED_EDGE('',*,*,#6076,.T.);
#9314=ORIENTED_EDGE('',*,*,#6805,.F.);
#9315=ORIENTED_EDGE('',*,*,#6804,.T.);
#9316=ORIENTED_EDGE('',*,*,#6808,.T.);
#9317=ORIENTED_EDGE('',*,*,#6077,.T.);
#9318=ORIENTED_EDGE('',*,*,#6807,.F.);
#9319=ORIENTED_EDGE('',*,*,#6809,.T.);
#9320=ORIENTED_EDGE('',*,*,#6806,.F.);
#9321=ORIENTED_EDGE('',*,*,#6078,.T.);
#9322=ORIENTED_EDGE('',*,*,#6808,.F.);
#9323=ORIENTED_EDGE('',*,*,#6810,.T.);
#9324=ORIENTED_EDGE('',*,*,#6798,.F.);
#9325=ORIENTED_EDGE('',*,*,#6802,.T.);
#9326=ORIENTED_EDGE('',*,*,#6810,.F.);
#9327=ORIENTED_EDGE('',*,*,#6811,.F.);
#9328=ORIENTED_EDGE('',*,*,#6799,.F.);
#9329=ORIENTED_EDGE('',*,*,#6811,.T.);
#9330=ORIENTED_EDGE('',*,*,#6809,.F.);
#9331=ORIENTED_EDGE('',*,*,#6803,.F.);
#9332=ORIENTED_EDGE('',*,*,#6812,.T.);
#9333=ORIENTED_EDGE('',*,*,#5856,.T.);
#9334=ORIENTED_EDGE('',*,*,#6813,.T.);
#9335=ORIENTED_EDGE('',*,*,#6814,.T.);
#9336=ORIENTED_EDGE('',*,*,#6815,.T.);
#9337=ORIENTED_EDGE('',*,*,#5857,.T.);
#9338=ORIENTED_EDGE('',*,*,#6812,.F.);
#9339=ORIENTED_EDGE('',*,*,#6816,.T.);
#9340=ORIENTED_EDGE('',*,*,#6817,.T.);
#9341=ORIENTED_EDGE('',*,*,#5858,.T.);
#9342=ORIENTED_EDGE('',*,*,#6815,.F.);
#9343=ORIENTED_EDGE('',*,*,#6818,.T.);
#9344=ORIENTED_EDGE('',*,*,#6813,.F.);
#9345=ORIENTED_EDGE('',*,*,#5859,.T.);
#9346=ORIENTED_EDGE('',*,*,#6817,.F.);
#9347=ORIENTED_EDGE('',*,*,#6819,.T.);
#9348=ORIENTED_EDGE('',*,*,#6816,.F.);
#9349=ORIENTED_EDGE('',*,*,#6820,.T.);
#9350=ORIENTED_EDGE('',*,*,#6821,.F.);
#9351=ORIENTED_EDGE('',*,*,#6822,.F.);
#9352=ORIENTED_EDGE('',*,*,#6814,.F.);
#9353=ORIENTED_EDGE('',*,*,#6823,.T.);
#9354=ORIENTED_EDGE('',*,*,#6824,.F.);
#9355=ORIENTED_EDGE('',*,*,#6820,.F.);
#9356=ORIENTED_EDGE('',*,*,#6825,.T.);
#9357=ORIENTED_EDGE('',*,*,#6071,.T.);
#9358=ORIENTED_EDGE('',*,*,#6826,.T.);
#9359=ORIENTED_EDGE('',*,*,#6821,.T.);
#9360=ORIENTED_EDGE('',*,*,#6827,.T.);
#9361=ORIENTED_EDGE('',*,*,#6072,.T.);
#9362=ORIENTED_EDGE('',*,*,#6825,.F.);
#9363=ORIENTED_EDGE('',*,*,#6824,.T.);
#9364=ORIENTED_EDGE('',*,*,#6828,.T.);
#9365=ORIENTED_EDGE('',*,*,#6073,.T.);
#9366=ORIENTED_EDGE('',*,*,#6827,.F.);
#9367=ORIENTED_EDGE('',*,*,#6829,.T.);
#9368=ORIENTED_EDGE('',*,*,#6826,.F.);
#9369=ORIENTED_EDGE('',*,*,#6074,.T.);
#9370=ORIENTED_EDGE('',*,*,#6828,.F.);
#9371=ORIENTED_EDGE('',*,*,#6830,.T.);
#9372=ORIENTED_EDGE('',*,*,#6818,.F.);
#9373=ORIENTED_EDGE('',*,*,#6822,.T.);
#9374=ORIENTED_EDGE('',*,*,#6830,.F.);
#9375=ORIENTED_EDGE('',*,*,#6831,.F.);
#9376=ORIENTED_EDGE('',*,*,#6819,.F.);
#9377=ORIENTED_EDGE('',*,*,#6831,.T.);
#9378=ORIENTED_EDGE('',*,*,#6829,.F.);
#9379=ORIENTED_EDGE('',*,*,#6823,.F.);
#9380=ORIENTED_EDGE('',*,*,#6832,.T.);
#9381=ORIENTED_EDGE('',*,*,#5860,.T.);
#9382=ORIENTED_EDGE('',*,*,#6833,.T.);
#9383=ORIENTED_EDGE('',*,*,#6834,.T.);
#9384=ORIENTED_EDGE('',*,*,#6835,.T.);
#9385=ORIENTED_EDGE('',*,*,#5861,.T.);
#9386=ORIENTED_EDGE('',*,*,#6832,.F.);
#9387=ORIENTED_EDGE('',*,*,#6836,.T.);
#9388=ORIENTED_EDGE('',*,*,#6837,.T.);
#9389=ORIENTED_EDGE('',*,*,#5862,.T.);
#9390=ORIENTED_EDGE('',*,*,#6835,.F.);
#9391=ORIENTED_EDGE('',*,*,#6838,.T.);
#9392=ORIENTED_EDGE('',*,*,#6833,.F.);
#9393=ORIENTED_EDGE('',*,*,#5863,.T.);
#9394=ORIENTED_EDGE('',*,*,#6837,.F.);
#9395=ORIENTED_EDGE('',*,*,#6839,.T.);
#9396=ORIENTED_EDGE('',*,*,#6836,.F.);
#9397=ORIENTED_EDGE('',*,*,#6840,.T.);
#9398=ORIENTED_EDGE('',*,*,#6841,.F.);
#9399=ORIENTED_EDGE('',*,*,#6842,.F.);
#9400=ORIENTED_EDGE('',*,*,#6834,.F.);
#9401=ORIENTED_EDGE('',*,*,#6843,.T.);
#9402=ORIENTED_EDGE('',*,*,#6844,.F.);
#9403=ORIENTED_EDGE('',*,*,#6840,.F.);
#9404=ORIENTED_EDGE('',*,*,#6845,.T.);
#9405=ORIENTED_EDGE('',*,*,#6067,.T.);
#9406=ORIENTED_EDGE('',*,*,#6846,.T.);
#9407=ORIENTED_EDGE('',*,*,#6841,.T.);
#9408=ORIENTED_EDGE('',*,*,#6847,.T.);
#9409=ORIENTED_EDGE('',*,*,#6068,.T.);
#9410=ORIENTED_EDGE('',*,*,#6845,.F.);
#9411=ORIENTED_EDGE('',*,*,#6844,.T.);
#9412=ORIENTED_EDGE('',*,*,#6848,.T.);
#9413=ORIENTED_EDGE('',*,*,#6069,.T.);
#9414=ORIENTED_EDGE('',*,*,#6847,.F.);
#9415=ORIENTED_EDGE('',*,*,#6849,.T.);
#9416=ORIENTED_EDGE('',*,*,#6846,.F.);
#9417=ORIENTED_EDGE('',*,*,#6070,.T.);
#9418=ORIENTED_EDGE('',*,*,#6848,.F.);
#9419=ORIENTED_EDGE('',*,*,#6850,.T.);
#9420=ORIENTED_EDGE('',*,*,#6838,.F.);
#9421=ORIENTED_EDGE('',*,*,#6842,.T.);
#9422=ORIENTED_EDGE('',*,*,#6850,.F.);
#9423=ORIENTED_EDGE('',*,*,#6851,.F.);
#9424=ORIENTED_EDGE('',*,*,#6839,.F.);
#9425=ORIENTED_EDGE('',*,*,#6851,.T.);
#9426=ORIENTED_EDGE('',*,*,#6849,.F.);
#9427=ORIENTED_EDGE('',*,*,#6843,.F.);
#9428=ORIENTED_EDGE('',*,*,#6852,.T.);
#9429=ORIENTED_EDGE('',*,*,#5864,.T.);
#9430=ORIENTED_EDGE('',*,*,#6853,.T.);
#9431=ORIENTED_EDGE('',*,*,#6854,.T.);
#9432=ORIENTED_EDGE('',*,*,#6855,.T.);
#9433=ORIENTED_EDGE('',*,*,#5865,.T.);
#9434=ORIENTED_EDGE('',*,*,#6852,.F.);
#9435=ORIENTED_EDGE('',*,*,#6856,.T.);
#9436=ORIENTED_EDGE('',*,*,#6857,.T.);
#9437=ORIENTED_EDGE('',*,*,#5866,.T.);
#9438=ORIENTED_EDGE('',*,*,#6855,.F.);
#9439=ORIENTED_EDGE('',*,*,#6858,.T.);
#9440=ORIENTED_EDGE('',*,*,#6853,.F.);
#9441=ORIENTED_EDGE('',*,*,#5867,.T.);
#9442=ORIENTED_EDGE('',*,*,#6857,.F.);
#9443=ORIENTED_EDGE('',*,*,#6859,.T.);
#9444=ORIENTED_EDGE('',*,*,#6856,.F.);
#9445=ORIENTED_EDGE('',*,*,#6860,.T.);
#9446=ORIENTED_EDGE('',*,*,#6861,.F.);
#9447=ORIENTED_EDGE('',*,*,#6862,.F.);
#9448=ORIENTED_EDGE('',*,*,#6854,.F.);
#9449=ORIENTED_EDGE('',*,*,#6863,.T.);
#9450=ORIENTED_EDGE('',*,*,#6864,.F.);
#9451=ORIENTED_EDGE('',*,*,#6860,.F.);
#9452=ORIENTED_EDGE('',*,*,#6865,.T.);
#9453=ORIENTED_EDGE('',*,*,#6063,.T.);
#9454=ORIENTED_EDGE('',*,*,#6866,.T.);
#9455=ORIENTED_EDGE('',*,*,#6861,.T.);
#9456=ORIENTED_EDGE('',*,*,#6867,.T.);
#9457=ORIENTED_EDGE('',*,*,#6064,.T.);
#9458=ORIENTED_EDGE('',*,*,#6865,.F.);
#9459=ORIENTED_EDGE('',*,*,#6864,.T.);
#9460=ORIENTED_EDGE('',*,*,#6868,.T.);
#9461=ORIENTED_EDGE('',*,*,#6065,.T.);
#9462=ORIENTED_EDGE('',*,*,#6867,.F.);
#9463=ORIENTED_EDGE('',*,*,#6869,.T.);
#9464=ORIENTED_EDGE('',*,*,#6866,.F.);
#9465=ORIENTED_EDGE('',*,*,#6066,.T.);
#9466=ORIENTED_EDGE('',*,*,#6868,.F.);
#9467=ORIENTED_EDGE('',*,*,#6870,.T.);
#9468=ORIENTED_EDGE('',*,*,#6858,.F.);
#9469=ORIENTED_EDGE('',*,*,#6862,.T.);
#9470=ORIENTED_EDGE('',*,*,#6870,.F.);
#9471=ORIENTED_EDGE('',*,*,#6871,.F.);
#9472=ORIENTED_EDGE('',*,*,#6859,.F.);
#9473=ORIENTED_EDGE('',*,*,#6871,.T.);
#9474=ORIENTED_EDGE('',*,*,#6869,.F.);
#9475=ORIENTED_EDGE('',*,*,#6863,.F.);
#9476=ORIENTED_EDGE('',*,*,#6872,.T.);
#9477=ORIENTED_EDGE('',*,*,#5868,.T.);
#9478=ORIENTED_EDGE('',*,*,#6873,.T.);
#9479=ORIENTED_EDGE('',*,*,#6874,.T.);
#9480=ORIENTED_EDGE('',*,*,#6875,.T.);
#9481=ORIENTED_EDGE('',*,*,#5869,.T.);
#9482=ORIENTED_EDGE('',*,*,#6872,.F.);
#9483=ORIENTED_EDGE('',*,*,#6876,.T.);
#9484=ORIENTED_EDGE('',*,*,#6877,.T.);
#9485=ORIENTED_EDGE('',*,*,#5870,.T.);
#9486=ORIENTED_EDGE('',*,*,#6875,.F.);
#9487=ORIENTED_EDGE('',*,*,#6878,.T.);
#9488=ORIENTED_EDGE('',*,*,#6873,.F.);
#9489=ORIENTED_EDGE('',*,*,#5871,.T.);
#9490=ORIENTED_EDGE('',*,*,#6877,.F.);
#9491=ORIENTED_EDGE('',*,*,#6879,.T.);
#9492=ORIENTED_EDGE('',*,*,#6876,.F.);
#9493=ORIENTED_EDGE('',*,*,#6880,.T.);
#9494=ORIENTED_EDGE('',*,*,#6881,.F.);
#9495=ORIENTED_EDGE('',*,*,#6882,.F.);
#9496=ORIENTED_EDGE('',*,*,#6874,.F.);
#9497=ORIENTED_EDGE('',*,*,#6883,.T.);
#9498=ORIENTED_EDGE('',*,*,#6884,.F.);
#9499=ORIENTED_EDGE('',*,*,#6880,.F.);
#9500=ORIENTED_EDGE('',*,*,#6885,.T.);
#9501=ORIENTED_EDGE('',*,*,#6059,.T.);
#9502=ORIENTED_EDGE('',*,*,#6886,.T.);
#9503=ORIENTED_EDGE('',*,*,#6881,.T.);
#9504=ORIENTED_EDGE('',*,*,#6887,.T.);
#9505=ORIENTED_EDGE('',*,*,#6060,.T.);
#9506=ORIENTED_EDGE('',*,*,#6885,.F.);
#9507=ORIENTED_EDGE('',*,*,#6884,.T.);
#9508=ORIENTED_EDGE('',*,*,#6888,.T.);
#9509=ORIENTED_EDGE('',*,*,#6061,.T.);
#9510=ORIENTED_EDGE('',*,*,#6887,.F.);
#9511=ORIENTED_EDGE('',*,*,#6889,.T.);
#9512=ORIENTED_EDGE('',*,*,#6886,.F.);
#9513=ORIENTED_EDGE('',*,*,#6062,.T.);
#9514=ORIENTED_EDGE('',*,*,#6888,.F.);
#9515=ORIENTED_EDGE('',*,*,#6890,.T.);
#9516=ORIENTED_EDGE('',*,*,#6878,.F.);
#9517=ORIENTED_EDGE('',*,*,#6882,.T.);
#9518=ORIENTED_EDGE('',*,*,#6890,.F.);
#9519=ORIENTED_EDGE('',*,*,#6891,.F.);
#9520=ORIENTED_EDGE('',*,*,#6879,.F.);
#9521=ORIENTED_EDGE('',*,*,#6891,.T.);
#9522=ORIENTED_EDGE('',*,*,#6889,.F.);
#9523=ORIENTED_EDGE('',*,*,#6883,.F.);
#9524=ORIENTED_EDGE('',*,*,#6892,.T.);
#9525=ORIENTED_EDGE('',*,*,#5872,.T.);
#9526=ORIENTED_EDGE('',*,*,#6893,.T.);
#9527=ORIENTED_EDGE('',*,*,#6894,.T.);
#9528=ORIENTED_EDGE('',*,*,#6895,.T.);
#9529=ORIENTED_EDGE('',*,*,#5873,.T.);
#9530=ORIENTED_EDGE('',*,*,#6892,.F.);
#9531=ORIENTED_EDGE('',*,*,#6896,.T.);
#9532=ORIENTED_EDGE('',*,*,#6897,.T.);
#9533=ORIENTED_EDGE('',*,*,#5874,.T.);
#9534=ORIENTED_EDGE('',*,*,#6895,.F.);
#9535=ORIENTED_EDGE('',*,*,#6898,.T.);
#9536=ORIENTED_EDGE('',*,*,#6893,.F.);
#9537=ORIENTED_EDGE('',*,*,#5875,.T.);
#9538=ORIENTED_EDGE('',*,*,#6897,.F.);
#9539=ORIENTED_EDGE('',*,*,#6899,.T.);
#9540=ORIENTED_EDGE('',*,*,#6896,.F.);
#9541=ORIENTED_EDGE('',*,*,#6900,.T.);
#9542=ORIENTED_EDGE('',*,*,#6901,.F.);
#9543=ORIENTED_EDGE('',*,*,#6902,.F.);
#9544=ORIENTED_EDGE('',*,*,#6894,.F.);
#9545=ORIENTED_EDGE('',*,*,#6903,.T.);
#9546=ORIENTED_EDGE('',*,*,#6904,.F.);
#9547=ORIENTED_EDGE('',*,*,#6900,.F.);
#9548=ORIENTED_EDGE('',*,*,#6905,.T.);
#9549=ORIENTED_EDGE('',*,*,#6055,.T.);
#9550=ORIENTED_EDGE('',*,*,#6906,.T.);
#9551=ORIENTED_EDGE('',*,*,#6901,.T.);
#9552=ORIENTED_EDGE('',*,*,#6907,.T.);
#9553=ORIENTED_EDGE('',*,*,#6056,.T.);
#9554=ORIENTED_EDGE('',*,*,#6905,.F.);
#9555=ORIENTED_EDGE('',*,*,#6904,.T.);
#9556=ORIENTED_EDGE('',*,*,#6908,.T.);
#9557=ORIENTED_EDGE('',*,*,#6057,.T.);
#9558=ORIENTED_EDGE('',*,*,#6907,.F.);
#9559=ORIENTED_EDGE('',*,*,#6909,.T.);
#9560=ORIENTED_EDGE('',*,*,#6906,.F.);
#9561=ORIENTED_EDGE('',*,*,#6058,.T.);
#9562=ORIENTED_EDGE('',*,*,#6908,.F.);
#9563=ORIENTED_EDGE('',*,*,#6910,.T.);
#9564=ORIENTED_EDGE('',*,*,#6898,.F.);
#9565=ORIENTED_EDGE('',*,*,#6902,.T.);
#9566=ORIENTED_EDGE('',*,*,#6910,.F.);
#9567=ORIENTED_EDGE('',*,*,#6911,.F.);
#9568=ORIENTED_EDGE('',*,*,#6899,.F.);
#9569=ORIENTED_EDGE('',*,*,#6911,.T.);
#9570=ORIENTED_EDGE('',*,*,#6909,.F.);
#9571=ORIENTED_EDGE('',*,*,#6903,.F.);
#9572=ORIENTED_EDGE('',*,*,#6912,.T.);
#9573=ORIENTED_EDGE('',*,*,#5876,.T.);
#9574=ORIENTED_EDGE('',*,*,#6913,.T.);
#9575=ORIENTED_EDGE('',*,*,#6914,.T.);
#9576=ORIENTED_EDGE('',*,*,#6915,.T.);
#9577=ORIENTED_EDGE('',*,*,#5877,.T.);
#9578=ORIENTED_EDGE('',*,*,#6912,.F.);
#9579=ORIENTED_EDGE('',*,*,#6916,.T.);
#9580=ORIENTED_EDGE('',*,*,#6917,.T.);
#9581=ORIENTED_EDGE('',*,*,#5878,.T.);
#9582=ORIENTED_EDGE('',*,*,#6915,.F.);
#9583=ORIENTED_EDGE('',*,*,#6918,.T.);
#9584=ORIENTED_EDGE('',*,*,#6913,.F.);
#9585=ORIENTED_EDGE('',*,*,#5879,.T.);
#9586=ORIENTED_EDGE('',*,*,#6917,.F.);
#9587=ORIENTED_EDGE('',*,*,#6919,.T.);
#9588=ORIENTED_EDGE('',*,*,#6916,.F.);
#9589=ORIENTED_EDGE('',*,*,#6920,.T.);
#9590=ORIENTED_EDGE('',*,*,#6921,.F.);
#9591=ORIENTED_EDGE('',*,*,#6922,.F.);
#9592=ORIENTED_EDGE('',*,*,#6914,.F.);
#9593=ORIENTED_EDGE('',*,*,#6923,.T.);
#9594=ORIENTED_EDGE('',*,*,#6924,.F.);
#9595=ORIENTED_EDGE('',*,*,#6920,.F.);
#9596=ORIENTED_EDGE('',*,*,#6925,.T.);
#9597=ORIENTED_EDGE('',*,*,#6051,.T.);
#9598=ORIENTED_EDGE('',*,*,#6926,.T.);
#9599=ORIENTED_EDGE('',*,*,#6921,.T.);
#9600=ORIENTED_EDGE('',*,*,#6927,.T.);
#9601=ORIENTED_EDGE('',*,*,#6052,.T.);
#9602=ORIENTED_EDGE('',*,*,#6925,.F.);
#9603=ORIENTED_EDGE('',*,*,#6924,.T.);
#9604=ORIENTED_EDGE('',*,*,#6928,.T.);
#9605=ORIENTED_EDGE('',*,*,#6053,.T.);
#9606=ORIENTED_EDGE('',*,*,#6927,.F.);
#9607=ORIENTED_EDGE('',*,*,#6929,.T.);
#9608=ORIENTED_EDGE('',*,*,#6926,.F.);
#9609=ORIENTED_EDGE('',*,*,#6054,.T.);
#9610=ORIENTED_EDGE('',*,*,#6928,.F.);
#9611=ORIENTED_EDGE('',*,*,#6930,.T.);
#9612=ORIENTED_EDGE('',*,*,#6918,.F.);
#9613=ORIENTED_EDGE('',*,*,#6922,.T.);
#9614=ORIENTED_EDGE('',*,*,#6930,.F.);
#9615=ORIENTED_EDGE('',*,*,#6931,.F.);
#9616=ORIENTED_EDGE('',*,*,#6919,.F.);
#9617=ORIENTED_EDGE('',*,*,#6931,.T.);
#9618=ORIENTED_EDGE('',*,*,#6929,.F.);
#9619=ORIENTED_EDGE('',*,*,#6923,.F.);
#9620=ORIENTED_EDGE('',*,*,#6932,.T.);
#9621=ORIENTED_EDGE('',*,*,#5880,.T.);
#9622=ORIENTED_EDGE('',*,*,#6933,.T.);
#9623=ORIENTED_EDGE('',*,*,#6934,.T.);
#9624=ORIENTED_EDGE('',*,*,#6935,.T.);
#9625=ORIENTED_EDGE('',*,*,#5881,.T.);
#9626=ORIENTED_EDGE('',*,*,#6932,.F.);
#9627=ORIENTED_EDGE('',*,*,#6936,.T.);
#9628=ORIENTED_EDGE('',*,*,#6937,.T.);
#9629=ORIENTED_EDGE('',*,*,#5882,.T.);
#9630=ORIENTED_EDGE('',*,*,#6935,.F.);
#9631=ORIENTED_EDGE('',*,*,#6938,.T.);
#9632=ORIENTED_EDGE('',*,*,#6933,.F.);
#9633=ORIENTED_EDGE('',*,*,#5883,.T.);
#9634=ORIENTED_EDGE('',*,*,#6937,.F.);
#9635=ORIENTED_EDGE('',*,*,#6939,.T.);
#9636=ORIENTED_EDGE('',*,*,#6936,.F.);
#9637=ORIENTED_EDGE('',*,*,#6940,.T.);
#9638=ORIENTED_EDGE('',*,*,#6941,.F.);
#9639=ORIENTED_EDGE('',*,*,#6942,.F.);
#9640=ORIENTED_EDGE('',*,*,#6934,.F.);
#9641=ORIENTED_EDGE('',*,*,#6943,.T.);
#9642=ORIENTED_EDGE('',*,*,#6944,.F.);
#9643=ORIENTED_EDGE('',*,*,#6940,.F.);
#9644=ORIENTED_EDGE('',*,*,#6945,.T.);
#9645=ORIENTED_EDGE('',*,*,#6047,.T.);
#9646=ORIENTED_EDGE('',*,*,#6946,.T.);
#9647=ORIENTED_EDGE('',*,*,#6941,.T.);
#9648=ORIENTED_EDGE('',*,*,#6947,.T.);
#9649=ORIENTED_EDGE('',*,*,#6048,.T.);
#9650=ORIENTED_EDGE('',*,*,#6945,.F.);
#9651=ORIENTED_EDGE('',*,*,#6944,.T.);
#9652=ORIENTED_EDGE('',*,*,#6948,.T.);
#9653=ORIENTED_EDGE('',*,*,#6049,.T.);
#9654=ORIENTED_EDGE('',*,*,#6947,.F.);
#9655=ORIENTED_EDGE('',*,*,#6949,.T.);
#9656=ORIENTED_EDGE('',*,*,#6946,.F.);
#9657=ORIENTED_EDGE('',*,*,#6050,.T.);
#9658=ORIENTED_EDGE('',*,*,#6948,.F.);
#9659=ORIENTED_EDGE('',*,*,#6950,.T.);
#9660=ORIENTED_EDGE('',*,*,#6938,.F.);
#9661=ORIENTED_EDGE('',*,*,#6942,.T.);
#9662=ORIENTED_EDGE('',*,*,#6950,.F.);
#9663=ORIENTED_EDGE('',*,*,#6951,.F.);
#9664=ORIENTED_EDGE('',*,*,#6939,.F.);
#9665=ORIENTED_EDGE('',*,*,#6951,.T.);
#9666=ORIENTED_EDGE('',*,*,#6949,.F.);
#9667=ORIENTED_EDGE('',*,*,#6943,.F.);
#9668=ORIENTED_EDGE('',*,*,#6952,.T.);
#9669=ORIENTED_EDGE('',*,*,#5884,.T.);
#9670=ORIENTED_EDGE('',*,*,#6953,.T.);
#9671=ORIENTED_EDGE('',*,*,#6954,.T.);
#9672=ORIENTED_EDGE('',*,*,#6955,.T.);
#9673=ORIENTED_EDGE('',*,*,#5885,.T.);
#9674=ORIENTED_EDGE('',*,*,#6952,.F.);
#9675=ORIENTED_EDGE('',*,*,#6956,.T.);
#9676=ORIENTED_EDGE('',*,*,#6957,.T.);
#9677=ORIENTED_EDGE('',*,*,#5886,.T.);
#9678=ORIENTED_EDGE('',*,*,#6955,.F.);
#9679=ORIENTED_EDGE('',*,*,#6958,.T.);
#9680=ORIENTED_EDGE('',*,*,#6953,.F.);
#9681=ORIENTED_EDGE('',*,*,#5887,.T.);
#9682=ORIENTED_EDGE('',*,*,#6957,.F.);
#9683=ORIENTED_EDGE('',*,*,#6959,.T.);
#9684=ORIENTED_EDGE('',*,*,#6956,.F.);
#9685=ORIENTED_EDGE('',*,*,#6960,.T.);
#9686=ORIENTED_EDGE('',*,*,#6961,.F.);
#9687=ORIENTED_EDGE('',*,*,#6962,.F.);
#9688=ORIENTED_EDGE('',*,*,#6954,.F.);
#9689=ORIENTED_EDGE('',*,*,#6963,.T.);
#9690=ORIENTED_EDGE('',*,*,#6964,.F.);
#9691=ORIENTED_EDGE('',*,*,#6960,.F.);
#9692=ORIENTED_EDGE('',*,*,#6965,.T.);
#9693=ORIENTED_EDGE('',*,*,#6043,.T.);
#9694=ORIENTED_EDGE('',*,*,#6966,.T.);
#9695=ORIENTED_EDGE('',*,*,#6961,.T.);
#9696=ORIENTED_EDGE('',*,*,#6967,.T.);
#9697=ORIENTED_EDGE('',*,*,#6044,.T.);
#9698=ORIENTED_EDGE('',*,*,#6965,.F.);
#9699=ORIENTED_EDGE('',*,*,#6964,.T.);
#9700=ORIENTED_EDGE('',*,*,#6968,.T.);
#9701=ORIENTED_EDGE('',*,*,#6045,.T.);
#9702=ORIENTED_EDGE('',*,*,#6967,.F.);
#9703=ORIENTED_EDGE('',*,*,#6969,.T.);
#9704=ORIENTED_EDGE('',*,*,#6966,.F.);
#9705=ORIENTED_EDGE('',*,*,#6046,.T.);
#9706=ORIENTED_EDGE('',*,*,#6968,.F.);
#9707=ORIENTED_EDGE('',*,*,#6970,.T.);
#9708=ORIENTED_EDGE('',*,*,#6958,.F.);
#9709=ORIENTED_EDGE('',*,*,#6962,.T.);
#9710=ORIENTED_EDGE('',*,*,#6970,.F.);
#9711=ORIENTED_EDGE('',*,*,#6971,.F.);
#9712=ORIENTED_EDGE('',*,*,#6959,.F.);
#9713=ORIENTED_EDGE('',*,*,#6971,.T.);
#9714=ORIENTED_EDGE('',*,*,#6969,.F.);
#9715=ORIENTED_EDGE('',*,*,#6963,.F.);
#9716=ORIENTED_EDGE('',*,*,#6972,.T.);
#9717=ORIENTED_EDGE('',*,*,#5888,.T.);
#9718=ORIENTED_EDGE('',*,*,#6973,.T.);
#9719=ORIENTED_EDGE('',*,*,#6974,.T.);
#9720=ORIENTED_EDGE('',*,*,#6975,.T.);
#9721=ORIENTED_EDGE('',*,*,#5889,.T.);
#9722=ORIENTED_EDGE('',*,*,#6972,.F.);
#9723=ORIENTED_EDGE('',*,*,#6976,.T.);
#9724=ORIENTED_EDGE('',*,*,#6977,.T.);
#9725=ORIENTED_EDGE('',*,*,#5890,.T.);
#9726=ORIENTED_EDGE('',*,*,#6975,.F.);
#9727=ORIENTED_EDGE('',*,*,#6978,.T.);
#9728=ORIENTED_EDGE('',*,*,#6973,.F.);
#9729=ORIENTED_EDGE('',*,*,#5891,.T.);
#9730=ORIENTED_EDGE('',*,*,#6977,.F.);
#9731=ORIENTED_EDGE('',*,*,#6979,.T.);
#9732=ORIENTED_EDGE('',*,*,#6976,.F.);
#9733=ORIENTED_EDGE('',*,*,#6980,.T.);
#9734=ORIENTED_EDGE('',*,*,#6981,.F.);
#9735=ORIENTED_EDGE('',*,*,#6982,.F.);
#9736=ORIENTED_EDGE('',*,*,#6974,.F.);
#9737=ORIENTED_EDGE('',*,*,#6983,.T.);
#9738=ORIENTED_EDGE('',*,*,#6984,.F.);
#9739=ORIENTED_EDGE('',*,*,#6980,.F.);
#9740=ORIENTED_EDGE('',*,*,#6985,.T.);
#9741=ORIENTED_EDGE('',*,*,#6039,.T.);
#9742=ORIENTED_EDGE('',*,*,#6986,.T.);
#9743=ORIENTED_EDGE('',*,*,#6981,.T.);
#9744=ORIENTED_EDGE('',*,*,#6987,.T.);
#9745=ORIENTED_EDGE('',*,*,#6040,.T.);
#9746=ORIENTED_EDGE('',*,*,#6985,.F.);
#9747=ORIENTED_EDGE('',*,*,#6984,.T.);
#9748=ORIENTED_EDGE('',*,*,#6988,.T.);
#9749=ORIENTED_EDGE('',*,*,#6041,.T.);
#9750=ORIENTED_EDGE('',*,*,#6987,.F.);
#9751=ORIENTED_EDGE('',*,*,#6989,.T.);
#9752=ORIENTED_EDGE('',*,*,#6986,.F.);
#9753=ORIENTED_EDGE('',*,*,#6042,.T.);
#9754=ORIENTED_EDGE('',*,*,#6988,.F.);
#9755=ORIENTED_EDGE('',*,*,#6990,.T.);
#9756=ORIENTED_EDGE('',*,*,#6978,.F.);
#9757=ORIENTED_EDGE('',*,*,#6982,.T.);
#9758=ORIENTED_EDGE('',*,*,#6990,.F.);
#9759=ORIENTED_EDGE('',*,*,#6991,.F.);
#9760=ORIENTED_EDGE('',*,*,#6979,.F.);
#9761=ORIENTED_EDGE('',*,*,#6991,.T.);
#9762=ORIENTED_EDGE('',*,*,#6989,.F.);
#9763=ORIENTED_EDGE('',*,*,#6983,.F.);
#9764=ORIENTED_EDGE('',*,*,#6992,.T.);
#9765=ORIENTED_EDGE('',*,*,#5892,.T.);
#9766=ORIENTED_EDGE('',*,*,#6993,.T.);
#9767=ORIENTED_EDGE('',*,*,#6994,.T.);
#9768=ORIENTED_EDGE('',*,*,#6995,.T.);
#9769=ORIENTED_EDGE('',*,*,#5893,.T.);
#9770=ORIENTED_EDGE('',*,*,#6992,.F.);
#9771=ORIENTED_EDGE('',*,*,#6996,.T.);
#9772=ORIENTED_EDGE('',*,*,#6997,.T.);
#9773=ORIENTED_EDGE('',*,*,#5894,.T.);
#9774=ORIENTED_EDGE('',*,*,#6995,.F.);
#9775=ORIENTED_EDGE('',*,*,#6998,.T.);
#9776=ORIENTED_EDGE('',*,*,#6993,.F.);
#9777=ORIENTED_EDGE('',*,*,#5895,.T.);
#9778=ORIENTED_EDGE('',*,*,#6997,.F.);
#9779=ORIENTED_EDGE('',*,*,#6999,.T.);
#9780=ORIENTED_EDGE('',*,*,#6996,.F.);
#9781=ORIENTED_EDGE('',*,*,#7000,.T.);
#9782=ORIENTED_EDGE('',*,*,#7001,.F.);
#9783=ORIENTED_EDGE('',*,*,#7002,.F.);
#9784=ORIENTED_EDGE('',*,*,#6994,.F.);
#9785=ORIENTED_EDGE('',*,*,#7003,.T.);
#9786=ORIENTED_EDGE('',*,*,#7004,.F.);
#9787=ORIENTED_EDGE('',*,*,#7000,.F.);
#9788=ORIENTED_EDGE('',*,*,#7005,.T.);
#9789=ORIENTED_EDGE('',*,*,#6035,.T.);
#9790=ORIENTED_EDGE('',*,*,#7006,.T.);
#9791=ORIENTED_EDGE('',*,*,#7001,.T.);
#9792=ORIENTED_EDGE('',*,*,#7007,.T.);
#9793=ORIENTED_EDGE('',*,*,#6036,.T.);
#9794=ORIENTED_EDGE('',*,*,#7005,.F.);
#9795=ORIENTED_EDGE('',*,*,#7004,.T.);
#9796=ORIENTED_EDGE('',*,*,#7008,.T.);
#9797=ORIENTED_EDGE('',*,*,#6037,.T.);
#9798=ORIENTED_EDGE('',*,*,#7007,.F.);
#9799=ORIENTED_EDGE('',*,*,#7009,.T.);
#9800=ORIENTED_EDGE('',*,*,#7006,.F.);
#9801=ORIENTED_EDGE('',*,*,#6038,.T.);
#9802=ORIENTED_EDGE('',*,*,#7008,.F.);
#9803=ORIENTED_EDGE('',*,*,#7010,.T.);
#9804=ORIENTED_EDGE('',*,*,#6998,.F.);
#9805=ORIENTED_EDGE('',*,*,#7002,.T.);
#9806=ORIENTED_EDGE('',*,*,#7010,.F.);
#9807=ORIENTED_EDGE('',*,*,#7011,.F.);
#9808=ORIENTED_EDGE('',*,*,#6999,.F.);
#9809=ORIENTED_EDGE('',*,*,#7011,.T.);
#9810=ORIENTED_EDGE('',*,*,#7009,.F.);
#9811=ORIENTED_EDGE('',*,*,#7003,.F.);
#9812=ORIENTED_EDGE('',*,*,#7012,.T.);
#9813=ORIENTED_EDGE('',*,*,#5896,.T.);
#9814=ORIENTED_EDGE('',*,*,#7013,.T.);
#9815=ORIENTED_EDGE('',*,*,#7014,.T.);
#9816=ORIENTED_EDGE('',*,*,#7015,.T.);
#9817=ORIENTED_EDGE('',*,*,#5897,.T.);
#9818=ORIENTED_EDGE('',*,*,#7012,.F.);
#9819=ORIENTED_EDGE('',*,*,#7016,.T.);
#9820=ORIENTED_EDGE('',*,*,#7017,.T.);
#9821=ORIENTED_EDGE('',*,*,#5898,.T.);
#9822=ORIENTED_EDGE('',*,*,#7015,.F.);
#9823=ORIENTED_EDGE('',*,*,#7018,.T.);
#9824=ORIENTED_EDGE('',*,*,#7013,.F.);
#9825=ORIENTED_EDGE('',*,*,#5899,.T.);
#9826=ORIENTED_EDGE('',*,*,#7017,.F.);
#9827=ORIENTED_EDGE('',*,*,#7019,.T.);
#9828=ORIENTED_EDGE('',*,*,#7016,.F.);
#9829=ORIENTED_EDGE('',*,*,#7020,.T.);
#9830=ORIENTED_EDGE('',*,*,#7021,.F.);
#9831=ORIENTED_EDGE('',*,*,#7022,.F.);
#9832=ORIENTED_EDGE('',*,*,#7014,.F.);
#9833=ORIENTED_EDGE('',*,*,#7023,.T.);
#9834=ORIENTED_EDGE('',*,*,#7024,.F.);
#9835=ORIENTED_EDGE('',*,*,#7020,.F.);
#9836=ORIENTED_EDGE('',*,*,#7025,.T.);
#9837=ORIENTED_EDGE('',*,*,#6031,.T.);
#9838=ORIENTED_EDGE('',*,*,#7026,.T.);
#9839=ORIENTED_EDGE('',*,*,#7021,.T.);
#9840=ORIENTED_EDGE('',*,*,#7027,.T.);
#9841=ORIENTED_EDGE('',*,*,#6032,.T.);
#9842=ORIENTED_EDGE('',*,*,#7025,.F.);
#9843=ORIENTED_EDGE('',*,*,#7024,.T.);
#9844=ORIENTED_EDGE('',*,*,#7028,.T.);
#9845=ORIENTED_EDGE('',*,*,#6033,.T.);
#9846=ORIENTED_EDGE('',*,*,#7027,.F.);
#9847=ORIENTED_EDGE('',*,*,#7029,.T.);
#9848=ORIENTED_EDGE('',*,*,#7026,.F.);
#9849=ORIENTED_EDGE('',*,*,#6034,.T.);
#9850=ORIENTED_EDGE('',*,*,#7028,.F.);
#9851=ORIENTED_EDGE('',*,*,#7030,.T.);
#9852=ORIENTED_EDGE('',*,*,#7018,.F.);
#9853=ORIENTED_EDGE('',*,*,#7022,.T.);
#9854=ORIENTED_EDGE('',*,*,#7030,.F.);
#9855=ORIENTED_EDGE('',*,*,#7031,.F.);
#9856=ORIENTED_EDGE('',*,*,#7019,.F.);
#9857=ORIENTED_EDGE('',*,*,#7031,.T.);
#9858=ORIENTED_EDGE('',*,*,#7029,.F.);
#9859=ORIENTED_EDGE('',*,*,#7023,.F.);
#9860=ORIENTED_EDGE('',*,*,#7032,.T.);
#9861=ORIENTED_EDGE('',*,*,#6131,.T.);
#9862=ORIENTED_EDGE('',*,*,#7033,.T.);
#9863=ORIENTED_EDGE('',*,*,#7034,.T.);
#9864=ORIENTED_EDGE('',*,*,#7035,.T.);
#9865=ORIENTED_EDGE('',*,*,#6132,.T.);
#9866=ORIENTED_EDGE('',*,*,#7032,.F.);
#9867=ORIENTED_EDGE('',*,*,#7036,.T.);
#9868=ORIENTED_EDGE('',*,*,#7037,.T.);
#9869=ORIENTED_EDGE('',*,*,#6133,.T.);
#9870=ORIENTED_EDGE('',*,*,#7035,.F.);
#9871=ORIENTED_EDGE('',*,*,#7038,.T.);
#9872=ORIENTED_EDGE('',*,*,#7033,.F.);
#9873=ORIENTED_EDGE('',*,*,#6134,.T.);
#9874=ORIENTED_EDGE('',*,*,#7037,.F.);
#9875=ORIENTED_EDGE('',*,*,#7039,.T.);
#9876=ORIENTED_EDGE('',*,*,#7036,.F.);
#9877=ORIENTED_EDGE('',*,*,#7040,.F.);
#9878=ORIENTED_EDGE('',*,*,#7041,.F.);
#9879=ORIENTED_EDGE('',*,*,#7042,.T.);
#9880=ORIENTED_EDGE('',*,*,#7034,.F.);
#9881=ORIENTED_EDGE('',*,*,#7043,.F.);
#9882=ORIENTED_EDGE('',*,*,#7044,.F.);
#9883=ORIENTED_EDGE('',*,*,#7040,.T.);
#9884=ORIENTED_EDGE('',*,*,#7045,.T.);
#9885=ORIENTED_EDGE('',*,*,#5796,.T.);
#9886=ORIENTED_EDGE('',*,*,#7046,.T.);
#9887=ORIENTED_EDGE('',*,*,#7047,.T.);
#9888=ORIENTED_EDGE('',*,*,#7048,.T.);
#9889=ORIENTED_EDGE('',*,*,#5797,.T.);
#9890=ORIENTED_EDGE('',*,*,#7045,.F.);
#9891=ORIENTED_EDGE('',*,*,#7041,.T.);
#9892=ORIENTED_EDGE('',*,*,#7049,.T.);
#9893=ORIENTED_EDGE('',*,*,#5798,.T.);
#9894=ORIENTED_EDGE('',*,*,#7048,.F.);
#9895=ORIENTED_EDGE('',*,*,#7044,.T.);
#9896=ORIENTED_EDGE('',*,*,#7046,.F.);
#9897=ORIENTED_EDGE('',*,*,#5799,.T.);
#9898=ORIENTED_EDGE('',*,*,#7049,.F.);
#9899=ORIENTED_EDGE('',*,*,#7050,.T.);
#9900=ORIENTED_EDGE('',*,*,#7038,.F.);
#9901=ORIENTED_EDGE('',*,*,#7042,.F.);
#9902=ORIENTED_EDGE('',*,*,#7047,.F.);
#9903=ORIENTED_EDGE('',*,*,#7051,.T.);
#9904=ORIENTED_EDGE('',*,*,#7039,.F.);
#9905=ORIENTED_EDGE('',*,*,#7051,.F.);
#9906=ORIENTED_EDGE('',*,*,#7050,.F.);
#9907=ORIENTED_EDGE('',*,*,#7043,.T.);
#9908=ORIENTED_EDGE('',*,*,#7052,.T.);
#9909=ORIENTED_EDGE('',*,*,#6135,.T.);
#9910=ORIENTED_EDGE('',*,*,#7053,.T.);
#9911=ORIENTED_EDGE('',*,*,#7054,.T.);
#9912=ORIENTED_EDGE('',*,*,#7055,.T.);
#9913=ORIENTED_EDGE('',*,*,#6136,.T.);
#9914=ORIENTED_EDGE('',*,*,#7052,.F.);
#9915=ORIENTED_EDGE('',*,*,#7056,.T.);
#9916=ORIENTED_EDGE('',*,*,#7057,.T.);
#9917=ORIENTED_EDGE('',*,*,#6137,.T.);
#9918=ORIENTED_EDGE('',*,*,#7055,.F.);
#9919=ORIENTED_EDGE('',*,*,#7058,.T.);
#9920=ORIENTED_EDGE('',*,*,#7053,.F.);
#9921=ORIENTED_EDGE('',*,*,#6138,.T.);
#9922=ORIENTED_EDGE('',*,*,#7057,.F.);
#9923=ORIENTED_EDGE('',*,*,#7059,.T.);
#9924=ORIENTED_EDGE('',*,*,#7056,.F.);
#9925=ORIENTED_EDGE('',*,*,#7060,.F.);
#9926=ORIENTED_EDGE('',*,*,#7061,.F.);
#9927=ORIENTED_EDGE('',*,*,#7062,.T.);
#9928=ORIENTED_EDGE('',*,*,#7054,.F.);
#9929=ORIENTED_EDGE('',*,*,#7063,.F.);
#9930=ORIENTED_EDGE('',*,*,#7064,.F.);
#9931=ORIENTED_EDGE('',*,*,#7060,.T.);
#9932=ORIENTED_EDGE('',*,*,#7065,.T.);
#9933=ORIENTED_EDGE('',*,*,#5792,.T.);
#9934=ORIENTED_EDGE('',*,*,#7066,.T.);
#9935=ORIENTED_EDGE('',*,*,#7067,.T.);
#9936=ORIENTED_EDGE('',*,*,#7068,.T.);
#9937=ORIENTED_EDGE('',*,*,#5793,.T.);
#9938=ORIENTED_EDGE('',*,*,#7065,.F.);
#9939=ORIENTED_EDGE('',*,*,#7061,.T.);
#9940=ORIENTED_EDGE('',*,*,#7069,.T.);
#9941=ORIENTED_EDGE('',*,*,#5794,.T.);
#9942=ORIENTED_EDGE('',*,*,#7068,.F.);
#9943=ORIENTED_EDGE('',*,*,#7064,.T.);
#9944=ORIENTED_EDGE('',*,*,#7066,.F.);
#9945=ORIENTED_EDGE('',*,*,#5795,.T.);
#9946=ORIENTED_EDGE('',*,*,#7069,.F.);
#9947=ORIENTED_EDGE('',*,*,#7070,.T.);
#9948=ORIENTED_EDGE('',*,*,#7058,.F.);
#9949=ORIENTED_EDGE('',*,*,#7062,.F.);
#9950=ORIENTED_EDGE('',*,*,#7067,.F.);
#9951=ORIENTED_EDGE('',*,*,#7071,.T.);
#9952=ORIENTED_EDGE('',*,*,#7059,.F.);
#9953=ORIENTED_EDGE('',*,*,#7071,.F.);
#9954=ORIENTED_EDGE('',*,*,#7070,.F.);
#9955=ORIENTED_EDGE('',*,*,#7063,.T.);
#9956=ORIENTED_EDGE('',*,*,#7072,.T.);
#9957=ORIENTED_EDGE('',*,*,#6139,.T.);
#9958=ORIENTED_EDGE('',*,*,#7073,.T.);
#9959=ORIENTED_EDGE('',*,*,#7074,.T.);
#9960=ORIENTED_EDGE('',*,*,#7075,.T.);
#9961=ORIENTED_EDGE('',*,*,#6140,.T.);
#9962=ORIENTED_EDGE('',*,*,#7072,.F.);
#9963=ORIENTED_EDGE('',*,*,#7076,.T.);
#9964=ORIENTED_EDGE('',*,*,#7077,.T.);
#9965=ORIENTED_EDGE('',*,*,#6141,.T.);
#9966=ORIENTED_EDGE('',*,*,#7075,.F.);
#9967=ORIENTED_EDGE('',*,*,#7078,.T.);
#9968=ORIENTED_EDGE('',*,*,#7073,.F.);
#9969=ORIENTED_EDGE('',*,*,#6142,.T.);
#9970=ORIENTED_EDGE('',*,*,#7077,.F.);
#9971=ORIENTED_EDGE('',*,*,#7079,.T.);
#9972=ORIENTED_EDGE('',*,*,#7076,.F.);
#9973=ORIENTED_EDGE('',*,*,#7080,.F.);
#9974=ORIENTED_EDGE('',*,*,#7081,.F.);
#9975=ORIENTED_EDGE('',*,*,#7082,.T.);
#9976=ORIENTED_EDGE('',*,*,#7074,.F.);
#9977=ORIENTED_EDGE('',*,*,#7083,.F.);
#9978=ORIENTED_EDGE('',*,*,#7084,.F.);
#9979=ORIENTED_EDGE('',*,*,#7080,.T.);
#9980=ORIENTED_EDGE('',*,*,#7085,.T.);
#9981=ORIENTED_EDGE('',*,*,#5788,.T.);
#9982=ORIENTED_EDGE('',*,*,#7086,.T.);
#9983=ORIENTED_EDGE('',*,*,#7087,.T.);
#9984=ORIENTED_EDGE('',*,*,#7088,.T.);
#9985=ORIENTED_EDGE('',*,*,#5789,.T.);
#9986=ORIENTED_EDGE('',*,*,#7085,.F.);
#9987=ORIENTED_EDGE('',*,*,#7081,.T.);
#9988=ORIENTED_EDGE('',*,*,#7089,.T.);
#9989=ORIENTED_EDGE('',*,*,#5790,.T.);
#9990=ORIENTED_EDGE('',*,*,#7088,.F.);
#9991=ORIENTED_EDGE('',*,*,#7084,.T.);
#9992=ORIENTED_EDGE('',*,*,#7086,.F.);
#9993=ORIENTED_EDGE('',*,*,#5791,.T.);
#9994=ORIENTED_EDGE('',*,*,#7089,.F.);
#9995=ORIENTED_EDGE('',*,*,#7090,.T.);
#9996=ORIENTED_EDGE('',*,*,#7078,.F.);
#9997=ORIENTED_EDGE('',*,*,#7082,.F.);
#9998=ORIENTED_EDGE('',*,*,#7087,.F.);
#9999=ORIENTED_EDGE('',*,*,#7091,.T.);
#10000=ORIENTED_EDGE('',*,*,#7079,.F.);
#10001=ORIENTED_EDGE('',*,*,#7091,.F.);
#10002=ORIENTED_EDGE('',*,*,#7090,.F.);
#10003=ORIENTED_EDGE('',*,*,#7083,.T.);
#10004=ORIENTED_EDGE('',*,*,#7092,.T.);
#10005=ORIENTED_EDGE('',*,*,#6143,.T.);
#10006=ORIENTED_EDGE('',*,*,#7093,.T.);
#10007=ORIENTED_EDGE('',*,*,#7094,.T.);
#10008=ORIENTED_EDGE('',*,*,#7095,.T.);
#10009=ORIENTED_EDGE('',*,*,#6144,.T.);
#10010=ORIENTED_EDGE('',*,*,#7092,.F.);
#10011=ORIENTED_EDGE('',*,*,#7096,.T.);
#10012=ORIENTED_EDGE('',*,*,#7097,.T.);
#10013=ORIENTED_EDGE('',*,*,#6145,.T.);
#10014=ORIENTED_EDGE('',*,*,#7095,.F.);
#10015=ORIENTED_EDGE('',*,*,#7098,.T.);
#10016=ORIENTED_EDGE('',*,*,#7093,.F.);
#10017=ORIENTED_EDGE('',*,*,#6146,.T.);
#10018=ORIENTED_EDGE('',*,*,#7097,.F.);
#10019=ORIENTED_EDGE('',*,*,#7099,.T.);
#10020=ORIENTED_EDGE('',*,*,#7096,.F.);
#10021=ORIENTED_EDGE('',*,*,#7100,.F.);
#10022=ORIENTED_EDGE('',*,*,#7101,.F.);
#10023=ORIENTED_EDGE('',*,*,#7102,.T.);
#10024=ORIENTED_EDGE('',*,*,#7094,.F.);
#10025=ORIENTED_EDGE('',*,*,#7103,.F.);
#10026=ORIENTED_EDGE('',*,*,#7104,.F.);
#10027=ORIENTED_EDGE('',*,*,#7100,.T.);
#10028=ORIENTED_EDGE('',*,*,#7105,.T.);
#10029=ORIENTED_EDGE('',*,*,#5784,.T.);
#10030=ORIENTED_EDGE('',*,*,#7106,.T.);
#10031=ORIENTED_EDGE('',*,*,#7107,.T.);
#10032=ORIENTED_EDGE('',*,*,#7108,.T.);
#10033=ORIENTED_EDGE('',*,*,#5785,.T.);
#10034=ORIENTED_EDGE('',*,*,#7105,.F.);
#10035=ORIENTED_EDGE('',*,*,#7101,.T.);
#10036=ORIENTED_EDGE('',*,*,#7109,.T.);
#10037=ORIENTED_EDGE('',*,*,#5786,.T.);
#10038=ORIENTED_EDGE('',*,*,#7108,.F.);
#10039=ORIENTED_EDGE('',*,*,#7104,.T.);
#10040=ORIENTED_EDGE('',*,*,#7106,.F.);
#10041=ORIENTED_EDGE('',*,*,#5787,.T.);
#10042=ORIENTED_EDGE('',*,*,#7109,.F.);
#10043=ORIENTED_EDGE('',*,*,#7110,.T.);
#10044=ORIENTED_EDGE('',*,*,#7098,.F.);
#10045=ORIENTED_EDGE('',*,*,#7102,.F.);
#10046=ORIENTED_EDGE('',*,*,#7107,.F.);
#10047=ORIENTED_EDGE('',*,*,#7111,.T.);
#10048=ORIENTED_EDGE('',*,*,#7099,.F.);
#10049=ORIENTED_EDGE('',*,*,#7111,.F.);
#10050=ORIENTED_EDGE('',*,*,#7110,.F.);
#10051=ORIENTED_EDGE('',*,*,#7103,.T.);
#10052=ORIENTED_EDGE('',*,*,#7112,.T.);
#10053=ORIENTED_EDGE('',*,*,#6147,.T.);
#10054=ORIENTED_EDGE('',*,*,#7113,.T.);
#10055=ORIENTED_EDGE('',*,*,#7114,.T.);
#10056=ORIENTED_EDGE('',*,*,#7115,.T.);
#10057=ORIENTED_EDGE('',*,*,#6148,.T.);
#10058=ORIENTED_EDGE('',*,*,#7112,.F.);
#10059=ORIENTED_EDGE('',*,*,#7116,.T.);
#10060=ORIENTED_EDGE('',*,*,#7117,.T.);
#10061=ORIENTED_EDGE('',*,*,#6149,.T.);
#10062=ORIENTED_EDGE('',*,*,#7115,.F.);
#10063=ORIENTED_EDGE('',*,*,#7118,.T.);
#10064=ORIENTED_EDGE('',*,*,#7113,.F.);
#10065=ORIENTED_EDGE('',*,*,#6150,.T.);
#10066=ORIENTED_EDGE('',*,*,#7117,.F.);
#10067=ORIENTED_EDGE('',*,*,#7119,.T.);
#10068=ORIENTED_EDGE('',*,*,#7116,.F.);
#10069=ORIENTED_EDGE('',*,*,#7120,.F.);
#10070=ORIENTED_EDGE('',*,*,#7121,.F.);
#10071=ORIENTED_EDGE('',*,*,#7122,.T.);
#10072=ORIENTED_EDGE('',*,*,#7114,.F.);
#10073=ORIENTED_EDGE('',*,*,#7123,.F.);
#10074=ORIENTED_EDGE('',*,*,#7124,.F.);
#10075=ORIENTED_EDGE('',*,*,#7120,.T.);
#10076=ORIENTED_EDGE('',*,*,#7125,.T.);
#10077=ORIENTED_EDGE('',*,*,#5780,.T.);
#10078=ORIENTED_EDGE('',*,*,#7126,.T.);
#10079=ORIENTED_EDGE('',*,*,#7127,.T.);
#10080=ORIENTED_EDGE('',*,*,#7128,.T.);
#10081=ORIENTED_EDGE('',*,*,#5781,.T.);
#10082=ORIENTED_EDGE('',*,*,#7125,.F.);
#10083=ORIENTED_EDGE('',*,*,#7121,.T.);
#10084=ORIENTED_EDGE('',*,*,#7129,.T.);
#10085=ORIENTED_EDGE('',*,*,#5782,.T.);
#10086=ORIENTED_EDGE('',*,*,#7128,.F.);
#10087=ORIENTED_EDGE('',*,*,#7124,.T.);
#10088=ORIENTED_EDGE('',*,*,#7126,.F.);
#10089=ORIENTED_EDGE('',*,*,#5783,.T.);
#10090=ORIENTED_EDGE('',*,*,#7129,.F.);
#10091=ORIENTED_EDGE('',*,*,#7130,.T.);
#10092=ORIENTED_EDGE('',*,*,#7118,.F.);
#10093=ORIENTED_EDGE('',*,*,#7122,.F.);
#10094=ORIENTED_EDGE('',*,*,#7127,.F.);
#10095=ORIENTED_EDGE('',*,*,#7131,.T.);
#10096=ORIENTED_EDGE('',*,*,#7119,.F.);
#10097=ORIENTED_EDGE('',*,*,#7131,.F.);
#10098=ORIENTED_EDGE('',*,*,#7130,.F.);
#10099=ORIENTED_EDGE('',*,*,#7123,.T.);
#10100=ORIENTED_EDGE('',*,*,#7132,.T.);
#10101=ORIENTED_EDGE('',*,*,#6151,.T.);
#10102=ORIENTED_EDGE('',*,*,#7133,.T.);
#10103=ORIENTED_EDGE('',*,*,#7134,.T.);
#10104=ORIENTED_EDGE('',*,*,#7135,.T.);
#10105=ORIENTED_EDGE('',*,*,#6152,.T.);
#10106=ORIENTED_EDGE('',*,*,#7132,.F.);
#10107=ORIENTED_EDGE('',*,*,#7136,.T.);
#10108=ORIENTED_EDGE('',*,*,#7137,.T.);
#10109=ORIENTED_EDGE('',*,*,#6153,.T.);
#10110=ORIENTED_EDGE('',*,*,#7135,.F.);
#10111=ORIENTED_EDGE('',*,*,#7138,.T.);
#10112=ORIENTED_EDGE('',*,*,#7133,.F.);
#10113=ORIENTED_EDGE('',*,*,#6154,.T.);
#10114=ORIENTED_EDGE('',*,*,#7137,.F.);
#10115=ORIENTED_EDGE('',*,*,#7139,.T.);
#10116=ORIENTED_EDGE('',*,*,#7136,.F.);
#10117=ORIENTED_EDGE('',*,*,#7140,.F.);
#10118=ORIENTED_EDGE('',*,*,#7141,.F.);
#10119=ORIENTED_EDGE('',*,*,#7142,.T.);
#10120=ORIENTED_EDGE('',*,*,#7134,.F.);
#10121=ORIENTED_EDGE('',*,*,#7143,.F.);
#10122=ORIENTED_EDGE('',*,*,#7144,.F.);
#10123=ORIENTED_EDGE('',*,*,#7140,.T.);
#10124=ORIENTED_EDGE('',*,*,#7145,.T.);
#10125=ORIENTED_EDGE('',*,*,#5776,.T.);
#10126=ORIENTED_EDGE('',*,*,#7146,.T.);
#10127=ORIENTED_EDGE('',*,*,#7147,.T.);
#10128=ORIENTED_EDGE('',*,*,#7148,.T.);
#10129=ORIENTED_EDGE('',*,*,#5777,.T.);
#10130=ORIENTED_EDGE('',*,*,#7145,.F.);
#10131=ORIENTED_EDGE('',*,*,#7141,.T.);
#10132=ORIENTED_EDGE('',*,*,#7149,.T.);
#10133=ORIENTED_EDGE('',*,*,#5778,.T.);
#10134=ORIENTED_EDGE('',*,*,#7148,.F.);
#10135=ORIENTED_EDGE('',*,*,#7144,.T.);
#10136=ORIENTED_EDGE('',*,*,#7146,.F.);
#10137=ORIENTED_EDGE('',*,*,#5779,.T.);
#10138=ORIENTED_EDGE('',*,*,#7149,.F.);
#10139=ORIENTED_EDGE('',*,*,#7150,.T.);
#10140=ORIENTED_EDGE('',*,*,#7138,.F.);
#10141=ORIENTED_EDGE('',*,*,#7142,.F.);
#10142=ORIENTED_EDGE('',*,*,#7147,.F.);
#10143=ORIENTED_EDGE('',*,*,#7151,.T.);
#10144=ORIENTED_EDGE('',*,*,#7139,.F.);
#10145=ORIENTED_EDGE('',*,*,#7151,.F.);
#10146=ORIENTED_EDGE('',*,*,#7150,.F.);
#10147=ORIENTED_EDGE('',*,*,#7143,.T.);
#10148=ORIENTED_EDGE('',*,*,#7152,.T.);
#10149=ORIENTED_EDGE('',*,*,#6155,.T.);
#10150=ORIENTED_EDGE('',*,*,#7153,.T.);
#10151=ORIENTED_EDGE('',*,*,#7154,.T.);
#10152=ORIENTED_EDGE('',*,*,#7155,.T.);
#10153=ORIENTED_EDGE('',*,*,#6156,.T.);
#10154=ORIENTED_EDGE('',*,*,#7152,.F.);
#10155=ORIENTED_EDGE('',*,*,#7156,.T.);
#10156=ORIENTED_EDGE('',*,*,#7157,.T.);
#10157=ORIENTED_EDGE('',*,*,#6157,.T.);
#10158=ORIENTED_EDGE('',*,*,#7155,.F.);
#10159=ORIENTED_EDGE('',*,*,#7158,.T.);
#10160=ORIENTED_EDGE('',*,*,#7153,.F.);
#10161=ORIENTED_EDGE('',*,*,#6158,.T.);
#10162=ORIENTED_EDGE('',*,*,#7157,.F.);
#10163=ORIENTED_EDGE('',*,*,#7159,.T.);
#10164=ORIENTED_EDGE('',*,*,#7156,.F.);
#10165=ORIENTED_EDGE('',*,*,#7160,.F.);
#10166=ORIENTED_EDGE('',*,*,#7161,.F.);
#10167=ORIENTED_EDGE('',*,*,#7162,.T.);
#10168=ORIENTED_EDGE('',*,*,#7154,.F.);
#10169=ORIENTED_EDGE('',*,*,#7163,.F.);
#10170=ORIENTED_EDGE('',*,*,#7164,.F.);
#10171=ORIENTED_EDGE('',*,*,#7160,.T.);
#10172=ORIENTED_EDGE('',*,*,#7165,.T.);
#10173=ORIENTED_EDGE('',*,*,#5772,.T.);
#10174=ORIENTED_EDGE('',*,*,#7166,.T.);
#10175=ORIENTED_EDGE('',*,*,#7167,.T.);
#10176=ORIENTED_EDGE('',*,*,#7168,.T.);
#10177=ORIENTED_EDGE('',*,*,#5773,.T.);
#10178=ORIENTED_EDGE('',*,*,#7165,.F.);
#10179=ORIENTED_EDGE('',*,*,#7161,.T.);
#10180=ORIENTED_EDGE('',*,*,#7169,.T.);
#10181=ORIENTED_EDGE('',*,*,#5774,.T.);
#10182=ORIENTED_EDGE('',*,*,#7168,.F.);
#10183=ORIENTED_EDGE('',*,*,#7164,.T.);
#10184=ORIENTED_EDGE('',*,*,#7166,.F.);
#10185=ORIENTED_EDGE('',*,*,#5775,.T.);
#10186=ORIENTED_EDGE('',*,*,#7169,.F.);
#10187=ORIENTED_EDGE('',*,*,#7170,.T.);
#10188=ORIENTED_EDGE('',*,*,#7158,.F.);
#10189=ORIENTED_EDGE('',*,*,#7162,.F.);
#10190=ORIENTED_EDGE('',*,*,#7167,.F.);
#10191=ORIENTED_EDGE('',*,*,#7171,.T.);
#10192=ORIENTED_EDGE('',*,*,#7159,.F.);
#10193=ORIENTED_EDGE('',*,*,#7171,.F.);
#10194=ORIENTED_EDGE('',*,*,#7170,.F.);
#10195=ORIENTED_EDGE('',*,*,#7163,.T.);
#10196=ORIENTED_EDGE('',*,*,#7172,.T.);
#10197=ORIENTED_EDGE('',*,*,#6159,.T.);
#10198=ORIENTED_EDGE('',*,*,#7173,.T.);
#10199=ORIENTED_EDGE('',*,*,#7174,.T.);
#10200=ORIENTED_EDGE('',*,*,#7175,.T.);
#10201=ORIENTED_EDGE('',*,*,#6160,.T.);
#10202=ORIENTED_EDGE('',*,*,#7172,.F.);
#10203=ORIENTED_EDGE('',*,*,#7176,.T.);
#10204=ORIENTED_EDGE('',*,*,#7177,.T.);
#10205=ORIENTED_EDGE('',*,*,#6161,.T.);
#10206=ORIENTED_EDGE('',*,*,#7175,.F.);
#10207=ORIENTED_EDGE('',*,*,#7178,.T.);
#10208=ORIENTED_EDGE('',*,*,#7173,.F.);
#10209=ORIENTED_EDGE('',*,*,#6162,.T.);
#10210=ORIENTED_EDGE('',*,*,#7177,.F.);
#10211=ORIENTED_EDGE('',*,*,#7179,.T.);
#10212=ORIENTED_EDGE('',*,*,#7176,.F.);
#10213=ORIENTED_EDGE('',*,*,#7180,.F.);
#10214=ORIENTED_EDGE('',*,*,#7181,.F.);
#10215=ORIENTED_EDGE('',*,*,#7182,.T.);
#10216=ORIENTED_EDGE('',*,*,#7174,.F.);
#10217=ORIENTED_EDGE('',*,*,#7183,.F.);
#10218=ORIENTED_EDGE('',*,*,#7184,.F.);
#10219=ORIENTED_EDGE('',*,*,#7180,.T.);
#10220=ORIENTED_EDGE('',*,*,#7185,.T.);
#10221=ORIENTED_EDGE('',*,*,#5768,.T.);
#10222=ORIENTED_EDGE('',*,*,#7186,.T.);
#10223=ORIENTED_EDGE('',*,*,#7187,.T.);
#10224=ORIENTED_EDGE('',*,*,#7188,.T.);
#10225=ORIENTED_EDGE('',*,*,#5769,.T.);
#10226=ORIENTED_EDGE('',*,*,#7185,.F.);
#10227=ORIENTED_EDGE('',*,*,#7181,.T.);
#10228=ORIENTED_EDGE('',*,*,#7189,.T.);
#10229=ORIENTED_EDGE('',*,*,#5770,.T.);
#10230=ORIENTED_EDGE('',*,*,#7188,.F.);
#10231=ORIENTED_EDGE('',*,*,#7184,.T.);
#10232=ORIENTED_EDGE('',*,*,#7186,.F.);
#10233=ORIENTED_EDGE('',*,*,#5771,.T.);
#10234=ORIENTED_EDGE('',*,*,#7189,.F.);
#10235=ORIENTED_EDGE('',*,*,#7190,.T.);
#10236=ORIENTED_EDGE('',*,*,#7178,.F.);
#10237=ORIENTED_EDGE('',*,*,#7182,.F.);
#10238=ORIENTED_EDGE('',*,*,#7187,.F.);
#10239=ORIENTED_EDGE('',*,*,#7191,.T.);
#10240=ORIENTED_EDGE('',*,*,#7179,.F.);
#10241=ORIENTED_EDGE('',*,*,#7191,.F.);
#10242=ORIENTED_EDGE('',*,*,#7190,.F.);
#10243=ORIENTED_EDGE('',*,*,#7183,.T.);
#10244=ORIENTED_EDGE('',*,*,#7192,.T.);
#10245=ORIENTED_EDGE('',*,*,#6163,.T.);
#10246=ORIENTED_EDGE('',*,*,#7193,.T.);
#10247=ORIENTED_EDGE('',*,*,#7194,.T.);
#10248=ORIENTED_EDGE('',*,*,#7195,.T.);
#10249=ORIENTED_EDGE('',*,*,#6164,.T.);
#10250=ORIENTED_EDGE('',*,*,#7192,.F.);
#10251=ORIENTED_EDGE('',*,*,#7196,.T.);
#10252=ORIENTED_EDGE('',*,*,#7197,.T.);
#10253=ORIENTED_EDGE('',*,*,#6165,.T.);
#10254=ORIENTED_EDGE('',*,*,#7195,.F.);
#10255=ORIENTED_EDGE('',*,*,#7198,.T.);
#10256=ORIENTED_EDGE('',*,*,#7193,.F.);
#10257=ORIENTED_EDGE('',*,*,#6166,.T.);
#10258=ORIENTED_EDGE('',*,*,#7197,.F.);
#10259=ORIENTED_EDGE('',*,*,#7199,.T.);
#10260=ORIENTED_EDGE('',*,*,#7196,.F.);
#10261=ORIENTED_EDGE('',*,*,#7200,.F.);
#10262=ORIENTED_EDGE('',*,*,#7201,.F.);
#10263=ORIENTED_EDGE('',*,*,#7202,.T.);
#10264=ORIENTED_EDGE('',*,*,#7194,.F.);
#10265=ORIENTED_EDGE('',*,*,#7203,.F.);
#10266=ORIENTED_EDGE('',*,*,#7204,.F.);
#10267=ORIENTED_EDGE('',*,*,#7200,.T.);
#10268=ORIENTED_EDGE('',*,*,#7205,.T.);
#10269=ORIENTED_EDGE('',*,*,#5764,.T.);
#10270=ORIENTED_EDGE('',*,*,#7206,.T.);
#10271=ORIENTED_EDGE('',*,*,#7207,.T.);
#10272=ORIENTED_EDGE('',*,*,#7208,.T.);
#10273=ORIENTED_EDGE('',*,*,#5765,.T.);
#10274=ORIENTED_EDGE('',*,*,#7205,.F.);
#10275=ORIENTED_EDGE('',*,*,#7201,.T.);
#10276=ORIENTED_EDGE('',*,*,#7209,.T.);
#10277=ORIENTED_EDGE('',*,*,#5766,.T.);
#10278=ORIENTED_EDGE('',*,*,#7208,.F.);
#10279=ORIENTED_EDGE('',*,*,#7204,.T.);
#10280=ORIENTED_EDGE('',*,*,#7206,.F.);
#10281=ORIENTED_EDGE('',*,*,#5767,.T.);
#10282=ORIENTED_EDGE('',*,*,#7209,.F.);
#10283=ORIENTED_EDGE('',*,*,#7210,.T.);
#10284=ORIENTED_EDGE('',*,*,#7198,.F.);
#10285=ORIENTED_EDGE('',*,*,#7202,.F.);
#10286=ORIENTED_EDGE('',*,*,#7207,.F.);
#10287=ORIENTED_EDGE('',*,*,#7211,.T.);
#10288=ORIENTED_EDGE('',*,*,#7199,.F.);
#10289=ORIENTED_EDGE('',*,*,#7211,.F.);
#10290=ORIENTED_EDGE('',*,*,#7210,.F.);
#10291=ORIENTED_EDGE('',*,*,#7203,.T.);
#10292=ORIENTED_EDGE('',*,*,#7212,.T.);
#10293=ORIENTED_EDGE('',*,*,#6167,.T.);
#10294=ORIENTED_EDGE('',*,*,#7213,.T.);
#10295=ORIENTED_EDGE('',*,*,#7214,.T.);
#10296=ORIENTED_EDGE('',*,*,#7215,.T.);
#10297=ORIENTED_EDGE('',*,*,#6168,.T.);
#10298=ORIENTED_EDGE('',*,*,#7212,.F.);
#10299=ORIENTED_EDGE('',*,*,#7216,.T.);
#10300=ORIENTED_EDGE('',*,*,#7217,.T.);
#10301=ORIENTED_EDGE('',*,*,#6169,.T.);
#10302=ORIENTED_EDGE('',*,*,#7215,.F.);
#10303=ORIENTED_EDGE('',*,*,#7218,.T.);
#10304=ORIENTED_EDGE('',*,*,#7213,.F.);
#10305=ORIENTED_EDGE('',*,*,#6170,.T.);
#10306=ORIENTED_EDGE('',*,*,#7217,.F.);
#10307=ORIENTED_EDGE('',*,*,#7219,.T.);
#10308=ORIENTED_EDGE('',*,*,#7216,.F.);
#10309=ORIENTED_EDGE('',*,*,#7220,.F.);
#10310=ORIENTED_EDGE('',*,*,#7221,.F.);
#10311=ORIENTED_EDGE('',*,*,#7222,.T.);
#10312=ORIENTED_EDGE('',*,*,#7214,.F.);
#10313=ORIENTED_EDGE('',*,*,#7223,.F.);
#10314=ORIENTED_EDGE('',*,*,#7224,.F.);
#10315=ORIENTED_EDGE('',*,*,#7220,.T.);
#10316=ORIENTED_EDGE('',*,*,#7225,.T.);
#10317=ORIENTED_EDGE('',*,*,#5760,.T.);
#10318=ORIENTED_EDGE('',*,*,#7226,.T.);
#10319=ORIENTED_EDGE('',*,*,#7227,.T.);
#10320=ORIENTED_EDGE('',*,*,#7228,.T.);
#10321=ORIENTED_EDGE('',*,*,#5761,.T.);
#10322=ORIENTED_EDGE('',*,*,#7225,.F.);
#10323=ORIENTED_EDGE('',*,*,#7221,.T.);
#10324=ORIENTED_EDGE('',*,*,#7229,.T.);
#10325=ORIENTED_EDGE('',*,*,#5762,.T.);
#10326=ORIENTED_EDGE('',*,*,#7228,.F.);
#10327=ORIENTED_EDGE('',*,*,#7224,.T.);
#10328=ORIENTED_EDGE('',*,*,#7226,.F.);
#10329=ORIENTED_EDGE('',*,*,#5763,.T.);
#10330=ORIENTED_EDGE('',*,*,#7229,.F.);
#10331=ORIENTED_EDGE('',*,*,#7230,.T.);
#10332=ORIENTED_EDGE('',*,*,#7218,.F.);
#10333=ORIENTED_EDGE('',*,*,#7222,.F.);
#10334=ORIENTED_EDGE('',*,*,#7227,.F.);
#10335=ORIENTED_EDGE('',*,*,#7231,.T.);
#10336=ORIENTED_EDGE('',*,*,#7219,.F.);
#10337=ORIENTED_EDGE('',*,*,#7231,.F.);
#10338=ORIENTED_EDGE('',*,*,#7230,.F.);
#10339=ORIENTED_EDGE('',*,*,#7223,.T.);
#10340=ORIENTED_EDGE('',*,*,#7232,.T.);
#10341=ORIENTED_EDGE('',*,*,#6171,.T.);
#10342=ORIENTED_EDGE('',*,*,#7233,.T.);
#10343=ORIENTED_EDGE('',*,*,#7234,.T.);
#10344=ORIENTED_EDGE('',*,*,#7235,.T.);
#10345=ORIENTED_EDGE('',*,*,#6172,.T.);
#10346=ORIENTED_EDGE('',*,*,#7232,.F.);
#10347=ORIENTED_EDGE('',*,*,#7236,.T.);
#10348=ORIENTED_EDGE('',*,*,#7237,.T.);
#10349=ORIENTED_EDGE('',*,*,#6173,.T.);
#10350=ORIENTED_EDGE('',*,*,#7235,.F.);
#10351=ORIENTED_EDGE('',*,*,#7238,.T.);
#10352=ORIENTED_EDGE('',*,*,#7233,.F.);
#10353=ORIENTED_EDGE('',*,*,#6174,.T.);
#10354=ORIENTED_EDGE('',*,*,#7237,.F.);
#10355=ORIENTED_EDGE('',*,*,#7239,.T.);
#10356=ORIENTED_EDGE('',*,*,#7236,.F.);
#10357=ORIENTED_EDGE('',*,*,#7240,.F.);
#10358=ORIENTED_EDGE('',*,*,#7241,.F.);
#10359=ORIENTED_EDGE('',*,*,#7242,.T.);
#10360=ORIENTED_EDGE('',*,*,#7234,.F.);
#10361=ORIENTED_EDGE('',*,*,#7243,.F.);
#10362=ORIENTED_EDGE('',*,*,#7244,.F.);
#10363=ORIENTED_EDGE('',*,*,#7240,.T.);
#10364=ORIENTED_EDGE('',*,*,#7245,.T.);
#10365=ORIENTED_EDGE('',*,*,#5756,.T.);
#10366=ORIENTED_EDGE('',*,*,#7246,.T.);
#10367=ORIENTED_EDGE('',*,*,#7247,.T.);
#10368=ORIENTED_EDGE('',*,*,#7248,.T.);
#10369=ORIENTED_EDGE('',*,*,#5757,.T.);
#10370=ORIENTED_EDGE('',*,*,#7245,.F.);
#10371=ORIENTED_EDGE('',*,*,#7241,.T.);
#10372=ORIENTED_EDGE('',*,*,#7249,.T.);
#10373=ORIENTED_EDGE('',*,*,#5758,.T.);
#10374=ORIENTED_EDGE('',*,*,#7248,.F.);
#10375=ORIENTED_EDGE('',*,*,#7244,.T.);
#10376=ORIENTED_EDGE('',*,*,#7246,.F.);
#10377=ORIENTED_EDGE('',*,*,#5759,.T.);
#10378=ORIENTED_EDGE('',*,*,#7249,.F.);
#10379=ORIENTED_EDGE('',*,*,#7250,.T.);
#10380=ORIENTED_EDGE('',*,*,#7238,.F.);
#10381=ORIENTED_EDGE('',*,*,#7242,.F.);
#10382=ORIENTED_EDGE('',*,*,#7247,.F.);
#10383=ORIENTED_EDGE('',*,*,#7251,.T.);
#10384=ORIENTED_EDGE('',*,*,#7239,.F.);
#10385=ORIENTED_EDGE('',*,*,#7251,.F.);
#10386=ORIENTED_EDGE('',*,*,#7250,.F.);
#10387=ORIENTED_EDGE('',*,*,#7243,.T.);
#10388=ORIENTED_EDGE('',*,*,#7252,.T.);
#10389=ORIENTED_EDGE('',*,*,#6175,.T.);
#10390=ORIENTED_EDGE('',*,*,#7253,.T.);
#10391=ORIENTED_EDGE('',*,*,#7254,.T.);
#10392=ORIENTED_EDGE('',*,*,#7255,.T.);
#10393=ORIENTED_EDGE('',*,*,#6176,.T.);
#10394=ORIENTED_EDGE('',*,*,#7252,.F.);
#10395=ORIENTED_EDGE('',*,*,#7256,.T.);
#10396=ORIENTED_EDGE('',*,*,#7257,.T.);
#10397=ORIENTED_EDGE('',*,*,#6177,.T.);
#10398=ORIENTED_EDGE('',*,*,#7255,.F.);
#10399=ORIENTED_EDGE('',*,*,#7258,.T.);
#10400=ORIENTED_EDGE('',*,*,#7253,.F.);
#10401=ORIENTED_EDGE('',*,*,#6178,.T.);
#10402=ORIENTED_EDGE('',*,*,#7257,.F.);
#10403=ORIENTED_EDGE('',*,*,#7259,.T.);
#10404=ORIENTED_EDGE('',*,*,#7256,.F.);
#10405=ORIENTED_EDGE('',*,*,#7260,.F.);
#10406=ORIENTED_EDGE('',*,*,#7261,.F.);
#10407=ORIENTED_EDGE('',*,*,#7262,.T.);
#10408=ORIENTED_EDGE('',*,*,#7254,.F.);
#10409=ORIENTED_EDGE('',*,*,#7263,.F.);
#10410=ORIENTED_EDGE('',*,*,#7264,.F.);
#10411=ORIENTED_EDGE('',*,*,#7260,.T.);
#10412=ORIENTED_EDGE('',*,*,#7265,.T.);
#10413=ORIENTED_EDGE('',*,*,#5752,.T.);
#10414=ORIENTED_EDGE('',*,*,#7266,.T.);
#10415=ORIENTED_EDGE('',*,*,#7267,.T.);
#10416=ORIENTED_EDGE('',*,*,#7268,.T.);
#10417=ORIENTED_EDGE('',*,*,#5753,.T.);
#10418=ORIENTED_EDGE('',*,*,#7265,.F.);
#10419=ORIENTED_EDGE('',*,*,#7261,.T.);
#10420=ORIENTED_EDGE('',*,*,#7269,.T.);
#10421=ORIENTED_EDGE('',*,*,#5754,.T.);
#10422=ORIENTED_EDGE('',*,*,#7268,.F.);
#10423=ORIENTED_EDGE('',*,*,#7264,.T.);
#10424=ORIENTED_EDGE('',*,*,#7266,.F.);
#10425=ORIENTED_EDGE('',*,*,#5755,.T.);
#10426=ORIENTED_EDGE('',*,*,#7269,.F.);
#10427=ORIENTED_EDGE('',*,*,#7270,.T.);
#10428=ORIENTED_EDGE('',*,*,#7258,.F.);
#10429=ORIENTED_EDGE('',*,*,#7262,.F.);
#10430=ORIENTED_EDGE('',*,*,#7267,.F.);
#10431=ORIENTED_EDGE('',*,*,#7271,.T.);
#10432=ORIENTED_EDGE('',*,*,#7259,.F.);
#10433=ORIENTED_EDGE('',*,*,#7271,.F.);
#10434=ORIENTED_EDGE('',*,*,#7270,.F.);
#10435=ORIENTED_EDGE('',*,*,#7263,.T.);
#10436=ORIENTED_EDGE('',*,*,#7272,.T.);
#10437=ORIENTED_EDGE('',*,*,#6179,.T.);
#10438=ORIENTED_EDGE('',*,*,#7273,.T.);
#10439=ORIENTED_EDGE('',*,*,#7274,.T.);
#10440=ORIENTED_EDGE('',*,*,#7275,.T.);
#10441=ORIENTED_EDGE('',*,*,#6180,.T.);
#10442=ORIENTED_EDGE('',*,*,#7272,.F.);
#10443=ORIENTED_EDGE('',*,*,#7276,.T.);
#10444=ORIENTED_EDGE('',*,*,#7277,.T.);
#10445=ORIENTED_EDGE('',*,*,#6181,.T.);
#10446=ORIENTED_EDGE('',*,*,#7275,.F.);
#10447=ORIENTED_EDGE('',*,*,#7278,.T.);
#10448=ORIENTED_EDGE('',*,*,#7273,.F.);
#10449=ORIENTED_EDGE('',*,*,#6182,.T.);
#10450=ORIENTED_EDGE('',*,*,#7277,.F.);
#10451=ORIENTED_EDGE('',*,*,#7279,.T.);
#10452=ORIENTED_EDGE('',*,*,#7276,.F.);
#10453=ORIENTED_EDGE('',*,*,#7280,.F.);
#10454=ORIENTED_EDGE('',*,*,#7281,.F.);
#10455=ORIENTED_EDGE('',*,*,#7282,.T.);
#10456=ORIENTED_EDGE('',*,*,#7274,.F.);
#10457=ORIENTED_EDGE('',*,*,#7283,.F.);
#10458=ORIENTED_EDGE('',*,*,#7284,.F.);
#10459=ORIENTED_EDGE('',*,*,#7280,.T.);
#10460=ORIENTED_EDGE('',*,*,#7285,.T.);
#10461=ORIENTED_EDGE('',*,*,#5748,.T.);
#10462=ORIENTED_EDGE('',*,*,#7286,.T.);
#10463=ORIENTED_EDGE('',*,*,#7287,.T.);
#10464=ORIENTED_EDGE('',*,*,#7288,.T.);
#10465=ORIENTED_EDGE('',*,*,#5749,.T.);
#10466=ORIENTED_EDGE('',*,*,#7285,.F.);
#10467=ORIENTED_EDGE('',*,*,#7281,.T.);
#10468=ORIENTED_EDGE('',*,*,#7289,.T.);
#10469=ORIENTED_EDGE('',*,*,#5750,.T.);
#10470=ORIENTED_EDGE('',*,*,#7288,.F.);
#10471=ORIENTED_EDGE('',*,*,#7284,.T.);
#10472=ORIENTED_EDGE('',*,*,#7286,.F.);
#10473=ORIENTED_EDGE('',*,*,#5751,.T.);
#10474=ORIENTED_EDGE('',*,*,#7289,.F.);
#10475=ORIENTED_EDGE('',*,*,#7290,.T.);
#10476=ORIENTED_EDGE('',*,*,#7278,.F.);
#10477=ORIENTED_EDGE('',*,*,#7282,.F.);
#10478=ORIENTED_EDGE('',*,*,#7287,.F.);
#10479=ORIENTED_EDGE('',*,*,#7291,.T.);
#10480=ORIENTED_EDGE('',*,*,#7279,.F.);
#10481=ORIENTED_EDGE('',*,*,#7291,.F.);
#10482=ORIENTED_EDGE('',*,*,#7290,.F.);
#10483=ORIENTED_EDGE('',*,*,#7283,.T.);
#10484=ORIENTED_EDGE('',*,*,#7292,.T.);
#10485=ORIENTED_EDGE('',*,*,#6183,.T.);
#10486=ORIENTED_EDGE('',*,*,#7293,.T.);
#10487=ORIENTED_EDGE('',*,*,#7294,.T.);
#10488=ORIENTED_EDGE('',*,*,#7295,.T.);
#10489=ORIENTED_EDGE('',*,*,#6184,.T.);
#10490=ORIENTED_EDGE('',*,*,#7292,.F.);
#10491=ORIENTED_EDGE('',*,*,#7296,.T.);
#10492=ORIENTED_EDGE('',*,*,#7297,.T.);
#10493=ORIENTED_EDGE('',*,*,#6185,.T.);
#10494=ORIENTED_EDGE('',*,*,#7295,.F.);
#10495=ORIENTED_EDGE('',*,*,#7298,.T.);
#10496=ORIENTED_EDGE('',*,*,#7293,.F.);
#10497=ORIENTED_EDGE('',*,*,#6186,.T.);
#10498=ORIENTED_EDGE('',*,*,#7297,.F.);
#10499=ORIENTED_EDGE('',*,*,#7299,.T.);
#10500=ORIENTED_EDGE('',*,*,#7296,.F.);
#10501=ORIENTED_EDGE('',*,*,#7300,.F.);
#10502=ORIENTED_EDGE('',*,*,#7301,.F.);
#10503=ORIENTED_EDGE('',*,*,#7302,.T.);
#10504=ORIENTED_EDGE('',*,*,#7294,.F.);
#10505=ORIENTED_EDGE('',*,*,#7303,.F.);
#10506=ORIENTED_EDGE('',*,*,#7304,.F.);
#10507=ORIENTED_EDGE('',*,*,#7300,.T.);
#10508=ORIENTED_EDGE('',*,*,#7305,.T.);
#10509=ORIENTED_EDGE('',*,*,#5744,.T.);
#10510=ORIENTED_EDGE('',*,*,#7306,.T.);
#10511=ORIENTED_EDGE('',*,*,#7307,.T.);
#10512=ORIENTED_EDGE('',*,*,#7308,.T.);
#10513=ORIENTED_EDGE('',*,*,#5745,.T.);
#10514=ORIENTED_EDGE('',*,*,#7305,.F.);
#10515=ORIENTED_EDGE('',*,*,#7301,.T.);
#10516=ORIENTED_EDGE('',*,*,#7309,.T.);
#10517=ORIENTED_EDGE('',*,*,#5746,.T.);
#10518=ORIENTED_EDGE('',*,*,#7308,.F.);
#10519=ORIENTED_EDGE('',*,*,#7304,.T.);
#10520=ORIENTED_EDGE('',*,*,#7306,.F.);
#10521=ORIENTED_EDGE('',*,*,#5747,.T.);
#10522=ORIENTED_EDGE('',*,*,#7309,.F.);
#10523=ORIENTED_EDGE('',*,*,#7310,.T.);
#10524=ORIENTED_EDGE('',*,*,#7298,.F.);
#10525=ORIENTED_EDGE('',*,*,#7302,.F.);
#10526=ORIENTED_EDGE('',*,*,#7307,.F.);
#10527=ORIENTED_EDGE('',*,*,#7311,.T.);
#10528=ORIENTED_EDGE('',*,*,#7299,.F.);
#10529=ORIENTED_EDGE('',*,*,#7311,.F.);
#10530=ORIENTED_EDGE('',*,*,#7310,.F.);
#10531=ORIENTED_EDGE('',*,*,#7303,.T.);
#10532=ORIENTED_EDGE('',*,*,#7312,.T.);
#10533=ORIENTED_EDGE('',*,*,#6187,.T.);
#10534=ORIENTED_EDGE('',*,*,#7313,.T.);
#10535=ORIENTED_EDGE('',*,*,#7314,.T.);
#10536=ORIENTED_EDGE('',*,*,#7315,.T.);
#10537=ORIENTED_EDGE('',*,*,#6188,.T.);
#10538=ORIENTED_EDGE('',*,*,#7312,.F.);
#10539=ORIENTED_EDGE('',*,*,#7316,.T.);
#10540=ORIENTED_EDGE('',*,*,#7317,.T.);
#10541=ORIENTED_EDGE('',*,*,#6189,.T.);
#10542=ORIENTED_EDGE('',*,*,#7315,.F.);
#10543=ORIENTED_EDGE('',*,*,#7318,.T.);
#10544=ORIENTED_EDGE('',*,*,#7313,.F.);
#10545=ORIENTED_EDGE('',*,*,#6190,.T.);
#10546=ORIENTED_EDGE('',*,*,#7317,.F.);
#10547=ORIENTED_EDGE('',*,*,#7319,.T.);
#10548=ORIENTED_EDGE('',*,*,#7316,.F.);
#10549=ORIENTED_EDGE('',*,*,#7320,.F.);
#10550=ORIENTED_EDGE('',*,*,#7321,.F.);
#10551=ORIENTED_EDGE('',*,*,#7322,.T.);
#10552=ORIENTED_EDGE('',*,*,#7314,.F.);
#10553=ORIENTED_EDGE('',*,*,#7323,.F.);
#10554=ORIENTED_EDGE('',*,*,#7324,.F.);
#10555=ORIENTED_EDGE('',*,*,#7320,.T.);
#10556=ORIENTED_EDGE('',*,*,#7325,.T.);
#10557=ORIENTED_EDGE('',*,*,#5740,.T.);
#10558=ORIENTED_EDGE('',*,*,#7326,.T.);
#10559=ORIENTED_EDGE('',*,*,#7327,.T.);
#10560=ORIENTED_EDGE('',*,*,#7328,.T.);
#10561=ORIENTED_EDGE('',*,*,#5741,.T.);
#10562=ORIENTED_EDGE('',*,*,#7325,.F.);
#10563=ORIENTED_EDGE('',*,*,#7321,.T.);
#10564=ORIENTED_EDGE('',*,*,#7329,.T.);
#10565=ORIENTED_EDGE('',*,*,#5742,.T.);
#10566=ORIENTED_EDGE('',*,*,#7328,.F.);
#10567=ORIENTED_EDGE('',*,*,#7324,.T.);
#10568=ORIENTED_EDGE('',*,*,#7326,.F.);
#10569=ORIENTED_EDGE('',*,*,#5743,.T.);
#10570=ORIENTED_EDGE('',*,*,#7329,.F.);
#10571=ORIENTED_EDGE('',*,*,#7330,.T.);
#10572=ORIENTED_EDGE('',*,*,#7318,.F.);
#10573=ORIENTED_EDGE('',*,*,#7322,.F.);
#10574=ORIENTED_EDGE('',*,*,#7327,.F.);
#10575=ORIENTED_EDGE('',*,*,#7331,.T.);
#10576=ORIENTED_EDGE('',*,*,#7319,.F.);
#10577=ORIENTED_EDGE('',*,*,#7331,.F.);
#10578=ORIENTED_EDGE('',*,*,#7330,.F.);
#10579=ORIENTED_EDGE('',*,*,#7323,.T.);
#10580=CYLINDRICAL_SURFACE('',#11447,4.);
#10581=CYLINDRICAL_SURFACE('',#11451,4.);
#10582=CYLINDRICAL_SURFACE('',#11548,4.);
#10583=CYLINDRICAL_SURFACE('',#11550,4.);
#10584=CYLINDRICAL_SURFACE('',#11553,4.);
#10585=CYLINDRICAL_SURFACE('',#11555,4.);
#10586=CYLINDRICAL_SURFACE('',#11558,4.);
#10587=CYLINDRICAL_SURFACE('',#11560,4.);
#10588=CYLINDRICAL_SURFACE('',#11579,8.99999999999995);
#10589=CYLINDRICAL_SURFACE('',#11582,9.);
#10590=CYLINDRICAL_SURFACE('',#11636,9.00000000001098);
#10591=CYLINDRICAL_SURFACE('',#11638,8.99999999999233);
#10592=CYLINDRICAL_SURFACE('',#11758,0.600000000000007);
#10593=CYLINDRICAL_SURFACE('',#11760,0.3);
#10594=CYLINDRICAL_SURFACE('',#11762,0.600000000000007);
#10595=CYLINDRICAL_SURFACE('',#11764,0.59999999999999);
#10596=CYLINDRICAL_SURFACE('',#11766,0.3);
#10597=CYLINDRICAL_SURFACE('',#11768,0.59999999999999);
#10598=CYLINDRICAL_SURFACE('',#11780,0.600000000000007);
#10599=CYLINDRICAL_SURFACE('',#11782,0.3);
#10600=CYLINDRICAL_SURFACE('',#11784,0.600000000000007);
#10601=CYLINDRICAL_SURFACE('',#11786,0.600000000000007);
#10602=CYLINDRICAL_SURFACE('',#11788,0.3);
#10603=CYLINDRICAL_SURFACE('',#11790,0.600000000000007);
#10604=CYLINDRICAL_SURFACE('',#11796,2.79999999999999);
#10605=CYLINDRICAL_SURFACE('',#11797,2.79999999999999);
#10606=CYLINDRICAL_SURFACE('',#11798,2.79999999999999);
#10607=CYLINDRICAL_SURFACE('',#11799,2.79999999999999);
#10608=CYLINDRICAL_SURFACE('',#11832,0.600000000000007);
#10609=CYLINDRICAL_SURFACE('',#11834,0.3);
#10610=CYLINDRICAL_SURFACE('',#11836,0.600000000000007);
#10611=CYLINDRICAL_SURFACE('',#11838,0.59999999999999);
#10612=CYLINDRICAL_SURFACE('',#11840,0.3);
#10613=CYLINDRICAL_SURFACE('',#11842,0.59999999999999);
#10614=CYLINDRICAL_SURFACE('',#11854,0.600000000000007);
#10615=CYLINDRICAL_SURFACE('',#11856,0.3);
#10616=CYLINDRICAL_SURFACE('',#11858,0.600000000000007);
#10617=CYLINDRICAL_SURFACE('',#11860,0.600000000000007);
#10618=CYLINDRICAL_SURFACE('',#11862,0.3);
#10619=CYLINDRICAL_SURFACE('',#11864,0.600000000000007);
#10620=CYLINDRICAL_SURFACE('',#11870,2.79999999999999);
#10621=CYLINDRICAL_SURFACE('',#11871,2.79999999999999);
#10622=CYLINDRICAL_SURFACE('',#11872,2.79999999999999);
#10623=CYLINDRICAL_SURFACE('',#11873,2.79999999999999);
#10624=CYLINDRICAL_SURFACE('',#11906,0.600000000000007);
#10625=CYLINDRICAL_SURFACE('',#11908,0.3);
#10626=CYLINDRICAL_SURFACE('',#11910,0.600000000000007);
#10627=CYLINDRICAL_SURFACE('',#11912,0.59999999999999);
#10628=CYLINDRICAL_SURFACE('',#11914,0.3);
#10629=CYLINDRICAL_SURFACE('',#11916,0.59999999999999);
#10630=CYLINDRICAL_SURFACE('',#11928,0.600000000000007);
#10631=CYLINDRICAL_SURFACE('',#11930,0.3);
#10632=CYLINDRICAL_SURFACE('',#11932,0.600000000000007);
#10633=CYLINDRICAL_SURFACE('',#11934,0.600000000000007);
#10634=CYLINDRICAL_SURFACE('',#11936,0.3);
#10635=CYLINDRICAL_SURFACE('',#11938,0.600000000000007);
#10636=CYLINDRICAL_SURFACE('',#11944,2.79999999999999);
#10637=CYLINDRICAL_SURFACE('',#11945,2.79999999999999);
#10638=CYLINDRICAL_SURFACE('',#11946,2.79999999999999);
#10639=CYLINDRICAL_SURFACE('',#11947,2.79999999999999);
#10640=CYLINDRICAL_SURFACE('',#11980,0.600000000000007);
#10641=CYLINDRICAL_SURFACE('',#11982,0.3);
#10642=CYLINDRICAL_SURFACE('',#11984,0.600000000000007);
#10643=CYLINDRICAL_SURFACE('',#11986,2.79999999999999);
#10644=CYLINDRICAL_SURFACE('',#11988,0.59999999999999);
#10645=CYLINDRICAL_SURFACE('',#11990,0.3);
#10646=CYLINDRICAL_SURFACE('',#11992,0.59999999999999);
#10647=CYLINDRICAL_SURFACE('',#11994,2.79999999999999);
#10648=CYLINDRICAL_SURFACE('',#12004,0.600000000000007);
#10649=CYLINDRICAL_SURFACE('',#12006,0.3);
#10650=CYLINDRICAL_SURFACE('',#12008,0.600000000000007);
#10651=CYLINDRICAL_SURFACE('',#12010,2.79999999999999);
#10652=CYLINDRICAL_SURFACE('',#12011,0.600000000000007);
#10653=CYLINDRICAL_SURFACE('',#12013,0.3);
#10654=CYLINDRICAL_SURFACE('',#12015,0.600000000000007);
#10655=CYLINDRICAL_SURFACE('',#12017,2.79999999999999);
#10656=CYLINDRICAL_SURFACE('',#12023,5.50000000000001);
#10657=CYLINDRICAL_SURFACE('',#12026,5.50000000000001);
#10658=CYLINDRICAL_SURFACE('',#12029,5.50000000000001);
#10659=CYLINDRICAL_SURFACE('',#12033,5.50000000000001);
#10660=CYLINDRICAL_SURFACE('',#12040,2.6);
#10661=CYLINDRICAL_SURFACE('',#12049,2.6);
#10662=CYLINDRICAL_SURFACE('',#12056,2.6);
#10663=CYLINDRICAL_SURFACE('',#12065,2.6);
#10664=CYLINDRICAL_SURFACE('',#12072,2.6);
#10665=CYLINDRICAL_SURFACE('',#12081,2.6);
#10666=CYLINDRICAL_SURFACE('',#12088,2.6);
#10667=CYLINDRICAL_SURFACE('',#12097,2.6);
#10668=CYLINDRICAL_SURFACE('',#12104,2.6);
#10669=CYLINDRICAL_SURFACE('',#12113,2.6);
#10670=CYLINDRICAL_SURFACE('',#12120,2.6);
#10671=CYLINDRICAL_SURFACE('',#12129,2.6);
#10672=CYLINDRICAL_SURFACE('',#12136,2.6);
#10673=CYLINDRICAL_SURFACE('',#12145,2.6);
#10674=CYLINDRICAL_SURFACE('',#12152,2.6);
#10675=CYLINDRICAL_SURFACE('',#12161,2.6);
#10676=CYLINDRICAL_SURFACE('',#12168,2.6);
#10677=CYLINDRICAL_SURFACE('',#12177,2.6);
#10678=CYLINDRICAL_SURFACE('',#12184,2.6);
#10679=CYLINDRICAL_SURFACE('',#12193,2.6);
#10680=CYLINDRICAL_SURFACE('',#12200,2.6);
#10681=CYLINDRICAL_SURFACE('',#12209,2.6);
#10682=CYLINDRICAL_SURFACE('',#12216,2.6);
#10683=CYLINDRICAL_SURFACE('',#12225,2.6);
#10684=CYLINDRICAL_SURFACE('',#12232,2.6);
#10685=CYLINDRICAL_SURFACE('',#12241,2.6);
#10686=CYLINDRICAL_SURFACE('',#12248,2.6);
#10687=CYLINDRICAL_SURFACE('',#12257,2.6);
#10688=CYLINDRICAL_SURFACE('',#12264,2.6);
#10689=CYLINDRICAL_SURFACE('',#12273,2.6);
#10690=CYLINDRICAL_SURFACE('',#12280,2.6);
#10691=CYLINDRICAL_SURFACE('',#12289,2.6);
#10692=CYLINDRICAL_SURFACE('',#12296,2.6);
#10693=CYLINDRICAL_SURFACE('',#12305,2.6);
#10694=CYLINDRICAL_SURFACE('',#12312,2.6);
#10695=CYLINDRICAL_SURFACE('',#12321,2.6);
#10696=CYLINDRICAL_SURFACE('',#12328,2.6);
#10697=CYLINDRICAL_SURFACE('',#12337,2.6);
#10698=CYLINDRICAL_SURFACE('',#12344,2.6);
#10699=CYLINDRICAL_SURFACE('',#12353,2.6);
#10700=CYLINDRICAL_SURFACE('',#12360,2.6);
#10701=CYLINDRICAL_SURFACE('',#12369,2.6);
#10702=CYLINDRICAL_SURFACE('',#12376,2.6);
#10703=CYLINDRICAL_SURFACE('',#12385,2.6);
#10704=CYLINDRICAL_SURFACE('',#12392,2.6);
#10705=CYLINDRICAL_SURFACE('',#12401,2.6);
#10706=CYLINDRICAL_SURFACE('',#12408,2.6);
#10707=CYLINDRICAL_SURFACE('',#12417,2.6);
#10708=CYLINDRICAL_SURFACE('',#12424,2.6);
#10709=CYLINDRICAL_SURFACE('',#12433,2.6);
#10710=CYLINDRICAL_SURFACE('',#12440,2.6);
#10711=CYLINDRICAL_SURFACE('',#12449,2.6);
#10712=CYLINDRICAL_SURFACE('',#12456,2.6);
#10713=CYLINDRICAL_SURFACE('',#12465,2.6);
#10714=CYLINDRICAL_SURFACE('',#12472,2.6);
#10715=CYLINDRICAL_SURFACE('',#12481,2.6);
#10716=CYLINDRICAL_SURFACE('',#12488,2.6);
#10717=CYLINDRICAL_SURFACE('',#12497,2.6);
#10718=CYLINDRICAL_SURFACE('',#12504,2.6);
#10719=CYLINDRICAL_SURFACE('',#12513,2.6);
#10720=CYLINDRICAL_SURFACE('',#12520,2.6);
#10721=CYLINDRICAL_SURFACE('',#12529,2.6);
#10722=CYLINDRICAL_SURFACE('',#12536,2.6);
#10723=CYLINDRICAL_SURFACE('',#12545,2.6);
#10724=CYLINDRICAL_SURFACE('',#12552,2.6);
#10725=CYLINDRICAL_SURFACE('',#12561,2.6);
#10726=CYLINDRICAL_SURFACE('',#12568,2.6);
#10727=CYLINDRICAL_SURFACE('',#12577,2.6);
#10728=CYLINDRICAL_SURFACE('',#12584,2.6);
#10729=CYLINDRICAL_SURFACE('',#12593,2.6);
#10730=CYLINDRICAL_SURFACE('',#12600,2.6);
#10731=CYLINDRICAL_SURFACE('',#12609,2.6);
#10732=CYLINDRICAL_SURFACE('',#12616,2.6);
#10733=CYLINDRICAL_SURFACE('',#12625,2.6);
#10734=CYLINDRICAL_SURFACE('',#12632,2.6);
#10735=CYLINDRICAL_SURFACE('',#12641,2.6);
#10736=CYLINDRICAL_SURFACE('',#12648,2.6);
#10737=CYLINDRICAL_SURFACE('',#12657,2.6);
#10738=CYLINDRICAL_SURFACE('',#12664,2.6);
#10739=CYLINDRICAL_SURFACE('',#12673,2.6);
#10740=CYLINDRICAL_SURFACE('',#12680,2.6);
#10741=CYLINDRICAL_SURFACE('',#12689,2.6);
#10742=ADVANCED_FACE('',(#1203),#10580,.F.);
#10743=ADVANCED_FACE('',(#1204),#914,.T.);
#10744=ADVANCED_FACE('',(#1205),#10581,.F.);
#10745=ADVANCED_FACE('',(#1206,#287,#288,#289,#290,#291,#292,#293,#294,
#295,#296,#297,#298,#299,#300,#301,#302,#303,#304,#305,#306,#307,#308,#309,
#310,#311,#312,#313,#314,#315,#316,#317,#318,#319,#320,#321,#322,#323,#324,
#325,#326,#327),#915,.F.);
#10746=ADVANCED_FACE('',(#1207),#916,.T.);
#10747=ADVANCED_FACE('',(#1208),#10582,.F.);
#10748=ADVANCED_FACE('',(#1209),#10583,.F.);
#10749=ADVANCED_FACE('',(#1210),#917,.T.);
#10750=ADVANCED_FACE('',(#1211),#10584,.F.);
#10751=ADVANCED_FACE('',(#1212),#10585,.F.);
#10752=ADVANCED_FACE('',(#1213),#918,.T.);
#10753=ADVANCED_FACE('',(#1214),#10586,.F.);
#10754=ADVANCED_FACE('',(#1215),#10587,.F.);
#10755=ADVANCED_FACE('',(#1216),#919,.T.);
#10756=ADVANCED_FACE('',(#1217),#920,.T.);
#10757=ADVANCED_FACE('',(#1218),#47,.T.);
#10758=ADVANCED_FACE('',(#1219),#921,.T.);
#10759=ADVANCED_FACE('',(#1220),#48,.T.);
#10760=ADVANCED_FACE('',(#1221),#922,.T.);
#10761=ADVANCED_FACE('',(#1222),#49,.T.);
#10762=ADVANCED_FACE('',(#1223),#923,.T.);
#10763=ADVANCED_FACE('',(#1224),#50,.T.);
#10764=ADVANCED_FACE('',(#1225),#10588,.T.);
#10765=ADVANCED_FACE('',(#1226),#924,.T.);
#10766=ADVANCED_FACE('',(#1227),#10589,.T.);
#10767=ADVANCED_FACE('',(#1228),#925,.T.);
#10768=ADVANCED_FACE('',(#1229,#328,#329,#330,#331,#332),#926,.T.);
#10769=ADVANCED_FACE('',(#1230),#927,.T.);
#10770=ADVANCED_FACE('',(#1231),#51,.T.);
#10771=ADVANCED_FACE('',(#1232),#928,.T.);
#10772=ADVANCED_FACE('',(#1233),#52,.T.);
#10773=ADVANCED_FACE('',(#1234),#929,.T.);
#10774=ADVANCED_FACE('',(#1235),#53,.T.);
#10775=ADVANCED_FACE('',(#1236),#930,.T.);
#10776=ADVANCED_FACE('',(#1237),#54,.T.);
#10777=ADVANCED_FACE('',(#1238),#10590,.T.);
#10778=ADVANCED_FACE('',(#1239),#931,.T.);
#10779=ADVANCED_FACE('',(#1240),#10591,.T.);
#10780=ADVANCED_FACE('',(#1241,#333,#334,#335,#336,#337,#338,#339,#340,
#341,#342,#343,#344,#345,#346,#347,#348,#349,#350,#351,#352,#353,#354,#355,
#356,#357,#358,#359,#360,#361,#362,#363,#364,#365,#366,#367,#368,#369,#370,
#371,#372,#373,#374,#375,#376,#377),#932,.T.);
#10781=ADVANCED_FACE('',(#1242),#55,.F.);
#10782=ADVANCED_FACE('',(#1243),#56,.F.);
#10783=ADVANCED_FACE('',(#1244),#57,.F.);
#10784=ADVANCED_FACE('',(#1245),#58,.F.);
#10785=ADVANCED_FACE('',(#1246),#59,.F.);
#10786=ADVANCED_FACE('',(#1247),#60,.F.);
#10787=ADVANCED_FACE('',(#1248),#61,.F.);
#10788=ADVANCED_FACE('',(#1249),#62,.F.);
#10789=ADVANCED_FACE('',(#1250),#63,.T.);
#10790=ADVANCED_FACE('',(#1251),#64,.T.);
#10791=ADVANCED_FACE('',(#1252),#65,.T.);
#10792=ADVANCED_FACE('',(#1253),#66,.T.);
#10793=ADVANCED_FACE('',(#1254),#67,.T.);
#10794=ADVANCED_FACE('',(#1255),#68,.T.);
#10795=ADVANCED_FACE('',(#1256),#69,.T.);
#10796=ADVANCED_FACE('',(#1257),#70,.T.);
#10797=ADVANCED_FACE('',(#1258),#10592,.T.);
#10798=ADVANCED_FACE('',(#1259),#10593,.F.);
#10799=ADVANCED_FACE('',(#1260),#10594,.T.);
#10800=ADVANCED_FACE('',(#1261),#10595,.T.);
#10801=ADVANCED_FACE('',(#1262),#10596,.F.);
#10802=ADVANCED_FACE('',(#1263),#10597,.T.);
#10803=ADVANCED_FACE('',(#1264),#71,.F.);
#10804=ADVANCED_FACE('',(#1265),#10598,.T.);
#10805=ADVANCED_FACE('',(#1266),#10599,.F.);
#10806=ADVANCED_FACE('',(#1267),#10600,.T.);
#10807=ADVANCED_FACE('',(#1268),#10601,.T.);
#10808=ADVANCED_FACE('',(#1269),#10602,.F.);
#10809=ADVANCED_FACE('',(#1270),#10603,.T.);
#10810=ADVANCED_FACE('',(#1271),#933,.T.);
#10811=ADVANCED_FACE('',(#1272),#934,.T.);
#10812=ADVANCED_FACE('',(#1273),#935,.T.);
#10813=ADVANCED_FACE('',(#1274),#936,.T.);
#10814=ADVANCED_FACE('',(#1275),#10604,.F.);
#10815=ADVANCED_FACE('',(#1276),#10605,.F.);
#10816=ADVANCED_FACE('',(#1277),#10606,.F.);
#10817=ADVANCED_FACE('',(#1278),#10607,.F.);
#10818=ADVANCED_FACE('',(#1279),#72,.F.);
#10819=ADVANCED_FACE('',(#1280),#73,.F.);
#10820=ADVANCED_FACE('',(#1281),#74,.F.);
#10821=ADVANCED_FACE('',(#1282),#75,.F.);
#10822=ADVANCED_FACE('',(#1283),#76,.F.);
#10823=ADVANCED_FACE('',(#1284),#77,.F.);
#10824=ADVANCED_FACE('',(#1285),#78,.F.);
#10825=ADVANCED_FACE('',(#1286),#79,.F.);
#10826=ADVANCED_FACE('',(#1287),#80,.T.);
#10827=ADVANCED_FACE('',(#1288),#81,.T.);
#10828=ADVANCED_FACE('',(#1289),#82,.T.);
#10829=ADVANCED_FACE('',(#1290),#83,.T.);
#10830=ADVANCED_FACE('',(#1291),#84,.T.);
#10831=ADVANCED_FACE('',(#1292),#85,.T.);
#10832=ADVANCED_FACE('',(#1293),#86,.T.);
#10833=ADVANCED_FACE('',(#1294),#87,.T.);
#10834=ADVANCED_FACE('',(#1295),#10608,.T.);
#10835=ADVANCED_FACE('',(#1296),#10609,.F.);
#10836=ADVANCED_FACE('',(#1297),#10610,.T.);
#10837=ADVANCED_FACE('',(#1298),#10611,.T.);
#10838=ADVANCED_FACE('',(#1299),#10612,.F.);
#10839=ADVANCED_FACE('',(#1300),#10613,.T.);
#10840=ADVANCED_FACE('',(#1301),#88,.F.);
#10841=ADVANCED_FACE('',(#1302),#10614,.T.);
#10842=ADVANCED_FACE('',(#1303),#10615,.F.);
#10843=ADVANCED_FACE('',(#1304),#10616,.T.);
#10844=ADVANCED_FACE('',(#1305),#10617,.T.);
#10845=ADVANCED_FACE('',(#1306),#10618,.F.);
#10846=ADVANCED_FACE('',(#1307),#10619,.T.);
#10847=ADVANCED_FACE('',(#1308),#937,.T.);
#10848=ADVANCED_FACE('',(#1309),#938,.T.);
#10849=ADVANCED_FACE('',(#1310),#939,.T.);
#10850=ADVANCED_FACE('',(#1311),#940,.T.);
#10851=ADVANCED_FACE('',(#1312),#10620,.F.);
#10852=ADVANCED_FACE('',(#1313),#10621,.F.);
#10853=ADVANCED_FACE('',(#1314),#10622,.F.);
#10854=ADVANCED_FACE('',(#1315),#10623,.F.);
#10855=ADVANCED_FACE('',(#1316),#89,.F.);
#10856=ADVANCED_FACE('',(#1317),#90,.F.);
#10857=ADVANCED_FACE('',(#1318),#91,.F.);
#10858=ADVANCED_FACE('',(#1319),#92,.F.);
#10859=ADVANCED_FACE('',(#1320),#93,.F.);
#10860=ADVANCED_FACE('',(#1321),#94,.F.);
#10861=ADVANCED_FACE('',(#1322),#95,.F.);
#10862=ADVANCED_FACE('',(#1323),#96,.F.);
#10863=ADVANCED_FACE('',(#1324),#97,.T.);
#10864=ADVANCED_FACE('',(#1325),#98,.T.);
#10865=ADVANCED_FACE('',(#1326),#99,.T.);
#10866=ADVANCED_FACE('',(#1327),#100,.T.);
#10867=ADVANCED_FACE('',(#1328),#101,.T.);
#10868=ADVANCED_FACE('',(#1329),#102,.T.);
#10869=ADVANCED_FACE('',(#1330),#103,.T.);
#10870=ADVANCED_FACE('',(#1331),#104,.T.);
#10871=ADVANCED_FACE('',(#1332),#10624,.T.);
#10872=ADVANCED_FACE('',(#1333),#10625,.F.);
#10873=ADVANCED_FACE('',(#1334),#10626,.T.);
#10874=ADVANCED_FACE('',(#1335),#10627,.T.);
#10875=ADVANCED_FACE('',(#1336),#10628,.F.);
#10876=ADVANCED_FACE('',(#1337),#10629,.T.);
#10877=ADVANCED_FACE('',(#1338),#105,.F.);
#10878=ADVANCED_FACE('',(#1339),#10630,.T.);
#10879=ADVANCED_FACE('',(#1340),#10631,.F.);
#10880=ADVANCED_FACE('',(#1341),#10632,.T.);
#10881=ADVANCED_FACE('',(#1342),#10633,.T.);
#10882=ADVANCED_FACE('',(#1343),#10634,.F.);
#10883=ADVANCED_FACE('',(#1344),#10635,.T.);
#10884=ADVANCED_FACE('',(#1345),#941,.T.);
#10885=ADVANCED_FACE('',(#1346),#942,.T.);
#10886=ADVANCED_FACE('',(#1347),#943,.T.);
#10887=ADVANCED_FACE('',(#1348),#944,.T.);
#10888=ADVANCED_FACE('',(#1349),#10636,.F.);
#10889=ADVANCED_FACE('',(#1350),#10637,.F.);
#10890=ADVANCED_FACE('',(#1351),#10638,.F.);
#10891=ADVANCED_FACE('',(#1352),#10639,.F.);
#10892=ADVANCED_FACE('',(#1353),#106,.F.);
#10893=ADVANCED_FACE('',(#1354),#107,.F.);
#10894=ADVANCED_FACE('',(#1355),#108,.F.);
#10895=ADVANCED_FACE('',(#1356),#109,.F.);
#10896=ADVANCED_FACE('',(#1357),#110,.F.);
#10897=ADVANCED_FACE('',(#1358),#111,.F.);
#10898=ADVANCED_FACE('',(#1359),#112,.F.);
#10899=ADVANCED_FACE('',(#1360),#113,.F.);
#10900=ADVANCED_FACE('',(#1361),#114,.T.);
#10901=ADVANCED_FACE('',(#1362),#115,.T.);
#10902=ADVANCED_FACE('',(#1363),#116,.T.);
#10903=ADVANCED_FACE('',(#1364),#117,.T.);
#10904=ADVANCED_FACE('',(#1365),#118,.T.);
#10905=ADVANCED_FACE('',(#1366),#119,.T.);
#10906=ADVANCED_FACE('',(#1367),#120,.T.);
#10907=ADVANCED_FACE('',(#1368),#121,.T.);
#10908=ADVANCED_FACE('',(#1369),#10640,.T.);
#10909=ADVANCED_FACE('',(#1370),#10641,.F.);
#10910=ADVANCED_FACE('',(#1371),#10642,.T.);
#10911=ADVANCED_FACE('',(#1372),#10643,.F.);
#10912=ADVANCED_FACE('',(#1373),#10644,.T.);
#10913=ADVANCED_FACE('',(#1374),#10645,.F.);
#10914=ADVANCED_FACE('',(#1375),#10646,.T.);
#10915=ADVANCED_FACE('',(#1376),#10647,.F.);
#10916=ADVANCED_FACE('',(#1377),#122,.F.);
#10917=ADVANCED_FACE('',(#1378),#10648,.T.);
#10918=ADVANCED_FACE('',(#1379),#10649,.F.);
#10919=ADVANCED_FACE('',(#1380),#10650,.T.);
#10920=ADVANCED_FACE('',(#1381),#10651,.F.);
#10921=ADVANCED_FACE('',(#1382),#10652,.T.);
#10922=ADVANCED_FACE('',(#1383),#10653,.F.);
#10923=ADVANCED_FACE('',(#1384),#10654,.T.);
#10924=ADVANCED_FACE('',(#1385),#10655,.F.);
#10925=ADVANCED_FACE('',(#1386),#945,.T.);
#10926=ADVANCED_FACE('',(#1387),#946,.T.);
#10927=ADVANCED_FACE('',(#1388),#947,.T.);
#10928=ADVANCED_FACE('',(#1389),#948,.T.);
#10929=ADVANCED_FACE('',(#1390),#949,.T.);
#10930=ADVANCED_FACE('',(#1391),#10656,.T.);
#10931=ADVANCED_FACE('',(#1392),#950,.T.);
#10932=ADVANCED_FACE('',(#1393),#951,.T.);
#10933=ADVANCED_FACE('',(#1394),#10657,.T.);
#10934=ADVANCED_FACE('',(#1395),#952,.T.);
#10935=ADVANCED_FACE('',(#1396),#953,.T.);
#10936=ADVANCED_FACE('',(#1397),#10658,.T.);
#10937=ADVANCED_FACE('',(#1398),#954,.T.);
#10938=ADVANCED_FACE('',(#1399),#955,.T.);
#10939=ADVANCED_FACE('',(#1400),#956,.T.);
#10940=ADVANCED_FACE('',(#1401),#10659,.T.);
#10941=ADVANCED_FACE('',(#1402),#957,.T.);
#10942=ADVANCED_FACE('',(#1403),#123,.F.);
#10943=ADVANCED_FACE('',(#1404),#958,.T.);
#10944=ADVANCED_FACE('',(#1405),#124,.F.);
#10945=ADVANCED_FACE('',(#1406),#10660,.F.);
#10946=ADVANCED_FACE('',(#1407),#959,.F.);
#10947=ADVANCED_FACE('',(#1408),#960,.T.);
#10948=ADVANCED_FACE('',(#1409),#125,.F.);
#10949=ADVANCED_FACE('',(#1410),#961,.T.);
#10950=ADVANCED_FACE('',(#1411),#126,.F.);
#10951=ADVANCED_FACE('',(#1412),#962,.F.);
#10952=ADVANCED_FACE('',(#1413),#10661,.F.);
#10953=ADVANCED_FACE('',(#1414),#963,.T.);
#10954=ADVANCED_FACE('',(#1415),#127,.F.);
#10955=ADVANCED_FACE('',(#1416),#964,.T.);
#10956=ADVANCED_FACE('',(#1417),#128,.F.);
#10957=ADVANCED_FACE('',(#1418),#10662,.F.);
#10958=ADVANCED_FACE('',(#1419),#965,.F.);
#10959=ADVANCED_FACE('',(#1420),#129,.F.);
#10960=ADVANCED_FACE('',(#1421),#966,.T.);
#10961=ADVANCED_FACE('',(#1422),#130,.F.);
#10962=ADVANCED_FACE('',(#1423),#967,.T.);
#10963=ADVANCED_FACE('',(#1424),#968,.F.);
#10964=ADVANCED_FACE('',(#1425),#10663,.F.);
#10965=ADVANCED_FACE('',(#1426),#969,.T.);
#10966=ADVANCED_FACE('',(#1427),#131,.F.);
#10967=ADVANCED_FACE('',(#1428),#970,.T.);
#10968=ADVANCED_FACE('',(#1429),#132,.F.);
#10969=ADVANCED_FACE('',(#1430),#10664,.F.);
#10970=ADVANCED_FACE('',(#1431),#971,.F.);
#10971=ADVANCED_FACE('',(#1432),#133,.F.);
#10972=ADVANCED_FACE('',(#1433),#972,.T.);
#10973=ADVANCED_FACE('',(#1434),#134,.F.);
#10974=ADVANCED_FACE('',(#1435),#973,.T.);
#10975=ADVANCED_FACE('',(#1436),#974,.F.);
#10976=ADVANCED_FACE('',(#1437),#10665,.F.);
#10977=ADVANCED_FACE('',(#1438),#975,.T.);
#10978=ADVANCED_FACE('',(#1439),#135,.F.);
#10979=ADVANCED_FACE('',(#1440),#976,.T.);
#10980=ADVANCED_FACE('',(#1441),#136,.F.);
#10981=ADVANCED_FACE('',(#1442),#10666,.F.);
#10982=ADVANCED_FACE('',(#1443),#977,.F.);
#10983=ADVANCED_FACE('',(#1444),#137,.F.);
#10984=ADVANCED_FACE('',(#1445),#978,.T.);
#10985=ADVANCED_FACE('',(#1446),#138,.F.);
#10986=ADVANCED_FACE('',(#1447),#979,.T.);
#10987=ADVANCED_FACE('',(#1448),#980,.F.);
#10988=ADVANCED_FACE('',(#1449),#10667,.F.);
#10989=ADVANCED_FACE('',(#1450),#981,.T.);
#10990=ADVANCED_FACE('',(#1451),#139,.F.);
#10991=ADVANCED_FACE('',(#1452),#982,.T.);
#10992=ADVANCED_FACE('',(#1453),#140,.F.);
#10993=ADVANCED_FACE('',(#1454),#10668,.F.);
#10994=ADVANCED_FACE('',(#1455),#983,.F.);
#10995=ADVANCED_FACE('',(#1456),#141,.F.);
#10996=ADVANCED_FACE('',(#1457),#984,.T.);
#10997=ADVANCED_FACE('',(#1458),#142,.F.);
#10998=ADVANCED_FACE('',(#1459),#985,.T.);
#10999=ADVANCED_FACE('',(#1460),#986,.F.);
#11000=ADVANCED_FACE('',(#1461),#10669,.F.);
#11001=ADVANCED_FACE('',(#1462),#987,.T.);
#11002=ADVANCED_FACE('',(#1463),#143,.F.);
#11003=ADVANCED_FACE('',(#1464),#988,.T.);
#11004=ADVANCED_FACE('',(#1465),#144,.F.);
#11005=ADVANCED_FACE('',(#1466),#10670,.F.);
#11006=ADVANCED_FACE('',(#1467),#989,.F.);
#11007=ADVANCED_FACE('',(#1468),#145,.F.);
#11008=ADVANCED_FACE('',(#1469),#990,.T.);
#11009=ADVANCED_FACE('',(#1470),#146,.F.);
#11010=ADVANCED_FACE('',(#1471),#991,.T.);
#11011=ADVANCED_FACE('',(#1472),#992,.F.);
#11012=ADVANCED_FACE('',(#1473),#10671,.F.);
#11013=ADVANCED_FACE('',(#1474),#993,.T.);
#11014=ADVANCED_FACE('',(#1475),#147,.F.);
#11015=ADVANCED_FACE('',(#1476),#994,.T.);
#11016=ADVANCED_FACE('',(#1477),#148,.F.);
#11017=ADVANCED_FACE('',(#1478),#10672,.F.);
#11018=ADVANCED_FACE('',(#1479),#995,.F.);
#11019=ADVANCED_FACE('',(#1480),#149,.F.);
#11020=ADVANCED_FACE('',(#1481),#996,.T.);
#11021=ADVANCED_FACE('',(#1482),#150,.F.);
#11022=ADVANCED_FACE('',(#1483),#997,.T.);
#11023=ADVANCED_FACE('',(#1484),#998,.F.);
#11024=ADVANCED_FACE('',(#1485),#10673,.F.);
#11025=ADVANCED_FACE('',(#1486),#999,.T.);
#11026=ADVANCED_FACE('',(#1487),#151,.F.);
#11027=ADVANCED_FACE('',(#1488),#1000,.T.);
#11028=ADVANCED_FACE('',(#1489),#152,.F.);
#11029=ADVANCED_FACE('',(#1490),#10674,.F.);
#11030=ADVANCED_FACE('',(#1491),#1001,.F.);
#11031=ADVANCED_FACE('',(#1492),#153,.F.);
#11032=ADVANCED_FACE('',(#1493),#1002,.T.);
#11033=ADVANCED_FACE('',(#1494),#154,.F.);
#11034=ADVANCED_FACE('',(#1495),#1003,.T.);
#11035=ADVANCED_FACE('',(#1496),#1004,.F.);
#11036=ADVANCED_FACE('',(#1497),#10675,.F.);
#11037=ADVANCED_FACE('',(#1498),#1005,.T.);
#11038=ADVANCED_FACE('',(#1499),#155,.F.);
#11039=ADVANCED_FACE('',(#1500),#1006,.T.);
#11040=ADVANCED_FACE('',(#1501),#156,.F.);
#11041=ADVANCED_FACE('',(#1502),#10676,.F.);
#11042=ADVANCED_FACE('',(#1503),#1007,.F.);
#11043=ADVANCED_FACE('',(#1504),#157,.F.);
#11044=ADVANCED_FACE('',(#1505),#1008,.T.);
#11045=ADVANCED_FACE('',(#1506),#158,.F.);
#11046=ADVANCED_FACE('',(#1507),#1009,.T.);
#11047=ADVANCED_FACE('',(#1508),#1010,.F.);
#11048=ADVANCED_FACE('',(#1509),#10677,.F.);
#11049=ADVANCED_FACE('',(#1510),#1011,.T.);
#11050=ADVANCED_FACE('',(#1511),#159,.F.);
#11051=ADVANCED_FACE('',(#1512),#1012,.T.);
#11052=ADVANCED_FACE('',(#1513),#160,.F.);
#11053=ADVANCED_FACE('',(#1514),#10678,.F.);
#11054=ADVANCED_FACE('',(#1515),#1013,.F.);
#11055=ADVANCED_FACE('',(#1516),#161,.F.);
#11056=ADVANCED_FACE('',(#1517),#1014,.T.);
#11057=ADVANCED_FACE('',(#1518),#162,.F.);
#11058=ADVANCED_FACE('',(#1519),#1015,.T.);
#11059=ADVANCED_FACE('',(#1520),#1016,.F.);
#11060=ADVANCED_FACE('',(#1521),#10679,.F.);
#11061=ADVANCED_FACE('',(#1522),#1017,.T.);
#11062=ADVANCED_FACE('',(#1523),#163,.F.);
#11063=ADVANCED_FACE('',(#1524),#1018,.T.);
#11064=ADVANCED_FACE('',(#1525),#164,.F.);
#11065=ADVANCED_FACE('',(#1526),#10680,.F.);
#11066=ADVANCED_FACE('',(#1527),#1019,.F.);
#11067=ADVANCED_FACE('',(#1528),#165,.F.);
#11068=ADVANCED_FACE('',(#1529),#1020,.T.);
#11069=ADVANCED_FACE('',(#1530),#166,.F.);
#11070=ADVANCED_FACE('',(#1531),#1021,.T.);
#11071=ADVANCED_FACE('',(#1532),#1022,.F.);
#11072=ADVANCED_FACE('',(#1533),#10681,.F.);
#11073=ADVANCED_FACE('',(#1534),#1023,.T.);
#11074=ADVANCED_FACE('',(#1535),#167,.F.);
#11075=ADVANCED_FACE('',(#1536),#1024,.T.);
#11076=ADVANCED_FACE('',(#1537),#168,.F.);
#11077=ADVANCED_FACE('',(#1538),#10682,.F.);
#11078=ADVANCED_FACE('',(#1539),#1025,.F.);
#11079=ADVANCED_FACE('',(#1540),#169,.F.);
#11080=ADVANCED_FACE('',(#1541),#1026,.T.);
#11081=ADVANCED_FACE('',(#1542),#170,.F.);
#11082=ADVANCED_FACE('',(#1543),#1027,.T.);
#11083=ADVANCED_FACE('',(#1544),#1028,.F.);
#11084=ADVANCED_FACE('',(#1545),#10683,.F.);
#11085=ADVANCED_FACE('',(#1546),#1029,.T.);
#11086=ADVANCED_FACE('',(#1547),#171,.F.);
#11087=ADVANCED_FACE('',(#1548),#1030,.T.);
#11088=ADVANCED_FACE('',(#1549),#172,.F.);
#11089=ADVANCED_FACE('',(#1550),#10684,.F.);
#11090=ADVANCED_FACE('',(#1551),#1031,.F.);
#11091=ADVANCED_FACE('',(#1552),#173,.F.);
#11092=ADVANCED_FACE('',(#1553),#1032,.T.);
#11093=ADVANCED_FACE('',(#1554),#174,.F.);
#11094=ADVANCED_FACE('',(#1555),#1033,.T.);
#11095=ADVANCED_FACE('',(#1556),#1034,.F.);
#11096=ADVANCED_FACE('',(#1557),#10685,.F.);
#11097=ADVANCED_FACE('',(#1558),#1035,.T.);
#11098=ADVANCED_FACE('',(#1559),#175,.F.);
#11099=ADVANCED_FACE('',(#1560),#1036,.T.);
#11100=ADVANCED_FACE('',(#1561),#176,.F.);
#11101=ADVANCED_FACE('',(#1562),#10686,.F.);
#11102=ADVANCED_FACE('',(#1563),#1037,.F.);
#11103=ADVANCED_FACE('',(#1564),#177,.F.);
#11104=ADVANCED_FACE('',(#1565),#1038,.T.);
#11105=ADVANCED_FACE('',(#1566),#178,.F.);
#11106=ADVANCED_FACE('',(#1567),#1039,.T.);
#11107=ADVANCED_FACE('',(#1568),#1040,.F.);
#11108=ADVANCED_FACE('',(#1569),#10687,.F.);
#11109=ADVANCED_FACE('',(#1570),#1041,.T.);
#11110=ADVANCED_FACE('',(#1571),#179,.F.);
#11111=ADVANCED_FACE('',(#1572),#1042,.T.);
#11112=ADVANCED_FACE('',(#1573),#180,.F.);
#11113=ADVANCED_FACE('',(#1574),#10688,.F.);
#11114=ADVANCED_FACE('',(#1575),#1043,.F.);
#11115=ADVANCED_FACE('',(#1576),#181,.F.);
#11116=ADVANCED_FACE('',(#1577),#1044,.T.);
#11117=ADVANCED_FACE('',(#1578),#182,.F.);
#11118=ADVANCED_FACE('',(#1579),#1045,.T.);
#11119=ADVANCED_FACE('',(#1580),#1046,.F.);
#11120=ADVANCED_FACE('',(#1581),#10689,.F.);
#11121=ADVANCED_FACE('',(#1582),#1047,.T.);
#11122=ADVANCED_FACE('',(#1583),#183,.F.);
#11123=ADVANCED_FACE('',(#1584),#1048,.T.);
#11124=ADVANCED_FACE('',(#1585),#184,.F.);
#11125=ADVANCED_FACE('',(#1586),#10690,.F.);
#11126=ADVANCED_FACE('',(#1587),#1049,.F.);
#11127=ADVANCED_FACE('',(#1588),#185,.F.);
#11128=ADVANCED_FACE('',(#1589),#1050,.T.);
#11129=ADVANCED_FACE('',(#1590),#186,.F.);
#11130=ADVANCED_FACE('',(#1591),#1051,.T.);
#11131=ADVANCED_FACE('',(#1592),#1052,.F.);
#11132=ADVANCED_FACE('',(#1593),#10691,.F.);
#11133=ADVANCED_FACE('',(#1594),#1053,.T.);
#11134=ADVANCED_FACE('',(#1595),#187,.F.);
#11135=ADVANCED_FACE('',(#1596),#1054,.T.);
#11136=ADVANCED_FACE('',(#1597),#188,.F.);
#11137=ADVANCED_FACE('',(#1598),#10692,.F.);
#11138=ADVANCED_FACE('',(#1599),#1055,.F.);
#11139=ADVANCED_FACE('',(#1600),#189,.F.);
#11140=ADVANCED_FACE('',(#1601),#1056,.T.);
#11141=ADVANCED_FACE('',(#1602),#190,.F.);
#11142=ADVANCED_FACE('',(#1603),#1057,.T.);
#11143=ADVANCED_FACE('',(#1604),#1058,.F.);
#11144=ADVANCED_FACE('',(#1605),#10693,.F.);
#11145=ADVANCED_FACE('',(#1606),#1059,.T.);
#11146=ADVANCED_FACE('',(#1607),#191,.F.);
#11147=ADVANCED_FACE('',(#1608),#1060,.T.);
#11148=ADVANCED_FACE('',(#1609),#192,.F.);
#11149=ADVANCED_FACE('',(#1610),#10694,.F.);
#11150=ADVANCED_FACE('',(#1611),#1061,.F.);
#11151=ADVANCED_FACE('',(#1612),#193,.F.);
#11152=ADVANCED_FACE('',(#1613),#1062,.T.);
#11153=ADVANCED_FACE('',(#1614),#194,.F.);
#11154=ADVANCED_FACE('',(#1615),#1063,.T.);
#11155=ADVANCED_FACE('',(#1616),#1064,.F.);
#11156=ADVANCED_FACE('',(#1617),#10695,.F.);
#11157=ADVANCED_FACE('',(#1618),#1065,.T.);
#11158=ADVANCED_FACE('',(#1619),#195,.F.);
#11159=ADVANCED_FACE('',(#1620),#1066,.T.);
#11160=ADVANCED_FACE('',(#1621),#196,.F.);
#11161=ADVANCED_FACE('',(#1622),#10696,.F.);
#11162=ADVANCED_FACE('',(#1623),#1067,.F.);
#11163=ADVANCED_FACE('',(#1624),#197,.F.);
#11164=ADVANCED_FACE('',(#1625),#1068,.T.);
#11165=ADVANCED_FACE('',(#1626),#198,.F.);
#11166=ADVANCED_FACE('',(#1627),#1069,.T.);
#11167=ADVANCED_FACE('',(#1628),#1070,.F.);
#11168=ADVANCED_FACE('',(#1629),#10697,.F.);
#11169=ADVANCED_FACE('',(#1630),#1071,.T.);
#11170=ADVANCED_FACE('',(#1631),#199,.F.);
#11171=ADVANCED_FACE('',(#1632),#1072,.T.);
#11172=ADVANCED_FACE('',(#1633),#200,.F.);
#11173=ADVANCED_FACE('',(#1634),#10698,.F.);
#11174=ADVANCED_FACE('',(#1635),#1073,.F.);
#11175=ADVANCED_FACE('',(#1636),#201,.F.);
#11176=ADVANCED_FACE('',(#1637),#1074,.T.);
#11177=ADVANCED_FACE('',(#1638),#202,.F.);
#11178=ADVANCED_FACE('',(#1639),#1075,.T.);
#11179=ADVANCED_FACE('',(#1640),#1076,.F.);
#11180=ADVANCED_FACE('',(#1641),#10699,.F.);
#11181=ADVANCED_FACE('',(#1642),#1077,.T.);
#11182=ADVANCED_FACE('',(#1643),#203,.F.);
#11183=ADVANCED_FACE('',(#1644),#1078,.T.);
#11184=ADVANCED_FACE('',(#1645),#204,.F.);
#11185=ADVANCED_FACE('',(#1646),#10700,.F.);
#11186=ADVANCED_FACE('',(#1647),#1079,.F.);
#11187=ADVANCED_FACE('',(#1648),#205,.F.);
#11188=ADVANCED_FACE('',(#1649),#1080,.T.);
#11189=ADVANCED_FACE('',(#1650),#206,.F.);
#11190=ADVANCED_FACE('',(#1651),#1081,.T.);
#11191=ADVANCED_FACE('',(#1652),#1082,.F.);
#11192=ADVANCED_FACE('',(#1653),#10701,.F.);
#11193=ADVANCED_FACE('',(#1654),#1083,.T.);
#11194=ADVANCED_FACE('',(#1655),#207,.F.);
#11195=ADVANCED_FACE('',(#1656),#1084,.T.);
#11196=ADVANCED_FACE('',(#1657),#208,.F.);
#11197=ADVANCED_FACE('',(#1658),#10702,.F.);
#11198=ADVANCED_FACE('',(#1659),#1085,.F.);
#11199=ADVANCED_FACE('',(#1660),#209,.F.);
#11200=ADVANCED_FACE('',(#1661),#1086,.T.);
#11201=ADVANCED_FACE('',(#1662),#210,.F.);
#11202=ADVANCED_FACE('',(#1663),#1087,.T.);
#11203=ADVANCED_FACE('',(#1664),#1088,.F.);
#11204=ADVANCED_FACE('',(#1665),#10703,.F.);
#11205=ADVANCED_FACE('',(#1666),#1089,.T.);
#11206=ADVANCED_FACE('',(#1667),#211,.F.);
#11207=ADVANCED_FACE('',(#1668),#1090,.T.);
#11208=ADVANCED_FACE('',(#1669),#212,.F.);
#11209=ADVANCED_FACE('',(#1670),#10704,.F.);
#11210=ADVANCED_FACE('',(#1671),#1091,.F.);
#11211=ADVANCED_FACE('',(#1672),#213,.F.);
#11212=ADVANCED_FACE('',(#1673),#1092,.T.);
#11213=ADVANCED_FACE('',(#1674),#214,.F.);
#11214=ADVANCED_FACE('',(#1675),#1093,.T.);
#11215=ADVANCED_FACE('',(#1676),#1094,.F.);
#11216=ADVANCED_FACE('',(#1677),#10705,.F.);
#11217=ADVANCED_FACE('',(#1678),#1095,.T.);
#11218=ADVANCED_FACE('',(#1679),#215,.F.);
#11219=ADVANCED_FACE('',(#1680),#1096,.T.);
#11220=ADVANCED_FACE('',(#1681),#216,.F.);
#11221=ADVANCED_FACE('',(#1682),#10706,.F.);
#11222=ADVANCED_FACE('',(#1683),#1097,.F.);
#11223=ADVANCED_FACE('',(#1684),#217,.F.);
#11224=ADVANCED_FACE('',(#1685),#1098,.T.);
#11225=ADVANCED_FACE('',(#1686),#218,.F.);
#11226=ADVANCED_FACE('',(#1687),#1099,.T.);
#11227=ADVANCED_FACE('',(#1688),#1100,.F.);
#11228=ADVANCED_FACE('',(#1689),#10707,.F.);
#11229=ADVANCED_FACE('',(#1690),#1101,.T.);
#11230=ADVANCED_FACE('',(#1691),#219,.F.);
#11231=ADVANCED_FACE('',(#1692),#1102,.T.);
#11232=ADVANCED_FACE('',(#1693),#220,.F.);
#11233=ADVANCED_FACE('',(#1694),#10708,.F.);
#11234=ADVANCED_FACE('',(#1695),#1103,.F.);
#11235=ADVANCED_FACE('',(#1696),#221,.F.);
#11236=ADVANCED_FACE('',(#1697),#1104,.T.);
#11237=ADVANCED_FACE('',(#1698),#222,.F.);
#11238=ADVANCED_FACE('',(#1699),#1105,.T.);
#11239=ADVANCED_FACE('',(#1700),#1106,.F.);
#11240=ADVANCED_FACE('',(#1701),#10709,.F.);
#11241=ADVANCED_FACE('',(#1702),#1107,.T.);
#11242=ADVANCED_FACE('',(#1703),#223,.F.);
#11243=ADVANCED_FACE('',(#1704),#1108,.T.);
#11244=ADVANCED_FACE('',(#1705),#224,.F.);
#11245=ADVANCED_FACE('',(#1706),#10710,.F.);
#11246=ADVANCED_FACE('',(#1707),#1109,.F.);
#11247=ADVANCED_FACE('',(#1708),#225,.F.);
#11248=ADVANCED_FACE('',(#1709),#1110,.T.);
#11249=ADVANCED_FACE('',(#1710),#226,.F.);
#11250=ADVANCED_FACE('',(#1711),#1111,.T.);
#11251=ADVANCED_FACE('',(#1712),#1112,.F.);
#11252=ADVANCED_FACE('',(#1713),#10711,.F.);
#11253=ADVANCED_FACE('',(#1714),#1113,.T.);
#11254=ADVANCED_FACE('',(#1715),#227,.F.);
#11255=ADVANCED_FACE('',(#1716),#1114,.T.);
#11256=ADVANCED_FACE('',(#1717),#228,.F.);
#11257=ADVANCED_FACE('',(#1718),#10712,.F.);
#11258=ADVANCED_FACE('',(#1719),#1115,.F.);
#11259=ADVANCED_FACE('',(#1720),#1116,.T.);
#11260=ADVANCED_FACE('',(#1721),#229,.F.);
#11261=ADVANCED_FACE('',(#1722),#1117,.T.);
#11262=ADVANCED_FACE('',(#1723),#230,.F.);
#11263=ADVANCED_FACE('',(#1724),#1118,.F.);
#11264=ADVANCED_FACE('',(#1725),#10713,.F.);
#11265=ADVANCED_FACE('',(#1726),#1119,.T.);
#11266=ADVANCED_FACE('',(#1727),#231,.F.);
#11267=ADVANCED_FACE('',(#1728),#1120,.T.);
#11268=ADVANCED_FACE('',(#1729),#232,.F.);
#11269=ADVANCED_FACE('',(#1730),#10714,.F.);
#11270=ADVANCED_FACE('',(#1731),#1121,.F.);
#11271=ADVANCED_FACE('',(#1732),#1122,.T.);
#11272=ADVANCED_FACE('',(#1733),#233,.F.);
#11273=ADVANCED_FACE('',(#1734),#1123,.T.);
#11274=ADVANCED_FACE('',(#1735),#234,.F.);
#11275=ADVANCED_FACE('',(#1736),#1124,.F.);
#11276=ADVANCED_FACE('',(#1737),#10715,.F.);
#11277=ADVANCED_FACE('',(#1738),#1125,.T.);
#11278=ADVANCED_FACE('',(#1739),#235,.F.);
#11279=ADVANCED_FACE('',(#1740),#1126,.T.);
#11280=ADVANCED_FACE('',(#1741),#236,.F.);
#11281=ADVANCED_FACE('',(#1742),#10716,.F.);
#11282=ADVANCED_FACE('',(#1743),#1127,.F.);
#11283=ADVANCED_FACE('',(#1744),#1128,.T.);
#11284=ADVANCED_FACE('',(#1745),#237,.F.);
#11285=ADVANCED_FACE('',(#1746),#1129,.T.);
#11286=ADVANCED_FACE('',(#1747),#238,.F.);
#11287=ADVANCED_FACE('',(#1748),#1130,.F.);
#11288=ADVANCED_FACE('',(#1749),#10717,.F.);
#11289=ADVANCED_FACE('',(#1750),#1131,.T.);
#11290=ADVANCED_FACE('',(#1751),#239,.F.);
#11291=ADVANCED_FACE('',(#1752),#1132,.T.);
#11292=ADVANCED_FACE('',(#1753),#240,.F.);
#11293=ADVANCED_FACE('',(#1754),#10718,.F.);
#11294=ADVANCED_FACE('',(#1755),#1133,.F.);
#11295=ADVANCED_FACE('',(#1756),#1134,.T.);
#11296=ADVANCED_FACE('',(#1757),#241,.F.);
#11297=ADVANCED_FACE('',(#1758),#1135,.T.);
#11298=ADVANCED_FACE('',(#1759),#242,.F.);
#11299=ADVANCED_FACE('',(#1760),#1136,.F.);
#11300=ADVANCED_FACE('',(#1761),#10719,.F.);
#11301=ADVANCED_FACE('',(#1762),#1137,.T.);
#11302=ADVANCED_FACE('',(#1763),#243,.F.);
#11303=ADVANCED_FACE('',(#1764),#1138,.T.);
#11304=ADVANCED_FACE('',(#1765),#244,.F.);
#11305=ADVANCED_FACE('',(#1766),#10720,.F.);
#11306=ADVANCED_FACE('',(#1767),#1139,.F.);
#11307=ADVANCED_FACE('',(#1768),#1140,.T.);
#11308=ADVANCED_FACE('',(#1769),#245,.F.);
#11309=ADVANCED_FACE('',(#1770),#1141,.T.);
#11310=ADVANCED_FACE('',(#1771),#246,.F.);
#11311=ADVANCED_FACE('',(#1772),#1142,.F.);
#11312=ADVANCED_FACE('',(#1773),#10721,.F.);
#11313=ADVANCED_FACE('',(#1774),#1143,.T.);
#11314=ADVANCED_FACE('',(#1775),#247,.F.);
#11315=ADVANCED_FACE('',(#1776),#1144,.T.);
#11316=ADVANCED_FACE('',(#1777),#248,.F.);
#11317=ADVANCED_FACE('',(#1778),#10722,.F.);
#11318=ADVANCED_FACE('',(#1779),#1145,.F.);
#11319=ADVANCED_FACE('',(#1780),#1146,.T.);
#11320=ADVANCED_FACE('',(#1781),#249,.F.);
#11321=ADVANCED_FACE('',(#1782),#1147,.T.);
#11322=ADVANCED_FACE('',(#1783),#250,.F.);
#11323=ADVANCED_FACE('',(#1784),#1148,.F.);
#11324=ADVANCED_FACE('',(#1785),#10723,.F.);
#11325=ADVANCED_FACE('',(#1786),#1149,.T.);
#11326=ADVANCED_FACE('',(#1787),#251,.F.);
#11327=ADVANCED_FACE('',(#1788),#1150,.T.);
#11328=ADVANCED_FACE('',(#1789),#252,.F.);
#11329=ADVANCED_FACE('',(#1790),#10724,.F.);
#11330=ADVANCED_FACE('',(#1791),#1151,.F.);
#11331=ADVANCED_FACE('',(#1792),#1152,.T.);
#11332=ADVANCED_FACE('',(#1793),#253,.F.);
#11333=ADVANCED_FACE('',(#1794),#1153,.T.);
#11334=ADVANCED_FACE('',(#1795),#254,.F.);
#11335=ADVANCED_FACE('',(#1796),#1154,.F.);
#11336=ADVANCED_FACE('',(#1797),#10725,.F.);
#11337=ADVANCED_FACE('',(#1798),#1155,.T.);
#11338=ADVANCED_FACE('',(#1799),#255,.F.);
#11339=ADVANCED_FACE('',(#1800),#1156,.T.);
#11340=ADVANCED_FACE('',(#1801),#256,.F.);
#11341=ADVANCED_FACE('',(#1802),#10726,.F.);
#11342=ADVANCED_FACE('',(#1803),#1157,.F.);
#11343=ADVANCED_FACE('',(#1804),#1158,.T.);
#11344=ADVANCED_FACE('',(#1805),#257,.F.);
#11345=ADVANCED_FACE('',(#1806),#1159,.T.);
#11346=ADVANCED_FACE('',(#1807),#258,.F.);
#11347=ADVANCED_FACE('',(#1808),#1160,.F.);
#11348=ADVANCED_FACE('',(#1809),#10727,.F.);
#11349=ADVANCED_FACE('',(#1810),#1161,.T.);
#11350=ADVANCED_FACE('',(#1811),#259,.F.);
#11351=ADVANCED_FACE('',(#1812),#1162,.T.);
#11352=ADVANCED_FACE('',(#1813),#260,.F.);
#11353=ADVANCED_FACE('',(#1814),#10728,.F.);
#11354=ADVANCED_FACE('',(#1815),#1163,.F.);
#11355=ADVANCED_FACE('',(#1816),#1164,.T.);
#11356=ADVANCED_FACE('',(#1817),#261,.F.);
#11357=ADVANCED_FACE('',(#1818),#1165,.T.);
#11358=ADVANCED_FACE('',(#1819),#262,.F.);
#11359=ADVANCED_FACE('',(#1820),#1166,.F.);
#11360=ADVANCED_FACE('',(#1821),#10729,.F.);
#11361=ADVANCED_FACE('',(#1822),#1167,.T.);
#11362=ADVANCED_FACE('',(#1823),#263,.F.);
#11363=ADVANCED_FACE('',(#1824),#1168,.T.);
#11364=ADVANCED_FACE('',(#1825),#264,.F.);
#11365=ADVANCED_FACE('',(#1826),#10730,.F.);
#11366=ADVANCED_FACE('',(#1827),#1169,.F.);
#11367=ADVANCED_FACE('',(#1828),#1170,.T.);
#11368=ADVANCED_FACE('',(#1829),#265,.F.);
#11369=ADVANCED_FACE('',(#1830),#1171,.T.);
#11370=ADVANCED_FACE('',(#1831),#266,.F.);
#11371=ADVANCED_FACE('',(#1832),#1172,.F.);
#11372=ADVANCED_FACE('',(#1833),#10731,.F.);
#11373=ADVANCED_FACE('',(#1834),#1173,.T.);
#11374=ADVANCED_FACE('',(#1835),#267,.F.);
#11375=ADVANCED_FACE('',(#1836),#1174,.T.);
#11376=ADVANCED_FACE('',(#1837),#268,.F.);
#11377=ADVANCED_FACE('',(#1838),#10732,.F.);
#11378=ADVANCED_FACE('',(#1839),#1175,.F.);
#11379=ADVANCED_FACE('',(#1840),#1176,.T.);
#11380=ADVANCED_FACE('',(#1841),#269,.F.);
#11381=ADVANCED_FACE('',(#1842),#1177,.T.);
#11382=ADVANCED_FACE('',(#1843),#270,.F.);
#11383=ADVANCED_FACE('',(#1844),#1178,.F.);
#11384=ADVANCED_FACE('',(#1845),#10733,.F.);
#11385=ADVANCED_FACE('',(#1846),#1179,.T.);
#11386=ADVANCED_FACE('',(#1847),#271,.F.);
#11387=ADVANCED_FACE('',(#1848),#1180,.T.);
#11388=ADVANCED_FACE('',(#1849),#272,.F.);
#11389=ADVANCED_FACE('',(#1850),#10734,.F.);
#11390=ADVANCED_FACE('',(#1851),#1181,.F.);
#11391=ADVANCED_FACE('',(#1852),#1182,.T.);
#11392=ADVANCED_FACE('',(#1853),#273,.F.);
#11393=ADVANCED_FACE('',(#1854),#1183,.T.);
#11394=ADVANCED_FACE('',(#1855),#274,.F.);
#11395=ADVANCED_FACE('',(#1856),#1184,.F.);
#11396=ADVANCED_FACE('',(#1857),#10735,.F.);
#11397=ADVANCED_FACE('',(#1858),#1185,.T.);
#11398=ADVANCED_FACE('',(#1859),#275,.F.);
#11399=ADVANCED_FACE('',(#1860),#1186,.T.);
#11400=ADVANCED_FACE('',(#1861),#276,.F.);
#11401=ADVANCED_FACE('',(#1862),#10736,.F.);
#11402=ADVANCED_FACE('',(#1863),#1187,.F.);
#11403=ADVANCED_FACE('',(#1864),#1188,.T.);
#11404=ADVANCED_FACE('',(#1865),#277,.F.);
#11405=ADVANCED_FACE('',(#1866),#1189,.T.);
#11406=ADVANCED_FACE('',(#1867),#278,.F.);
#11407=ADVANCED_FACE('',(#1868),#1190,.F.);
#11408=ADVANCED_FACE('',(#1869),#10737,.F.);
#11409=ADVANCED_FACE('',(#1870),#1191,.T.);
#11410=ADVANCED_FACE('',(#1871),#279,.F.);
#11411=ADVANCED_FACE('',(#1872),#1192,.T.);
#11412=ADVANCED_FACE('',(#1873),#280,.F.);
#11413=ADVANCED_FACE('',(#1874),#10738,.F.);
#11414=ADVANCED_FACE('',(#1875),#1193,.F.);
#11415=ADVANCED_FACE('',(#1876),#1194,.T.);
#11416=ADVANCED_FACE('',(#1877),#281,.F.);
#11417=ADVANCED_FACE('',(#1878),#1195,.T.);
#11418=ADVANCED_FACE('',(#1879),#282,.F.);
#11419=ADVANCED_FACE('',(#1880),#1196,.F.);
#11420=ADVANCED_FACE('',(#1881),#10739,.F.);
#11421=ADVANCED_FACE('',(#1882),#1197,.T.);
#11422=ADVANCED_FACE('',(#1883),#283,.F.);
#11423=ADVANCED_FACE('',(#1884),#1198,.T.);
#11424=ADVANCED_FACE('',(#1885),#284,.F.);
#11425=ADVANCED_FACE('',(#1886),#10740,.F.);
#11426=ADVANCED_FACE('',(#1887),#1199,.F.);
#11427=ADVANCED_FACE('',(#1888),#1200,.T.);
#11428=ADVANCED_FACE('',(#1889),#285,.F.);
#11429=ADVANCED_FACE('',(#1890),#1201,.T.);
#11430=ADVANCED_FACE('',(#1891),#286,.F.);
#11431=ADVANCED_FACE('',(#1892),#1202,.F.);
#11432=ADVANCED_FACE('',(#1893),#10741,.F.);
#11433=CLOSED_SHELL('',(#10742,#10743,#10744,#10745,#10746,#10747,#10748,
#10749,#10750,#10751,#10752,#10753,#10754,#10755,#10756,#10757,#10758,#10759,
#10760,#10761,#10762,#10763,#10764,#10765,#10766,#10767,#10768,#10769,#10770,
#10771,#10772,#10773,#10774,#10775,#10776,#10777,#10778,#10779,#10780,#10781,
#10782,#10783,#10784,#10785,#10786,#10787,#10788,#10789,#10790,#10791,#10792,
#10793,#10794,#10795,#10796,#10797,#10798,#10799,#10800,#10801,#10802,#10803,
#10804,#10805,#10806,#10807,#10808,#10809,#10810,#10811,#10812,#10813,#10814,
#10815,#10816,#10817,#10818,#10819,#10820,#10821,#10822,#10823,#10824,#10825,
#10826,#10827,#10828,#10829,#10830,#10831,#10832,#10833,#10834,#10835,#10836,
#10837,#10838,#10839,#10840,#10841,#10842,#10843,#10844,#10845,#10846,#10847,
#10848,#10849,#10850,#10851,#10852,#10853,#10854,#10855,#10856,#10857,#10858,
#10859,#10860,#10861,#10862,#10863,#10864,#10865,#10866,#10867,#10868,#10869,
#10870,#10871,#10872,#10873,#10874,#10875,#10876,#10877,#10878,#10879,#10880,
#10881,#10882,#10883,#10884,#10885,#10886,#10887,#10888,#10889,#10890,#10891,
#10892,#10893,#10894,#10895,#10896,#10897,#10898,#10899,#10900,#10901,#10902,
#10903,#10904,#10905,#10906,#10907,#10908,#10909,#10910,#10911,#10912,#10913,
#10914,#10915,#10916,#10917,#10918,#10919,#10920,#10921,#10922,#10923,#10924,
#10925,#10926,#10927,#10928,#10929,#10930,#10931,#10932,#10933,#10934,#10935,
#10936,#10937,#10938,#10939,#10940,#10941,#10942,#10943,#10944,#10945,#10946,
#10947,#10948,#10949,#10950,#10951,#10952,#10953,#10954,#10955,#10956,#10957,
#10958,#10959,#10960,#10961,#10962,#10963,#10964,#10965,#10966,#10967,#10968,
#10969,#10970,#10971,#10972,#10973,#10974,#10975,#10976,#10977,#10978,#10979,
#10980,#10981,#10982,#10983,#10984,#10985,#10986,#10987,#10988,#10989,#10990,
#10991,#10992,#10993,#10994,#10995,#10996,#10997,#10998,#10999,#11000,#11001,
#11002,#11003,#11004,#11005,#11006,#11007,#11008,#11009,#11010,#11011,#11012,
#11013,#11014,#11015,#11016,#11017,#11018,#11019,#11020,#11021,#11022,#11023,
#11024,#11025,#11026,#11027,#11028,#11029,#11030,#11031,#11032,#11033,#11034,
#11035,#11036,#11037,#11038,#11039,#11040,#11041,#11042,#11043,#11044,#11045,
#11046,#11047,#11048,#11049,#11050,#11051,#11052,#11053,#11054,#11055,#11056,
#11057,#11058,#11059,#11060,#11061,#11062,#11063,#11064,#11065,#11066,#11067,
#11068,#11069,#11070,#11071,#11072,#11073,#11074,#11075,#11076,#11077,#11078,
#11079,#11080,#11081,#11082,#11083,#11084,#11085,#11086,#11087,#11088,#11089,
#11090,#11091,#11092,#11093,#11094,#11095,#11096,#11097,#11098,#11099,#11100,
#11101,#11102,#11103,#11104,#11105,#11106,#11107,#11108,#11109,#11110,#11111,
#11112,#11113,#11114,#11115,#11116,#11117,#11118,#11119,#11120,#11121,#11122,
#11123,#11124,#11125,#11126,#11127,#11128,#11129,#11130,#11131,#11132,#11133,
#11134,#11135,#11136,#11137,#11138,#11139,#11140,#11141,#11142,#11143,#11144,
#11145,#11146,#11147,#11148,#11149,#11150,#11151,#11152,#11153,#11154,#11155,
#11156,#11157,#11158,#11159,#11160,#11161,#11162,#11163,#11164,#11165,#11166,
#11167,#11168,#11169,#11170,#11171,#11172,#11173,#11174,#11175,#11176,#11177,
#11178,#11179,#11180,#11181,#11182,#11183,#11184,#11185,#11186,#11187,#11188,
#11189,#11190,#11191,#11192,#11193,#11194,#11195,#11196,#11197,#11198,#11199,
#11200,#11201,#11202,#11203,#11204,#11205,#11206,#11207,#11208,#11209,#11210,
#11211,#11212,#11213,#11214,#11215,#11216,#11217,#11218,#11219,#11220,#11221,
#11222,#11223,#11224,#11225,#11226,#11227,#11228,#11229,#11230,#11231,#11232,
#11233,#11234,#11235,#11236,#11237,#11238,#11239,#11240,#11241,#11242,#11243,
#11244,#11245,#11246,#11247,#11248,#11249,#11250,#11251,#11252,#11253,#11254,
#11255,#11256,#11257,#11258,#11259,#11260,#11261,#11262,#11263,#11264,#11265,
#11266,#11267,#11268,#11269,#11270,#11271,#11272,#11273,#11274,#11275,#11276,
#11277,#11278,#11279,#11280,#11281,#11282,#11283,#11284,#11285,#11286,#11287,
#11288,#11289,#11290,#11291,#11292,#11293,#11294,#11295,#11296,#11297,#11298,
#11299,#11300,#11301,#11302,#11303,#11304,#11305,#11306,#11307,#11308,#11309,
#11310,#11311,#11312,#11313,#11314,#11315,#11316,#11317,#11318,#11319,#11320,
#11321,#11322,#11323,#11324,#11325,#11326,#11327,#11328,#11329,#11330,#11331,
#11332,#11333,#11334,#11335,#11336,#11337,#11338,#11339,#11340,#11341,#11342,
#11343,#11344,#11345,#11346,#11347,#11348,#11349,#11350,#11351,#11352,#11353,
#11354,#11355,#11356,#11357,#11358,#11359,#11360,#11361,#11362,#11363,#11364,
#11365,#11366,#11367,#11368,#11369,#11370,#11371,#11372,#11373,#11374,#11375,
#11376,#11377,#11378,#11379,#11380,#11381,#11382,#11383,#11384,#11385,#11386,
#11387,#11388,#11389,#11390,#11391,#11392,#11393,#11394,#11395,#11396,#11397,
#11398,#11399,#11400,#11401,#11402,#11403,#11404,#11405,#11406,#11407,#11408,
#11409,#11410,#11411,#11412,#11413,#11414,#11415,#11416,#11417,#11418,#11419,
#11420,#11421,#11422,#11423,#11424,#11425,#11426,#11427,#11428,#11429,#11430,
#11431,#11432));
#11434=DERIVED_UNIT_ELEMENT(#11436,1.);
#11435=DERIVED_UNIT_ELEMENT(#19699,-3.);
#11436=(
MASS_UNIT()
NAMED_UNIT(*)
SI_UNIT(.KILO.,.GRAM.)
);
#11437=DERIVED_UNIT((#11434,#11435));
#11438=MEASURE_REPRESENTATION_ITEM('density measure',
POSITIVE_RATIO_MEASURE(952.),#11437);
#11439=PROPERTY_DEFINITION_REPRESENTATION(#11444,#11441);
#11440=PROPERTY_DEFINITION_REPRESENTATION(#11445,#11442);
#11441=REPRESENTATION('material name',(#11443),#19696);
#11442=REPRESENTATION('density',(#11438),#19696);
#11443=DESCRIPTIVE_REPRESENTATION_ITEM('Plastic, Opaque White',
'Plastic, Opaque White');
#11444=PROPERTY_DEFINITION('material property','material name',#19706);
#11445=PROPERTY_DEFINITION('material property','density of part',#19706);
#11446=AXIS2_PLACEMENT_3D('',#16218,#12690,#12691);
#11447=AXIS2_PLACEMENT_3D('',#16219,#12692,#12693);
#11448=AXIS2_PLACEMENT_3D('',#16222,#12694,#12695);
#11449=AXIS2_PLACEMENT_3D('',#16226,#12697,#12698);
#11450=AXIS2_PLACEMENT_3D('',#16228,#12700,#12701);
#11451=AXIS2_PLACEMENT_3D('',#16234,#12705,#12706);
#11452=AXIS2_PLACEMENT_3D('',#16237,#12707,#12708);
#11453=AXIS2_PLACEMENT_3D('',#16241,#12710,#12711);
#11454=AXIS2_PLACEMENT_3D('',#16243,#12713,#12714);
#11455=AXIS2_PLACEMENT_3D('',#16247,#12716,#12717);
#11456=AXIS2_PLACEMENT_3D('',#16252,#12720,#12721);
#11457=AXIS2_PLACEMENT_3D('',#16256,#12723,#12724);
#11458=AXIS2_PLACEMENT_3D('',#16260,#12726,#12727);
#11459=AXIS2_PLACEMENT_3D('',#16264,#12729,#12730);
#11460=AXIS2_PLACEMENT_3D('',#16268,#12732,#12733);
#11461=AXIS2_PLACEMENT_3D('',#16272,#12735,#12736);
#11462=AXIS2_PLACEMENT_3D('',#16276,#12738,#12739);
#11463=AXIS2_PLACEMENT_3D('',#16280,#12741,#12742);
#11464=AXIS2_PLACEMENT_3D('',#16283,#12744,#12745);
#11465=AXIS2_PLACEMENT_3D('',#16288,#12747,#12748);
#11466=AXIS2_PLACEMENT_3D('',#16291,#12750,#12751);
#11467=AXIS2_PLACEMENT_3D('',#16296,#12753,#12754);
#11468=AXIS2_PLACEMENT_3D('',#16299,#12756,#12757);
#11469=AXIS2_PLACEMENT_3D('',#16304,#12759,#12760);
#11470=AXIS2_PLACEMENT_3D('',#16307,#12762,#12763);
#11471=AXIS2_PLACEMENT_3D('',#16312,#12765,#12766);
#11472=AXIS2_PLACEMENT_3D('',#16315,#12768,#12769);
#11473=AXIS2_PLACEMENT_3D('',#16320,#12771,#12772);
#11474=AXIS2_PLACEMENT_3D('',#16323,#12774,#12775);
#11475=AXIS2_PLACEMENT_3D('',#16328,#12777,#12778);
#11476=AXIS2_PLACEMENT_3D('',#16331,#12780,#12781);
#11477=AXIS2_PLACEMENT_3D('',#16336,#12783,#12784);
#11478=AXIS2_PLACEMENT_3D('',#16339,#12786,#12787);
#11479=AXIS2_PLACEMENT_3D('',#16344,#12789,#12790);
#11480=AXIS2_PLACEMENT_3D('',#16347,#12792,#12793);
#11481=AXIS2_PLACEMENT_3D('',#16352,#12795,#12796);
#11482=AXIS2_PLACEMENT_3D('',#16355,#12798,#12799);
#11483=AXIS2_PLACEMENT_3D('',#16360,#12801,#12802);
#11484=AXIS2_PLACEMENT_3D('',#16363,#12804,#12805);
#11485=AXIS2_PLACEMENT_3D('',#16368,#12807,#12808);
#11486=AXIS2_PLACEMENT_3D('',#16371,#12810,#12811);
#11487=AXIS2_PLACEMENT_3D('',#16376,#12813,#12814);
#11488=AXIS2_PLACEMENT_3D('',#16379,#12816,#12817);
#11489=AXIS2_PLACEMENT_3D('',#16384,#12819,#12820);
#11490=AXIS2_PLACEMENT_3D('',#16387,#12822,#12823);
#11491=AXIS2_PLACEMENT_3D('',#16392,#12825,#12826);
#11492=AXIS2_PLACEMENT_3D('',#16395,#12828,#12829);
#11493=AXIS2_PLACEMENT_3D('',#16400,#12831,#12832);
#11494=AXIS2_PLACEMENT_3D('',#16403,#12834,#12835);
#11495=AXIS2_PLACEMENT_3D('',#16408,#12837,#12838);
#11496=AXIS2_PLACEMENT_3D('',#16411,#12840,#12841);
#11497=AXIS2_PLACEMENT_3D('',#16416,#12843,#12844);
#11498=AXIS2_PLACEMENT_3D('',#16419,#12846,#12847);
#11499=AXIS2_PLACEMENT_3D('',#16424,#12849,#12850);
#11500=AXIS2_PLACEMENT_3D('',#16427,#12852,#12853);
#11501=AXIS2_PLACEMENT_3D('',#16432,#12855,#12856);
#11502=AXIS2_PLACEMENT_3D('',#16435,#12858,#12859);
#11503=AXIS2_PLACEMENT_3D('',#16440,#12861,#12862);
#11504=AXIS2_PLACEMENT_3D('',#16443,#12864,#12865);
#11505=AXIS2_PLACEMENT_3D('',#16448,#12867,#12868);
#11506=AXIS2_PLACEMENT_3D('',#16451,#12870,#12871);
#11507=AXIS2_PLACEMENT_3D('',#16456,#12873,#12874);
#11508=AXIS2_PLACEMENT_3D('',#16459,#12876,#12877);
#11509=AXIS2_PLACEMENT_3D('',#16464,#12879,#12880);
#11510=AXIS2_PLACEMENT_3D('',#16467,#12882,#12883);
#11511=AXIS2_PLACEMENT_3D('',#16472,#12885,#12886);
#11512=AXIS2_PLACEMENT_3D('',#16475,#12888,#12889);
#11513=AXIS2_PLACEMENT_3D('',#16480,#12891,#12892);
#11514=AXIS2_PLACEMENT_3D('',#16483,#12894,#12895);
#11515=AXIS2_PLACEMENT_3D('',#16488,#12897,#12898);
#11516=AXIS2_PLACEMENT_3D('',#16491,#12900,#12901);
#11517=AXIS2_PLACEMENT_3D('',#16496,#12903,#12904);
#11518=AXIS2_PLACEMENT_3D('',#16499,#12906,#12907);
#11519=AXIS2_PLACEMENT_3D('',#16504,#12909,#12910);
#11520=AXIS2_PLACEMENT_3D('',#16507,#12912,#12913);
#11521=AXIS2_PLACEMENT_3D('',#16512,#12915,#12916);
#11522=AXIS2_PLACEMENT_3D('',#16515,#12918,#12919);
#11523=AXIS2_PLACEMENT_3D('',#16520,#12921,#12922);
#11524=AXIS2_PLACEMENT_3D('',#16523,#12924,#12925);
#11525=AXIS2_PLACEMENT_3D('',#16528,#12927,#12928);
#11526=AXIS2_PLACEMENT_3D('',#16531,#12930,#12931);
#11527=AXIS2_PLACEMENT_3D('',#16536,#12933,#12934);
#11528=AXIS2_PLACEMENT_3D('',#16539,#12936,#12937);
#11529=AXIS2_PLACEMENT_3D('',#16544,#12939,#12940);
#11530=AXIS2_PLACEMENT_3D('',#16547,#12942,#12943);
#11531=AXIS2_PLACEMENT_3D('',#16552,#12945,#12946);
#11532=AXIS2_PLACEMENT_3D('',#16555,#12948,#12949);
#11533=AXIS2_PLACEMENT_3D('',#16560,#12951,#12952);
#11534=AXIS2_PLACEMENT_3D('',#16563,#12954,#12955);
#11535=AXIS2_PLACEMENT_3D('',#16568,#12957,#12958);
#11536=AXIS2_PLACEMENT_3D('',#16571,#12960,#12961);
#11537=AXIS2_PLACEMENT_3D('',#16576,#12963,#12964);
#11538=AXIS2_PLACEMENT_3D('',#16579,#12966,#12967);
#11539=AXIS2_PLACEMENT_3D('',#16584,#12969,#12970);
#11540=AXIS2_PLACEMENT_3D('',#16587,#12972,#12973);
#11541=AXIS2_PLACEMENT_3D('',#16592,#12975,#12976);
#11542=AXIS2_PLACEMENT_3D('',#16595,#12978,#12979);
#11543=AXIS2_PLACEMENT_3D('',#16600,#12981,#12982);
#11544=AXIS2_PLACEMENT_3D('',#16603,#12984,#12985);
#11545=AXIS2_PLACEMENT_3D('',#16608,#12987,#12988);
#11546=AXIS2_PLACEMENT_3D('',#16611,#12990,#12991);
#11547=AXIS2_PLACEMENT_3D('',#16612,#12992,#12993);
#11548=AXIS2_PLACEMENT_3D('',#16616,#12996,#12997);
#11549=AXIS2_PLACEMENT_3D('',#16618,#12998,#12999);
#11550=AXIS2_PLACEMENT_3D('',#16620,#13001,#13002);
#11551=AXIS2_PLACEMENT_3D('',#16624,#13004,#13005);
#11552=AXIS2_PLACEMENT_3D('',#16626,#13007,#13008);
#11553=AXIS2_PLACEMENT_3D('',#16630,#13011,#13012);
#11554=AXIS2_PLACEMENT_3D('',#16632,#13013,#13014);
#11555=AXIS2_PLACEMENT_3D('',#16634,#13016,#13017);
#11556=AXIS2_PLACEMENT_3D('',#16638,#13019,#13020);
#11557=AXIS2_PLACEMENT_3D('',#16640,#13022,#13023);
#11558=AXIS2_PLACEMENT_3D('',#16644,#13026,#13027);
#11559=AXIS2_PLACEMENT_3D('',#16646,#13028,#13029);
#11560=AXIS2_PLACEMENT_3D('',#16648,#13031,#13032);
#11561=AXIS2_PLACEMENT_3D('',#16651,#13034,#13035);
#11562=AXIS2_PLACEMENT_3D('',#16652,#13036,#13037);
#11563=AXIS2_PLACEMENT_3D('',#16656,#13040,#13041);
#11564=AXIS2_PLACEMENT_3D('',#16665,#13046,#13047);
#11565=AXIS2_PLACEMENT_3D('',#16669,#13049,#13050);
#11566=AXIS2_PLACEMENT_3D('',#16670,#13051,#13052);
#11567=AXIS2_PLACEMENT_3D('',#16671,#13053,#13054);
#11568=AXIS2_PLACEMENT_3D('',#16677,#13058,#13059);
#11569=AXIS2_PLACEMENT_3D('',#16681,#13061,#13062);
#11570=AXIS2_PLACEMENT_3D('',#16682,#13063,#13064);
#11571=AXIS2_PLACEMENT_3D('',#16683,#13065,#13066);
#11572=AXIS2_PLACEMENT_3D('',#16689,#13070,#13071);
#11573=AXIS2_PLACEMENT_3D('',#16693,#13073,#13074);
#11574=AXIS2_PLACEMENT_3D('',#16694,#13075,#13076);
#11575=AXIS2_PLACEMENT_3D('',#16695,#13077,#13078);
#11576=AXIS2_PLACEMENT_3D('',#16701,#13082,#13083);
#11577=AXIS2_PLACEMENT_3D('',#16702,#13084,#13085);
#11578=AXIS2_PLACEMENT_3D('',#16703,#13086,#13087);
#11579=AXIS2_PLACEMENT_3D('',#16704,#13088,#13089);
#11580=AXIS2_PLACEMENT_3D('',#16708,#13091,#13092);
#11581=AXIS2_PLACEMENT_3D('',#16710,#13094,#13095);
#11582=AXIS2_PLACEMENT_3D('',#16714,#13098,#13099);
#11583=AXIS2_PLACEMENT_3D('',#16717,#13101,#13102);
#11584=AXIS2_PLACEMENT_3D('',#16718,#13103,#13104);
#11585=AXIS2_PLACEMENT_3D('',#16722,#13107,#13108);
#11586=AXIS2_PLACEMENT_3D('',#16725,#13109,#13110);
#11587=AXIS2_PLACEMENT_3D('',#16727,#13111,#13112);
#11588=AXIS2_PLACEMENT_3D('',#16729,#13113,#13114);
#11589=AXIS2_PLACEMENT_3D('',#16731,#13115,#13116);
#11590=AXIS2_PLACEMENT_3D('',#16733,#13117,#13118);
#11591=AXIS2_PLACEMENT_3D('',#16735,#13119,#13120);
#11592=AXIS2_PLACEMENT_3D('',#16737,#13121,#13122);
#11593=AXIS2_PLACEMENT_3D('',#16738,#13123,#13124);
#11594=AXIS2_PLACEMENT_3D('',#16741,#13125,#13126);
#11595=AXIS2_PLACEMENT_3D('',#16743,#13127,#13128);
#11596=AXIS2_PLACEMENT_3D('',#16745,#13129,#13130);
#11597=AXIS2_PLACEMENT_3D('',#16747,#13131,#13132);
#11598=AXIS2_PLACEMENT_3D('',#16749,#13133,#13134);
#11599=AXIS2_PLACEMENT_3D('',#16751,#13135,#13136);
#11600=AXIS2_PLACEMENT_3D('',#16753,#13137,#13138);
#11601=AXIS2_PLACEMENT_3D('',#16754,#13139,#13140);
#11602=AXIS2_PLACEMENT_3D('',#16758,#13142,#13143);
#11603=AXIS2_PLACEMENT_3D('',#16761,#13145,#13146);
#11604=AXIS2_PLACEMENT_3D('',#16766,#13149,#13150);
#11605=AXIS2_PLACEMENT_3D('',#16771,#13153,#13154);
#11606=AXIS2_PLACEMENT_3D('',#16775,#13156,#13157);
#11607=AXIS2_PLACEMENT_3D('',#16777,#13158,#13159);
#11608=AXIS2_PLACEMENT_3D('',#16779,#13160,#13161);
#11609=AXIS2_PLACEMENT_3D('',#16781,#13162,#13163);
#11610=AXIS2_PLACEMENT_3D('',#16783,#13164,#13165);
#11611=AXIS2_PLACEMENT_3D('',#16785,#13166,#13167);
#11612=AXIS2_PLACEMENT_3D('',#16787,#13168,#13169);
#11613=AXIS2_PLACEMENT_3D('',#16788,#13170,#13171);
#11614=AXIS2_PLACEMENT_3D('',#16791,#13172,#13173);
#11615=AXIS2_PLACEMENT_3D('',#16793,#13174,#13175);
#11616=AXIS2_PLACEMENT_3D('',#16795,#13176,#13177);
#11617=AXIS2_PLACEMENT_3D('',#16797,#13178,#13179);
#11618=AXIS2_PLACEMENT_3D('',#16799,#13180,#13181);
#11619=AXIS2_PLACEMENT_3D('',#16801,#13182,#13183);
#11620=AXIS2_PLACEMENT_3D('',#16803,#13184,#13185);
#11621=AXIS2_PLACEMENT_3D('',#16804,#13186,#13187);
#11622=AXIS2_PLACEMENT_3D('',#16805,#13188,#13189);
#11623=AXIS2_PLACEMENT_3D('',#16811,#13193,#13194);
#11624=AXIS2_PLACEMENT_3D('',#16815,#13196,#13197);
#11625=AXIS2_PLACEMENT_3D('',#16816,#13198,#13199);
#11626=AXIS2_PLACEMENT_3D('',#16817,#13200,#13201);
#11627=AXIS2_PLACEMENT_3D('',#16823,#13205,#13206);
#11628=AXIS2_PLACEMENT_3D('',#16827,#13208,#13209);
#11629=AXIS2_PLACEMENT_3D('',#16828,#13210,#13211);
#11630=AXIS2_PLACEMENT_3D('',#16829,#13212,#13213);
#11631=AXIS2_PLACEMENT_3D('',#16834,#13217,#13218);
#11632=AXIS2_PLACEMENT_3D('',#16837,#13220,#13221);
#11633=AXIS2_PLACEMENT_3D('',#16838,#13222,#13223);
#11634=AXIS2_PLACEMENT_3D('',#16842,#13226,#13227);
#11635=AXIS2_PLACEMENT_3D('',#16843,#13228,#13229);
#11636=AXIS2_PLACEMENT_3D('',#16844,#13230,#13231);
#11637=AXIS2_PLACEMENT_3D('',#16847,#13234,#13235);
#11638=AXIS2_PLACEMENT_3D('',#16849,#13237,#13238);
#11639=AXIS2_PLACEMENT_3D('',#16850,#13239,#13240);
#11640=AXIS2_PLACEMENT_3D('',#16852,#13241,#13242);
#11641=AXIS2_PLACEMENT_3D('',#16854,#13243,#13244);
#11642=AXIS2_PLACEMENT_3D('',#16859,#13246,#13247);
#11643=AXIS2_PLACEMENT_3D('',#16862,#13249,#13250);
#11644=AXIS2_PLACEMENT_3D('',#16865,#13251,#13252);
#11645=AXIS2_PLACEMENT_3D('',#16869,#13254,#13255);
#11646=AXIS2_PLACEMENT_3D('',#16873,#13257,#13258);
#11647=AXIS2_PLACEMENT_3D('',#16877,#13260,#13261);
#11648=AXIS2_PLACEMENT_3D('',#16881,#13263,#13264);
#11649=AXIS2_PLACEMENT_3D('',#16885,#13266,#13267);
#11650=AXIS2_PLACEMENT_3D('',#16889,#13269,#13270);
#11651=AXIS2_PLACEMENT_3D('',#16893,#13272,#13273);
#11652=AXIS2_PLACEMENT_3D('',#16897,#13275,#13276);
#11653=AXIS2_PLACEMENT_3D('',#16901,#13278,#13279);
#11654=AXIS2_PLACEMENT_3D('',#16905,#13281,#13282);
#11655=AXIS2_PLACEMENT_3D('',#16909,#13284,#13285);
#11656=AXIS2_PLACEMENT_3D('',#16913,#13287,#13288);
#11657=AXIS2_PLACEMENT_3D('',#16917,#13290,#13291);
#11658=AXIS2_PLACEMENT_3D('',#16921,#13293,#13294);
#11659=AXIS2_PLACEMENT_3D('',#16925,#13296,#13297);
#11660=AXIS2_PLACEMENT_3D('',#16929,#13299,#13300);
#11661=AXIS2_PLACEMENT_3D('',#16933,#13302,#13303);
#11662=AXIS2_PLACEMENT_3D('',#16937,#13305,#13306);
#11663=AXIS2_PLACEMENT_3D('',#16941,#13308,#13309);
#11664=AXIS2_PLACEMENT_3D('',#16945,#13311,#13312);
#11665=AXIS2_PLACEMENT_3D('',#16949,#13314,#13315);
#11666=AXIS2_PLACEMENT_3D('',#16953,#13317,#13318);
#11667=AXIS2_PLACEMENT_3D('',#16957,#13320,#13321);
#11668=AXIS2_PLACEMENT_3D('',#16961,#13323,#13324);
#11669=AXIS2_PLACEMENT_3D('',#16965,#13326,#13327);
#11670=AXIS2_PLACEMENT_3D('',#16969,#13329,#13330);
#11671=AXIS2_PLACEMENT_3D('',#16973,#13332,#13333);
#11672=AXIS2_PLACEMENT_3D('',#16977,#13335,#13336);
#11673=AXIS2_PLACEMENT_3D('',#16981,#13338,#13339);
#11674=AXIS2_PLACEMENT_3D('',#16985,#13341,#13342);
#11675=AXIS2_PLACEMENT_3D('',#16989,#13344,#13345);
#11676=AXIS2_PLACEMENT_3D('',#16993,#13347,#13348);
#11677=AXIS2_PLACEMENT_3D('',#16997,#13350,#13351);
#11678=AXIS2_PLACEMENT_3D('',#17001,#13353,#13354);
#11679=AXIS2_PLACEMENT_3D('',#17005,#13356,#13357);
#11680=AXIS2_PLACEMENT_3D('',#17009,#13359,#13360);
#11681=AXIS2_PLACEMENT_3D('',#17013,#13362,#13363);
#11682=AXIS2_PLACEMENT_3D('',#17017,#13365,#13366);
#11683=AXIS2_PLACEMENT_3D('',#17021,#13368,#13369);
#11684=AXIS2_PLACEMENT_3D('',#17025,#13371,#13372);
#11685=AXIS2_PLACEMENT_3D('',#17029,#13374,#13375);
#11686=AXIS2_PLACEMENT_3D('',#17033,#13377,#13378);
#11687=AXIS2_PLACEMENT_3D('',#17037,#13380,#13381);
#11688=AXIS2_PLACEMENT_3D('',#17041,#13383,#13384);
#11689=AXIS2_PLACEMENT_3D('',#17045,#13386,#13387);
#11690=AXIS2_PLACEMENT_3D('',#17049,#13389,#13390);
#11691=AXIS2_PLACEMENT_3D('',#17053,#13392,#13393);
#11692=AXIS2_PLACEMENT_3D('',#17057,#13395,#13396);
#11693=AXIS2_PLACEMENT_3D('',#17061,#13398,#13399);
#11694=AXIS2_PLACEMENT_3D('',#17067,#13402,#13403);
#11695=AXIS2_PLACEMENT_3D('',#17070,#13405,#13406);
#11696=AXIS2_PLACEMENT_3D('',#17075,#13408,#13409);
#11697=AXIS2_PLACEMENT_3D('',#17078,#13411,#13412);
#11698=AXIS2_PLACEMENT_3D('',#17083,#13414,#13415);
#11699=AXIS2_PLACEMENT_3D('',#17086,#13417,#13418);
#11700=AXIS2_PLACEMENT_3D('',#17091,#13420,#13421);
#11701=AXIS2_PLACEMENT_3D('',#17094,#13423,#13424);
#11702=AXIS2_PLACEMENT_3D('',#17099,#13426,#13427);
#11703=AXIS2_PLACEMENT_3D('',#17102,#13429,#13430);
#11704=AXIS2_PLACEMENT_3D('',#17107,#13432,#13433);
#11705=AXIS2_PLACEMENT_3D('',#17110,#13435,#13436);
#11706=AXIS2_PLACEMENT_3D('',#17115,#13438,#13439);
#11707=AXIS2_PLACEMENT_3D('',#17118,#13441,#13442);
#11708=AXIS2_PLACEMENT_3D('',#17123,#13444,#13445);
#11709=AXIS2_PLACEMENT_3D('',#17126,#13447,#13448);
#11710=AXIS2_PLACEMENT_3D('',#17131,#13450,#13451);
#11711=AXIS2_PLACEMENT_3D('',#17134,#13453,#13454);
#11712=AXIS2_PLACEMENT_3D('',#17139,#13456,#13457);
#11713=AXIS2_PLACEMENT_3D('',#17142,#13459,#13460);
#11714=AXIS2_PLACEMENT_3D('',#17147,#13462,#13463);
#11715=AXIS2_PLACEMENT_3D('',#17150,#13465,#13466);
#11716=AXIS2_PLACEMENT_3D('',#17155,#13468,#13469);
#11717=AXIS2_PLACEMENT_3D('',#17158,#13471,#13472);
#11718=AXIS2_PLACEMENT_3D('',#17163,#13474,#13475);
#11719=AXIS2_PLACEMENT_3D('',#17166,#13477,#13478);
#11720=AXIS2_PLACEMENT_3D('',#17171,#13480,#13481);
#11721=AXIS2_PLACEMENT_3D('',#17174,#13483,#13484);
#11722=AXIS2_PLACEMENT_3D('',#17179,#13486,#13487);
#11723=AXIS2_PLACEMENT_3D('',#17182,#13489,#13490);
#11724=AXIS2_PLACEMENT_3D('',#17184,#13491,#13492);
#11725=AXIS2_PLACEMENT_3D('',#17186,#13493,#13494);
#11726=AXIS2_PLACEMENT_3D('',#17187,#13495,#13496);
#11727=AXIS2_PLACEMENT_3D('',#17191,#13498,#13499);
#11728=AXIS2_PLACEMENT_3D('',#17193,#13501,#13502);
#11729=AXIS2_PLACEMENT_3D('',#17198,#13505,#13506);
#11730=AXIS2_PLACEMENT_3D('',#17199,#13507,#13508);
#11731=AXIS2_PLACEMENT_3D('',#17203,#13510,#13511);
#11732=AXIS2_PLACEMENT_3D('',#17205,#13513,#13514);
#11733=AXIS2_PLACEMENT_3D('',#17210,#13517,#13518);
#11734=AXIS2_PLACEMENT_3D('',#17211,#13519,#13520);
#11735=AXIS2_PLACEMENT_3D('',#17215,#13522,#13523);
#11736=AXIS2_PLACEMENT_3D('',#17217,#13525,#13526);
#11737=AXIS2_PLACEMENT_3D('',#17222,#13529,#13530);
#11738=AXIS2_PLACEMENT_3D('',#17223,#13531,#13532);
#11739=AXIS2_PLACEMENT_3D('',#17227,#13534,#13535);
#11740=AXIS2_PLACEMENT_3D('',#17229,#13537,#13538);
#11741=AXIS2_PLACEMENT_3D('',#17234,#13541,#13542);
#11742=AXIS2_PLACEMENT_3D('',#17235,#13543,#13544);
#11743=AXIS2_PLACEMENT_3D('',#17236,#13545,#13546);
#11744=AXIS2_PLACEMENT_3D('',#17237,#13547,#13548);
#11745=AXIS2_PLACEMENT_3D('',#17238,#13549,#13550);
#11746=AXIS2_PLACEMENT_3D('',#17239,#13551,#13552);
#11747=AXIS2_PLACEMENT_3D('',#17240,#13553,#13554);
#11748=AXIS2_PLACEMENT_3D('',#17241,#13555,#13556);
#11749=AXIS2_PLACEMENT_3D('',#17242,#13557,#13558);
#11750=AXIS2_PLACEMENT_3D('',#17243,#13559,#13560);
#11751=AXIS2_PLACEMENT_3D('',#17244,#13561,#13562);
#11752=AXIS2_PLACEMENT_3D('',#17245,#13563,#13564);
#11753=AXIS2_PLACEMENT_3D('',#17246,#13565,#13566);
#11754=AXIS2_PLACEMENT_3D('',#17247,#13567,#13568);
#11755=AXIS2_PLACEMENT_3D('',#17248,#13569,#13570);
#11756=AXIS2_PLACEMENT_3D('',#17249,#13571,#13572);
#11757=AXIS2_PLACEMENT_3D('',#17250,#13573,#13574);
#11758=AXIS2_PLACEMENT_3D('',#17251,#13575,#13576);
#11759=AXIS2_PLACEMENT_3D('',#17255,#13578,#13579);
#11760=AXIS2_PLACEMENT_3D('',#17266,#13581,#13582);
#11761=AXIS2_PLACEMENT_3D('',#17269,#13584,#13585);
#11762=AXIS2_PLACEMENT_3D('',#17270,#13586,#13587);
#11763=AXIS2_PLACEMENT_3D('',#17282,#13589,#13590);
#11764=AXIS2_PLACEMENT_3D('',#17283,#13591,#13592);
#11765=AXIS2_PLACEMENT_3D('',#17287,#13594,#13595);
#11766=AXIS2_PLACEMENT_3D('',#17298,#13597,#13598);
#11767=AXIS2_PLACEMENT_3D('',#17301,#13600,#13601);
#11768=AXIS2_PLACEMENT_3D('',#17302,#13602,#13603);
#11769=AXIS2_PLACEMENT_3D('',#17314,#13605,#13606);
#11770=AXIS2_PLACEMENT_3D('',#17315,#13607,#13608);
#11771=AXIS2_PLACEMENT_3D('',#17319,#13610,#13611);
#11772=AXIS2_PLACEMENT_3D('',#17330,#13612,#13613);
#11773=AXIS2_PLACEMENT_3D('',#17341,#13614,#13615);
#11774=AXIS2_PLACEMENT_3D('',#17351,#13616,#13617);
#11775=AXIS2_PLACEMENT_3D('',#17352,#13618,#13619);
#11776=AXIS2_PLACEMENT_3D('',#17353,#13620,#13621);
#11777=AXIS2_PLACEMENT_3D('',#17354,#13622,#13623);
#11778=AXIS2_PLACEMENT_3D('',#17356,#13624,#13625);
#11779=AXIS2_PLACEMENT_3D('',#17366,#13626,#13627);
#11780=AXIS2_PLACEMENT_3D('',#17367,#13628,#13629);
#11781=AXIS2_PLACEMENT_3D('',#17370,#13631,#13632);
#11782=AXIS2_PLACEMENT_3D('',#17372,#13634,#13635);
#11783=AXIS2_PLACEMENT_3D('',#17375,#13637,#13638);
#11784=AXIS2_PLACEMENT_3D('',#17376,#13639,#13640);
#11785=AXIS2_PLACEMENT_3D('',#17378,#13642,#13643);
#11786=AXIS2_PLACEMENT_3D('',#17379,#13644,#13645);
#11787=AXIS2_PLACEMENT_3D('',#17382,#13647,#13648);
#11788=AXIS2_PLACEMENT_3D('',#17384,#13650,#13651);
#11789=AXIS2_PLACEMENT_3D('',#17387,#13653,#13654);
#11790=AXIS2_PLACEMENT_3D('',#17388,#13655,#13656);
#11791=AXIS2_PLACEMENT_3D('',#17390,#13658,#13659);
#11792=AXIS2_PLACEMENT_3D('',#17391,#13660,#13661);
#11793=AXIS2_PLACEMENT_3D('',#17392,#13662,#13663);
#11794=AXIS2_PLACEMENT_3D('',#17393,#13664,#13665);
#11795=AXIS2_PLACEMENT_3D('',#17394,#13666,#13667);
#11796=AXIS2_PLACEMENT_3D('',#17395,#13668,#13669);
#11797=AXIS2_PLACEMENT_3D('',#17396,#13670,#13671);
#11798=AXIS2_PLACEMENT_3D('',#17397,#13672,#13673);
#11799=AXIS2_PLACEMENT_3D('',#17398,#13674,#13675);
#11800=AXIS2_PLACEMENT_3D('',#17399,#13676,#13677);
#11801=AXIS2_PLACEMENT_3D('',#17403,#13679,#13680);
#11802=AXIS2_PLACEMENT_3D('',#17405,#13682,#13683);
#11803=AXIS2_PLACEMENT_3D('',#17410,#13686,#13687);
#11804=AXIS2_PLACEMENT_3D('',#17411,#13688,#13689);
#11805=AXIS2_PLACEMENT_3D('',#17415,#13691,#13692);
#11806=AXIS2_PLACEMENT_3D('',#17417,#13694,#13695);
#11807=AXIS2_PLACEMENT_3D('',#17422,#13698,#13699);
#11808=AXIS2_PLACEMENT_3D('',#17423,#13700,#13701);
#11809=AXIS2_PLACEMENT_3D('',#17427,#13703,#13704);
#11810=AXIS2_PLACEMENT_3D('',#17429,#13706,#13707);
#11811=AXIS2_PLACEMENT_3D('',#17434,#13710,#13711);
#11812=AXIS2_PLACEMENT_3D('',#17435,#13712,#13713);
#11813=AXIS2_PLACEMENT_3D('',#17439,#13715,#13716);
#11814=AXIS2_PLACEMENT_3D('',#17441,#13718,#13719);
#11815=AXIS2_PLACEMENT_3D('',#17446,#13722,#13723);
#11816=AXIS2_PLACEMENT_3D('',#17447,#13724,#13725);
#11817=AXIS2_PLACEMENT_3D('',#17448,#13726,#13727);
#11818=AXIS2_PLACEMENT_3D('',#17449,#13728,#13729);
#11819=AXIS2_PLACEMENT_3D('',#17450,#13730,#13731);
#11820=AXIS2_PLACEMENT_3D('',#17451,#13732,#13733);
#11821=AXIS2_PLACEMENT_3D('',#17452,#13734,#13735);
#11822=AXIS2_PLACEMENT_3D('',#17453,#13736,#13737);
#11823=AXIS2_PLACEMENT_3D('',#17454,#13738,#13739);
#11824=AXIS2_PLACEMENT_3D('',#17455,#13740,#13741);
#11825=AXIS2_PLACEMENT_3D('',#17456,#13742,#13743);
#11826=AXIS2_PLACEMENT_3D('',#17457,#13744,#13745);
#11827=AXIS2_PLACEMENT_3D('',#17458,#13746,#13747);
#11828=AXIS2_PLACEMENT_3D('',#17459,#13748,#13749);
#11829=AXIS2_PLACEMENT_3D('',#17460,#13750,#13751);
#11830=AXIS2_PLACEMENT_3D('',#17461,#13752,#13753);
#11831=AXIS2_PLACEMENT_3D('',#17462,#13754,#13755);
#11832=AXIS2_PLACEMENT_3D('',#17463,#13756,#13757);
#11833=AXIS2_PLACEMENT_3D('',#17467,#13759,#13760);
#11834=AXIS2_PLACEMENT_3D('',#17478,#13762,#13763);
#11835=AXIS2_PLACEMENT_3D('',#17481,#13765,#13766);
#11836=AXIS2_PLACEMENT_3D('',#17482,#13767,#13768);
#11837=AXIS2_PLACEMENT_3D('',#17494,#13770,#13771);
#11838=AXIS2_PLACEMENT_3D('',#17495,#13772,#13773);
#11839=AXIS2_PLACEMENT_3D('',#17499,#13775,#13776);
#11840=AXIS2_PLACEMENT_3D('',#17510,#13778,#13779);
#11841=AXIS2_PLACEMENT_3D('',#17513,#13781,#13782);
#11842=AXIS2_PLACEMENT_3D('',#17514,#13783,#13784);
#11843=AXIS2_PLACEMENT_3D('',#17526,#13786,#13787);
#11844=AXIS2_PLACEMENT_3D('',#17527,#13788,#13789);
#11845=AXIS2_PLACEMENT_3D('',#17531,#13791,#13792);
#11846=AXIS2_PLACEMENT_3D('',#17542,#13793,#13794);
#11847=AXIS2_PLACEMENT_3D('',#17553,#13795,#13796);
#11848=AXIS2_PLACEMENT_3D('',#17563,#13797,#13798);
#11849=AXIS2_PLACEMENT_3D('',#17564,#13799,#13800);
#11850=AXIS2_PLACEMENT_3D('',#17565,#13801,#13802);
#11851=AXIS2_PLACEMENT_3D('',#17566,#13803,#13804);
#11852=AXIS2_PLACEMENT_3D('',#17568,#13805,#13806);
#11853=AXIS2_PLACEMENT_3D('',#17578,#13807,#13808);
#11854=AXIS2_PLACEMENT_3D('',#17579,#13809,#13810);
#11855=AXIS2_PLACEMENT_3D('',#17582,#13812,#13813);
#11856=AXIS2_PLACEMENT_3D('',#17584,#13815,#13816);
#11857=AXIS2_PLACEMENT_3D('',#17587,#13818,#13819);
#11858=AXIS2_PLACEMENT_3D('',#17588,#13820,#13821);
#11859=AXIS2_PLACEMENT_3D('',#17590,#13823,#13824);
#11860=AXIS2_PLACEMENT_3D('',#17591,#13825,#13826);
#11861=AXIS2_PLACEMENT_3D('',#17594,#13828,#13829);
#11862=AXIS2_PLACEMENT_3D('',#17596,#13831,#13832);
#11863=AXIS2_PLACEMENT_3D('',#17599,#13834,#13835);
#11864=AXIS2_PLACEMENT_3D('',#17600,#13836,#13837);
#11865=AXIS2_PLACEMENT_3D('',#17602,#13839,#13840);
#11866=AXIS2_PLACEMENT_3D('',#17603,#13841,#13842);
#11867=AXIS2_PLACEMENT_3D('',#17604,#13843,#13844);
#11868=AXIS2_PLACEMENT_3D('',#17605,#13845,#13846);
#11869=AXIS2_PLACEMENT_3D('',#17606,#13847,#13848);
#11870=AXIS2_PLACEMENT_3D('',#17607,#13849,#13850);
#11871=AXIS2_PLACEMENT_3D('',#17608,#13851,#13852);
#11872=AXIS2_PLACEMENT_3D('',#17609,#13853,#13854);
#11873=AXIS2_PLACEMENT_3D('',#17610,#13855,#13856);
#11874=AXIS2_PLACEMENT_3D('',#17611,#13857,#13858);
#11875=AXIS2_PLACEMENT_3D('',#17615,#13860,#13861);
#11876=AXIS2_PLACEMENT_3D('',#17617,#13863,#13864);
#11877=AXIS2_PLACEMENT_3D('',#17622,#13867,#13868);
#11878=AXIS2_PLACEMENT_3D('',#17623,#13869,#13870);
#11879=AXIS2_PLACEMENT_3D('',#17627,#13872,#13873);
#11880=AXIS2_PLACEMENT_3D('',#17629,#13875,#13876);
#11881=AXIS2_PLACEMENT_3D('',#17634,#13879,#13880);
#11882=AXIS2_PLACEMENT_3D('',#17635,#13881,#13882);
#11883=AXIS2_PLACEMENT_3D('',#17639,#13884,#13885);
#11884=AXIS2_PLACEMENT_3D('',#17641,#13887,#13888);
#11885=AXIS2_PLACEMENT_3D('',#17646,#13891,#13892);
#11886=AXIS2_PLACEMENT_3D('',#17647,#13893,#13894);
#11887=AXIS2_PLACEMENT_3D('',#17651,#13896,#13897);
#11888=AXIS2_PLACEMENT_3D('',#17653,#13899,#13900);
#11889=AXIS2_PLACEMENT_3D('',#17658,#13903,#13904);
#11890=AXIS2_PLACEMENT_3D('',#17659,#13905,#13906);
#11891=AXIS2_PLACEMENT_3D('',#17660,#13907,#13908);
#11892=AXIS2_PLACEMENT_3D('',#17661,#13909,#13910);
#11893=AXIS2_PLACEMENT_3D('',#17662,#13911,#13912);
#11894=AXIS2_PLACEMENT_3D('',#17663,#13913,#13914);
#11895=AXIS2_PLACEMENT_3D('',#17664,#13915,#13916);
#11896=AXIS2_PLACEMENT_3D('',#17665,#13917,#13918);
#11897=AXIS2_PLACEMENT_3D('',#17666,#13919,#13920);
#11898=AXIS2_PLACEMENT_3D('',#17667,#13921,#13922);
#11899=AXIS2_PLACEMENT_3D('',#17668,#13923,#13924);
#11900=AXIS2_PLACEMENT_3D('',#17669,#13925,#13926);
#11901=AXIS2_PLACEMENT_3D('',#17670,#13927,#13928);
#11902=AXIS2_PLACEMENT_3D('',#17671,#13929,#13930);
#11903=AXIS2_PLACEMENT_3D('',#17672,#13931,#13932);
#11904=AXIS2_PLACEMENT_3D('',#17673,#13933,#13934);
#11905=AXIS2_PLACEMENT_3D('',#17674,#13935,#13936);
#11906=AXIS2_PLACEMENT_3D('',#17675,#13937,#13938);
#11907=AXIS2_PLACEMENT_3D('',#17679,#13940,#13941);
#11908=AXIS2_PLACEMENT_3D('',#17690,#13943,#13944);
#11909=AXIS2_PLACEMENT_3D('',#17693,#13946,#13947);
#11910=AXIS2_PLACEMENT_3D('',#17694,#13948,#13949);
#11911=AXIS2_PLACEMENT_3D('',#17706,#13951,#13952);
#11912=AXIS2_PLACEMENT_3D('',#17707,#13953,#13954);
#11913=AXIS2_PLACEMENT_3D('',#17711,#13956,#13957);
#11914=AXIS2_PLACEMENT_3D('',#17722,#13959,#13960);
#11915=AXIS2_PLACEMENT_3D('',#17725,#13962,#13963);
#11916=AXIS2_PLACEMENT_3D('',#17726,#13964,#13965);
#11917=AXIS2_PLACEMENT_3D('',#17738,#13967,#13968);
#11918=AXIS2_PLACEMENT_3D('',#17739,#13969,#13970);
#11919=AXIS2_PLACEMENT_3D('',#17743,#13972,#13973);
#11920=AXIS2_PLACEMENT_3D('',#17754,#13974,#13975);
#11921=AXIS2_PLACEMENT_3D('',#17765,#13976,#13977);
#11922=AXIS2_PLACEMENT_3D('',#17775,#13978,#13979);
#11923=AXIS2_PLACEMENT_3D('',#17776,#13980,#13981);
#11924=AXIS2_PLACEMENT_3D('',#17777,#13982,#13983);
#11925=AXIS2_PLACEMENT_3D('',#17778,#13984,#13985);
#11926=AXIS2_PLACEMENT_3D('',#17780,#13986,#13987);
#11927=AXIS2_PLACEMENT_3D('',#17790,#13988,#13989);
#11928=AXIS2_PLACEMENT_3D('',#17791,#13990,#13991);
#11929=AXIS2_PLACEMENT_3D('',#17794,#13993,#13994);
#11930=AXIS2_PLACEMENT_3D('',#17796,#13996,#13997);
#11931=AXIS2_PLACEMENT_3D('',#17799,#13999,#14000);
#11932=AXIS2_PLACEMENT_3D('',#17800,#14001,#14002);
#11933=AXIS2_PLACEMENT_3D('',#17802,#14004,#14005);
#11934=AXIS2_PLACEMENT_3D('',#17803,#14006,#14007);
#11935=AXIS2_PLACEMENT_3D('',#17806,#14009,#14010);
#11936=AXIS2_PLACEMENT_3D('',#17808,#14012,#14013);
#11937=AXIS2_PLACEMENT_3D('',#17811,#14015,#14016);
#11938=AXIS2_PLACEMENT_3D('',#17812,#14017,#14018);
#11939=AXIS2_PLACEMENT_3D('',#17814,#14020,#14021);
#11940=AXIS2_PLACEMENT_3D('',#17815,#14022,#14023);
#11941=AXIS2_PLACEMENT_3D('',#17816,#14024,#14025);
#11942=AXIS2_PLACEMENT_3D('',#17817,#14026,#14027);
#11943=AXIS2_PLACEMENT_3D('',#17818,#14028,#14029);
#11944=AXIS2_PLACEMENT_3D('',#17819,#14030,#14031);
#11945=AXIS2_PLACEMENT_3D('',#17820,#14032,#14033);
#11946=AXIS2_PLACEMENT_3D('',#17821,#14034,#14035);
#11947=AXIS2_PLACEMENT_3D('',#17822,#14036,#14037);
#11948=AXIS2_PLACEMENT_3D('',#17823,#14038,#14039);
#11949=AXIS2_PLACEMENT_3D('',#17827,#14041,#14042);
#11950=AXIS2_PLACEMENT_3D('',#17829,#14044,#14045);
#11951=AXIS2_PLACEMENT_3D('',#17834,#14048,#14049);
#11952=AXIS2_PLACEMENT_3D('',#17835,#14050,#14051);
#11953=AXIS2_PLACEMENT_3D('',#17839,#14053,#14054);
#11954=AXIS2_PLACEMENT_3D('',#17841,#14056,#14057);
#11955=AXIS2_PLACEMENT_3D('',#17846,#14060,#14061);
#11956=AXIS2_PLACEMENT_3D('',#17847,#14062,#14063);
#11957=AXIS2_PLACEMENT_3D('',#17851,#14065,#14066);
#11958=AXIS2_PLACEMENT_3D('',#17853,#14068,#14069);
#11959=AXIS2_PLACEMENT_3D('',#17858,#14072,#14073);
#11960=AXIS2_PLACEMENT_3D('',#17859,#14074,#14075);
#11961=AXIS2_PLACEMENT_3D('',#17863,#14077,#14078);
#11962=AXIS2_PLACEMENT_3D('',#17865,#14080,#14081);
#11963=AXIS2_PLACEMENT_3D('',#17870,#14084,#14085);
#11964=AXIS2_PLACEMENT_3D('',#17871,#14086,#14087);
#11965=AXIS2_PLACEMENT_3D('',#17872,#14088,#14089);
#11966=AXIS2_PLACEMENT_3D('',#17873,#14090,#14091);
#11967=AXIS2_PLACEMENT_3D('',#17874,#14092,#14093);
#11968=AXIS2_PLACEMENT_3D('',#17875,#14094,#14095);
#11969=AXIS2_PLACEMENT_3D('',#17876,#14096,#14097);
#11970=AXIS2_PLACEMENT_3D('',#17877,#14098,#14099);
#11971=AXIS2_PLACEMENT_3D('',#17878,#14100,#14101);
#11972=AXIS2_PLACEMENT_3D('',#17879,#14102,#14103);
#11973=AXIS2_PLACEMENT_3D('',#17880,#14104,#14105);
#11974=AXIS2_PLACEMENT_3D('',#17881,#14106,#14107);
#11975=AXIS2_PLACEMENT_3D('',#17882,#14108,#14109);
#11976=AXIS2_PLACEMENT_3D('',#17883,#14110,#14111);
#11977=AXIS2_PLACEMENT_3D('',#17884,#14112,#14113);
#11978=AXIS2_PLACEMENT_3D('',#17885,#14114,#14115);
#11979=AXIS2_PLACEMENT_3D('',#17886,#14116,#14117);
#11980=AXIS2_PLACEMENT_3D('',#17887,#14118,#14119);
#11981=AXIS2_PLACEMENT_3D('',#17891,#14121,#14122);
#11982=AXIS2_PLACEMENT_3D('',#17902,#14124,#14125);
#11983=AXIS2_PLACEMENT_3D('',#17905,#14127,#14128);
#11984=AXIS2_PLACEMENT_3D('',#17906,#14129,#14130);
#11985=AXIS2_PLACEMENT_3D('',#17918,#14132,#14133);
#11986=AXIS2_PLACEMENT_3D('',#17919,#14134,#14135);
#11987=AXIS2_PLACEMENT_3D('',#17922,#14137,#14138);
#11988=AXIS2_PLACEMENT_3D('',#17923,#14139,#14140);
#11989=AXIS2_PLACEMENT_3D('',#17927,#14142,#14143);
#11990=AXIS2_PLACEMENT_3D('',#17936,#14144,#14145);
#11991=AXIS2_PLACEMENT_3D('',#17939,#14147,#14148);
#11992=AXIS2_PLACEMENT_3D('',#17940,#14149,#14150);
#11993=AXIS2_PLACEMENT_3D('',#17952,#14152,#14153);
#11994=AXIS2_PLACEMENT_3D('',#17953,#14154,#14155);
#11995=AXIS2_PLACEMENT_3D('',#17956,#14157,#14158);
#11996=AXIS2_PLACEMENT_3D('',#17957,#14159,#14160);
#11997=AXIS2_PLACEMENT_3D('',#17961,#14162,#14163);
#11998=AXIS2_PLACEMENT_3D('',#17972,#14164,#14165);
#11999=AXIS2_PLACEMENT_3D('',#17983,#14166,#14167);
#12000=AXIS2_PLACEMENT_3D('',#17993,#14168,#14169);
#12001=AXIS2_PLACEMENT_3D('',#17994,#14170,#14171);
#12002=AXIS2_PLACEMENT_3D('',#17995,#14172,#14173);
#12003=AXIS2_PLACEMENT_3D('',#18005,#14174,#14175);
#12004=AXIS2_PLACEMENT_3D('',#18006,#14176,#14177);
#12005=AXIS2_PLACEMENT_3D('',#18009,#14179,#14180);
#12006=AXIS2_PLACEMENT_3D('',#18010,#14181,#14182);
#12007=AXIS2_PLACEMENT_3D('',#18013,#14184,#14185);
#12008=AXIS2_PLACEMENT_3D('',#18014,#14186,#14187);
#12009=AXIS2_PLACEMENT_3D('',#18016,#14189,#14190);
#12010=AXIS2_PLACEMENT_3D('',#18017,#14191,#14192);
#12011=AXIS2_PLACEMENT_3D('',#18019,#14194,#14195);
#12012=AXIS2_PLACEMENT_3D('',#18022,#14197,#14198);
#12013=AXIS2_PLACEMENT_3D('',#18023,#14199,#14200);
#12014=AXIS2_PLACEMENT_3D('',#18026,#14202,#14203);
#12015=AXIS2_PLACEMENT_3D('',#18027,#14204,#14205);
#12016=AXIS2_PLACEMENT_3D('',#18029,#14207,#14208);
#12017=AXIS2_PLACEMENT_3D('',#18030,#14209,#14210);
#12018=AXIS2_PLACEMENT_3D('',#18031,#14211,#14212);
#12019=AXIS2_PLACEMENT_3D('',#18032,#14213,#14214);
#12020=AXIS2_PLACEMENT_3D('',#18033,#14215,#14216);
#12021=AXIS2_PLACEMENT_3D('',#18034,#14217,#14218);
#12022=AXIS2_PLACEMENT_3D('',#18035,#14219,#14220);
#12023=AXIS2_PLACEMENT_3D('',#18037,#14222,#14223);
#12024=AXIS2_PLACEMENT_3D('',#18039,#14225,#14226);
#12025=AXIS2_PLACEMENT_3D('',#18040,#14227,#14228);
#12026=AXIS2_PLACEMENT_3D('',#18042,#14230,#14231);
#12027=AXIS2_PLACEMENT_3D('',#18043,#14232,#14233);
#12028=AXIS2_PLACEMENT_3D('',#18045,#14235,#14236);
#12029=AXIS2_PLACEMENT_3D('',#18047,#14238,#14239);
#12030=AXIS2_PLACEMENT_3D('',#18048,#14240,#14241);
#12031=AXIS2_PLACEMENT_3D('',#18049,#14242,#14243);
#12032=AXIS2_PLACEMENT_3D('',#18051,#14245,#14246);
#12033=AXIS2_PLACEMENT_3D('',#18053,#14248,#14249);
#12034=AXIS2_PLACEMENT_3D('',#18054,#14250,#14251);
#12035=AXIS2_PLACEMENT_3D('',#18060,#14255,#14256);
#12036=AXIS2_PLACEMENT_3D('',#18063,#14258,#14259);
#12037=AXIS2_PLACEMENT_3D('',#18064,#14260,#14261);
#12038=AXIS2_PLACEMENT_3D('',#18068,#14264,#14265);
#12039=AXIS2_PLACEMENT_3D('',#18069,#14266,#14267);
#12040=AXIS2_PLACEMENT_3D('',#18070,#14268,#14269);
#12041=AXIS2_PLACEMENT_3D('',#18074,#14271,#14272);
#12042=AXIS2_PLACEMENT_3D('',#18076,#14274,#14275);
#12043=AXIS2_PLACEMENT_3D('',#18080,#14278,#14279);
#12044=AXIS2_PLACEMENT_3D('',#18085,#14283,#14284);
#12045=AXIS2_PLACEMENT_3D('',#18087,#14286,#14287);
#12046=AXIS2_PLACEMENT_3D('',#18089,#14289,#14290);
#12047=AXIS2_PLACEMENT_3D('',#18090,#14291,#14292);
#12048=AXIS2_PLACEMENT_3D('',#18091,#14293,#14294);
#12049=AXIS2_PLACEMENT_3D('',#18093,#14296,#14297);
#12050=AXIS2_PLACEMENT_3D('',#18094,#14298,#14299);
#12051=AXIS2_PLACEMENT_3D('',#18100,#14303,#14304);
#12052=AXIS2_PLACEMENT_3D('',#18103,#14306,#14307);
#12053=AXIS2_PLACEMENT_3D('',#18104,#14308,#14309);
#12054=AXIS2_PLACEMENT_3D('',#18108,#14312,#14313);
#12055=AXIS2_PLACEMENT_3D('',#18109,#14314,#14315);
#12056=AXIS2_PLACEMENT_3D('',#18110,#14316,#14317);
#12057=AXIS2_PLACEMENT_3D('',#18114,#14319,#14320);
#12058=AXIS2_PLACEMENT_3D('',#18116,#14322,#14323);
#12059=AXIS2_PLACEMENT_3D('',#18120,#14326,#14327);
#12060=AXIS2_PLACEMENT_3D('',#18123,#14330,#14331);
#12061=AXIS2_PLACEMENT_3D('',#18125,#14333,#14334);
#12062=AXIS2_PLACEMENT_3D('',#18128,#14336,#14337);
#12063=AXIS2_PLACEMENT_3D('',#18129,#14338,#14339);
#12064=AXIS2_PLACEMENT_3D('',#18131,#14341,#14342);
#12065=AXIS2_PLACEMENT_3D('',#18133,#14344,#14345);
#12066=AXIS2_PLACEMENT_3D('',#18134,#14346,#14347);
#12067=AXIS2_PLACEMENT_3D('',#18140,#14351,#14352);
#12068=AXIS2_PLACEMENT_3D('',#18143,#14354,#14355);
#12069=AXIS2_PLACEMENT_3D('',#18144,#14356,#14357);
#12070=AXIS2_PLACEMENT_3D('',#18148,#14360,#14361);
#12071=AXIS2_PLACEMENT_3D('',#18149,#14362,#14363);
#12072=AXIS2_PLACEMENT_3D('',#18150,#14364,#14365);
#12073=AXIS2_PLACEMENT_3D('',#18154,#14367,#14368);
#12074=AXIS2_PLACEMENT_3D('',#18156,#14370,#14371);
#12075=AXIS2_PLACEMENT_3D('',#18160,#14374,#14375);
#12076=AXIS2_PLACEMENT_3D('',#18163,#14378,#14379);
#12077=AXIS2_PLACEMENT_3D('',#18165,#14381,#14382);
#12078=AXIS2_PLACEMENT_3D('',#18168,#14384,#14385);
#12079=AXIS2_PLACEMENT_3D('',#18169,#14386,#14387);
#12080=AXIS2_PLACEMENT_3D('',#18171,#14389,#14390);
#12081=AXIS2_PLACEMENT_3D('',#18173,#14392,#14393);
#12082=AXIS2_PLACEMENT_3D('',#18174,#14394,#14395);
#12083=AXIS2_PLACEMENT_3D('',#18180,#14399,#14400);
#12084=AXIS2_PLACEMENT_3D('',#18183,#14402,#14403);
#12085=AXIS2_PLACEMENT_3D('',#18184,#14404,#14405);
#12086=AXIS2_PLACEMENT_3D('',#18188,#14408,#14409);
#12087=AXIS2_PLACEMENT_3D('',#18189,#14410,#14411);
#12088=AXIS2_PLACEMENT_3D('',#18190,#14412,#14413);
#12089=AXIS2_PLACEMENT_3D('',#18194,#14415,#14416);
#12090=AXIS2_PLACEMENT_3D('',#18196,#14418,#14419);
#12091=AXIS2_PLACEMENT_3D('',#18200,#14422,#14423);
#12092=AXIS2_PLACEMENT_3D('',#18203,#14426,#14427);
#12093=AXIS2_PLACEMENT_3D('',#18205,#14429,#14430);
#12094=AXIS2_PLACEMENT_3D('',#18208,#14432,#14433);
#12095=AXIS2_PLACEMENT_3D('',#18209,#14434,#14435);
#12096=AXIS2_PLACEMENT_3D('',#18211,#14437,#14438);
#12097=AXIS2_PLACEMENT_3D('',#18213,#14440,#14441);
#12098=AXIS2_PLACEMENT_3D('',#18214,#14442,#14443);
#12099=AXIS2_PLACEMENT_3D('',#18220,#14447,#14448);
#12100=AXIS2_PLACEMENT_3D('',#18223,#14450,#14451);
#12101=AXIS2_PLACEMENT_3D('',#18224,#14452,#14453);
#12102=AXIS2_PLACEMENT_3D('',#18228,#14456,#14457);
#12103=AXIS2_PLACEMENT_3D('',#18229,#14458,#14459);
#12104=AXIS2_PLACEMENT_3D('',#18230,#14460,#14461);
#12105=AXIS2_PLACEMENT_3D('',#18234,#14463,#14464);
#12106=AXIS2_PLACEMENT_3D('',#18236,#14466,#14467);
#12107=AXIS2_PLACEMENT_3D('',#18240,#14470,#14471);
#12108=AXIS2_PLACEMENT_3D('',#18243,#14474,#14475);
#12109=AXIS2_PLACEMENT_3D('',#18245,#14477,#14478);
#12110=AXIS2_PLACEMENT_3D('',#18248,#14480,#14481);
#12111=AXIS2_PLACEMENT_3D('',#18249,#14482,#14483);
#12112=AXIS2_PLACEMENT_3D('',#18251,#14485,#14486);
#12113=AXIS2_PLACEMENT_3D('',#18253,#14488,#14489);
#12114=AXIS2_PLACEMENT_3D('',#18254,#14490,#14491);
#12115=AXIS2_PLACEMENT_3D('',#18260,#14495,#14496);
#12116=AXIS2_PLACEMENT_3D('',#18263,#14498,#14499);
#12117=AXIS2_PLACEMENT_3D('',#18264,#14500,#14501);
#12118=AXIS2_PLACEMENT_3D('',#18268,#14504,#14505);
#12119=AXIS2_PLACEMENT_3D('',#18269,#14506,#14507);
#12120=AXIS2_PLACEMENT_3D('',#18270,#14508,#14509);
#12121=AXIS2_PLACEMENT_3D('',#18274,#14511,#14512);
#12122=AXIS2_PLACEMENT_3D('',#18276,#14514,#14515);
#12123=AXIS2_PLACEMENT_3D('',#18280,#14518,#14519);
#12124=AXIS2_PLACEMENT_3D('',#18283,#14522,#14523);
#12125=AXIS2_PLACEMENT_3D('',#18285,#14525,#14526);
#12126=AXIS2_PLACEMENT_3D('',#18288,#14528,#14529);
#12127=AXIS2_PLACEMENT_3D('',#18289,#14530,#14531);
#12128=AXIS2_PLACEMENT_3D('',#18291,#14533,#14534);
#12129=AXIS2_PLACEMENT_3D('',#18293,#14536,#14537);
#12130=AXIS2_PLACEMENT_3D('',#18294,#14538,#14539);
#12131=AXIS2_PLACEMENT_3D('',#18300,#14543,#14544);
#12132=AXIS2_PLACEMENT_3D('',#18303,#14546,#14547);
#12133=AXIS2_PLACEMENT_3D('',#18304,#14548,#14549);
#12134=AXIS2_PLACEMENT_3D('',#18308,#14552,#14553);
#12135=AXIS2_PLACEMENT_3D('',#18309,#14554,#14555);
#12136=AXIS2_PLACEMENT_3D('',#18310,#14556,#14557);
#12137=AXIS2_PLACEMENT_3D('',#18314,#14559,#14560);
#12138=AXIS2_PLACEMENT_3D('',#18316,#14562,#14563);
#12139=AXIS2_PLACEMENT_3D('',#18320,#14566,#14567);
#12140=AXIS2_PLACEMENT_3D('',#18323,#14570,#14571);
#12141=AXIS2_PLACEMENT_3D('',#18325,#14573,#14574);
#12142=AXIS2_PLACEMENT_3D('',#18328,#14576,#14577);
#12143=AXIS2_PLACEMENT_3D('',#18329,#14578,#14579);
#12144=AXIS2_PLACEMENT_3D('',#18331,#14581,#14582);
#12145=AXIS2_PLACEMENT_3D('',#18333,#14584,#14585);
#12146=AXIS2_PLACEMENT_3D('',#18334,#14586,#14587);
#12147=AXIS2_PLACEMENT_3D('',#18340,#14591,#14592);
#12148=AXIS2_PLACEMENT_3D('',#18343,#14594,#14595);
#12149=AXIS2_PLACEMENT_3D('',#18344,#14596,#14597);
#12150=AXIS2_PLACEMENT_3D('',#18348,#14600,#14601);
#12151=AXIS2_PLACEMENT_3D('',#18349,#14602,#14603);
#12152=AXIS2_PLACEMENT_3D('',#18350,#14604,#14605);
#12153=AXIS2_PLACEMENT_3D('',#18354,#14607,#14608);
#12154=AXIS2_PLACEMENT_3D('',#18356,#14610,#14611);
#12155=AXIS2_PLACEMENT_3D('',#18360,#14614,#14615);
#12156=AXIS2_PLACEMENT_3D('',#18363,#14618,#14619);
#12157=AXIS2_PLACEMENT_3D('',#18365,#14621,#14622);
#12158=AXIS2_PLACEMENT_3D('',#18368,#14624,#14625);
#12159=AXIS2_PLACEMENT_3D('',#18369,#14626,#14627);
#12160=AXIS2_PLACEMENT_3D('',#18371,#14629,#14630);
#12161=AXIS2_PLACEMENT_3D('',#18373,#14632,#14633);
#12162=AXIS2_PLACEMENT_3D('',#18374,#14634,#14635);
#12163=AXIS2_PLACEMENT_3D('',#18380,#14639,#14640);
#12164=AXIS2_PLACEMENT_3D('',#18383,#14642,#14643);
#12165=AXIS2_PLACEMENT_3D('',#18384,#14644,#14645);
#12166=AXIS2_PLACEMENT_3D('',#18388,#14648,#14649);
#12167=AXIS2_PLACEMENT_3D('',#18389,#14650,#14651);
#12168=AXIS2_PLACEMENT_3D('',#18390,#14652,#14653);
#12169=AXIS2_PLACEMENT_3D('',#18394,#14655,#14656);
#12170=AXIS2_PLACEMENT_3D('',#18396,#14658,#14659);
#12171=AXIS2_PLACEMENT_3D('',#18400,#14662,#14663);
#12172=AXIS2_PLACEMENT_3D('',#18403,#14666,#14667);
#12173=AXIS2_PLACEMENT_3D('',#18405,#14669,#14670);
#12174=AXIS2_PLACEMENT_3D('',#18408,#14672,#14673);
#12175=AXIS2_PLACEMENT_3D('',#18409,#14674,#14675);
#12176=AXIS2_PLACEMENT_3D('',#18411,#14677,#14678);
#12177=AXIS2_PLACEMENT_3D('',#18413,#14680,#14681);
#12178=AXIS2_PLACEMENT_3D('',#18414,#14682,#14683);
#12179=AXIS2_PLACEMENT_3D('',#18420,#14687,#14688);
#12180=AXIS2_PLACEMENT_3D('',#18423,#14690,#14691);
#12181=AXIS2_PLACEMENT_3D('',#18424,#14692,#14693);
#12182=AXIS2_PLACEMENT_3D('',#18428,#14696,#14697);
#12183=AXIS2_PLACEMENT_3D('',#18429,#14698,#14699);
#12184=AXIS2_PLACEMENT_3D('',#18430,#14700,#14701);
#12185=AXIS2_PLACEMENT_3D('',#18434,#14703,#14704);
#12186=AXIS2_PLACEMENT_3D('',#18436,#14706,#14707);
#12187=AXIS2_PLACEMENT_3D('',#18440,#14710,#14711);
#12188=AXIS2_PLACEMENT_3D('',#18443,#14714,#14715);
#12189=AXIS2_PLACEMENT_3D('',#18445,#14717,#14718);
#12190=AXIS2_PLACEMENT_3D('',#18448,#14720,#14721);
#12191=AXIS2_PLACEMENT_3D('',#18449,#14722,#14723);
#12192=AXIS2_PLACEMENT_3D('',#18451,#14725,#14726);
#12193=AXIS2_PLACEMENT_3D('',#18453,#14728,#14729);
#12194=AXIS2_PLACEMENT_3D('',#18454,#14730,#14731);
#12195=AXIS2_PLACEMENT_3D('',#18460,#14735,#14736);
#12196=AXIS2_PLACEMENT_3D('',#18463,#14738,#14739);
#12197=AXIS2_PLACEMENT_3D('',#18464,#14740,#14741);
#12198=AXIS2_PLACEMENT_3D('',#18468,#14744,#14745);
#12199=AXIS2_PLACEMENT_3D('',#18469,#14746,#14747);
#12200=AXIS2_PLACEMENT_3D('',#18470,#14748,#14749);
#12201=AXIS2_PLACEMENT_3D('',#18474,#14751,#14752);
#12202=AXIS2_PLACEMENT_3D('',#18476,#14754,#14755);
#12203=AXIS2_PLACEMENT_3D('',#18480,#14758,#14759);
#12204=AXIS2_PLACEMENT_3D('',#18483,#14762,#14763);
#12205=AXIS2_PLACEMENT_3D('',#18485,#14765,#14766);
#12206=AXIS2_PLACEMENT_3D('',#18488,#14768,#14769);
#12207=AXIS2_PLACEMENT_3D('',#18489,#14770,#14771);
#12208=AXIS2_PLACEMENT_3D('',#18491,#14773,#14774);
#12209=AXIS2_PLACEMENT_3D('',#18493,#14776,#14777);
#12210=AXIS2_PLACEMENT_3D('',#18494,#14778,#14779);
#12211=AXIS2_PLACEMENT_3D('',#18500,#14783,#14784);
#12212=AXIS2_PLACEMENT_3D('',#18503,#14786,#14787);
#12213=AXIS2_PLACEMENT_3D('',#18504,#14788,#14789);
#12214=AXIS2_PLACEMENT_3D('',#18508,#14792,#14793);
#12215=AXIS2_PLACEMENT_3D('',#18509,#14794,#14795);
#12216=AXIS2_PLACEMENT_3D('',#18510,#14796,#14797);
#12217=AXIS2_PLACEMENT_3D('',#18514,#14799,#14800);
#12218=AXIS2_PLACEMENT_3D('',#18516,#14802,#14803);
#12219=AXIS2_PLACEMENT_3D('',#18520,#14806,#14807);
#12220=AXIS2_PLACEMENT_3D('',#18523,#14810,#14811);
#12221=AXIS2_PLACEMENT_3D('',#18525,#14813,#14814);
#12222=AXIS2_PLACEMENT_3D('',#18528,#14816,#14817);
#12223=AXIS2_PLACEMENT_3D('',#18529,#14818,#14819);
#12224=AXIS2_PLACEMENT_3D('',#18531,#14821,#14822);
#12225=AXIS2_PLACEMENT_3D('',#18533,#14824,#14825);
#12226=AXIS2_PLACEMENT_3D('',#18534,#14826,#14827);
#12227=AXIS2_PLACEMENT_3D('',#18540,#14831,#14832);
#12228=AXIS2_PLACEMENT_3D('',#18543,#14834,#14835);
#12229=AXIS2_PLACEMENT_3D('',#18544,#14836,#14837);
#12230=AXIS2_PLACEMENT_3D('',#18548,#14840,#14841);
#12231=AXIS2_PLACEMENT_3D('',#18549,#14842,#14843);
#12232=AXIS2_PLACEMENT_3D('',#18550,#14844,#14845);
#12233=AXIS2_PLACEMENT_3D('',#18554,#14847,#14848);
#12234=AXIS2_PLACEMENT_3D('',#18556,#14850,#14851);
#12235=AXIS2_PLACEMENT_3D('',#18560,#14854,#14855);
#12236=AXIS2_PLACEMENT_3D('',#18563,#14858,#14859);
#12237=AXIS2_PLACEMENT_3D('',#18565,#14861,#14862);
#12238=AXIS2_PLACEMENT_3D('',#18568,#14864,#14865);
#12239=AXIS2_PLACEMENT_3D('',#18569,#14866,#14867);
#12240=AXIS2_PLACEMENT_3D('',#18571,#14869,#14870);
#12241=AXIS2_PLACEMENT_3D('',#18573,#14872,#14873);
#12242=AXIS2_PLACEMENT_3D('',#18574,#14874,#14875);
#12243=AXIS2_PLACEMENT_3D('',#18580,#14879,#14880);
#12244=AXIS2_PLACEMENT_3D('',#18583,#14882,#14883);
#12245=AXIS2_PLACEMENT_3D('',#18584,#14884,#14885);
#12246=AXIS2_PLACEMENT_3D('',#18588,#14888,#14889);
#12247=AXIS2_PLACEMENT_3D('',#18589,#14890,#14891);
#12248=AXIS2_PLACEMENT_3D('',#18590,#14892,#14893);
#12249=AXIS2_PLACEMENT_3D('',#18594,#14895,#14896);
#12250=AXIS2_PLACEMENT_3D('',#18596,#14898,#14899);
#12251=AXIS2_PLACEMENT_3D('',#18600,#14902,#14903);
#12252=AXIS2_PLACEMENT_3D('',#18603,#14906,#14907);
#12253=AXIS2_PLACEMENT_3D('',#18605,#14909,#14910);
#12254=AXIS2_PLACEMENT_3D('',#18608,#14912,#14913);
#12255=AXIS2_PLACEMENT_3D('',#18609,#14914,#14915);
#12256=AXIS2_PLACEMENT_3D('',#18611,#14917,#14918);
#12257=AXIS2_PLACEMENT_3D('',#18613,#14920,#14921);
#12258=AXIS2_PLACEMENT_3D('',#18614,#14922,#14923);
#12259=AXIS2_PLACEMENT_3D('',#18620,#14927,#14928);
#12260=AXIS2_PLACEMENT_3D('',#18623,#14930,#14931);
#12261=AXIS2_PLACEMENT_3D('',#18624,#14932,#14933);
#12262=AXIS2_PLACEMENT_3D('',#18628,#14936,#14937);
#12263=AXIS2_PLACEMENT_3D('',#18629,#14938,#14939);
#12264=AXIS2_PLACEMENT_3D('',#18630,#14940,#14941);
#12265=AXIS2_PLACEMENT_3D('',#18634,#14943,#14944);
#12266=AXIS2_PLACEMENT_3D('',#18636,#14946,#14947);
#12267=AXIS2_PLACEMENT_3D('',#18640,#14950,#14951);
#12268=AXIS2_PLACEMENT_3D('',#18643,#14954,#14955);
#12269=AXIS2_PLACEMENT_3D('',#18645,#14957,#14958);
#12270=AXIS2_PLACEMENT_3D('',#18648,#14960,#14961);
#12271=AXIS2_PLACEMENT_3D('',#18649,#14962,#14963);
#12272=AXIS2_PLACEMENT_3D('',#18651,#14965,#14966);
#12273=AXIS2_PLACEMENT_3D('',#18653,#14968,#14969);
#12274=AXIS2_PLACEMENT_3D('',#18654,#14970,#14971);
#12275=AXIS2_PLACEMENT_3D('',#18660,#14975,#14976);
#12276=AXIS2_PLACEMENT_3D('',#18663,#14978,#14979);
#12277=AXIS2_PLACEMENT_3D('',#18664,#14980,#14981);
#12278=AXIS2_PLACEMENT_3D('',#18668,#14984,#14985);
#12279=AXIS2_PLACEMENT_3D('',#18669,#14986,#14987);
#12280=AXIS2_PLACEMENT_3D('',#18670,#14988,#14989);
#12281=AXIS2_PLACEMENT_3D('',#18674,#14991,#14992);
#12282=AXIS2_PLACEMENT_3D('',#18676,#14994,#14995);
#12283=AXIS2_PLACEMENT_3D('',#18680,#14998,#14999);
#12284=AXIS2_PLACEMENT_3D('',#18683,#15002,#15003);
#12285=AXIS2_PLACEMENT_3D('',#18685,#15005,#15006);
#12286=AXIS2_PLACEMENT_3D('',#18688,#15008,#15009);
#12287=AXIS2_PLACEMENT_3D('',#18689,#15010,#15011);
#12288=AXIS2_PLACEMENT_3D('',#18691,#15013,#15014);
#12289=AXIS2_PLACEMENT_3D('',#18693,#15016,#15017);
#12290=AXIS2_PLACEMENT_3D('',#18694,#15018,#15019);
#12291=AXIS2_PLACEMENT_3D('',#18700,#15023,#15024);
#12292=AXIS2_PLACEMENT_3D('',#18703,#15026,#15027);
#12293=AXIS2_PLACEMENT_3D('',#18704,#15028,#15029);
#12294=AXIS2_PLACEMENT_3D('',#18708,#15032,#15033);
#12295=AXIS2_PLACEMENT_3D('',#18709,#15034,#15035);
#12296=AXIS2_PLACEMENT_3D('',#18710,#15036,#15037);
#12297=AXIS2_PLACEMENT_3D('',#18714,#15039,#15040);
#12298=AXIS2_PLACEMENT_3D('',#18716,#15042,#15043);
#12299=AXIS2_PLACEMENT_3D('',#18720,#15046,#15047);
#12300=AXIS2_PLACEMENT_3D('',#18723,#15050,#15051);
#12301=AXIS2_PLACEMENT_3D('',#18725,#15053,#15054);
#12302=AXIS2_PLACEMENT_3D('',#18728,#15056,#15057);
#12303=AXIS2_PLACEMENT_3D('',#18729,#15058,#15059);
#12304=AXIS2_PLACEMENT_3D('',#18731,#15061,#15062);
#12305=AXIS2_PLACEMENT_3D('',#18733,#15064,#15065);
#12306=AXIS2_PLACEMENT_3D('',#18734,#15066,#15067);
#12307=AXIS2_PLACEMENT_3D('',#18740,#15071,#15072);
#12308=AXIS2_PLACEMENT_3D('',#18743,#15074,#15075);
#12309=AXIS2_PLACEMENT_3D('',#18744,#15076,#15077);
#12310=AXIS2_PLACEMENT_3D('',#18748,#15080,#15081);
#12311=AXIS2_PLACEMENT_3D('',#18749,#15082,#15083);
#12312=AXIS2_PLACEMENT_3D('',#18750,#15084,#15085);
#12313=AXIS2_PLACEMENT_3D('',#18754,#15087,#15088);
#12314=AXIS2_PLACEMENT_3D('',#18756,#15090,#15091);
#12315=AXIS2_PLACEMENT_3D('',#18760,#15094,#15095);
#12316=AXIS2_PLACEMENT_3D('',#18763,#15098,#15099);
#12317=AXIS2_PLACEMENT_3D('',#18765,#15101,#15102);
#12318=AXIS2_PLACEMENT_3D('',#18768,#15104,#15105);
#12319=AXIS2_PLACEMENT_3D('',#18769,#15106,#15107);
#12320=AXIS2_PLACEMENT_3D('',#18771,#15109,#15110);
#12321=AXIS2_PLACEMENT_3D('',#18773,#15112,#15113);
#12322=AXIS2_PLACEMENT_3D('',#18774,#15114,#15115);
#12323=AXIS2_PLACEMENT_3D('',#18780,#15119,#15120);
#12324=AXIS2_PLACEMENT_3D('',#18783,#15122,#15123);
#12325=AXIS2_PLACEMENT_3D('',#18784,#15124,#15125);
#12326=AXIS2_PLACEMENT_3D('',#18788,#15128,#15129);
#12327=AXIS2_PLACEMENT_3D('',#18789,#15130,#15131);
#12328=AXIS2_PLACEMENT_3D('',#18790,#15132,#15133);
#12329=AXIS2_PLACEMENT_3D('',#18794,#15135,#15136);
#12330=AXIS2_PLACEMENT_3D('',#18796,#15138,#15139);
#12331=AXIS2_PLACEMENT_3D('',#18800,#15142,#15143);
#12332=AXIS2_PLACEMENT_3D('',#18803,#15146,#15147);
#12333=AXIS2_PLACEMENT_3D('',#18805,#15149,#15150);
#12334=AXIS2_PLACEMENT_3D('',#18808,#15152,#15153);
#12335=AXIS2_PLACEMENT_3D('',#18809,#15154,#15155);
#12336=AXIS2_PLACEMENT_3D('',#18811,#15157,#15158);
#12337=AXIS2_PLACEMENT_3D('',#18813,#15160,#15161);
#12338=AXIS2_PLACEMENT_3D('',#18814,#15162,#15163);
#12339=AXIS2_PLACEMENT_3D('',#18820,#15167,#15168);
#12340=AXIS2_PLACEMENT_3D('',#18823,#15170,#15171);
#12341=AXIS2_PLACEMENT_3D('',#18824,#15172,#15173);
#12342=AXIS2_PLACEMENT_3D('',#18828,#15176,#15177);
#12343=AXIS2_PLACEMENT_3D('',#18829,#15178,#15179);
#12344=AXIS2_PLACEMENT_3D('',#18830,#15180,#15181);
#12345=AXIS2_PLACEMENT_3D('',#18834,#15183,#15184);
#12346=AXIS2_PLACEMENT_3D('',#18836,#15186,#15187);
#12347=AXIS2_PLACEMENT_3D('',#18840,#15190,#15191);
#12348=AXIS2_PLACEMENT_3D('',#18843,#15194,#15195);
#12349=AXIS2_PLACEMENT_3D('',#18845,#15197,#15198);
#12350=AXIS2_PLACEMENT_3D('',#18848,#15200,#15201);
#12351=AXIS2_PLACEMENT_3D('',#18849,#15202,#15203);
#12352=AXIS2_PLACEMENT_3D('',#18851,#15205,#15206);
#12353=AXIS2_PLACEMENT_3D('',#18853,#15208,#15209);
#12354=AXIS2_PLACEMENT_3D('',#18854,#15210,#15211);
#12355=AXIS2_PLACEMENT_3D('',#18860,#15215,#15216);
#12356=AXIS2_PLACEMENT_3D('',#18863,#15218,#15219);
#12357=AXIS2_PLACEMENT_3D('',#18864,#15220,#15221);
#12358=AXIS2_PLACEMENT_3D('',#18868,#15224,#15225);
#12359=AXIS2_PLACEMENT_3D('',#18869,#15226,#15227);
#12360=AXIS2_PLACEMENT_3D('',#18870,#15228,#15229);
#12361=AXIS2_PLACEMENT_3D('',#18874,#15231,#15232);
#12362=AXIS2_PLACEMENT_3D('',#18876,#15234,#15235);
#12363=AXIS2_PLACEMENT_3D('',#18880,#15238,#15239);
#12364=AXIS2_PLACEMENT_3D('',#18883,#15242,#15243);
#12365=AXIS2_PLACEMENT_3D('',#18885,#15245,#15246);
#12366=AXIS2_PLACEMENT_3D('',#18888,#15248,#15249);
#12367=AXIS2_PLACEMENT_3D('',#18889,#15250,#15251);
#12368=AXIS2_PLACEMENT_3D('',#18891,#15253,#15254);
#12369=AXIS2_PLACEMENT_3D('',#18893,#15256,#15257);
#12370=AXIS2_PLACEMENT_3D('',#18894,#15258,#15259);
#12371=AXIS2_PLACEMENT_3D('',#18900,#15263,#15264);
#12372=AXIS2_PLACEMENT_3D('',#18903,#15266,#15267);
#12373=AXIS2_PLACEMENT_3D('',#18904,#15268,#15269);
#12374=AXIS2_PLACEMENT_3D('',#18908,#15272,#15273);
#12375=AXIS2_PLACEMENT_3D('',#18909,#15274,#15275);
#12376=AXIS2_PLACEMENT_3D('',#18910,#15276,#15277);
#12377=AXIS2_PLACEMENT_3D('',#18914,#15279,#15280);
#12378=AXIS2_PLACEMENT_3D('',#18916,#15282,#15283);
#12379=AXIS2_PLACEMENT_3D('',#18920,#15286,#15287);
#12380=AXIS2_PLACEMENT_3D('',#18923,#15290,#15291);
#12381=AXIS2_PLACEMENT_3D('',#18925,#15293,#15294);
#12382=AXIS2_PLACEMENT_3D('',#18928,#15296,#15297);
#12383=AXIS2_PLACEMENT_3D('',#18929,#15298,#15299);
#12384=AXIS2_PLACEMENT_3D('',#18931,#15301,#15302);
#12385=AXIS2_PLACEMENT_3D('',#18933,#15304,#15305);
#12386=AXIS2_PLACEMENT_3D('',#18934,#15306,#15307);
#12387=AXIS2_PLACEMENT_3D('',#18940,#15311,#15312);
#12388=AXIS2_PLACEMENT_3D('',#18943,#15314,#15315);
#12389=AXIS2_PLACEMENT_3D('',#18944,#15316,#15317);
#12390=AXIS2_PLACEMENT_3D('',#18948,#15320,#15321);
#12391=AXIS2_PLACEMENT_3D('',#18949,#15322,#15323);
#12392=AXIS2_PLACEMENT_3D('',#18950,#15324,#15325);
#12393=AXIS2_PLACEMENT_3D('',#18954,#15327,#15328);
#12394=AXIS2_PLACEMENT_3D('',#18956,#15330,#15331);
#12395=AXIS2_PLACEMENT_3D('',#18960,#15334,#15335);
#12396=AXIS2_PLACEMENT_3D('',#18963,#15338,#15339);
#12397=AXIS2_PLACEMENT_3D('',#18965,#15341,#15342);
#12398=AXIS2_PLACEMENT_3D('',#18968,#15344,#15345);
#12399=AXIS2_PLACEMENT_3D('',#18969,#15346,#15347);
#12400=AXIS2_PLACEMENT_3D('',#18971,#15349,#15350);
#12401=AXIS2_PLACEMENT_3D('',#18973,#15352,#15353);
#12402=AXIS2_PLACEMENT_3D('',#18974,#15354,#15355);
#12403=AXIS2_PLACEMENT_3D('',#18980,#15359,#15360);
#12404=AXIS2_PLACEMENT_3D('',#18983,#15362,#15363);
#12405=AXIS2_PLACEMENT_3D('',#18984,#15364,#15365);
#12406=AXIS2_PLACEMENT_3D('',#18988,#15368,#15369);
#12407=AXIS2_PLACEMENT_3D('',#18989,#15370,#15371);
#12408=AXIS2_PLACEMENT_3D('',#18990,#15372,#15373);
#12409=AXIS2_PLACEMENT_3D('',#18994,#15375,#15376);
#12410=AXIS2_PLACEMENT_3D('',#18996,#15378,#15379);
#12411=AXIS2_PLACEMENT_3D('',#19000,#15382,#15383);
#12412=AXIS2_PLACEMENT_3D('',#19003,#15386,#15387);
#12413=AXIS2_PLACEMENT_3D('',#19005,#15389,#15390);
#12414=AXIS2_PLACEMENT_3D('',#19008,#15392,#15393);
#12415=AXIS2_PLACEMENT_3D('',#19009,#15394,#15395);
#12416=AXIS2_PLACEMENT_3D('',#19011,#15397,#15398);
#12417=AXIS2_PLACEMENT_3D('',#19013,#15400,#15401);
#12418=AXIS2_PLACEMENT_3D('',#19014,#15402,#15403);
#12419=AXIS2_PLACEMENT_3D('',#19020,#15407,#15408);
#12420=AXIS2_PLACEMENT_3D('',#19023,#15410,#15411);
#12421=AXIS2_PLACEMENT_3D('',#19024,#15412,#15413);
#12422=AXIS2_PLACEMENT_3D('',#19028,#15416,#15417);
#12423=AXIS2_PLACEMENT_3D('',#19029,#15418,#15419);
#12424=AXIS2_PLACEMENT_3D('',#19030,#15420,#15421);
#12425=AXIS2_PLACEMENT_3D('',#19034,#15423,#15424);
#12426=AXIS2_PLACEMENT_3D('',#19036,#15426,#15427);
#12427=AXIS2_PLACEMENT_3D('',#19040,#15430,#15431);
#12428=AXIS2_PLACEMENT_3D('',#19043,#15434,#15435);
#12429=AXIS2_PLACEMENT_3D('',#19045,#15437,#15438);
#12430=AXIS2_PLACEMENT_3D('',#19048,#15440,#15441);
#12431=AXIS2_PLACEMENT_3D('',#19049,#15442,#15443);
#12432=AXIS2_PLACEMENT_3D('',#19051,#15445,#15446);
#12433=AXIS2_PLACEMENT_3D('',#19053,#15448,#15449);
#12434=AXIS2_PLACEMENT_3D('',#19054,#15450,#15451);
#12435=AXIS2_PLACEMENT_3D('',#19060,#15455,#15456);
#12436=AXIS2_PLACEMENT_3D('',#19063,#15458,#15459);
#12437=AXIS2_PLACEMENT_3D('',#19064,#15460,#15461);
#12438=AXIS2_PLACEMENT_3D('',#19068,#15464,#15465);
#12439=AXIS2_PLACEMENT_3D('',#19069,#15466,#15467);
#12440=AXIS2_PLACEMENT_3D('',#19070,#15468,#15469);
#12441=AXIS2_PLACEMENT_3D('',#19074,#15471,#15472);
#12442=AXIS2_PLACEMENT_3D('',#19076,#15474,#15475);
#12443=AXIS2_PLACEMENT_3D('',#19080,#15478,#15479);
#12444=AXIS2_PLACEMENT_3D('',#19083,#15482,#15483);
#12445=AXIS2_PLACEMENT_3D('',#19085,#15485,#15486);
#12446=AXIS2_PLACEMENT_3D('',#19088,#15488,#15489);
#12447=AXIS2_PLACEMENT_3D('',#19089,#15490,#15491);
#12448=AXIS2_PLACEMENT_3D('',#19091,#15493,#15494);
#12449=AXIS2_PLACEMENT_3D('',#19093,#15496,#15497);
#12450=AXIS2_PLACEMENT_3D('',#19094,#15498,#15499);
#12451=AXIS2_PLACEMENT_3D('',#19100,#15503,#15504);
#12452=AXIS2_PLACEMENT_3D('',#19103,#15506,#15507);
#12453=AXIS2_PLACEMENT_3D('',#19104,#15508,#15509);
#12454=AXIS2_PLACEMENT_3D('',#19108,#15512,#15513);
#12455=AXIS2_PLACEMENT_3D('',#19109,#15514,#15515);
#12456=AXIS2_PLACEMENT_3D('',#19110,#15516,#15517);
#12457=AXIS2_PLACEMENT_3D('',#19114,#15519,#15520);
#12458=AXIS2_PLACEMENT_3D('',#19116,#15522,#15523);
#12459=AXIS2_PLACEMENT_3D('',#19120,#15526,#15527);
#12460=AXIS2_PLACEMENT_3D('',#19125,#15531,#15532);
#12461=AXIS2_PLACEMENT_3D('',#19127,#15534,#15535);
#12462=AXIS2_PLACEMENT_3D('',#19129,#15537,#15538);
#12463=AXIS2_PLACEMENT_3D('',#19130,#15539,#15540);
#12464=AXIS2_PLACEMENT_3D('',#19131,#15541,#15542);
#12465=AXIS2_PLACEMENT_3D('',#19133,#15544,#15545);
#12466=AXIS2_PLACEMENT_3D('',#19134,#15546,#15547);
#12467=AXIS2_PLACEMENT_3D('',#19140,#15551,#15552);
#12468=AXIS2_PLACEMENT_3D('',#19143,#15554,#15555);
#12469=AXIS2_PLACEMENT_3D('',#19144,#15556,#15557);
#12470=AXIS2_PLACEMENT_3D('',#19148,#15560,#15561);
#12471=AXIS2_PLACEMENT_3D('',#19149,#15562,#15563);
#12472=AXIS2_PLACEMENT_3D('',#19150,#15564,#15565);
#12473=AXIS2_PLACEMENT_3D('',#19154,#15567,#15568);
#12474=AXIS2_PLACEMENT_3D('',#19156,#15570,#15571);
#12475=AXIS2_PLACEMENT_3D('',#19160,#15574,#15575);
#12476=AXIS2_PLACEMENT_3D('',#19165,#15579,#15580);
#12477=AXIS2_PLACEMENT_3D('',#19167,#15582,#15583);
#12478=AXIS2_PLACEMENT_3D('',#19169,#15585,#15586);
#12479=AXIS2_PLACEMENT_3D('',#19170,#15587,#15588);
#12480=AXIS2_PLACEMENT_3D('',#19171,#15589,#15590);
#12481=AXIS2_PLACEMENT_3D('',#19173,#15592,#15593);
#12482=AXIS2_PLACEMENT_3D('',#19174,#15594,#15595);
#12483=AXIS2_PLACEMENT_3D('',#19180,#15599,#15600);
#12484=AXIS2_PLACEMENT_3D('',#19183,#15602,#15603);
#12485=AXIS2_PLACEMENT_3D('',#19184,#15604,#15605);
#12486=AXIS2_PLACEMENT_3D('',#19188,#15608,#15609);
#12487=AXIS2_PLACEMENT_3D('',#19189,#15610,#15611);
#12488=AXIS2_PLACEMENT_3D('',#19190,#15612,#15613);
#12489=AXIS2_PLACEMENT_3D('',#19194,#15615,#15616);
#12490=AXIS2_PLACEMENT_3D('',#19196,#15618,#15619);
#12491=AXIS2_PLACEMENT_3D('',#19200,#15622,#15623);
#12492=AXIS2_PLACEMENT_3D('',#19205,#15627,#15628);
#12493=AXIS2_PLACEMENT_3D('',#19207,#15630,#15631);
#12494=AXIS2_PLACEMENT_3D('',#19209,#15633,#15634);
#12495=AXIS2_PLACEMENT_3D('',#19210,#15635,#15636);
#12496=AXIS2_PLACEMENT_3D('',#19211,#15637,#15638);
#12497=AXIS2_PLACEMENT_3D('',#19213,#15640,#15641);
#12498=AXIS2_PLACEMENT_3D('',#19214,#15642,#15643);
#12499=AXIS2_PLACEMENT_3D('',#19220,#15647,#15648);
#12500=AXIS2_PLACEMENT_3D('',#19223,#15650,#15651);
#12501=AXIS2_PLACEMENT_3D('',#19224,#15652,#15653);
#12502=AXIS2_PLACEMENT_3D('',#19228,#15656,#15657);
#12503=AXIS2_PLACEMENT_3D('',#19229,#15658,#15659);
#12504=AXIS2_PLACEMENT_3D('',#19230,#15660,#15661);
#12505=AXIS2_PLACEMENT_3D('',#19234,#15663,#15664);
#12506=AXIS2_PLACEMENT_3D('',#19236,#15666,#15667);
#12507=AXIS2_PLACEMENT_3D('',#19240,#15670,#15671);
#12508=AXIS2_PLACEMENT_3D('',#19245,#15675,#15676);
#12509=AXIS2_PLACEMENT_3D('',#19247,#15678,#15679);
#12510=AXIS2_PLACEMENT_3D('',#19249,#15681,#15682);
#12511=AXIS2_PLACEMENT_3D('',#19250,#15683,#15684);
#12512=AXIS2_PLACEMENT_3D('',#19251,#15685,#15686);
#12513=AXIS2_PLACEMENT_3D('',#19253,#15688,#15689);
#12514=AXIS2_PLACEMENT_3D('',#19254,#15690,#15691);
#12515=AXIS2_PLACEMENT_3D('',#19260,#15695,#15696);
#12516=AXIS2_PLACEMENT_3D('',#19263,#15698,#15699);
#12517=AXIS2_PLACEMENT_3D('',#19264,#15700,#15701);
#12518=AXIS2_PLACEMENT_3D('',#19268,#15704,#15705);
#12519=AXIS2_PLACEMENT_3D('',#19269,#15706,#15707);
#12520=AXIS2_PLACEMENT_3D('',#19270,#15708,#15709);
#12521=AXIS2_PLACEMENT_3D('',#19274,#15711,#15712);
#12522=AXIS2_PLACEMENT_3D('',#19276,#15714,#15715);
#12523=AXIS2_PLACEMENT_3D('',#19280,#15718,#15719);
#12524=AXIS2_PLACEMENT_3D('',#19285,#15723,#15724);
#12525=AXIS2_PLACEMENT_3D('',#19287,#15726,#15727);
#12526=AXIS2_PLACEMENT_3D('',#19289,#15729,#15730);
#12527=AXIS2_PLACEMENT_3D('',#19290,#15731,#15732);
#12528=AXIS2_PLACEMENT_3D('',#19291,#15733,#15734);
#12529=AXIS2_PLACEMENT_3D('',#19293,#15736,#15737);
#12530=AXIS2_PLACEMENT_3D('',#19294,#15738,#15739);
#12531=AXIS2_PLACEMENT_3D('',#19300,#15743,#15744);
#12532=AXIS2_PLACEMENT_3D('',#19303,#15746,#15747);
#12533=AXIS2_PLACEMENT_3D('',#19304,#15748,#15749);
#12534=AXIS2_PLACEMENT_3D('',#19308,#15752,#15753);
#12535=AXIS2_PLACEMENT_3D('',#19309,#15754,#15755);
#12536=AXIS2_PLACEMENT_3D('',#19310,#15756,#15757);
#12537=AXIS2_PLACEMENT_3D('',#19314,#15759,#15760);
#12538=AXIS2_PLACEMENT_3D('',#19316,#15762,#15763);
#12539=AXIS2_PLACEMENT_3D('',#19320,#15766,#15767);
#12540=AXIS2_PLACEMENT_3D('',#19325,#15771,#15772);
#12541=AXIS2_PLACEMENT_3D('',#19327,#15774,#15775);
#12542=AXIS2_PLACEMENT_3D('',#19329,#15777,#15778);
#12543=AXIS2_PLACEMENT_3D('',#19330,#15779,#15780);
#12544=AXIS2_PLACEMENT_3D('',#19331,#15781,#15782);
#12545=AXIS2_PLACEMENT_3D('',#19333,#15784,#15785);
#12546=AXIS2_PLACEMENT_3D('',#19334,#15786,#15787);
#12547=AXIS2_PLACEMENT_3D('',#19340,#15791,#15792);
#12548=AXIS2_PLACEMENT_3D('',#19343,#15794,#15795);
#12549=AXIS2_PLACEMENT_3D('',#19344,#15796,#15797);
#12550=AXIS2_PLACEMENT_3D('',#19348,#15800,#15801);
#12551=AXIS2_PLACEMENT_3D('',#19349,#15802,#15803);
#12552=AXIS2_PLACEMENT_3D('',#19350,#15804,#15805);
#12553=AXIS2_PLACEMENT_3D('',#19354,#15807,#15808);
#12554=AXIS2_PLACEMENT_3D('',#19356,#15810,#15811);
#12555=AXIS2_PLACEMENT_3D('',#19360,#15814,#15815);
#12556=AXIS2_PLACEMENT_3D('',#19365,#15819,#15820);
#12557=AXIS2_PLACEMENT_3D('',#19367,#15822,#15823);
#12558=AXIS2_PLACEMENT_3D('',#19369,#15825,#15826);
#12559=AXIS2_PLACEMENT_3D('',#19370,#15827,#15828);
#12560=AXIS2_PLACEMENT_3D('',#19371,#15829,#15830);
#12561=AXIS2_PLACEMENT_3D('',#19373,#15832,#15833);
#12562=AXIS2_PLACEMENT_3D('',#19374,#15834,#15835);
#12563=AXIS2_PLACEMENT_3D('',#19380,#15839,#15840);
#12564=AXIS2_PLACEMENT_3D('',#19383,#15842,#15843);
#12565=AXIS2_PLACEMENT_3D('',#19384,#15844,#15845);
#12566=AXIS2_PLACEMENT_3D('',#19388,#15848,#15849);
#12567=AXIS2_PLACEMENT_3D('',#19389,#15850,#15851);
#12568=AXIS2_PLACEMENT_3D('',#19390,#15852,#15853);
#12569=AXIS2_PLACEMENT_3D('',#19394,#15855,#15856);
#12570=AXIS2_PLACEMENT_3D('',#19396,#15858,#15859);
#12571=AXIS2_PLACEMENT_3D('',#19400,#15862,#15863);
#12572=AXIS2_PLACEMENT_3D('',#19405,#15867,#15868);
#12573=AXIS2_PLACEMENT_3D('',#19407,#15870,#15871);
#12574=AXIS2_PLACEMENT_3D('',#19409,#15873,#15874);
#12575=AXIS2_PLACEMENT_3D('',#19410,#15875,#15876);
#12576=AXIS2_PLACEMENT_3D('',#19411,#15877,#15878);
#12577=AXIS2_PLACEMENT_3D('',#19413,#15880,#15881);
#12578=AXIS2_PLACEMENT_3D('',#19414,#15882,#15883);
#12579=AXIS2_PLACEMENT_3D('',#19420,#15887,#15888);
#12580=AXIS2_PLACEMENT_3D('',#19423,#15890,#15891);
#12581=AXIS2_PLACEMENT_3D('',#19424,#15892,#15893);
#12582=AXIS2_PLACEMENT_3D('',#19428,#15896,#15897);
#12583=AXIS2_PLACEMENT_3D('',#19429,#15898,#15899);
#12584=AXIS2_PLACEMENT_3D('',#19430,#15900,#15901);
#12585=AXIS2_PLACEMENT_3D('',#19434,#15903,#15904);
#12586=AXIS2_PLACEMENT_3D('',#19436,#15906,#15907);
#12587=AXIS2_PLACEMENT_3D('',#19440,#15910,#15911);
#12588=AXIS2_PLACEMENT_3D('',#19445,#15915,#15916);
#12589=AXIS2_PLACEMENT_3D('',#19447,#15918,#15919);
#12590=AXIS2_PLACEMENT_3D('',#19449,#15921,#15922);
#12591=AXIS2_PLACEMENT_3D('',#19450,#15923,#15924);
#12592=AXIS2_PLACEMENT_3D('',#19451,#15925,#15926);
#12593=AXIS2_PLACEMENT_3D('',#19453,#15928,#15929);
#12594=AXIS2_PLACEMENT_3D('',#19454,#15930,#15931);
#12595=AXIS2_PLACEMENT_3D('',#19460,#15935,#15936);
#12596=AXIS2_PLACEMENT_3D('',#19463,#15938,#15939);
#12597=AXIS2_PLACEMENT_3D('',#19464,#15940,#15941);
#12598=AXIS2_PLACEMENT_3D('',#19468,#15944,#15945);
#12599=AXIS2_PLACEMENT_3D('',#19469,#15946,#15947);
#12600=AXIS2_PLACEMENT_3D('',#19470,#15948,#15949);
#12601=AXIS2_PLACEMENT_3D('',#19474,#15951,#15952);
#12602=AXIS2_PLACEMENT_3D('',#19476,#15954,#15955);
#12603=AXIS2_PLACEMENT_3D('',#19480,#15958,#15959);
#12604=AXIS2_PLACEMENT_3D('',#19485,#15963,#15964);
#12605=AXIS2_PLACEMENT_3D('',#19487,#15966,#15967);
#12606=AXIS2_PLACEMENT_3D('',#19489,#15969,#15970);
#12607=AXIS2_PLACEMENT_3D('',#19490,#15971,#15972);
#12608=AXIS2_PLACEMENT_3D('',#19491,#15973,#15974);
#12609=AXIS2_PLACEMENT_3D('',#19493,#15976,#15977);
#12610=AXIS2_PLACEMENT_3D('',#19494,#15978,#15979);
#12611=AXIS2_PLACEMENT_3D('',#19500,#15983,#15984);
#12612=AXIS2_PLACEMENT_3D('',#19503,#15986,#15987);
#12613=AXIS2_PLACEMENT_3D('',#19504,#15988,#15989);
#12614=AXIS2_PLACEMENT_3D('',#19508,#15992,#15993);
#12615=AXIS2_PLACEMENT_3D('',#19509,#15994,#15995);
#12616=AXIS2_PLACEMENT_3D('',#19510,#15996,#15997);
#12617=AXIS2_PLACEMENT_3D('',#19514,#15999,#16000);
#12618=AXIS2_PLACEMENT_3D('',#19516,#16002,#16003);
#12619=AXIS2_PLACEMENT_3D('',#19520,#16006,#16007);
#12620=AXIS2_PLACEMENT_3D('',#19525,#16011,#16012);
#12621=AXIS2_PLACEMENT_3D('',#19527,#16014,#16015);
#12622=AXIS2_PLACEMENT_3D('',#19529,#16017,#16018);
#12623=AXIS2_PLACEMENT_3D('',#19530,#16019,#16020);
#12624=AXIS2_PLACEMENT_3D('',#19531,#16021,#16022);
#12625=AXIS2_PLACEMENT_3D('',#19533,#16024,#16025);
#12626=AXIS2_PLACEMENT_3D('',#19534,#16026,#16027);
#12627=AXIS2_PLACEMENT_3D('',#19540,#16031,#16032);
#12628=AXIS2_PLACEMENT_3D('',#19543,#16034,#16035);
#12629=AXIS2_PLACEMENT_3D('',#19544,#16036,#16037);
#12630=AXIS2_PLACEMENT_3D('',#19548,#16040,#16041);
#12631=AXIS2_PLACEMENT_3D('',#19549,#16042,#16043);
#12632=AXIS2_PLACEMENT_3D('',#19550,#16044,#16045);
#12633=AXIS2_PLACEMENT_3D('',#19554,#16047,#16048);
#12634=AXIS2_PLACEMENT_3D('',#19556,#16050,#16051);
#12635=AXIS2_PLACEMENT_3D('',#19560,#16054,#16055);
#12636=AXIS2_PLACEMENT_3D('',#19565,#16059,#16060);
#12637=AXIS2_PLACEMENT_3D('',#19567,#16062,#16063);
#12638=AXIS2_PLACEMENT_3D('',#19569,#16065,#16066);
#12639=AXIS2_PLACEMENT_3D('',#19570,#16067,#16068);
#12640=AXIS2_PLACEMENT_3D('',#19571,#16069,#16070);
#12641=AXIS2_PLACEMENT_3D('',#19573,#16072,#16073);
#12642=AXIS2_PLACEMENT_3D('',#19574,#16074,#16075);
#12643=AXIS2_PLACEMENT_3D('',#19580,#16079,#16080);
#12644=AXIS2_PLACEMENT_3D('',#19583,#16082,#16083);
#12645=AXIS2_PLACEMENT_3D('',#19584,#16084,#16085);
#12646=AXIS2_PLACEMENT_3D('',#19588,#16088,#16089);
#12647=AXIS2_PLACEMENT_3D('',#19589,#16090,#16091);
#12648=AXIS2_PLACEMENT_3D('',#19590,#16092,#16093);
#12649=AXIS2_PLACEMENT_3D('',#19594,#16095,#16096);
#12650=AXIS2_PLACEMENT_3D('',#19596,#16098,#16099);
#12651=AXIS2_PLACEMENT_3D('',#19600,#16102,#16103);
#12652=AXIS2_PLACEMENT_3D('',#19605,#16107,#16108);
#12653=AXIS2_PLACEMENT_3D('',#19607,#16110,#16111);
#12654=AXIS2_PLACEMENT_3D('',#19609,#16113,#16114);
#12655=AXIS2_PLACEMENT_3D('',#19610,#16115,#16116);
#12656=AXIS2_PLACEMENT_3D('',#19611,#16117,#16118);
#12657=AXIS2_PLACEMENT_3D('',#19613,#16120,#16121);
#12658=AXIS2_PLACEMENT_3D('',#19614,#16122,#16123);
#12659=AXIS2_PLACEMENT_3D('',#19620,#16127,#16128);
#12660=AXIS2_PLACEMENT_3D('',#19623,#16130,#16131);
#12661=AXIS2_PLACEMENT_3D('',#19624,#16132,#16133);
#12662=AXIS2_PLACEMENT_3D('',#19628,#16136,#16137);
#12663=AXIS2_PLACEMENT_3D('',#19629,#16138,#16139);
#12664=AXIS2_PLACEMENT_3D('',#19630,#16140,#16141);
#12665=AXIS2_PLACEMENT_3D('',#19634,#16143,#16144);
#12666=AXIS2_PLACEMENT_3D('',#19636,#16146,#16147);
#12667=AXIS2_PLACEMENT_3D('',#19640,#16150,#16151);
#12668=AXIS2_PLACEMENT_3D('',#19645,#16155,#16156);
#12669=AXIS2_PLACEMENT_3D('',#19647,#16158,#16159);
#12670=AXIS2_PLACEMENT_3D('',#19649,#16161,#16162);
#12671=AXIS2_PLACEMENT_3D('',#19650,#16163,#16164);
#12672=AXIS2_PLACEMENT_3D('',#19651,#16165,#16166);
#12673=AXIS2_PLACEMENT_3D('',#19653,#16168,#16169);
#12674=AXIS2_PLACEMENT_3D('',#19654,#16170,#16171);
#12675=AXIS2_PLACEMENT_3D('',#19660,#16175,#16176);
#12676=AXIS2_PLACEMENT_3D('',#19663,#16178,#16179);
#12677=AXIS2_PLACEMENT_3D('',#19664,#16180,#16181);
#12678=AXIS2_PLACEMENT_3D('',#19668,#16184,#16185);
#12679=AXIS2_PLACEMENT_3D('',#19669,#16186,#16187);
#12680=AXIS2_PLACEMENT_3D('',#19670,#16188,#16189);
#12681=AXIS2_PLACEMENT_3D('',#19674,#16191,#16192);
#12682=AXIS2_PLACEMENT_3D('',#19676,#16194,#16195);
#12683=AXIS2_PLACEMENT_3D('',#19680,#16198,#16199);
#12684=AXIS2_PLACEMENT_3D('',#19685,#16203,#16204);
#12685=AXIS2_PLACEMENT_3D('',#19687,#16206,#16207);
#12686=AXIS2_PLACEMENT_3D('',#19689,#16209,#16210);
#12687=AXIS2_PLACEMENT_3D('',#19690,#16211,#16212);
#12688=AXIS2_PLACEMENT_3D('',#19691,#16213,#16214);
#12689=AXIS2_PLACEMENT_3D('',#19693,#16216,#16217);
#12690=DIRECTION('axis',(0.,0.,1.));
#12691=DIRECTION('refdir',(1.,0.,0.));
#12692=DIRECTION('center_axis',(0.108447510175417,0.,0.994102176607995));
#12693=DIRECTION('ref_axis',(0.702936390271818,-0.70710678118655,-0.0766839698478341));
#12694=DIRECTION('center_axis',(0.,0.,-1.));
#12695=DIRECTION('ref_axis',(1.,4.00082232921315E-15,0.));
#12696=DIRECTION('',(-0.108447510175417,0.,-0.994102176607995));
#12697=DIRECTION('center_axis',(-5.28677630773884E-15,5.16000068825916E-30,
-1.));
#12698=DIRECTION('ref_axis',(1.,-3.24204568056928E-15,-5.28000311853825E-15));
#12699=DIRECTION('',(0.108447510175417,0.,0.994102176607995));
#12700=DIRECTION('center_axis',(-0.994102176607995,9.70263846417799E-16,
0.108447510175417));
#12701=DIRECTION('ref_axis',(-0.108447510175417,-6.64049481059121E-18,-0.994102176607995));
#12702=DIRECTION('',(-9.76020241428768E-16,-1.,0.));
#12703=DIRECTION('',(0.108447510175417,0.,0.994102176607995));
#12704=DIRECTION('',(-9.76020241428768E-16,-1.,0.));
#12705=DIRECTION('center_axis',(4.28092169813404E-16,0.108447510175417,
-0.994102176607995));
#12706=DIRECTION('ref_axis',(0.707106781186543,-0.702936390271824,-0.0766839698478345));
#12707=DIRECTION('center_axis',(0.,0.,-1.));
#12708=DIRECTION('ref_axis',(-5.72531471249468E-15,-1.,0.));
#12709=DIRECTION('',(4.28092169813404E-16,0.108447510175417,-0.994102176607995));
#12710=DIRECTION('center_axis',(-5.28677630773884E-15,5.16000068825916E-30,
-1.));
#12711=DIRECTION('ref_axis',(-4.92515024665205E-14,-1.,2.29871070518765E-28));
#12712=DIRECTION('',(-4.28092169813404E-16,-0.108447510175417,0.994102176607995));
#12713=DIRECTION('center_axis',(0.,0.,1.));
#12714=DIRECTION('ref_axis',(1.,0.,0.));
#12715=DIRECTION('',(-1.,0.,0.));
#12716=DIRECTION('center_axis',(0.,0.,1.));
#12717=DIRECTION('ref_axis',(1.,0.,0.));
#12718=DIRECTION('',(-3.9474596431117E-15,-1.,0.));
#12719=DIRECTION('',(-1.,-1.0736222655716E-15,0.));
#12720=DIRECTION('center_axis',(0.,0.,-1.));
#12721=DIRECTION('ref_axis',(5.72531471249468E-15,-1.,0.));
#12722=DIRECTION('',(-3.9474596431117E-15,1.,0.));
#12723=DIRECTION('center_axis',(0.,0.,1.));
#12724=DIRECTION('ref_axis',(1.,0.,0.));
#12725=DIRECTION('',(-1.,0.,0.));
#12726=DIRECTION('center_axis',(0.,0.,-1.));
#12727=DIRECTION('ref_axis',(-1.,4.00082232921315E-15,0.));
#12728=DIRECTION('',(-3.90408096571468E-16,1.,0.));
#12729=DIRECTION('center_axis',(0.,0.,-1.));
#12730=DIRECTION('ref_axis',(-1.,-1.37959390662522E-15,0.));
#12731=DIRECTION('',(1.,0.,0.));
#12732=DIRECTION('center_axis',(0.,0.,1.));
#12733=DIRECTION('ref_axis',(1.,0.,0.));
#12734=DIRECTION('',(3.9474596431117E-15,1.,0.));
#12735=DIRECTION('center_axis',(0.,0.,-1.));
#12736=DIRECTION('ref_axis',(1.37959390662522E-15,1.,0.));
#12737=DIRECTION('',(1.,3.90408096571483E-16,0.));
#12738=DIRECTION('center_axis',(0.,0.,-1.));
#12739=DIRECTION('ref_axis',(-1.37959390662522E-15,1.,0.));
#12740=DIRECTION('',(3.9474596431117E-15,-1.,0.));
#12741=DIRECTION('center_axis',(0.,0.,1.));
#12742=DIRECTION('ref_axis',(1.,0.,0.));
#12743=DIRECTION('',(1.,0.,0.));
#12744=DIRECTION('center_axis',(0.,0.,-1.));
#12745=DIRECTION('ref_axis',(1.,1.0553893385683E-14,0.));
#12746=DIRECTION('',(0.,1.,0.));
#12747=DIRECTION('center_axis',(0.,0.,-1.));
#12748=DIRECTION('ref_axis',(-1.,0.,0.));
#12749=DIRECTION('',(0.,-1.,0.));
#12750=DIRECTION('center_axis',(0.,0.,-1.));
#12751=DIRECTION('ref_axis',(1.,0.,0.));
#12752=DIRECTION('',(0.,1.,0.));
#12753=DIRECTION('center_axis',(0.,0.,-1.));
#12754=DIRECTION('ref_axis',(-1.,0.,0.));
#12755=DIRECTION('',(0.,-1.,0.));
#12756=DIRECTION('center_axis',(0.,0.,-1.));
#12757=DIRECTION('ref_axis',(1.,0.,0.));
#12758=DIRECTION('',(0.,1.,0.));
#12759=DIRECTION('center_axis',(0.,0.,-1.));
#12760=DIRECTION('ref_axis',(-1.,0.,0.));
#12761=DIRECTION('',(0.,-1.,0.));
#12762=DIRECTION('center_axis',(0.,0.,-1.));
#12763=DIRECTION('ref_axis',(1.,0.,0.));
#12764=DIRECTION('',(0.,1.,0.));
#12765=DIRECTION('center_axis',(0.,0.,-1.));
#12766=DIRECTION('ref_axis',(-1.,0.,0.));
#12767=DIRECTION('',(0.,-1.,0.));
#12768=DIRECTION('center_axis',(0.,0.,-1.));
#12769=DIRECTION('ref_axis',(1.,0.,0.));
#12770=DIRECTION('',(0.,1.,0.));
#12771=DIRECTION('center_axis',(0.,0.,-1.));
#12772=DIRECTION('ref_axis',(-1.,0.,0.));
#12773=DIRECTION('',(0.,-1.,0.));
#12774=DIRECTION('center_axis',(0.,0.,-1.));
#12775=DIRECTION('ref_axis',(1.,0.,0.));
#12776=DIRECTION('',(0.,1.,0.));
#12777=DIRECTION('center_axis',(0.,0.,-1.));
#12778=DIRECTION('ref_axis',(-1.,0.,0.));
#12779=DIRECTION('',(0.,-1.,0.));
#12780=DIRECTION('center_axis',(0.,0.,-1.));
#12781=DIRECTION('ref_axis',(1.,0.,0.));
#12782=DIRECTION('',(0.,1.,0.));
#12783=DIRECTION('center_axis',(0.,0.,-1.));
#12784=DIRECTION('ref_axis',(-1.,0.,0.));
#12785=DIRECTION('',(0.,-1.,0.));
#12786=DIRECTION('center_axis',(0.,0.,-1.));
#12787=DIRECTION('ref_axis',(1.,0.,0.));
#12788=DIRECTION('',(0.,1.,0.));
#12789=DIRECTION('center_axis',(0.,0.,-1.));
#12790=DIRECTION('ref_axis',(-1.,0.,0.));
#12791=DIRECTION('',(0.,-1.,0.));
#12792=DIRECTION('center_axis',(0.,0.,-1.));
#12793=DIRECTION('ref_axis',(1.,0.,0.));
#12794=DIRECTION('',(0.,1.,0.));
#12795=DIRECTION('center_axis',(0.,0.,-1.));
#12796=DIRECTION('ref_axis',(-1.,0.,0.));
#12797=DIRECTION('',(0.,-1.,0.));
#12798=DIRECTION('center_axis',(0.,0.,-1.));
#12799=DIRECTION('ref_axis',(1.,0.,0.));
#12800=DIRECTION('',(0.,1.,0.));
#12801=DIRECTION('center_axis',(0.,0.,-1.));
#12802=DIRECTION('ref_axis',(-1.,0.,0.));
#12803=DIRECTION('',(0.,-1.,0.));
#12804=DIRECTION('center_axis',(0.,0.,-1.));
#12805=DIRECTION('ref_axis',(1.,0.,0.));
#12806=DIRECTION('',(0.,1.,0.));
#12807=DIRECTION('center_axis',(0.,0.,-1.));
#12808=DIRECTION('ref_axis',(-1.,0.,0.));
#12809=DIRECTION('',(0.,-1.,0.));
#12810=DIRECTION('center_axis',(0.,0.,-1.));
#12811=DIRECTION('ref_axis',(1.,0.,0.));
#12812=DIRECTION('',(0.,1.,0.));
#12813=DIRECTION('center_axis',(0.,0.,-1.));
#12814=DIRECTION('ref_axis',(-1.,0.,0.));
#12815=DIRECTION('',(0.,-1.,0.));
#12816=DIRECTION('center_axis',(0.,0.,-1.));
#12817=DIRECTION('ref_axis',(1.,0.,0.));
#12818=DIRECTION('',(0.,1.,0.));
#12819=DIRECTION('center_axis',(0.,0.,-1.));
#12820=DIRECTION('ref_axis',(-1.,0.,0.));
#12821=DIRECTION('',(0.,-1.,0.));
#12822=DIRECTION('center_axis',(0.,0.,-1.));
#12823=DIRECTION('ref_axis',(1.,0.,0.));
#12824=DIRECTION('',(0.,1.,0.));
#12825=DIRECTION('center_axis',(0.,0.,-1.));
#12826=DIRECTION('ref_axis',(-1.,0.,0.));
#12827=DIRECTION('',(0.,-1.,0.));
#12828=DIRECTION('center_axis',(0.,0.,-1.));
#12829=DIRECTION('ref_axis',(1.,0.,0.));
#12830=DIRECTION('',(0.,1.,0.));
#12831=DIRECTION('center_axis',(0.,0.,-1.));
#12832=DIRECTION('ref_axis',(-1.,0.,0.));
#12833=DIRECTION('',(0.,-1.,0.));
#12834=DIRECTION('center_axis',(0.,0.,-1.));
#12835=DIRECTION('ref_axis',(1.,0.,0.));
#12836=DIRECTION('',(0.,1.,0.));
#12837=DIRECTION('center_axis',(0.,0.,-1.));
#12838=DIRECTION('ref_axis',(-1.,0.,0.));
#12839=DIRECTION('',(0.,-1.,0.));
#12840=DIRECTION('center_axis',(0.,0.,-1.));
#12841=DIRECTION('ref_axis',(1.,0.,0.));
#12842=DIRECTION('',(0.,1.,0.));
#12843=DIRECTION('center_axis',(0.,0.,-1.));
#12844=DIRECTION('ref_axis',(-1.,0.,0.));
#12845=DIRECTION('',(0.,-1.,0.));
#12846=DIRECTION('center_axis',(0.,0.,-1.));
#12847=DIRECTION('ref_axis',(1.,0.,0.));
#12848=DIRECTION('',(0.,1.,0.));
#12849=DIRECTION('center_axis',(0.,0.,-1.));
#12850=DIRECTION('ref_axis',(-1.,0.,0.));
#12851=DIRECTION('',(0.,-1.,0.));
#12852=DIRECTION('center_axis',(0.,0.,-1.));
#12853=DIRECTION('ref_axis',(1.,0.,0.));
#12854=DIRECTION('',(0.,1.,0.));
#12855=DIRECTION('center_axis',(0.,0.,-1.));
#12856=DIRECTION('ref_axis',(-1.,0.,0.));
#12857=DIRECTION('',(0.,-1.,0.));
#12858=DIRECTION('center_axis',(0.,0.,-1.));
#12859=DIRECTION('ref_axis',(1.,0.,0.));
#12860=DIRECTION('',(0.,1.,0.));
#12861=DIRECTION('center_axis',(0.,0.,-1.));
#12862=DIRECTION('ref_axis',(-1.,0.,0.));
#12863=DIRECTION('',(0.,-1.,0.));
#12864=DIRECTION('center_axis',(0.,0.,-1.));
#12865=DIRECTION('ref_axis',(1.,0.,0.));
#12866=DIRECTION('',(0.,1.,0.));
#12867=DIRECTION('center_axis',(0.,0.,-1.));
#12868=DIRECTION('ref_axis',(-1.,0.,0.));
#12869=DIRECTION('',(0.,-1.,0.));
#12870=DIRECTION('center_axis',(0.,0.,-1.));
#12871=DIRECTION('ref_axis',(1.,0.,0.));
#12872=DIRECTION('',(0.,1.,0.));
#12873=DIRECTION('center_axis',(0.,0.,-1.));
#12874=DIRECTION('ref_axis',(-1.,0.,0.));
#12875=DIRECTION('',(0.,-1.,0.));
#12876=DIRECTION('center_axis',(0.,0.,-1.));
#12877=DIRECTION('ref_axis',(1.,0.,0.));
#12878=DIRECTION('',(0.,1.,0.));
#12879=DIRECTION('center_axis',(0.,0.,-1.));
#12880=DIRECTION('ref_axis',(-1.,0.,0.));
#12881=DIRECTION('',(0.,-1.,0.));
#12882=DIRECTION('center_axis',(0.,0.,-1.));
#12883=DIRECTION('ref_axis',(1.,0.,0.));
#12884=DIRECTION('',(0.,1.,0.));
#12885=DIRECTION('center_axis',(0.,0.,-1.));
#12886=DIRECTION('ref_axis',(-1.,0.,0.));
#12887=DIRECTION('',(0.,-1.,0.));
#12888=DIRECTION('center_axis',(0.,0.,-1.));
#12889=DIRECTION('ref_axis',(1.,0.,0.));
#12890=DIRECTION('',(0.,1.,0.));
#12891=DIRECTION('center_axis',(0.,0.,-1.));
#12892=DIRECTION('ref_axis',(-1.,0.,0.));
#12893=DIRECTION('',(0.,-1.,0.));
#12894=DIRECTION('center_axis',(0.,0.,-1.));
#12895=DIRECTION('ref_axis',(1.,0.,0.));
#12896=DIRECTION('',(0.,1.,0.));
#12897=DIRECTION('center_axis',(0.,0.,-1.));
#12898=DIRECTION('ref_axis',(-1.,0.,0.));
#12899=DIRECTION('',(0.,-1.,0.));
#12900=DIRECTION('center_axis',(0.,0.,-1.));
#12901=DIRECTION('ref_axis',(1.,0.,0.));
#12902=DIRECTION('',(0.,1.,0.));
#12903=DIRECTION('center_axis',(0.,0.,-1.));
#12904=DIRECTION('ref_axis',(-1.,0.,0.));
#12905=DIRECTION('',(0.,-1.,0.));
#12906=DIRECTION('center_axis',(0.,0.,-1.));
#12907=DIRECTION('ref_axis',(1.,0.,0.));
#12908=DIRECTION('',(0.,1.,0.));
#12909=DIRECTION('center_axis',(0.,0.,-1.));
#12910=DIRECTION('ref_axis',(-1.,0.,0.));
#12911=DIRECTION('',(0.,-1.,0.));
#12912=DIRECTION('center_axis',(0.,0.,-1.));
#12913=DIRECTION('ref_axis',(1.,0.,0.));
#12914=DIRECTION('',(0.,1.,0.));
#12915=DIRECTION('center_axis',(0.,0.,-1.));
#12916=DIRECTION('ref_axis',(-1.,0.,0.));
#12917=DIRECTION('',(0.,-1.,0.));
#12918=DIRECTION('center_axis',(0.,0.,-1.));
#12919=DIRECTION('ref_axis',(1.,0.,0.));
#12920=DIRECTION('',(0.,1.,0.));
#12921=DIRECTION('center_axis',(0.,0.,-1.));
#12922=DIRECTION('ref_axis',(-1.,0.,0.));
#12923=DIRECTION('',(0.,-1.,0.));
#12924=DIRECTION('center_axis',(0.,0.,-1.));
#12925=DIRECTION('ref_axis',(1.,0.,0.));
#12926=DIRECTION('',(0.,1.,0.));
#12927=DIRECTION('center_axis',(0.,0.,-1.));
#12928=DIRECTION('ref_axis',(-1.,0.,0.));
#12929=DIRECTION('',(0.,-1.,0.));
#12930=DIRECTION('center_axis',(0.,0.,-1.));
#12931=DIRECTION('ref_axis',(1.,0.,0.));
#12932=DIRECTION('',(0.,1.,0.));
#12933=DIRECTION('center_axis',(0.,0.,-1.));
#12934=DIRECTION('ref_axis',(-1.,0.,0.));
#12935=DIRECTION('',(0.,-1.,0.));
#12936=DIRECTION('center_axis',(0.,0.,-1.));
#12937=DIRECTION('ref_axis',(1.,0.,0.));
#12938=DIRECTION('',(0.,1.,0.));
#12939=DIRECTION('center_axis',(0.,0.,-1.));
#12940=DIRECTION('ref_axis',(-1.,0.,0.));
#12941=DIRECTION('',(0.,-1.,0.));
#12942=DIRECTION('center_axis',(0.,0.,-1.));
#12943=DIRECTION('ref_axis',(1.,0.,0.));
#12944=DIRECTION('',(0.,1.,0.));
#12945=DIRECTION('center_axis',(0.,0.,-1.));
#12946=DIRECTION('ref_axis',(-1.,0.,0.));
#12947=DIRECTION('',(0.,-1.,0.));
#12948=DIRECTION('center_axis',(0.,0.,-1.));
#12949=DIRECTION('ref_axis',(1.,0.,0.));
#12950=DIRECTION('',(0.,1.,0.));
#12951=DIRECTION('center_axis',(0.,0.,-1.));
#12952=DIRECTION('ref_axis',(-1.,0.,0.));
#12953=DIRECTION('',(0.,-1.,0.));
#12954=DIRECTION('center_axis',(0.,0.,-1.));
#12955=DIRECTION('ref_axis',(1.,0.,0.));
#12956=DIRECTION('',(0.,1.,0.));
#12957=DIRECTION('center_axis',(0.,0.,-1.));
#12958=DIRECTION('ref_axis',(-1.,0.,0.));
#12959=DIRECTION('',(0.,-1.,0.));
#12960=DIRECTION('center_axis',(0.,0.,-1.));
#12961=DIRECTION('ref_axis',(1.,0.,0.));
#12962=DIRECTION('',(0.,1.,0.));
#12963=DIRECTION('center_axis',(0.,0.,-1.));
#12964=DIRECTION('ref_axis',(-1.,0.,0.));
#12965=DIRECTION('',(0.,-1.,0.));
#12966=DIRECTION('center_axis',(0.,0.,-1.));
#12967=DIRECTION('ref_axis',(1.,0.,0.));
#12968=DIRECTION('',(0.,1.,0.));
#12969=DIRECTION('center_axis',(0.,0.,-1.));
#12970=DIRECTION('ref_axis',(-1.,0.,0.));
#12971=DIRECTION('',(0.,-1.,0.));
#12972=DIRECTION('center_axis',(0.,0.,-1.));
#12973=DIRECTION('ref_axis',(1.,0.,0.));
#12974=DIRECTION('',(0.,1.,0.));
#12975=DIRECTION('center_axis',(0.,0.,-1.));
#12976=DIRECTION('ref_axis',(-1.,0.,0.));
#12977=DIRECTION('',(0.,-1.,0.));
#12978=DIRECTION('center_axis',(0.,0.,-1.));
#12979=DIRECTION('ref_axis',(1.,0.,0.));
#12980=DIRECTION('',(0.,1.,0.));
#12981=DIRECTION('center_axis',(0.,0.,-1.));
#12982=DIRECTION('ref_axis',(-1.,0.,0.));
#12983=DIRECTION('',(0.,-1.,0.));
#12984=DIRECTION('center_axis',(0.,0.,-1.));
#12985=DIRECTION('ref_axis',(1.,0.,0.));
#12986=DIRECTION('',(0.,1.,0.));
#12987=DIRECTION('center_axis',(0.,0.,-1.));
#12988=DIRECTION('ref_axis',(-1.,0.,0.));
#12989=DIRECTION('',(0.,-1.,0.));
#12990=DIRECTION('center_axis',(0.,0.,-1.));
#12991=DIRECTION('ref_axis',(1.,0.,0.));
#12992=DIRECTION('center_axis',(-1.06729023105953E-15,0.994102176607995,
0.108447510175417));
#12993=DIRECTION('ref_axis',(-2.30002650589216E-16,0.108447510175417,-0.994102176607995));
#12994=DIRECTION('',(-1.,-1.0736222655716E-15,0.));
#12995=DIRECTION('',(-4.28092169813404E-16,0.108447510175417,-0.994102176607995));
#12996=DIRECTION('center_axis',(4.28092169813404E-16,-0.108447510175417,
0.994102176607995));
#12997=DIRECTION('ref_axis',(-0.707106781186543,-0.702936390271824,-0.0766839698478345));
#12998=DIRECTION('center_axis',(-5.28677630773884E-15,5.16000068825916E-30,
-1.));
#12999=DIRECTION('ref_axis',(-4.49057816606511E-14,-1.,2.68101227236172E-28));
#13000=DIRECTION('',(4.28092169813404E-16,-0.108447510175417,0.994102176607995));
#13001=DIRECTION('center_axis',(0.108447510175417,0.,-0.994102176607995));
#13002=DIRECTION('ref_axis',(-0.702936390271818,-0.70710678118655,-0.0766839698478341));
#13003=DIRECTION('',(0.108447510175417,0.,-0.994102176607995));
#13004=DIRECTION('center_axis',(-5.28677630773884E-15,5.16000068825916E-30,
-1.));
#13005=DIRECTION('ref_axis',(-1.,4.00082232921315E-15,5.28000311853824E-15));
#13006=DIRECTION('',(-0.108447510175417,0.,0.994102176607995));
#13007=DIRECTION('center_axis',(0.994102176607995,3.8810553856708E-16,0.108447510175417));
#13008=DIRECTION('ref_axis',(0.108447510175417,2.36643145399807E-16,-0.994102176607995));
#13009=DIRECTION('',(-3.90408096571468E-16,1.,0.));
#13010=DIRECTION('',(0.108447510175417,0.,-0.994102176607995));
#13011=DIRECTION('center_axis',(-0.108447510175417,0.,0.994102176607995));
#13012=DIRECTION('ref_axis',(-0.702936390271821,0.707106781186547,-0.0766839698478345));
#13013=DIRECTION('center_axis',(-5.28677630773884E-15,5.16000068825916E-30,
-1.));
#13014=DIRECTION('ref_axis',(-1.,-1.37959390662522E-15,5.28000311853825E-15));
#13015=DIRECTION('',(-0.108447510175417,0.,0.994102176607995));
#13016=DIRECTION('center_axis',(-4.28092169813404E-16,-0.108447510175417,
-0.994102176607995));
#13017=DIRECTION('ref_axis',(-0.707106781186547,0.702936390271821,-0.0766839698478345));
#13018=DIRECTION('',(-4.28092169813404E-16,-0.108447510175417,-0.994102176607995));
#13019=DIRECTION('center_axis',(-5.28677630773884E-15,5.16000068825916E-30,
-1.));
#13020=DIRECTION('ref_axis',(-4.93204821618518E-14,1.,2.68101227236172E-28));
#13021=DIRECTION('',(4.28092169813404E-16,0.108447510175417,0.994102176607995));
#13022=DIRECTION('center_axis',(3.88105538567096E-16,-0.994102176607995,
0.108447510175417));
#13023=DIRECTION('ref_axis',(0.,-0.108447510175417,-0.994102176607995));
#13024=DIRECTION('',(1.,3.90408096571483E-16,0.));
#13025=DIRECTION('',(4.28092169813404E-16,-0.108447510175417,-0.994102176607995));
#13026=DIRECTION('center_axis',(-4.28092169813404E-16,0.108447510175417,
0.994102176607995));
#13027=DIRECTION('ref_axis',(0.707106781186547,0.702936390271821,-0.0766839698478345));
#13028=DIRECTION('center_axis',(-5.28677630773884E-15,5.16000068825916E-30,
-1.));
#13029=DIRECTION('ref_axis',(-5.21486496704335E-14,1.,2.68591357450498E-28));
#13030=DIRECTION('',(-4.28092169813404E-16,0.108447510175417,0.994102176607995));
#13031=DIRECTION('center_axis',(-0.108447510175417,0.,-0.994102176607995));
#13032=DIRECTION('ref_axis',(0.702936390271818,0.70710678118655,-0.0766839698478338));
#13033=DIRECTION('',(-0.108447510175417,0.,-0.994102176607995));
#13034=DIRECTION('center_axis',(-5.28677630773884E-15,5.16000068825916E-30,
-1.));
#13035=DIRECTION('ref_axis',(1.,1.0553893385683E-14,-5.28000311853825E-15));
#13036=DIRECTION('center_axis',(0.,-1.,0.));
#13037=DIRECTION('ref_axis',(-1.,0.,0.));
#13038=DIRECTION('',(0.,0.,-1.));
#13039=DIRECTION('',(1.,0.,-5.28677630773884E-15));
#13040=DIRECTION('center_axis',(-0.707106781186202,-2.51214793389276E-16,
-0.707106781186893));
#13041=DIRECTION('ref_axis',(-0.707106781186893,0.,0.707106781186202));
#13042=DIRECTION('',(0.707106781186893,0.,-0.707106781186202));
#13043=DIRECTION('',(3.5527136788005E-16,-1.,-7.03824093878538E-30));
#13044=DIRECTION('',(-0.707106781186893,1.25607396694773E-14,0.707106781186202));
#13045=DIRECTION('',(-3.5527136788005E-16,1.,7.03824093878538E-30));
#13046=DIRECTION('center_axis',(0.,0.,1.));
#13047=DIRECTION('ref_axis',(1.28375385348729E-44,1.,2.42823561800433E-30));
#13048=DIRECTION('',(0.,-0.70710678118722,-0.707106781185876));
#13049=DIRECTION('center_axis',(5.28677630773884E-15,-5.16000068825916E-30,
1.));
#13050=DIRECTION('ref_axis',(2.72797693866046E-44,1.,5.16000068825916E-30));
#13051=DIRECTION('center_axis',(-5.28677630773884E-15,5.16000068825916E-30,
-1.));
#13052=DIRECTION('ref_axis',(0.,1.,0.));
#13053=DIRECTION('center_axis',(-3.9895301712089E-15,0.707106781186349,
-0.707106781186746));
#13054=DIRECTION('ref_axis',(-1.,0.,5.64204767561869E-15));
#13055=DIRECTION('',(0.,-0.707106781186746,-0.707106781186349));
#13056=DIRECTION('',(-1.,-3.5527136788005E-16,5.28677630773884E-15));
#13057=DIRECTION('',(1.,3.5527136788005E-16,-5.28677630773884E-15));
#13058=DIRECTION('center_axis',(0.,0.,1.));
#13059=DIRECTION('ref_axis',(1.,1.28375385348728E-44,-2.48789473305358E-15));
#13060=DIRECTION('',(-0.707106781186556,0.,-0.707106781186539));
#13061=DIRECTION('center_axis',(5.28677630773884E-15,-5.16000068825916E-30,
1.));
#13062=DIRECTION('ref_axis',(1.,2.72797693866046E-44,-5.28677630773884E-15));
#13063=DIRECTION('center_axis',(-5.28677630773884E-15,5.16000068825916E-30,
-1.));
#13064=DIRECTION('ref_axis',(1.,0.,0.));
#13065=DIRECTION('center_axis',(0.70710678118656,-6.28036983473521E-16,
-0.707106781186535));
#13066=DIRECTION('ref_axis',(-0.707106781186535,0.,-0.70710678118656));
#13067=DIRECTION('',(-0.707106781186535,0.,-0.70710678118656));
#13068=DIRECTION('',(8.88178419700126E-16,1.,4.64400061943608E-31));
#13069=DIRECTION('',(-8.88178419700126E-16,-1.,-4.64400061943608E-31));
#13070=DIRECTION('center_axis',(0.,0.,1.));
#13071=DIRECTION('ref_axis',(-1.28375385348737E-44,-1.,-2.42823561800448E-30));
#13072=DIRECTION('',(0.,0.707106781186611,-0.707106781186484));
#13073=DIRECTION('center_axis',(5.28677630773884E-15,-5.16000068825916E-30,
1.));
#13074=DIRECTION('ref_axis',(-2.72797693866046E-44,-1.,-5.16000068825916E-30));
#13075=DIRECTION('center_axis',(-5.28677630773884E-15,5.16000068825916E-30,
-1.));
#13076=DIRECTION('ref_axis',(0.,-1.,0.));
#13077=DIRECTION('center_axis',(-3.04747469599912E-15,-0.707106781186313,
-0.707106781186782));
#13078=DIRECTION('ref_axis',(-1.,0.,4.30978004606935E-15));
#13079=DIRECTION('',(0.,0.707106781186782,-0.707106781186313));
#13080=DIRECTION('',(1.,9.76996261670139E-16,-5.28677630773884E-15));
#13081=DIRECTION('',(-1.,-9.76996261670139E-16,5.28677630773884E-15));
#13082=DIRECTION('center_axis',(0.,0.,1.));
#13083=DIRECTION('ref_axis',(-1.,-1.28375385348721E-44,2.48789473305344E-15));
#13084=DIRECTION('center_axis',(5.28677630773884E-15,-5.16000068825916E-30,
1.));
#13085=DIRECTION('ref_axis',(-1.,-2.72797693866046E-44,5.28677630773884E-15));
#13086=DIRECTION('center_axis',(-5.28677630773884E-15,5.16000068825916E-30,
-1.));
#13087=DIRECTION('ref_axis',(-1.,0.,0.));
#13088=DIRECTION('center_axis',(0.,0.,1.));
#13089=DIRECTION('ref_axis',(1.,0.,0.));
#13090=DIRECTION('',(0.,0.,1.));
#13091=DIRECTION('center_axis',(0.,0.,1.));
#13092=DIRECTION('ref_axis',(1.,0.,0.));
#13093=DIRECTION('',(0.,0.,1.));
#13094=DIRECTION('center_axis',(-3.5527136788005E-16,1.,0.));
#13095=DIRECTION('ref_axis',(-1.,-3.5527136788005E-16,0.));
#13096=DIRECTION('',(0.,0.,1.));
#13097=DIRECTION('',(-1.,-3.5527136788005E-16,0.));
#13098=DIRECTION('center_axis',(0.,0.,1.));
#13099=DIRECTION('ref_axis',(0.,1.,0.));
#13100=DIRECTION('',(0.,0.,1.));
#13101=DIRECTION('center_axis',(0.,0.,1.));
#13102=DIRECTION('ref_axis',(0.,1.,0.));
#13103=DIRECTION('center_axis',(-1.,-3.5527136788005E-16,0.));
#13104=DIRECTION('ref_axis',(3.5527136788005E-16,-1.,0.));
#13105=DIRECTION('',(0.,0.,1.));
#13106=DIRECTION('',(3.5527136788005E-16,-1.,0.));
#13107=DIRECTION('center_axis',(-5.28677630773884E-15,5.16000068825916E-30,
-1.));
#13108=DIRECTION('ref_axis',(1.,6.12323399573677E-17,-5.28677630773884E-15));
#13109=DIRECTION('center_axis',(-5.28677630773884E-15,5.16000068825916E-30,
-1.));
#13110=DIRECTION('ref_axis',(-0.707106781186548,0.707106781186548,2.80373653336392E-15));
#13111=DIRECTION('center_axis',(-5.28677630773884E-15,5.16000068825916E-30,
-1.));
#13112=DIRECTION('ref_axis',(-1.,-1.49598735345896E-44,2.8991999106955E-15));
#13113=DIRECTION('center_axis',(-5.28677630773884E-15,5.16000068825916E-30,
-1.));
#13114=DIRECTION('ref_axis',(0.707106781186548,-0.707106781186548,-2.80373653336391E-15));
#13115=DIRECTION('center_axis',(-5.28677630773884E-15,5.16000068825916E-30,
-1.));
#13116=DIRECTION('ref_axis',(1.,1.49598735345897E-44,-2.8991999106955E-15));
#13117=DIRECTION('center_axis',(-5.28677630773884E-15,5.16000068825916E-30,
-1.));
#13118=DIRECTION('ref_axis',(0.707106781186589,0.707106781186506,-2.80373653336407E-15));
#13119=DIRECTION('center_axis',(-5.28677630773884E-15,5.16000068825916E-30,
-1.));
#13120=DIRECTION('ref_axis',(1.,1.49598735345897E-44,-2.8991999106955E-15));
#13121=DIRECTION('center_axis',(-5.28677630773884E-15,5.16000068825916E-30,
-1.));
#13122=DIRECTION('ref_axis',(0.707106781186547,0.707106781186547,-2.80373653336389E-15));
#13123=DIRECTION('center_axis',(-5.28677630773884E-15,5.16000068825916E-30,
-1.));
#13124=DIRECTION('ref_axis',(-1.,-1.49598735345896E-44,2.8991999106955E-15));
#13125=DIRECTION('center_axis',(-5.28677630773884E-15,5.16000068825916E-30,
-1.));
#13126=DIRECTION('ref_axis',(-0.707106781186548,0.707106781186548,2.80373653336392E-15));
#13127=DIRECTION('center_axis',(-5.28677630773884E-15,5.16000068825916E-30,
-1.));
#13128=DIRECTION('ref_axis',(-1.,-1.49598735345896E-44,2.8991999106955E-15));
#13129=DIRECTION('center_axis',(-5.28677630773884E-15,5.16000068825916E-30,
-1.));
#13130=DIRECTION('ref_axis',(0.707106781186548,-0.707106781186548,-2.80373653336391E-15));
#13131=DIRECTION('center_axis',(-5.28677630773884E-15,5.16000068825916E-30,
-1.));
#13132=DIRECTION('ref_axis',(1.,1.49598735345897E-44,-2.8991999106955E-15));
#13133=DIRECTION('center_axis',(-5.28677630773884E-15,5.16000068825916E-30,
-1.));
#13134=DIRECTION('ref_axis',(0.707106781186589,0.707106781186506,-2.80373653336407E-15));
#13135=DIRECTION('center_axis',(-5.28677630773884E-15,5.16000068825916E-30,
-1.));
#13136=DIRECTION('ref_axis',(1.,1.49598735345897E-44,-2.8991999106955E-15));
#13137=DIRECTION('center_axis',(-5.28677630773884E-15,5.16000068825916E-30,
-1.));
#13138=DIRECTION('ref_axis',(0.707106781186547,0.707106781186547,-2.80373653336389E-15));
#13139=DIRECTION('center_axis',(-5.28677630773884E-15,5.16000068825916E-30,
-1.));
#13140=DIRECTION('ref_axis',(-1.,-1.49598735345896E-44,2.8991999106955E-15));
#13141=DIRECTION('',(-3.9474596431117E-15,-1.,1.5709335428699E-29));
#13142=DIRECTION('center_axis',(5.28677630773884E-15,-5.16000068825916E-30,
1.));
#13143=DIRECTION('ref_axis',(1.,0.,0.));
#13144=DIRECTION('',(-1.,0.,5.28677630773884E-15));
#13145=DIRECTION('center_axis',(5.28677630773884E-15,-5.16000068825916E-30,
1.));
#13146=DIRECTION('ref_axis',(1.,0.,0.));
#13147=DIRECTION('',(3.9474596431117E-15,-1.,-2.60293368052173E-29));
#13148=DIRECTION('',(3.9474596431117E-15,1.,-1.5709335428699E-29));
#13149=DIRECTION('center_axis',(5.28677630773884E-15,-5.16000068825916E-30,
1.));
#13150=DIRECTION('ref_axis',(1.,0.,0.));
#13151=DIRECTION('',(1.,0.,-5.28677630773884E-15));
#13152=DIRECTION('',(-1.,0.,5.28677630773884E-15));
#13153=DIRECTION('center_axis',(5.28677630773884E-15,-5.16000068825916E-30,
1.));
#13154=DIRECTION('ref_axis',(1.,0.,0.));
#13155=DIRECTION('',(-3.9474596431117E-15,1.,2.60293368052173E-29));
#13156=DIRECTION('center_axis',(-5.28677630773884E-15,5.16000068825916E-30,
-1.));
#13157=DIRECTION('ref_axis',(-0.707106781186547,0.707106781186547,3.73831537781852E-15));
#13158=DIRECTION('center_axis',(-5.28677630773884E-15,5.16000068825916E-30,
-1.));
#13159=DIRECTION('ref_axis',(-1.,-2.72797693866046E-44,5.28677630773884E-15));
#13160=DIRECTION('center_axis',(-5.28677630773884E-15,5.16000068825916E-30,
-1.));
#13161=DIRECTION('ref_axis',(0.707106781186547,-0.707106781186547,-3.73831537781852E-15));
#13162=DIRECTION('center_axis',(-5.28677630773884E-15,5.16000068825916E-30,
-1.));
#13163=DIRECTION('ref_axis',(1.,2.72797693866046E-44,-5.28677630773884E-15));
#13164=DIRECTION('center_axis',(-5.28677630773884E-15,5.16000068825916E-30,
-1.));
#13165=DIRECTION('ref_axis',(0.707106781186589,0.707106781186506,-3.73831537781873E-15));
#13166=DIRECTION('center_axis',(-5.28677630773884E-15,5.16000068825916E-30,
-1.));
#13167=DIRECTION('ref_axis',(1.,2.72797693866046E-44,-5.28677630773884E-15));
#13168=DIRECTION('center_axis',(-5.28677630773884E-15,5.16000068825916E-30,
-1.));
#13169=DIRECTION('ref_axis',(0.707106781186548,0.707106781186548,-3.73831537781851E-15));
#13170=DIRECTION('center_axis',(-5.28677630773884E-15,5.16000068825916E-30,
-1.));
#13171=DIRECTION('ref_axis',(-1.,-2.72797693866046E-44,5.28677630773884E-15));
#13172=DIRECTION('center_axis',(-5.28677630773884E-15,5.16000068825916E-30,
-1.));
#13173=DIRECTION('ref_axis',(-0.707106781186548,0.707106781186548,2.80373653336392E-15));
#13174=DIRECTION('center_axis',(-5.28677630773884E-15,5.16000068825916E-30,
-1.));
#13175=DIRECTION('ref_axis',(-1.,-1.49598735345896E-44,2.8991999106955E-15));
#13176=DIRECTION('center_axis',(-5.28677630773884E-15,5.16000068825916E-30,
-1.));
#13177=DIRECTION('ref_axis',(0.707106781186548,-0.707106781186548,-2.80373653336391E-15));
#13178=DIRECTION('center_axis',(-5.28677630773884E-15,5.16000068825916E-30,
-1.));
#13179=DIRECTION('ref_axis',(1.,1.49598735345897E-44,-2.8991999106955E-15));
#13180=DIRECTION('center_axis',(-5.28677630773884E-15,5.16000068825916E-30,
-1.));
#13181=DIRECTION('ref_axis',(0.707106781186589,0.707106781186506,-2.80373653336407E-15));
#13182=DIRECTION('center_axis',(-5.28677630773884E-15,5.16000068825916E-30,
-1.));
#13183=DIRECTION('ref_axis',(1.,1.49598735345897E-44,-2.8991999106955E-15));
#13184=DIRECTION('center_axis',(-5.28677630773884E-15,5.16000068825916E-30,
-1.));
#13185=DIRECTION('ref_axis',(0.707106781186547,0.707106781186547,-2.80373653336389E-15));
#13186=DIRECTION('center_axis',(-5.28677630773884E-15,5.16000068825916E-30,
-1.));
#13187=DIRECTION('ref_axis',(-1.,-1.49598735345896E-44,2.8991999106955E-15));
#13188=DIRECTION('center_axis',(-0.707106781186549,-2.51214793389404E-16,
0.707106781186546));
#13189=DIRECTION('ref_axis',(0.707106781186546,0.,0.707106781186549));
#13190=DIRECTION('',(0.707106781186546,0.,0.707106781186549));
#13191=DIRECTION('',(-3.5527136788005E-16,1.,0.));
#13192=DIRECTION('',(-0.707106781186546,0.,-0.707106781186549));
#13193=DIRECTION('center_axis',(0.,0.,-1.));
#13194=DIRECTION('ref_axis',(-1.,0.,0.));
#13195=DIRECTION('',(0.,0.707106781186622,0.707106781186473));
#13196=DIRECTION('center_axis',(0.,0.,-1.));
#13197=DIRECTION('ref_axis',(-1.,0.,0.));
#13198=DIRECTION('center_axis',(0.,0.,1.));
#13199=DIRECTION('ref_axis',(-1.,0.,0.));
#13200=DIRECTION('center_axis',(6.90840681820857E-16,-0.707106781186542,
0.707106781186553));
#13201=DIRECTION('ref_axis',(1.,0.,-9.76996261670125E-16));
#13202=DIRECTION('',(0.,0.707106781186546,0.707106781186549));
#13203=DIRECTION('',(-1.,-9.76996261670139E-16,0.));
#13204=DIRECTION('',(1.,9.76996261670139E-16,0.));
#13205=DIRECTION('center_axis',(0.,0.,-1.));
#13206=DIRECTION('ref_axis',(0.,-1.,0.));
#13207=DIRECTION('',(-0.707106781186484,0.,0.707106781186612));
#13208=DIRECTION('center_axis',(0.,0.,-1.));
#13209=DIRECTION('ref_axis',(0.,-1.,0.));
#13210=DIRECTION('center_axis',(0.,0.,1.));
#13211=DIRECTION('ref_axis',(0.,-1.,0.));
#13212=DIRECTION('center_axis',(0.707106781186549,-6.28036983473511E-16,
0.707106781186546));
#13213=DIRECTION('ref_axis',(0.707106781186546,0.,-0.707106781186549));
#13214=DIRECTION('',(-0.707106781186565,0.,0.70710678118653));
#13215=DIRECTION('',(-8.88178419700126E-16,-1.,0.));
#13216=DIRECTION('',(8.88178419700126E-16,1.,0.));
#13217=DIRECTION('center_axis',(0.,0.,-1.));
#13218=DIRECTION('ref_axis',(1.,0.,0.));
#13219=DIRECTION('',(0.,-0.707106781186572,0.707106781186524));
#13220=DIRECTION('center_axis',(0.,0.,-1.));
#13221=DIRECTION('ref_axis',(1.,0.,0.));
#13222=DIRECTION('center_axis',(-2.51214793389404E-16,0.707106781186549,
0.707106781186546));
#13223=DIRECTION('ref_axis',(1.,0.,3.55271367880051E-16));
#13224=DIRECTION('',(0.,-0.707106781186546,0.707106781186549));
#13225=DIRECTION('',(1.,3.5527136788005E-16,0.));
#13226=DIRECTION('center_axis',(0.,0.,-1.));
#13227=DIRECTION('ref_axis',(0.,1.,0.));
#13228=DIRECTION('center_axis',(0.,0.,-1.));
#13229=DIRECTION('ref_axis',(0.,1.,0.));
#13230=DIRECTION('center_axis',(0.,0.,1.));
#13231=DIRECTION('ref_axis',(0.,-1.,0.));
#13232=DIRECTION('',(0.,0.,1.));
#13233=DIRECTION('',(0.,0.,1.));
#13234=DIRECTION('center_axis',(9.76996261670139E-16,-1.,0.));
#13235=DIRECTION('ref_axis',(1.,9.76996261670139E-16,0.));
#13236=DIRECTION('',(0.,0.,1.));
#13237=DIRECTION('center_axis',(0.,0.,1.));
#13238=DIRECTION('ref_axis',(-1.,0.,0.));
#13239=DIRECTION('center_axis',(0.,0.,1.));
#13240=DIRECTION('ref_axis',(1.,0.,0.));
#13241=DIRECTION('center_axis',(0.,0.,1.));
#13242=DIRECTION('ref_axis',(1.,0.,0.));
#13243=DIRECTION('center_axis',(0.,0.,1.));
#13244=DIRECTION('ref_axis',(1.,0.,0.));
#13245=DIRECTION('',(0.,1.,0.));
#13246=DIRECTION('center_axis',(0.,0.,1.));
#13247=DIRECTION('ref_axis',(-1.,0.,0.));
#13248=DIRECTION('',(0.,-1.,0.));
#13249=DIRECTION('center_axis',(0.,0.,1.));
#13250=DIRECTION('ref_axis',(1.,0.,0.));
#13251=DIRECTION('center_axis',(0.,0.,1.));
#13252=DIRECTION('ref_axis',(-1.,0.,0.));
#13253=DIRECTION('',(0.,-1.,0.));
#13254=DIRECTION('center_axis',(0.,0.,1.));
#13255=DIRECTION('ref_axis',(1.,0.,0.));
#13256=DIRECTION('',(0.,1.,0.));
#13257=DIRECTION('center_axis',(0.,0.,1.));
#13258=DIRECTION('ref_axis',(-1.,0.,0.));
#13259=DIRECTION('',(0.,-1.,0.));
#13260=DIRECTION('center_axis',(0.,0.,1.));
#13261=DIRECTION('ref_axis',(1.,0.,0.));
#13262=DIRECTION('',(0.,1.,0.));
#13263=DIRECTION('center_axis',(0.,0.,1.));
#13264=DIRECTION('ref_axis',(-1.,0.,0.));
#13265=DIRECTION('',(0.,-1.,0.));
#13266=DIRECTION('center_axis',(0.,0.,1.));
#13267=DIRECTION('ref_axis',(1.,0.,0.));
#13268=DIRECTION('',(0.,1.,0.));
#13269=DIRECTION('center_axis',(0.,0.,1.));
#13270=DIRECTION('ref_axis',(-1.,0.,0.));
#13271=DIRECTION('',(0.,-1.,0.));
#13272=DIRECTION('center_axis',(0.,0.,1.));
#13273=DIRECTION('ref_axis',(1.,0.,0.));
#13274=DIRECTION('',(0.,1.,0.));
#13275=DIRECTION('center_axis',(0.,0.,1.));
#13276=DIRECTION('ref_axis',(-1.,0.,0.));
#13277=DIRECTION('',(0.,-1.,0.));
#13278=DIRECTION('center_axis',(0.,0.,1.));
#13279=DIRECTION('ref_axis',(1.,0.,0.));
#13280=DIRECTION('',(0.,1.,0.));
#13281=DIRECTION('center_axis',(0.,0.,1.));
#13282=DIRECTION('ref_axis',(-1.,0.,0.));
#13283=DIRECTION('',(0.,-1.,0.));
#13284=DIRECTION('center_axis',(0.,0.,1.));
#13285=DIRECTION('ref_axis',(1.,0.,0.));
#13286=DIRECTION('',(0.,1.,0.));
#13287=DIRECTION('center_axis',(0.,0.,1.));
#13288=DIRECTION('ref_axis',(-1.,0.,0.));
#13289=DIRECTION('',(0.,-1.,0.));
#13290=DIRECTION('center_axis',(0.,0.,1.));
#13291=DIRECTION('ref_axis',(1.,0.,0.));
#13292=DIRECTION('',(0.,1.,0.));
#13293=DIRECTION('center_axis',(0.,0.,1.));
#13294=DIRECTION('ref_axis',(-1.,0.,0.));
#13295=DIRECTION('',(0.,-1.,0.));
#13296=DIRECTION('center_axis',(0.,0.,1.));
#13297=DIRECTION('ref_axis',(1.,0.,0.));
#13298=DIRECTION('',(0.,1.,0.));
#13299=DIRECTION('center_axis',(0.,0.,1.));
#13300=DIRECTION('ref_axis',(-1.,0.,0.));
#13301=DIRECTION('',(0.,-1.,0.));
#13302=DIRECTION('center_axis',(0.,0.,1.));
#13303=DIRECTION('ref_axis',(1.,0.,0.));
#13304=DIRECTION('',(0.,1.,0.));
#13305=DIRECTION('center_axis',(0.,0.,1.));
#13306=DIRECTION('ref_axis',(-1.,0.,0.));
#13307=DIRECTION('',(0.,-1.,0.));
#13308=DIRECTION('center_axis',(0.,0.,1.));
#13309=DIRECTION('ref_axis',(1.,0.,0.));
#13310=DIRECTION('',(0.,1.,0.));
#13311=DIRECTION('center_axis',(0.,0.,1.));
#13312=DIRECTION('ref_axis',(-1.,0.,0.));
#13313=DIRECTION('',(0.,-1.,0.));
#13314=DIRECTION('center_axis',(0.,0.,1.));
#13315=DIRECTION('ref_axis',(1.,0.,0.));
#13316=DIRECTION('',(0.,1.,0.));
#13317=DIRECTION('center_axis',(0.,0.,1.));
#13318=DIRECTION('ref_axis',(-1.,0.,0.));
#13319=DIRECTION('',(0.,-1.,0.));
#13320=DIRECTION('center_axis',(0.,0.,1.));
#13321=DIRECTION('ref_axis',(1.,0.,0.));
#13322=DIRECTION('',(0.,1.,0.));
#13323=DIRECTION('center_axis',(0.,0.,1.));
#13324=DIRECTION('ref_axis',(-1.,0.,0.));
#13325=DIRECTION('',(0.,-1.,0.));
#13326=DIRECTION('center_axis',(0.,0.,1.));
#13327=DIRECTION('ref_axis',(1.,0.,0.));
#13328=DIRECTION('',(0.,1.,0.));
#13329=DIRECTION('center_axis',(0.,0.,1.));
#13330=DIRECTION('ref_axis',(-1.,0.,0.));
#13331=DIRECTION('',(0.,-1.,0.));
#13332=DIRECTION('center_axis',(0.,0.,1.));
#13333=DIRECTION('ref_axis',(1.,0.,0.));
#13334=DIRECTION('',(0.,1.,0.));
#13335=DIRECTION('center_axis',(0.,0.,1.));
#13336=DIRECTION('ref_axis',(-1.,0.,0.));
#13337=DIRECTION('',(0.,-1.,0.));
#13338=DIRECTION('center_axis',(0.,0.,1.));
#13339=DIRECTION('ref_axis',(1.,0.,0.));
#13340=DIRECTION('',(0.,1.,0.));
#13341=DIRECTION('center_axis',(0.,0.,1.));
#13342=DIRECTION('ref_axis',(-1.,0.,0.));
#13343=DIRECTION('',(0.,-1.,0.));
#13344=DIRECTION('center_axis',(0.,0.,1.));
#13345=DIRECTION('ref_axis',(1.,0.,0.));
#13346=DIRECTION('',(0.,1.,0.));
#13347=DIRECTION('center_axis',(0.,0.,1.));
#13348=DIRECTION('ref_axis',(-1.,0.,0.));
#13349=DIRECTION('',(0.,-1.,0.));
#13350=DIRECTION('center_axis',(0.,0.,1.));
#13351=DIRECTION('ref_axis',(1.,0.,0.));
#13352=DIRECTION('',(0.,1.,0.));
#13353=DIRECTION('center_axis',(0.,0.,1.));
#13354=DIRECTION('ref_axis',(-1.,0.,0.));
#13355=DIRECTION('',(0.,-1.,0.));
#13356=DIRECTION('center_axis',(0.,0.,1.));
#13357=DIRECTION('ref_axis',(1.,0.,0.));
#13358=DIRECTION('',(0.,1.,0.));
#13359=DIRECTION('center_axis',(0.,0.,1.));
#13360=DIRECTION('ref_axis',(-1.,0.,0.));
#13361=DIRECTION('',(0.,-1.,0.));
#13362=DIRECTION('center_axis',(0.,0.,1.));
#13363=DIRECTION('ref_axis',(1.,0.,0.));
#13364=DIRECTION('',(0.,1.,0.));
#13365=DIRECTION('center_axis',(0.,0.,1.));
#13366=DIRECTION('ref_axis',(-1.,0.,0.));
#13367=DIRECTION('',(0.,-1.,0.));
#13368=DIRECTION('center_axis',(0.,0.,1.));
#13369=DIRECTION('ref_axis',(1.,0.,0.));
#13370=DIRECTION('',(0.,1.,0.));
#13371=DIRECTION('center_axis',(0.,0.,1.));
#13372=DIRECTION('ref_axis',(-1.,0.,0.));
#13373=DIRECTION('',(0.,-1.,0.));
#13374=DIRECTION('center_axis',(0.,0.,1.));
#13375=DIRECTION('ref_axis',(1.,0.,0.));
#13376=DIRECTION('',(0.,1.,0.));
#13377=DIRECTION('center_axis',(0.,0.,1.));
#13378=DIRECTION('ref_axis',(-1.,0.,0.));
#13379=DIRECTION('',(0.,-1.,0.));
#13380=DIRECTION('center_axis',(0.,0.,1.));
#13381=DIRECTION('ref_axis',(1.,0.,0.));
#13382=DIRECTION('',(0.,1.,0.));
#13383=DIRECTION('center_axis',(0.,0.,1.));
#13384=DIRECTION('ref_axis',(-1.,0.,0.));
#13385=DIRECTION('',(0.,-1.,0.));
#13386=DIRECTION('center_axis',(0.,0.,1.));
#13387=DIRECTION('ref_axis',(1.,0.,0.));
#13388=DIRECTION('',(0.,1.,0.));
#13389=DIRECTION('center_axis',(0.,0.,1.));
#13390=DIRECTION('ref_axis',(-1.,0.,0.));
#13391=DIRECTION('',(0.,-1.,0.));
#13392=DIRECTION('center_axis',(0.,0.,1.));
#13393=DIRECTION('ref_axis',(1.,0.,0.));
#13394=DIRECTION('',(0.,1.,0.));
#13395=DIRECTION('center_axis',(0.,0.,1.));
#13396=DIRECTION('ref_axis',(-1.,0.,0.));
#13397=DIRECTION('',(0.,-1.,0.));
#13398=DIRECTION('center_axis',(0.,0.,1.));
#13399=DIRECTION('ref_axis',(1.,0.,0.));
#13400=DIRECTION('',(0.,1.,0.));
#13401=DIRECTION('',(0.,1.,0.));
#13402=DIRECTION('center_axis',(0.,0.,1.));
#13403=DIRECTION('ref_axis',(-1.,0.,0.));
#13404=DIRECTION('',(0.,-1.,0.));
#13405=DIRECTION('center_axis',(0.,0.,1.));
#13406=DIRECTION('ref_axis',(1.,0.,0.));
#13407=DIRECTION('',(0.,1.,0.));
#13408=DIRECTION('center_axis',(0.,0.,1.));
#13409=DIRECTION('ref_axis',(-1.,0.,0.));
#13410=DIRECTION('',(0.,-1.,0.));
#13411=DIRECTION('center_axis',(0.,0.,1.));
#13412=DIRECTION('ref_axis',(1.,0.,0.));
#13413=DIRECTION('',(0.,1.,0.));
#13414=DIRECTION('center_axis',(0.,0.,1.));
#13415=DIRECTION('ref_axis',(-1.,0.,0.));
#13416=DIRECTION('',(0.,-1.,0.));
#13417=DIRECTION('center_axis',(0.,0.,1.));
#13418=DIRECTION('ref_axis',(1.,0.,0.));
#13419=DIRECTION('',(0.,1.,0.));
#13420=DIRECTION('center_axis',(0.,0.,1.));
#13421=DIRECTION('ref_axis',(-1.,0.,0.));
#13422=DIRECTION('',(0.,-1.,0.));
#13423=DIRECTION('center_axis',(0.,0.,1.));
#13424=DIRECTION('ref_axis',(1.,0.,0.));
#13425=DIRECTION('',(0.,1.,0.));
#13426=DIRECTION('center_axis',(0.,0.,1.));
#13427=DIRECTION('ref_axis',(-1.,0.,0.));
#13428=DIRECTION('',(0.,-1.,0.));
#13429=DIRECTION('center_axis',(0.,0.,1.));
#13430=DIRECTION('ref_axis',(1.,0.,0.));
#13431=DIRECTION('',(0.,1.,0.));
#13432=DIRECTION('center_axis',(0.,0.,1.));
#13433=DIRECTION('ref_axis',(-1.,0.,0.));
#13434=DIRECTION('',(0.,-1.,0.));
#13435=DIRECTION('center_axis',(0.,0.,1.));
#13436=DIRECTION('ref_axis',(1.,0.,0.));
#13437=DIRECTION('',(0.,1.,0.));
#13438=DIRECTION('center_axis',(0.,0.,1.));
#13439=DIRECTION('ref_axis',(-1.,0.,0.));
#13440=DIRECTION('',(0.,-1.,0.));
#13441=DIRECTION('center_axis',(0.,0.,1.));
#13442=DIRECTION('ref_axis',(1.,0.,0.));
#13443=DIRECTION('',(0.,1.,0.));
#13444=DIRECTION('center_axis',(0.,0.,1.));
#13445=DIRECTION('ref_axis',(-1.,0.,0.));
#13446=DIRECTION('',(0.,-1.,0.));
#13447=DIRECTION('center_axis',(0.,0.,1.));
#13448=DIRECTION('ref_axis',(1.,0.,0.));
#13449=DIRECTION('',(0.,1.,0.));
#13450=DIRECTION('center_axis',(0.,0.,1.));
#13451=DIRECTION('ref_axis',(-1.,0.,0.));
#13452=DIRECTION('',(0.,-1.,0.));
#13453=DIRECTION('center_axis',(0.,0.,1.));
#13454=DIRECTION('ref_axis',(1.,0.,0.));
#13455=DIRECTION('',(0.,1.,0.));
#13456=DIRECTION('center_axis',(0.,0.,1.));
#13457=DIRECTION('ref_axis',(-1.,0.,0.));
#13458=DIRECTION('',(0.,-1.,0.));
#13459=DIRECTION('center_axis',(0.,0.,1.));
#13460=DIRECTION('ref_axis',(1.,0.,0.));
#13461=DIRECTION('',(0.,1.,0.));
#13462=DIRECTION('center_axis',(0.,0.,1.));
#13463=DIRECTION('ref_axis',(-1.,0.,0.));
#13464=DIRECTION('',(0.,-1.,0.));
#13465=DIRECTION('center_axis',(0.,0.,1.));
#13466=DIRECTION('ref_axis',(1.,0.,0.));
#13467=DIRECTION('',(0.,1.,0.));
#13468=DIRECTION('center_axis',(0.,0.,1.));
#13469=DIRECTION('ref_axis',(-1.,0.,0.));
#13470=DIRECTION('',(0.,-1.,0.));
#13471=DIRECTION('center_axis',(0.,0.,1.));
#13472=DIRECTION('ref_axis',(1.,0.,0.));
#13473=DIRECTION('',(0.,1.,0.));
#13474=DIRECTION('center_axis',(0.,0.,1.));
#13475=DIRECTION('ref_axis',(-1.,0.,0.));
#13476=DIRECTION('',(0.,-1.,0.));
#13477=DIRECTION('center_axis',(0.,0.,1.));
#13478=DIRECTION('ref_axis',(1.,0.,0.));
#13479=DIRECTION('',(0.,1.,0.));
#13480=DIRECTION('center_axis',(0.,0.,1.));
#13481=DIRECTION('ref_axis',(-1.,0.,0.));
#13482=DIRECTION('',(0.,-1.,0.));
#13483=DIRECTION('center_axis',(0.,0.,1.));
#13484=DIRECTION('ref_axis',(1.,0.,0.));
#13485=DIRECTION('',(0.,1.,0.));
#13486=DIRECTION('center_axis',(0.,0.,1.));
#13487=DIRECTION('ref_axis',(-1.,0.,0.));
#13488=DIRECTION('',(0.,-1.,0.));
#13489=DIRECTION('center_axis',(0.,0.,1.));
#13490=DIRECTION('ref_axis',(1.,0.,0.));
#13491=DIRECTION('center_axis',(0.,0.,1.));
#13492=DIRECTION('ref_axis',(1.,0.,0.));
#13493=DIRECTION('center_axis',(0.,0.,1.));
#13494=DIRECTION('ref_axis',(1.,0.,0.));
#13495=DIRECTION('center_axis',(0.,0.,-1.));
#13496=DIRECTION('ref_axis',(-0.707106781186548,0.707106781186548,2.80373653336392E-15));
#13497=DIRECTION('',(0.0626084129175671,-0.704329600848953,0.707106781186475));
#13498=DIRECTION('center_axis',(5.28677630773884E-15,-5.16000068825916E-30,
1.));
#13499=DIRECTION('ref_axis',(-0.707106781186547,0.707106781186547,0.));
#13500=DIRECTION('',(-0.0626084129175671,-0.704329600848953,-0.707106781186475));
#13501=DIRECTION('center_axis',(0.,0.,-1.));
#13502=DIRECTION('ref_axis',(-1.,-1.49598735345896E-44,2.8991999106955E-15));
#13503=DIRECTION('',(-0.682085079830263,0.186440188460012,-0.707106781186504));
#13504=DIRECTION('',(0.186440188460011,-0.682085079830261,0.707106781186507));
#13505=DIRECTION('center_axis',(0.,0.,1.));
#13506=DIRECTION('ref_axis',(1.,0.,0.));
#13507=DIRECTION('center_axis',(0.,0.,-1.));
#13508=DIRECTION('ref_axis',(0.707106781186547,0.707106781186547,-2.80373653336389E-15));
#13509=DIRECTION('',(-0.704329600848919,-0.062608412917545,0.707106781186511));
#13510=DIRECTION('center_axis',(5.28677630773884E-15,-5.16000068825916E-30,
1.));
#13511=DIRECTION('ref_axis',(0.707106781186547,0.707106781186547,0.));
#13512=DIRECTION('',(-0.704329600848921,0.0626084129175452,-0.707106781186509));
#13513=DIRECTION('center_axis',(0.,0.,-1.));
#13514=DIRECTION('ref_axis',(1.,1.49598735345897E-44,-2.8991999106955E-15));
#13515=DIRECTION('',(0.186440188460007,0.682085079830247,-0.707106781186521));
#13516=DIRECTION('',(-0.682085079830244,-0.186440188460007,0.707106781186524));
#13517=DIRECTION('center_axis',(0.,0.,1.));
#13518=DIRECTION('ref_axis',(1.,0.,0.));
#13519=DIRECTION('center_axis',(0.,0.,-1.));
#13520=DIRECTION('ref_axis',(0.707106781186589,0.707106781186506,-2.80373653336407E-15));
#13521=DIRECTION('',(-0.0626084129175851,0.704329600848899,0.707106781186528));
#13522=DIRECTION('center_axis',(5.28677630773884E-15,-5.16000068825916E-30,
1.));
#13523=DIRECTION('ref_axis',(0.707106781186589,0.707106781186506,0.));
#13524=DIRECTION('',(0.0626084129175851,0.704329600848899,-0.707106781186528));
#13525=DIRECTION('center_axis',(0.,0.,-1.));
#13526=DIRECTION('ref_axis',(1.,1.49598735345897E-44,-2.8991999106955E-15));
#13527=DIRECTION('',(0.682085079830244,-0.186440188460007,-0.707106781186524));
#13528=DIRECTION('',(-0.186440188460007,0.682085079830247,0.707106781186521));
#13529=DIRECTION('center_axis',(0.,0.,1.));
#13530=DIRECTION('ref_axis',(1.,0.,0.));
#13531=DIRECTION('center_axis',(0.,0.,-1.));
#13532=DIRECTION('ref_axis',(0.707106781186548,-0.707106781186548,-2.80373653336391E-15));
#13533=DIRECTION('',(0.704329600848911,0.0626084129175461,0.707106781186519));
#13534=DIRECTION('center_axis',(5.28677630773884E-15,-5.16000068825916E-30,
1.));
#13535=DIRECTION('ref_axis',(0.707106781186547,-0.707106781186547,0.));
#13536=DIRECTION('',(0.704329600848908,-0.0626084129175459,-0.707106781186522));
#13537=DIRECTION('center_axis',(0.,0.,-1.));
#13538=DIRECTION('ref_axis',(-1.,-1.49598735345896E-44,2.8991999106955E-15));
#13539=DIRECTION('',(-0.186440188460011,-0.682085079830261,-0.707106781186507));
#13540=DIRECTION('',(0.682085079830263,0.186440188460012,0.707106781186504));
#13541=DIRECTION('center_axis',(0.,0.,1.));
#13542=DIRECTION('ref_axis',(1.,0.,0.));
#13543=DIRECTION('center_axis',(0.,0.,1.));
#13544=DIRECTION('ref_axis',(-0.263666243091536,-0.964613970588232,0.));
#13545=DIRECTION('center_axis',(0.,0.,-1.));
#13546=DIRECTION('ref_axis',(-0.263666243091536,-0.964613970588232,0.));
#13547=DIRECTION('center_axis',(0.,0.,1.));
#13548=DIRECTION('ref_axis',(0.263666243091536,-0.964613970588232,0.));
#13549=DIRECTION('center_axis',(0.,0.,-1.));
#13550=DIRECTION('ref_axis',(0.263666243091536,-0.964613970588232,0.));
#13551=DIRECTION('center_axis',(0.,0.,1.));
#13552=DIRECTION('ref_axis',(0.964613970588234,-0.263666243091528,0.));
#13553=DIRECTION('center_axis',(0.,0.,-1.));
#13554=DIRECTION('ref_axis',(0.964613970588234,-0.263666243091528,0.));
#13555=DIRECTION('center_axis',(0.,0.,1.));
#13556=DIRECTION('ref_axis',(0.964613970588234,0.263666243091528,0.));
#13557=DIRECTION('center_axis',(0.,0.,-1.));
#13558=DIRECTION('ref_axis',(0.964613970588234,0.263666243091528,0.));
#13559=DIRECTION('center_axis',(0.,0.,1.));
#13560=DIRECTION('ref_axis',(0.263666243091528,0.964613970588234,0.));
#13561=DIRECTION('center_axis',(0.,0.,-1.));
#13562=DIRECTION('ref_axis',(0.263666243091528,0.964613970588234,0.));
#13563=DIRECTION('center_axis',(0.,0.,1.));
#13564=DIRECTION('ref_axis',(-0.263666243091528,0.964613970588234,0.));
#13565=DIRECTION('center_axis',(0.,0.,-1.));
#13566=DIRECTION('ref_axis',(-0.263666243091528,0.964613970588234,0.));
#13567=DIRECTION('center_axis',(0.,0.,1.));
#13568=DIRECTION('ref_axis',(-0.964613970588234,0.263666243091528,0.));
#13569=DIRECTION('center_axis',(0.,0.,-1.));
#13570=DIRECTION('ref_axis',(-0.964613970588234,0.263666243091528,0.));
#13571=DIRECTION('center_axis',(0.,0.,1.));
#13572=DIRECTION('ref_axis',(-0.964613970588234,-0.263666243091528,0.));
#13573=DIRECTION('center_axis',(0.,0.,-1.));
#13574=DIRECTION('ref_axis',(-0.964613970588234,-0.263666243091528,0.));
#13575=DIRECTION('center_axis',(0.,0.,1.));
#13576=DIRECTION('ref_axis',(0.964613970588234,0.263666243091528,0.));
#13577=DIRECTION('',(0.,0.,1.));
#13578=DIRECTION('center_axis',(0.,0.,1.));
#13579=DIRECTION('ref_axis',(0.964613970588234,0.263666243091528,0.));
#13580=DIRECTION('',(0.,0.,1.));
#13581=DIRECTION('center_axis',(0.,0.,-1.));
#13582=DIRECTION('ref_axis',(0.707106781186589,0.707106781186506,0.));
#13583=DIRECTION('',(0.,0.,-1.));
#13584=DIRECTION('center_axis',(0.,0.,-1.));
#13585=DIRECTION('ref_axis',(0.707106781186547,-0.707106781186547,0.));
#13586=DIRECTION('center_axis',(0.,0.,-1.));
#13587=DIRECTION('ref_axis',(0.964613970588234,-0.263666243091528,0.));
#13588=DIRECTION('',(0.,0.,-1.));
#13589=DIRECTION('center_axis',(0.,0.,1.));
#13590=DIRECTION('ref_axis',(0.964613970588234,-0.263666243091528,0.));
#13591=DIRECTION('center_axis',(0.,0.,1.));
#13592=DIRECTION('ref_axis',(0.263666243091536,-0.964613970588232,0.));
#13593=DIRECTION('',(0.,0.,1.));
#13594=DIRECTION('center_axis',(0.,0.,1.));
#13595=DIRECTION('ref_axis',(0.263666243091536,-0.964613970588232,0.));
#13596=DIRECTION('',(0.,0.,1.));
#13597=DIRECTION('center_axis',(0.,0.,-1.));
#13598=DIRECTION('ref_axis',(0.707106781186547,-0.707106781186547,0.));
#13599=DIRECTION('',(0.,0.,-1.));
#13600=DIRECTION('center_axis',(0.,0.,-1.));
#13601=DIRECTION('ref_axis',(0.707106781186547,-0.707106781186547,0.));
#13602=DIRECTION('center_axis',(0.,0.,-1.));
#13603=DIRECTION('ref_axis',(-0.263666243091536,-0.964613970588232,0.));
#13604=DIRECTION('',(0.,0.,-1.));
#13605=DIRECTION('center_axis',(0.,0.,1.));
#13606=DIRECTION('ref_axis',(-0.263666243091536,-0.964613970588232,0.));
#13607=DIRECTION('center_axis',(0.,0.,1.));
#13608=DIRECTION('ref_axis',(1.,0.,0.));
#13609=DIRECTION('',(0.70710678118655,8.65956056235496E-17,-0.707106781186545));
#13610=DIRECTION('center_axis',(0.,0.,1.));
#13611=DIRECTION('ref_axis',(1.,0.,0.));
#13612=DIRECTION('center_axis',(0.,0.,-1.));
#13613=DIRECTION('ref_axis',(1.,0.,0.));
#13614=DIRECTION('center_axis',(0.,0.,1.));
#13615=DIRECTION('ref_axis',(1.,0.,0.));
#13616=DIRECTION('center_axis',(0.,0.,-1.));
#13617=DIRECTION('ref_axis',(1.,0.,0.));
#13618=DIRECTION('center_axis',(0.,0.,1.));
#13619=DIRECTION('ref_axis',(1.,0.,0.));
#13620=DIRECTION('center_axis',(0.,0.,-1.));
#13621=DIRECTION('ref_axis',(1.,0.,0.));
#13622=DIRECTION('center_axis',(0.,0.,1.));
#13623=DIRECTION('ref_axis',(1.,0.,0.));
#13624=DIRECTION('center_axis',(0.,0.,-1.));
#13625=DIRECTION('ref_axis',(1.,0.,0.));
#13626=DIRECTION('center_axis',(0.,0.,1.));
#13627=DIRECTION('ref_axis',(1.,0.,0.));
#13628=DIRECTION('center_axis',(0.,0.,1.));
#13629=DIRECTION('ref_axis',(-0.964613970588234,-0.263666243091528,0.));
#13630=DIRECTION('',(0.,0.,1.));
#13631=DIRECTION('center_axis',(0.,0.,1.));
#13632=DIRECTION('ref_axis',(-0.964613970588234,-0.263666243091528,0.));
#13633=DIRECTION('',(0.,0.,1.));
#13634=DIRECTION('center_axis',(0.,0.,-1.));
#13635=DIRECTION('ref_axis',(-0.707106781186547,0.707106781186547,0.));
#13636=DIRECTION('',(0.,0.,-1.));
#13637=DIRECTION('center_axis',(0.,0.,-1.));
#13638=DIRECTION('ref_axis',(-0.707106781186547,-0.707106781186547,0.));
#13639=DIRECTION('center_axis',(0.,0.,-1.));
#13640=DIRECTION('ref_axis',(-0.964613970588234,0.263666243091528,0.));
#13641=DIRECTION('',(0.,0.,-1.));
#13642=DIRECTION('center_axis',(0.,0.,1.));
#13643=DIRECTION('ref_axis',(-0.964613970588234,0.263666243091528,0.));
#13644=DIRECTION('center_axis',(0.,0.,1.));
#13645=DIRECTION('ref_axis',(-0.263666243091528,0.964613970588234,0.));
#13646=DIRECTION('',(0.,0.,1.));
#13647=DIRECTION('center_axis',(0.,0.,1.));
#13648=DIRECTION('ref_axis',(-0.263666243091528,0.964613970588234,0.));
#13649=DIRECTION('',(0.,0.,1.));
#13650=DIRECTION('center_axis',(0.,0.,-1.));
#13651=DIRECTION('ref_axis',(0.707106781186547,0.707106781186547,0.));
#13652=DIRECTION('',(0.,0.,-1.));
#13653=DIRECTION('center_axis',(0.,0.,-1.));
#13654=DIRECTION('ref_axis',(0.707106781186547,0.707106781186547,0.));
#13655=DIRECTION('center_axis',(0.,0.,-1.));
#13656=DIRECTION('ref_axis',(0.263666243091528,0.964613970588234,0.));
#13657=DIRECTION('',(0.,0.,-1.));
#13658=DIRECTION('center_axis',(0.,0.,1.));
#13659=DIRECTION('ref_axis',(0.263666243091528,0.964613970588234,0.));
#13660=DIRECTION('center_axis',(0.,0.,-1.));
#13661=DIRECTION('ref_axis',(-1.,0.,0.));
#13662=DIRECTION('center_axis',(0.,0.,-1.));
#13663=DIRECTION('ref_axis',(-1.,0.,0.));
#13664=DIRECTION('center_axis',(0.,0.,-1.));
#13665=DIRECTION('ref_axis',(-1.,0.,0.));
#13666=DIRECTION('center_axis',(0.,0.,-1.));
#13667=DIRECTION('ref_axis',(-1.,0.,0.));
#13668=DIRECTION('center_axis',(0.,0.,-1.));
#13669=DIRECTION('ref_axis',(1.,0.,0.));
#13670=DIRECTION('center_axis',(0.,0.,-1.));
#13671=DIRECTION('ref_axis',(1.,0.,0.));
#13672=DIRECTION('center_axis',(0.,0.,-1.));
#13673=DIRECTION('ref_axis',(1.,0.,0.));
#13674=DIRECTION('center_axis',(0.,0.,-1.));
#13675=DIRECTION('ref_axis',(1.,0.,0.));
#13676=DIRECTION('center_axis',(0.,0.,-1.));
#13677=DIRECTION('ref_axis',(-0.707106781186548,0.707106781186548,2.80373653336392E-15));
#13678=DIRECTION('',(0.0626084129175671,-0.704329600848953,0.707106781186475));
#13679=DIRECTION('center_axis',(5.28677630773884E-15,-5.16000068825916E-30,
1.));
#13680=DIRECTION('ref_axis',(-0.707106781186547,0.707106781186547,0.));
#13681=DIRECTION('',(-0.0626084129175671,-0.704329600848953,-0.707106781186475));
#13682=DIRECTION('center_axis',(0.,0.,-1.));
#13683=DIRECTION('ref_axis',(-1.,-1.49598735345896E-44,2.8991999106955E-15));
#13684=DIRECTION('',(-0.682085079830263,0.186440188460012,-0.707106781186504));
#13685=DIRECTION('',(0.186440188460011,-0.682085079830261,0.707106781186507));
#13686=DIRECTION('center_axis',(0.,0.,1.));
#13687=DIRECTION('ref_axis',(1.,0.,0.));
#13688=DIRECTION('center_axis',(0.,0.,-1.));
#13689=DIRECTION('ref_axis',(0.707106781186547,0.707106781186547,-2.80373653336389E-15));
#13690=DIRECTION('',(-0.704329600848919,-0.062608412917545,0.707106781186511));
#13691=DIRECTION('center_axis',(5.28677630773884E-15,-5.16000068825916E-30,
1.));
#13692=DIRECTION('ref_axis',(0.707106781186547,0.707106781186547,0.));
#13693=DIRECTION('',(-0.704329600848921,0.0626084129175452,-0.707106781186509));
#13694=DIRECTION('center_axis',(0.,0.,-1.));
#13695=DIRECTION('ref_axis',(1.,1.49598735345897E-44,-2.8991999106955E-15));
#13696=DIRECTION('',(0.186440188460007,0.682085079830247,-0.707106781186521));
#13697=DIRECTION('',(-0.682085079830244,-0.186440188460007,0.707106781186524));
#13698=DIRECTION('center_axis',(0.,0.,1.));
#13699=DIRECTION('ref_axis',(1.,0.,0.));
#13700=DIRECTION('center_axis',(0.,0.,-1.));
#13701=DIRECTION('ref_axis',(0.707106781186589,0.707106781186506,-2.80373653336407E-15));
#13702=DIRECTION('',(-0.0626084129175851,0.704329600848899,0.707106781186528));
#13703=DIRECTION('center_axis',(5.28677630773884E-15,-5.16000068825916E-30,
1.));
#13704=DIRECTION('ref_axis',(0.707106781186589,0.707106781186506,0.));
#13705=DIRECTION('',(0.0626084129175851,0.704329600848899,-0.707106781186528));
#13706=DIRECTION('center_axis',(0.,0.,-1.));
#13707=DIRECTION('ref_axis',(1.,1.49598735345897E-44,-2.8991999106955E-15));
#13708=DIRECTION('',(0.682085079830244,-0.186440188460007,-0.707106781186524));
#13709=DIRECTION('',(-0.186440188460007,0.682085079830247,0.707106781186521));
#13710=DIRECTION('center_axis',(0.,0.,1.));
#13711=DIRECTION('ref_axis',(1.,0.,0.));
#13712=DIRECTION('center_axis',(0.,0.,-1.));
#13713=DIRECTION('ref_axis',(0.707106781186548,-0.707106781186548,-2.80373653336391E-15));
#13714=DIRECTION('',(0.704329600848911,0.0626084129175461,0.707106781186519));
#13715=DIRECTION('center_axis',(5.28677630773884E-15,-5.16000068825916E-30,
1.));
#13716=DIRECTION('ref_axis',(0.707106781186547,-0.707106781186547,0.));
#13717=DIRECTION('',(0.704329600848908,-0.0626084129175459,-0.707106781186522));
#13718=DIRECTION('center_axis',(0.,0.,-1.));
#13719=DIRECTION('ref_axis',(-1.,-1.49598735345896E-44,2.8991999106955E-15));
#13720=DIRECTION('',(-0.186440188460011,-0.682085079830261,-0.707106781186507));
#13721=DIRECTION('',(0.682085079830263,0.186440188460012,0.707106781186504));
#13722=DIRECTION('center_axis',(0.,0.,1.));
#13723=DIRECTION('ref_axis',(1.,0.,0.));
#13724=DIRECTION('center_axis',(0.,0.,1.));
#13725=DIRECTION('ref_axis',(-0.263666243091536,-0.964613970588232,0.));
#13726=DIRECTION('center_axis',(0.,0.,-1.));
#13727=DIRECTION('ref_axis',(-0.263666243091536,-0.964613970588232,0.));
#13728=DIRECTION('center_axis',(0.,0.,1.));
#13729=DIRECTION('ref_axis',(0.263666243091536,-0.964613970588232,0.));
#13730=DIRECTION('center_axis',(0.,0.,-1.));
#13731=DIRECTION('ref_axis',(0.263666243091536,-0.964613970588232,0.));
#13732=DIRECTION('center_axis',(0.,0.,1.));
#13733=DIRECTION('ref_axis',(0.964613970588234,-0.263666243091528,0.));
#13734=DIRECTION('center_axis',(0.,0.,-1.));
#13735=DIRECTION('ref_axis',(0.964613970588234,-0.263666243091528,0.));
#13736=DIRECTION('center_axis',(0.,0.,1.));
#13737=DIRECTION('ref_axis',(0.964613970588234,0.263666243091528,0.));
#13738=DIRECTION('center_axis',(0.,0.,-1.));
#13739=DIRECTION('ref_axis',(0.964613970588234,0.263666243091528,0.));
#13740=DIRECTION('center_axis',(0.,0.,1.));
#13741=DIRECTION('ref_axis',(0.263666243091528,0.964613970588234,0.));
#13742=DIRECTION('center_axis',(0.,0.,-1.));
#13743=DIRECTION('ref_axis',(0.263666243091528,0.964613970588234,0.));
#13744=DIRECTION('center_axis',(0.,0.,1.));
#13745=DIRECTION('ref_axis',(-0.263666243091528,0.964613970588234,0.));
#13746=DIRECTION('center_axis',(0.,0.,-1.));
#13747=DIRECTION('ref_axis',(-0.263666243091528,0.964613970588234,0.));
#13748=DIRECTION('center_axis',(0.,0.,1.));
#13749=DIRECTION('ref_axis',(-0.964613970588234,0.263666243091528,0.));
#13750=DIRECTION('center_axis',(0.,0.,-1.));
#13751=DIRECTION('ref_axis',(-0.964613970588234,0.263666243091528,0.));
#13752=DIRECTION('center_axis',(0.,0.,1.));
#13753=DIRECTION('ref_axis',(-0.964613970588234,-0.263666243091528,0.));
#13754=DIRECTION('center_axis',(0.,0.,-1.));
#13755=DIRECTION('ref_axis',(-0.964613970588234,-0.263666243091528,0.));
#13756=DIRECTION('center_axis',(0.,0.,1.));
#13757=DIRECTION('ref_axis',(0.964613970588234,0.263666243091528,0.));
#13758=DIRECTION('',(0.,0.,1.));
#13759=DIRECTION('center_axis',(0.,0.,1.));
#13760=DIRECTION('ref_axis',(0.964613970588234,0.263666243091528,0.));
#13761=DIRECTION('',(0.,0.,1.));
#13762=DIRECTION('center_axis',(0.,0.,-1.));
#13763=DIRECTION('ref_axis',(0.707106781186589,0.707106781186506,0.));
#13764=DIRECTION('',(0.,0.,-1.));
#13765=DIRECTION('center_axis',(0.,0.,-1.));
#13766=DIRECTION('ref_axis',(0.707106781186547,-0.707106781186547,0.));
#13767=DIRECTION('center_axis',(0.,0.,-1.));
#13768=DIRECTION('ref_axis',(0.964613970588234,-0.263666243091528,0.));
#13769=DIRECTION('',(0.,0.,-1.));
#13770=DIRECTION('center_axis',(0.,0.,1.));
#13771=DIRECTION('ref_axis',(0.964613970588234,-0.263666243091528,0.));
#13772=DIRECTION('center_axis',(0.,0.,1.));
#13773=DIRECTION('ref_axis',(0.263666243091536,-0.964613970588232,0.));
#13774=DIRECTION('',(0.,0.,1.));
#13775=DIRECTION('center_axis',(0.,0.,1.));
#13776=DIRECTION('ref_axis',(0.263666243091536,-0.964613970588232,0.));
#13777=DIRECTION('',(0.,0.,1.));
#13778=DIRECTION('center_axis',(0.,0.,-1.));
#13779=DIRECTION('ref_axis',(0.707106781186547,-0.707106781186547,0.));
#13780=DIRECTION('',(0.,0.,-1.));
#13781=DIRECTION('center_axis',(0.,0.,-1.));
#13782=DIRECTION('ref_axis',(0.707106781186547,-0.707106781186547,0.));
#13783=DIRECTION('center_axis',(0.,0.,-1.));
#13784=DIRECTION('ref_axis',(-0.263666243091536,-0.964613970588232,0.));
#13785=DIRECTION('',(0.,0.,-1.));
#13786=DIRECTION('center_axis',(0.,0.,1.));
#13787=DIRECTION('ref_axis',(-0.263666243091536,-0.964613970588232,0.));
#13788=DIRECTION('center_axis',(0.,0.,1.));
#13789=DIRECTION('ref_axis',(1.,0.,0.));
#13790=DIRECTION('',(0.70710678118655,8.65956056235496E-17,-0.707106781186545));
#13791=DIRECTION('center_axis',(0.,0.,1.));
#13792=DIRECTION('ref_axis',(1.,0.,0.));
#13793=DIRECTION('center_axis',(0.,0.,-1.));
#13794=DIRECTION('ref_axis',(1.,0.,0.));
#13795=DIRECTION('center_axis',(0.,0.,1.));
#13796=DIRECTION('ref_axis',(1.,0.,0.));
#13797=DIRECTION('center_axis',(0.,0.,-1.));
#13798=DIRECTION('ref_axis',(1.,0.,0.));
#13799=DIRECTION('center_axis',(0.,0.,1.));
#13800=DIRECTION('ref_axis',(1.,0.,0.));
#13801=DIRECTION('center_axis',(0.,0.,-1.));
#13802=DIRECTION('ref_axis',(1.,0.,0.));
#13803=DIRECTION('center_axis',(0.,0.,1.));
#13804=DIRECTION('ref_axis',(1.,0.,0.));
#13805=DIRECTION('center_axis',(0.,0.,-1.));
#13806=DIRECTION('ref_axis',(1.,0.,0.));
#13807=DIRECTION('center_axis',(0.,0.,1.));
#13808=DIRECTION('ref_axis',(1.,0.,0.));
#13809=DIRECTION('center_axis',(0.,0.,1.));
#13810=DIRECTION('ref_axis',(-0.964613970588234,-0.263666243091528,0.));
#13811=DIRECTION('',(0.,0.,1.));
#13812=DIRECTION('center_axis',(0.,0.,1.));
#13813=DIRECTION('ref_axis',(-0.964613970588234,-0.263666243091528,0.));
#13814=DIRECTION('',(0.,0.,1.));
#13815=DIRECTION('center_axis',(0.,0.,-1.));
#13816=DIRECTION('ref_axis',(-0.707106781186547,0.707106781186547,0.));
#13817=DIRECTION('',(0.,0.,-1.));
#13818=DIRECTION('center_axis',(0.,0.,-1.));
#13819=DIRECTION('ref_axis',(-0.707106781186547,-0.707106781186547,0.));
#13820=DIRECTION('center_axis',(0.,0.,-1.));
#13821=DIRECTION('ref_axis',(-0.964613970588234,0.263666243091528,0.));
#13822=DIRECTION('',(0.,0.,-1.));
#13823=DIRECTION('center_axis',(0.,0.,1.));
#13824=DIRECTION('ref_axis',(-0.964613970588234,0.263666243091528,0.));
#13825=DIRECTION('center_axis',(0.,0.,1.));
#13826=DIRECTION('ref_axis',(-0.263666243091528,0.964613970588234,0.));
#13827=DIRECTION('',(0.,0.,1.));
#13828=DIRECTION('center_axis',(0.,0.,1.));
#13829=DIRECTION('ref_axis',(-0.263666243091528,0.964613970588234,0.));
#13830=DIRECTION('',(0.,0.,1.));
#13831=DIRECTION('center_axis',(0.,0.,-1.));
#13832=DIRECTION('ref_axis',(0.707106781186547,0.707106781186547,0.));
#13833=DIRECTION('',(0.,0.,-1.));
#13834=DIRECTION('center_axis',(0.,0.,-1.));
#13835=DIRECTION('ref_axis',(0.707106781186547,0.707106781186547,0.));
#13836=DIRECTION('center_axis',(0.,0.,-1.));
#13837=DIRECTION('ref_axis',(0.263666243091528,0.964613970588234,0.));
#13838=DIRECTION('',(0.,0.,-1.));
#13839=DIRECTION('center_axis',(0.,0.,1.));
#13840=DIRECTION('ref_axis',(0.263666243091528,0.964613970588234,0.));
#13841=DIRECTION('center_axis',(0.,0.,-1.));
#13842=DIRECTION('ref_axis',(-1.,0.,0.));
#13843=DIRECTION('center_axis',(0.,0.,-1.));
#13844=DIRECTION('ref_axis',(-1.,0.,0.));
#13845=DIRECTION('center_axis',(0.,0.,-1.));
#13846=DIRECTION('ref_axis',(-1.,0.,0.));
#13847=DIRECTION('center_axis',(0.,0.,-1.));
#13848=DIRECTION('ref_axis',(-1.,0.,0.));
#13849=DIRECTION('center_axis',(0.,0.,-1.));
#13850=DIRECTION('ref_axis',(1.,0.,0.));
#13851=DIRECTION('center_axis',(0.,0.,-1.));
#13852=DIRECTION('ref_axis',(1.,0.,0.));
#13853=DIRECTION('center_axis',(0.,0.,-1.));
#13854=DIRECTION('ref_axis',(1.,0.,0.));
#13855=DIRECTION('center_axis',(0.,0.,-1.));
#13856=DIRECTION('ref_axis',(1.,0.,0.));
#13857=DIRECTION('center_axis',(0.,0.,-1.));
#13858=DIRECTION('ref_axis',(-0.707106781186548,0.707106781186548,2.80373653336392E-15));
#13859=DIRECTION('',(0.0626084129175671,-0.704329600848953,0.707106781186475));
#13860=DIRECTION('center_axis',(5.28677630773884E-15,-5.16000068825916E-30,
1.));
#13861=DIRECTION('ref_axis',(-0.707106781186547,0.707106781186547,0.));
#13862=DIRECTION('',(-0.0626084129175671,-0.704329600848953,-0.707106781186475));
#13863=DIRECTION('center_axis',(0.,0.,-1.));
#13864=DIRECTION('ref_axis',(-1.,-1.49598735345896E-44,2.8991999106955E-15));
#13865=DIRECTION('',(-0.682085079830263,0.186440188460012,-0.707106781186504));
#13866=DIRECTION('',(0.186440188460011,-0.682085079830261,0.707106781186507));
#13867=DIRECTION('center_axis',(0.,0.,1.));
#13868=DIRECTION('ref_axis',(1.,0.,0.));
#13869=DIRECTION('center_axis',(0.,0.,-1.));
#13870=DIRECTION('ref_axis',(0.707106781186547,0.707106781186547,-2.80373653336389E-15));
#13871=DIRECTION('',(-0.704329600848919,-0.062608412917545,0.707106781186511));
#13872=DIRECTION('center_axis',(5.28677630773884E-15,-5.16000068825916E-30,
1.));
#13873=DIRECTION('ref_axis',(0.707106781186547,0.707106781186547,0.));
#13874=DIRECTION('',(-0.704329600848921,0.0626084129175452,-0.707106781186509));
#13875=DIRECTION('center_axis',(0.,0.,-1.));
#13876=DIRECTION('ref_axis',(1.,1.49598735345897E-44,-2.8991999106955E-15));
#13877=DIRECTION('',(0.186440188460007,0.682085079830247,-0.707106781186521));
#13878=DIRECTION('',(-0.682085079830244,-0.186440188460007,0.707106781186524));
#13879=DIRECTION('center_axis',(0.,0.,1.));
#13880=DIRECTION('ref_axis',(1.,0.,0.));
#13881=DIRECTION('center_axis',(0.,0.,-1.));
#13882=DIRECTION('ref_axis',(0.707106781186589,0.707106781186506,-2.80373653336407E-15));
#13883=DIRECTION('',(-0.0626084129175851,0.704329600848899,0.707106781186528));
#13884=DIRECTION('center_axis',(5.28677630773884E-15,-5.16000068825916E-30,
1.));
#13885=DIRECTION('ref_axis',(0.707106781186589,0.707106781186506,0.));
#13886=DIRECTION('',(0.0626084129175851,0.704329600848899,-0.707106781186528));
#13887=DIRECTION('center_axis',(0.,0.,-1.));
#13888=DIRECTION('ref_axis',(1.,1.49598735345897E-44,-2.8991999106955E-15));
#13889=DIRECTION('',(0.682085079830244,-0.186440188460007,-0.707106781186524));
#13890=DIRECTION('',(-0.186440188460007,0.682085079830247,0.707106781186521));
#13891=DIRECTION('center_axis',(0.,0.,1.));
#13892=DIRECTION('ref_axis',(1.,0.,0.));
#13893=DIRECTION('center_axis',(0.,0.,-1.));
#13894=DIRECTION('ref_axis',(0.707106781186548,-0.707106781186548,-2.80373653336391E-15));
#13895=DIRECTION('',(0.704329600848911,0.0626084129175461,0.707106781186519));
#13896=DIRECTION('center_axis',(5.28677630773884E-15,-5.16000068825916E-30,
1.));
#13897=DIRECTION('ref_axis',(0.707106781186547,-0.707106781186547,0.));
#13898=DIRECTION('',(0.704329600848908,-0.0626084129175459,-0.707106781186522));
#13899=DIRECTION('center_axis',(0.,0.,-1.));
#13900=DIRECTION('ref_axis',(-1.,-1.49598735345896E-44,2.8991999106955E-15));
#13901=DIRECTION('',(-0.186440188460011,-0.682085079830261,-0.707106781186507));
#13902=DIRECTION('',(0.682085079830263,0.186440188460012,0.707106781186504));
#13903=DIRECTION('center_axis',(0.,0.,1.));
#13904=DIRECTION('ref_axis',(1.,0.,0.));
#13905=DIRECTION('center_axis',(0.,0.,1.));
#13906=DIRECTION('ref_axis',(-0.263666243091536,-0.964613970588232,0.));
#13907=DIRECTION('center_axis',(0.,0.,-1.));
#13908=DIRECTION('ref_axis',(-0.263666243091536,-0.964613970588232,0.));
#13909=DIRECTION('center_axis',(0.,0.,1.));
#13910=DIRECTION('ref_axis',(0.263666243091536,-0.964613970588232,0.));
#13911=DIRECTION('center_axis',(0.,0.,-1.));
#13912=DIRECTION('ref_axis',(0.263666243091536,-0.964613970588232,0.));
#13913=DIRECTION('center_axis',(0.,0.,1.));
#13914=DIRECTION('ref_axis',(0.964613970588234,-0.263666243091528,0.));
#13915=DIRECTION('center_axis',(0.,0.,-1.));
#13916=DIRECTION('ref_axis',(0.964613970588234,-0.263666243091528,0.));
#13917=DIRECTION('center_axis',(0.,0.,1.));
#13918=DIRECTION('ref_axis',(0.964613970588234,0.263666243091528,0.));
#13919=DIRECTION('center_axis',(0.,0.,-1.));
#13920=DIRECTION('ref_axis',(0.964613970588234,0.263666243091528,0.));
#13921=DIRECTION('center_axis',(0.,0.,1.));
#13922=DIRECTION('ref_axis',(0.263666243091528,0.964613970588234,0.));
#13923=DIRECTION('center_axis',(0.,0.,-1.));
#13924=DIRECTION('ref_axis',(0.263666243091528,0.964613970588234,0.));
#13925=DIRECTION('center_axis',(0.,0.,1.));
#13926=DIRECTION('ref_axis',(-0.263666243091528,0.964613970588234,0.));
#13927=DIRECTION('center_axis',(0.,0.,-1.));
#13928=DIRECTION('ref_axis',(-0.263666243091528,0.964613970588234,0.));
#13929=DIRECTION('center_axis',(0.,0.,1.));
#13930=DIRECTION('ref_axis',(-0.964613970588234,0.263666243091528,0.));
#13931=DIRECTION('center_axis',(0.,0.,-1.));
#13932=DIRECTION('ref_axis',(-0.964613970588234,0.263666243091528,0.));
#13933=DIRECTION('center_axis',(0.,0.,1.));
#13934=DIRECTION('ref_axis',(-0.964613970588234,-0.263666243091528,0.));
#13935=DIRECTION('center_axis',(0.,0.,-1.));
#13936=DIRECTION('ref_axis',(-0.964613970588234,-0.263666243091528,0.));
#13937=DIRECTION('center_axis',(0.,0.,1.));
#13938=DIRECTION('ref_axis',(0.964613970588234,0.263666243091528,0.));
#13939=DIRECTION('',(0.,0.,1.));
#13940=DIRECTION('center_axis',(0.,0.,1.));
#13941=DIRECTION('ref_axis',(0.964613970588234,0.263666243091528,0.));
#13942=DIRECTION('',(0.,0.,1.));
#13943=DIRECTION('center_axis',(0.,0.,-1.));
#13944=DIRECTION('ref_axis',(0.707106781186589,0.707106781186506,0.));
#13945=DIRECTION('',(0.,0.,-1.));
#13946=DIRECTION('center_axis',(0.,0.,-1.));
#13947=DIRECTION('ref_axis',(0.707106781186547,-0.707106781186547,0.));
#13948=DIRECTION('center_axis',(0.,0.,-1.));
#13949=DIRECTION('ref_axis',(0.964613970588234,-0.263666243091528,0.));
#13950=DIRECTION('',(0.,0.,-1.));
#13951=DIRECTION('center_axis',(0.,0.,1.));
#13952=DIRECTION('ref_axis',(0.964613970588234,-0.263666243091528,0.));
#13953=DIRECTION('center_axis',(0.,0.,1.));
#13954=DIRECTION('ref_axis',(0.263666243091536,-0.964613970588232,0.));
#13955=DIRECTION('',(0.,0.,1.));
#13956=DIRECTION('center_axis',(0.,0.,1.));
#13957=DIRECTION('ref_axis',(0.263666243091536,-0.964613970588232,0.));
#13958=DIRECTION('',(0.,0.,1.));
#13959=DIRECTION('center_axis',(0.,0.,-1.));
#13960=DIRECTION('ref_axis',(0.707106781186547,-0.707106781186547,0.));
#13961=DIRECTION('',(0.,0.,-1.));
#13962=DIRECTION('center_axis',(0.,0.,-1.));
#13963=DIRECTION('ref_axis',(0.707106781186547,-0.707106781186547,0.));
#13964=DIRECTION('center_axis',(0.,0.,-1.));
#13965=DIRECTION('ref_axis',(-0.263666243091536,-0.964613970588232,0.));
#13966=DIRECTION('',(0.,0.,-1.));
#13967=DIRECTION('center_axis',(0.,0.,1.));
#13968=DIRECTION('ref_axis',(-0.263666243091536,-0.964613970588232,0.));
#13969=DIRECTION('center_axis',(0.,0.,1.));
#13970=DIRECTION('ref_axis',(1.,0.,0.));
#13971=DIRECTION('',(0.70710678118655,8.65956056235496E-17,-0.707106781186545));
#13972=DIRECTION('center_axis',(0.,0.,1.));
#13973=DIRECTION('ref_axis',(1.,0.,0.));
#13974=DIRECTION('center_axis',(0.,0.,-1.));
#13975=DIRECTION('ref_axis',(1.,0.,0.));
#13976=DIRECTION('center_axis',(0.,0.,1.));
#13977=DIRECTION('ref_axis',(1.,0.,0.));
#13978=DIRECTION('center_axis',(0.,0.,-1.));
#13979=DIRECTION('ref_axis',(1.,0.,0.));
#13980=DIRECTION('center_axis',(0.,0.,1.));
#13981=DIRECTION('ref_axis',(1.,0.,0.));
#13982=DIRECTION('center_axis',(0.,0.,-1.));
#13983=DIRECTION('ref_axis',(1.,0.,0.));
#13984=DIRECTION('center_axis',(0.,0.,1.));
#13985=DIRECTION('ref_axis',(1.,0.,0.));
#13986=DIRECTION('center_axis',(0.,0.,-1.));
#13987=DIRECTION('ref_axis',(1.,0.,0.));
#13988=DIRECTION('center_axis',(0.,0.,1.));
#13989=DIRECTION('ref_axis',(1.,0.,0.));
#13990=DIRECTION('center_axis',(0.,0.,1.));
#13991=DIRECTION('ref_axis',(-0.964613970588234,-0.263666243091528,0.));
#13992=DIRECTION('',(0.,0.,1.));
#13993=DIRECTION('center_axis',(0.,0.,1.));
#13994=DIRECTION('ref_axis',(-0.964613970588234,-0.263666243091528,0.));
#13995=DIRECTION('',(0.,0.,1.));
#13996=DIRECTION('center_axis',(0.,0.,-1.));
#13997=DIRECTION('ref_axis',(-0.707106781186547,0.707106781186547,0.));
#13998=DIRECTION('',(0.,0.,-1.));
#13999=DIRECTION('center_axis',(0.,0.,-1.));
#14000=DIRECTION('ref_axis',(-0.707106781186547,-0.707106781186547,0.));
#14001=DIRECTION('center_axis',(0.,0.,-1.));
#14002=DIRECTION('ref_axis',(-0.964613970588234,0.263666243091528,0.));
#14003=DIRECTION('',(0.,0.,-1.));
#14004=DIRECTION('center_axis',(0.,0.,1.));
#14005=DIRECTION('ref_axis',(-0.964613970588234,0.263666243091528,0.));
#14006=DIRECTION('center_axis',(0.,0.,1.));
#14007=DIRECTION('ref_axis',(-0.263666243091528,0.964613970588234,0.));
#14008=DIRECTION('',(0.,0.,1.));
#14009=DIRECTION('center_axis',(0.,0.,1.));
#14010=DIRECTION('ref_axis',(-0.263666243091528,0.964613970588234,0.));
#14011=DIRECTION('',(0.,0.,1.));
#14012=DIRECTION('center_axis',(0.,0.,-1.));
#14013=DIRECTION('ref_axis',(0.707106781186547,0.707106781186547,0.));
#14014=DIRECTION('',(0.,0.,-1.));
#14015=DIRECTION('center_axis',(0.,0.,-1.));
#14016=DIRECTION('ref_axis',(0.707106781186547,0.707106781186547,0.));
#14017=DIRECTION('center_axis',(0.,0.,-1.));
#14018=DIRECTION('ref_axis',(0.263666243091528,0.964613970588234,0.));
#14019=DIRECTION('',(0.,0.,-1.));
#14020=DIRECTION('center_axis',(0.,0.,1.));
#14021=DIRECTION('ref_axis',(0.263666243091528,0.964613970588234,0.));
#14022=DIRECTION('center_axis',(0.,0.,-1.));
#14023=DIRECTION('ref_axis',(-1.,0.,0.));
#14024=DIRECTION('center_axis',(0.,0.,-1.));
#14025=DIRECTION('ref_axis',(-1.,0.,0.));
#14026=DIRECTION('center_axis',(0.,0.,-1.));
#14027=DIRECTION('ref_axis',(-1.,0.,0.));
#14028=DIRECTION('center_axis',(0.,0.,-1.));
#14029=DIRECTION('ref_axis',(-1.,0.,0.));
#14030=DIRECTION('center_axis',(0.,0.,-1.));
#14031=DIRECTION('ref_axis',(1.,0.,0.));
#14032=DIRECTION('center_axis',(0.,0.,-1.));
#14033=DIRECTION('ref_axis',(1.,0.,0.));
#14034=DIRECTION('center_axis',(0.,0.,-1.));
#14035=DIRECTION('ref_axis',(1.,0.,0.));
#14036=DIRECTION('center_axis',(0.,0.,-1.));
#14037=DIRECTION('ref_axis',(1.,0.,0.));
#14038=DIRECTION('center_axis',(0.,0.,-1.));
#14039=DIRECTION('ref_axis',(-0.707106781186548,0.707106781186548,2.80373653336392E-15));
#14040=DIRECTION('',(0.0626084129175671,-0.704329600848953,0.707106781186475));
#14041=DIRECTION('center_axis',(5.28677630773884E-15,-5.16000068825916E-30,
1.));
#14042=DIRECTION('ref_axis',(-0.707106781186547,0.707106781186547,0.));
#14043=DIRECTION('',(-0.0626084129175671,-0.704329600848953,-0.707106781186475));
#14044=DIRECTION('center_axis',(0.,0.,-1.));
#14045=DIRECTION('ref_axis',(-1.,-1.49598735345896E-44,2.8991999106955E-15));
#14046=DIRECTION('',(-0.682085079830263,0.186440188460012,-0.707106781186504));
#14047=DIRECTION('',(0.186440188460011,-0.682085079830261,0.707106781186507));
#14048=DIRECTION('center_axis',(5.28677630773884E-15,-5.16000068825916E-30,
1.));
#14049=DIRECTION('ref_axis',(-1.,0.,0.));
#14050=DIRECTION('center_axis',(0.,0.,-1.));
#14051=DIRECTION('ref_axis',(0.707106781186547,0.707106781186547,-2.80373653336389E-15));
#14052=DIRECTION('',(-0.704329600848919,-0.062608412917545,0.707106781186511));
#14053=DIRECTION('center_axis',(5.28677630773884E-15,-5.16000068825916E-30,
1.));
#14054=DIRECTION('ref_axis',(0.707106781186547,0.707106781186547,0.));
#14055=DIRECTION('',(-0.704329600848921,0.0626084129175452,-0.707106781186509));
#14056=DIRECTION('center_axis',(0.,0.,-1.));
#14057=DIRECTION('ref_axis',(1.,1.49598735345897E-44,-2.8991999106955E-15));
#14058=DIRECTION('',(0.186440188460007,0.682085079830247,-0.707106781186521));
#14059=DIRECTION('',(-0.682085079830244,-0.186440188460007,0.707106781186524));
#14060=DIRECTION('center_axis',(5.28677630773884E-15,-5.16000068825916E-30,
1.));
#14061=DIRECTION('ref_axis',(1.,0.,0.));
#14062=DIRECTION('center_axis',(0.,0.,-1.));
#14063=DIRECTION('ref_axis',(0.707106781186589,0.707106781186506,-2.80373653336407E-15));
#14064=DIRECTION('',(-0.0626084129175851,0.704329600848899,0.707106781186528));
#14065=DIRECTION('center_axis',(5.28677630773884E-15,-5.16000068825916E-30,
1.));
#14066=DIRECTION('ref_axis',(0.707106781186589,0.707106781186506,0.));
#14067=DIRECTION('',(0.0626084129175851,0.704329600848899,-0.707106781186528));
#14068=DIRECTION('center_axis',(0.,0.,-1.));
#14069=DIRECTION('ref_axis',(1.,1.49598735345897E-44,-2.8991999106955E-15));
#14070=DIRECTION('',(0.682085079830244,-0.186440188460007,-0.707106781186524));
#14071=DIRECTION('',(-0.186440188460007,0.682085079830247,0.707106781186521));
#14072=DIRECTION('center_axis',(5.28677630773884E-15,-5.16000068825916E-30,
1.));
#14073=DIRECTION('ref_axis',(1.,0.,0.));
#14074=DIRECTION('center_axis',(0.,0.,-1.));
#14075=DIRECTION('ref_axis',(0.707106781186548,-0.707106781186548,-2.80373653336391E-15));
#14076=DIRECTION('',(0.704329600848911,0.0626084129175461,0.707106781186519));
#14077=DIRECTION('center_axis',(5.28677630773884E-15,-5.16000068825916E-30,
1.));
#14078=DIRECTION('ref_axis',(0.707106781186547,-0.707106781186547,0.));
#14079=DIRECTION('',(0.704329600848908,-0.0626084129175459,-0.707106781186522));
#14080=DIRECTION('center_axis',(0.,0.,-1.));
#14081=DIRECTION('ref_axis',(-1.,-1.49598735345896E-44,2.8991999106955E-15));
#14082=DIRECTION('',(-0.186440188460011,-0.682085079830261,-0.707106781186507));
#14083=DIRECTION('',(0.682085079830263,0.186440188460012,0.707106781186504));
#14084=DIRECTION('center_axis',(5.28677630773884E-15,-5.16000068825916E-30,
1.));
#14085=DIRECTION('ref_axis',(-1.,0.,0.));
#14086=DIRECTION('center_axis',(0.,0.,1.));
#14087=DIRECTION('ref_axis',(-0.263666243091536,-0.964613970588232,0.));
#14088=DIRECTION('center_axis',(0.,0.,-1.));
#14089=DIRECTION('ref_axis',(-0.263666243091536,-0.964613970588232,0.));
#14090=DIRECTION('center_axis',(0.,0.,1.));
#14091=DIRECTION('ref_axis',(0.263666243091536,-0.964613970588232,0.));
#14092=DIRECTION('center_axis',(0.,0.,-1.));
#14093=DIRECTION('ref_axis',(0.263666243091536,-0.964613970588232,0.));
#14094=DIRECTION('center_axis',(0.,0.,1.));
#14095=DIRECTION('ref_axis',(0.964613970588234,-0.263666243091528,0.));
#14096=DIRECTION('center_axis',(0.,0.,-1.));
#14097=DIRECTION('ref_axis',(0.964613970588234,-0.263666243091528,0.));
#14098=DIRECTION('center_axis',(0.,0.,1.));
#14099=DIRECTION('ref_axis',(0.964613970588234,0.263666243091528,0.));
#14100=DIRECTION('center_axis',(0.,0.,-1.));
#14101=DIRECTION('ref_axis',(0.964613970588234,0.263666243091528,0.));
#14102=DIRECTION('center_axis',(0.,0.,1.));
#14103=DIRECTION('ref_axis',(0.263666243091528,0.964613970588234,0.));
#14104=DIRECTION('center_axis',(0.,0.,-1.));
#14105=DIRECTION('ref_axis',(0.263666243091528,0.964613970588234,0.));
#14106=DIRECTION('center_axis',(0.,0.,1.));
#14107=DIRECTION('ref_axis',(-0.263666243091528,0.964613970588234,0.));
#14108=DIRECTION('center_axis',(0.,0.,-1.));
#14109=DIRECTION('ref_axis',(-0.263666243091528,0.964613970588234,0.));
#14110=DIRECTION('center_axis',(0.,0.,1.));
#14111=DIRECTION('ref_axis',(-0.964613970588234,0.263666243091528,0.));
#14112=DIRECTION('center_axis',(0.,0.,-1.));
#14113=DIRECTION('ref_axis',(-0.964613970588234,0.263666243091528,0.));
#14114=DIRECTION('center_axis',(0.,0.,1.));
#14115=DIRECTION('ref_axis',(-0.964613970588234,-0.263666243091528,0.));
#14116=DIRECTION('center_axis',(0.,0.,-1.));
#14117=DIRECTION('ref_axis',(-0.964613970588234,-0.263666243091528,0.));
#14118=DIRECTION('center_axis',(0.,0.,1.));
#14119=DIRECTION('ref_axis',(0.964613970588234,0.263666243091528,0.));
#14120=DIRECTION('',(0.,0.,1.));
#14121=DIRECTION('center_axis',(0.,0.,1.));
#14122=DIRECTION('ref_axis',(0.964613970588234,0.263666243091528,0.));
#14123=DIRECTION('',(0.,0.,-1.));
#14124=DIRECTION('center_axis',(0.,0.,-1.));
#14125=DIRECTION('ref_axis',(0.707106781186589,0.707106781186506,0.));
#14126=DIRECTION('',(0.,0.,-1.));
#14127=DIRECTION('center_axis',(0.,0.,-1.));
#14128=DIRECTION('ref_axis',(0.707106781186547,-0.707106781186547,0.));
#14129=DIRECTION('center_axis',(0.,0.,-1.));
#14130=DIRECTION('ref_axis',(0.964613970588234,-0.263666243091528,0.));
#14131=DIRECTION('',(0.,0.,1.));
#14132=DIRECTION('center_axis',(0.,0.,1.));
#14133=DIRECTION('ref_axis',(0.964613970588234,-0.263666243091528,0.));
#14134=DIRECTION('center_axis',(0.,0.,-1.));
#14135=DIRECTION('ref_axis',(1.,0.,0.));
#14136=DIRECTION('',(0.,0.,-1.));
#14137=DIRECTION('center_axis',(0.,0.,-1.));
#14138=DIRECTION('ref_axis',(1.,0.,0.));
#14139=DIRECTION('center_axis',(0.,0.,1.));
#14140=DIRECTION('ref_axis',(0.263666243091536,-0.964613970588232,0.));
#14141=DIRECTION('',(0.,0.,1.));
#14142=DIRECTION('center_axis',(0.,0.,1.));
#14143=DIRECTION('ref_axis',(0.263666243091536,-0.964613970588232,0.));
#14144=DIRECTION('center_axis',(0.,0.,-1.));
#14145=DIRECTION('ref_axis',(0.707106781186547,-0.707106781186547,0.));
#14146=DIRECTION('',(0.,0.,-1.));
#14147=DIRECTION('center_axis',(0.,0.,-1.));
#14148=DIRECTION('ref_axis',(0.707106781186547,-0.707106781186547,0.));
#14149=DIRECTION('center_axis',(0.,0.,-1.));
#14150=DIRECTION('ref_axis',(-0.263666243091536,-0.964613970588232,0.));
#14151=DIRECTION('',(0.,0.,1.));
#14152=DIRECTION('center_axis',(0.,0.,1.));
#14153=DIRECTION('ref_axis',(-0.263666243091536,-0.964613970588232,0.));
#14154=DIRECTION('center_axis',(0.,0.,-1.));
#14155=DIRECTION('ref_axis',(1.,0.,0.));
#14156=DIRECTION('',(0.,0.,-1.));
#14157=DIRECTION('center_axis',(0.,0.,-1.));
#14158=DIRECTION('ref_axis',(1.,0.,0.));
#14159=DIRECTION('center_axis',(0.,0.,1.));
#14160=DIRECTION('ref_axis',(1.,0.,0.));
#14161=DIRECTION('',(0.70710678118655,8.65956056235496E-17,-0.707106781186545));
#14162=DIRECTION('center_axis',(0.,0.,1.));
#14163=DIRECTION('ref_axis',(1.,0.,0.));
#14164=DIRECTION('center_axis',(0.,0.,-1.));
#14165=DIRECTION('ref_axis',(1.,0.,0.));
#14166=DIRECTION('center_axis',(0.,0.,1.));
#14167=DIRECTION('ref_axis',(1.,0.,0.));
#14168=DIRECTION('center_axis',(0.,0.,-1.));
#14169=DIRECTION('ref_axis',(1.,0.,0.));
#14170=DIRECTION('center_axis',(0.,0.,1.));
#14171=DIRECTION('ref_axis',(1.,0.,0.));
#14172=DIRECTION('center_axis',(0.,0.,1.));
#14173=DIRECTION('ref_axis',(1.,0.,0.));
#14174=DIRECTION('center_axis',(0.,0.,1.));
#14175=DIRECTION('ref_axis',(1.,0.,0.));
#14176=DIRECTION('center_axis',(0.,0.,1.));
#14177=DIRECTION('ref_axis',(-0.964613970588234,-0.263666243091528,0.));
#14178=DIRECTION('',(0.,0.,1.));
#14179=DIRECTION('center_axis',(0.,0.,1.));
#14180=DIRECTION('ref_axis',(-0.964613970588234,-0.263666243091528,0.));
#14181=DIRECTION('center_axis',(0.,0.,-1.));
#14182=DIRECTION('ref_axis',(-0.707106781186547,0.707106781186547,0.));
#14183=DIRECTION('',(0.,0.,-1.));
#14184=DIRECTION('center_axis',(0.,0.,-1.));
#14185=DIRECTION('ref_axis',(-0.707106781186547,-0.707106781186547,0.));
#14186=DIRECTION('center_axis',(0.,0.,-1.));
#14187=DIRECTION('ref_axis',(-0.964613970588234,0.263666243091528,0.));
#14188=DIRECTION('',(0.,0.,1.));
#14189=DIRECTION('center_axis',(0.,0.,1.));
#14190=DIRECTION('ref_axis',(-0.964613970588234,0.263666243091528,0.));
#14191=DIRECTION('center_axis',(0.,0.,-1.));
#14192=DIRECTION('ref_axis',(1.,0.,0.));
#14193=DIRECTION('',(0.,0.,-1.));
#14194=DIRECTION('center_axis',(0.,0.,1.));
#14195=DIRECTION('ref_axis',(-0.263666243091528,0.964613970588234,0.));
#14196=DIRECTION('',(0.,0.,1.));
#14197=DIRECTION('center_axis',(0.,0.,1.));
#14198=DIRECTION('ref_axis',(-0.263666243091528,0.964613970588234,0.));
#14199=DIRECTION('center_axis',(0.,0.,-1.));
#14200=DIRECTION('ref_axis',(0.707106781186547,0.707106781186547,0.));
#14201=DIRECTION('',(0.,0.,-1.));
#14202=DIRECTION('center_axis',(0.,0.,-1.));
#14203=DIRECTION('ref_axis',(0.707106781186547,0.707106781186547,0.));
#14204=DIRECTION('center_axis',(0.,0.,-1.));
#14205=DIRECTION('ref_axis',(0.263666243091528,0.964613970588234,0.));
#14206=DIRECTION('',(0.,0.,1.));
#14207=DIRECTION('center_axis',(0.,0.,1.));
#14208=DIRECTION('ref_axis',(0.263666243091528,0.964613970588234,0.));
#14209=DIRECTION('center_axis',(0.,0.,-1.));
#14210=DIRECTION('ref_axis',(1.,0.,0.));
#14211=DIRECTION('center_axis',(0.,0.,-1.));
#14212=DIRECTION('ref_axis',(-1.,0.,0.));
#14213=DIRECTION('center_axis',(0.,0.,-1.));
#14214=DIRECTION('ref_axis',(-1.,0.,0.));
#14215=DIRECTION('center_axis',(0.,0.,-1.));
#14216=DIRECTION('ref_axis',(-1.,0.,0.));
#14217=DIRECTION('center_axis',(0.,0.,-1.));
#14218=DIRECTION('ref_axis',(-1.,0.,0.));
#14219=DIRECTION('center_axis',(1.,3.9474596431117E-15,0.));
#14220=DIRECTION('ref_axis',(3.9474596431117E-15,-1.,0.));
#14221=DIRECTION('',(0.,0.,-1.));
#14222=DIRECTION('center_axis',(0.,0.,-1.));
#14223=DIRECTION('ref_axis',(1.,0.,0.));
#14224=DIRECTION('',(0.,0.,-1.));
#14225=DIRECTION('center_axis',(0.,1.,0.));
#14226=DIRECTION('ref_axis',(1.,0.,0.));
#14227=DIRECTION('center_axis',(-1.,-3.9474596431117E-15,0.));
#14228=DIRECTION('ref_axis',(-3.9474596431117E-15,1.,0.));
#14229=DIRECTION('',(0.,0.,-1.));
#14230=DIRECTION('center_axis',(0.,0.,-1.));
#14231=DIRECTION('ref_axis',(1.,0.,0.));
#14232=DIRECTION('center_axis',(-1.,3.9474596431117E-15,0.));
#14233=DIRECTION('ref_axis',(3.9474596431117E-15,1.,0.));
#14234=DIRECTION('',(0.,0.,-1.));
#14235=DIRECTION('center_axis',(0.,1.,0.));
#14236=DIRECTION('ref_axis',(1.,0.,0.));
#14237=DIRECTION('',(0.,0.,-1.));
#14238=DIRECTION('center_axis',(0.,0.,-1.));
#14239=DIRECTION('ref_axis',(1.,0.,0.));
#14240=DIRECTION('center_axis',(1.,-8.88178419700126E-16,0.));
#14241=DIRECTION('ref_axis',(8.88178419700126E-16,1.,0.));
#14242=DIRECTION('center_axis',(0.,-1.,0.));
#14243=DIRECTION('ref_axis',(-1.,0.,0.));
#14244=DIRECTION('',(0.,0.,-1.));
#14245=DIRECTION('center_axis',(1.,-3.9474596431117E-15,0.));
#14246=DIRECTION('ref_axis',(-3.9474596431117E-15,-1.,0.));
#14247=DIRECTION('',(0.,0.,-1.));
#14248=DIRECTION('center_axis',(0.,0.,-1.));
#14249=DIRECTION('ref_axis',(1.,0.,0.));
#14250=DIRECTION('center_axis',(-0.707106781186547,0.,0.707106781186548));
#14251=DIRECTION('ref_axis',(0.707106781186548,0.,0.707106781186547));
#14252=DIRECTION('',(0.707106781186548,0.,0.707106781186547));
#14253=DIRECTION('',(-0.707106781186548,0.,-0.707106781186547));
#14254=DIRECTION('',(0.,-1.,0.));
#14255=DIRECTION('center_axis',(0.,0.,1.));
#14256=DIRECTION('ref_axis',(-1.,0.,0.));
#14257=DIRECTION('',(-0.707106781186548,0.,0.707106781186547));
#14258=DIRECTION('center_axis',(0.,0.,-1.));
#14259=DIRECTION('ref_axis',(-1.,0.,0.));
#14260=DIRECTION('center_axis',(0.707106781186547,0.,0.707106781186548));
#14261=DIRECTION('ref_axis',(0.707106781186548,0.,-0.707106781186547));
#14262=DIRECTION('',(-0.707106781186548,0.,0.707106781186547));
#14263=DIRECTION('',(0.,1.,0.));
#14264=DIRECTION('center_axis',(0.,0.,1.));
#14265=DIRECTION('ref_axis',(1.,0.,0.));
#14266=DIRECTION('center_axis',(0.,0.,-1.));
#14267=DIRECTION('ref_axis',(1.,0.,0.));
#14268=DIRECTION('center_axis',(0.,0.,1.));
#14269=DIRECTION('ref_axis',(-1.,0.,0.));
#14270=DIRECTION('',(0.,0.,1.));
#14271=DIRECTION('center_axis',(0.,0.,1.));
#14272=DIRECTION('ref_axis',(-1.,0.,0.));
#14273=DIRECTION('',(0.,0.,1.));
#14274=DIRECTION('center_axis',(1.,0.,0.));
#14275=DIRECTION('ref_axis',(0.,1.,0.));
#14276=DIRECTION('',(0.,0.,1.));
#14277=DIRECTION('',(0.,1.,0.));
#14278=DIRECTION('center_axis',(0.707106781186547,0.,-0.707106781186548));
#14279=DIRECTION('ref_axis',(-0.707106781186548,0.,-0.707106781186547));
#14280=DIRECTION('',(-0.707106781186548,0.,-0.707106781186547));
#14281=DIRECTION('',(0.707106781186548,0.,0.707106781186547));
#14282=DIRECTION('',(0.,-1.,0.));
#14283=DIRECTION('center_axis',(0.,0.,-1.));
#14284=DIRECTION('ref_axis',(-1.,0.,0.));
#14285=DIRECTION('',(0.707106781186548,0.,-0.707106781186547));
#14286=DIRECTION('center_axis',(-0.707106781186547,0.,-0.707106781186548));
#14287=DIRECTION('ref_axis',(-0.707106781186548,0.,0.707106781186547));
#14288=DIRECTION('',(0.707106781186548,0.,-0.707106781186547));
#14289=DIRECTION('center_axis',(0.,0.,-1.));
#14290=DIRECTION('ref_axis',(1.,0.,0.));
#14291=DIRECTION('center_axis',(0.,0.,1.));
#14292=DIRECTION('ref_axis',(1.,0.,0.));
#14293=DIRECTION('center_axis',(-1.,0.,0.));
#14294=DIRECTION('ref_axis',(0.,-1.,0.));
#14295=DIRECTION('',(0.,0.,1.));
#14296=DIRECTION('center_axis',(0.,0.,1.));
#14297=DIRECTION('ref_axis',(1.,0.,0.));
#14298=DIRECTION('center_axis',(0.707106781186547,0.,-0.707106781186548));
#14299=DIRECTION('ref_axis',(-0.707106781186548,0.,-0.707106781186547));
#14300=DIRECTION('',(-0.707106781186548,0.,-0.707106781186547));
#14301=DIRECTION('',(0.707106781186548,0.,0.707106781186547));
#14302=DIRECTION('',(0.,-1.,0.));
#14303=DIRECTION('center_axis',(0.,0.,-1.));
#14304=DIRECTION('ref_axis',(-1.,0.,0.));
#14305=DIRECTION('',(0.707106781186548,0.,-0.707106781186547));
#14306=DIRECTION('center_axis',(0.,0.,1.));
#14307=DIRECTION('ref_axis',(-1.,0.,0.));
#14308=DIRECTION('center_axis',(-0.707106781186547,0.,-0.707106781186548));
#14309=DIRECTION('ref_axis',(-0.707106781186548,0.,0.707106781186547));
#14310=DIRECTION('',(0.707106781186548,0.,-0.707106781186547));
#14311=DIRECTION('',(0.,1.,0.));
#14312=DIRECTION('center_axis',(0.,0.,-1.));
#14313=DIRECTION('ref_axis',(1.,0.,0.));
#14314=DIRECTION('center_axis',(0.,0.,1.));
#14315=DIRECTION('ref_axis',(1.,0.,0.));
#14316=DIRECTION('center_axis',(0.,0.,1.));
#14317=DIRECTION('ref_axis',(-1.,0.,0.));
#14318=DIRECTION('',(0.,0.,1.));
#14319=DIRECTION('center_axis',(0.,0.,-1.));
#14320=DIRECTION('ref_axis',(-1.,0.,0.));
#14321=DIRECTION('',(0.,0.,1.));
#14322=DIRECTION('center_axis',(-1.,0.,0.));
#14323=DIRECTION('ref_axis',(0.,-1.,0.));
#14324=DIRECTION('',(0.,0.,1.));
#14325=DIRECTION('',(0.,1.,0.));
#14326=DIRECTION('center_axis',(0.,0.,1.));
#14327=DIRECTION('ref_axis',(-1.,0.,0.));
#14328=DIRECTION('',(-0.707106781186548,0.,0.707106781186547));
#14329=DIRECTION('',(-0.707106781186548,0.,-0.707106781186547));
#14330=DIRECTION('center_axis',(0.707106781186547,0.,0.707106781186548));
#14331=DIRECTION('ref_axis',(0.707106781186548,0.,-0.707106781186547));
#14332=DIRECTION('',(-0.707106781186548,0.,0.707106781186547));
#14333=DIRECTION('center_axis',(0.,0.,1.));
#14334=DIRECTION('ref_axis',(1.,0.,0.));
#14335=DIRECTION('',(0.707106781186548,0.,0.707106781186547));
#14336=DIRECTION('center_axis',(0.,0.,-1.));
#14337=DIRECTION('ref_axis',(1.,0.,0.));
#14338=DIRECTION('center_axis',(-0.707106781186547,0.,0.707106781186548));
#14339=DIRECTION('ref_axis',(0.707106781186548,0.,0.707106781186547));
#14340=DIRECTION('',(0.,-1.,0.));
#14341=DIRECTION('center_axis',(1.,0.,0.));
#14342=DIRECTION('ref_axis',(0.,1.,0.));
#14343=DIRECTION('',(0.,0.,1.));
#14344=DIRECTION('center_axis',(0.,0.,1.));
#14345=DIRECTION('ref_axis',(1.,0.,0.));
#14346=DIRECTION('center_axis',(0.707106781186547,0.,-0.707106781186548));
#14347=DIRECTION('ref_axis',(-0.707106781186548,0.,-0.707106781186547));
#14348=DIRECTION('',(-0.707106781186548,0.,-0.707106781186547));
#14349=DIRECTION('',(0.707106781186548,0.,0.707106781186547));
#14350=DIRECTION('',(0.,-1.,0.));
#14351=DIRECTION('center_axis',(0.,0.,-1.));
#14352=DIRECTION('ref_axis',(-1.,0.,0.));
#14353=DIRECTION('',(0.707106781186548,0.,-0.707106781186547));
#14354=DIRECTION('center_axis',(0.,0.,1.));
#14355=DIRECTION('ref_axis',(-1.,0.,0.));
#14356=DIRECTION('center_axis',(-0.707106781186547,0.,-0.707106781186548));
#14357=DIRECTION('ref_axis',(-0.707106781186548,0.,0.707106781186547));
#14358=DIRECTION('',(0.707106781186548,0.,-0.707106781186547));
#14359=DIRECTION('',(0.,1.,0.));
#14360=DIRECTION('center_axis',(0.,0.,-1.));
#14361=DIRECTION('ref_axis',(1.,0.,0.));
#14362=DIRECTION('center_axis',(0.,0.,1.));
#14363=DIRECTION('ref_axis',(1.,0.,0.));
#14364=DIRECTION('center_axis',(0.,0.,1.));
#14365=DIRECTION('ref_axis',(-1.,0.,0.));
#14366=DIRECTION('',(0.,0.,1.));
#14367=DIRECTION('center_axis',(0.,0.,-1.));
#14368=DIRECTION('ref_axis',(-1.,0.,0.));
#14369=DIRECTION('',(0.,0.,1.));
#14370=DIRECTION('center_axis',(-1.,0.,0.));
#14371=DIRECTION('ref_axis',(0.,-1.,0.));
#14372=DIRECTION('',(0.,0.,1.));
#14373=DIRECTION('',(0.,1.,0.));
#14374=DIRECTION('center_axis',(0.,0.,1.));
#14375=DIRECTION('ref_axis',(-1.,0.,0.));
#14376=DIRECTION('',(-0.707106781186548,0.,0.707106781186547));
#14377=DIRECTION('',(-0.707106781186548,0.,-0.707106781186547));
#14378=DIRECTION('center_axis',(0.707106781186547,0.,0.707106781186548));
#14379=DIRECTION('ref_axis',(0.707106781186548,0.,-0.707106781186547));
#14380=DIRECTION('',(-0.707106781186548,0.,0.707106781186547));
#14381=DIRECTION('center_axis',(0.,0.,1.));
#14382=DIRECTION('ref_axis',(1.,0.,0.));
#14383=DIRECTION('',(0.707106781186548,0.,0.707106781186547));
#14384=DIRECTION('center_axis',(0.,0.,-1.));
#14385=DIRECTION('ref_axis',(1.,0.,0.));
#14386=DIRECTION('center_axis',(-0.707106781186547,0.,0.707106781186548));
#14387=DIRECTION('ref_axis',(0.707106781186548,0.,0.707106781186547));
#14388=DIRECTION('',(0.,-1.,0.));
#14389=DIRECTION('center_axis',(1.,0.,0.));
#14390=DIRECTION('ref_axis',(0.,1.,0.));
#14391=DIRECTION('',(0.,0.,1.));
#14392=DIRECTION('center_axis',(0.,0.,1.));
#14393=DIRECTION('ref_axis',(1.,0.,0.));
#14394=DIRECTION('center_axis',(0.707106781186547,0.,-0.707106781186548));
#14395=DIRECTION('ref_axis',(-0.707106781186548,0.,-0.707106781186547));
#14396=DIRECTION('',(-0.707106781186548,0.,-0.707106781186547));
#14397=DIRECTION('',(0.707106781186548,0.,0.707106781186547));
#14398=DIRECTION('',(0.,-1.,0.));
#14399=DIRECTION('center_axis',(0.,0.,-1.));
#14400=DIRECTION('ref_axis',(-1.,0.,0.));
#14401=DIRECTION('',(0.707106781186548,0.,-0.707106781186547));
#14402=DIRECTION('center_axis',(0.,0.,1.));
#14403=DIRECTION('ref_axis',(-1.,0.,0.));
#14404=DIRECTION('center_axis',(-0.707106781186547,0.,-0.707106781186548));
#14405=DIRECTION('ref_axis',(-0.707106781186548,0.,0.707106781186547));
#14406=DIRECTION('',(0.707106781186548,0.,-0.707106781186547));
#14407=DIRECTION('',(0.,1.,0.));
#14408=DIRECTION('center_axis',(0.,0.,-1.));
#14409=DIRECTION('ref_axis',(1.,0.,0.));
#14410=DIRECTION('center_axis',(0.,0.,1.));
#14411=DIRECTION('ref_axis',(1.,0.,0.));
#14412=DIRECTION('center_axis',(0.,0.,1.));
#14413=DIRECTION('ref_axis',(-1.,0.,0.));
#14414=DIRECTION('',(0.,0.,1.));
#14415=DIRECTION('center_axis',(0.,0.,-1.));
#14416=DIRECTION('ref_axis',(-1.,0.,0.));
#14417=DIRECTION('',(0.,0.,1.));
#14418=DIRECTION('center_axis',(-1.,0.,0.));
#14419=DIRECTION('ref_axis',(0.,-1.,0.));
#14420=DIRECTION('',(0.,0.,1.));
#14421=DIRECTION('',(0.,1.,0.));
#14422=DIRECTION('center_axis',(0.,0.,1.));
#14423=DIRECTION('ref_axis',(-1.,0.,0.));
#14424=DIRECTION('',(-0.707106781186548,0.,0.707106781186547));
#14425=DIRECTION('',(-0.707106781186548,0.,-0.707106781186547));
#14426=DIRECTION('center_axis',(0.707106781186547,0.,0.707106781186548));
#14427=DIRECTION('ref_axis',(0.707106781186548,0.,-0.707106781186547));
#14428=DIRECTION('',(-0.707106781186548,0.,0.707106781186547));
#14429=DIRECTION('center_axis',(0.,0.,1.));
#14430=DIRECTION('ref_axis',(1.,0.,0.));
#14431=DIRECTION('',(0.707106781186548,0.,0.707106781186547));
#14432=DIRECTION('center_axis',(0.,0.,-1.));
#14433=DIRECTION('ref_axis',(1.,0.,0.));
#14434=DIRECTION('center_axis',(-0.707106781186547,0.,0.707106781186548));
#14435=DIRECTION('ref_axis',(0.707106781186548,0.,0.707106781186547));
#14436=DIRECTION('',(0.,-1.,0.));
#14437=DIRECTION('center_axis',(1.,0.,0.));
#14438=DIRECTION('ref_axis',(0.,1.,0.));
#14439=DIRECTION('',(0.,0.,1.));
#14440=DIRECTION('center_axis',(0.,0.,1.));
#14441=DIRECTION('ref_axis',(1.,0.,0.));
#14442=DIRECTION('center_axis',(0.707106781186547,0.,-0.707106781186548));
#14443=DIRECTION('ref_axis',(-0.707106781186548,0.,-0.707106781186547));
#14444=DIRECTION('',(-0.707106781186548,0.,-0.707106781186547));
#14445=DIRECTION('',(0.707106781186548,0.,0.707106781186547));
#14446=DIRECTION('',(0.,-1.,0.));
#14447=DIRECTION('center_axis',(0.,0.,-1.));
#14448=DIRECTION('ref_axis',(-1.,0.,0.));
#14449=DIRECTION('',(0.707106781186548,0.,-0.707106781186547));
#14450=DIRECTION('center_axis',(0.,0.,1.));
#14451=DIRECTION('ref_axis',(-1.,0.,0.));
#14452=DIRECTION('center_axis',(-0.707106781186547,0.,-0.707106781186548));
#14453=DIRECTION('ref_axis',(-0.707106781186548,0.,0.707106781186547));
#14454=DIRECTION('',(0.707106781186548,0.,-0.707106781186547));
#14455=DIRECTION('',(0.,1.,0.));
#14456=DIRECTION('center_axis',(0.,0.,-1.));
#14457=DIRECTION('ref_axis',(1.,0.,0.));
#14458=DIRECTION('center_axis',(0.,0.,1.));
#14459=DIRECTION('ref_axis',(1.,0.,0.));
#14460=DIRECTION('center_axis',(0.,0.,1.));
#14461=DIRECTION('ref_axis',(-1.,0.,0.));
#14462=DIRECTION('',(0.,0.,1.));
#14463=DIRECTION('center_axis',(0.,0.,-1.));
#14464=DIRECTION('ref_axis',(-1.,0.,0.));
#14465=DIRECTION('',(0.,0.,1.));
#14466=DIRECTION('center_axis',(-1.,0.,0.));
#14467=DIRECTION('ref_axis',(0.,-1.,0.));
#14468=DIRECTION('',(0.,0.,1.));
#14469=DIRECTION('',(0.,1.,0.));
#14470=DIRECTION('center_axis',(0.,0.,1.));
#14471=DIRECTION('ref_axis',(-1.,0.,0.));
#14472=DIRECTION('',(-0.707106781186548,0.,0.707106781186547));
#14473=DIRECTION('',(-0.707106781186548,0.,-0.707106781186547));
#14474=DIRECTION('center_axis',(0.707106781186547,0.,0.707106781186548));
#14475=DIRECTION('ref_axis',(0.707106781186548,0.,-0.707106781186547));
#14476=DIRECTION('',(-0.707106781186548,0.,0.707106781186547));
#14477=DIRECTION('center_axis',(0.,0.,1.));
#14478=DIRECTION('ref_axis',(1.,0.,0.));
#14479=DIRECTION('',(0.707106781186548,0.,0.707106781186547));
#14480=DIRECTION('center_axis',(0.,0.,-1.));
#14481=DIRECTION('ref_axis',(1.,0.,0.));
#14482=DIRECTION('center_axis',(-0.707106781186547,0.,0.707106781186548));
#14483=DIRECTION('ref_axis',(0.707106781186548,0.,0.707106781186547));
#14484=DIRECTION('',(0.,-1.,0.));
#14485=DIRECTION('center_axis',(1.,0.,0.));
#14486=DIRECTION('ref_axis',(0.,1.,0.));
#14487=DIRECTION('',(0.,0.,1.));
#14488=DIRECTION('center_axis',(0.,0.,1.));
#14489=DIRECTION('ref_axis',(1.,0.,0.));
#14490=DIRECTION('center_axis',(0.707106781186547,0.,-0.707106781186548));
#14491=DIRECTION('ref_axis',(-0.707106781186548,0.,-0.707106781186547));
#14492=DIRECTION('',(-0.707106781186548,0.,-0.707106781186547));
#14493=DIRECTION('',(0.707106781186548,0.,0.707106781186547));
#14494=DIRECTION('',(0.,-1.,0.));
#14495=DIRECTION('center_axis',(0.,0.,-1.));
#14496=DIRECTION('ref_axis',(-1.,0.,0.));
#14497=DIRECTION('',(0.707106781186548,0.,-0.707106781186547));
#14498=DIRECTION('center_axis',(0.,0.,1.));
#14499=DIRECTION('ref_axis',(-1.,0.,0.));
#14500=DIRECTION('center_axis',(-0.707106781186547,0.,-0.707106781186548));
#14501=DIRECTION('ref_axis',(-0.707106781186548,0.,0.707106781186547));
#14502=DIRECTION('',(0.707106781186548,0.,-0.707106781186547));
#14503=DIRECTION('',(0.,1.,0.));
#14504=DIRECTION('center_axis',(0.,0.,-1.));
#14505=DIRECTION('ref_axis',(1.,0.,0.));
#14506=DIRECTION('center_axis',(0.,0.,1.));
#14507=DIRECTION('ref_axis',(1.,0.,0.));
#14508=DIRECTION('center_axis',(0.,0.,1.));
#14509=DIRECTION('ref_axis',(-1.,0.,0.));
#14510=DIRECTION('',(0.,0.,1.));
#14511=DIRECTION('center_axis',(0.,0.,-1.));
#14512=DIRECTION('ref_axis',(-1.,0.,0.));
#14513=DIRECTION('',(0.,0.,1.));
#14514=DIRECTION('center_axis',(-1.,0.,0.));
#14515=DIRECTION('ref_axis',(0.,-1.,0.));
#14516=DIRECTION('',(0.,0.,1.));
#14517=DIRECTION('',(0.,1.,0.));
#14518=DIRECTION('center_axis',(0.,0.,1.));
#14519=DIRECTION('ref_axis',(-1.,0.,0.));
#14520=DIRECTION('',(-0.707106781186548,0.,0.707106781186547));
#14521=DIRECTION('',(-0.707106781186548,0.,-0.707106781186547));
#14522=DIRECTION('center_axis',(0.707106781186547,0.,0.707106781186548));
#14523=DIRECTION('ref_axis',(0.707106781186548,0.,-0.707106781186547));
#14524=DIRECTION('',(-0.707106781186548,0.,0.707106781186547));
#14525=DIRECTION('center_axis',(0.,0.,1.));
#14526=DIRECTION('ref_axis',(1.,0.,0.));
#14527=DIRECTION('',(0.707106781186548,0.,0.707106781186547));
#14528=DIRECTION('center_axis',(0.,0.,-1.));
#14529=DIRECTION('ref_axis',(1.,0.,0.));
#14530=DIRECTION('center_axis',(-0.707106781186547,0.,0.707106781186548));
#14531=DIRECTION('ref_axis',(0.707106781186548,0.,0.707106781186547));
#14532=DIRECTION('',(0.,-1.,0.));
#14533=DIRECTION('center_axis',(1.,0.,0.));
#14534=DIRECTION('ref_axis',(0.,1.,0.));
#14535=DIRECTION('',(0.,0.,1.));
#14536=DIRECTION('center_axis',(0.,0.,1.));
#14537=DIRECTION('ref_axis',(1.,0.,0.));
#14538=DIRECTION('center_axis',(0.707106781186547,0.,-0.707106781186548));
#14539=DIRECTION('ref_axis',(-0.707106781186548,0.,-0.707106781186547));
#14540=DIRECTION('',(-0.707106781186548,0.,-0.707106781186547));
#14541=DIRECTION('',(0.707106781186548,0.,0.707106781186547));
#14542=DIRECTION('',(0.,-1.,0.));
#14543=DIRECTION('center_axis',(0.,0.,-1.));
#14544=DIRECTION('ref_axis',(-1.,0.,0.));
#14545=DIRECTION('',(0.707106781186548,0.,-0.707106781186547));
#14546=DIRECTION('center_axis',(0.,0.,1.));
#14547=DIRECTION('ref_axis',(-1.,0.,0.));
#14548=DIRECTION('center_axis',(-0.707106781186547,0.,-0.707106781186548));
#14549=DIRECTION('ref_axis',(-0.707106781186548,0.,0.707106781186547));
#14550=DIRECTION('',(0.707106781186548,0.,-0.707106781186547));
#14551=DIRECTION('',(0.,1.,0.));
#14552=DIRECTION('center_axis',(0.,0.,-1.));
#14553=DIRECTION('ref_axis',(1.,0.,0.));
#14554=DIRECTION('center_axis',(0.,0.,1.));
#14555=DIRECTION('ref_axis',(1.,0.,0.));
#14556=DIRECTION('center_axis',(0.,0.,1.));
#14557=DIRECTION('ref_axis',(-1.,0.,0.));
#14558=DIRECTION('',(0.,0.,1.));
#14559=DIRECTION('center_axis',(0.,0.,-1.));
#14560=DIRECTION('ref_axis',(-1.,0.,0.));
#14561=DIRECTION('',(0.,0.,1.));
#14562=DIRECTION('center_axis',(-1.,0.,0.));
#14563=DIRECTION('ref_axis',(0.,-1.,0.));
#14564=DIRECTION('',(0.,0.,1.));
#14565=DIRECTION('',(0.,1.,0.));
#14566=DIRECTION('center_axis',(0.,0.,1.));
#14567=DIRECTION('ref_axis',(-1.,0.,0.));
#14568=DIRECTION('',(-0.707106781186548,0.,0.707106781186547));
#14569=DIRECTION('',(-0.707106781186548,0.,-0.707106781186547));
#14570=DIRECTION('center_axis',(0.707106781186547,0.,0.707106781186548));
#14571=DIRECTION('ref_axis',(0.707106781186548,0.,-0.707106781186547));
#14572=DIRECTION('',(-0.707106781186548,0.,0.707106781186547));
#14573=DIRECTION('center_axis',(0.,0.,1.));
#14574=DIRECTION('ref_axis',(1.,0.,0.));
#14575=DIRECTION('',(0.707106781186548,0.,0.707106781186547));
#14576=DIRECTION('center_axis',(0.,0.,-1.));
#14577=DIRECTION('ref_axis',(1.,0.,0.));
#14578=DIRECTION('center_axis',(-0.707106781186547,0.,0.707106781186548));
#14579=DIRECTION('ref_axis',(0.707106781186548,0.,0.707106781186547));
#14580=DIRECTION('',(0.,-1.,0.));
#14581=DIRECTION('center_axis',(1.,0.,0.));
#14582=DIRECTION('ref_axis',(0.,1.,0.));
#14583=DIRECTION('',(0.,0.,1.));
#14584=DIRECTION('center_axis',(0.,0.,1.));
#14585=DIRECTION('ref_axis',(1.,0.,0.));
#14586=DIRECTION('center_axis',(0.707106781186547,0.,-0.707106781186548));
#14587=DIRECTION('ref_axis',(-0.707106781186548,0.,-0.707106781186547));
#14588=DIRECTION('',(-0.707106781186548,0.,-0.707106781186547));
#14589=DIRECTION('',(0.707106781186548,0.,0.707106781186547));
#14590=DIRECTION('',(0.,-1.,0.));
#14591=DIRECTION('center_axis',(0.,0.,-1.));
#14592=DIRECTION('ref_axis',(-1.,0.,0.));
#14593=DIRECTION('',(0.707106781186548,0.,-0.707106781186547));
#14594=DIRECTION('center_axis',(0.,0.,1.));
#14595=DIRECTION('ref_axis',(-1.,0.,0.));
#14596=DIRECTION('center_axis',(-0.707106781186547,0.,-0.707106781186548));
#14597=DIRECTION('ref_axis',(-0.707106781186548,0.,0.707106781186547));
#14598=DIRECTION('',(0.707106781186548,0.,-0.707106781186547));
#14599=DIRECTION('',(0.,1.,0.));
#14600=DIRECTION('center_axis',(0.,0.,-1.));
#14601=DIRECTION('ref_axis',(1.,0.,0.));
#14602=DIRECTION('center_axis',(0.,0.,1.));
#14603=DIRECTION('ref_axis',(1.,0.,0.));
#14604=DIRECTION('center_axis',(0.,0.,1.));
#14605=DIRECTION('ref_axis',(-1.,0.,0.));
#14606=DIRECTION('',(0.,0.,1.));
#14607=DIRECTION('center_axis',(0.,0.,-1.));
#14608=DIRECTION('ref_axis',(-1.,0.,0.));
#14609=DIRECTION('',(0.,0.,1.));
#14610=DIRECTION('center_axis',(-1.,0.,0.));
#14611=DIRECTION('ref_axis',(0.,-1.,0.));
#14612=DIRECTION('',(0.,0.,1.));
#14613=DIRECTION('',(0.,1.,0.));
#14614=DIRECTION('center_axis',(0.,0.,1.));
#14615=DIRECTION('ref_axis',(-1.,0.,0.));
#14616=DIRECTION('',(-0.707106781186548,0.,0.707106781186547));
#14617=DIRECTION('',(-0.707106781186548,0.,-0.707106781186547));
#14618=DIRECTION('center_axis',(0.707106781186547,0.,0.707106781186548));
#14619=DIRECTION('ref_axis',(0.707106781186548,0.,-0.707106781186547));
#14620=DIRECTION('',(-0.707106781186548,0.,0.707106781186547));
#14621=DIRECTION('center_axis',(0.,0.,1.));
#14622=DIRECTION('ref_axis',(1.,0.,0.));
#14623=DIRECTION('',(0.707106781186548,0.,0.707106781186547));
#14624=DIRECTION('center_axis',(0.,0.,-1.));
#14625=DIRECTION('ref_axis',(1.,0.,0.));
#14626=DIRECTION('center_axis',(-0.707106781186547,0.,0.707106781186548));
#14627=DIRECTION('ref_axis',(0.707106781186548,0.,0.707106781186547));
#14628=DIRECTION('',(0.,-1.,0.));
#14629=DIRECTION('center_axis',(1.,0.,0.));
#14630=DIRECTION('ref_axis',(0.,1.,0.));
#14631=DIRECTION('',(0.,0.,1.));
#14632=DIRECTION('center_axis',(0.,0.,1.));
#14633=DIRECTION('ref_axis',(1.,0.,0.));
#14634=DIRECTION('center_axis',(0.707106781186547,0.,-0.707106781186548));
#14635=DIRECTION('ref_axis',(-0.707106781186548,0.,-0.707106781186547));
#14636=DIRECTION('',(-0.707106781186548,0.,-0.707106781186547));
#14637=DIRECTION('',(0.707106781186548,0.,0.707106781186547));
#14638=DIRECTION('',(0.,-1.,0.));
#14639=DIRECTION('center_axis',(0.,0.,-1.));
#14640=DIRECTION('ref_axis',(-1.,0.,0.));
#14641=DIRECTION('',(0.707106781186548,0.,-0.707106781186547));
#14642=DIRECTION('center_axis',(0.,0.,1.));
#14643=DIRECTION('ref_axis',(-1.,0.,0.));
#14644=DIRECTION('center_axis',(-0.707106781186547,0.,-0.707106781186548));
#14645=DIRECTION('ref_axis',(-0.707106781186548,0.,0.707106781186547));
#14646=DIRECTION('',(0.707106781186548,0.,-0.707106781186547));
#14647=DIRECTION('',(0.,1.,0.));
#14648=DIRECTION('center_axis',(0.,0.,-1.));
#14649=DIRECTION('ref_axis',(1.,0.,0.));
#14650=DIRECTION('center_axis',(0.,0.,1.));
#14651=DIRECTION('ref_axis',(1.,0.,0.));
#14652=DIRECTION('center_axis',(0.,0.,1.));
#14653=DIRECTION('ref_axis',(-1.,0.,0.));
#14654=DIRECTION('',(0.,0.,1.));
#14655=DIRECTION('center_axis',(0.,0.,-1.));
#14656=DIRECTION('ref_axis',(-1.,0.,0.));
#14657=DIRECTION('',(0.,0.,1.));
#14658=DIRECTION('center_axis',(-1.,0.,0.));
#14659=DIRECTION('ref_axis',(0.,-1.,0.));
#14660=DIRECTION('',(0.,0.,1.));
#14661=DIRECTION('',(0.,1.,0.));
#14662=DIRECTION('center_axis',(0.,0.,1.));
#14663=DIRECTION('ref_axis',(-1.,0.,0.));
#14664=DIRECTION('',(-0.707106781186548,0.,0.707106781186547));
#14665=DIRECTION('',(-0.707106781186548,0.,-0.707106781186547));
#14666=DIRECTION('center_axis',(0.707106781186547,0.,0.707106781186548));
#14667=DIRECTION('ref_axis',(0.707106781186548,0.,-0.707106781186547));
#14668=DIRECTION('',(-0.707106781186548,0.,0.707106781186547));
#14669=DIRECTION('center_axis',(0.,0.,1.));
#14670=DIRECTION('ref_axis',(1.,0.,0.));
#14671=DIRECTION('',(0.707106781186548,0.,0.707106781186547));
#14672=DIRECTION('center_axis',(0.,0.,-1.));
#14673=DIRECTION('ref_axis',(1.,0.,0.));
#14674=DIRECTION('center_axis',(-0.707106781186547,0.,0.707106781186548));
#14675=DIRECTION('ref_axis',(0.707106781186548,0.,0.707106781186547));
#14676=DIRECTION('',(0.,-1.,0.));
#14677=DIRECTION('center_axis',(1.,0.,0.));
#14678=DIRECTION('ref_axis',(0.,1.,0.));
#14679=DIRECTION('',(0.,0.,1.));
#14680=DIRECTION('center_axis',(0.,0.,1.));
#14681=DIRECTION('ref_axis',(1.,0.,0.));
#14682=DIRECTION('center_axis',(0.707106781186547,0.,-0.707106781186548));
#14683=DIRECTION('ref_axis',(-0.707106781186548,0.,-0.707106781186547));
#14684=DIRECTION('',(-0.707106781186548,0.,-0.707106781186547));
#14685=DIRECTION('',(0.707106781186548,0.,0.707106781186547));
#14686=DIRECTION('',(0.,-1.,0.));
#14687=DIRECTION('center_axis',(0.,0.,-1.));
#14688=DIRECTION('ref_axis',(-1.,0.,0.));
#14689=DIRECTION('',(0.707106781186548,0.,-0.707106781186547));
#14690=DIRECTION('center_axis',(0.,0.,1.));
#14691=DIRECTION('ref_axis',(-1.,0.,0.));
#14692=DIRECTION('center_axis',(-0.707106781186547,0.,-0.707106781186548));
#14693=DIRECTION('ref_axis',(-0.707106781186548,0.,0.707106781186547));
#14694=DIRECTION('',(0.707106781186548,0.,-0.707106781186547));
#14695=DIRECTION('',(0.,1.,0.));
#14696=DIRECTION('center_axis',(0.,0.,-1.));
#14697=DIRECTION('ref_axis',(1.,0.,0.));
#14698=DIRECTION('center_axis',(0.,0.,1.));
#14699=DIRECTION('ref_axis',(1.,0.,0.));
#14700=DIRECTION('center_axis',(0.,0.,1.));
#14701=DIRECTION('ref_axis',(-1.,0.,0.));
#14702=DIRECTION('',(0.,0.,1.));
#14703=DIRECTION('center_axis',(0.,0.,-1.));
#14704=DIRECTION('ref_axis',(-1.,0.,0.));
#14705=DIRECTION('',(0.,0.,1.));
#14706=DIRECTION('center_axis',(-1.,0.,0.));
#14707=DIRECTION('ref_axis',(0.,-1.,0.));
#14708=DIRECTION('',(0.,0.,1.));
#14709=DIRECTION('',(0.,1.,0.));
#14710=DIRECTION('center_axis',(0.,0.,1.));
#14711=DIRECTION('ref_axis',(-1.,0.,0.));
#14712=DIRECTION('',(-0.707106781186548,0.,0.707106781186547));
#14713=DIRECTION('',(-0.707106781186548,0.,-0.707106781186547));
#14714=DIRECTION('center_axis',(0.707106781186547,0.,0.707106781186548));
#14715=DIRECTION('ref_axis',(0.707106781186548,0.,-0.707106781186547));
#14716=DIRECTION('',(-0.707106781186548,0.,0.707106781186547));
#14717=DIRECTION('center_axis',(0.,0.,1.));
#14718=DIRECTION('ref_axis',(1.,0.,0.));
#14719=DIRECTION('',(0.707106781186548,0.,0.707106781186547));
#14720=DIRECTION('center_axis',(0.,0.,-1.));
#14721=DIRECTION('ref_axis',(1.,0.,0.));
#14722=DIRECTION('center_axis',(-0.707106781186547,0.,0.707106781186548));
#14723=DIRECTION('ref_axis',(0.707106781186548,0.,0.707106781186547));
#14724=DIRECTION('',(0.,-1.,0.));
#14725=DIRECTION('center_axis',(1.,0.,0.));
#14726=DIRECTION('ref_axis',(0.,1.,0.));
#14727=DIRECTION('',(0.,0.,1.));
#14728=DIRECTION('center_axis',(0.,0.,1.));
#14729=DIRECTION('ref_axis',(1.,0.,0.));
#14730=DIRECTION('center_axis',(0.707106781186547,0.,-0.707106781186548));
#14731=DIRECTION('ref_axis',(-0.707106781186548,0.,-0.707106781186547));
#14732=DIRECTION('',(-0.707106781186548,0.,-0.707106781186547));
#14733=DIRECTION('',(0.707106781186548,0.,0.707106781186547));
#14734=DIRECTION('',(0.,-1.,0.));
#14735=DIRECTION('center_axis',(0.,0.,-1.));
#14736=DIRECTION('ref_axis',(-1.,0.,0.));
#14737=DIRECTION('',(0.707106781186548,0.,-0.707106781186547));
#14738=DIRECTION('center_axis',(0.,0.,1.));
#14739=DIRECTION('ref_axis',(-1.,0.,0.));
#14740=DIRECTION('center_axis',(-0.707106781186547,0.,-0.707106781186548));
#14741=DIRECTION('ref_axis',(-0.707106781186548,0.,0.707106781186547));
#14742=DIRECTION('',(0.707106781186548,0.,-0.707106781186547));
#14743=DIRECTION('',(0.,1.,0.));
#14744=DIRECTION('center_axis',(0.,0.,-1.));
#14745=DIRECTION('ref_axis',(1.,0.,0.));
#14746=DIRECTION('center_axis',(0.,0.,1.));
#14747=DIRECTION('ref_axis',(1.,0.,0.));
#14748=DIRECTION('center_axis',(0.,0.,1.));
#14749=DIRECTION('ref_axis',(-1.,0.,0.));
#14750=DIRECTION('',(0.,0.,1.));
#14751=DIRECTION('center_axis',(0.,0.,-1.));
#14752=DIRECTION('ref_axis',(-1.,0.,0.));
#14753=DIRECTION('',(0.,0.,1.));
#14754=DIRECTION('center_axis',(-1.,0.,0.));
#14755=DIRECTION('ref_axis',(0.,-1.,0.));
#14756=DIRECTION('',(0.,0.,1.));
#14757=DIRECTION('',(0.,1.,0.));
#14758=DIRECTION('center_axis',(0.,0.,1.));
#14759=DIRECTION('ref_axis',(-1.,0.,0.));
#14760=DIRECTION('',(-0.707106781186548,0.,0.707106781186547));
#14761=DIRECTION('',(-0.707106781186548,0.,-0.707106781186547));
#14762=DIRECTION('center_axis',(0.707106781186547,0.,0.707106781186548));
#14763=DIRECTION('ref_axis',(0.707106781186548,0.,-0.707106781186547));
#14764=DIRECTION('',(-0.707106781186548,0.,0.707106781186547));
#14765=DIRECTION('center_axis',(0.,0.,1.));
#14766=DIRECTION('ref_axis',(1.,0.,0.));
#14767=DIRECTION('',(0.707106781186548,0.,0.707106781186547));
#14768=DIRECTION('center_axis',(0.,0.,-1.));
#14769=DIRECTION('ref_axis',(1.,0.,0.));
#14770=DIRECTION('center_axis',(-0.707106781186547,0.,0.707106781186548));
#14771=DIRECTION('ref_axis',(0.707106781186548,0.,0.707106781186547));
#14772=DIRECTION('',(0.,-1.,0.));
#14773=DIRECTION('center_axis',(1.,0.,0.));
#14774=DIRECTION('ref_axis',(0.,1.,0.));
#14775=DIRECTION('',(0.,0.,1.));
#14776=DIRECTION('center_axis',(0.,0.,1.));
#14777=DIRECTION('ref_axis',(1.,0.,0.));
#14778=DIRECTION('center_axis',(0.707106781186547,0.,-0.707106781186548));
#14779=DIRECTION('ref_axis',(-0.707106781186548,0.,-0.707106781186547));
#14780=DIRECTION('',(-0.707106781186548,0.,-0.707106781186547));
#14781=DIRECTION('',(0.707106781186548,0.,0.707106781186547));
#14782=DIRECTION('',(0.,-1.,0.));
#14783=DIRECTION('center_axis',(0.,0.,-1.));
#14784=DIRECTION('ref_axis',(-1.,0.,0.));
#14785=DIRECTION('',(0.707106781186548,0.,-0.707106781186547));
#14786=DIRECTION('center_axis',(0.,0.,1.));
#14787=DIRECTION('ref_axis',(-1.,0.,0.));
#14788=DIRECTION('center_axis',(-0.707106781186547,0.,-0.707106781186548));
#14789=DIRECTION('ref_axis',(-0.707106781186548,0.,0.707106781186547));
#14790=DIRECTION('',(0.707106781186548,0.,-0.707106781186547));
#14791=DIRECTION('',(0.,1.,0.));
#14792=DIRECTION('center_axis',(0.,0.,-1.));
#14793=DIRECTION('ref_axis',(1.,0.,0.));
#14794=DIRECTION('center_axis',(0.,0.,1.));
#14795=DIRECTION('ref_axis',(1.,0.,0.));
#14796=DIRECTION('center_axis',(0.,0.,1.));
#14797=DIRECTION('ref_axis',(-1.,0.,0.));
#14798=DIRECTION('',(0.,0.,1.));
#14799=DIRECTION('center_axis',(0.,0.,-1.));
#14800=DIRECTION('ref_axis',(-1.,0.,0.));
#14801=DIRECTION('',(0.,0.,1.));
#14802=DIRECTION('center_axis',(-1.,0.,0.));
#14803=DIRECTION('ref_axis',(0.,-1.,0.));
#14804=DIRECTION('',(0.,0.,1.));
#14805=DIRECTION('',(0.,1.,0.));
#14806=DIRECTION('center_axis',(0.,0.,1.));
#14807=DIRECTION('ref_axis',(-1.,0.,0.));
#14808=DIRECTION('',(-0.707106781186548,0.,0.707106781186547));
#14809=DIRECTION('',(-0.707106781186548,0.,-0.707106781186547));
#14810=DIRECTION('center_axis',(0.707106781186547,0.,0.707106781186548));
#14811=DIRECTION('ref_axis',(0.707106781186548,0.,-0.707106781186547));
#14812=DIRECTION('',(-0.707106781186548,0.,0.707106781186547));
#14813=DIRECTION('center_axis',(0.,0.,1.));
#14814=DIRECTION('ref_axis',(1.,0.,0.));
#14815=DIRECTION('',(0.707106781186548,0.,0.707106781186547));
#14816=DIRECTION('center_axis',(0.,0.,-1.));
#14817=DIRECTION('ref_axis',(1.,0.,0.));
#14818=DIRECTION('center_axis',(-0.707106781186547,0.,0.707106781186548));
#14819=DIRECTION('ref_axis',(0.707106781186548,0.,0.707106781186547));
#14820=DIRECTION('',(0.,-1.,0.));
#14821=DIRECTION('center_axis',(1.,0.,0.));
#14822=DIRECTION('ref_axis',(0.,1.,0.));
#14823=DIRECTION('',(0.,0.,1.));
#14824=DIRECTION('center_axis',(0.,0.,1.));
#14825=DIRECTION('ref_axis',(1.,0.,0.));
#14826=DIRECTION('center_axis',(0.707106781186547,0.,-0.707106781186548));
#14827=DIRECTION('ref_axis',(-0.707106781186548,0.,-0.707106781186547));
#14828=DIRECTION('',(-0.707106781186548,0.,-0.707106781186547));
#14829=DIRECTION('',(0.707106781186548,0.,0.707106781186547));
#14830=DIRECTION('',(0.,-1.,0.));
#14831=DIRECTION('center_axis',(0.,0.,-1.));
#14832=DIRECTION('ref_axis',(-1.,0.,0.));
#14833=DIRECTION('',(0.707106781186548,0.,-0.707106781186547));
#14834=DIRECTION('center_axis',(0.,0.,1.));
#14835=DIRECTION('ref_axis',(-1.,0.,0.));
#14836=DIRECTION('center_axis',(-0.707106781186547,0.,-0.707106781186548));
#14837=DIRECTION('ref_axis',(-0.707106781186548,0.,0.707106781186547));
#14838=DIRECTION('',(0.707106781186548,0.,-0.707106781186547));
#14839=DIRECTION('',(0.,1.,0.));
#14840=DIRECTION('center_axis',(0.,0.,-1.));
#14841=DIRECTION('ref_axis',(1.,0.,0.));
#14842=DIRECTION('center_axis',(0.,0.,1.));
#14843=DIRECTION('ref_axis',(1.,0.,0.));
#14844=DIRECTION('center_axis',(0.,0.,1.));
#14845=DIRECTION('ref_axis',(-1.,0.,0.));
#14846=DIRECTION('',(0.,0.,1.));
#14847=DIRECTION('center_axis',(0.,0.,-1.));
#14848=DIRECTION('ref_axis',(-1.,0.,0.));
#14849=DIRECTION('',(0.,0.,1.));
#14850=DIRECTION('center_axis',(-1.,0.,0.));
#14851=DIRECTION('ref_axis',(0.,-1.,0.));
#14852=DIRECTION('',(0.,0.,1.));
#14853=DIRECTION('',(0.,1.,0.));
#14854=DIRECTION('center_axis',(0.,0.,1.));
#14855=DIRECTION('ref_axis',(-1.,0.,0.));
#14856=DIRECTION('',(-0.707106781186548,0.,0.707106781186547));
#14857=DIRECTION('',(-0.707106781186548,0.,-0.707106781186547));
#14858=DIRECTION('center_axis',(0.707106781186547,0.,0.707106781186548));
#14859=DIRECTION('ref_axis',(0.707106781186548,0.,-0.707106781186547));
#14860=DIRECTION('',(-0.707106781186548,0.,0.707106781186547));
#14861=DIRECTION('center_axis',(0.,0.,1.));
#14862=DIRECTION('ref_axis',(1.,0.,0.));
#14863=DIRECTION('',(0.707106781186548,0.,0.707106781186547));
#14864=DIRECTION('center_axis',(0.,0.,-1.));
#14865=DIRECTION('ref_axis',(1.,0.,0.));
#14866=DIRECTION('center_axis',(-0.707106781186547,0.,0.707106781186548));
#14867=DIRECTION('ref_axis',(0.707106781186548,0.,0.707106781186547));
#14868=DIRECTION('',(0.,-1.,0.));
#14869=DIRECTION('center_axis',(1.,0.,0.));
#14870=DIRECTION('ref_axis',(0.,1.,0.));
#14871=DIRECTION('',(0.,0.,1.));
#14872=DIRECTION('center_axis',(0.,0.,1.));
#14873=DIRECTION('ref_axis',(1.,0.,0.));
#14874=DIRECTION('center_axis',(0.707106781186547,0.,-0.707106781186548));
#14875=DIRECTION('ref_axis',(-0.707106781186548,0.,-0.707106781186547));
#14876=DIRECTION('',(-0.707106781186548,0.,-0.707106781186547));
#14877=DIRECTION('',(0.707106781186548,0.,0.707106781186547));
#14878=DIRECTION('',(0.,-1.,0.));
#14879=DIRECTION('center_axis',(0.,0.,-1.));
#14880=DIRECTION('ref_axis',(-1.,0.,0.));
#14881=DIRECTION('',(0.707106781186548,0.,-0.707106781186547));
#14882=DIRECTION('center_axis',(0.,0.,1.));
#14883=DIRECTION('ref_axis',(-1.,0.,0.));
#14884=DIRECTION('center_axis',(-0.707106781186547,0.,-0.707106781186548));
#14885=DIRECTION('ref_axis',(-0.707106781186548,0.,0.707106781186547));
#14886=DIRECTION('',(0.707106781186548,0.,-0.707106781186547));
#14887=DIRECTION('',(0.,1.,0.));
#14888=DIRECTION('center_axis',(0.,0.,-1.));
#14889=DIRECTION('ref_axis',(1.,0.,0.));
#14890=DIRECTION('center_axis',(0.,0.,1.));
#14891=DIRECTION('ref_axis',(1.,0.,0.));
#14892=DIRECTION('center_axis',(0.,0.,1.));
#14893=DIRECTION('ref_axis',(-1.,0.,0.));
#14894=DIRECTION('',(0.,0.,1.));
#14895=DIRECTION('center_axis',(0.,0.,-1.));
#14896=DIRECTION('ref_axis',(-1.,0.,0.));
#14897=DIRECTION('',(0.,0.,1.));
#14898=DIRECTION('center_axis',(-1.,0.,0.));
#14899=DIRECTION('ref_axis',(0.,-1.,0.));
#14900=DIRECTION('',(0.,0.,1.));
#14901=DIRECTION('',(0.,1.,0.));
#14902=DIRECTION('center_axis',(0.,0.,1.));
#14903=DIRECTION('ref_axis',(-1.,0.,0.));
#14904=DIRECTION('',(-0.707106781186548,0.,0.707106781186547));
#14905=DIRECTION('',(-0.707106781186548,0.,-0.707106781186547));
#14906=DIRECTION('center_axis',(0.707106781186547,0.,0.707106781186548));
#14907=DIRECTION('ref_axis',(0.707106781186548,0.,-0.707106781186547));
#14908=DIRECTION('',(-0.707106781186548,0.,0.707106781186547));
#14909=DIRECTION('center_axis',(0.,0.,1.));
#14910=DIRECTION('ref_axis',(1.,0.,0.));
#14911=DIRECTION('',(0.707106781186548,0.,0.707106781186547));
#14912=DIRECTION('center_axis',(0.,0.,-1.));
#14913=DIRECTION('ref_axis',(1.,0.,0.));
#14914=DIRECTION('center_axis',(-0.707106781186547,0.,0.707106781186548));
#14915=DIRECTION('ref_axis',(0.707106781186548,0.,0.707106781186547));
#14916=DIRECTION('',(0.,-1.,0.));
#14917=DIRECTION('center_axis',(1.,0.,0.));
#14918=DIRECTION('ref_axis',(0.,1.,0.));
#14919=DIRECTION('',(0.,0.,1.));
#14920=DIRECTION('center_axis',(0.,0.,1.));
#14921=DIRECTION('ref_axis',(1.,0.,0.));
#14922=DIRECTION('center_axis',(0.707106781186547,0.,-0.707106781186548));
#14923=DIRECTION('ref_axis',(-0.707106781186548,0.,-0.707106781186547));
#14924=DIRECTION('',(-0.707106781186548,0.,-0.707106781186547));
#14925=DIRECTION('',(0.707106781186548,0.,0.707106781186547));
#14926=DIRECTION('',(0.,-1.,0.));
#14927=DIRECTION('center_axis',(0.,0.,-1.));
#14928=DIRECTION('ref_axis',(-1.,0.,0.));
#14929=DIRECTION('',(0.707106781186548,0.,-0.707106781186547));
#14930=DIRECTION('center_axis',(0.,0.,1.));
#14931=DIRECTION('ref_axis',(-1.,0.,0.));
#14932=DIRECTION('center_axis',(-0.707106781186547,0.,-0.707106781186548));
#14933=DIRECTION('ref_axis',(-0.707106781186548,0.,0.707106781186547));
#14934=DIRECTION('',(0.707106781186548,0.,-0.707106781186547));
#14935=DIRECTION('',(0.,1.,0.));
#14936=DIRECTION('center_axis',(0.,0.,-1.));
#14937=DIRECTION('ref_axis',(1.,0.,0.));
#14938=DIRECTION('center_axis',(0.,0.,1.));
#14939=DIRECTION('ref_axis',(1.,0.,0.));
#14940=DIRECTION('center_axis',(0.,0.,1.));
#14941=DIRECTION('ref_axis',(-1.,0.,0.));
#14942=DIRECTION('',(0.,0.,1.));
#14943=DIRECTION('center_axis',(0.,0.,-1.));
#14944=DIRECTION('ref_axis',(-1.,0.,0.));
#14945=DIRECTION('',(0.,0.,1.));
#14946=DIRECTION('center_axis',(-1.,0.,0.));
#14947=DIRECTION('ref_axis',(0.,-1.,0.));
#14948=DIRECTION('',(0.,0.,1.));
#14949=DIRECTION('',(0.,1.,0.));
#14950=DIRECTION('center_axis',(0.,0.,1.));
#14951=DIRECTION('ref_axis',(-1.,0.,0.));
#14952=DIRECTION('',(-0.707106781186548,0.,0.707106781186547));
#14953=DIRECTION('',(-0.707106781186548,0.,-0.707106781186547));
#14954=DIRECTION('center_axis',(0.707106781186547,0.,0.707106781186548));
#14955=DIRECTION('ref_axis',(0.707106781186548,0.,-0.707106781186547));
#14956=DIRECTION('',(-0.707106781186548,0.,0.707106781186547));
#14957=DIRECTION('center_axis',(0.,0.,1.));
#14958=DIRECTION('ref_axis',(1.,0.,0.));
#14959=DIRECTION('',(0.707106781186548,0.,0.707106781186547));
#14960=DIRECTION('center_axis',(0.,0.,-1.));
#14961=DIRECTION('ref_axis',(1.,0.,0.));
#14962=DIRECTION('center_axis',(-0.707106781186547,0.,0.707106781186548));
#14963=DIRECTION('ref_axis',(0.707106781186548,0.,0.707106781186547));
#14964=DIRECTION('',(0.,-1.,0.));
#14965=DIRECTION('center_axis',(1.,0.,0.));
#14966=DIRECTION('ref_axis',(0.,1.,0.));
#14967=DIRECTION('',(0.,0.,1.));
#14968=DIRECTION('center_axis',(0.,0.,1.));
#14969=DIRECTION('ref_axis',(1.,0.,0.));
#14970=DIRECTION('center_axis',(0.707106781186547,0.,-0.707106781186548));
#14971=DIRECTION('ref_axis',(-0.707106781186548,0.,-0.707106781186547));
#14972=DIRECTION('',(-0.707106781186548,0.,-0.707106781186547));
#14973=DIRECTION('',(0.707106781186548,0.,0.707106781186547));
#14974=DIRECTION('',(0.,-1.,0.));
#14975=DIRECTION('center_axis',(0.,0.,-1.));
#14976=DIRECTION('ref_axis',(-1.,0.,0.));
#14977=DIRECTION('',(0.707106781186548,0.,-0.707106781186547));
#14978=DIRECTION('center_axis',(0.,0.,1.));
#14979=DIRECTION('ref_axis',(-1.,0.,0.));
#14980=DIRECTION('center_axis',(-0.707106781186547,0.,-0.707106781186548));
#14981=DIRECTION('ref_axis',(-0.707106781186548,0.,0.707106781186547));
#14982=DIRECTION('',(0.707106781186548,0.,-0.707106781186547));
#14983=DIRECTION('',(0.,1.,0.));
#14984=DIRECTION('center_axis',(0.,0.,-1.));
#14985=DIRECTION('ref_axis',(1.,0.,0.));
#14986=DIRECTION('center_axis',(0.,0.,1.));
#14987=DIRECTION('ref_axis',(1.,0.,0.));
#14988=DIRECTION('center_axis',(0.,0.,1.));
#14989=DIRECTION('ref_axis',(-1.,0.,0.));
#14990=DIRECTION('',(0.,0.,1.));
#14991=DIRECTION('center_axis',(0.,0.,-1.));
#14992=DIRECTION('ref_axis',(-1.,0.,0.));
#14993=DIRECTION('',(0.,0.,1.));
#14994=DIRECTION('center_axis',(-1.,0.,0.));
#14995=DIRECTION('ref_axis',(0.,-1.,0.));
#14996=DIRECTION('',(0.,0.,1.));
#14997=DIRECTION('',(0.,1.,0.));
#14998=DIRECTION('center_axis',(0.,0.,1.));
#14999=DIRECTION('ref_axis',(-1.,0.,0.));
#15000=DIRECTION('',(-0.707106781186548,0.,0.707106781186547));
#15001=DIRECTION('',(-0.707106781186548,0.,-0.707106781186547));
#15002=DIRECTION('center_axis',(0.707106781186547,0.,0.707106781186548));
#15003=DIRECTION('ref_axis',(0.707106781186548,0.,-0.707106781186547));
#15004=DIRECTION('',(-0.707106781186548,0.,0.707106781186547));
#15005=DIRECTION('center_axis',(0.,0.,1.));
#15006=DIRECTION('ref_axis',(1.,0.,0.));
#15007=DIRECTION('',(0.707106781186548,0.,0.707106781186547));
#15008=DIRECTION('center_axis',(0.,0.,-1.));
#15009=DIRECTION('ref_axis',(1.,0.,0.));
#15010=DIRECTION('center_axis',(-0.707106781186547,0.,0.707106781186548));
#15011=DIRECTION('ref_axis',(0.707106781186548,0.,0.707106781186547));
#15012=DIRECTION('',(0.,-1.,0.));
#15013=DIRECTION('center_axis',(1.,0.,0.));
#15014=DIRECTION('ref_axis',(0.,1.,0.));
#15015=DIRECTION('',(0.,0.,1.));
#15016=DIRECTION('center_axis',(0.,0.,1.));
#15017=DIRECTION('ref_axis',(1.,0.,0.));
#15018=DIRECTION('center_axis',(0.707106781186547,0.,-0.707106781186548));
#15019=DIRECTION('ref_axis',(-0.707106781186548,0.,-0.707106781186547));
#15020=DIRECTION('',(-0.707106781186548,0.,-0.707106781186547));
#15021=DIRECTION('',(0.707106781186548,0.,0.707106781186547));
#15022=DIRECTION('',(0.,-1.,0.));
#15023=DIRECTION('center_axis',(0.,0.,-1.));
#15024=DIRECTION('ref_axis',(-1.,0.,0.));
#15025=DIRECTION('',(0.707106781186548,0.,-0.707106781186547));
#15026=DIRECTION('center_axis',(0.,0.,1.));
#15027=DIRECTION('ref_axis',(-1.,0.,0.));
#15028=DIRECTION('center_axis',(-0.707106781186547,0.,-0.707106781186548));
#15029=DIRECTION('ref_axis',(-0.707106781186548,0.,0.707106781186547));
#15030=DIRECTION('',(0.707106781186548,0.,-0.707106781186547));
#15031=DIRECTION('',(0.,1.,0.));
#15032=DIRECTION('center_axis',(0.,0.,-1.));
#15033=DIRECTION('ref_axis',(1.,0.,0.));
#15034=DIRECTION('center_axis',(0.,0.,1.));
#15035=DIRECTION('ref_axis',(1.,0.,0.));
#15036=DIRECTION('center_axis',(0.,0.,1.));
#15037=DIRECTION('ref_axis',(-1.,0.,0.));
#15038=DIRECTION('',(0.,0.,1.));
#15039=DIRECTION('center_axis',(0.,0.,-1.));
#15040=DIRECTION('ref_axis',(-1.,0.,0.));
#15041=DIRECTION('',(0.,0.,1.));
#15042=DIRECTION('center_axis',(-1.,0.,0.));
#15043=DIRECTION('ref_axis',(0.,-1.,0.));
#15044=DIRECTION('',(0.,0.,1.));
#15045=DIRECTION('',(0.,1.,0.));
#15046=DIRECTION('center_axis',(0.,0.,1.));
#15047=DIRECTION('ref_axis',(-1.,0.,0.));
#15048=DIRECTION('',(-0.707106781186548,0.,0.707106781186547));
#15049=DIRECTION('',(-0.707106781186548,0.,-0.707106781186547));
#15050=DIRECTION('center_axis',(0.707106781186547,0.,0.707106781186548));
#15051=DIRECTION('ref_axis',(0.707106781186548,0.,-0.707106781186547));
#15052=DIRECTION('',(-0.707106781186548,0.,0.707106781186547));
#15053=DIRECTION('center_axis',(0.,0.,1.));
#15054=DIRECTION('ref_axis',(1.,0.,0.));
#15055=DIRECTION('',(0.707106781186548,0.,0.707106781186547));
#15056=DIRECTION('center_axis',(0.,0.,-1.));
#15057=DIRECTION('ref_axis',(1.,0.,0.));
#15058=DIRECTION('center_axis',(-0.707106781186547,0.,0.707106781186548));
#15059=DIRECTION('ref_axis',(0.707106781186548,0.,0.707106781186547));
#15060=DIRECTION('',(0.,-1.,0.));
#15061=DIRECTION('center_axis',(1.,0.,0.));
#15062=DIRECTION('ref_axis',(0.,1.,0.));
#15063=DIRECTION('',(0.,0.,1.));
#15064=DIRECTION('center_axis',(0.,0.,1.));
#15065=DIRECTION('ref_axis',(1.,0.,0.));
#15066=DIRECTION('center_axis',(0.707106781186547,0.,-0.707106781186548));
#15067=DIRECTION('ref_axis',(-0.707106781186548,0.,-0.707106781186547));
#15068=DIRECTION('',(-0.707106781186548,0.,-0.707106781186547));
#15069=DIRECTION('',(0.707106781186548,0.,0.707106781186547));
#15070=DIRECTION('',(0.,-1.,0.));
#15071=DIRECTION('center_axis',(0.,0.,-1.));
#15072=DIRECTION('ref_axis',(-1.,0.,0.));
#15073=DIRECTION('',(0.707106781186548,0.,-0.707106781186547));
#15074=DIRECTION('center_axis',(0.,0.,1.));
#15075=DIRECTION('ref_axis',(-1.,0.,0.));
#15076=DIRECTION('center_axis',(-0.707106781186547,0.,-0.707106781186548));
#15077=DIRECTION('ref_axis',(-0.707106781186548,0.,0.707106781186547));
#15078=DIRECTION('',(0.707106781186548,0.,-0.707106781186547));
#15079=DIRECTION('',(0.,1.,0.));
#15080=DIRECTION('center_axis',(0.,0.,-1.));
#15081=DIRECTION('ref_axis',(1.,0.,0.));
#15082=DIRECTION('center_axis',(0.,0.,1.));
#15083=DIRECTION('ref_axis',(1.,0.,0.));
#15084=DIRECTION('center_axis',(0.,0.,1.));
#15085=DIRECTION('ref_axis',(-1.,0.,0.));
#15086=DIRECTION('',(0.,0.,1.));
#15087=DIRECTION('center_axis',(0.,0.,-1.));
#15088=DIRECTION('ref_axis',(-1.,0.,0.));
#15089=DIRECTION('',(0.,0.,1.));
#15090=DIRECTION('center_axis',(-1.,0.,0.));
#15091=DIRECTION('ref_axis',(0.,-1.,0.));
#15092=DIRECTION('',(0.,0.,1.));
#15093=DIRECTION('',(0.,1.,0.));
#15094=DIRECTION('center_axis',(0.,0.,1.));
#15095=DIRECTION('ref_axis',(-1.,0.,0.));
#15096=DIRECTION('',(-0.707106781186548,0.,0.707106781186547));
#15097=DIRECTION('',(-0.707106781186548,0.,-0.707106781186547));
#15098=DIRECTION('center_axis',(0.707106781186547,0.,0.707106781186548));
#15099=DIRECTION('ref_axis',(0.707106781186548,0.,-0.707106781186547));
#15100=DIRECTION('',(-0.707106781186548,0.,0.707106781186547));
#15101=DIRECTION('center_axis',(0.,0.,1.));
#15102=DIRECTION('ref_axis',(1.,0.,0.));
#15103=DIRECTION('',(0.707106781186548,0.,0.707106781186547));
#15104=DIRECTION('center_axis',(0.,0.,-1.));
#15105=DIRECTION('ref_axis',(1.,0.,0.));
#15106=DIRECTION('center_axis',(-0.707106781186547,0.,0.707106781186548));
#15107=DIRECTION('ref_axis',(0.707106781186548,0.,0.707106781186547));
#15108=DIRECTION('',(0.,-1.,0.));
#15109=DIRECTION('center_axis',(1.,0.,0.));
#15110=DIRECTION('ref_axis',(0.,1.,0.));
#15111=DIRECTION('',(0.,0.,1.));
#15112=DIRECTION('center_axis',(0.,0.,1.));
#15113=DIRECTION('ref_axis',(1.,0.,0.));
#15114=DIRECTION('center_axis',(0.707106781186547,0.,-0.707106781186548));
#15115=DIRECTION('ref_axis',(-0.707106781186548,0.,-0.707106781186547));
#15116=DIRECTION('',(-0.707106781186548,0.,-0.707106781186547));
#15117=DIRECTION('',(0.707106781186548,0.,0.707106781186547));
#15118=DIRECTION('',(0.,-1.,0.));
#15119=DIRECTION('center_axis',(0.,0.,-1.));
#15120=DIRECTION('ref_axis',(-1.,0.,0.));
#15121=DIRECTION('',(0.707106781186548,0.,-0.707106781186547));
#15122=DIRECTION('center_axis',(0.,0.,1.));
#15123=DIRECTION('ref_axis',(-1.,0.,0.));
#15124=DIRECTION('center_axis',(-0.707106781186547,0.,-0.707106781186548));
#15125=DIRECTION('ref_axis',(-0.707106781186548,0.,0.707106781186547));
#15126=DIRECTION('',(0.707106781186548,0.,-0.707106781186547));
#15127=DIRECTION('',(0.,1.,0.));
#15128=DIRECTION('center_axis',(0.,0.,-1.));
#15129=DIRECTION('ref_axis',(1.,0.,0.));
#15130=DIRECTION('center_axis',(0.,0.,1.));
#15131=DIRECTION('ref_axis',(1.,0.,0.));
#15132=DIRECTION('center_axis',(0.,0.,1.));
#15133=DIRECTION('ref_axis',(-1.,0.,0.));
#15134=DIRECTION('',(0.,0.,1.));
#15135=DIRECTION('center_axis',(0.,0.,-1.));
#15136=DIRECTION('ref_axis',(-1.,0.,0.));
#15137=DIRECTION('',(0.,0.,1.));
#15138=DIRECTION('center_axis',(-1.,0.,0.));
#15139=DIRECTION('ref_axis',(0.,-1.,0.));
#15140=DIRECTION('',(0.,0.,1.));
#15141=DIRECTION('',(0.,1.,0.));
#15142=DIRECTION('center_axis',(0.,0.,1.));
#15143=DIRECTION('ref_axis',(-1.,0.,0.));
#15144=DIRECTION('',(-0.707106781186548,0.,0.707106781186547));
#15145=DIRECTION('',(-0.707106781186548,0.,-0.707106781186547));
#15146=DIRECTION('center_axis',(0.707106781186547,0.,0.707106781186548));
#15147=DIRECTION('ref_axis',(0.707106781186548,0.,-0.707106781186547));
#15148=DIRECTION('',(-0.707106781186548,0.,0.707106781186547));
#15149=DIRECTION('center_axis',(0.,0.,1.));
#15150=DIRECTION('ref_axis',(1.,0.,0.));
#15151=DIRECTION('',(0.707106781186548,0.,0.707106781186547));
#15152=DIRECTION('center_axis',(0.,0.,-1.));
#15153=DIRECTION('ref_axis',(1.,0.,0.));
#15154=DIRECTION('center_axis',(-0.707106781186547,0.,0.707106781186548));
#15155=DIRECTION('ref_axis',(0.707106781186548,0.,0.707106781186547));
#15156=DIRECTION('',(0.,-1.,0.));
#15157=DIRECTION('center_axis',(1.,0.,0.));
#15158=DIRECTION('ref_axis',(0.,1.,0.));
#15159=DIRECTION('',(0.,0.,1.));
#15160=DIRECTION('center_axis',(0.,0.,1.));
#15161=DIRECTION('ref_axis',(1.,0.,0.));
#15162=DIRECTION('center_axis',(0.707106781186547,0.,-0.707106781186548));
#15163=DIRECTION('ref_axis',(-0.707106781186548,0.,-0.707106781186547));
#15164=DIRECTION('',(-0.707106781186548,0.,-0.707106781186547));
#15165=DIRECTION('',(0.707106781186548,0.,0.707106781186547));
#15166=DIRECTION('',(0.,-1.,0.));
#15167=DIRECTION('center_axis',(0.,0.,-1.));
#15168=DIRECTION('ref_axis',(-1.,0.,0.));
#15169=DIRECTION('',(0.707106781186548,0.,-0.707106781186547));
#15170=DIRECTION('center_axis',(0.,0.,1.));
#15171=DIRECTION('ref_axis',(-1.,0.,0.));
#15172=DIRECTION('center_axis',(-0.707106781186547,0.,-0.707106781186548));
#15173=DIRECTION('ref_axis',(-0.707106781186548,0.,0.707106781186547));
#15174=DIRECTION('',(0.707106781186548,0.,-0.707106781186547));
#15175=DIRECTION('',(0.,1.,0.));
#15176=DIRECTION('center_axis',(0.,0.,-1.));
#15177=DIRECTION('ref_axis',(1.,0.,0.));
#15178=DIRECTION('center_axis',(0.,0.,1.));
#15179=DIRECTION('ref_axis',(1.,0.,0.));
#15180=DIRECTION('center_axis',(0.,0.,1.));
#15181=DIRECTION('ref_axis',(-1.,0.,0.));
#15182=DIRECTION('',(0.,0.,1.));
#15183=DIRECTION('center_axis',(0.,0.,-1.));
#15184=DIRECTION('ref_axis',(-1.,0.,0.));
#15185=DIRECTION('',(0.,0.,1.));
#15186=DIRECTION('center_axis',(-1.,0.,0.));
#15187=DIRECTION('ref_axis',(0.,-1.,0.));
#15188=DIRECTION('',(0.,0.,1.));
#15189=DIRECTION('',(0.,1.,0.));
#15190=DIRECTION('center_axis',(0.,0.,1.));
#15191=DIRECTION('ref_axis',(-1.,0.,0.));
#15192=DIRECTION('',(-0.707106781186548,0.,0.707106781186547));
#15193=DIRECTION('',(-0.707106781186548,0.,-0.707106781186547));
#15194=DIRECTION('center_axis',(0.707106781186547,0.,0.707106781186548));
#15195=DIRECTION('ref_axis',(0.707106781186548,0.,-0.707106781186547));
#15196=DIRECTION('',(-0.707106781186548,0.,0.707106781186547));
#15197=DIRECTION('center_axis',(0.,0.,1.));
#15198=DIRECTION('ref_axis',(1.,0.,0.));
#15199=DIRECTION('',(0.707106781186548,0.,0.707106781186547));
#15200=DIRECTION('center_axis',(0.,0.,-1.));
#15201=DIRECTION('ref_axis',(1.,0.,0.));
#15202=DIRECTION('center_axis',(-0.707106781186547,0.,0.707106781186548));
#15203=DIRECTION('ref_axis',(0.707106781186548,0.,0.707106781186547));
#15204=DIRECTION('',(0.,-1.,0.));
#15205=DIRECTION('center_axis',(1.,0.,0.));
#15206=DIRECTION('ref_axis',(0.,1.,0.));
#15207=DIRECTION('',(0.,0.,1.));
#15208=DIRECTION('center_axis',(0.,0.,1.));
#15209=DIRECTION('ref_axis',(1.,0.,0.));
#15210=DIRECTION('center_axis',(0.707106781186547,0.,-0.707106781186548));
#15211=DIRECTION('ref_axis',(-0.707106781186548,0.,-0.707106781186547));
#15212=DIRECTION('',(-0.707106781186548,0.,-0.707106781186547));
#15213=DIRECTION('',(0.707106781186548,0.,0.707106781186547));
#15214=DIRECTION('',(0.,-1.,0.));
#15215=DIRECTION('center_axis',(0.,0.,-1.));
#15216=DIRECTION('ref_axis',(-1.,0.,0.));
#15217=DIRECTION('',(0.707106781186548,0.,-0.707106781186547));
#15218=DIRECTION('center_axis',(0.,0.,1.));
#15219=DIRECTION('ref_axis',(-1.,0.,0.));
#15220=DIRECTION('center_axis',(-0.707106781186547,0.,-0.707106781186548));
#15221=DIRECTION('ref_axis',(-0.707106781186548,0.,0.707106781186547));
#15222=DIRECTION('',(0.707106781186548,0.,-0.707106781186547));
#15223=DIRECTION('',(0.,1.,0.));
#15224=DIRECTION('center_axis',(0.,0.,-1.));
#15225=DIRECTION('ref_axis',(1.,0.,0.));
#15226=DIRECTION('center_axis',(0.,0.,1.));
#15227=DIRECTION('ref_axis',(1.,0.,0.));
#15228=DIRECTION('center_axis',(0.,0.,1.));
#15229=DIRECTION('ref_axis',(-1.,0.,0.));
#15230=DIRECTION('',(0.,0.,1.));
#15231=DIRECTION('center_axis',(0.,0.,-1.));
#15232=DIRECTION('ref_axis',(-1.,0.,0.));
#15233=DIRECTION('',(0.,0.,1.));
#15234=DIRECTION('center_axis',(-1.,0.,0.));
#15235=DIRECTION('ref_axis',(0.,-1.,0.));
#15236=DIRECTION('',(0.,0.,1.));
#15237=DIRECTION('',(0.,1.,0.));
#15238=DIRECTION('center_axis',(0.,0.,1.));
#15239=DIRECTION('ref_axis',(-1.,0.,0.));
#15240=DIRECTION('',(-0.707106781186548,0.,0.707106781186547));
#15241=DIRECTION('',(-0.707106781186548,0.,-0.707106781186547));
#15242=DIRECTION('center_axis',(0.707106781186547,0.,0.707106781186548));
#15243=DIRECTION('ref_axis',(0.707106781186548,0.,-0.707106781186547));
#15244=DIRECTION('',(-0.707106781186548,0.,0.707106781186547));
#15245=DIRECTION('center_axis',(0.,0.,1.));
#15246=DIRECTION('ref_axis',(1.,0.,0.));
#15247=DIRECTION('',(0.707106781186548,0.,0.707106781186547));
#15248=DIRECTION('center_axis',(0.,0.,-1.));
#15249=DIRECTION('ref_axis',(1.,0.,0.));
#15250=DIRECTION('center_axis',(-0.707106781186547,0.,0.707106781186548));
#15251=DIRECTION('ref_axis',(0.707106781186548,0.,0.707106781186547));
#15252=DIRECTION('',(0.,-1.,0.));
#15253=DIRECTION('center_axis',(1.,0.,0.));
#15254=DIRECTION('ref_axis',(0.,1.,0.));
#15255=DIRECTION('',(0.,0.,1.));
#15256=DIRECTION('center_axis',(0.,0.,1.));
#15257=DIRECTION('ref_axis',(1.,0.,0.));
#15258=DIRECTION('center_axis',(0.707106781186547,0.,-0.707106781186548));
#15259=DIRECTION('ref_axis',(-0.707106781186548,0.,-0.707106781186547));
#15260=DIRECTION('',(-0.707106781186548,0.,-0.707106781186547));
#15261=DIRECTION('',(0.707106781186548,0.,0.707106781186547));
#15262=DIRECTION('',(0.,-1.,0.));
#15263=DIRECTION('center_axis',(0.,0.,-1.));
#15264=DIRECTION('ref_axis',(-1.,0.,0.));
#15265=DIRECTION('',(0.707106781186548,0.,-0.707106781186547));
#15266=DIRECTION('center_axis',(0.,0.,1.));
#15267=DIRECTION('ref_axis',(-1.,0.,0.));
#15268=DIRECTION('center_axis',(-0.707106781186547,0.,-0.707106781186548));
#15269=DIRECTION('ref_axis',(-0.707106781186548,0.,0.707106781186547));
#15270=DIRECTION('',(0.707106781186548,0.,-0.707106781186547));
#15271=DIRECTION('',(0.,1.,0.));
#15272=DIRECTION('center_axis',(0.,0.,-1.));
#15273=DIRECTION('ref_axis',(1.,0.,0.));
#15274=DIRECTION('center_axis',(0.,0.,1.));
#15275=DIRECTION('ref_axis',(1.,0.,0.));
#15276=DIRECTION('center_axis',(0.,0.,1.));
#15277=DIRECTION('ref_axis',(-1.,0.,0.));
#15278=DIRECTION('',(0.,0.,1.));
#15279=DIRECTION('center_axis',(0.,0.,-1.));
#15280=DIRECTION('ref_axis',(-1.,0.,0.));
#15281=DIRECTION('',(0.,0.,1.));
#15282=DIRECTION('center_axis',(-1.,0.,0.));
#15283=DIRECTION('ref_axis',(0.,-1.,0.));
#15284=DIRECTION('',(0.,0.,1.));
#15285=DIRECTION('',(0.,1.,0.));
#15286=DIRECTION('center_axis',(0.,0.,1.));
#15287=DIRECTION('ref_axis',(-1.,0.,0.));
#15288=DIRECTION('',(-0.707106781186548,0.,0.707106781186547));
#15289=DIRECTION('',(-0.707106781186548,0.,-0.707106781186547));
#15290=DIRECTION('center_axis',(0.707106781186547,0.,0.707106781186548));
#15291=DIRECTION('ref_axis',(0.707106781186548,0.,-0.707106781186547));
#15292=DIRECTION('',(-0.707106781186548,0.,0.707106781186547));
#15293=DIRECTION('center_axis',(0.,0.,1.));
#15294=DIRECTION('ref_axis',(1.,0.,0.));
#15295=DIRECTION('',(0.707106781186548,0.,0.707106781186547));
#15296=DIRECTION('center_axis',(0.,0.,-1.));
#15297=DIRECTION('ref_axis',(1.,0.,0.));
#15298=DIRECTION('center_axis',(-0.707106781186547,0.,0.707106781186548));
#15299=DIRECTION('ref_axis',(0.707106781186548,0.,0.707106781186547));
#15300=DIRECTION('',(0.,-1.,0.));
#15301=DIRECTION('center_axis',(1.,0.,0.));
#15302=DIRECTION('ref_axis',(0.,1.,0.));
#15303=DIRECTION('',(0.,0.,1.));
#15304=DIRECTION('center_axis',(0.,0.,1.));
#15305=DIRECTION('ref_axis',(1.,0.,0.));
#15306=DIRECTION('center_axis',(0.707106781186547,0.,-0.707106781186548));
#15307=DIRECTION('ref_axis',(-0.707106781186548,0.,-0.707106781186547));
#15308=DIRECTION('',(-0.707106781186548,0.,-0.707106781186547));
#15309=DIRECTION('',(0.707106781186548,0.,0.707106781186547));
#15310=DIRECTION('',(0.,-1.,0.));
#15311=DIRECTION('center_axis',(0.,0.,-1.));
#15312=DIRECTION('ref_axis',(-1.,0.,0.));
#15313=DIRECTION('',(0.707106781186548,0.,-0.707106781186547));
#15314=DIRECTION('center_axis',(0.,0.,1.));
#15315=DIRECTION('ref_axis',(-1.,0.,0.));
#15316=DIRECTION('center_axis',(-0.707106781186547,0.,-0.707106781186548));
#15317=DIRECTION('ref_axis',(-0.707106781186548,0.,0.707106781186547));
#15318=DIRECTION('',(0.707106781186548,0.,-0.707106781186547));
#15319=DIRECTION('',(0.,1.,0.));
#15320=DIRECTION('center_axis',(0.,0.,-1.));
#15321=DIRECTION('ref_axis',(1.,0.,0.));
#15322=DIRECTION('center_axis',(0.,0.,1.));
#15323=DIRECTION('ref_axis',(1.,0.,0.));
#15324=DIRECTION('center_axis',(0.,0.,1.));
#15325=DIRECTION('ref_axis',(-1.,0.,0.));
#15326=DIRECTION('',(0.,0.,1.));
#15327=DIRECTION('center_axis',(0.,0.,-1.));
#15328=DIRECTION('ref_axis',(-1.,0.,0.));
#15329=DIRECTION('',(0.,0.,1.));
#15330=DIRECTION('center_axis',(-1.,0.,0.));
#15331=DIRECTION('ref_axis',(0.,-1.,0.));
#15332=DIRECTION('',(0.,0.,1.));
#15333=DIRECTION('',(0.,1.,0.));
#15334=DIRECTION('center_axis',(0.,0.,1.));
#15335=DIRECTION('ref_axis',(-1.,0.,0.));
#15336=DIRECTION('',(-0.707106781186548,0.,0.707106781186547));
#15337=DIRECTION('',(-0.707106781186548,0.,-0.707106781186547));
#15338=DIRECTION('center_axis',(0.707106781186547,0.,0.707106781186548));
#15339=DIRECTION('ref_axis',(0.707106781186548,0.,-0.707106781186547));
#15340=DIRECTION('',(-0.707106781186548,0.,0.707106781186547));
#15341=DIRECTION('center_axis',(0.,0.,1.));
#15342=DIRECTION('ref_axis',(1.,0.,0.));
#15343=DIRECTION('',(0.707106781186548,0.,0.707106781186547));
#15344=DIRECTION('center_axis',(0.,0.,-1.));
#15345=DIRECTION('ref_axis',(1.,0.,0.));
#15346=DIRECTION('center_axis',(-0.707106781186547,0.,0.707106781186548));
#15347=DIRECTION('ref_axis',(0.707106781186548,0.,0.707106781186547));
#15348=DIRECTION('',(0.,-1.,0.));
#15349=DIRECTION('center_axis',(1.,0.,0.));
#15350=DIRECTION('ref_axis',(0.,1.,0.));
#15351=DIRECTION('',(0.,0.,1.));
#15352=DIRECTION('center_axis',(0.,0.,1.));
#15353=DIRECTION('ref_axis',(1.,0.,0.));
#15354=DIRECTION('center_axis',(0.707106781186547,0.,-0.707106781186548));
#15355=DIRECTION('ref_axis',(-0.707106781186548,0.,-0.707106781186547));
#15356=DIRECTION('',(-0.707106781186548,0.,-0.707106781186547));
#15357=DIRECTION('',(0.707106781186548,0.,0.707106781186547));
#15358=DIRECTION('',(0.,-1.,0.));
#15359=DIRECTION('center_axis',(0.,0.,-1.));
#15360=DIRECTION('ref_axis',(-1.,0.,0.));
#15361=DIRECTION('',(0.707106781186548,0.,-0.707106781186547));
#15362=DIRECTION('center_axis',(0.,0.,1.));
#15363=DIRECTION('ref_axis',(-1.,0.,0.));
#15364=DIRECTION('center_axis',(-0.707106781186547,0.,-0.707106781186548));
#15365=DIRECTION('ref_axis',(-0.707106781186548,0.,0.707106781186547));
#15366=DIRECTION('',(0.707106781186548,0.,-0.707106781186547));
#15367=DIRECTION('',(0.,1.,0.));
#15368=DIRECTION('center_axis',(0.,0.,-1.));
#15369=DIRECTION('ref_axis',(1.,0.,0.));
#15370=DIRECTION('center_axis',(0.,0.,1.));
#15371=DIRECTION('ref_axis',(1.,0.,0.));
#15372=DIRECTION('center_axis',(0.,0.,1.));
#15373=DIRECTION('ref_axis',(-1.,0.,0.));
#15374=DIRECTION('',(0.,0.,1.));
#15375=DIRECTION('center_axis',(0.,0.,-1.));
#15376=DIRECTION('ref_axis',(-1.,0.,0.));
#15377=DIRECTION('',(0.,0.,1.));
#15378=DIRECTION('center_axis',(-1.,0.,0.));
#15379=DIRECTION('ref_axis',(0.,-1.,0.));
#15380=DIRECTION('',(0.,0.,1.));
#15381=DIRECTION('',(0.,1.,0.));
#15382=DIRECTION('center_axis',(0.,0.,1.));
#15383=DIRECTION('ref_axis',(-1.,0.,0.));
#15384=DIRECTION('',(-0.707106781186548,0.,0.707106781186547));
#15385=DIRECTION('',(-0.707106781186548,0.,-0.707106781186547));
#15386=DIRECTION('center_axis',(0.707106781186547,0.,0.707106781186548));
#15387=DIRECTION('ref_axis',(0.707106781186548,0.,-0.707106781186547));
#15388=DIRECTION('',(-0.707106781186548,0.,0.707106781186547));
#15389=DIRECTION('center_axis',(0.,0.,1.));
#15390=DIRECTION('ref_axis',(1.,0.,0.));
#15391=DIRECTION('',(0.707106781186548,0.,0.707106781186547));
#15392=DIRECTION('center_axis',(0.,0.,-1.));
#15393=DIRECTION('ref_axis',(1.,0.,0.));
#15394=DIRECTION('center_axis',(-0.707106781186547,0.,0.707106781186548));
#15395=DIRECTION('ref_axis',(0.707106781186548,0.,0.707106781186547));
#15396=DIRECTION('',(0.,-1.,0.));
#15397=DIRECTION('center_axis',(1.,0.,0.));
#15398=DIRECTION('ref_axis',(0.,1.,0.));
#15399=DIRECTION('',(0.,0.,1.));
#15400=DIRECTION('center_axis',(0.,0.,1.));
#15401=DIRECTION('ref_axis',(1.,0.,0.));
#15402=DIRECTION('center_axis',(0.707106781186547,0.,-0.707106781186548));
#15403=DIRECTION('ref_axis',(-0.707106781186548,0.,-0.707106781186547));
#15404=DIRECTION('',(-0.707106781186548,0.,-0.707106781186547));
#15405=DIRECTION('',(0.707106781186548,0.,0.707106781186547));
#15406=DIRECTION('',(0.,-1.,0.));
#15407=DIRECTION('center_axis',(0.,0.,-1.));
#15408=DIRECTION('ref_axis',(-1.,0.,0.));
#15409=DIRECTION('',(0.707106781186548,0.,-0.707106781186547));
#15410=DIRECTION('center_axis',(0.,0.,1.));
#15411=DIRECTION('ref_axis',(-1.,0.,0.));
#15412=DIRECTION('center_axis',(-0.707106781186547,0.,-0.707106781186548));
#15413=DIRECTION('ref_axis',(-0.707106781186548,0.,0.707106781186547));
#15414=DIRECTION('',(0.707106781186548,0.,-0.707106781186547));
#15415=DIRECTION('',(0.,1.,0.));
#15416=DIRECTION('center_axis',(0.,0.,-1.));
#15417=DIRECTION('ref_axis',(1.,0.,0.));
#15418=DIRECTION('center_axis',(0.,0.,1.));
#15419=DIRECTION('ref_axis',(1.,0.,0.));
#15420=DIRECTION('center_axis',(0.,0.,1.));
#15421=DIRECTION('ref_axis',(-1.,0.,0.));
#15422=DIRECTION('',(0.,0.,1.));
#15423=DIRECTION('center_axis',(0.,0.,-1.));
#15424=DIRECTION('ref_axis',(-1.,0.,0.));
#15425=DIRECTION('',(0.,0.,1.));
#15426=DIRECTION('center_axis',(-1.,0.,0.));
#15427=DIRECTION('ref_axis',(0.,-1.,0.));
#15428=DIRECTION('',(0.,0.,1.));
#15429=DIRECTION('',(0.,1.,0.));
#15430=DIRECTION('center_axis',(0.,0.,1.));
#15431=DIRECTION('ref_axis',(-1.,0.,0.));
#15432=DIRECTION('',(-0.707106781186548,0.,0.707106781186547));
#15433=DIRECTION('',(-0.707106781186548,0.,-0.707106781186547));
#15434=DIRECTION('center_axis',(0.707106781186547,0.,0.707106781186548));
#15435=DIRECTION('ref_axis',(0.707106781186548,0.,-0.707106781186547));
#15436=DIRECTION('',(-0.707106781186548,0.,0.707106781186547));
#15437=DIRECTION('center_axis',(0.,0.,1.));
#15438=DIRECTION('ref_axis',(1.,0.,0.));
#15439=DIRECTION('',(0.707106781186548,0.,0.707106781186547));
#15440=DIRECTION('center_axis',(0.,0.,-1.));
#15441=DIRECTION('ref_axis',(1.,0.,0.));
#15442=DIRECTION('center_axis',(-0.707106781186547,0.,0.707106781186548));
#15443=DIRECTION('ref_axis',(0.707106781186548,0.,0.707106781186547));
#15444=DIRECTION('',(0.,-1.,0.));
#15445=DIRECTION('center_axis',(1.,0.,0.));
#15446=DIRECTION('ref_axis',(0.,1.,0.));
#15447=DIRECTION('',(0.,0.,1.));
#15448=DIRECTION('center_axis',(0.,0.,1.));
#15449=DIRECTION('ref_axis',(1.,0.,0.));
#15450=DIRECTION('center_axis',(0.707106781186547,0.,-0.707106781186548));
#15451=DIRECTION('ref_axis',(-0.707106781186548,0.,-0.707106781186547));
#15452=DIRECTION('',(-0.707106781186548,0.,-0.707106781186547));
#15453=DIRECTION('',(0.707106781186548,0.,0.707106781186547));
#15454=DIRECTION('',(0.,-1.,0.));
#15455=DIRECTION('center_axis',(0.,0.,-1.));
#15456=DIRECTION('ref_axis',(-1.,0.,0.));
#15457=DIRECTION('',(0.707106781186548,0.,-0.707106781186547));
#15458=DIRECTION('center_axis',(0.,0.,1.));
#15459=DIRECTION('ref_axis',(-1.,0.,0.));
#15460=DIRECTION('center_axis',(-0.707106781186547,0.,-0.707106781186548));
#15461=DIRECTION('ref_axis',(-0.707106781186548,0.,0.707106781186547));
#15462=DIRECTION('',(0.707106781186548,0.,-0.707106781186547));
#15463=DIRECTION('',(0.,1.,0.));
#15464=DIRECTION('center_axis',(0.,0.,-1.));
#15465=DIRECTION('ref_axis',(1.,0.,0.));
#15466=DIRECTION('center_axis',(0.,0.,1.));
#15467=DIRECTION('ref_axis',(1.,0.,0.));
#15468=DIRECTION('center_axis',(0.,0.,1.));
#15469=DIRECTION('ref_axis',(-1.,0.,0.));
#15470=DIRECTION('',(0.,0.,1.));
#15471=DIRECTION('center_axis',(0.,0.,-1.));
#15472=DIRECTION('ref_axis',(-1.,0.,0.));
#15473=DIRECTION('',(0.,0.,1.));
#15474=DIRECTION('center_axis',(-1.,0.,0.));
#15475=DIRECTION('ref_axis',(0.,-1.,0.));
#15476=DIRECTION('',(0.,0.,1.));
#15477=DIRECTION('',(0.,1.,0.));
#15478=DIRECTION('center_axis',(0.,0.,1.));
#15479=DIRECTION('ref_axis',(-1.,0.,0.));
#15480=DIRECTION('',(-0.707106781186548,0.,0.707106781186547));
#15481=DIRECTION('',(-0.707106781186548,0.,-0.707106781186547));
#15482=DIRECTION('center_axis',(0.707106781186547,0.,0.707106781186548));
#15483=DIRECTION('ref_axis',(0.707106781186548,0.,-0.707106781186547));
#15484=DIRECTION('',(-0.707106781186548,0.,0.707106781186547));
#15485=DIRECTION('center_axis',(0.,0.,1.));
#15486=DIRECTION('ref_axis',(1.,0.,0.));
#15487=DIRECTION('',(0.707106781186548,0.,0.707106781186547));
#15488=DIRECTION('center_axis',(0.,0.,-1.));
#15489=DIRECTION('ref_axis',(1.,0.,0.));
#15490=DIRECTION('center_axis',(-0.707106781186547,0.,0.707106781186548));
#15491=DIRECTION('ref_axis',(0.707106781186548,0.,0.707106781186547));
#15492=DIRECTION('',(0.,-1.,0.));
#15493=DIRECTION('center_axis',(1.,0.,0.));
#15494=DIRECTION('ref_axis',(0.,1.,0.));
#15495=DIRECTION('',(0.,0.,1.));
#15496=DIRECTION('center_axis',(0.,0.,1.));
#15497=DIRECTION('ref_axis',(1.,0.,0.));
#15498=DIRECTION('center_axis',(-0.707106781186547,0.,0.707106781186548));
#15499=DIRECTION('ref_axis',(0.707106781186548,0.,0.707106781186547));
#15500=DIRECTION('',(0.707106781186548,0.,0.707106781186547));
#15501=DIRECTION('',(-0.707106781186548,0.,-0.707106781186547));
#15502=DIRECTION('',(0.,-1.,0.));
#15503=DIRECTION('center_axis',(0.,0.,1.));
#15504=DIRECTION('ref_axis',(-1.,0.,0.));
#15505=DIRECTION('',(-0.707106781186548,0.,0.707106781186547));
#15506=DIRECTION('center_axis',(0.,0.,-1.));
#15507=DIRECTION('ref_axis',(-1.,0.,0.));
#15508=DIRECTION('center_axis',(0.707106781186547,0.,0.707106781186548));
#15509=DIRECTION('ref_axis',(0.707106781186548,0.,-0.707106781186547));
#15510=DIRECTION('',(-0.707106781186548,0.,0.707106781186547));
#15511=DIRECTION('',(0.,1.,0.));
#15512=DIRECTION('center_axis',(0.,0.,1.));
#15513=DIRECTION('ref_axis',(1.,0.,0.));
#15514=DIRECTION('center_axis',(0.,0.,-1.));
#15515=DIRECTION('ref_axis',(1.,0.,0.));
#15516=DIRECTION('center_axis',(0.,0.,1.));
#15517=DIRECTION('ref_axis',(-1.,0.,0.));
#15518=DIRECTION('',(0.,0.,1.));
#15519=DIRECTION('center_axis',(0.,0.,1.));
#15520=DIRECTION('ref_axis',(-1.,0.,0.));
#15521=DIRECTION('',(0.,0.,1.));
#15522=DIRECTION('center_axis',(1.,0.,0.));
#15523=DIRECTION('ref_axis',(0.,1.,0.));
#15524=DIRECTION('',(0.,0.,1.));
#15525=DIRECTION('',(0.,1.,0.));
#15526=DIRECTION('center_axis',(0.707106781186547,0.,-0.707106781186548));
#15527=DIRECTION('ref_axis',(-0.707106781186548,0.,-0.707106781186547));
#15528=DIRECTION('',(-0.707106781186548,0.,-0.707106781186547));
#15529=DIRECTION('',(0.707106781186548,0.,0.707106781186547));
#15530=DIRECTION('',(0.,-1.,0.));
#15531=DIRECTION('center_axis',(0.,0.,-1.));
#15532=DIRECTION('ref_axis',(-1.,0.,0.));
#15533=DIRECTION('',(0.707106781186548,0.,-0.707106781186547));
#15534=DIRECTION('center_axis',(-0.707106781186547,0.,-0.707106781186548));
#15535=DIRECTION('ref_axis',(-0.707106781186548,0.,0.707106781186547));
#15536=DIRECTION('',(0.707106781186548,0.,-0.707106781186547));
#15537=DIRECTION('center_axis',(0.,0.,-1.));
#15538=DIRECTION('ref_axis',(1.,0.,0.));
#15539=DIRECTION('center_axis',(0.,0.,1.));
#15540=DIRECTION('ref_axis',(1.,0.,0.));
#15541=DIRECTION('center_axis',(-1.,0.,0.));
#15542=DIRECTION('ref_axis',(0.,-1.,0.));
#15543=DIRECTION('',(0.,0.,1.));
#15544=DIRECTION('center_axis',(0.,0.,1.));
#15545=DIRECTION('ref_axis',(1.,0.,0.));
#15546=DIRECTION('center_axis',(-0.707106781186547,0.,0.707106781186548));
#15547=DIRECTION('ref_axis',(0.707106781186548,0.,0.707106781186547));
#15548=DIRECTION('',(0.707106781186548,0.,0.707106781186547));
#15549=DIRECTION('',(-0.707106781186548,0.,-0.707106781186547));
#15550=DIRECTION('',(0.,-1.,0.));
#15551=DIRECTION('center_axis',(0.,0.,1.));
#15552=DIRECTION('ref_axis',(-1.,0.,0.));
#15553=DIRECTION('',(-0.707106781186548,0.,0.707106781186547));
#15554=DIRECTION('center_axis',(0.,0.,-1.));
#15555=DIRECTION('ref_axis',(-1.,0.,0.));
#15556=DIRECTION('center_axis',(0.707106781186547,0.,0.707106781186548));
#15557=DIRECTION('ref_axis',(0.707106781186548,0.,-0.707106781186547));
#15558=DIRECTION('',(-0.707106781186548,0.,0.707106781186547));
#15559=DIRECTION('',(0.,1.,0.));
#15560=DIRECTION('center_axis',(0.,0.,1.));
#15561=DIRECTION('ref_axis',(1.,0.,0.));
#15562=DIRECTION('center_axis',(0.,0.,-1.));
#15563=DIRECTION('ref_axis',(1.,0.,0.));
#15564=DIRECTION('center_axis',(0.,0.,1.));
#15565=DIRECTION('ref_axis',(-1.,0.,0.));
#15566=DIRECTION('',(0.,0.,1.));
#15567=DIRECTION('center_axis',(0.,0.,1.));
#15568=DIRECTION('ref_axis',(-1.,0.,0.));
#15569=DIRECTION('',(0.,0.,1.));
#15570=DIRECTION('center_axis',(1.,0.,0.));
#15571=DIRECTION('ref_axis',(0.,1.,0.));
#15572=DIRECTION('',(0.,0.,1.));
#15573=DIRECTION('',(0.,1.,0.));
#15574=DIRECTION('center_axis',(0.707106781186547,0.,-0.707106781186548));
#15575=DIRECTION('ref_axis',(-0.707106781186548,0.,-0.707106781186547));
#15576=DIRECTION('',(-0.707106781186548,0.,-0.707106781186547));
#15577=DIRECTION('',(0.707106781186548,0.,0.707106781186547));
#15578=DIRECTION('',(0.,-1.,0.));
#15579=DIRECTION('center_axis',(0.,0.,-1.));
#15580=DIRECTION('ref_axis',(-1.,0.,0.));
#15581=DIRECTION('',(0.707106781186548,0.,-0.707106781186547));
#15582=DIRECTION('center_axis',(-0.707106781186547,0.,-0.707106781186548));
#15583=DIRECTION('ref_axis',(-0.707106781186548,0.,0.707106781186547));
#15584=DIRECTION('',(0.707106781186548,0.,-0.707106781186547));
#15585=DIRECTION('center_axis',(0.,0.,-1.));
#15586=DIRECTION('ref_axis',(1.,0.,0.));
#15587=DIRECTION('center_axis',(0.,0.,1.));
#15588=DIRECTION('ref_axis',(1.,0.,0.));
#15589=DIRECTION('center_axis',(-1.,0.,0.));
#15590=DIRECTION('ref_axis',(0.,-1.,0.));
#15591=DIRECTION('',(0.,0.,1.));
#15592=DIRECTION('center_axis',(0.,0.,1.));
#15593=DIRECTION('ref_axis',(1.,0.,0.));
#15594=DIRECTION('center_axis',(-0.707106781186547,0.,0.707106781186548));
#15595=DIRECTION('ref_axis',(0.707106781186548,0.,0.707106781186547));
#15596=DIRECTION('',(0.707106781186548,0.,0.707106781186547));
#15597=DIRECTION('',(-0.707106781186548,0.,-0.707106781186547));
#15598=DIRECTION('',(0.,-1.,0.));
#15599=DIRECTION('center_axis',(0.,0.,1.));
#15600=DIRECTION('ref_axis',(-1.,0.,0.));
#15601=DIRECTION('',(-0.707106781186548,0.,0.707106781186547));
#15602=DIRECTION('center_axis',(0.,0.,-1.));
#15603=DIRECTION('ref_axis',(-1.,0.,0.));
#15604=DIRECTION('center_axis',(0.707106781186547,0.,0.707106781186548));
#15605=DIRECTION('ref_axis',(0.707106781186548,0.,-0.707106781186547));
#15606=DIRECTION('',(-0.707106781186548,0.,0.707106781186547));
#15607=DIRECTION('',(0.,1.,0.));
#15608=DIRECTION('center_axis',(0.,0.,1.));
#15609=DIRECTION('ref_axis',(1.,0.,0.));
#15610=DIRECTION('center_axis',(0.,0.,-1.));
#15611=DIRECTION('ref_axis',(1.,0.,0.));
#15612=DIRECTION('center_axis',(0.,0.,1.));
#15613=DIRECTION('ref_axis',(-1.,0.,0.));
#15614=DIRECTION('',(0.,0.,1.));
#15615=DIRECTION('center_axis',(0.,0.,1.));
#15616=DIRECTION('ref_axis',(-1.,0.,0.));
#15617=DIRECTION('',(0.,0.,1.));
#15618=DIRECTION('center_axis',(1.,0.,0.));
#15619=DIRECTION('ref_axis',(0.,1.,0.));
#15620=DIRECTION('',(0.,0.,1.));
#15621=DIRECTION('',(0.,1.,0.));
#15622=DIRECTION('center_axis',(0.707106781186547,0.,-0.707106781186548));
#15623=DIRECTION('ref_axis',(-0.707106781186548,0.,-0.707106781186547));
#15624=DIRECTION('',(-0.707106781186548,0.,-0.707106781186547));
#15625=DIRECTION('',(0.707106781186548,0.,0.707106781186547));
#15626=DIRECTION('',(0.,-1.,0.));
#15627=DIRECTION('center_axis',(0.,0.,-1.));
#15628=DIRECTION('ref_axis',(-1.,0.,0.));
#15629=DIRECTION('',(0.707106781186548,0.,-0.707106781186547));
#15630=DIRECTION('center_axis',(-0.707106781186547,0.,-0.707106781186548));
#15631=DIRECTION('ref_axis',(-0.707106781186548,0.,0.707106781186547));
#15632=DIRECTION('',(0.707106781186548,0.,-0.707106781186547));
#15633=DIRECTION('center_axis',(0.,0.,-1.));
#15634=DIRECTION('ref_axis',(1.,0.,0.));
#15635=DIRECTION('center_axis',(0.,0.,1.));
#15636=DIRECTION('ref_axis',(1.,0.,0.));
#15637=DIRECTION('center_axis',(-1.,0.,0.));
#15638=DIRECTION('ref_axis',(0.,-1.,0.));
#15639=DIRECTION('',(0.,0.,1.));
#15640=DIRECTION('center_axis',(0.,0.,1.));
#15641=DIRECTION('ref_axis',(1.,0.,0.));
#15642=DIRECTION('center_axis',(-0.707106781186547,0.,0.707106781186548));
#15643=DIRECTION('ref_axis',(0.707106781186548,0.,0.707106781186547));
#15644=DIRECTION('',(0.707106781186548,0.,0.707106781186547));
#15645=DIRECTION('',(-0.707106781186548,0.,-0.707106781186547));
#15646=DIRECTION('',(0.,-1.,0.));
#15647=DIRECTION('center_axis',(0.,0.,1.));
#15648=DIRECTION('ref_axis',(-1.,0.,0.));
#15649=DIRECTION('',(-0.707106781186548,0.,0.707106781186547));
#15650=DIRECTION('center_axis',(0.,0.,-1.));
#15651=DIRECTION('ref_axis',(-1.,0.,0.));
#15652=DIRECTION('center_axis',(0.707106781186547,0.,0.707106781186548));
#15653=DIRECTION('ref_axis',(0.707106781186548,0.,-0.707106781186547));
#15654=DIRECTION('',(-0.707106781186548,0.,0.707106781186547));
#15655=DIRECTION('',(0.,1.,0.));
#15656=DIRECTION('center_axis',(0.,0.,1.));
#15657=DIRECTION('ref_axis',(1.,0.,0.));
#15658=DIRECTION('center_axis',(0.,0.,-1.));
#15659=DIRECTION('ref_axis',(1.,0.,0.));
#15660=DIRECTION('center_axis',(0.,0.,1.));
#15661=DIRECTION('ref_axis',(-1.,0.,0.));
#15662=DIRECTION('',(0.,0.,1.));
#15663=DIRECTION('center_axis',(0.,0.,1.));
#15664=DIRECTION('ref_axis',(-1.,0.,0.));
#15665=DIRECTION('',(0.,0.,1.));
#15666=DIRECTION('center_axis',(1.,0.,0.));
#15667=DIRECTION('ref_axis',(0.,1.,0.));
#15668=DIRECTION('',(0.,0.,1.));
#15669=DIRECTION('',(0.,1.,0.));
#15670=DIRECTION('center_axis',(0.707106781186547,0.,-0.707106781186548));
#15671=DIRECTION('ref_axis',(-0.707106781186548,0.,-0.707106781186547));
#15672=DIRECTION('',(-0.707106781186548,0.,-0.707106781186547));
#15673=DIRECTION('',(0.707106781186548,0.,0.707106781186547));
#15674=DIRECTION('',(0.,-1.,0.));
#15675=DIRECTION('center_axis',(0.,0.,-1.));
#15676=DIRECTION('ref_axis',(-1.,0.,0.));
#15677=DIRECTION('',(0.707106781186548,0.,-0.707106781186547));
#15678=DIRECTION('center_axis',(-0.707106781186547,0.,-0.707106781186548));
#15679=DIRECTION('ref_axis',(-0.707106781186548,0.,0.707106781186547));
#15680=DIRECTION('',(0.707106781186548,0.,-0.707106781186547));
#15681=DIRECTION('center_axis',(0.,0.,-1.));
#15682=DIRECTION('ref_axis',(1.,0.,0.));
#15683=DIRECTION('center_axis',(0.,0.,1.));
#15684=DIRECTION('ref_axis',(1.,0.,0.));
#15685=DIRECTION('center_axis',(-1.,0.,0.));
#15686=DIRECTION('ref_axis',(0.,-1.,0.));
#15687=DIRECTION('',(0.,0.,1.));
#15688=DIRECTION('center_axis',(0.,0.,1.));
#15689=DIRECTION('ref_axis',(1.,0.,0.));
#15690=DIRECTION('center_axis',(-0.707106781186547,0.,0.707106781186548));
#15691=DIRECTION('ref_axis',(0.707106781186548,0.,0.707106781186547));
#15692=DIRECTION('',(0.707106781186548,0.,0.707106781186547));
#15693=DIRECTION('',(-0.707106781186548,0.,-0.707106781186547));
#15694=DIRECTION('',(0.,-1.,0.));
#15695=DIRECTION('center_axis',(0.,0.,1.));
#15696=DIRECTION('ref_axis',(-1.,0.,0.));
#15697=DIRECTION('',(-0.707106781186548,0.,0.707106781186547));
#15698=DIRECTION('center_axis',(0.,0.,-1.));
#15699=DIRECTION('ref_axis',(-1.,0.,0.));
#15700=DIRECTION('center_axis',(0.707106781186547,0.,0.707106781186548));
#15701=DIRECTION('ref_axis',(0.707106781186548,0.,-0.707106781186547));
#15702=DIRECTION('',(-0.707106781186548,0.,0.707106781186547));
#15703=DIRECTION('',(0.,1.,0.));
#15704=DIRECTION('center_axis',(0.,0.,1.));
#15705=DIRECTION('ref_axis',(1.,0.,0.));
#15706=DIRECTION('center_axis',(0.,0.,-1.));
#15707=DIRECTION('ref_axis',(1.,0.,0.));
#15708=DIRECTION('center_axis',(0.,0.,1.));
#15709=DIRECTION('ref_axis',(-1.,0.,0.));
#15710=DIRECTION('',(0.,0.,1.));
#15711=DIRECTION('center_axis',(0.,0.,1.));
#15712=DIRECTION('ref_axis',(-1.,0.,0.));
#15713=DIRECTION('',(0.,0.,1.));
#15714=DIRECTION('center_axis',(1.,0.,0.));
#15715=DIRECTION('ref_axis',(0.,1.,0.));
#15716=DIRECTION('',(0.,0.,1.));
#15717=DIRECTION('',(0.,1.,0.));
#15718=DIRECTION('center_axis',(0.707106781186547,0.,-0.707106781186548));
#15719=DIRECTION('ref_axis',(-0.707106781186548,0.,-0.707106781186547));
#15720=DIRECTION('',(-0.707106781186548,0.,-0.707106781186547));
#15721=DIRECTION('',(0.707106781186548,0.,0.707106781186547));
#15722=DIRECTION('',(0.,-1.,0.));
#15723=DIRECTION('center_axis',(0.,0.,-1.));
#15724=DIRECTION('ref_axis',(-1.,0.,0.));
#15725=DIRECTION('',(0.707106781186548,0.,-0.707106781186547));
#15726=DIRECTION('center_axis',(-0.707106781186547,0.,-0.707106781186548));
#15727=DIRECTION('ref_axis',(-0.707106781186548,0.,0.707106781186547));
#15728=DIRECTION('',(0.707106781186548,0.,-0.707106781186547));
#15729=DIRECTION('center_axis',(0.,0.,-1.));
#15730=DIRECTION('ref_axis',(1.,0.,0.));
#15731=DIRECTION('center_axis',(0.,0.,1.));
#15732=DIRECTION('ref_axis',(1.,0.,0.));
#15733=DIRECTION('center_axis',(-1.,0.,0.));
#15734=DIRECTION('ref_axis',(0.,-1.,0.));
#15735=DIRECTION('',(0.,0.,1.));
#15736=DIRECTION('center_axis',(0.,0.,1.));
#15737=DIRECTION('ref_axis',(1.,0.,0.));
#15738=DIRECTION('center_axis',(-0.707106781186547,0.,0.707106781186548));
#15739=DIRECTION('ref_axis',(0.707106781186548,0.,0.707106781186547));
#15740=DIRECTION('',(0.707106781186548,0.,0.707106781186547));
#15741=DIRECTION('',(-0.707106781186548,0.,-0.707106781186547));
#15742=DIRECTION('',(0.,-1.,0.));
#15743=DIRECTION('center_axis',(0.,0.,1.));
#15744=DIRECTION('ref_axis',(-1.,0.,0.));
#15745=DIRECTION('',(-0.707106781186548,0.,0.707106781186547));
#15746=DIRECTION('center_axis',(0.,0.,-1.));
#15747=DIRECTION('ref_axis',(-1.,0.,0.));
#15748=DIRECTION('center_axis',(0.707106781186547,0.,0.707106781186548));
#15749=DIRECTION('ref_axis',(0.707106781186548,0.,-0.707106781186547));
#15750=DIRECTION('',(-0.707106781186548,0.,0.707106781186547));
#15751=DIRECTION('',(0.,1.,0.));
#15752=DIRECTION('center_axis',(0.,0.,1.));
#15753=DIRECTION('ref_axis',(1.,0.,0.));
#15754=DIRECTION('center_axis',(0.,0.,-1.));
#15755=DIRECTION('ref_axis',(1.,0.,0.));
#15756=DIRECTION('center_axis',(0.,0.,1.));
#15757=DIRECTION('ref_axis',(-1.,0.,0.));
#15758=DIRECTION('',(0.,0.,1.));
#15759=DIRECTION('center_axis',(0.,0.,1.));
#15760=DIRECTION('ref_axis',(-1.,0.,0.));
#15761=DIRECTION('',(0.,0.,1.));
#15762=DIRECTION('center_axis',(1.,0.,0.));
#15763=DIRECTION('ref_axis',(0.,1.,0.));
#15764=DIRECTION('',(0.,0.,1.));
#15765=DIRECTION('',(0.,1.,0.));
#15766=DIRECTION('center_axis',(0.707106781186547,0.,-0.707106781186548));
#15767=DIRECTION('ref_axis',(-0.707106781186548,0.,-0.707106781186547));
#15768=DIRECTION('',(-0.707106781186548,0.,-0.707106781186547));
#15769=DIRECTION('',(0.707106781186548,0.,0.707106781186547));
#15770=DIRECTION('',(0.,-1.,0.));
#15771=DIRECTION('center_axis',(0.,0.,-1.));
#15772=DIRECTION('ref_axis',(-1.,0.,0.));
#15773=DIRECTION('',(0.707106781186548,0.,-0.707106781186547));
#15774=DIRECTION('center_axis',(-0.707106781186547,0.,-0.707106781186548));
#15775=DIRECTION('ref_axis',(-0.707106781186548,0.,0.707106781186547));
#15776=DIRECTION('',(0.707106781186548,0.,-0.707106781186547));
#15777=DIRECTION('center_axis',(0.,0.,-1.));
#15778=DIRECTION('ref_axis',(1.,0.,0.));
#15779=DIRECTION('center_axis',(0.,0.,1.));
#15780=DIRECTION('ref_axis',(1.,0.,0.));
#15781=DIRECTION('center_axis',(-1.,0.,0.));
#15782=DIRECTION('ref_axis',(0.,-1.,0.));
#15783=DIRECTION('',(0.,0.,1.));
#15784=DIRECTION('center_axis',(0.,0.,1.));
#15785=DIRECTION('ref_axis',(1.,0.,0.));
#15786=DIRECTION('center_axis',(-0.707106781186547,0.,0.707106781186548));
#15787=DIRECTION('ref_axis',(0.707106781186548,0.,0.707106781186547));
#15788=DIRECTION('',(0.707106781186548,0.,0.707106781186547));
#15789=DIRECTION('',(-0.707106781186548,0.,-0.707106781186547));
#15790=DIRECTION('',(0.,-1.,0.));
#15791=DIRECTION('center_axis',(0.,0.,1.));
#15792=DIRECTION('ref_axis',(-1.,0.,0.));
#15793=DIRECTION('',(-0.707106781186548,0.,0.707106781186547));
#15794=DIRECTION('center_axis',(0.,0.,-1.));
#15795=DIRECTION('ref_axis',(-1.,0.,0.));
#15796=DIRECTION('center_axis',(0.707106781186547,0.,0.707106781186548));
#15797=DIRECTION('ref_axis',(0.707106781186548,0.,-0.707106781186547));
#15798=DIRECTION('',(-0.707106781186548,0.,0.707106781186547));
#15799=DIRECTION('',(0.,1.,0.));
#15800=DIRECTION('center_axis',(0.,0.,1.));
#15801=DIRECTION('ref_axis',(1.,0.,0.));
#15802=DIRECTION('center_axis',(0.,0.,-1.));
#15803=DIRECTION('ref_axis',(1.,0.,0.));
#15804=DIRECTION('center_axis',(0.,0.,1.));
#15805=DIRECTION('ref_axis',(-1.,0.,0.));
#15806=DIRECTION('',(0.,0.,1.));
#15807=DIRECTION('center_axis',(0.,0.,1.));
#15808=DIRECTION('ref_axis',(-1.,0.,0.));
#15809=DIRECTION('',(0.,0.,1.));
#15810=DIRECTION('center_axis',(1.,0.,0.));
#15811=DIRECTION('ref_axis',(0.,1.,0.));
#15812=DIRECTION('',(0.,0.,1.));
#15813=DIRECTION('',(0.,1.,0.));
#15814=DIRECTION('center_axis',(0.707106781186547,0.,-0.707106781186548));
#15815=DIRECTION('ref_axis',(-0.707106781186548,0.,-0.707106781186547));
#15816=DIRECTION('',(-0.707106781186548,0.,-0.707106781186547));
#15817=DIRECTION('',(0.707106781186548,0.,0.707106781186547));
#15818=DIRECTION('',(0.,-1.,0.));
#15819=DIRECTION('center_axis',(0.,0.,-1.));
#15820=DIRECTION('ref_axis',(-1.,0.,0.));
#15821=DIRECTION('',(0.707106781186548,0.,-0.707106781186547));
#15822=DIRECTION('center_axis',(-0.707106781186547,0.,-0.707106781186548));
#15823=DIRECTION('ref_axis',(-0.707106781186548,0.,0.707106781186547));
#15824=DIRECTION('',(0.707106781186548,0.,-0.707106781186547));
#15825=DIRECTION('center_axis',(0.,0.,-1.));
#15826=DIRECTION('ref_axis',(1.,0.,0.));
#15827=DIRECTION('center_axis',(0.,0.,1.));
#15828=DIRECTION('ref_axis',(1.,0.,0.));
#15829=DIRECTION('center_axis',(-1.,0.,0.));
#15830=DIRECTION('ref_axis',(0.,-1.,0.));
#15831=DIRECTION('',(0.,0.,1.));
#15832=DIRECTION('center_axis',(0.,0.,1.));
#15833=DIRECTION('ref_axis',(1.,0.,0.));
#15834=DIRECTION('center_axis',(-0.707106781186547,0.,0.707106781186548));
#15835=DIRECTION('ref_axis',(0.707106781186548,0.,0.707106781186547));
#15836=DIRECTION('',(0.707106781186548,0.,0.707106781186547));
#15837=DIRECTION('',(-0.707106781186548,0.,-0.707106781186547));
#15838=DIRECTION('',(0.,-1.,0.));
#15839=DIRECTION('center_axis',(0.,0.,1.));
#15840=DIRECTION('ref_axis',(-1.,0.,0.));
#15841=DIRECTION('',(-0.707106781186548,0.,0.707106781186547));
#15842=DIRECTION('center_axis',(0.,0.,-1.));
#15843=DIRECTION('ref_axis',(-1.,0.,0.));
#15844=DIRECTION('center_axis',(0.707106781186547,0.,0.707106781186548));
#15845=DIRECTION('ref_axis',(0.707106781186548,0.,-0.707106781186547));
#15846=DIRECTION('',(-0.707106781186548,0.,0.707106781186547));
#15847=DIRECTION('',(0.,1.,0.));
#15848=DIRECTION('center_axis',(0.,0.,1.));
#15849=DIRECTION('ref_axis',(1.,0.,0.));
#15850=DIRECTION('center_axis',(0.,0.,-1.));
#15851=DIRECTION('ref_axis',(1.,0.,0.));
#15852=DIRECTION('center_axis',(0.,0.,1.));
#15853=DIRECTION('ref_axis',(-1.,0.,0.));
#15854=DIRECTION('',(0.,0.,1.));
#15855=DIRECTION('center_axis',(0.,0.,1.));
#15856=DIRECTION('ref_axis',(-1.,0.,0.));
#15857=DIRECTION('',(0.,0.,1.));
#15858=DIRECTION('center_axis',(1.,0.,0.));
#15859=DIRECTION('ref_axis',(0.,1.,0.));
#15860=DIRECTION('',(0.,0.,1.));
#15861=DIRECTION('',(0.,1.,0.));
#15862=DIRECTION('center_axis',(0.707106781186547,0.,-0.707106781186548));
#15863=DIRECTION('ref_axis',(-0.707106781186548,0.,-0.707106781186547));
#15864=DIRECTION('',(-0.707106781186548,0.,-0.707106781186547));
#15865=DIRECTION('',(0.707106781186548,0.,0.707106781186547));
#15866=DIRECTION('',(0.,-1.,0.));
#15867=DIRECTION('center_axis',(0.,0.,-1.));
#15868=DIRECTION('ref_axis',(-1.,0.,0.));
#15869=DIRECTION('',(0.707106781186548,0.,-0.707106781186547));
#15870=DIRECTION('center_axis',(-0.707106781186547,0.,-0.707106781186548));
#15871=DIRECTION('ref_axis',(-0.707106781186548,0.,0.707106781186547));
#15872=DIRECTION('',(0.707106781186548,0.,-0.707106781186547));
#15873=DIRECTION('center_axis',(0.,0.,-1.));
#15874=DIRECTION('ref_axis',(1.,0.,0.));
#15875=DIRECTION('center_axis',(0.,0.,1.));
#15876=DIRECTION('ref_axis',(1.,0.,0.));
#15877=DIRECTION('center_axis',(-1.,0.,0.));
#15878=DIRECTION('ref_axis',(0.,-1.,0.));
#15879=DIRECTION('',(0.,0.,1.));
#15880=DIRECTION('center_axis',(0.,0.,1.));
#15881=DIRECTION('ref_axis',(1.,0.,0.));
#15882=DIRECTION('center_axis',(-0.707106781186547,0.,0.707106781186548));
#15883=DIRECTION('ref_axis',(0.707106781186548,0.,0.707106781186547));
#15884=DIRECTION('',(0.707106781186548,0.,0.707106781186547));
#15885=DIRECTION('',(-0.707106781186548,0.,-0.707106781186547));
#15886=DIRECTION('',(0.,-1.,0.));
#15887=DIRECTION('center_axis',(0.,0.,1.));
#15888=DIRECTION('ref_axis',(-1.,0.,0.));
#15889=DIRECTION('',(-0.707106781186548,0.,0.707106781186547));
#15890=DIRECTION('center_axis',(0.,0.,-1.));
#15891=DIRECTION('ref_axis',(-1.,0.,0.));
#15892=DIRECTION('center_axis',(0.707106781186547,0.,0.707106781186548));
#15893=DIRECTION('ref_axis',(0.707106781186548,0.,-0.707106781186547));
#15894=DIRECTION('',(-0.707106781186548,0.,0.707106781186547));
#15895=DIRECTION('',(0.,1.,0.));
#15896=DIRECTION('center_axis',(0.,0.,1.));
#15897=DIRECTION('ref_axis',(1.,0.,0.));
#15898=DIRECTION('center_axis',(0.,0.,-1.));
#15899=DIRECTION('ref_axis',(1.,0.,0.));
#15900=DIRECTION('center_axis',(0.,0.,1.));
#15901=DIRECTION('ref_axis',(-1.,0.,0.));
#15902=DIRECTION('',(0.,0.,1.));
#15903=DIRECTION('center_axis',(0.,0.,1.));
#15904=DIRECTION('ref_axis',(-1.,0.,0.));
#15905=DIRECTION('',(0.,0.,1.));
#15906=DIRECTION('center_axis',(1.,0.,0.));
#15907=DIRECTION('ref_axis',(0.,1.,0.));
#15908=DIRECTION('',(0.,0.,1.));
#15909=DIRECTION('',(0.,1.,0.));
#15910=DIRECTION('center_axis',(0.707106781186547,0.,-0.707106781186548));
#15911=DIRECTION('ref_axis',(-0.707106781186548,0.,-0.707106781186547));
#15912=DIRECTION('',(-0.707106781186548,0.,-0.707106781186547));
#15913=DIRECTION('',(0.707106781186548,0.,0.707106781186547));
#15914=DIRECTION('',(0.,-1.,0.));
#15915=DIRECTION('center_axis',(0.,0.,-1.));
#15916=DIRECTION('ref_axis',(-1.,0.,0.));
#15917=DIRECTION('',(0.707106781186548,0.,-0.707106781186547));
#15918=DIRECTION('center_axis',(-0.707106781186547,0.,-0.707106781186548));
#15919=DIRECTION('ref_axis',(-0.707106781186548,0.,0.707106781186547));
#15920=DIRECTION('',(0.707106781186548,0.,-0.707106781186547));
#15921=DIRECTION('center_axis',(0.,0.,-1.));
#15922=DIRECTION('ref_axis',(1.,0.,0.));
#15923=DIRECTION('center_axis',(0.,0.,1.));
#15924=DIRECTION('ref_axis',(1.,0.,0.));
#15925=DIRECTION('center_axis',(-1.,0.,0.));
#15926=DIRECTION('ref_axis',(0.,-1.,0.));
#15927=DIRECTION('',(0.,0.,1.));
#15928=DIRECTION('center_axis',(0.,0.,1.));
#15929=DIRECTION('ref_axis',(1.,0.,0.));
#15930=DIRECTION('center_axis',(-0.707106781186547,0.,0.707106781186548));
#15931=DIRECTION('ref_axis',(0.707106781186548,0.,0.707106781186547));
#15932=DIRECTION('',(0.707106781186548,0.,0.707106781186547));
#15933=DIRECTION('',(-0.707106781186548,0.,-0.707106781186547));
#15934=DIRECTION('',(0.,-1.,0.));
#15935=DIRECTION('center_axis',(0.,0.,1.));
#15936=DIRECTION('ref_axis',(-1.,0.,0.));
#15937=DIRECTION('',(-0.707106781186548,0.,0.707106781186547));
#15938=DIRECTION('center_axis',(0.,0.,-1.));
#15939=DIRECTION('ref_axis',(-1.,0.,0.));
#15940=DIRECTION('center_axis',(0.707106781186547,0.,0.707106781186548));
#15941=DIRECTION('ref_axis',(0.707106781186548,0.,-0.707106781186547));
#15942=DIRECTION('',(-0.707106781186548,0.,0.707106781186547));
#15943=DIRECTION('',(0.,1.,0.));
#15944=DIRECTION('center_axis',(0.,0.,1.));
#15945=DIRECTION('ref_axis',(1.,0.,0.));
#15946=DIRECTION('center_axis',(0.,0.,-1.));
#15947=DIRECTION('ref_axis',(1.,0.,0.));
#15948=DIRECTION('center_axis',(0.,0.,1.));
#15949=DIRECTION('ref_axis',(-1.,0.,0.));
#15950=DIRECTION('',(0.,0.,1.));
#15951=DIRECTION('center_axis',(0.,0.,1.));
#15952=DIRECTION('ref_axis',(-1.,0.,0.));
#15953=DIRECTION('',(0.,0.,1.));
#15954=DIRECTION('center_axis',(1.,0.,0.));
#15955=DIRECTION('ref_axis',(0.,1.,0.));
#15956=DIRECTION('',(0.,0.,1.));
#15957=DIRECTION('',(0.,1.,0.));
#15958=DIRECTION('center_axis',(0.707106781186547,0.,-0.707106781186548));
#15959=DIRECTION('ref_axis',(-0.707106781186548,0.,-0.707106781186547));
#15960=DIRECTION('',(-0.707106781186548,0.,-0.707106781186547));
#15961=DIRECTION('',(0.707106781186548,0.,0.707106781186547));
#15962=DIRECTION('',(0.,-1.,0.));
#15963=DIRECTION('center_axis',(0.,0.,-1.));
#15964=DIRECTION('ref_axis',(-1.,0.,0.));
#15965=DIRECTION('',(0.707106781186548,0.,-0.707106781186547));
#15966=DIRECTION('center_axis',(-0.707106781186547,0.,-0.707106781186548));
#15967=DIRECTION('ref_axis',(-0.707106781186548,0.,0.707106781186547));
#15968=DIRECTION('',(0.707106781186548,0.,-0.707106781186547));
#15969=DIRECTION('center_axis',(0.,0.,-1.));
#15970=DIRECTION('ref_axis',(1.,0.,0.));
#15971=DIRECTION('center_axis',(0.,0.,1.));
#15972=DIRECTION('ref_axis',(1.,0.,0.));
#15973=DIRECTION('center_axis',(-1.,0.,0.));
#15974=DIRECTION('ref_axis',(0.,-1.,0.));
#15975=DIRECTION('',(0.,0.,1.));
#15976=DIRECTION('center_axis',(0.,0.,1.));
#15977=DIRECTION('ref_axis',(1.,0.,0.));
#15978=DIRECTION('center_axis',(-0.707106781186547,0.,0.707106781186548));
#15979=DIRECTION('ref_axis',(0.707106781186548,0.,0.707106781186547));
#15980=DIRECTION('',(0.707106781186548,0.,0.707106781186547));
#15981=DIRECTION('',(-0.707106781186548,0.,-0.707106781186547));
#15982=DIRECTION('',(0.,-1.,0.));
#15983=DIRECTION('center_axis',(0.,0.,1.));
#15984=DIRECTION('ref_axis',(-1.,0.,0.));
#15985=DIRECTION('',(-0.707106781186548,0.,0.707106781186547));
#15986=DIRECTION('center_axis',(0.,0.,-1.));
#15987=DIRECTION('ref_axis',(-1.,0.,0.));
#15988=DIRECTION('center_axis',(0.707106781186547,0.,0.707106781186548));
#15989=DIRECTION('ref_axis',(0.707106781186548,0.,-0.707106781186547));
#15990=DIRECTION('',(-0.707106781186548,0.,0.707106781186547));
#15991=DIRECTION('',(0.,1.,0.));
#15992=DIRECTION('center_axis',(0.,0.,1.));
#15993=DIRECTION('ref_axis',(1.,0.,0.));
#15994=DIRECTION('center_axis',(0.,0.,-1.));
#15995=DIRECTION('ref_axis',(1.,0.,0.));
#15996=DIRECTION('center_axis',(0.,0.,1.));
#15997=DIRECTION('ref_axis',(-1.,0.,0.));
#15998=DIRECTION('',(0.,0.,1.));
#15999=DIRECTION('center_axis',(0.,0.,1.));
#16000=DIRECTION('ref_axis',(-1.,0.,0.));
#16001=DIRECTION('',(0.,0.,1.));
#16002=DIRECTION('center_axis',(1.,0.,0.));
#16003=DIRECTION('ref_axis',(0.,1.,0.));
#16004=DIRECTION('',(0.,0.,1.));
#16005=DIRECTION('',(0.,1.,0.));
#16006=DIRECTION('center_axis',(0.707106781186547,0.,-0.707106781186548));
#16007=DIRECTION('ref_axis',(-0.707106781186548,0.,-0.707106781186547));
#16008=DIRECTION('',(-0.707106781186548,0.,-0.707106781186547));
#16009=DIRECTION('',(0.707106781186548,0.,0.707106781186547));
#16010=DIRECTION('',(0.,-1.,0.));
#16011=DIRECTION('center_axis',(0.,0.,-1.));
#16012=DIRECTION('ref_axis',(-1.,0.,0.));
#16013=DIRECTION('',(0.707106781186548,0.,-0.707106781186547));
#16014=DIRECTION('center_axis',(-0.707106781186547,0.,-0.707106781186548));
#16015=DIRECTION('ref_axis',(-0.707106781186548,0.,0.707106781186547));
#16016=DIRECTION('',(0.707106781186548,0.,-0.707106781186547));
#16017=DIRECTION('center_axis',(0.,0.,-1.));
#16018=DIRECTION('ref_axis',(1.,0.,0.));
#16019=DIRECTION('center_axis',(0.,0.,1.));
#16020=DIRECTION('ref_axis',(1.,0.,0.));
#16021=DIRECTION('center_axis',(-1.,0.,0.));
#16022=DIRECTION('ref_axis',(0.,-1.,0.));
#16023=DIRECTION('',(0.,0.,1.));
#16024=DIRECTION('center_axis',(0.,0.,1.));
#16025=DIRECTION('ref_axis',(1.,0.,0.));
#16026=DIRECTION('center_axis',(-0.707106781186547,0.,0.707106781186548));
#16027=DIRECTION('ref_axis',(0.707106781186548,0.,0.707106781186547));
#16028=DIRECTION('',(0.707106781186548,0.,0.707106781186547));
#16029=DIRECTION('',(-0.707106781186548,0.,-0.707106781186547));
#16030=DIRECTION('',(0.,-1.,0.));
#16031=DIRECTION('center_axis',(0.,0.,1.));
#16032=DIRECTION('ref_axis',(-1.,0.,0.));
#16033=DIRECTION('',(-0.707106781186548,0.,0.707106781186547));
#16034=DIRECTION('center_axis',(0.,0.,-1.));
#16035=DIRECTION('ref_axis',(-1.,0.,0.));
#16036=DIRECTION('center_axis',(0.707106781186547,0.,0.707106781186548));
#16037=DIRECTION('ref_axis',(0.707106781186548,0.,-0.707106781186547));
#16038=DIRECTION('',(-0.707106781186548,0.,0.707106781186547));
#16039=DIRECTION('',(0.,1.,0.));
#16040=DIRECTION('center_axis',(0.,0.,1.));
#16041=DIRECTION('ref_axis',(1.,0.,0.));
#16042=DIRECTION('center_axis',(0.,0.,-1.));
#16043=DIRECTION('ref_axis',(1.,0.,0.));
#16044=DIRECTION('center_axis',(0.,0.,1.));
#16045=DIRECTION('ref_axis',(-1.,0.,0.));
#16046=DIRECTION('',(0.,0.,1.));
#16047=DIRECTION('center_axis',(0.,0.,1.));
#16048=DIRECTION('ref_axis',(-1.,0.,0.));
#16049=DIRECTION('',(0.,0.,1.));
#16050=DIRECTION('center_axis',(1.,0.,0.));
#16051=DIRECTION('ref_axis',(0.,1.,0.));
#16052=DIRECTION('',(0.,0.,1.));
#16053=DIRECTION('',(0.,1.,0.));
#16054=DIRECTION('center_axis',(0.707106781186547,0.,-0.707106781186548));
#16055=DIRECTION('ref_axis',(-0.707106781186548,0.,-0.707106781186547));
#16056=DIRECTION('',(-0.707106781186548,0.,-0.707106781186547));
#16057=DIRECTION('',(0.707106781186548,0.,0.707106781186547));
#16058=DIRECTION('',(0.,-1.,0.));
#16059=DIRECTION('center_axis',(0.,0.,-1.));
#16060=DIRECTION('ref_axis',(-1.,0.,0.));
#16061=DIRECTION('',(0.707106781186548,0.,-0.707106781186547));
#16062=DIRECTION('center_axis',(-0.707106781186547,0.,-0.707106781186548));
#16063=DIRECTION('ref_axis',(-0.707106781186548,0.,0.707106781186547));
#16064=DIRECTION('',(0.707106781186548,0.,-0.707106781186547));
#16065=DIRECTION('center_axis',(0.,0.,-1.));
#16066=DIRECTION('ref_axis',(1.,0.,0.));
#16067=DIRECTION('center_axis',(0.,0.,1.));
#16068=DIRECTION('ref_axis',(1.,0.,0.));
#16069=DIRECTION('center_axis',(-1.,0.,0.));
#16070=DIRECTION('ref_axis',(0.,-1.,0.));
#16071=DIRECTION('',(0.,0.,1.));
#16072=DIRECTION('center_axis',(0.,0.,1.));
#16073=DIRECTION('ref_axis',(1.,0.,0.));
#16074=DIRECTION('center_axis',(-0.707106781186547,0.,0.707106781186548));
#16075=DIRECTION('ref_axis',(0.707106781186548,0.,0.707106781186547));
#16076=DIRECTION('',(0.707106781186548,0.,0.707106781186547));
#16077=DIRECTION('',(-0.707106781186548,0.,-0.707106781186547));
#16078=DIRECTION('',(0.,-1.,0.));
#16079=DIRECTION('center_axis',(0.,0.,1.));
#16080=DIRECTION('ref_axis',(-1.,0.,0.));
#16081=DIRECTION('',(-0.707106781186548,0.,0.707106781186547));
#16082=DIRECTION('center_axis',(0.,0.,-1.));
#16083=DIRECTION('ref_axis',(-1.,0.,0.));
#16084=DIRECTION('center_axis',(0.707106781186547,0.,0.707106781186548));
#16085=DIRECTION('ref_axis',(0.707106781186548,0.,-0.707106781186547));
#16086=DIRECTION('',(-0.707106781186548,0.,0.707106781186547));
#16087=DIRECTION('',(0.,1.,0.));
#16088=DIRECTION('center_axis',(0.,0.,1.));
#16089=DIRECTION('ref_axis',(1.,0.,0.));
#16090=DIRECTION('center_axis',(0.,0.,-1.));
#16091=DIRECTION('ref_axis',(1.,0.,0.));
#16092=DIRECTION('center_axis',(0.,0.,1.));
#16093=DIRECTION('ref_axis',(-1.,0.,0.));
#16094=DIRECTION('',(0.,0.,1.));
#16095=DIRECTION('center_axis',(0.,0.,1.));
#16096=DIRECTION('ref_axis',(-1.,0.,0.));
#16097=DIRECTION('',(0.,0.,1.));
#16098=DIRECTION('center_axis',(1.,0.,0.));
#16099=DIRECTION('ref_axis',(0.,1.,0.));
#16100=DIRECTION('',(0.,0.,1.));
#16101=DIRECTION('',(0.,1.,0.));
#16102=DIRECTION('center_axis',(0.707106781186547,0.,-0.707106781186548));
#16103=DIRECTION('ref_axis',(-0.707106781186548,0.,-0.707106781186547));
#16104=DIRECTION('',(-0.707106781186548,0.,-0.707106781186547));
#16105=DIRECTION('',(0.707106781186548,0.,0.707106781186547));
#16106=DIRECTION('',(0.,-1.,0.));
#16107=DIRECTION('center_axis',(0.,0.,-1.));
#16108=DIRECTION('ref_axis',(-1.,0.,0.));
#16109=DIRECTION('',(0.707106781186548,0.,-0.707106781186547));
#16110=DIRECTION('center_axis',(-0.707106781186547,0.,-0.707106781186548));
#16111=DIRECTION('ref_axis',(-0.707106781186548,0.,0.707106781186547));
#16112=DIRECTION('',(0.707106781186548,0.,-0.707106781186547));
#16113=DIRECTION('center_axis',(0.,0.,-1.));
#16114=DIRECTION('ref_axis',(1.,0.,0.));
#16115=DIRECTION('center_axis',(0.,0.,1.));
#16116=DIRECTION('ref_axis',(1.,0.,0.));
#16117=DIRECTION('center_axis',(-1.,0.,0.));
#16118=DIRECTION('ref_axis',(0.,-1.,0.));
#16119=DIRECTION('',(0.,0.,1.));
#16120=DIRECTION('center_axis',(0.,0.,1.));
#16121=DIRECTION('ref_axis',(1.,0.,0.));
#16122=DIRECTION('center_axis',(-0.707106781186547,0.,0.707106781186548));
#16123=DIRECTION('ref_axis',(0.707106781186548,0.,0.707106781186547));
#16124=DIRECTION('',(0.707106781186548,0.,0.707106781186547));
#16125=DIRECTION('',(-0.707106781186548,0.,-0.707106781186547));
#16126=DIRECTION('',(0.,-1.,0.));
#16127=DIRECTION('center_axis',(0.,0.,1.));
#16128=DIRECTION('ref_axis',(-1.,0.,0.));
#16129=DIRECTION('',(-0.707106781186548,0.,0.707106781186547));
#16130=DIRECTION('center_axis',(0.,0.,-1.));
#16131=DIRECTION('ref_axis',(-1.,0.,0.));
#16132=DIRECTION('center_axis',(0.707106781186547,0.,0.707106781186548));
#16133=DIRECTION('ref_axis',(0.707106781186548,0.,-0.707106781186547));
#16134=DIRECTION('',(-0.707106781186548,0.,0.707106781186547));
#16135=DIRECTION('',(0.,1.,0.));
#16136=DIRECTION('center_axis',(0.,0.,1.));
#16137=DIRECTION('ref_axis',(1.,0.,0.));
#16138=DIRECTION('center_axis',(0.,0.,-1.));
#16139=DIRECTION('ref_axis',(1.,0.,0.));
#16140=DIRECTION('center_axis',(0.,0.,1.));
#16141=DIRECTION('ref_axis',(-1.,0.,0.));
#16142=DIRECTION('',(0.,0.,1.));
#16143=DIRECTION('center_axis',(0.,0.,1.));
#16144=DIRECTION('ref_axis',(-1.,0.,0.));
#16145=DIRECTION('',(0.,0.,1.));
#16146=DIRECTION('center_axis',(1.,0.,0.));
#16147=DIRECTION('ref_axis',(0.,1.,0.));
#16148=DIRECTION('',(0.,0.,1.));
#16149=DIRECTION('',(0.,1.,0.));
#16150=DIRECTION('center_axis',(0.707106781186547,0.,-0.707106781186548));
#16151=DIRECTION('ref_axis',(-0.707106781186548,0.,-0.707106781186547));
#16152=DIRECTION('',(-0.707106781186548,0.,-0.707106781186547));
#16153=DIRECTION('',(0.707106781186548,0.,0.707106781186547));
#16154=DIRECTION('',(0.,-1.,0.));
#16155=DIRECTION('center_axis',(0.,0.,-1.));
#16156=DIRECTION('ref_axis',(-1.,0.,0.));
#16157=DIRECTION('',(0.707106781186548,0.,-0.707106781186547));
#16158=DIRECTION('center_axis',(-0.707106781186547,0.,-0.707106781186548));
#16159=DIRECTION('ref_axis',(-0.707106781186548,0.,0.707106781186547));
#16160=DIRECTION('',(0.707106781186548,0.,-0.707106781186547));
#16161=DIRECTION('center_axis',(0.,0.,-1.));
#16162=DIRECTION('ref_axis',(1.,0.,0.));
#16163=DIRECTION('center_axis',(0.,0.,1.));
#16164=DIRECTION('ref_axis',(1.,0.,0.));
#16165=DIRECTION('center_axis',(-1.,0.,0.));
#16166=DIRECTION('ref_axis',(0.,-1.,0.));
#16167=DIRECTION('',(0.,0.,1.));
#16168=DIRECTION('center_axis',(0.,0.,1.));
#16169=DIRECTION('ref_axis',(1.,0.,0.));
#16170=DIRECTION('center_axis',(-0.707106781186547,0.,0.707106781186548));
#16171=DIRECTION('ref_axis',(0.707106781186548,0.,0.707106781186547));
#16172=DIRECTION('',(0.707106781186548,0.,0.707106781186547));
#16173=DIRECTION('',(-0.707106781186548,0.,-0.707106781186547));
#16174=DIRECTION('',(0.,-1.,0.));
#16175=DIRECTION('center_axis',(0.,0.,1.));
#16176=DIRECTION('ref_axis',(-1.,0.,0.));
#16177=DIRECTION('',(-0.707106781186548,0.,0.707106781186547));
#16178=DIRECTION('center_axis',(0.,0.,-1.));
#16179=DIRECTION('ref_axis',(-1.,0.,0.));
#16180=DIRECTION('center_axis',(0.707106781186547,0.,0.707106781186548));
#16181=DIRECTION('ref_axis',(0.707106781186548,0.,-0.707106781186547));
#16182=DIRECTION('',(-0.707106781186548,0.,0.707106781186547));
#16183=DIRECTION('',(0.,1.,0.));
#16184=DIRECTION('center_axis',(0.,0.,1.));
#16185=DIRECTION('ref_axis',(1.,0.,0.));
#16186=DIRECTION('center_axis',(0.,0.,-1.));
#16187=DIRECTION('ref_axis',(1.,0.,0.));
#16188=DIRECTION('center_axis',(0.,0.,1.));
#16189=DIRECTION('ref_axis',(-1.,0.,0.));
#16190=DIRECTION('',(0.,0.,1.));
#16191=DIRECTION('center_axis',(0.,0.,1.));
#16192=DIRECTION('ref_axis',(-1.,0.,0.));
#16193=DIRECTION('',(0.,0.,1.));
#16194=DIRECTION('center_axis',(1.,0.,0.));
#16195=DIRECTION('ref_axis',(0.,1.,0.));
#16196=DIRECTION('',(0.,0.,1.));
#16197=DIRECTION('',(0.,1.,0.));
#16198=DIRECTION('center_axis',(0.707106781186547,0.,-0.707106781186548));
#16199=DIRECTION('ref_axis',(-0.707106781186548,0.,-0.707106781186547));
#16200=DIRECTION('',(-0.707106781186548,0.,-0.707106781186547));
#16201=DIRECTION('',(0.707106781186548,0.,0.707106781186547));
#16202=DIRECTION('',(0.,-1.,0.));
#16203=DIRECTION('center_axis',(0.,0.,-1.));
#16204=DIRECTION('ref_axis',(-1.,0.,0.));
#16205=DIRECTION('',(0.707106781186548,0.,-0.707106781186547));
#16206=DIRECTION('center_axis',(-0.707106781186547,0.,-0.707106781186548));
#16207=DIRECTION('ref_axis',(-0.707106781186548,0.,0.707106781186547));
#16208=DIRECTION('',(0.707106781186548,0.,-0.707106781186547));
#16209=DIRECTION('center_axis',(0.,0.,-1.));
#16210=DIRECTION('ref_axis',(1.,0.,0.));
#16211=DIRECTION('center_axis',(0.,0.,1.));
#16212=DIRECTION('ref_axis',(1.,0.,0.));
#16213=DIRECTION('center_axis',(-1.,0.,0.));
#16214=DIRECTION('ref_axis',(0.,-1.,0.));
#16215=DIRECTION('',(0.,0.,1.));
#16216=DIRECTION('center_axis',(0.,0.,1.));
#16217=DIRECTION('ref_axis',(1.,0.,0.));
#16218=CARTESIAN_POINT('',(0.,0.,0.));
#16219=CARTESIAN_POINT('Origin',(92.9883087061782,-81.5,0.110366322962389));
#16220=CARTESIAN_POINT('',(97.,-81.5,0.));
#16221=CARTESIAN_POINT('',(92.9762687436732,-85.5,0.));
#16222=CARTESIAN_POINT('Origin',(92.9762687436732,-81.5,0.));
#16223=CARTESIAN_POINT('',(95.8,-81.5,-11.));
#16224=CARTESIAN_POINT('',(96.9647174126102,-81.5,-0.323423717739278));
#16225=CARTESIAN_POINT('',(91.7762687436733,-85.5,-11.));
#16226=CARTESIAN_POINT('Origin',(91.7762687436733,-81.5,-11.));
#16227=CARTESIAN_POINT('',(92.9883087061782,-85.5,0.110366322962389));
#16228=CARTESIAN_POINT('Origin',(97.0000000000001,91.,-2.22044604925031E-15));
#16229=CARTESIAN_POINT('',(97.0000000000001,81.5,0.));
#16230=CARTESIAN_POINT('',(97.0000000000001,45.4999999999999,0.));
#16231=CARTESIAN_POINT('',(95.8000000000001,81.5,-11.));
#16232=CARTESIAN_POINT('',(97.017641293695,81.5,0.161711858869649));
#16233=CARTESIAN_POINT('',(95.8000000000001,91.,-11.));
#16234=CARTESIAN_POINT('Origin',(81.5000000000002,-93.0412325872627,0.595501899571319));
#16235=CARTESIAN_POINT('',(85.5000000000001,-92.9762687436731,0.));
#16236=CARTESIAN_POINT('',(81.5000000000002,-96.9999999999998,0.));
#16237=CARTESIAN_POINT('Origin',(81.5000000000002,-92.9762687436731,0.));
#16238=CARTESIAN_POINT('',(85.5000000000002,-91.7762687436731,-10.9999999999999));
#16239=CARTESIAN_POINT('',(85.5000000000002,-93.0412325872627,0.595501899571319));
#16240=CARTESIAN_POINT('',(81.5000000000002,-95.7999999999998,-11.));
#16241=CARTESIAN_POINT('Origin',(81.5000000000002,-91.7762687436731,-10.9999999999999));
#16242=CARTESIAN_POINT('',(81.5000000000002,-97.0176412936947,0.16171185886965));
#16243=CARTESIAN_POINT('Origin',(1.06581410364015E-13,-7.105427357601E-14,
0.));
#16244=CARTESIAN_POINT('',(91.0000000000002,-85.5,0.));
#16245=CARTESIAN_POINT('',(45.5000000000001,-85.5,0.));
#16246=CARTESIAN_POINT('',(85.5000000000002,-91.,0.));
#16247=CARTESIAN_POINT('Origin',(91.0000000000002,-91.,0.));
#16248=CARTESIAN_POINT('',(85.5000000000003,-50.0000000000002,0.));
#16249=CARTESIAN_POINT('',(-81.5000000000002,-97.,0.));
#16250=CARTESIAN_POINT('',(45.4999999999947,-96.9999999999998,0.));
#16251=CARTESIAN_POINT('',(-85.5000000000001,-92.9762687436733,0.));
#16252=CARTESIAN_POINT('Origin',(-81.5000000000002,-92.9762687436732,0.));
#16253=CARTESIAN_POINT('',(-85.5000000000002,-91.,0.));
#16254=CARTESIAN_POINT('',(-85.5000000000003,-45.5000000000002,0.));
#16255=CARTESIAN_POINT('',(-91.0000000000002,-85.5,0.));
#16256=CARTESIAN_POINT('Origin',(-91.0000000000002,-91.,0.));
#16257=CARTESIAN_POINT('',(-92.9762687436732,-85.5,0.));
#16258=CARTESIAN_POINT('',(-50.,-85.5,0.));
#16259=CARTESIAN_POINT('',(-96.9999999999999,-81.5,1.11022302462516E-15));
#16260=CARTESIAN_POINT('Origin',(-92.9762687436732,-81.5,0.));
#16261=CARTESIAN_POINT('',(-97.,81.5,1.11022302462516E-15));
#16262=CARTESIAN_POINT('',(-96.9999999999999,-45.5000000000038,1.11022302462516E-15));
#16263=CARTESIAN_POINT('',(-92.9762687436733,85.5,0.));
#16264=CARTESIAN_POINT('Origin',(-92.9762687436733,81.5,0.));
#16265=CARTESIAN_POINT('',(-91.0000000000002,85.5,0.));
#16266=CARTESIAN_POINT('',(-45.5,85.5,0.));
#16267=CARTESIAN_POINT('',(-85.5000000000002,91.,0.));
#16268=CARTESIAN_POINT('Origin',(-91.0000000000002,91.,0.));
#16269=CARTESIAN_POINT('',(-85.5000000000001,92.9762687436732,0.));
#16270=CARTESIAN_POINT('',(-85.5000000000003,50.0000000000001,0.));
#16271=CARTESIAN_POINT('',(-81.5000000000002,96.9999999999999,0.));
#16272=CARTESIAN_POINT('Origin',(-81.5000000000002,92.9762687436732,0.));
#16273=CARTESIAN_POINT('',(81.5000000000002,96.9999999999999,0.));
#16274=CARTESIAN_POINT('',(3.43559124982906E-14,96.9999999999999,0.));
#16275=CARTESIAN_POINT('',(85.5000000000001,92.9762687436732,0.));
#16276=CARTESIAN_POINT('Origin',(81.5000000000002,92.9762687436732,0.));
#16277=CARTESIAN_POINT('',(85.5000000000002,91.,0.));
#16278=CARTESIAN_POINT('',(85.5000000000003,45.5000000000001,0.));
#16279=CARTESIAN_POINT('',(91.0000000000002,85.5,0.));
#16280=CARTESIAN_POINT('Origin',(91.0000000000002,91.,0.));
#16281=CARTESIAN_POINT('',(92.9762687436734,85.5,0.));
#16282=CARTESIAN_POINT('',(50.0000000000001,85.5,0.));
#16283=CARTESIAN_POINT('Origin',(92.9762687436734,81.5,0.));
#16284=CARTESIAN_POINT('',(56.6000000000002,-65.4500000000001,0.));
#16285=CARTESIAN_POINT('',(56.6000000000002,-54.5500000000001,0.));
#16286=CARTESIAN_POINT('',(56.6000000000002,-87.2750000000001,0.));
#16287=CARTESIAN_POINT('',(63.4000000000002,-65.4500000000001,0.));
#16288=CARTESIAN_POINT('Origin',(60.0000000000002,-65.4500000000001,0.));
#16289=CARTESIAN_POINT('',(63.4000000000002,-54.5500000000001,0.));
#16290=CARTESIAN_POINT('',(63.4000000000002,-92.7250000000001,0.));
#16291=CARTESIAN_POINT('Origin',(60.0000000000002,-54.5500000000001,0.));
#16292=CARTESIAN_POINT('',(16.6000000000002,-65.4500000000001,0.));
#16293=CARTESIAN_POINT('',(16.6000000000002,-54.5500000000001,0.));
#16294=CARTESIAN_POINT('',(16.6000000000002,-87.2750000000001,0.));
#16295=CARTESIAN_POINT('',(23.4000000000002,-65.4500000000001,0.));
#16296=CARTESIAN_POINT('Origin',(20.0000000000002,-65.4500000000001,0.));
#16297=CARTESIAN_POINT('',(23.4000000000002,-54.5500000000001,0.));
#16298=CARTESIAN_POINT('',(23.4000000000002,-92.7250000000001,0.));
#16299=CARTESIAN_POINT('Origin',(20.0000000000002,-54.5500000000001,0.));
#16300=CARTESIAN_POINT('',(-23.3999999999998,-65.4500000000001,0.));
#16301=CARTESIAN_POINT('',(-23.3999999999998,-54.5500000000001,0.));
#16302=CARTESIAN_POINT('',(-23.3999999999998,-87.2750000000001,0.));
#16303=CARTESIAN_POINT('',(-16.5999999999998,-65.4500000000001,0.));
#16304=CARTESIAN_POINT('Origin',(-19.9999999999998,-65.4500000000001,0.));
#16305=CARTESIAN_POINT('',(-16.5999999999998,-54.5500000000001,0.));
#16306=CARTESIAN_POINT('',(-16.5999999999998,-92.7250000000001,0.));
#16307=CARTESIAN_POINT('Origin',(-19.9999999999998,-54.5500000000001,0.));
#16308=CARTESIAN_POINT('',(-63.3999999999998,-65.4500000000001,0.));
#16309=CARTESIAN_POINT('',(-63.3999999999998,-54.5500000000001,0.));
#16310=CARTESIAN_POINT('',(-63.3999999999998,-87.2750000000001,0.));
#16311=CARTESIAN_POINT('',(-56.5999999999998,-65.4500000000001,0.));
#16312=CARTESIAN_POINT('Origin',(-59.9999999999998,-65.4500000000001,0.));
#16313=CARTESIAN_POINT('',(-56.5999999999998,-54.5500000000001,0.));
#16314=CARTESIAN_POINT('',(-56.5999999999998,-92.7250000000001,0.));
#16315=CARTESIAN_POINT('Origin',(-59.9999999999998,-54.5500000000001,0.));
#16316=CARTESIAN_POINT('',(56.6000000000002,-25.4500000000001,0.));
#16317=CARTESIAN_POINT('',(56.6000000000002,-14.5500000000001,0.));
#16318=CARTESIAN_POINT('',(56.6000000000002,-47.2750000000001,0.));
#16319=CARTESIAN_POINT('',(63.4000000000002,-25.4500000000001,0.));
#16320=CARTESIAN_POINT('Origin',(60.0000000000002,-25.4500000000001,0.));
#16321=CARTESIAN_POINT('',(63.4000000000002,-14.5500000000001,0.));
#16322=CARTESIAN_POINT('',(63.4000000000002,-52.7250000000001,0.));
#16323=CARTESIAN_POINT('Origin',(60.0000000000002,-14.5500000000001,0.));
#16324=CARTESIAN_POINT('',(16.6000000000002,-25.4500000000001,0.));
#16325=CARTESIAN_POINT('',(16.6000000000002,-14.5500000000001,0.));
#16326=CARTESIAN_POINT('',(16.6000000000002,-47.2750000000001,0.));
#16327=CARTESIAN_POINT('',(23.4000000000002,-25.4500000000001,0.));
#16328=CARTESIAN_POINT('Origin',(20.0000000000002,-25.4500000000001,0.));
#16329=CARTESIAN_POINT('',(23.4000000000002,-14.5500000000001,0.));
#16330=CARTESIAN_POINT('',(23.4000000000002,-52.7250000000001,0.));
#16331=CARTESIAN_POINT('Origin',(20.0000000000002,-14.5500000000001,0.));
#16332=CARTESIAN_POINT('',(-23.3999999999998,-25.4500000000001,0.));
#16333=CARTESIAN_POINT('',(-23.3999999999998,-14.5500000000001,0.));
#16334=CARTESIAN_POINT('',(-23.3999999999998,-47.2750000000001,0.));
#16335=CARTESIAN_POINT('',(-16.5999999999998,-25.4500000000001,0.));
#16336=CARTESIAN_POINT('Origin',(-19.9999999999998,-25.4500000000001,0.));
#16337=CARTESIAN_POINT('',(-16.5999999999998,-14.5500000000001,0.));
#16338=CARTESIAN_POINT('',(-16.5999999999998,-52.7250000000001,0.));
#16339=CARTESIAN_POINT('Origin',(-19.9999999999998,-14.5500000000001,0.));
#16340=CARTESIAN_POINT('',(-63.3999999999998,-25.4500000000001,0.));
#16341=CARTESIAN_POINT('',(-63.3999999999998,-14.5500000000001,0.));
#16342=CARTESIAN_POINT('',(-63.3999999999998,-47.2750000000001,0.));
#16343=CARTESIAN_POINT('',(-56.5999999999998,-25.4500000000001,0.));
#16344=CARTESIAN_POINT('Origin',(-59.9999999999998,-25.4500000000001,0.));
#16345=CARTESIAN_POINT('',(-56.5999999999998,-14.5500000000001,0.));
#16346=CARTESIAN_POINT('',(-56.5999999999998,-52.7250000000001,0.));
#16347=CARTESIAN_POINT('Origin',(-59.9999999999998,-14.5500000000001,0.));
#16348=CARTESIAN_POINT('',(56.6000000000002,14.5499999999999,0.));
#16349=CARTESIAN_POINT('',(56.6000000000002,25.4499999999999,0.));
#16350=CARTESIAN_POINT('',(56.6000000000002,-7.27500000000008,0.));
#16351=CARTESIAN_POINT('',(63.4000000000002,14.5499999999999,0.));
#16352=CARTESIAN_POINT('Origin',(60.0000000000002,14.5499999999999,0.));
#16353=CARTESIAN_POINT('',(63.4000000000002,25.4499999999999,0.));
#16354=CARTESIAN_POINT('',(63.4000000000002,-12.7250000000001,0.));
#16355=CARTESIAN_POINT('Origin',(60.0000000000002,25.4499999999999,0.));
#16356=CARTESIAN_POINT('',(16.6000000000002,14.5499999999999,0.));
#16357=CARTESIAN_POINT('',(16.6000000000002,25.4499999999999,0.));
#16358=CARTESIAN_POINT('',(16.6000000000002,-7.27500000000008,0.));
#16359=CARTESIAN_POINT('',(23.4000000000002,14.5499999999999,0.));
#16360=CARTESIAN_POINT('Origin',(20.0000000000002,14.5499999999999,0.));
#16361=CARTESIAN_POINT('',(23.4000000000002,25.4499999999999,0.));
#16362=CARTESIAN_POINT('',(23.4000000000002,-12.7250000000001,0.));
#16363=CARTESIAN_POINT('Origin',(20.0000000000002,25.4499999999999,0.));
#16364=CARTESIAN_POINT('',(-23.3999999999998,14.5499999999999,0.));
#16365=CARTESIAN_POINT('',(-23.3999999999998,25.4499999999999,0.));
#16366=CARTESIAN_POINT('',(-23.3999999999998,-7.27500000000008,0.));
#16367=CARTESIAN_POINT('',(-16.5999999999998,14.5499999999999,0.));
#16368=CARTESIAN_POINT('Origin',(-19.9999999999998,14.5499999999999,0.));
#16369=CARTESIAN_POINT('',(-16.5999999999998,25.4499999999999,0.));
#16370=CARTESIAN_POINT('',(-16.5999999999998,-12.7250000000001,0.));
#16371=CARTESIAN_POINT('Origin',(-19.9999999999998,25.4499999999999,0.));
#16372=CARTESIAN_POINT('',(-63.3999999999998,14.5499999999999,0.));
#16373=CARTESIAN_POINT('',(-63.3999999999998,25.4499999999999,0.));
#16374=CARTESIAN_POINT('',(-63.3999999999998,-7.27500000000008,0.));
#16375=CARTESIAN_POINT('',(-56.5999999999998,14.5499999999999,0.));
#16376=CARTESIAN_POINT('Origin',(-59.9999999999998,14.5499999999999,0.));
#16377=CARTESIAN_POINT('',(-56.5999999999998,25.4499999999999,0.));
#16378=CARTESIAN_POINT('',(-56.5999999999998,-12.7250000000001,0.));
#16379=CARTESIAN_POINT('Origin',(-59.9999999999998,25.4499999999999,0.));
#16380=CARTESIAN_POINT('',(56.6000000000002,54.5499999999999,0.));
#16381=CARTESIAN_POINT('',(56.6000000000002,65.4499999999999,0.));
#16382=CARTESIAN_POINT('',(56.6000000000002,32.7249999999999,0.));
#16383=CARTESIAN_POINT('',(63.4000000000002,54.5499999999999,0.));
#16384=CARTESIAN_POINT('Origin',(60.0000000000002,54.5499999999999,0.));
#16385=CARTESIAN_POINT('',(63.4000000000002,65.4499999999999,0.));
#16386=CARTESIAN_POINT('',(63.4000000000002,27.2749999999999,0.));
#16387=CARTESIAN_POINT('Origin',(60.0000000000002,65.4499999999999,0.));
#16388=CARTESIAN_POINT('',(16.6000000000002,54.5499999999999,0.));
#16389=CARTESIAN_POINT('',(16.6000000000002,65.4499999999999,0.));
#16390=CARTESIAN_POINT('',(16.6000000000002,32.7249999999999,0.));
#16391=CARTESIAN_POINT('',(23.4000000000002,54.5499999999999,0.));
#16392=CARTESIAN_POINT('Origin',(20.0000000000002,54.5499999999999,0.));
#16393=CARTESIAN_POINT('',(23.4000000000002,65.4499999999999,0.));
#16394=CARTESIAN_POINT('',(23.4000000000002,27.2749999999999,0.));
#16395=CARTESIAN_POINT('Origin',(20.0000000000002,65.4499999999999,0.));
#16396=CARTESIAN_POINT('',(-23.3999999999998,54.5499999999999,0.));
#16397=CARTESIAN_POINT('',(-23.3999999999998,65.4499999999999,0.));
#16398=CARTESIAN_POINT('',(-23.3999999999998,32.7249999999999,0.));
#16399=CARTESIAN_POINT('',(-16.5999999999998,54.5499999999999,0.));
#16400=CARTESIAN_POINT('Origin',(-19.9999999999998,54.5499999999999,0.));
#16401=CARTESIAN_POINT('',(-16.5999999999998,65.4499999999999,0.));
#16402=CARTESIAN_POINT('',(-16.5999999999998,27.2749999999999,0.));
#16403=CARTESIAN_POINT('Origin',(-19.9999999999998,65.4499999999999,0.));
#16404=CARTESIAN_POINT('',(-83.3999999999998,74.5499999999999,0.));
#16405=CARTESIAN_POINT('',(-83.3999999999998,85.4499999999999,0.));
#16406=CARTESIAN_POINT('',(-83.3999999999998,42.7249999999999,0.));
#16407=CARTESIAN_POINT('',(-76.5999999999998,74.5499999999999,0.));
#16408=CARTESIAN_POINT('Origin',(-79.9999999999998,74.5499999999999,0.));
#16409=CARTESIAN_POINT('',(-76.5999999999998,85.4499999999999,0.));
#16410=CARTESIAN_POINT('',(-76.5999999999998,37.2749999999999,0.));
#16411=CARTESIAN_POINT('Origin',(-79.9999999999998,85.4499999999999,0.));
#16412=CARTESIAN_POINT('',(-43.3999999999998,74.5499999999999,0.));
#16413=CARTESIAN_POINT('',(-43.3999999999998,85.4499999999999,0.));
#16414=CARTESIAN_POINT('',(-43.3999999999998,42.7249999999999,0.));
#16415=CARTESIAN_POINT('',(-36.5999999999998,74.5499999999999,0.));
#16416=CARTESIAN_POINT('Origin',(-39.9999999999998,74.5499999999999,0.));
#16417=CARTESIAN_POINT('',(-36.5999999999998,85.4499999999999,0.));
#16418=CARTESIAN_POINT('',(-36.5999999999998,37.2749999999999,0.));
#16419=CARTESIAN_POINT('Origin',(-39.9999999999998,85.4499999999999,0.));
#16420=CARTESIAN_POINT('',(-3.39999999999982,74.5499999999999,0.));
#16421=CARTESIAN_POINT('',(-3.39999999999982,85.4499999999999,0.));
#16422=CARTESIAN_POINT('',(-3.39999999999982,42.7249999999999,0.));
#16423=CARTESIAN_POINT('',(3.40000000000018,74.5499999999999,0.));
#16424=CARTESIAN_POINT('Origin',(1.77635683940025E-13,74.5499999999999,
0.));
#16425=CARTESIAN_POINT('',(3.40000000000018,85.4499999999999,0.));
#16426=CARTESIAN_POINT('',(3.40000000000018,37.2749999999999,0.));
#16427=CARTESIAN_POINT('Origin',(1.77635683940025E-13,85.4499999999999,
0.));
#16428=CARTESIAN_POINT('',(36.6000000000002,74.5499999999999,0.));
#16429=CARTESIAN_POINT('',(36.6000000000002,85.4499999999999,0.));
#16430=CARTESIAN_POINT('',(36.6000000000002,42.7249999999999,0.));
#16431=CARTESIAN_POINT('',(43.4000000000002,74.5499999999999,0.));
#16432=CARTESIAN_POINT('Origin',(40.0000000000002,74.5499999999999,0.));
#16433=CARTESIAN_POINT('',(43.4000000000002,85.4499999999999,0.));
#16434=CARTESIAN_POINT('',(43.4000000000002,37.2749999999999,0.));
#16435=CARTESIAN_POINT('Origin',(40.0000000000002,85.4499999999999,0.));
#16436=CARTESIAN_POINT('',(76.6000000000002,74.5499999999999,0.));
#16437=CARTESIAN_POINT('',(76.6000000000002,85.4499999999999,0.));
#16438=CARTESIAN_POINT('',(76.6000000000002,42.7249999999999,0.));
#16439=CARTESIAN_POINT('',(83.4000000000002,74.5499999999999,0.));
#16440=CARTESIAN_POINT('Origin',(80.0000000000002,74.5499999999999,0.));
#16441=CARTESIAN_POINT('',(83.4000000000002,85.4499999999999,0.));
#16442=CARTESIAN_POINT('',(83.4000000000002,37.2749999999999,0.));
#16443=CARTESIAN_POINT('Origin',(80.0000000000002,85.4499999999999,0.));
#16444=CARTESIAN_POINT('',(-83.3999999999998,34.5499999999999,0.));
#16445=CARTESIAN_POINT('',(-83.3999999999998,45.4499999999999,0.));
#16446=CARTESIAN_POINT('',(-83.3999999999998,2.72499999999992,0.));
#16447=CARTESIAN_POINT('',(-76.5999999999998,34.5499999999999,0.));
#16448=CARTESIAN_POINT('Origin',(-79.9999999999998,34.5499999999999,0.));
#16449=CARTESIAN_POINT('',(-76.5999999999998,45.4499999999999,0.));
#16450=CARTESIAN_POINT('',(-76.5999999999998,-2.72500000000008,0.));
#16451=CARTESIAN_POINT('Origin',(-79.9999999999998,45.4499999999999,0.));
#16452=CARTESIAN_POINT('',(-43.3999999999998,34.5499999999999,0.));
#16453=CARTESIAN_POINT('',(-43.3999999999998,45.4499999999999,0.));
#16454=CARTESIAN_POINT('',(-43.3999999999998,2.72499999999992,0.));
#16455=CARTESIAN_POINT('',(-36.5999999999998,34.5499999999999,0.));
#16456=CARTESIAN_POINT('Origin',(-39.9999999999998,34.5499999999999,0.));
#16457=CARTESIAN_POINT('',(-36.5999999999998,45.4499999999999,0.));
#16458=CARTESIAN_POINT('',(-36.5999999999998,-2.72500000000008,0.));
#16459=CARTESIAN_POINT('Origin',(-39.9999999999998,45.4499999999999,0.));
#16460=CARTESIAN_POINT('',(-3.39999999999982,34.5499999999999,0.));
#16461=CARTESIAN_POINT('',(-3.39999999999982,45.4499999999999,0.));
#16462=CARTESIAN_POINT('',(-3.39999999999982,2.72499999999992,0.));
#16463=CARTESIAN_POINT('',(3.40000000000018,34.5499999999999,0.));
#16464=CARTESIAN_POINT('Origin',(1.77635683940025E-13,34.5499999999999,
0.));
#16465=CARTESIAN_POINT('',(3.40000000000018,45.4499999999999,0.));
#16466=CARTESIAN_POINT('',(3.40000000000018,-2.72500000000008,0.));
#16467=CARTESIAN_POINT('Origin',(1.77635683940025E-13,45.4499999999999,
0.));
#16468=CARTESIAN_POINT('',(36.6000000000002,34.5499999999999,0.));
#16469=CARTESIAN_POINT('',(36.6000000000002,45.4499999999999,0.));
#16470=CARTESIAN_POINT('',(36.6000000000002,2.72499999999992,0.));
#16471=CARTESIAN_POINT('',(43.4000000000002,34.5499999999999,0.));
#16472=CARTESIAN_POINT('Origin',(40.0000000000002,34.5499999999999,0.));
#16473=CARTESIAN_POINT('',(43.4000000000002,45.4499999999999,0.));
#16474=CARTESIAN_POINT('',(43.4000000000002,-2.72500000000008,0.));
#16475=CARTESIAN_POINT('Origin',(40.0000000000002,45.4499999999999,0.));
#16476=CARTESIAN_POINT('',(76.6000000000002,34.5499999999999,0.));
#16477=CARTESIAN_POINT('',(76.6000000000002,45.4499999999999,0.));
#16478=CARTESIAN_POINT('',(76.6000000000002,2.72499999999992,0.));
#16479=CARTESIAN_POINT('',(83.4000000000002,34.5499999999999,0.));
#16480=CARTESIAN_POINT('Origin',(80.0000000000002,34.5499999999999,0.));
#16481=CARTESIAN_POINT('',(83.4000000000002,45.4499999999999,0.));
#16482=CARTESIAN_POINT('',(83.4000000000002,-2.72500000000008,0.));
#16483=CARTESIAN_POINT('Origin',(80.0000000000002,45.4499999999999,0.));
#16484=CARTESIAN_POINT('',(-83.3999999999998,-5.45000000000009,0.));
#16485=CARTESIAN_POINT('',(-83.3999999999998,5.44999999999991,0.));
#16486=CARTESIAN_POINT('',(-83.3999999999998,-37.2750000000001,0.));
#16487=CARTESIAN_POINT('',(-76.5999999999998,-5.45000000000009,0.));
#16488=CARTESIAN_POINT('Origin',(-79.9999999999998,-5.45000000000009,0.));
#16489=CARTESIAN_POINT('',(-76.5999999999998,5.44999999999991,0.));
#16490=CARTESIAN_POINT('',(-76.5999999999998,-42.7250000000001,0.));
#16491=CARTESIAN_POINT('Origin',(-79.9999999999998,5.44999999999991,0.));
#16492=CARTESIAN_POINT('',(-43.3999999999998,-5.45000000000009,0.));
#16493=CARTESIAN_POINT('',(-43.3999999999998,5.44999999999991,0.));
#16494=CARTESIAN_POINT('',(-43.3999999999998,-37.2750000000001,0.));
#16495=CARTESIAN_POINT('',(-36.5999999999998,-5.45000000000009,0.));
#16496=CARTESIAN_POINT('Origin',(-39.9999999999998,-5.45000000000009,0.));
#16497=CARTESIAN_POINT('',(-36.5999999999998,5.44999999999991,0.));
#16498=CARTESIAN_POINT('',(-36.5999999999998,-42.7250000000001,0.));
#16499=CARTESIAN_POINT('Origin',(-39.9999999999998,5.44999999999991,0.));
#16500=CARTESIAN_POINT('',(-3.39999999999982,-5.45000000000009,0.));
#16501=CARTESIAN_POINT('',(-3.39999999999982,5.44999999999991,0.));
#16502=CARTESIAN_POINT('',(-3.39999999999982,-37.2750000000001,0.));
#16503=CARTESIAN_POINT('',(3.40000000000018,-5.45000000000009,0.));
#16504=CARTESIAN_POINT('Origin',(1.77635683940025E-13,-5.45000000000009,
0.));
#16505=CARTESIAN_POINT('',(3.40000000000018,5.44999999999991,0.));
#16506=CARTESIAN_POINT('',(3.40000000000018,-42.7250000000001,0.));
#16507=CARTESIAN_POINT('Origin',(1.77635683940025E-13,5.44999999999991,
0.));
#16508=CARTESIAN_POINT('',(36.6000000000002,-5.45000000000009,0.));
#16509=CARTESIAN_POINT('',(36.6000000000002,5.44999999999991,0.));
#16510=CARTESIAN_POINT('',(36.6000000000002,-37.2750000000001,0.));
#16511=CARTESIAN_POINT('',(43.4000000000002,-5.45000000000009,0.));
#16512=CARTESIAN_POINT('Origin',(40.0000000000002,-5.45000000000009,0.));
#16513=CARTESIAN_POINT('',(43.4000000000002,5.44999999999991,0.));
#16514=CARTESIAN_POINT('',(43.4000000000002,-42.7250000000001,0.));
#16515=CARTESIAN_POINT('Origin',(40.0000000000002,5.44999999999991,0.));
#16516=CARTESIAN_POINT('',(76.6000000000002,-5.45000000000009,0.));
#16517=CARTESIAN_POINT('',(76.6000000000002,5.44999999999991,0.));
#16518=CARTESIAN_POINT('',(76.6000000000002,-37.2750000000001,0.));
#16519=CARTESIAN_POINT('',(83.4000000000002,-5.45000000000009,0.));
#16520=CARTESIAN_POINT('Origin',(80.0000000000002,-5.45000000000009,0.));
#16521=CARTESIAN_POINT('',(83.4000000000002,5.44999999999991,0.));
#16522=CARTESIAN_POINT('',(83.4000000000002,-42.7250000000001,0.));
#16523=CARTESIAN_POINT('Origin',(80.0000000000002,5.44999999999991,0.));
#16524=CARTESIAN_POINT('',(-83.3999999999998,-45.4500000000001,0.));
#16525=CARTESIAN_POINT('',(-83.3999999999998,-34.5500000000001,0.));
#16526=CARTESIAN_POINT('',(-83.3999999999998,-77.2750000000001,0.));
#16527=CARTESIAN_POINT('',(-76.5999999999998,-45.4500000000001,0.));
#16528=CARTESIAN_POINT('Origin',(-79.9999999999998,-45.4500000000001,0.));
#16529=CARTESIAN_POINT('',(-76.5999999999998,-34.5500000000001,0.));
#16530=CARTESIAN_POINT('',(-76.5999999999998,-82.7250000000001,0.));
#16531=CARTESIAN_POINT('Origin',(-79.9999999999998,-34.5500000000001,0.));
#16532=CARTESIAN_POINT('',(-43.3999999999998,-45.4500000000001,0.));
#16533=CARTESIAN_POINT('',(-43.3999999999998,-34.5500000000001,0.));
#16534=CARTESIAN_POINT('',(-43.3999999999998,-77.2750000000001,0.));
#16535=CARTESIAN_POINT('',(-36.5999999999998,-45.4500000000001,0.));
#16536=CARTESIAN_POINT('Origin',(-39.9999999999998,-45.4500000000001,0.));
#16537=CARTESIAN_POINT('',(-36.5999999999998,-34.5500000000001,0.));
#16538=CARTESIAN_POINT('',(-36.5999999999998,-82.7250000000001,0.));
#16539=CARTESIAN_POINT('Origin',(-39.9999999999998,-34.5500000000001,0.));
#16540=CARTESIAN_POINT('',(-3.39999999999982,-45.4500000000001,0.));
#16541=CARTESIAN_POINT('',(-3.39999999999982,-34.5500000000001,0.));
#16542=CARTESIAN_POINT('',(-3.39999999999982,-77.2750000000001,0.));
#16543=CARTESIAN_POINT('',(3.40000000000018,-45.4500000000001,0.));
#16544=CARTESIAN_POINT('Origin',(1.77635683940025E-13,-45.4500000000001,
0.));
#16545=CARTESIAN_POINT('',(3.40000000000018,-34.5500000000001,0.));
#16546=CARTESIAN_POINT('',(3.40000000000018,-82.7250000000001,0.));
#16547=CARTESIAN_POINT('Origin',(1.77635683940025E-13,-34.5500000000001,
0.));
#16548=CARTESIAN_POINT('',(36.6000000000002,-45.4500000000001,0.));
#16549=CARTESIAN_POINT('',(36.6000000000002,-34.5500000000001,0.));
#16550=CARTESIAN_POINT('',(36.6000000000002,-77.2750000000001,0.));
#16551=CARTESIAN_POINT('',(43.4000000000002,-45.4500000000001,0.));
#16552=CARTESIAN_POINT('Origin',(40.0000000000002,-45.4500000000001,0.));
#16553=CARTESIAN_POINT('',(43.4000000000002,-34.5500000000001,0.));
#16554=CARTESIAN_POINT('',(43.4000000000002,-82.7250000000001,0.));
#16555=CARTESIAN_POINT('Origin',(40.0000000000002,-34.5500000000001,0.));
#16556=CARTESIAN_POINT('',(76.6000000000002,-45.4500000000001,0.));
#16557=CARTESIAN_POINT('',(76.6000000000002,-34.5500000000001,0.));
#16558=CARTESIAN_POINT('',(76.6000000000002,-77.2750000000001,0.));
#16559=CARTESIAN_POINT('',(83.4000000000002,-45.4500000000001,0.));
#16560=CARTESIAN_POINT('Origin',(80.0000000000002,-45.4500000000001,0.));
#16561=CARTESIAN_POINT('',(83.4000000000002,-34.5500000000001,0.));
#16562=CARTESIAN_POINT('',(83.4000000000002,-82.7250000000001,0.));
#16563=CARTESIAN_POINT('Origin',(80.0000000000002,-34.5500000000001,0.));
#16564=CARTESIAN_POINT('',(-83.3999999999998,-85.4500000000001,0.));
#16565=CARTESIAN_POINT('',(-83.3999999999998,-74.5500000000001,0.));
#16566=CARTESIAN_POINT('',(-83.3999999999998,-117.275,0.));
#16567=CARTESIAN_POINT('',(-76.5999999999998,-85.4500000000001,0.));
#16568=CARTESIAN_POINT('Origin',(-79.9999999999998,-85.4500000000001,0.));
#16569=CARTESIAN_POINT('',(-76.5999999999998,-74.5500000000001,0.));
#16570=CARTESIAN_POINT('',(-76.5999999999998,-122.725,0.));
#16571=CARTESIAN_POINT('Origin',(-79.9999999999998,-74.5500000000001,0.));
#16572=CARTESIAN_POINT('',(-43.3999999999998,-85.4500000000001,0.));
#16573=CARTESIAN_POINT('',(-43.3999999999998,-74.5500000000001,0.));
#16574=CARTESIAN_POINT('',(-43.3999999999998,-117.275,0.));
#16575=CARTESIAN_POINT('',(-36.5999999999998,-85.4500000000001,0.));
#16576=CARTESIAN_POINT('Origin',(-39.9999999999998,-85.4500000000001,0.));
#16577=CARTESIAN_POINT('',(-36.5999999999998,-74.5500000000001,0.));
#16578=CARTESIAN_POINT('',(-36.5999999999998,-122.725,0.));
#16579=CARTESIAN_POINT('Origin',(-39.9999999999998,-74.5500000000001,0.));
#16580=CARTESIAN_POINT('',(-3.39999999999982,-85.4500000000001,0.));
#16581=CARTESIAN_POINT('',(-3.39999999999982,-74.5500000000001,0.));
#16582=CARTESIAN_POINT('',(-3.39999999999982,-117.275,0.));
#16583=CARTESIAN_POINT('',(3.40000000000018,-85.4500000000001,0.));
#16584=CARTESIAN_POINT('Origin',(1.77635683940025E-13,-85.4500000000001,
0.));
#16585=CARTESIAN_POINT('',(3.40000000000018,-74.5500000000001,0.));
#16586=CARTESIAN_POINT('',(3.40000000000018,-122.725,0.));
#16587=CARTESIAN_POINT('Origin',(1.77635683940025E-13,-74.5500000000001,
0.));
#16588=CARTESIAN_POINT('',(36.6000000000002,-85.4500000000001,0.));
#16589=CARTESIAN_POINT('',(36.6000000000002,-74.5500000000001,0.));
#16590=CARTESIAN_POINT('',(36.6000000000002,-117.275,0.));
#16591=CARTESIAN_POINT('',(43.4000000000002,-85.4500000000001,0.));
#16592=CARTESIAN_POINT('Origin',(40.0000000000002,-85.4500000000001,0.));
#16593=CARTESIAN_POINT('',(43.4000000000002,-74.5500000000001,0.));
#16594=CARTESIAN_POINT('',(43.4000000000002,-122.725,0.));
#16595=CARTESIAN_POINT('Origin',(40.0000000000002,-74.5500000000001,0.));
#16596=CARTESIAN_POINT('',(76.6000000000002,-85.4500000000001,0.));
#16597=CARTESIAN_POINT('',(76.6000000000002,-74.5500000000001,0.));
#16598=CARTESIAN_POINT('',(76.6000000000002,-117.275,0.));
#16599=CARTESIAN_POINT('',(83.4000000000002,-85.4500000000001,0.));
#16600=CARTESIAN_POINT('Origin',(80.0000000000002,-85.4500000000001,0.));
#16601=CARTESIAN_POINT('',(83.4000000000002,-74.5500000000001,0.));
#16602=CARTESIAN_POINT('',(83.4000000000002,-122.725,0.));
#16603=CARTESIAN_POINT('Origin',(80.0000000000002,-74.5500000000001,0.));
#16604=CARTESIAN_POINT('',(-63.3999999999998,54.5499999999999,0.));
#16605=CARTESIAN_POINT('',(-63.3999999999998,65.4499999999999,0.));
#16606=CARTESIAN_POINT('',(-63.3999999999998,32.7249999999999,0.));
#16607=CARTESIAN_POINT('',(-56.5999999999998,54.5499999999999,0.));
#16608=CARTESIAN_POINT('Origin',(-59.9999999999998,54.5499999999999,0.));
#16609=CARTESIAN_POINT('',(-56.5999999999998,65.4499999999999,0.));
#16610=CARTESIAN_POINT('',(-56.5999999999998,27.2749999999999,0.));
#16611=CARTESIAN_POINT('Origin',(-59.9999999999998,65.4499999999999,0.));
#16612=CARTESIAN_POINT('Origin',(90.9999999999891,-96.9999999999998,-2.22044604925031E-15));
#16613=CARTESIAN_POINT('',(-81.5000000000002,-95.8,-11.));
#16614=CARTESIAN_POINT('',(90.9999999999891,-95.7999999999998,-11.));
#16615=CARTESIAN_POINT('',(-81.5000000000002,-96.9647174126102,-0.323423717739274));
#16616=CARTESIAN_POINT('Origin',(-81.5000000000002,-92.9883087061782,0.110366322962395));
#16617=CARTESIAN_POINT('',(-85.5000000000002,-91.7762687436734,-10.999999999999));
#16618=CARTESIAN_POINT('Origin',(-81.5000000000002,-91.7762687436734,-10.9999999999991));
#16619=CARTESIAN_POINT('',(-85.5000000000002,-92.9883087061783,0.110366322962395));
#16620=CARTESIAN_POINT('Origin',(-93.0412325872628,-81.5,0.595501899571325));
#16621=CARTESIAN_POINT('',(-91.7762687436733,-85.5,-10.999999999999));
#16622=CARTESIAN_POINT('',(-93.0412325872628,-85.5,0.595501899571325));
#16623=CARTESIAN_POINT('',(-95.7999999999999,-81.5,-11.));
#16624=CARTESIAN_POINT('Origin',(-91.7762687436733,-81.5,-10.999999999999));
#16625=CARTESIAN_POINT('',(-97.0176412936948,-81.5,0.161711858869658));
#16626=CARTESIAN_POINT('Origin',(-96.9999999999999,-91.0000000000076,-2.22044604925031E-15));
#16627=CARTESIAN_POINT('',(-95.8,81.5,-11.));
#16628=CARTESIAN_POINT('',(-95.7999999999999,-91.0000000000076,-11.));
#16629=CARTESIAN_POINT('',(-96.9647174126102,81.5,-0.323423717739292));
#16630=CARTESIAN_POINT('Origin',(-92.9883087061783,81.5,0.110366322962375));
#16631=CARTESIAN_POINT('',(-91.7762687436734,85.5,-10.999999999999));
#16632=CARTESIAN_POINT('Origin',(-91.7762687436734,81.5,-10.999999999999));
#16633=CARTESIAN_POINT('',(-92.9883087061783,85.5,0.110366322962375));
#16634=CARTESIAN_POINT('Origin',(-81.5000000000002,93.0412325872628,0.595501899571336));
#16635=CARTESIAN_POINT('',(-85.5000000000002,91.7762687436733,-10.999999999999));
#16636=CARTESIAN_POINT('',(-85.5000000000002,93.0412325872628,0.595501899571336));
#16637=CARTESIAN_POINT('',(-81.5000000000002,95.7999999999999,-11.));
#16638=CARTESIAN_POINT('Origin',(-81.5000000000002,91.7762687436733,-10.9999999999991));
#16639=CARTESIAN_POINT('',(-81.5000000000002,97.0176412936947,0.161711858869668));
#16640=CARTESIAN_POINT('Origin',(0.,96.9999999999999,-2.22044604925031E-15));
#16641=CARTESIAN_POINT('',(81.5000000000002,95.8,-11.));
#16642=CARTESIAN_POINT('',(0.,95.7999999999999,-11.));
#16643=CARTESIAN_POINT('',(81.5000000000002,96.9647174126102,-0.323423717739282));
#16644=CARTESIAN_POINT('Origin',(81.5000000000002,92.9883087061782,0.110366322962385));
#16645=CARTESIAN_POINT('',(85.5000000000002,91.7762687436733,-10.9999999999999));
#16646=CARTESIAN_POINT('Origin',(81.5000000000002,91.7762687436733,-10.9999999999999));
#16647=CARTESIAN_POINT('',(85.5000000000002,92.9883087061782,0.110366322962385));
#16648=CARTESIAN_POINT('Origin',(93.041232587263,81.5,0.595501899571315));
#16649=CARTESIAN_POINT('',(91.7762687436734,85.5,-11.));
#16650=CARTESIAN_POINT('',(93.041232587263,85.5,0.595501899571315));
#16651=CARTESIAN_POINT('Origin',(91.7762687436734,81.5,-11.));
#16652=CARTESIAN_POINT('Origin',(100.,85.5,0.));
#16653=CARTESIAN_POINT('',(91.0000000000002,85.5,-11.));
#16654=CARTESIAN_POINT('',(91.0000000000002,85.5,0.));
#16655=CARTESIAN_POINT('',(50.,85.5,-10.9999999999998));
#16656=CARTESIAN_POINT('Origin',(-99.4999999999999,90.9999999999999,-10.4999999999995));
#16657=CARTESIAN_POINT('',(-99.9999999999999,90.9999999999999,-10.));
#16658=CARTESIAN_POINT('',(-99.,90.9999999999999,-10.999999999999));
#16659=CARTESIAN_POINT('',(-99.9999999999999,90.9999999999999,-10.));
#16660=CARTESIAN_POINT('',(-98.9999999999999,-91.0000000000076,-10.999999999999));
#16661=CARTESIAN_POINT('',(-99.,90.9999999999999,-10.999999999999));
#16662=CARTESIAN_POINT('',(-99.9999999999998,-91.0000000000076,-10.));
#16663=CARTESIAN_POINT('',(-98.9999999999999,-91.0000000000076,-10.999999999999));
#16664=CARTESIAN_POINT('',(-99.9999999999999,90.9999999999999,-10.));
#16665=CARTESIAN_POINT('Origin',(-90.9999999999998,90.9999999999999,-10.5));
#16666=CARTESIAN_POINT('',(-90.9999999999998,99.9999999999999,-10.000000000001));
#16667=CARTESIAN_POINT('',(-90.9999999999998,99.,-10.999999999999));
#16668=CARTESIAN_POINT('',(-90.9999999999998,99.9999999999999,-10.000000000001));
#16669=CARTESIAN_POINT('Origin',(-90.9999999999998,90.9999999999999,-10.999999999999));
#16670=CARTESIAN_POINT('Origin',(-90.9999999999998,90.9999999999999,-10.000000000001));
#16671=CARTESIAN_POINT('Origin',(93.4000000000001,99.5,-10.5000000000003));
#16672=CARTESIAN_POINT('',(91.0000000000001,100.,-10.0000000000005));
#16673=CARTESIAN_POINT('',(91.0000000000001,98.9999999999999,-11.));
#16674=CARTESIAN_POINT('',(91.0000000000001,100.,-10.0000000000005));
#16675=CARTESIAN_POINT('',(93.4000000000001,98.9999999999999,-11.));
#16676=CARTESIAN_POINT('',(93.4000000000001,100.,-10.0000000000005));
#16677=CARTESIAN_POINT('Origin',(91.0000000000001,91.,-10.5));
#16678=CARTESIAN_POINT('',(100.,91.,-10.0000000000001));
#16679=CARTESIAN_POINT('',(99.0000000000001,91.,-11.));
#16680=CARTESIAN_POINT('',(100.,91.,-10.0000000000001));
#16681=CARTESIAN_POINT('Origin',(91.0000000000001,91.,-11.));
#16682=CARTESIAN_POINT('Origin',(91.0000000000001,91.,-10.));
#16683=CARTESIAN_POINT('Origin',(99.5,5.51372281165641E-12,-10.5));
#16684=CARTESIAN_POINT('',(99.9999999999999,-90.9999999999889,-10.));
#16685=CARTESIAN_POINT('',(98.9999999999999,-90.9999999999889,-11.));
#16686=CARTESIAN_POINT('',(99.9999999999999,-90.9999999999889,-10.));
#16687=CARTESIAN_POINT('',(99.,5.51416690086626E-12,-11.));
#16688=CARTESIAN_POINT('',(100.,5.51327872244656E-12,-10.));
#16689=CARTESIAN_POINT('Origin',(90.9999999999891,-90.9999999999889,-10.5));
#16690=CARTESIAN_POINT('',(90.9999999999891,-99.9999999999999,-10.));
#16691=CARTESIAN_POINT('',(90.9999999999891,-98.9999999999998,-11.));
#16692=CARTESIAN_POINT('',(90.9999999999891,-99.9999999999999,-10.));
#16693=CARTESIAN_POINT('Origin',(90.9999999999891,-90.9999999999889,-11.));
#16694=CARTESIAN_POINT('Origin',(90.9999999999891,-90.9999999999889,-10.));
#16695=CARTESIAN_POINT('Origin',(2.39999999999638,-99.5,-10.4999999999998));
#16696=CARTESIAN_POINT('',(-91.0000000000075,-100.,-9.99999999999954));
#16697=CARTESIAN_POINT('',(-91.0000000000075,-99.,-10.999999999999));
#16698=CARTESIAN_POINT('',(-91.0000000000075,-100.,-9.99999999999954));
#16699=CARTESIAN_POINT('',(2.39999999999638,-98.9999999999999,-10.9999999999995));
#16700=CARTESIAN_POINT('',(2.39999999999638,-100.,-10.));
#16701=CARTESIAN_POINT('Origin',(-91.0000000000075,-91.0000000000076,-10.5));
#16702=CARTESIAN_POINT('Origin',(-91.0000000000075,-91.0000000000076,-10.999999999999));
#16703=CARTESIAN_POINT('Origin',(-91.0000000000075,-91.0000000000076,-10.000000000001));
#16704=CARTESIAN_POINT('Origin',(91.0000000000001,91.,0.));
#16705=CARTESIAN_POINT('',(91.0000000000001,100.,4.));
#16706=CARTESIAN_POINT('',(91.0000000000001,100.,0.));
#16707=CARTESIAN_POINT('',(100.,91.,4.));
#16708=CARTESIAN_POINT('Origin',(91.0000000000001,91.,4.));
#16709=CARTESIAN_POINT('',(100.,91.,0.));
#16710=CARTESIAN_POINT('Origin',(91.0000000000001,100.,0.));
#16711=CARTESIAN_POINT('',(-90.9999999999998,99.9999999999999,4.));
#16712=CARTESIAN_POINT('',(-90.9999999999998,99.9999999999999,0.));
#16713=CARTESIAN_POINT('',(45.5000000000001,100.,4.));
#16714=CARTESIAN_POINT('Origin',(-90.9999999999998,90.9999999999999,0.));
#16715=CARTESIAN_POINT('',(-99.9999999999999,90.9999999999999,4.));
#16716=CARTESIAN_POINT('',(-99.9999999999999,90.9999999999999,0.));
#16717=CARTESIAN_POINT('Origin',(-90.9999999999998,90.9999999999999,4.));
#16718=CARTESIAN_POINT('Origin',(-99.9999999999999,90.9999999999999,0.));
#16719=CARTESIAN_POINT('',(-99.9999999999998,-91.0000000000076,4.));
#16720=CARTESIAN_POINT('',(-99.9999999999998,-91.0000000000076,0.));
#16721=CARTESIAN_POINT('',(-99.9999999999999,45.4999999999999,4.));
#16722=CARTESIAN_POINT('Origin',(95.8000000000001,91.,-11.));
#16723=CARTESIAN_POINT('',(-94.2796874999998,-91.8964652265112,-11.));
#16724=CARTESIAN_POINT('',(-94.2796874999998,-90.1035347734888,-11.));
#16725=CARTESIAN_POINT('Origin',(-94.1999999999998,-91.,-11.));
#16726=CARTESIAN_POINT('',(-91.896465226511,-94.2796875,-11.));
#16727=CARTESIAN_POINT('Origin',(-90.9999999999998,-91.,-11.));
#16728=CARTESIAN_POINT('',(-90.1035347734886,-94.2796875,-11.));
#16729=CARTESIAN_POINT('Origin',(-90.9999999999998,-94.2,-11.));
#16730=CARTESIAN_POINT('',(-87.7203124999998,-91.8964652265112,-11.));
#16731=CARTESIAN_POINT('Origin',(-90.9999999999998,-91.,-11.));
#16732=CARTESIAN_POINT('',(-87.7203124999998,-90.1035347734888,-11.));
#16733=CARTESIAN_POINT('Origin',(-87.7999999999998,-91.,-11.));
#16734=CARTESIAN_POINT('',(-90.1035347734886,-87.7203125,-11.));
#16735=CARTESIAN_POINT('Origin',(-90.9999999999998,-91.,-11.));
#16736=CARTESIAN_POINT('',(-91.896465226511,-87.7203125,-11.));
#16737=CARTESIAN_POINT('Origin',(-90.9999999999998,-87.8,-11.));
#16738=CARTESIAN_POINT('Origin',(-90.9999999999998,-91.,-11.));
#16739=CARTESIAN_POINT('',(-94.2796874999998,90.1035347734888,-11.));
#16740=CARTESIAN_POINT('',(-94.2796874999998,91.8964652265112,-11.));
#16741=CARTESIAN_POINT('Origin',(-94.1999999999998,91.,-11.));
#16742=CARTESIAN_POINT('',(-91.896465226511,87.7203125,-11.));
#16743=CARTESIAN_POINT('Origin',(-90.9999999999998,91.,-11.));
#16744=CARTESIAN_POINT('',(-90.1035347734886,87.7203125,-11.));
#16745=CARTESIAN_POINT('Origin',(-90.9999999999998,87.8,-11.));
#16746=CARTESIAN_POINT('',(-87.7203124999998,90.1035347734888,-11.));
#16747=CARTESIAN_POINT('Origin',(-90.9999999999998,91.,-11.));
#16748=CARTESIAN_POINT('',(-87.7203124999998,91.8964652265112,-11.));
#16749=CARTESIAN_POINT('Origin',(-87.7999999999998,91.,-11.));
#16750=CARTESIAN_POINT('',(-90.1035347734886,94.2796875,-11.));
#16751=CARTESIAN_POINT('Origin',(-90.9999999999998,91.,-11.));
#16752=CARTESIAN_POINT('',(-91.896465226511,94.2796875,-11.));
#16753=CARTESIAN_POINT('Origin',(-90.9999999999998,94.2,-11.));
#16754=CARTESIAN_POINT('Origin',(-90.9999999999998,91.,-11.));
#16755=CARTESIAN_POINT('',(85.5000000000002,-91.,-11.));
#16756=CARTESIAN_POINT('',(85.5000000000003,-50.0000000000002,-10.9999999999999));
#16757=CARTESIAN_POINT('',(91.0000000000002,-85.5,-11.));
#16758=CARTESIAN_POINT('Origin',(91.0000000000002,-91.,-10.9999999999995));
#16759=CARTESIAN_POINT('',(45.5000000000001,-85.5,-10.9999999999997));
#16760=CARTESIAN_POINT('',(85.5000000000002,91.,-11.));
#16761=CARTESIAN_POINT('Origin',(91.0000000000002,91.,-10.9999999999995));
#16762=CARTESIAN_POINT('',(85.5000000000003,45.5000000000001,-10.9999999999999));
#16763=CARTESIAN_POINT('',(-85.5000000000002,91.,-10.999999999999));
#16764=CARTESIAN_POINT('',(-85.5000000000003,50.0000000000001,-10.999999999999));
#16765=CARTESIAN_POINT('',(-91.0000000000002,85.5,-10.999999999999));
#16766=CARTESIAN_POINT('Origin',(-91.0000000000002,91.,-10.9999999999995));
#16767=CARTESIAN_POINT('',(-45.5000000000001,85.5,-10.9999999999993));
#16768=CARTESIAN_POINT('',(-91.0000000000002,-85.5,-10.999999999999));
#16769=CARTESIAN_POINT('',(-50.0000000000001,-85.5,-10.9999999999992));
#16770=CARTESIAN_POINT('',(-85.5000000000002,-91.,-10.999999999999));
#16771=CARTESIAN_POINT('Origin',(-91.0000000000002,-91.,-10.9999999999995));
#16772=CARTESIAN_POINT('',(-85.5000000000003,-45.5000000000002,-10.999999999999));
#16773=CARTESIAN_POINT('',(87.7203125000002,90.1035347734888,-11.));
#16774=CARTESIAN_POINT('',(87.7203125000002,91.8964652265112,-11.));
#16775=CARTESIAN_POINT('Origin',(87.8000000000002,91.,-11.));
#16776=CARTESIAN_POINT('',(90.103534773489,87.7203125,-11.));
#16777=CARTESIAN_POINT('Origin',(91.0000000000002,91.,-11.));
#16778=CARTESIAN_POINT('',(91.8964652265114,87.7203125,-11.));
#16779=CARTESIAN_POINT('Origin',(91.0000000000002,87.8,-11.));
#16780=CARTESIAN_POINT('',(94.2796875000002,90.1035347734888,-11.));
#16781=CARTESIAN_POINT('Origin',(91.0000000000002,91.,-11.));
#16782=CARTESIAN_POINT('',(94.2796875000002,91.8964652265112,-11.));
#16783=CARTESIAN_POINT('Origin',(94.2000000000002,91.,-11.));
#16784=CARTESIAN_POINT('',(91.8964652265114,94.2796875,-11.));
#16785=CARTESIAN_POINT('Origin',(91.0000000000002,91.,-11.));
#16786=CARTESIAN_POINT('',(90.103534773489,94.2796875,-11.));
#16787=CARTESIAN_POINT('Origin',(91.0000000000002,94.2,-11.));
#16788=CARTESIAN_POINT('Origin',(91.0000000000002,91.,-11.));
#16789=CARTESIAN_POINT('',(87.7203125000002,-91.8964652265112,-11.));
#16790=CARTESIAN_POINT('',(87.7203125000002,-90.1035347734888,-11.));
#16791=CARTESIAN_POINT('Origin',(87.8000000000002,-91.,-11.));
#16792=CARTESIAN_POINT('',(90.103534773489,-94.2796875,-11.));
#16793=CARTESIAN_POINT('Origin',(91.0000000000002,-91.,-11.));
#16794=CARTESIAN_POINT('',(91.8964652265114,-94.2796875,-11.));
#16795=CARTESIAN_POINT('Origin',(91.0000000000002,-94.2,-11.));
#16796=CARTESIAN_POINT('',(94.2796875000002,-91.8964652265112,-11.));
#16797=CARTESIAN_POINT('Origin',(91.0000000000002,-91.,-11.));
#16798=CARTESIAN_POINT('',(94.2796875000002,-90.1035347734888,-11.));
#16799=CARTESIAN_POINT('Origin',(94.2000000000002,-91.,-11.));
#16800=CARTESIAN_POINT('',(91.8964652265114,-87.7203125,-11.));
#16801=CARTESIAN_POINT('Origin',(91.0000000000002,-91.,-11.));
#16802=CARTESIAN_POINT('',(90.103534773489,-87.7203125,-11.));
#16803=CARTESIAN_POINT('Origin',(91.0000000000002,-87.8,-11.));
#16804=CARTESIAN_POINT('Origin',(91.0000000000002,-91.,-11.));
#16805=CARTESIAN_POINT('Origin',(-99.4999999999999,45.4999999999999,4.5));
#16806=CARTESIAN_POINT('',(-98.9999999999998,-91.0000000000076,5.));
#16807=CARTESIAN_POINT('',(-99.9999999999998,-91.0000000000076,4.));
#16808=CARTESIAN_POINT('',(-98.9999999999999,90.9999999999999,5.));
#16809=CARTESIAN_POINT('',(-98.9999999999999,45.4999999999999,5.));
#16810=CARTESIAN_POINT('',(-98.9999999999999,90.9999999999999,5.));
#16811=CARTESIAN_POINT('Origin',(-91.0000000000075,-91.0000000000076,4.5));
#16812=CARTESIAN_POINT('',(-91.0000000000075,-100.,4.));
#16813=CARTESIAN_POINT('',(-91.0000000000075,-98.9999999999999,5.));
#16814=CARTESIAN_POINT('',(-91.0000000000075,-100.,4.));
#16815=CARTESIAN_POINT('Origin',(-91.0000000000075,-91.0000000000076,5.));
#16816=CARTESIAN_POINT('Origin',(-91.0000000000075,-91.0000000000076,4.));
#16817=CARTESIAN_POINT('Origin',(-45.5000000000037,-99.5000000000001,4.5));
#16818=CARTESIAN_POINT('',(90.9999999999891,-99.9999999999999,4.));
#16819=CARTESIAN_POINT('',(90.9999999999891,-98.9999999999999,5.));
#16820=CARTESIAN_POINT('',(90.9999999999891,-99.9999999999999,4.));
#16821=CARTESIAN_POINT('',(-45.5000000000037,-99.0000000000001,5.));
#16822=CARTESIAN_POINT('',(-45.5000000000037,-100.,4.));
#16823=CARTESIAN_POINT('Origin',(90.9999999999891,-90.9999999999889,4.5));
#16824=CARTESIAN_POINT('',(99.9999999999999,-90.9999999999889,4.));
#16825=CARTESIAN_POINT('',(99.0000000000001,-90.9999999999889,5.));
#16826=CARTESIAN_POINT('',(99.9999999999999,-90.9999999999889,4.));
#16827=CARTESIAN_POINT('Origin',(90.9999999999891,-90.9999999999889,5.));
#16828=CARTESIAN_POINT('Origin',(90.9999999999891,-90.9999999999889,4.));
#16829=CARTESIAN_POINT('Origin',(99.5,-45.4999999999946,4.5));
#16830=CARTESIAN_POINT('',(99.0000000000001,91.,5.));
#16831=CARTESIAN_POINT('',(100.,91.,4.));
#16832=CARTESIAN_POINT('',(98.9999999999999,-45.4999999999946,5.));
#16833=CARTESIAN_POINT('',(99.9999999999999,-45.4999999999946,4.));
#16834=CARTESIAN_POINT('Origin',(91.0000000000001,91.,4.5));
#16835=CARTESIAN_POINT('',(91.0000000000001,98.9999999999999,5.));
#16836=CARTESIAN_POINT('',(91.0000000000001,100.,4.));
#16837=CARTESIAN_POINT('Origin',(91.0000000000001,91.,5.));
#16838=CARTESIAN_POINT('Origin',(45.5000000000001,99.5,4.5));
#16839=CARTESIAN_POINT('',(-90.9999999999998,98.9999999999999,5.));
#16840=CARTESIAN_POINT('',(-90.9999999999998,99.9999999999999,4.));
#16841=CARTESIAN_POINT('',(45.5000000000001,99.,5.));
#16842=CARTESIAN_POINT('Origin',(-90.9999999999998,90.9999999999999,4.5));
#16843=CARTESIAN_POINT('Origin',(-90.9999999999998,90.9999999999999,5.));
#16844=CARTESIAN_POINT('Origin',(90.9999999999891,-90.9999999999889,0.));
#16845=CARTESIAN_POINT('',(99.9999999999999,-90.9999999999889,0.));
#16846=CARTESIAN_POINT('',(90.9999999999891,-99.9999999999999,0.));
#16847=CARTESIAN_POINT('Origin',(-91.0000000000075,-100.,0.));
#16848=CARTESIAN_POINT('',(-91.0000000000075,-100.,0.));
#16849=CARTESIAN_POINT('Origin',(-91.0000000000075,-91.0000000000076,0.));
#16850=CARTESIAN_POINT('Origin',(1.06581410364015E-13,-7.105427357601E-14,
5.));
#16851=CARTESIAN_POINT('',(-95.0999999999998,-91.,5.));
#16852=CARTESIAN_POINT('Origin',(-90.9999999999998,-91.,5.));
#16853=CARTESIAN_POINT('',(-95.0999999999998,91.,5.));
#16854=CARTESIAN_POINT('Origin',(-90.9999999999998,91.,5.));
#16855=CARTESIAN_POINT('',(-56.5999999999998,54.5499999999999,5.));
#16856=CARTESIAN_POINT('',(-56.5999999999998,65.4499999999999,5.));
#16857=CARTESIAN_POINT('',(-56.5999999999998,27.2749999999999,5.));
#16858=CARTESIAN_POINT('',(-63.3999999999998,54.5499999999999,5.));
#16859=CARTESIAN_POINT('Origin',(-59.9999999999998,54.5499999999999,5.));
#16860=CARTESIAN_POINT('',(-63.3999999999998,65.4499999999999,5.));
#16861=CARTESIAN_POINT('',(-63.3999999999998,32.7249999999999,5.));
#16862=CARTESIAN_POINT('Origin',(-59.9999999999998,65.4499999999999,5.));
#16863=CARTESIAN_POINT('',(76.6000000000002,-85.4500000000001,5.));
#16864=CARTESIAN_POINT('',(83.4000000000002,-85.4500000000001,5.));
#16865=CARTESIAN_POINT('Origin',(80.0000000000002,-85.4500000000001,5.));
#16866=CARTESIAN_POINT('',(76.6000000000002,-74.5500000000001,5.));
#16867=CARTESIAN_POINT('',(76.6000000000002,-117.275,5.));
#16868=CARTESIAN_POINT('',(83.4000000000002,-74.5500000000001,5.));
#16869=CARTESIAN_POINT('Origin',(80.0000000000002,-74.5500000000001,5.));
#16870=CARTESIAN_POINT('',(83.4000000000002,-122.725,5.));
#16871=CARTESIAN_POINT('',(36.6000000000002,-85.4500000000001,5.));
#16872=CARTESIAN_POINT('',(43.4000000000002,-85.4500000000001,5.));
#16873=CARTESIAN_POINT('Origin',(40.0000000000002,-85.4500000000001,5.));
#16874=CARTESIAN_POINT('',(36.6000000000002,-74.5500000000001,5.));
#16875=CARTESIAN_POINT('',(36.6000000000002,-117.275,5.));
#16876=CARTESIAN_POINT('',(43.4000000000002,-74.5500000000001,5.));
#16877=CARTESIAN_POINT('Origin',(40.0000000000002,-74.5500000000001,5.));
#16878=CARTESIAN_POINT('',(43.4000000000002,-122.725,5.));
#16879=CARTESIAN_POINT('',(-3.39999999999982,-85.4500000000001,5.));
#16880=CARTESIAN_POINT('',(3.40000000000018,-85.4500000000001,5.));
#16881=CARTESIAN_POINT('Origin',(1.77635683940025E-13,-85.4500000000001,
5.));
#16882=CARTESIAN_POINT('',(-3.39999999999982,-74.5500000000001,5.));
#16883=CARTESIAN_POINT('',(-3.39999999999982,-117.275,5.));
#16884=CARTESIAN_POINT('',(3.40000000000018,-74.5500000000001,5.));
#16885=CARTESIAN_POINT('Origin',(1.77635683940025E-13,-74.5500000000001,
5.));
#16886=CARTESIAN_POINT('',(3.40000000000018,-122.725,5.));
#16887=CARTESIAN_POINT('',(-43.3999999999998,-85.4500000000001,5.));
#16888=CARTESIAN_POINT('',(-36.5999999999998,-85.4500000000001,5.));
#16889=CARTESIAN_POINT('Origin',(-39.9999999999998,-85.4500000000001,5.));
#16890=CARTESIAN_POINT('',(-43.3999999999998,-74.5500000000001,5.));
#16891=CARTESIAN_POINT('',(-43.3999999999998,-117.275,5.));
#16892=CARTESIAN_POINT('',(-36.5999999999998,-74.5500000000001,5.));
#16893=CARTESIAN_POINT('Origin',(-39.9999999999998,-74.5500000000001,5.));
#16894=CARTESIAN_POINT('',(-36.5999999999998,-122.725,5.));
#16895=CARTESIAN_POINT('',(-83.3999999999998,-85.4500000000001,5.));
#16896=CARTESIAN_POINT('',(-76.5999999999998,-85.4500000000001,5.));
#16897=CARTESIAN_POINT('Origin',(-79.9999999999998,-85.4500000000001,5.));
#16898=CARTESIAN_POINT('',(-83.3999999999998,-74.5500000000001,5.));
#16899=CARTESIAN_POINT('',(-83.3999999999998,-117.275,5.));
#16900=CARTESIAN_POINT('',(-76.5999999999998,-74.5500000000001,5.));
#16901=CARTESIAN_POINT('Origin',(-79.9999999999998,-74.5500000000001,5.));
#16902=CARTESIAN_POINT('',(-76.5999999999998,-122.725,5.));
#16903=CARTESIAN_POINT('',(76.6000000000002,-45.4500000000001,5.));
#16904=CARTESIAN_POINT('',(83.4000000000002,-45.4500000000001,5.));
#16905=CARTESIAN_POINT('Origin',(80.0000000000002,-45.4500000000001,5.));
#16906=CARTESIAN_POINT('',(76.6000000000002,-34.5500000000001,5.));
#16907=CARTESIAN_POINT('',(76.6000000000002,-77.2750000000001,5.));
#16908=CARTESIAN_POINT('',(83.4000000000002,-34.5500000000001,5.));
#16909=CARTESIAN_POINT('Origin',(80.0000000000002,-34.5500000000001,5.));
#16910=CARTESIAN_POINT('',(83.4000000000002,-82.7250000000001,5.));
#16911=CARTESIAN_POINT('',(36.6000000000002,-45.4500000000001,5.));
#16912=CARTESIAN_POINT('',(43.4000000000002,-45.4500000000001,5.));
#16913=CARTESIAN_POINT('Origin',(40.0000000000002,-45.4500000000001,5.));
#16914=CARTESIAN_POINT('',(36.6000000000002,-34.5500000000001,5.));
#16915=CARTESIAN_POINT('',(36.6000000000002,-77.2750000000001,5.));
#16916=CARTESIAN_POINT('',(43.4000000000002,-34.5500000000001,5.));
#16917=CARTESIAN_POINT('Origin',(40.0000000000002,-34.5500000000001,5.));
#16918=CARTESIAN_POINT('',(43.4000000000002,-82.7250000000001,5.));
#16919=CARTESIAN_POINT('',(-3.39999999999982,-45.4500000000001,5.));
#16920=CARTESIAN_POINT('',(3.40000000000018,-45.4500000000001,5.));
#16921=CARTESIAN_POINT('Origin',(1.77635683940025E-13,-45.4500000000001,
5.));
#16922=CARTESIAN_POINT('',(-3.39999999999982,-34.5500000000001,5.));
#16923=CARTESIAN_POINT('',(-3.39999999999982,-77.2750000000001,5.));
#16924=CARTESIAN_POINT('',(3.40000000000018,-34.5500000000001,5.));
#16925=CARTESIAN_POINT('Origin',(1.77635683940025E-13,-34.5500000000001,
5.));
#16926=CARTESIAN_POINT('',(3.40000000000018,-82.7250000000001,5.));
#16927=CARTESIAN_POINT('',(-43.3999999999998,-45.4500000000001,5.));
#16928=CARTESIAN_POINT('',(-36.5999999999998,-45.4500000000001,5.));
#16929=CARTESIAN_POINT('Origin',(-39.9999999999998,-45.4500000000001,5.));
#16930=CARTESIAN_POINT('',(-43.3999999999998,-34.5500000000001,5.));
#16931=CARTESIAN_POINT('',(-43.3999999999998,-77.2750000000001,5.));
#16932=CARTESIAN_POINT('',(-36.5999999999998,-34.5500000000001,5.));
#16933=CARTESIAN_POINT('Origin',(-39.9999999999998,-34.5500000000001,5.));
#16934=CARTESIAN_POINT('',(-36.5999999999998,-82.7250000000001,5.));
#16935=CARTESIAN_POINT('',(-83.3999999999998,-45.4500000000001,5.));
#16936=CARTESIAN_POINT('',(-76.5999999999998,-45.4500000000001,5.));
#16937=CARTESIAN_POINT('Origin',(-79.9999999999998,-45.4500000000001,5.));
#16938=CARTESIAN_POINT('',(-83.3999999999998,-34.5500000000001,5.));
#16939=CARTESIAN_POINT('',(-83.3999999999998,-77.2750000000001,5.));
#16940=CARTESIAN_POINT('',(-76.5999999999998,-34.5500000000001,5.));
#16941=CARTESIAN_POINT('Origin',(-79.9999999999998,-34.5500000000001,5.));
#16942=CARTESIAN_POINT('',(-76.5999999999998,-82.7250000000001,5.));
#16943=CARTESIAN_POINT('',(76.6000000000002,-5.45000000000009,5.));
#16944=CARTESIAN_POINT('',(83.4000000000002,-5.45000000000009,5.));
#16945=CARTESIAN_POINT('Origin',(80.0000000000002,-5.45000000000009,5.));
#16946=CARTESIAN_POINT('',(76.6000000000002,5.44999999999991,5.));
#16947=CARTESIAN_POINT('',(76.6000000000002,-37.2750000000001,5.));
#16948=CARTESIAN_POINT('',(83.4000000000002,5.44999999999991,5.));
#16949=CARTESIAN_POINT('Origin',(80.0000000000002,5.44999999999991,5.));
#16950=CARTESIAN_POINT('',(83.4000000000002,-42.7250000000001,5.));
#16951=CARTESIAN_POINT('',(36.6000000000002,-5.45000000000009,5.));
#16952=CARTESIAN_POINT('',(43.4000000000002,-5.45000000000009,5.));
#16953=CARTESIAN_POINT('Origin',(40.0000000000002,-5.45000000000009,5.));
#16954=CARTESIAN_POINT('',(36.6000000000002,5.44999999999991,5.));
#16955=CARTESIAN_POINT('',(36.6000000000002,-37.2750000000001,5.));
#16956=CARTESIAN_POINT('',(43.4000000000002,5.44999999999991,5.));
#16957=CARTESIAN_POINT('Origin',(40.0000000000002,5.44999999999991,5.));
#16958=CARTESIAN_POINT('',(43.4000000000002,-42.7250000000001,5.));
#16959=CARTESIAN_POINT('',(-3.39999999999982,-5.45000000000009,5.));
#16960=CARTESIAN_POINT('',(3.40000000000018,-5.45000000000009,5.));
#16961=CARTESIAN_POINT('Origin',(1.77635683940025E-13,-5.45000000000009,
5.));
#16962=CARTESIAN_POINT('',(-3.39999999999982,5.44999999999991,5.));
#16963=CARTESIAN_POINT('',(-3.39999999999982,-37.2750000000001,5.));
#16964=CARTESIAN_POINT('',(3.40000000000018,5.44999999999991,5.));
#16965=CARTESIAN_POINT('Origin',(1.77635683940025E-13,5.44999999999991,
5.));
#16966=CARTESIAN_POINT('',(3.40000000000018,-42.7250000000001,5.));
#16967=CARTESIAN_POINT('',(-43.3999999999998,-5.45000000000009,5.));
#16968=CARTESIAN_POINT('',(-36.5999999999998,-5.45000000000009,5.));
#16969=CARTESIAN_POINT('Origin',(-39.9999999999998,-5.45000000000009,5.));
#16970=CARTESIAN_POINT('',(-43.3999999999998,5.44999999999991,5.));
#16971=CARTESIAN_POINT('',(-43.3999999999998,-37.2750000000001,5.));
#16972=CARTESIAN_POINT('',(-36.5999999999998,5.44999999999991,5.));
#16973=CARTESIAN_POINT('Origin',(-39.9999999999998,5.44999999999991,5.));
#16974=CARTESIAN_POINT('',(-36.5999999999998,-42.7250000000001,5.));
#16975=CARTESIAN_POINT('',(-83.3999999999998,-5.45000000000009,5.));
#16976=CARTESIAN_POINT('',(-76.5999999999998,-5.45000000000009,5.));
#16977=CARTESIAN_POINT('Origin',(-79.9999999999998,-5.45000000000009,5.));
#16978=CARTESIAN_POINT('',(-83.3999999999998,5.44999999999991,5.));
#16979=CARTESIAN_POINT('',(-83.3999999999998,-37.2750000000001,5.));
#16980=CARTESIAN_POINT('',(-76.5999999999998,5.44999999999991,5.));
#16981=CARTESIAN_POINT('Origin',(-79.9999999999998,5.44999999999991,5.));
#16982=CARTESIAN_POINT('',(-76.5999999999998,-42.7250000000001,5.));
#16983=CARTESIAN_POINT('',(76.6000000000002,34.5499999999999,5.));
#16984=CARTESIAN_POINT('',(83.4000000000002,34.5499999999999,5.));
#16985=CARTESIAN_POINT('Origin',(80.0000000000002,34.5499999999999,5.));
#16986=CARTESIAN_POINT('',(76.6000000000002,45.4499999999999,5.));
#16987=CARTESIAN_POINT('',(76.6000000000002,2.72499999999992,5.));
#16988=CARTESIAN_POINT('',(83.4000000000002,45.4499999999999,5.));
#16989=CARTESIAN_POINT('Origin',(80.0000000000002,45.4499999999999,5.));
#16990=CARTESIAN_POINT('',(83.4000000000002,-2.72500000000008,5.));
#16991=CARTESIAN_POINT('',(36.6000000000002,34.5499999999999,5.));
#16992=CARTESIAN_POINT('',(43.4000000000002,34.5499999999999,5.));
#16993=CARTESIAN_POINT('Origin',(40.0000000000002,34.5499999999999,5.));
#16994=CARTESIAN_POINT('',(36.6000000000002,45.4499999999999,5.));
#16995=CARTESIAN_POINT('',(36.6000000000002,2.72499999999992,5.));
#16996=CARTESIAN_POINT('',(43.4000000000002,45.4499999999999,5.));
#16997=CARTESIAN_POINT('Origin',(40.0000000000002,45.4499999999999,5.));
#16998=CARTESIAN_POINT('',(43.4000000000002,-2.72500000000008,5.));
#16999=CARTESIAN_POINT('',(-3.39999999999982,34.5499999999999,5.));
#17000=CARTESIAN_POINT('',(3.40000000000018,34.5499999999999,5.));
#17001=CARTESIAN_POINT('Origin',(1.77635683940025E-13,34.5499999999999,
5.));
#17002=CARTESIAN_POINT('',(-3.39999999999982,45.4499999999999,5.));
#17003=CARTESIAN_POINT('',(-3.39999999999982,2.72499999999992,5.));
#17004=CARTESIAN_POINT('',(3.40000000000018,45.4499999999999,5.));
#17005=CARTESIAN_POINT('Origin',(1.77635683940025E-13,45.4499999999999,
5.));
#17006=CARTESIAN_POINT('',(3.40000000000018,-2.72500000000008,5.));
#17007=CARTESIAN_POINT('',(-43.3999999999998,34.5499999999999,5.));
#17008=CARTESIAN_POINT('',(-36.5999999999998,34.5499999999999,5.));
#17009=CARTESIAN_POINT('Origin',(-39.9999999999998,34.5499999999999,5.));
#17010=CARTESIAN_POINT('',(-43.3999999999998,45.4499999999999,5.));
#17011=CARTESIAN_POINT('',(-43.3999999999998,2.72499999999992,5.));
#17012=CARTESIAN_POINT('',(-36.5999999999998,45.4499999999999,5.));
#17013=CARTESIAN_POINT('Origin',(-39.9999999999998,45.4499999999999,5.));
#17014=CARTESIAN_POINT('',(-36.5999999999998,-2.72500000000008,5.));
#17015=CARTESIAN_POINT('',(-83.3999999999998,34.5499999999999,5.));
#17016=CARTESIAN_POINT('',(-76.5999999999998,34.5499999999999,5.));
#17017=CARTESIAN_POINT('Origin',(-79.9999999999998,34.5499999999999,5.));
#17018=CARTESIAN_POINT('',(-83.3999999999998,45.4499999999999,5.));
#17019=CARTESIAN_POINT('',(-83.3999999999998,2.72499999999992,5.));
#17020=CARTESIAN_POINT('',(-76.5999999999998,45.4499999999999,5.));
#17021=CARTESIAN_POINT('Origin',(-79.9999999999998,45.4499999999999,5.));
#17022=CARTESIAN_POINT('',(-76.5999999999998,-2.72500000000008,5.));
#17023=CARTESIAN_POINT('',(76.6000000000002,74.5499999999999,5.));
#17024=CARTESIAN_POINT('',(83.4000000000002,74.5499999999999,5.));
#17025=CARTESIAN_POINT('Origin',(80.0000000000002,74.5499999999999,5.));
#17026=CARTESIAN_POINT('',(76.6000000000002,85.4499999999999,5.));
#17027=CARTESIAN_POINT('',(76.6000000000002,42.7249999999999,5.));
#17028=CARTESIAN_POINT('',(83.4000000000002,85.4499999999999,5.));
#17029=CARTESIAN_POINT('Origin',(80.0000000000002,85.4499999999999,5.));
#17030=CARTESIAN_POINT('',(83.4000000000002,37.2749999999999,5.));
#17031=CARTESIAN_POINT('',(36.6000000000002,74.5499999999999,5.));
#17032=CARTESIAN_POINT('',(43.4000000000002,74.5499999999999,5.));
#17033=CARTESIAN_POINT('Origin',(40.0000000000002,74.5499999999999,5.));
#17034=CARTESIAN_POINT('',(36.6000000000002,85.4499999999999,5.));
#17035=CARTESIAN_POINT('',(36.6000000000002,42.7249999999999,5.));
#17036=CARTESIAN_POINT('',(43.4000000000002,85.4499999999999,5.));
#17037=CARTESIAN_POINT('Origin',(40.0000000000002,85.4499999999999,5.));
#17038=CARTESIAN_POINT('',(43.4000000000002,37.2749999999999,5.));
#17039=CARTESIAN_POINT('',(-3.39999999999982,74.5499999999999,5.));
#17040=CARTESIAN_POINT('',(3.40000000000018,74.5499999999999,5.));
#17041=CARTESIAN_POINT('Origin',(1.77635683940025E-13,74.5499999999999,
5.));
#17042=CARTESIAN_POINT('',(-3.39999999999982,85.4499999999999,5.));
#17043=CARTESIAN_POINT('',(-3.39999999999982,42.7249999999999,5.));
#17044=CARTESIAN_POINT('',(3.40000000000018,85.4499999999999,5.));
#17045=CARTESIAN_POINT('Origin',(1.77635683940025E-13,85.4499999999999,
5.));
#17046=CARTESIAN_POINT('',(3.40000000000018,37.2749999999999,5.));
#17047=CARTESIAN_POINT('',(-43.3999999999998,74.5499999999999,5.));
#17048=CARTESIAN_POINT('',(-36.5999999999998,74.5499999999999,5.));
#17049=CARTESIAN_POINT('Origin',(-39.9999999999998,74.5499999999999,5.));
#17050=CARTESIAN_POINT('',(-43.3999999999998,85.4499999999999,5.));
#17051=CARTESIAN_POINT('',(-43.3999999999998,42.7249999999999,5.));
#17052=CARTESIAN_POINT('',(-36.5999999999998,85.4499999999999,5.));
#17053=CARTESIAN_POINT('Origin',(-39.9999999999998,85.4499999999999,5.));
#17054=CARTESIAN_POINT('',(-36.5999999999998,37.2749999999999,5.));
#17055=CARTESIAN_POINT('',(-83.3999999999998,74.5499999999999,5.));
#17056=CARTESIAN_POINT('',(-76.5999999999998,74.5499999999999,5.));
#17057=CARTESIAN_POINT('Origin',(-79.9999999999998,74.5499999999999,5.));
#17058=CARTESIAN_POINT('',(-83.3999999999998,85.4499999999999,5.));
#17059=CARTESIAN_POINT('',(-83.3999999999998,42.7249999999999,5.));
#17060=CARTESIAN_POINT('',(-76.5999999999998,85.4499999999999,5.));
#17061=CARTESIAN_POINT('Origin',(-79.9999999999998,85.4499999999999,5.));
#17062=CARTESIAN_POINT('',(-76.5999999999998,37.2749999999999,5.));
#17063=CARTESIAN_POINT('',(-16.5999999999998,54.5499999999999,5.));
#17064=CARTESIAN_POINT('',(-16.5999999999998,65.4499999999999,5.));
#17065=CARTESIAN_POINT('',(-16.5999999999998,27.2749999999999,5.));
#17066=CARTESIAN_POINT('',(-23.3999999999998,54.5499999999999,5.));
#17067=CARTESIAN_POINT('Origin',(-19.9999999999998,54.5499999999999,5.));
#17068=CARTESIAN_POINT('',(-23.3999999999998,65.4499999999999,5.));
#17069=CARTESIAN_POINT('',(-23.3999999999998,32.7249999999999,5.));
#17070=CARTESIAN_POINT('Origin',(-19.9999999999998,65.4499999999999,5.));
#17071=CARTESIAN_POINT('',(23.4000000000002,54.5499999999999,5.));
#17072=CARTESIAN_POINT('',(23.4000000000002,65.4499999999999,5.));
#17073=CARTESIAN_POINT('',(23.4000000000002,27.2749999999999,5.));
#17074=CARTESIAN_POINT('',(16.6000000000002,54.5499999999999,5.));
#17075=CARTESIAN_POINT('Origin',(20.0000000000002,54.5499999999999,5.));
#17076=CARTESIAN_POINT('',(16.6000000000002,65.4499999999999,5.));
#17077=CARTESIAN_POINT('',(16.6000000000002,32.7249999999999,5.));
#17078=CARTESIAN_POINT('Origin',(20.0000000000002,65.4499999999999,5.));
#17079=CARTESIAN_POINT('',(63.4000000000002,54.5499999999999,5.));
#17080=CARTESIAN_POINT('',(63.4000000000002,65.4499999999999,5.));
#17081=CARTESIAN_POINT('',(63.4000000000002,27.2749999999999,5.));
#17082=CARTESIAN_POINT('',(56.6000000000002,54.5499999999999,5.));
#17083=CARTESIAN_POINT('Origin',(60.0000000000002,54.5499999999999,5.));
#17084=CARTESIAN_POINT('',(56.6000000000002,65.4499999999999,5.));
#17085=CARTESIAN_POINT('',(56.6000000000002,32.7249999999999,5.));
#17086=CARTESIAN_POINT('Origin',(60.0000000000002,65.4499999999999,5.));
#17087=CARTESIAN_POINT('',(-56.5999999999998,14.5499999999999,5.));
#17088=CARTESIAN_POINT('',(-56.5999999999998,25.4499999999999,5.));
#17089=CARTESIAN_POINT('',(-56.5999999999998,-12.7250000000001,5.));
#17090=CARTESIAN_POINT('',(-63.3999999999998,14.5499999999999,5.));
#17091=CARTESIAN_POINT('Origin',(-59.9999999999998,14.5499999999999,5.));
#17092=CARTESIAN_POINT('',(-63.3999999999998,25.4499999999999,5.));
#17093=CARTESIAN_POINT('',(-63.3999999999998,-7.27500000000008,5.));
#17094=CARTESIAN_POINT('Origin',(-59.9999999999998,25.4499999999999,5.));
#17095=CARTESIAN_POINT('',(-16.5999999999998,14.5499999999999,5.));
#17096=CARTESIAN_POINT('',(-16.5999999999998,25.4499999999999,5.));
#17097=CARTESIAN_POINT('',(-16.5999999999998,-12.7250000000001,5.));
#17098=CARTESIAN_POINT('',(-23.3999999999998,14.5499999999999,5.));
#17099=CARTESIAN_POINT('Origin',(-19.9999999999998,14.5499999999999,5.));
#17100=CARTESIAN_POINT('',(-23.3999999999998,25.4499999999999,5.));
#17101=CARTESIAN_POINT('',(-23.3999999999998,-7.27500000000008,5.));
#17102=CARTESIAN_POINT('Origin',(-19.9999999999998,25.4499999999999,5.));
#17103=CARTESIAN_POINT('',(23.4000000000002,14.5499999999999,5.));
#17104=CARTESIAN_POINT('',(23.4000000000002,25.4499999999999,5.));
#17105=CARTESIAN_POINT('',(23.4000000000002,-12.7250000000001,5.));
#17106=CARTESIAN_POINT('',(16.6000000000002,14.5499999999999,5.));
#17107=CARTESIAN_POINT('Origin',(20.0000000000002,14.5499999999999,5.));
#17108=CARTESIAN_POINT('',(16.6000000000002,25.4499999999999,5.));
#17109=CARTESIAN_POINT('',(16.6000000000002,-7.27500000000008,5.));
#17110=CARTESIAN_POINT('Origin',(20.0000000000002,25.4499999999999,5.));
#17111=CARTESIAN_POINT('',(63.4000000000002,14.5499999999999,5.));
#17112=CARTESIAN_POINT('',(63.4000000000002,25.4499999999999,5.));
#17113=CARTESIAN_POINT('',(63.4000000000002,-12.7250000000001,5.));
#17114=CARTESIAN_POINT('',(56.6000000000002,14.5499999999999,5.));
#17115=CARTESIAN_POINT('Origin',(60.0000000000002,14.5499999999999,5.));
#17116=CARTESIAN_POINT('',(56.6000000000002,25.4499999999999,5.));
#17117=CARTESIAN_POINT('',(56.6000000000002,-7.27500000000008,5.));
#17118=CARTESIAN_POINT('Origin',(60.0000000000002,25.4499999999999,5.));
#17119=CARTESIAN_POINT('',(-56.5999999999998,-25.4500000000001,5.));
#17120=CARTESIAN_POINT('',(-56.5999999999998,-14.5500000000001,5.));
#17121=CARTESIAN_POINT('',(-56.5999999999998,-52.7250000000001,5.));
#17122=CARTESIAN_POINT('',(-63.3999999999998,-25.4500000000001,5.));
#17123=CARTESIAN_POINT('Origin',(-59.9999999999998,-25.4500000000001,5.));
#17124=CARTESIAN_POINT('',(-63.3999999999998,-14.5500000000001,5.));
#17125=CARTESIAN_POINT('',(-63.3999999999998,-47.2750000000001,5.));
#17126=CARTESIAN_POINT('Origin',(-59.9999999999998,-14.5500000000001,5.));
#17127=CARTESIAN_POINT('',(-16.5999999999998,-25.4500000000001,5.));
#17128=CARTESIAN_POINT('',(-16.5999999999998,-14.5500000000001,5.));
#17129=CARTESIAN_POINT('',(-16.5999999999998,-52.7250000000001,5.));
#17130=CARTESIAN_POINT('',(-23.3999999999998,-25.4500000000001,5.));
#17131=CARTESIAN_POINT('Origin',(-19.9999999999998,-25.4500000000001,5.));
#17132=CARTESIAN_POINT('',(-23.3999999999998,-14.5500000000001,5.));
#17133=CARTESIAN_POINT('',(-23.3999999999998,-47.2750000000001,5.));
#17134=CARTESIAN_POINT('Origin',(-19.9999999999998,-14.5500000000001,5.));
#17135=CARTESIAN_POINT('',(23.4000000000002,-25.4500000000001,5.));
#17136=CARTESIAN_POINT('',(23.4000000000002,-14.5500000000001,5.));
#17137=CARTESIAN_POINT('',(23.4000000000002,-52.7250000000001,5.));
#17138=CARTESIAN_POINT('',(16.6000000000002,-25.4500000000001,5.));
#17139=CARTESIAN_POINT('Origin',(20.0000000000002,-25.4500000000001,5.));
#17140=CARTESIAN_POINT('',(16.6000000000002,-14.5500000000001,5.));
#17141=CARTESIAN_POINT('',(16.6000000000002,-47.2750000000001,5.));
#17142=CARTESIAN_POINT('Origin',(20.0000000000002,-14.5500000000001,5.));
#17143=CARTESIAN_POINT('',(63.4000000000002,-25.4500000000001,5.));
#17144=CARTESIAN_POINT('',(63.4000000000002,-14.5500000000001,5.));
#17145=CARTESIAN_POINT('',(63.4000000000002,-52.7250000000001,5.));
#17146=CARTESIAN_POINT('',(56.6000000000002,-25.4500000000001,5.));
#17147=CARTESIAN_POINT('Origin',(60.0000000000002,-25.4500000000001,5.));
#17148=CARTESIAN_POINT('',(56.6000000000002,-14.5500000000001,5.));
#17149=CARTESIAN_POINT('',(56.6000000000002,-47.2750000000001,5.));
#17150=CARTESIAN_POINT('Origin',(60.0000000000002,-14.5500000000001,5.));
#17151=CARTESIAN_POINT('',(-56.5999999999998,-65.4500000000001,5.));
#17152=CARTESIAN_POINT('',(-56.5999999999998,-54.5500000000001,5.));
#17153=CARTESIAN_POINT('',(-56.5999999999998,-92.7250000000001,5.));
#17154=CARTESIAN_POINT('',(-63.3999999999998,-65.4500000000001,5.));
#17155=CARTESIAN_POINT('Origin',(-59.9999999999998,-65.4500000000001,5.));
#17156=CARTESIAN_POINT('',(-63.3999999999998,-54.5500000000001,5.));
#17157=CARTESIAN_POINT('',(-63.3999999999998,-87.2750000000001,5.));
#17158=CARTESIAN_POINT('Origin',(-59.9999999999998,-54.5500000000001,5.));
#17159=CARTESIAN_POINT('',(-16.5999999999998,-65.4500000000001,5.));
#17160=CARTESIAN_POINT('',(-16.5999999999998,-54.5500000000001,5.));
#17161=CARTESIAN_POINT('',(-16.5999999999998,-92.7250000000001,5.));
#17162=CARTESIAN_POINT('',(-23.3999999999998,-65.4500000000001,5.));
#17163=CARTESIAN_POINT('Origin',(-19.9999999999998,-65.4500000000001,5.));
#17164=CARTESIAN_POINT('',(-23.3999999999998,-54.5500000000001,5.));
#17165=CARTESIAN_POINT('',(-23.3999999999998,-87.2750000000001,5.));
#17166=CARTESIAN_POINT('Origin',(-19.9999999999998,-54.5500000000001,5.));
#17167=CARTESIAN_POINT('',(23.4000000000002,-65.4500000000001,5.));
#17168=CARTESIAN_POINT('',(23.4000000000002,-54.5500000000001,5.));
#17169=CARTESIAN_POINT('',(23.4000000000002,-92.7250000000001,5.));
#17170=CARTESIAN_POINT('',(16.6000000000002,-65.4500000000001,5.));
#17171=CARTESIAN_POINT('Origin',(20.0000000000002,-65.4500000000001,5.));
#17172=CARTESIAN_POINT('',(16.6000000000002,-54.5500000000001,5.));
#17173=CARTESIAN_POINT('',(16.6000000000002,-87.2750000000001,5.));
#17174=CARTESIAN_POINT('Origin',(20.0000000000002,-54.5500000000001,5.));
#17175=CARTESIAN_POINT('',(63.4000000000002,-65.4500000000001,5.));
#17176=CARTESIAN_POINT('',(63.4000000000002,-54.5500000000001,5.));
#17177=CARTESIAN_POINT('',(63.4000000000002,-92.7250000000001,5.));
#17178=CARTESIAN_POINT('',(56.6000000000002,-65.4500000000001,5.));
#17179=CARTESIAN_POINT('Origin',(60.0000000000002,-65.4500000000001,5.));
#17180=CARTESIAN_POINT('',(56.6000000000002,-54.5500000000001,5.));
#17181=CARTESIAN_POINT('',(56.6000000000002,-87.2750000000001,5.));
#17182=CARTESIAN_POINT('Origin',(60.0000000000002,-54.5500000000001,5.));
#17183=CARTESIAN_POINT('',(86.9000000000002,91.,5.));
#17184=CARTESIAN_POINT('Origin',(91.0000000000002,91.,5.));
#17185=CARTESIAN_POINT('',(86.9000000000002,-91.,5.));
#17186=CARTESIAN_POINT('Origin',(91.0000000000002,-91.,5.));
#17187=CARTESIAN_POINT('Origin',(-94.1999999999998,-91.,-10.7));
#17188=CARTESIAN_POINT('',(-94.2265624999998,-90.7011782578296,-10.4));
#17189=CARTESIAN_POINT('',(-94.2796874999998,-90.1035347734888,-11.));
#17190=CARTESIAN_POINT('',(-94.2265624999998,-91.2988217421704,-10.4));
#17191=CARTESIAN_POINT('Origin',(-94.1999999999998,-91.,-10.4));
#17192=CARTESIAN_POINT('',(-94.2265624999998,-91.2988217421704,-10.4));
#17193=CARTESIAN_POINT('Origin',(-90.9999999999998,-91.,-10.7));
#17194=CARTESIAN_POINT('',(-93.7009191176469,-90.2617345193437,-10.4));
#17195=CARTESIAN_POINT('',(-93.7009191176469,-90.2617345193437,-10.4));
#17196=CARTESIAN_POINT('',(-91.7382654806561,-88.2990808823529,-10.4));
#17197=CARTESIAN_POINT('',(-91.896465226511,-87.7203125,-11.));
#17198=CARTESIAN_POINT('Origin',(-90.9999999999998,-91.,-10.4));
#17199=CARTESIAN_POINT('Origin',(-90.9999999999998,-87.8,-10.7));
#17200=CARTESIAN_POINT('',(-90.7011782578294,-87.7734375,-10.4));
#17201=CARTESIAN_POINT('',(-90.1035347734886,-87.7203125,-11.));
#17202=CARTESIAN_POINT('',(-91.2988217421702,-87.7734375,-10.4));
#17203=CARTESIAN_POINT('Origin',(-90.9999999999998,-87.8,-10.4));
#17204=CARTESIAN_POINT('',(-91.2988217421702,-87.7734375,-10.4));
#17205=CARTESIAN_POINT('Origin',(-90.9999999999998,-91.,-10.7));
#17206=CARTESIAN_POINT('',(-90.2617345193435,-88.2990808823529,-10.4));
#17207=CARTESIAN_POINT('',(-90.2617345193435,-88.2990808823529,-10.4));
#17208=CARTESIAN_POINT('',(-88.2990808823528,-90.2617345193437,-10.4));
#17209=CARTESIAN_POINT('',(-87.7203124999998,-90.1035347734888,-11.));
#17210=CARTESIAN_POINT('Origin',(-90.9999999999998,-91.,-10.4));
#17211=CARTESIAN_POINT('Origin',(-87.7999999999998,-91.,-10.7));
#17212=CARTESIAN_POINT('',(-87.7734374999998,-91.2988217421704,-10.4));
#17213=CARTESIAN_POINT('',(-87.7203124999998,-91.8964652265112,-11.));
#17214=CARTESIAN_POINT('',(-87.7734374999998,-90.7011782578296,-10.4));
#17215=CARTESIAN_POINT('Origin',(-87.7999999999998,-91.,-10.4));
#17216=CARTESIAN_POINT('',(-87.7734374999998,-90.7011782578296,-10.4));
#17217=CARTESIAN_POINT('Origin',(-90.9999999999998,-91.,-10.7));
#17218=CARTESIAN_POINT('',(-88.2990808823528,-91.7382654806563,-10.4));
#17219=CARTESIAN_POINT('',(-88.2990808823528,-91.7382654806563,-10.4));
#17220=CARTESIAN_POINT('',(-90.2617345193435,-93.700919117647,-10.4));
#17221=CARTESIAN_POINT('',(-90.1035347734886,-94.2796875,-11.));
#17222=CARTESIAN_POINT('Origin',(-90.9999999999998,-91.,-10.4));
#17223=CARTESIAN_POINT('Origin',(-90.9999999999998,-94.2,-10.7));
#17224=CARTESIAN_POINT('',(-91.2988217421702,-94.2265625,-10.4));
#17225=CARTESIAN_POINT('',(-91.896465226511,-94.2796875,-11.));
#17226=CARTESIAN_POINT('',(-90.7011782578294,-94.2265625,-10.4));
#17227=CARTESIAN_POINT('Origin',(-90.9999999999998,-94.2,-10.4));
#17228=CARTESIAN_POINT('',(-90.7011782578294,-94.2265625,-10.4));
#17229=CARTESIAN_POINT('Origin',(-90.9999999999998,-91.,-10.7));
#17230=CARTESIAN_POINT('',(-91.7382654806561,-93.700919117647,-10.4));
#17231=CARTESIAN_POINT('',(-91.7382654806561,-93.700919117647,-10.4));
#17232=CARTESIAN_POINT('',(-93.7009191176469,-91.7382654806563,-10.4));
#17233=CARTESIAN_POINT('',(-94.2796874999998,-91.8964652265112,-11.));
#17234=CARTESIAN_POINT('Origin',(-90.9999999999998,-91.,-10.4));
#17235=CARTESIAN_POINT('Origin',(-91.896465226511,-94.2796875,-10.4));
#17236=CARTESIAN_POINT('Origin',(-91.896465226511,-94.2796875,-10.4));
#17237=CARTESIAN_POINT('Origin',(-90.1035347734886,-94.2796875,-10.4));
#17238=CARTESIAN_POINT('Origin',(-90.1035347734886,-94.2796875,-10.4));
#17239=CARTESIAN_POINT('Origin',(-87.7203124999998,-91.8964652265112,-10.4));
#17240=CARTESIAN_POINT('Origin',(-87.7203124999998,-91.8964652265112,-10.4));
#17241=CARTESIAN_POINT('Origin',(-87.7203124999998,-90.1035347734888,-10.4));
#17242=CARTESIAN_POINT('Origin',(-87.7203124999998,-90.1035347734888,-10.4));
#17243=CARTESIAN_POINT('Origin',(-90.1035347734886,-87.7203125,-10.4));
#17244=CARTESIAN_POINT('Origin',(-90.1035347734886,-87.7203125,-10.4));
#17245=CARTESIAN_POINT('Origin',(-91.896465226511,-87.7203125,-10.4));
#17246=CARTESIAN_POINT('Origin',(-91.896465226511,-87.7203125,-10.4));
#17247=CARTESIAN_POINT('Origin',(-94.2796874999998,-90.1035347734888,-10.4));
#17248=CARTESIAN_POINT('Origin',(-94.2796874999998,-90.1035347734888,-10.4));
#17249=CARTESIAN_POINT('Origin',(-94.2796874999998,-91.8964652265112,-10.4));
#17250=CARTESIAN_POINT('Origin',(-94.2796874999998,-91.8964652265112,-10.4));
#17251=CARTESIAN_POINT('Origin',(-87.7203124999998,-90.1035347734888,-8.21085615401698E-28));
#17252=CARTESIAN_POINT('',(-87.7734374999998,-90.7011782578296,4.));
#17253=CARTESIAN_POINT('',(-87.7734374999998,-90.7011782578296,-8.21085615401698E-28));
#17254=CARTESIAN_POINT('',(-87.9175960119161,-90.6701732966462,4.));
#17255=CARTESIAN_POINT('Origin',(-87.7203124999998,-90.1035347734888,4.));
#17256=CARTESIAN_POINT('',(-88.2990808823528,-90.2617345193437,3.7));
#17257=CARTESIAN_POINT('Ctrl Pts',(-87.9175960119161,-90.6701732966462,
4.));
#17258=CARTESIAN_POINT('Ctrl Pts',(-87.9806219796764,-90.6482298816585,
3.93966646124145));
#17259=CARTESIAN_POINT('Ctrl Pts',(-88.041540748134,-90.6150187893971,3.88297055126869));
#17260=CARTESIAN_POINT('Ctrl Pts',(-88.1377566646574,-90.5378821465533,
3.79903844700658));
#17261=CARTESIAN_POINT('Ctrl Pts',(-88.1809953982668,-90.4932827088522,
3.76357026359984));
#17262=CARTESIAN_POINT('Ctrl Pts',(-88.2531049007048,-90.3868446590685,
3.71387231153764));
#17263=CARTESIAN_POINT('Ctrl Pts',(-88.2818542967862,-90.324757395948,3.7));
#17264=CARTESIAN_POINT('Ctrl Pts',(-88.2990808823528,-90.2617345193437,
3.7));
#17265=CARTESIAN_POINT('',(-88.2990808823528,-90.2617345193437,-8.21085615401698E-28));
#17266=CARTESIAN_POINT('Origin',(-87.7999999999998,-91.,-0.124999999999994));
#17267=CARTESIAN_POINT('',(-87.7734374999998,-91.2988217421704,4.));
#17268=CARTESIAN_POINT('',(-87.7734374999998,-91.2988217421704,-8.21085615401698E-28));
#17269=CARTESIAN_POINT('Origin',(-87.7999999999998,-91.,4.));
#17270=CARTESIAN_POINT('Origin',(-87.7203124999998,-91.8964652265112,-8.21085615401698E-28));
#17271=CARTESIAN_POINT('',(-88.2990808823528,-91.7382654806563,3.7));
#17272=CARTESIAN_POINT('',(-88.2990808823528,-91.7382654806563,-8.21085615401698E-28));
#17273=CARTESIAN_POINT('',(-87.9175960119161,-91.3298267033538,4.));
#17274=CARTESIAN_POINT('Ctrl Pts',(-88.2990808823528,-91.7382654806563,
3.7));
#17275=CARTESIAN_POINT('Ctrl Pts',(-88.2818542967862,-91.675242604052,3.7));
#17276=CARTESIAN_POINT('Ctrl Pts',(-88.2531049007048,-91.6131553409315,
3.71387231153764));
#17277=CARTESIAN_POINT('Ctrl Pts',(-88.1809953982668,-91.5067172911478,
3.76357026359983));
#17278=CARTESIAN_POINT('Ctrl Pts',(-88.1377566646575,-91.4621178534467,
3.79903844700658));
#17279=CARTESIAN_POINT('Ctrl Pts',(-88.041540748134,-91.3849812106029,3.88297055126869));
#17280=CARTESIAN_POINT('Ctrl Pts',(-87.9806219796764,-91.3517701183415,
3.93966646124145));
#17281=CARTESIAN_POINT('Ctrl Pts',(-87.9175960119161,-91.3298267033538,
4.));
#17282=CARTESIAN_POINT('Origin',(-87.7203124999998,-91.8964652265112,4.));
#17283=CARTESIAN_POINT('Origin',(-90.1035347734886,-94.2796875,-8.21085615401698E-28));
#17284=CARTESIAN_POINT('',(-90.7011782578294,-94.2265625,4.));
#17285=CARTESIAN_POINT('',(-90.7011782578294,-94.2265625,-8.21085615401698E-28));
#17286=CARTESIAN_POINT('',(-90.670173296646,-94.0824039880838,4.));
#17287=CARTESIAN_POINT('Origin',(-90.1035347734886,-94.2796875,4.));
#17288=CARTESIAN_POINT('',(-90.2617345193435,-93.700919117647,3.7));
#17289=CARTESIAN_POINT('Ctrl Pts',(-90.670173296646,-94.0824039880838,4.));
#17290=CARTESIAN_POINT('Ctrl Pts',(-90.6482298816583,-94.0193780203234,
3.93966646124143));
#17291=CARTESIAN_POINT('Ctrl Pts',(-90.615018789397,-93.9584592518659,3.88297055126868));
#17292=CARTESIAN_POINT('Ctrl Pts',(-90.5378821465531,-93.8622433353423,
3.79903844700657));
#17293=CARTESIAN_POINT('Ctrl Pts',(-90.493282708852,-93.819004601733,3.76357026359984));
#17294=CARTESIAN_POINT('Ctrl Pts',(-90.3868446590683,-93.746895099295,3.71387231153765));
#17295=CARTESIAN_POINT('Ctrl Pts',(-90.3247573959478,-93.7181457032136,
3.7));
#17296=CARTESIAN_POINT('Ctrl Pts',(-90.2617345193435,-93.700919117647,3.7));
#17297=CARTESIAN_POINT('',(-90.2617345193435,-93.700919117647,-8.21085615401698E-28));
#17298=CARTESIAN_POINT('Origin',(-90.9999999999998,-94.2,-0.124999999999994));
#17299=CARTESIAN_POINT('',(-91.2988217421702,-94.2265625,4.));
#17300=CARTESIAN_POINT('',(-91.2988217421702,-94.2265625,-8.21085615401698E-28));
#17301=CARTESIAN_POINT('Origin',(-90.9999999999998,-94.2,4.));
#17302=CARTESIAN_POINT('Origin',(-91.896465226511,-94.2796875,-8.21085615401698E-28));
#17303=CARTESIAN_POINT('',(-91.7382654806561,-93.700919117647,3.7));
#17304=CARTESIAN_POINT('',(-91.7382654806561,-93.700919117647,-8.21085615401698E-28));
#17305=CARTESIAN_POINT('',(-91.3298267033536,-94.0824039880838,4.));
#17306=CARTESIAN_POINT('Ctrl Pts',(-91.7382654806561,-93.700919117647,3.7));
#17307=CARTESIAN_POINT('Ctrl Pts',(-91.6752426040518,-93.7181457032136,
3.7));
#17308=CARTESIAN_POINT('Ctrl Pts',(-91.6131553409313,-93.746895099295,3.71387231153765));
#17309=CARTESIAN_POINT('Ctrl Pts',(-91.5067172911476,-93.819004601733,3.76357026359984));
#17310=CARTESIAN_POINT('Ctrl Pts',(-91.4621178534465,-93.8622433353423,
3.79903844700657));
#17311=CARTESIAN_POINT('Ctrl Pts',(-91.3849812106027,-93.9584592518658,
3.88297055126868));
#17312=CARTESIAN_POINT('Ctrl Pts',(-91.3517701183413,-94.0193780203234,
3.93966646124144));
#17313=CARTESIAN_POINT('Ctrl Pts',(-91.3298267033536,-94.0824039880838,
4.));
#17314=CARTESIAN_POINT('Origin',(-91.896465226511,-94.2796875,4.));
#17315=CARTESIAN_POINT('Origin',(-90.9999999999998,-91.,4.35));
#17316=CARTESIAN_POINT('',(-94.0999999999998,-91.,4.));
#17317=CARTESIAN_POINT('',(-94.4499999999998,-91.,4.35));
#17318=CARTESIAN_POINT('',(-94.0824039880836,-90.6701732966462,4.));
#17319=CARTESIAN_POINT('Origin',(-90.9999999999998,-91.,4.));
#17320=CARTESIAN_POINT('',(-93.7009191176469,-90.2617345193437,3.7));
#17321=CARTESIAN_POINT('Ctrl Pts',(-93.7009191176469,-90.2617345193437,
3.7));
#17322=CARTESIAN_POINT('Ctrl Pts',(-93.7181457032135,-90.324757395948,3.7));
#17323=CARTESIAN_POINT('Ctrl Pts',(-93.7468950992948,-90.3868446590685,
3.71387231153764));
#17324=CARTESIAN_POINT('Ctrl Pts',(-93.8190046017328,-90.4932827088522,
3.76357026359984));
#17325=CARTESIAN_POINT('Ctrl Pts',(-93.8622433353422,-90.5378821465533,
3.79903844700658));
#17326=CARTESIAN_POINT('Ctrl Pts',(-93.9584592518657,-90.6150187893971,
3.88297055126869));
#17327=CARTESIAN_POINT('Ctrl Pts',(-94.0193780203233,-90.6482298816585,
3.93966646124144));
#17328=CARTESIAN_POINT('Ctrl Pts',(-94.0824039880836,-90.6701732966462,
4.));
#17329=CARTESIAN_POINT('',(-91.7382654806561,-88.2990808823529,3.7));
#17330=CARTESIAN_POINT('Origin',(-90.9999999999998,-91.,3.7));
#17331=CARTESIAN_POINT('',(-91.3298267033536,-87.9175960119162,4.));
#17332=CARTESIAN_POINT('Ctrl Pts',(-91.3298267033536,-87.9175960119162,
4.));
#17333=CARTESIAN_POINT('Ctrl Pts',(-91.3517701183413,-87.9806219796765,
3.93966646124145));
#17334=CARTESIAN_POINT('Ctrl Pts',(-91.3849812106027,-88.0415407481341,
3.88297055126869));
#17335=CARTESIAN_POINT('Ctrl Pts',(-91.4621178534465,-88.1377566646576,
3.79903844700658));
#17336=CARTESIAN_POINT('Ctrl Pts',(-91.5067172911476,-88.180995398267,3.76357026359984));
#17337=CARTESIAN_POINT('Ctrl Pts',(-91.6131553409313,-88.253104900705,3.71387231153764));
#17338=CARTESIAN_POINT('Ctrl Pts',(-91.6752426040518,-88.2818542967863,
3.7));
#17339=CARTESIAN_POINT('Ctrl Pts',(-91.7382654806561,-88.2990808823529,
3.7));
#17340=CARTESIAN_POINT('',(-90.6701732966461,-87.9175960119162,4.));
#17341=CARTESIAN_POINT('Origin',(-90.9999999999998,-91.,4.));
#17342=CARTESIAN_POINT('',(-90.2617345193435,-88.2990808823529,3.7));
#17343=CARTESIAN_POINT('Ctrl Pts',(-90.2617345193435,-88.2990808823529,
3.7));
#17344=CARTESIAN_POINT('Ctrl Pts',(-90.3247573959478,-88.2818542967863,
3.7));
#17345=CARTESIAN_POINT('Ctrl Pts',(-90.3868446590683,-88.253104900705,3.71387231153764));
#17346=CARTESIAN_POINT('Ctrl Pts',(-90.493282708852,-88.180995398267,3.76357026359983));
#17347=CARTESIAN_POINT('Ctrl Pts',(-90.5378821465531,-88.1377566646576,
3.79903844700658));
#17348=CARTESIAN_POINT('Ctrl Pts',(-90.6150187893969,-88.0415407481341,
3.88297055126869));
#17349=CARTESIAN_POINT('Ctrl Pts',(-90.6482298816583,-87.9806219796765,
3.93966646124145));
#17350=CARTESIAN_POINT('Ctrl Pts',(-90.670173296646,-87.9175960119162,4.));
#17351=CARTESIAN_POINT('Origin',(-90.9999999999998,-91.,3.7));
#17352=CARTESIAN_POINT('Origin',(-90.9999999999998,-91.,4.));
#17353=CARTESIAN_POINT('Origin',(-90.9999999999998,-91.,3.7));
#17354=CARTESIAN_POINT('Origin',(-90.9999999999998,-91.,4.));
#17355=CARTESIAN_POINT('',(-93.7009191176469,-91.7382654806563,3.7));
#17356=CARTESIAN_POINT('Origin',(-90.9999999999998,-91.,3.7));
#17357=CARTESIAN_POINT('',(-94.0824039880836,-91.3298267033538,4.));
#17358=CARTESIAN_POINT('Ctrl Pts',(-94.0824039880836,-91.3298267033538,
4.));
#17359=CARTESIAN_POINT('Ctrl Pts',(-94.0193780203233,-91.3517701183415,
3.93966646124144));
#17360=CARTESIAN_POINT('Ctrl Pts',(-93.9584592518657,-91.3849812106029,
3.88297055126869));
#17361=CARTESIAN_POINT('Ctrl Pts',(-93.8622433353422,-91.4621178534467,
3.79903844700658));
#17362=CARTESIAN_POINT('Ctrl Pts',(-93.8190046017328,-91.5067172911478,
3.76357026359984));
#17363=CARTESIAN_POINT('Ctrl Pts',(-93.7468950992948,-91.6131553409315,
3.71387231153764));
#17364=CARTESIAN_POINT('Ctrl Pts',(-93.7181457032135,-91.675242604052,3.7));
#17365=CARTESIAN_POINT('Ctrl Pts',(-93.7009191176469,-91.7382654806563,
3.7));
#17366=CARTESIAN_POINT('Origin',(-90.9999999999998,-91.,4.));
#17367=CARTESIAN_POINT('Origin',(-94.2796874999998,-91.8964652265112,-8.21085615401698E-28));
#17368=CARTESIAN_POINT('',(-94.2265624999998,-91.2988217421704,4.));
#17369=CARTESIAN_POINT('',(-94.2265624999998,-91.2988217421704,-8.21085615401698E-28));
#17370=CARTESIAN_POINT('Origin',(-94.2796874999998,-91.8964652265112,4.));
#17371=CARTESIAN_POINT('',(-93.7009191176469,-91.7382654806563,-8.21085615401698E-28));
#17372=CARTESIAN_POINT('Origin',(-94.1999999999998,-91.,-0.124999999999994));
#17373=CARTESIAN_POINT('',(-94.2265624999998,-90.7011782578296,4.));
#17374=CARTESIAN_POINT('',(-94.2265624999998,-90.7011782578296,-8.21085615401698E-28));
#17375=CARTESIAN_POINT('Origin',(-94.1999999999998,-91.,4.));
#17376=CARTESIAN_POINT('Origin',(-94.2796874999998,-90.1035347734888,-8.21085615401698E-28));
#17377=CARTESIAN_POINT('',(-93.7009191176469,-90.2617345193437,-8.21085615401698E-28));
#17378=CARTESIAN_POINT('Origin',(-94.2796874999998,-90.1035347734888,4.));
#17379=CARTESIAN_POINT('Origin',(-91.896465226511,-87.7203125,-8.21085615401698E-28));
#17380=CARTESIAN_POINT('',(-91.2988217421702,-87.7734375,4.));
#17381=CARTESIAN_POINT('',(-91.2988217421702,-87.7734375,-8.21085615401698E-28));
#17382=CARTESIAN_POINT('Origin',(-91.896465226511,-87.7203125,4.));
#17383=CARTESIAN_POINT('',(-91.7382654806561,-88.2990808823529,-8.21085615401698E-28));
#17384=CARTESIAN_POINT('Origin',(-90.9999999999998,-87.8,-0.124999999999994));
#17385=CARTESIAN_POINT('',(-90.7011782578294,-87.7734375,4.));
#17386=CARTESIAN_POINT('',(-90.7011782578294,-87.7734375,-8.21085615401698E-28));
#17387=CARTESIAN_POINT('Origin',(-90.9999999999998,-87.8,4.));
#17388=CARTESIAN_POINT('Origin',(-90.1035347734886,-87.7203125,-8.21085615401698E-28));
#17389=CARTESIAN_POINT('',(-90.2617345193435,-88.2990808823529,-8.21085615401698E-28));
#17390=CARTESIAN_POINT('Origin',(-90.1035347734886,-87.7203125,4.));
#17391=CARTESIAN_POINT('Origin',(-90.9999999999998,-91.,4.));
#17392=CARTESIAN_POINT('Origin',(-90.9999999999998,-91.,4.));
#17393=CARTESIAN_POINT('Origin',(-90.9999999999998,-91.,4.));
#17394=CARTESIAN_POINT('Origin',(-90.9999999999998,-91.,4.));
#17395=CARTESIAN_POINT('Origin',(-90.9999999999998,-91.,0.));
#17396=CARTESIAN_POINT('Origin',(-90.9999999999998,-91.,0.));
#17397=CARTESIAN_POINT('Origin',(-90.9999999999998,-91.,0.));
#17398=CARTESIAN_POINT('Origin',(-90.9999999999998,-91.,0.));
#17399=CARTESIAN_POINT('Origin',(87.8000000000002,-91.,-10.7));
#17400=CARTESIAN_POINT('',(87.7734375000002,-90.7011782578296,-10.4));
#17401=CARTESIAN_POINT('',(87.7203125000002,-90.1035347734888,-11.));
#17402=CARTESIAN_POINT('',(87.7734375000002,-91.2988217421704,-10.4));
#17403=CARTESIAN_POINT('Origin',(87.8000000000002,-91.,-10.4));
#17404=CARTESIAN_POINT('',(87.7734375000002,-91.2988217421704,-10.4));
#17405=CARTESIAN_POINT('Origin',(91.0000000000002,-91.,-10.7));
#17406=CARTESIAN_POINT('',(88.2990808823531,-90.2617345193437,-10.4));
#17407=CARTESIAN_POINT('',(88.2990808823531,-90.2617345193437,-10.4));
#17408=CARTESIAN_POINT('',(90.2617345193439,-88.2990808823529,-10.4));
#17409=CARTESIAN_POINT('',(90.103534773489,-87.7203125,-11.));
#17410=CARTESIAN_POINT('Origin',(91.0000000000002,-91.,-10.4));
#17411=CARTESIAN_POINT('Origin',(91.0000000000002,-87.8,-10.7));
#17412=CARTESIAN_POINT('',(91.2988217421706,-87.7734375,-10.4));
#17413=CARTESIAN_POINT('',(91.8964652265114,-87.7203125,-11.));
#17414=CARTESIAN_POINT('',(90.7011782578298,-87.7734375,-10.4));
#17415=CARTESIAN_POINT('Origin',(91.0000000000002,-87.8,-10.4));
#17416=CARTESIAN_POINT('',(90.7011782578298,-87.7734375,-10.4));
#17417=CARTESIAN_POINT('Origin',(91.0000000000002,-91.,-10.7));
#17418=CARTESIAN_POINT('',(91.7382654806565,-88.2990808823529,-10.4));
#17419=CARTESIAN_POINT('',(91.7382654806565,-88.2990808823529,-10.4));
#17420=CARTESIAN_POINT('',(93.7009191176472,-90.2617345193437,-10.4));
#17421=CARTESIAN_POINT('',(94.2796875000002,-90.1035347734888,-11.));
#17422=CARTESIAN_POINT('Origin',(91.0000000000002,-91.,-10.4));
#17423=CARTESIAN_POINT('Origin',(94.2000000000002,-91.,-10.7));
#17424=CARTESIAN_POINT('',(94.2265625000002,-91.2988217421704,-10.4));
#17425=CARTESIAN_POINT('',(94.2796875000002,-91.8964652265112,-11.));
#17426=CARTESIAN_POINT('',(94.2265625000002,-90.7011782578296,-10.4));
#17427=CARTESIAN_POINT('Origin',(94.2000000000002,-91.,-10.4));
#17428=CARTESIAN_POINT('',(94.2265625000002,-90.7011782578296,-10.4));
#17429=CARTESIAN_POINT('Origin',(91.0000000000002,-91.,-10.7));
#17430=CARTESIAN_POINT('',(93.7009191176472,-91.7382654806563,-10.4));
#17431=CARTESIAN_POINT('',(93.7009191176472,-91.7382654806563,-10.4));
#17432=CARTESIAN_POINT('',(91.7382654806565,-93.700919117647,-10.4));
#17433=CARTESIAN_POINT('',(91.8964652265114,-94.2796875,-11.));
#17434=CARTESIAN_POINT('Origin',(91.0000000000002,-91.,-10.4));
#17435=CARTESIAN_POINT('Origin',(91.0000000000002,-94.2,-10.7));
#17436=CARTESIAN_POINT('',(90.7011782578298,-94.2265625,-10.4));
#17437=CARTESIAN_POINT('',(90.103534773489,-94.2796875,-11.));
#17438=CARTESIAN_POINT('',(91.2988217421706,-94.2265625,-10.4));
#17439=CARTESIAN_POINT('Origin',(91.0000000000002,-94.2,-10.4));
#17440=CARTESIAN_POINT('',(91.2988217421706,-94.2265625,-10.4));
#17441=CARTESIAN_POINT('Origin',(91.0000000000002,-91.,-10.7));
#17442=CARTESIAN_POINT('',(90.2617345193439,-93.700919117647,-10.4));
#17443=CARTESIAN_POINT('',(90.2617345193439,-93.700919117647,-10.4));
#17444=CARTESIAN_POINT('',(88.2990808823531,-91.7382654806563,-10.4));
#17445=CARTESIAN_POINT('',(87.7203125000002,-91.8964652265112,-11.));
#17446=CARTESIAN_POINT('Origin',(91.0000000000002,-91.,-10.4));
#17447=CARTESIAN_POINT('Origin',(90.103534773489,-94.2796875,-10.4));
#17448=CARTESIAN_POINT('Origin',(90.103534773489,-94.2796875,-10.4));
#17449=CARTESIAN_POINT('Origin',(91.8964652265114,-94.2796875,-10.4));
#17450=CARTESIAN_POINT('Origin',(91.8964652265114,-94.2796875,-10.4));
#17451=CARTESIAN_POINT('Origin',(94.2796875000002,-91.8964652265112,-10.4));
#17452=CARTESIAN_POINT('Origin',(94.2796875000002,-91.8964652265112,-10.4));
#17453=CARTESIAN_POINT('Origin',(94.2796875000002,-90.1035347734888,-10.4));
#17454=CARTESIAN_POINT('Origin',(94.2796875000002,-90.1035347734888,-10.4));
#17455=CARTESIAN_POINT('Origin',(91.8964652265114,-87.7203125,-10.4));
#17456=CARTESIAN_POINT('Origin',(91.8964652265114,-87.7203125,-10.4));
#17457=CARTESIAN_POINT('Origin',(90.103534773489,-87.7203125,-10.4));
#17458=CARTESIAN_POINT('Origin',(90.103534773489,-87.7203125,-10.4));
#17459=CARTESIAN_POINT('Origin',(87.7203125000002,-90.1035347734888,-10.4));
#17460=CARTESIAN_POINT('Origin',(87.7203125000002,-90.1035347734888,-10.4));
#17461=CARTESIAN_POINT('Origin',(87.7203125000002,-91.8964652265112,-10.4));
#17462=CARTESIAN_POINT('Origin',(87.7203125000002,-91.8964652265112,-10.4));
#17463=CARTESIAN_POINT('Origin',(94.2796875000002,-90.1035347734888,-8.21085615401698E-28));
#17464=CARTESIAN_POINT('',(94.2265625000002,-90.7011782578296,4.));
#17465=CARTESIAN_POINT('',(94.2265625000002,-90.7011782578296,-8.21085615401698E-28));
#17466=CARTESIAN_POINT('',(94.0824039880839,-90.6701732966462,4.));
#17467=CARTESIAN_POINT('Origin',(94.2796875000002,-90.1035347734888,4.));
#17468=CARTESIAN_POINT('',(93.7009191176472,-90.2617345193437,3.7));
#17469=CARTESIAN_POINT('Ctrl Pts',(94.0824039880839,-90.6701732966462,4.));
#17470=CARTESIAN_POINT('Ctrl Pts',(94.0193780203236,-90.6482298816585,3.93966646124145));
#17471=CARTESIAN_POINT('Ctrl Pts',(93.958459251866,-90.6150187893971,3.88297055126869));
#17472=CARTESIAN_POINT('Ctrl Pts',(93.8622433353426,-90.5378821465533,3.79903844700658));
#17473=CARTESIAN_POINT('Ctrl Pts',(93.8190046017332,-90.4932827088522,3.76357026359984));
#17474=CARTESIAN_POINT('Ctrl Pts',(93.7468950992952,-90.3868446590685,3.71387231153764));
#17475=CARTESIAN_POINT('Ctrl Pts',(93.7181457032138,-90.324757395948,3.7));
#17476=CARTESIAN_POINT('Ctrl Pts',(93.7009191176472,-90.2617345193437,3.7));
#17477=CARTESIAN_POINT('',(93.7009191176472,-90.2617345193437,-8.21085615401698E-28));
#17478=CARTESIAN_POINT('Origin',(94.2000000000002,-91.,-0.124999999999994));
#17479=CARTESIAN_POINT('',(94.2265625000002,-91.2988217421704,4.));
#17480=CARTESIAN_POINT('',(94.2265625000002,-91.2988217421704,-8.21085615401698E-28));
#17481=CARTESIAN_POINT('Origin',(94.2000000000002,-91.,4.));
#17482=CARTESIAN_POINT('Origin',(94.2796875000002,-91.8964652265112,-8.21085615401698E-28));
#17483=CARTESIAN_POINT('',(93.7009191176472,-91.7382654806563,3.7));
#17484=CARTESIAN_POINT('',(93.7009191176472,-91.7382654806563,-8.21085615401698E-28));
#17485=CARTESIAN_POINT('',(94.0824039880839,-91.3298267033538,4.));
#17486=CARTESIAN_POINT('Ctrl Pts',(93.7009191176472,-91.7382654806563,3.7));
#17487=CARTESIAN_POINT('Ctrl Pts',(93.7181457032138,-91.675242604052,3.7));
#17488=CARTESIAN_POINT('Ctrl Pts',(93.7468950992952,-91.6131553409315,3.71387231153764));
#17489=CARTESIAN_POINT('Ctrl Pts',(93.8190046017332,-91.5067172911478,3.76357026359983));
#17490=CARTESIAN_POINT('Ctrl Pts',(93.8622433353425,-91.4621178534467,3.79903844700658));
#17491=CARTESIAN_POINT('Ctrl Pts',(93.958459251866,-91.3849812106029,3.88297055126869));
#17492=CARTESIAN_POINT('Ctrl Pts',(94.0193780203236,-91.3517701183415,3.93966646124145));
#17493=CARTESIAN_POINT('Ctrl Pts',(94.0824039880839,-91.3298267033538,4.));
#17494=CARTESIAN_POINT('Origin',(94.2796875000002,-91.8964652265112,4.));
#17495=CARTESIAN_POINT('Origin',(91.8964652265114,-94.2796875,-8.21085615401698E-28));
#17496=CARTESIAN_POINT('',(91.2988217421706,-94.2265625,4.));
#17497=CARTESIAN_POINT('',(91.2988217421706,-94.2265625,-8.21085615401698E-28));
#17498=CARTESIAN_POINT('',(91.329826703354,-94.0824039880838,4.));
#17499=CARTESIAN_POINT('Origin',(91.8964652265114,-94.2796875,4.));
#17500=CARTESIAN_POINT('',(91.7382654806565,-93.700919117647,3.7));
#17501=CARTESIAN_POINT('Ctrl Pts',(91.329826703354,-94.0824039880838,4.));
#17502=CARTESIAN_POINT('Ctrl Pts',(91.3517701183417,-94.0193780203234,3.93966646124143));
#17503=CARTESIAN_POINT('Ctrl Pts',(91.384981210603,-93.9584592518659,3.88297055126868));
#17504=CARTESIAN_POINT('Ctrl Pts',(91.4621178534469,-93.8622433353423,3.79903844700657));
#17505=CARTESIAN_POINT('Ctrl Pts',(91.506717291148,-93.819004601733,3.76357026359984));
#17506=CARTESIAN_POINT('Ctrl Pts',(91.6131553409316,-93.746895099295,3.71387231153765));
#17507=CARTESIAN_POINT('Ctrl Pts',(91.6752426040522,-93.7181457032136,3.7));
#17508=CARTESIAN_POINT('Ctrl Pts',(91.7382654806565,-93.700919117647,3.7));
#17509=CARTESIAN_POINT('',(91.7382654806565,-93.700919117647,-8.21085615401698E-28));
#17510=CARTESIAN_POINT('Origin',(91.0000000000002,-94.2,-0.124999999999994));
#17511=CARTESIAN_POINT('',(90.7011782578298,-94.2265625,4.));
#17512=CARTESIAN_POINT('',(90.7011782578298,-94.2265625,-8.21085615401698E-28));
#17513=CARTESIAN_POINT('Origin',(91.0000000000002,-94.2,4.));
#17514=CARTESIAN_POINT('Origin',(90.103534773489,-94.2796875,-8.21085615401698E-28));
#17515=CARTESIAN_POINT('',(90.2617345193439,-93.700919117647,3.7));
#17516=CARTESIAN_POINT('',(90.2617345193439,-93.700919117647,-8.21085615401698E-28));
#17517=CARTESIAN_POINT('',(90.6701732966464,-94.0824039880838,4.));
#17518=CARTESIAN_POINT('Ctrl Pts',(90.2617345193439,-93.700919117647,3.7));
#17519=CARTESIAN_POINT('Ctrl Pts',(90.3247573959482,-93.7181457032136,3.7));
#17520=CARTESIAN_POINT('Ctrl Pts',(90.3868446590687,-93.746895099295,3.71387231153765));
#17521=CARTESIAN_POINT('Ctrl Pts',(90.4932827088524,-93.819004601733,3.76357026359984));
#17522=CARTESIAN_POINT('Ctrl Pts',(90.5378821465534,-93.8622433353423,3.79903844700657));
#17523=CARTESIAN_POINT('Ctrl Pts',(90.6150187893973,-93.9584592518658,3.88297055126868));
#17524=CARTESIAN_POINT('Ctrl Pts',(90.6482298816587,-94.0193780203234,3.93966646124144));
#17525=CARTESIAN_POINT('Ctrl Pts',(90.6701732966464,-94.0824039880838,4.));
#17526=CARTESIAN_POINT('Origin',(90.103534773489,-94.2796875,4.));
#17527=CARTESIAN_POINT('Origin',(91.0000000000002,-91.,4.35));
#17528=CARTESIAN_POINT('',(87.9000000000002,-91.,4.));
#17529=CARTESIAN_POINT('',(87.5500000000002,-91.,4.35));
#17530=CARTESIAN_POINT('',(87.9175960119164,-90.6701732966462,4.));
#17531=CARTESIAN_POINT('Origin',(91.0000000000002,-91.,4.));
#17532=CARTESIAN_POINT('',(88.2990808823531,-90.2617345193437,3.7));
#17533=CARTESIAN_POINT('Ctrl Pts',(88.2990808823531,-90.2617345193437,3.7));
#17534=CARTESIAN_POINT('Ctrl Pts',(88.2818542967865,-90.324757395948,3.7));
#17535=CARTESIAN_POINT('Ctrl Pts',(88.2531049007052,-90.3868446590685,3.71387231153764));
#17536=CARTESIAN_POINT('Ctrl Pts',(88.1809953982672,-90.4932827088522,3.76357026359984));
#17537=CARTESIAN_POINT('Ctrl Pts',(88.1377566646578,-90.5378821465533,3.79903844700658));
#17538=CARTESIAN_POINT('Ctrl Pts',(88.0415407481343,-90.6150187893971,3.88297055126869));
#17539=CARTESIAN_POINT('Ctrl Pts',(87.9806219796767,-90.6482298816585,3.93966646124144));
#17540=CARTESIAN_POINT('Ctrl Pts',(87.9175960119164,-90.6701732966462,4.));
#17541=CARTESIAN_POINT('',(90.2617345193439,-88.2990808823529,3.7));
#17542=CARTESIAN_POINT('Origin',(91.0000000000002,-91.,3.7));
#17543=CARTESIAN_POINT('',(90.6701732966464,-87.9175960119162,4.));
#17544=CARTESIAN_POINT('Ctrl Pts',(90.6701732966464,-87.9175960119162,4.));
#17545=CARTESIAN_POINT('Ctrl Pts',(90.6482298816587,-87.9806219796765,3.93966646124145));
#17546=CARTESIAN_POINT('Ctrl Pts',(90.6150187893973,-88.0415407481341,3.88297055126869));
#17547=CARTESIAN_POINT('Ctrl Pts',(90.5378821465534,-88.1377566646576,3.79903844700658));
#17548=CARTESIAN_POINT('Ctrl Pts',(90.4932827088524,-88.180995398267,3.76357026359984));
#17549=CARTESIAN_POINT('Ctrl Pts',(90.3868446590687,-88.253104900705,3.71387231153764));
#17550=CARTESIAN_POINT('Ctrl Pts',(90.3247573959482,-88.2818542967863,3.7));
#17551=CARTESIAN_POINT('Ctrl Pts',(90.2617345193439,-88.2990808823529,3.7));
#17552=CARTESIAN_POINT('',(91.3298267033539,-87.9175960119162,4.));
#17553=CARTESIAN_POINT('Origin',(91.0000000000002,-91.,4.));
#17554=CARTESIAN_POINT('',(91.7382654806565,-88.2990808823529,3.7));
#17555=CARTESIAN_POINT('Ctrl Pts',(91.7382654806565,-88.2990808823529,3.7));
#17556=CARTESIAN_POINT('Ctrl Pts',(91.6752426040522,-88.2818542967863,3.7));
#17557=CARTESIAN_POINT('Ctrl Pts',(91.6131553409316,-88.253104900705,3.71387231153764));
#17558=CARTESIAN_POINT('Ctrl Pts',(91.506717291148,-88.180995398267,3.76357026359983));
#17559=CARTESIAN_POINT('Ctrl Pts',(91.4621178534469,-88.1377566646576,3.79903844700658));
#17560=CARTESIAN_POINT('Ctrl Pts',(91.3849812106031,-88.0415407481341,3.88297055126869));
#17561=CARTESIAN_POINT('Ctrl Pts',(91.3517701183417,-87.9806219796765,3.93966646124145));
#17562=CARTESIAN_POINT('Ctrl Pts',(91.329826703354,-87.9175960119162,4.));
#17563=CARTESIAN_POINT('Origin',(91.0000000000002,-91.,3.7));
#17564=CARTESIAN_POINT('Origin',(91.0000000000002,-91.,4.));
#17565=CARTESIAN_POINT('Origin',(91.0000000000002,-91.,3.7));
#17566=CARTESIAN_POINT('Origin',(91.0000000000002,-91.,4.));
#17567=CARTESIAN_POINT('',(88.2990808823531,-91.7382654806563,3.7));
#17568=CARTESIAN_POINT('Origin',(91.0000000000002,-91.,3.7));
#17569=CARTESIAN_POINT('',(87.9175960119164,-91.3298267033538,4.));
#17570=CARTESIAN_POINT('Ctrl Pts',(87.9175960119164,-91.3298267033538,4.));
#17571=CARTESIAN_POINT('Ctrl Pts',(87.9806219796767,-91.3517701183415,3.93966646124144));
#17572=CARTESIAN_POINT('Ctrl Pts',(88.0415407481343,-91.3849812106029,3.88297055126869));
#17573=CARTESIAN_POINT('Ctrl Pts',(88.1377566646578,-91.4621178534467,3.79903844700658));
#17574=CARTESIAN_POINT('Ctrl Pts',(88.1809953982672,-91.5067172911478,3.76357026359984));
#17575=CARTESIAN_POINT('Ctrl Pts',(88.2531049007052,-91.6131553409315,3.71387231153764));
#17576=CARTESIAN_POINT('Ctrl Pts',(88.2818542967865,-91.675242604052,3.7));
#17577=CARTESIAN_POINT('Ctrl Pts',(88.2990808823531,-91.7382654806563,3.7));
#17578=CARTESIAN_POINT('Origin',(91.0000000000002,-91.,4.));
#17579=CARTESIAN_POINT('Origin',(87.7203125000002,-91.8964652265112,-8.21085615401698E-28));
#17580=CARTESIAN_POINT('',(87.7734375000002,-91.2988217421704,4.));
#17581=CARTESIAN_POINT('',(87.7734375000002,-91.2988217421704,-8.21085615401698E-28));
#17582=CARTESIAN_POINT('Origin',(87.7203125000002,-91.8964652265112,4.));
#17583=CARTESIAN_POINT('',(88.2990808823531,-91.7382654806563,-8.21085615401698E-28));
#17584=CARTESIAN_POINT('Origin',(87.8000000000002,-91.,-0.124999999999994));
#17585=CARTESIAN_POINT('',(87.7734375000002,-90.7011782578296,4.));
#17586=CARTESIAN_POINT('',(87.7734375000002,-90.7011782578296,-8.21085615401698E-28));
#17587=CARTESIAN_POINT('Origin',(87.8000000000002,-91.,4.));
#17588=CARTESIAN_POINT('Origin',(87.7203125000002,-90.1035347734888,-8.21085615401698E-28));
#17589=CARTESIAN_POINT('',(88.2990808823531,-90.2617345193437,-8.21085615401698E-28));
#17590=CARTESIAN_POINT('Origin',(87.7203125000002,-90.1035347734888,4.));
#17591=CARTESIAN_POINT('Origin',(90.103534773489,-87.7203125,-8.21085615401698E-28));
#17592=CARTESIAN_POINT('',(90.7011782578298,-87.7734375,4.));
#17593=CARTESIAN_POINT('',(90.7011782578298,-87.7734375,-8.21085615401698E-28));
#17594=CARTESIAN_POINT('Origin',(90.103534773489,-87.7203125,4.));
#17595=CARTESIAN_POINT('',(90.2617345193439,-88.2990808823529,-8.21085615401698E-28));
#17596=CARTESIAN_POINT('Origin',(91.0000000000002,-87.8,-0.124999999999994));
#17597=CARTESIAN_POINT('',(91.2988217421706,-87.7734375,4.));
#17598=CARTESIAN_POINT('',(91.2988217421706,-87.7734375,-8.21085615401698E-28));
#17599=CARTESIAN_POINT('Origin',(91.0000000000002,-87.8,4.));
#17600=CARTESIAN_POINT('Origin',(91.8964652265114,-87.7203125,-8.21085615401698E-28));
#17601=CARTESIAN_POINT('',(91.7382654806565,-88.2990808823529,-8.21085615401698E-28));
#17602=CARTESIAN_POINT('Origin',(91.8964652265114,-87.7203125,4.));
#17603=CARTESIAN_POINT('Origin',(91.0000000000002,-91.,4.));
#17604=CARTESIAN_POINT('Origin',(91.0000000000002,-91.,4.));
#17605=CARTESIAN_POINT('Origin',(91.0000000000002,-91.,4.));
#17606=CARTESIAN_POINT('Origin',(91.0000000000002,-91.,4.));
#17607=CARTESIAN_POINT('Origin',(91.0000000000002,-91.,0.));
#17608=CARTESIAN_POINT('Origin',(91.0000000000002,-91.,0.));
#17609=CARTESIAN_POINT('Origin',(91.0000000000002,-91.,0.));
#17610=CARTESIAN_POINT('Origin',(91.0000000000002,-91.,0.));
#17611=CARTESIAN_POINT('Origin',(-94.1999999999998,91.,-10.7));
#17612=CARTESIAN_POINT('',(-94.2265624999998,91.2988217421704,-10.4));
#17613=CARTESIAN_POINT('',(-94.2796874999998,91.8964652265112,-11.));
#17614=CARTESIAN_POINT('',(-94.2265624999998,90.7011782578296,-10.4));
#17615=CARTESIAN_POINT('Origin',(-94.1999999999998,91.,-10.4));
#17616=CARTESIAN_POINT('',(-94.2265624999998,90.7011782578296,-10.4));
#17617=CARTESIAN_POINT('Origin',(-90.9999999999998,91.,-10.7));
#17618=CARTESIAN_POINT('',(-93.7009191176469,91.7382654806563,-10.4));
#17619=CARTESIAN_POINT('',(-93.7009191176469,91.7382654806563,-10.4));
#17620=CARTESIAN_POINT('',(-91.7382654806561,93.700919117647,-10.4));
#17621=CARTESIAN_POINT('',(-91.896465226511,94.2796875,-11.));
#17622=CARTESIAN_POINT('Origin',(-90.9999999999998,91.,-10.4));
#17623=CARTESIAN_POINT('Origin',(-90.9999999999998,94.2,-10.7));
#17624=CARTESIAN_POINT('',(-90.7011782578294,94.2265625,-10.4));
#17625=CARTESIAN_POINT('',(-90.1035347734886,94.2796875,-11.));
#17626=CARTESIAN_POINT('',(-91.2988217421702,94.2265625,-10.4));
#17627=CARTESIAN_POINT('Origin',(-90.9999999999998,94.2,-10.4));
#17628=CARTESIAN_POINT('',(-91.2988217421702,94.2265625,-10.4));
#17629=CARTESIAN_POINT('Origin',(-90.9999999999998,91.,-10.7));
#17630=CARTESIAN_POINT('',(-90.2617345193435,93.700919117647,-10.4));
#17631=CARTESIAN_POINT('',(-90.2617345193435,93.700919117647,-10.4));
#17632=CARTESIAN_POINT('',(-88.2990808823528,91.7382654806563,-10.4));
#17633=CARTESIAN_POINT('',(-87.7203124999998,91.8964652265112,-11.));
#17634=CARTESIAN_POINT('Origin',(-90.9999999999998,91.,-10.4));
#17635=CARTESIAN_POINT('Origin',(-87.7999999999998,91.,-10.7));
#17636=CARTESIAN_POINT('',(-87.7734374999998,90.7011782578296,-10.4));
#17637=CARTESIAN_POINT('',(-87.7203124999998,90.1035347734888,-11.));
#17638=CARTESIAN_POINT('',(-87.7734374999998,91.2988217421704,-10.4));
#17639=CARTESIAN_POINT('Origin',(-87.7999999999998,91.,-10.4));
#17640=CARTESIAN_POINT('',(-87.7734374999998,91.2988217421704,-10.4));
#17641=CARTESIAN_POINT('Origin',(-90.9999999999998,91.,-10.7));
#17642=CARTESIAN_POINT('',(-88.2990808823528,90.2617345193437,-10.4));
#17643=CARTESIAN_POINT('',(-88.2990808823528,90.2617345193437,-10.4));
#17644=CARTESIAN_POINT('',(-90.2617345193435,88.2990808823529,-10.4));
#17645=CARTESIAN_POINT('',(-90.1035347734886,87.7203125,-11.));
#17646=CARTESIAN_POINT('Origin',(-90.9999999999998,91.,-10.4));
#17647=CARTESIAN_POINT('Origin',(-90.9999999999998,87.8,-10.7));
#17648=CARTESIAN_POINT('',(-91.2988217421702,87.7734375,-10.4));
#17649=CARTESIAN_POINT('',(-91.896465226511,87.7203125,-11.));
#17650=CARTESIAN_POINT('',(-90.7011782578294,87.7734375,-10.4));
#17651=CARTESIAN_POINT('Origin',(-90.9999999999998,87.8,-10.4));
#17652=CARTESIAN_POINT('',(-90.7011782578294,87.7734375,-10.4));
#17653=CARTESIAN_POINT('Origin',(-90.9999999999998,91.,-10.7));
#17654=CARTESIAN_POINT('',(-91.7382654806561,88.2990808823529,-10.4));
#17655=CARTESIAN_POINT('',(-91.7382654806561,88.2990808823529,-10.4));
#17656=CARTESIAN_POINT('',(-93.7009191176469,90.2617345193437,-10.4));
#17657=CARTESIAN_POINT('',(-94.2796874999998,90.1035347734888,-11.));
#17658=CARTESIAN_POINT('Origin',(-90.9999999999998,91.,-10.4));
#17659=CARTESIAN_POINT('Origin',(-91.896465226511,87.7203125,-10.4));
#17660=CARTESIAN_POINT('Origin',(-91.896465226511,87.7203125,-10.4));
#17661=CARTESIAN_POINT('Origin',(-90.1035347734886,87.7203125,-10.4));
#17662=CARTESIAN_POINT('Origin',(-90.1035347734886,87.7203125,-10.4));
#17663=CARTESIAN_POINT('Origin',(-87.7203124999998,90.1035347734888,-10.4));
#17664=CARTESIAN_POINT('Origin',(-87.7203124999998,90.1035347734888,-10.4));
#17665=CARTESIAN_POINT('Origin',(-87.7203124999998,91.8964652265112,-10.4));
#17666=CARTESIAN_POINT('Origin',(-87.7203124999998,91.8964652265112,-10.4));
#17667=CARTESIAN_POINT('Origin',(-90.1035347734886,94.2796875,-10.4));
#17668=CARTESIAN_POINT('Origin',(-90.1035347734886,94.2796875,-10.4));
#17669=CARTESIAN_POINT('Origin',(-91.896465226511,94.2796875,-10.4));
#17670=CARTESIAN_POINT('Origin',(-91.896465226511,94.2796875,-10.4));
#17671=CARTESIAN_POINT('Origin',(-94.2796874999998,91.8964652265112,-10.4));
#17672=CARTESIAN_POINT('Origin',(-94.2796874999998,91.8964652265112,-10.4));
#17673=CARTESIAN_POINT('Origin',(-94.2796874999998,90.1035347734888,-10.4));
#17674=CARTESIAN_POINT('Origin',(-94.2796874999998,90.1035347734888,-10.4));
#17675=CARTESIAN_POINT('Origin',(-87.7203124999998,91.8964652265112,0.));
#17676=CARTESIAN_POINT('',(-87.7734374999998,91.2988217421704,4.));
#17677=CARTESIAN_POINT('',(-87.7734374999998,91.2988217421704,0.));
#17678=CARTESIAN_POINT('',(-87.9175960119161,91.3298267033538,4.));
#17679=CARTESIAN_POINT('Origin',(-87.7203124999998,91.8964652265112,4.));
#17680=CARTESIAN_POINT('',(-88.2990808823528,91.7382654806563,3.7));
#17681=CARTESIAN_POINT('Ctrl Pts',(-87.9175960119161,91.3298267033538,4.));
#17682=CARTESIAN_POINT('Ctrl Pts',(-87.9806219796764,91.3517701183415,3.93966646124145));
#17683=CARTESIAN_POINT('Ctrl Pts',(-88.041540748134,91.3849812106029,3.88297055126869));
#17684=CARTESIAN_POINT('Ctrl Pts',(-88.1377566646574,91.4621178534467,3.79903844700658));
#17685=CARTESIAN_POINT('Ctrl Pts',(-88.1809953982668,91.5067172911478,3.76357026359984));
#17686=CARTESIAN_POINT('Ctrl Pts',(-88.2531049007048,91.6131553409315,3.71387231153764));
#17687=CARTESIAN_POINT('Ctrl Pts',(-88.2818542967862,91.675242604052,3.7));
#17688=CARTESIAN_POINT('Ctrl Pts',(-88.2990808823528,91.7382654806563,3.7));
#17689=CARTESIAN_POINT('',(-88.2990808823528,91.7382654806563,0.));
#17690=CARTESIAN_POINT('Origin',(-87.7999999999998,91.,-0.124999999999994));
#17691=CARTESIAN_POINT('',(-87.7734374999998,90.7011782578296,4.));
#17692=CARTESIAN_POINT('',(-87.7734374999998,90.7011782578296,0.));
#17693=CARTESIAN_POINT('Origin',(-87.7999999999998,91.,4.));
#17694=CARTESIAN_POINT('Origin',(-87.7203124999998,90.1035347734888,0.));
#17695=CARTESIAN_POINT('',(-88.2990808823528,90.2617345193437,3.7));
#17696=CARTESIAN_POINT('',(-88.2990808823528,90.2617345193437,0.));
#17697=CARTESIAN_POINT('',(-87.9175960119161,90.6701732966462,4.));
#17698=CARTESIAN_POINT('Ctrl Pts',(-88.2990808823528,90.2617345193437,3.7));
#17699=CARTESIAN_POINT('Ctrl Pts',(-88.2818542967862,90.324757395948,3.7));
#17700=CARTESIAN_POINT('Ctrl Pts',(-88.2531049007048,90.3868446590685,3.71387231153764));
#17701=CARTESIAN_POINT('Ctrl Pts',(-88.1809953982668,90.4932827088522,3.76357026359983));
#17702=CARTESIAN_POINT('Ctrl Pts',(-88.1377566646575,90.5378821465533,3.79903844700658));
#17703=CARTESIAN_POINT('Ctrl Pts',(-88.041540748134,90.6150187893971,3.88297055126869));
#17704=CARTESIAN_POINT('Ctrl Pts',(-87.9806219796764,90.6482298816585,3.93966646124145));
#17705=CARTESIAN_POINT('Ctrl Pts',(-87.9175960119161,90.6701732966462,4.));
#17706=CARTESIAN_POINT('Origin',(-87.7203124999998,90.1035347734888,4.));
#17707=CARTESIAN_POINT('Origin',(-90.1035347734886,87.7203125,0.));
#17708=CARTESIAN_POINT('',(-90.7011782578294,87.7734375,4.));
#17709=CARTESIAN_POINT('',(-90.7011782578294,87.7734375,0.));
#17710=CARTESIAN_POINT('',(-90.670173296646,87.9175960119162,4.));
#17711=CARTESIAN_POINT('Origin',(-90.1035347734886,87.7203125,4.));
#17712=CARTESIAN_POINT('',(-90.2617345193435,88.2990808823529,3.7));
#17713=CARTESIAN_POINT('Ctrl Pts',(-90.670173296646,87.9175960119162,4.));
#17714=CARTESIAN_POINT('Ctrl Pts',(-90.6482298816583,87.9806219796765,3.93966646124143));
#17715=CARTESIAN_POINT('Ctrl Pts',(-90.615018789397,88.0415407481341,3.88297055126868));
#17716=CARTESIAN_POINT('Ctrl Pts',(-90.5378821465531,88.1377566646577,3.79903844700657));
#17717=CARTESIAN_POINT('Ctrl Pts',(-90.493282708852,88.180995398267,3.76357026359984));
#17718=CARTESIAN_POINT('Ctrl Pts',(-90.3868446590683,88.253104900705,3.71387231153765));
#17719=CARTESIAN_POINT('Ctrl Pts',(-90.3247573959478,88.2818542967863,3.7));
#17720=CARTESIAN_POINT('Ctrl Pts',(-90.2617345193435,88.2990808823529,3.7));
#17721=CARTESIAN_POINT('',(-90.2617345193435,88.2990808823529,0.));
#17722=CARTESIAN_POINT('Origin',(-90.9999999999998,87.8,-0.124999999999994));
#17723=CARTESIAN_POINT('',(-91.2988217421702,87.7734375,4.));
#17724=CARTESIAN_POINT('',(-91.2988217421702,87.7734375,0.));
#17725=CARTESIAN_POINT('Origin',(-90.9999999999998,87.8,4.));
#17726=CARTESIAN_POINT('Origin',(-91.896465226511,87.7203125,0.));
#17727=CARTESIAN_POINT('',(-91.7382654806561,88.2990808823529,3.7));
#17728=CARTESIAN_POINT('',(-91.7382654806561,88.2990808823529,0.));
#17729=CARTESIAN_POINT('',(-91.3298267033536,87.9175960119162,4.));
#17730=CARTESIAN_POINT('Ctrl Pts',(-91.7382654806561,88.2990808823529,3.7));
#17731=CARTESIAN_POINT('Ctrl Pts',(-91.6752426040518,88.2818542967863,3.7));
#17732=CARTESIAN_POINT('Ctrl Pts',(-91.6131553409313,88.253104900705,3.71387231153765));
#17733=CARTESIAN_POINT('Ctrl Pts',(-91.5067172911476,88.180995398267,3.76357026359984));
#17734=CARTESIAN_POINT('Ctrl Pts',(-91.4621178534465,88.1377566646577,3.79903844700657));
#17735=CARTESIAN_POINT('Ctrl Pts',(-91.3849812106027,88.0415407481341,3.88297055126868));
#17736=CARTESIAN_POINT('Ctrl Pts',(-91.3517701183413,87.9806219796765,3.93966646124144));
#17737=CARTESIAN_POINT('Ctrl Pts',(-91.3298267033536,87.9175960119162,4.));
#17738=CARTESIAN_POINT('Origin',(-91.896465226511,87.7203125,4.));
#17739=CARTESIAN_POINT('Origin',(-90.9999999999998,91.,4.35));
#17740=CARTESIAN_POINT('',(-94.0999999999998,91.,4.));
#17741=CARTESIAN_POINT('',(-94.4499999999998,91.,4.35));
#17742=CARTESIAN_POINT('',(-94.0824039880836,91.3298267033538,4.));
#17743=CARTESIAN_POINT('Origin',(-90.9999999999998,91.,4.));
#17744=CARTESIAN_POINT('',(-93.7009191176469,91.7382654806563,3.7));
#17745=CARTESIAN_POINT('Ctrl Pts',(-93.7009191176469,91.7382654806563,3.7));
#17746=CARTESIAN_POINT('Ctrl Pts',(-93.7181457032135,91.675242604052,3.7));
#17747=CARTESIAN_POINT('Ctrl Pts',(-93.7468950992948,91.6131553409315,3.71387231153764));
#17748=CARTESIAN_POINT('Ctrl Pts',(-93.8190046017328,91.5067172911478,3.76357026359984));
#17749=CARTESIAN_POINT('Ctrl Pts',(-93.8622433353422,91.4621178534467,3.79903844700658));
#17750=CARTESIAN_POINT('Ctrl Pts',(-93.9584592518657,91.3849812106029,3.88297055126869));
#17751=CARTESIAN_POINT('Ctrl Pts',(-94.0193780203233,91.3517701183415,3.93966646124144));
#17752=CARTESIAN_POINT('Ctrl Pts',(-94.0824039880836,91.3298267033538,4.));
#17753=CARTESIAN_POINT('',(-91.7382654806561,93.700919117647,3.7));
#17754=CARTESIAN_POINT('Origin',(-90.9999999999998,91.,3.7));
#17755=CARTESIAN_POINT('',(-91.3298267033536,94.0824039880838,4.));
#17756=CARTESIAN_POINT('Ctrl Pts',(-91.3298267033536,94.0824039880838,4.));
#17757=CARTESIAN_POINT('Ctrl Pts',(-91.3517701183413,94.0193780203234,3.93966646124145));
#17758=CARTESIAN_POINT('Ctrl Pts',(-91.3849812106027,93.9584592518659,3.88297055126869));
#17759=CARTESIAN_POINT('Ctrl Pts',(-91.4621178534465,93.8622433353424,3.79903844700658));
#17760=CARTESIAN_POINT('Ctrl Pts',(-91.5067172911476,93.819004601733,3.76357026359984));
#17761=CARTESIAN_POINT('Ctrl Pts',(-91.6131553409313,93.746895099295,3.71387231153764));
#17762=CARTESIAN_POINT('Ctrl Pts',(-91.6752426040518,93.7181457032136,3.7));
#17763=CARTESIAN_POINT('Ctrl Pts',(-91.7382654806561,93.700919117647,3.7));
#17764=CARTESIAN_POINT('',(-90.6701732966461,94.0824039880838,4.));
#17765=CARTESIAN_POINT('Origin',(-90.9999999999998,91.,4.));
#17766=CARTESIAN_POINT('',(-90.2617345193435,93.700919117647,3.7));
#17767=CARTESIAN_POINT('Ctrl Pts',(-90.2617345193435,93.700919117647,3.7));
#17768=CARTESIAN_POINT('Ctrl Pts',(-90.3247573959478,93.7181457032136,3.7));
#17769=CARTESIAN_POINT('Ctrl Pts',(-90.3868446590683,93.746895099295,3.71387231153764));
#17770=CARTESIAN_POINT('Ctrl Pts',(-90.493282708852,93.819004601733,3.76357026359983));
#17771=CARTESIAN_POINT('Ctrl Pts',(-90.5378821465531,93.8622433353424,3.79903844700658));
#17772=CARTESIAN_POINT('Ctrl Pts',(-90.6150187893969,93.9584592518659,3.88297055126869));
#17773=CARTESIAN_POINT('Ctrl Pts',(-90.6482298816583,94.0193780203234,3.93966646124145));
#17774=CARTESIAN_POINT('Ctrl Pts',(-90.670173296646,94.0824039880838,4.));
#17775=CARTESIAN_POINT('Origin',(-90.9999999999998,91.,3.7));
#17776=CARTESIAN_POINT('Origin',(-90.9999999999998,91.,4.));
#17777=CARTESIAN_POINT('Origin',(-90.9999999999998,91.,3.7));
#17778=CARTESIAN_POINT('Origin',(-90.9999999999998,91.,4.));
#17779=CARTESIAN_POINT('',(-93.7009191176469,90.2617345193437,3.7));
#17780=CARTESIAN_POINT('Origin',(-90.9999999999998,91.,3.7));
#17781=CARTESIAN_POINT('',(-94.0824039880836,90.6701732966462,4.));
#17782=CARTESIAN_POINT('Ctrl Pts',(-94.0824039880836,90.6701732966462,4.));
#17783=CARTESIAN_POINT('Ctrl Pts',(-94.0193780203233,90.6482298816585,3.93966646124144));
#17784=CARTESIAN_POINT('Ctrl Pts',(-93.9584592518657,90.6150187893971,3.88297055126869));
#17785=CARTESIAN_POINT('Ctrl Pts',(-93.8622433353422,90.5378821465533,3.79903844700658));
#17786=CARTESIAN_POINT('Ctrl Pts',(-93.8190046017328,90.4932827088522,3.76357026359984));
#17787=CARTESIAN_POINT('Ctrl Pts',(-93.7468950992948,90.3868446590685,3.71387231153764));
#17788=CARTESIAN_POINT('Ctrl Pts',(-93.7181457032135,90.324757395948,3.7));
#17789=CARTESIAN_POINT('Ctrl Pts',(-93.7009191176469,90.2617345193437,3.7));
#17790=CARTESIAN_POINT('Origin',(-90.9999999999998,91.,4.));
#17791=CARTESIAN_POINT('Origin',(-94.2796874999998,90.1035347734888,0.));
#17792=CARTESIAN_POINT('',(-94.2265624999998,90.7011782578296,4.));
#17793=CARTESIAN_POINT('',(-94.2265624999998,90.7011782578296,0.));
#17794=CARTESIAN_POINT('Origin',(-94.2796874999998,90.1035347734888,4.));
#17795=CARTESIAN_POINT('',(-93.7009191176469,90.2617345193437,0.));
#17796=CARTESIAN_POINT('Origin',(-94.1999999999998,91.,-0.124999999999994));
#17797=CARTESIAN_POINT('',(-94.2265624999998,91.2988217421704,4.));
#17798=CARTESIAN_POINT('',(-94.2265624999998,91.2988217421704,0.));
#17799=CARTESIAN_POINT('Origin',(-94.1999999999998,91.,4.));
#17800=CARTESIAN_POINT('Origin',(-94.2796874999998,91.8964652265112,0.));
#17801=CARTESIAN_POINT('',(-93.7009191176469,91.7382654806563,0.));
#17802=CARTESIAN_POINT('Origin',(-94.2796874999998,91.8964652265112,4.));
#17803=CARTESIAN_POINT('Origin',(-91.896465226511,94.2796875,0.));
#17804=CARTESIAN_POINT('',(-91.2988217421702,94.2265625,4.));
#17805=CARTESIAN_POINT('',(-91.2988217421702,94.2265625,0.));
#17806=CARTESIAN_POINT('Origin',(-91.896465226511,94.2796875,4.));
#17807=CARTESIAN_POINT('',(-91.7382654806561,93.700919117647,0.));
#17808=CARTESIAN_POINT('Origin',(-90.9999999999998,94.2,-0.124999999999994));
#17809=CARTESIAN_POINT('',(-90.7011782578294,94.2265625,4.));
#17810=CARTESIAN_POINT('',(-90.7011782578294,94.2265625,0.));
#17811=CARTESIAN_POINT('Origin',(-90.9999999999998,94.2,4.));
#17812=CARTESIAN_POINT('Origin',(-90.1035347734886,94.2796875,0.));
#17813=CARTESIAN_POINT('',(-90.2617345193435,93.700919117647,0.));
#17814=CARTESIAN_POINT('Origin',(-90.1035347734886,94.2796875,4.));
#17815=CARTESIAN_POINT('Origin',(-90.9999999999998,91.,4.));
#17816=CARTESIAN_POINT('Origin',(-90.9999999999998,91.,4.));
#17817=CARTESIAN_POINT('Origin',(-90.9999999999998,91.,4.));
#17818=CARTESIAN_POINT('Origin',(-90.9999999999998,91.,4.));
#17819=CARTESIAN_POINT('Origin',(-90.9999999999998,91.,0.));
#17820=CARTESIAN_POINT('Origin',(-90.9999999999998,91.,0.));
#17821=CARTESIAN_POINT('Origin',(-90.9999999999998,91.,0.));
#17822=CARTESIAN_POINT('Origin',(-90.9999999999998,91.,0.));
#17823=CARTESIAN_POINT('Origin',(87.8000000000002,91.,-10.7));
#17824=CARTESIAN_POINT('',(87.7734375000002,91.2988217421704,-10.4));
#17825=CARTESIAN_POINT('',(87.7203125000002,91.8964652265112,-11.));
#17826=CARTESIAN_POINT('',(87.7734375000002,90.7011782578296,-10.4));
#17827=CARTESIAN_POINT('Origin',(87.8000000000002,91.,-10.4));
#17828=CARTESIAN_POINT('',(87.7734375000002,90.7011782578296,-10.4));
#17829=CARTESIAN_POINT('Origin',(91.0000000000002,91.,-10.7));
#17830=CARTESIAN_POINT('',(88.2990808823531,91.7382654806563,-10.4));
#17831=CARTESIAN_POINT('',(88.2990808823531,91.7382654806563,-10.4));
#17832=CARTESIAN_POINT('',(90.2617345193439,93.700919117647,-10.4));
#17833=CARTESIAN_POINT('',(90.103534773489,94.2796875,-11.));
#17834=CARTESIAN_POINT('Origin',(91.0000000000002,91.,-10.4));
#17835=CARTESIAN_POINT('Origin',(91.0000000000002,94.2,-10.7));
#17836=CARTESIAN_POINT('',(91.2988217421706,94.2265625,-10.4));
#17837=CARTESIAN_POINT('',(91.8964652265114,94.2796875,-11.));
#17838=CARTESIAN_POINT('',(90.7011782578298,94.2265625,-10.4));
#17839=CARTESIAN_POINT('Origin',(91.0000000000002,94.2,-10.4));
#17840=CARTESIAN_POINT('',(90.7011782578298,94.2265625,-10.4));
#17841=CARTESIAN_POINT('Origin',(91.0000000000002,91.,-10.7));
#17842=CARTESIAN_POINT('',(91.7382654806565,93.700919117647,-10.4));
#17843=CARTESIAN_POINT('',(91.7382654806565,93.700919117647,-10.4));
#17844=CARTESIAN_POINT('',(93.7009191176472,91.7382654806563,-10.4));
#17845=CARTESIAN_POINT('',(94.2796875000002,91.8964652265112,-11.));
#17846=CARTESIAN_POINT('Origin',(91.0000000000002,91.,-10.4));
#17847=CARTESIAN_POINT('Origin',(94.2000000000002,91.,-10.7));
#17848=CARTESIAN_POINT('',(94.2265625000002,90.7011782578296,-10.4));
#17849=CARTESIAN_POINT('',(94.2796875000002,90.1035347734888,-11.));
#17850=CARTESIAN_POINT('',(94.2265625000002,91.2988217421704,-10.4));
#17851=CARTESIAN_POINT('Origin',(94.2000000000002,91.,-10.4));
#17852=CARTESIAN_POINT('',(94.2265625000002,91.2988217421704,-10.4));
#17853=CARTESIAN_POINT('Origin',(91.0000000000002,91.,-10.7));
#17854=CARTESIAN_POINT('',(93.7009191176472,90.2617345193437,-10.4));
#17855=CARTESIAN_POINT('',(93.7009191176472,90.2617345193437,-10.4));
#17856=CARTESIAN_POINT('',(91.7382654806565,88.2990808823529,-10.4));
#17857=CARTESIAN_POINT('',(91.8964652265114,87.7203125,-11.));
#17858=CARTESIAN_POINT('Origin',(91.0000000000002,91.,-10.4));
#17859=CARTESIAN_POINT('Origin',(91.0000000000002,87.8,-10.7));
#17860=CARTESIAN_POINT('',(90.7011782578298,87.7734375,-10.4));
#17861=CARTESIAN_POINT('',(90.103534773489,87.7203125,-11.));
#17862=CARTESIAN_POINT('',(91.2988217421706,87.7734375,-10.4));
#17863=CARTESIAN_POINT('Origin',(91.0000000000002,87.8,-10.4));
#17864=CARTESIAN_POINT('',(91.2988217421706,87.7734375,-10.4));
#17865=CARTESIAN_POINT('Origin',(91.0000000000002,91.,-10.7));
#17866=CARTESIAN_POINT('',(90.2617345193439,88.2990808823529,-10.4));
#17867=CARTESIAN_POINT('',(90.2617345193439,88.2990808823529,-10.4));
#17868=CARTESIAN_POINT('',(88.2990808823531,90.2617345193437,-10.4));
#17869=CARTESIAN_POINT('',(87.7203125000002,90.1035347734888,-11.));
#17870=CARTESIAN_POINT('Origin',(91.0000000000002,91.,-10.4));
#17871=CARTESIAN_POINT('Origin',(90.103534773489,87.7203125,-10.4));
#17872=CARTESIAN_POINT('Origin',(90.103534773489,87.7203125,-10.4));
#17873=CARTESIAN_POINT('Origin',(91.8964652265114,87.7203125,-10.4));
#17874=CARTESIAN_POINT('Origin',(91.8964652265114,87.7203125,-10.4));
#17875=CARTESIAN_POINT('Origin',(94.2796875000002,90.1035347734888,-10.4));
#17876=CARTESIAN_POINT('Origin',(94.2796875000002,90.1035347734888,-10.4));
#17877=CARTESIAN_POINT('Origin',(94.2796875000002,91.8964652265112,-10.4));
#17878=CARTESIAN_POINT('Origin',(94.2796875000002,91.8964652265112,-10.4));
#17879=CARTESIAN_POINT('Origin',(91.8964652265114,94.2796875,-10.4));
#17880=CARTESIAN_POINT('Origin',(91.8964652265114,94.2796875,-10.4));
#17881=CARTESIAN_POINT('Origin',(90.103534773489,94.2796875,-10.4));
#17882=CARTESIAN_POINT('Origin',(90.103534773489,94.2796875,-10.4));
#17883=CARTESIAN_POINT('Origin',(87.7203125000002,91.8964652265112,-10.4));
#17884=CARTESIAN_POINT('Origin',(87.7203125000002,91.8964652265112,-10.4));
#17885=CARTESIAN_POINT('Origin',(87.7203125000002,90.1035347734888,-10.4));
#17886=CARTESIAN_POINT('Origin',(87.7203125000002,90.1035347734888,-10.4));
#17887=CARTESIAN_POINT('Origin',(94.2796875000002,91.8964652265112,0.));
#17888=CARTESIAN_POINT('',(94.2265625000002,91.2988217421704,4.));
#17889=CARTESIAN_POINT('',(94.2265625000002,91.2988217421704,0.));
#17890=CARTESIAN_POINT('',(94.0824039880839,91.3298267033538,4.));
#17891=CARTESIAN_POINT('Origin',(94.2796875000002,91.8964652265112,4.));
#17892=CARTESIAN_POINT('',(93.7009191176472,91.7382654806563,3.7));
#17893=CARTESIAN_POINT('Ctrl Pts',(94.0824039880839,91.3298267033538,4.));
#17894=CARTESIAN_POINT('Ctrl Pts',(94.0193780203236,91.3517701183415,3.93966646124145));
#17895=CARTESIAN_POINT('Ctrl Pts',(93.958459251866,91.3849812106029,3.88297055126869));
#17896=CARTESIAN_POINT('Ctrl Pts',(93.8622433353426,91.4621178534467,3.79903844700658));
#17897=CARTESIAN_POINT('Ctrl Pts',(93.8190046017332,91.5067172911478,3.76357026359984));
#17898=CARTESIAN_POINT('Ctrl Pts',(93.7468950992952,91.6131553409315,3.71387231153764));
#17899=CARTESIAN_POINT('Ctrl Pts',(93.7181457032138,91.675242604052,3.7));
#17900=CARTESIAN_POINT('Ctrl Pts',(93.7009191176472,91.7382654806563,3.7));
#17901=CARTESIAN_POINT('',(93.7009191176472,91.7382654806563,0.));
#17902=CARTESIAN_POINT('Origin',(94.2000000000002,91.,-0.124999999999994));
#17903=CARTESIAN_POINT('',(94.2265625000002,90.7011782578296,4.));
#17904=CARTESIAN_POINT('',(94.2265625000002,90.7011782578296,0.));
#17905=CARTESIAN_POINT('Origin',(94.2000000000002,91.,4.));
#17906=CARTESIAN_POINT('Origin',(94.2796875000002,90.1035347734888,0.));
#17907=CARTESIAN_POINT('',(93.7009191176472,90.2617345193437,3.7));
#17908=CARTESIAN_POINT('',(93.7009191176472,90.2617345193437,0.));
#17909=CARTESIAN_POINT('',(94.0824039880839,90.6701732966462,4.));
#17910=CARTESIAN_POINT('Ctrl Pts',(93.7009191176472,90.2617345193437,3.7));
#17911=CARTESIAN_POINT('Ctrl Pts',(93.7181457032138,90.324757395948,3.7));
#17912=CARTESIAN_POINT('Ctrl Pts',(93.7468950992952,90.3868446590685,3.71387231153764));
#17913=CARTESIAN_POINT('Ctrl Pts',(93.8190046017332,90.4932827088522,3.76357026359983));
#17914=CARTESIAN_POINT('Ctrl Pts',(93.8622433353425,90.5378821465533,3.79903844700658));
#17915=CARTESIAN_POINT('Ctrl Pts',(93.958459251866,90.6150187893971,3.88297055126869));
#17916=CARTESIAN_POINT('Ctrl Pts',(94.0193780203236,90.6482298816585,3.93966646124145));
#17917=CARTESIAN_POINT('Ctrl Pts',(94.0824039880839,90.6701732966462,4.));
#17918=CARTESIAN_POINT('Origin',(94.2796875000002,90.1035347734888,4.));
#17919=CARTESIAN_POINT('Origin',(91.0000000000002,91.,0.));
#17920=CARTESIAN_POINT('',(91.7382654806565,88.2990808823529,3.7));
#17921=CARTESIAN_POINT('',(91.7382654806565,88.2990808823529,0.));
#17922=CARTESIAN_POINT('Origin',(91.0000000000002,91.,3.7));
#17923=CARTESIAN_POINT('Origin',(91.8964652265114,87.7203125,0.));
#17924=CARTESIAN_POINT('',(91.2988217421706,87.7734375,4.));
#17925=CARTESIAN_POINT('',(91.2988217421706,87.7734375,0.));
#17926=CARTESIAN_POINT('',(91.329826703354,87.9175960119162,4.));
#17927=CARTESIAN_POINT('Origin',(91.8964652265114,87.7203125,4.));
#17928=CARTESIAN_POINT('Ctrl Pts',(91.329826703354,87.9175960119162,4.));
#17929=CARTESIAN_POINT('Ctrl Pts',(91.3517701183417,87.9806219796765,3.93966646124143));
#17930=CARTESIAN_POINT('Ctrl Pts',(91.384981210603,88.0415407481341,3.88297055126868));
#17931=CARTESIAN_POINT('Ctrl Pts',(91.4621178534469,88.1377566646577,3.79903844700657));
#17932=CARTESIAN_POINT('Ctrl Pts',(91.506717291148,88.180995398267,3.76357026359984));
#17933=CARTESIAN_POINT('Ctrl Pts',(91.6131553409316,88.253104900705,3.71387231153765));
#17934=CARTESIAN_POINT('Ctrl Pts',(91.6752426040522,88.2818542967863,3.7));
#17935=CARTESIAN_POINT('Ctrl Pts',(91.7382654806565,88.2990808823529,3.7));
#17936=CARTESIAN_POINT('Origin',(91.0000000000002,87.8,-0.124999999999994));
#17937=CARTESIAN_POINT('',(90.7011782578298,87.7734375,4.));
#17938=CARTESIAN_POINT('',(90.7011782578298,87.7734375,0.));
#17939=CARTESIAN_POINT('Origin',(91.0000000000002,87.8,4.));
#17940=CARTESIAN_POINT('Origin',(90.103534773489,87.7203125,0.));
#17941=CARTESIAN_POINT('',(90.2617345193439,88.2990808823529,3.7));
#17942=CARTESIAN_POINT('',(90.2617345193439,88.2990808823529,0.));
#17943=CARTESIAN_POINT('',(90.6701732966464,87.9175960119162,4.));
#17944=CARTESIAN_POINT('Ctrl Pts',(90.2617345193439,88.2990808823529,3.7));
#17945=CARTESIAN_POINT('Ctrl Pts',(90.3247573959482,88.2818542967863,3.7));
#17946=CARTESIAN_POINT('Ctrl Pts',(90.3868446590687,88.253104900705,3.71387231153765));
#17947=CARTESIAN_POINT('Ctrl Pts',(90.4932827088524,88.180995398267,3.76357026359984));
#17948=CARTESIAN_POINT('Ctrl Pts',(90.5378821465534,88.1377566646577,3.79903844700657));
#17949=CARTESIAN_POINT('Ctrl Pts',(90.6150187893973,88.0415407481341,3.88297055126868));
#17950=CARTESIAN_POINT('Ctrl Pts',(90.6482298816587,87.9806219796765,3.93966646124144));
#17951=CARTESIAN_POINT('Ctrl Pts',(90.6701732966464,87.9175960119162,4.));
#17952=CARTESIAN_POINT('Origin',(90.103534773489,87.7203125,4.));
#17953=CARTESIAN_POINT('Origin',(91.0000000000002,91.,0.));
#17954=CARTESIAN_POINT('',(88.2990808823531,90.2617345193437,3.7));
#17955=CARTESIAN_POINT('',(88.2990808823531,90.2617345193437,0.));
#17956=CARTESIAN_POINT('Origin',(91.0000000000002,91.,3.7));
#17957=CARTESIAN_POINT('Origin',(91.0000000000002,91.,4.35));
#17958=CARTESIAN_POINT('',(87.9000000000002,91.,4.));
#17959=CARTESIAN_POINT('',(87.5500000000002,91.,4.35));
#17960=CARTESIAN_POINT('',(87.9175960119164,91.3298267033538,4.));
#17961=CARTESIAN_POINT('Origin',(91.0000000000002,91.,4.));
#17962=CARTESIAN_POINT('',(88.2990808823531,91.7382654806563,3.7));
#17963=CARTESIAN_POINT('Ctrl Pts',(88.2990808823531,91.7382654806563,3.7));
#17964=CARTESIAN_POINT('Ctrl Pts',(88.2818542967865,91.675242604052,3.7));
#17965=CARTESIAN_POINT('Ctrl Pts',(88.2531049007052,91.6131553409315,3.71387231153764));
#17966=CARTESIAN_POINT('Ctrl Pts',(88.1809953982672,91.5067172911478,3.76357026359984));
#17967=CARTESIAN_POINT('Ctrl Pts',(88.1377566646578,91.4621178534467,3.79903844700658));
#17968=CARTESIAN_POINT('Ctrl Pts',(88.0415407481343,91.3849812106029,3.88297055126869));
#17969=CARTESIAN_POINT('Ctrl Pts',(87.9806219796767,91.3517701183415,3.93966646124144));
#17970=CARTESIAN_POINT('Ctrl Pts',(87.9175960119164,91.3298267033538,4.));
#17971=CARTESIAN_POINT('',(90.2617345193439,93.700919117647,3.7));
#17972=CARTESIAN_POINT('Origin',(91.0000000000002,91.,3.7));
#17973=CARTESIAN_POINT('',(90.6701732966464,94.0824039880838,4.));
#17974=CARTESIAN_POINT('Ctrl Pts',(90.6701732966464,94.0824039880838,4.));
#17975=CARTESIAN_POINT('Ctrl Pts',(90.6482298816587,94.0193780203234,3.93966646124145));
#17976=CARTESIAN_POINT('Ctrl Pts',(90.6150187893973,93.9584592518659,3.88297055126869));
#17977=CARTESIAN_POINT('Ctrl Pts',(90.5378821465534,93.8622433353424,3.79903844700658));
#17978=CARTESIAN_POINT('Ctrl Pts',(90.4932827088524,93.819004601733,3.76357026359984));
#17979=CARTESIAN_POINT('Ctrl Pts',(90.3868446590687,93.746895099295,3.71387231153764));
#17980=CARTESIAN_POINT('Ctrl Pts',(90.3247573959482,93.7181457032136,3.7));
#17981=CARTESIAN_POINT('Ctrl Pts',(90.2617345193439,93.700919117647,3.7));
#17982=CARTESIAN_POINT('',(91.3298267033539,94.0824039880838,4.));
#17983=CARTESIAN_POINT('Origin',(91.0000000000002,91.,4.));
#17984=CARTESIAN_POINT('',(91.7382654806565,93.700919117647,3.7));
#17985=CARTESIAN_POINT('Ctrl Pts',(91.7382654806565,93.700919117647,3.7));
#17986=CARTESIAN_POINT('Ctrl Pts',(91.6752426040522,93.7181457032136,3.7));
#17987=CARTESIAN_POINT('Ctrl Pts',(91.6131553409316,93.746895099295,3.71387231153764));
#17988=CARTESIAN_POINT('Ctrl Pts',(91.506717291148,93.819004601733,3.76357026359983));
#17989=CARTESIAN_POINT('Ctrl Pts',(91.4621178534469,93.8622433353424,3.79903844700658));
#17990=CARTESIAN_POINT('Ctrl Pts',(91.3849812106031,93.9584592518659,3.88297055126869));
#17991=CARTESIAN_POINT('Ctrl Pts',(91.3517701183417,94.0193780203234,3.93966646124145));
#17992=CARTESIAN_POINT('Ctrl Pts',(91.329826703354,94.0824039880838,4.));
#17993=CARTESIAN_POINT('Origin',(91.0000000000002,91.,3.7));
#17994=CARTESIAN_POINT('Origin',(91.0000000000002,91.,4.));
#17995=CARTESIAN_POINT('Origin',(91.0000000000002,91.,4.));
#17996=CARTESIAN_POINT('',(87.9175960119164,90.6701732966462,4.));
#17997=CARTESIAN_POINT('Ctrl Pts',(87.9175960119164,90.6701732966462,4.));
#17998=CARTESIAN_POINT('Ctrl Pts',(87.9806219796767,90.6482298816585,3.93966646124144));
#17999=CARTESIAN_POINT('Ctrl Pts',(88.0415407481343,90.6150187893971,3.88297055126869));
#18000=CARTESIAN_POINT('Ctrl Pts',(88.1377566646578,90.5378821465533,3.79903844700658));
#18001=CARTESIAN_POINT('Ctrl Pts',(88.1809953982672,90.4932827088522,3.76357026359984));
#18002=CARTESIAN_POINT('Ctrl Pts',(88.2531049007052,90.3868446590685,3.71387231153764));
#18003=CARTESIAN_POINT('Ctrl Pts',(88.2818542967865,90.324757395948,3.7));
#18004=CARTESIAN_POINT('Ctrl Pts',(88.2990808823531,90.2617345193437,3.7));
#18005=CARTESIAN_POINT('Origin',(91.0000000000002,91.,4.));
#18006=CARTESIAN_POINT('Origin',(87.7203125000002,90.1035347734888,0.));
#18007=CARTESIAN_POINT('',(87.7734375000002,90.7011782578296,4.));
#18008=CARTESIAN_POINT('',(87.7734375000002,90.7011782578296,0.));
#18009=CARTESIAN_POINT('Origin',(87.7203125000002,90.1035347734888,4.));
#18010=CARTESIAN_POINT('Origin',(87.8000000000002,91.,-0.124999999999994));
#18011=CARTESIAN_POINT('',(87.7734375000002,91.2988217421704,4.));
#18012=CARTESIAN_POINT('',(87.7734375000002,91.2988217421704,0.));
#18013=CARTESIAN_POINT('Origin',(87.8000000000002,91.,4.));
#18014=CARTESIAN_POINT('Origin',(87.7203125000002,91.8964652265112,0.));
#18015=CARTESIAN_POINT('',(88.2990808823531,91.7382654806563,0.));
#18016=CARTESIAN_POINT('Origin',(87.7203125000002,91.8964652265112,4.));
#18017=CARTESIAN_POINT('Origin',(91.0000000000002,91.,0.));
#18018=CARTESIAN_POINT('',(90.2617345193439,93.700919117647,0.));
#18019=CARTESIAN_POINT('Origin',(90.103534773489,94.2796875,0.));
#18020=CARTESIAN_POINT('',(90.7011782578298,94.2265625,4.));
#18021=CARTESIAN_POINT('',(90.7011782578298,94.2265625,0.));
#18022=CARTESIAN_POINT('Origin',(90.103534773489,94.2796875,4.));
#18023=CARTESIAN_POINT('Origin',(91.0000000000002,94.2,-0.124999999999994));
#18024=CARTESIAN_POINT('',(91.2988217421706,94.2265625,4.));
#18025=CARTESIAN_POINT('',(91.2988217421706,94.2265625,0.));
#18026=CARTESIAN_POINT('Origin',(91.0000000000002,94.2,4.));
#18027=CARTESIAN_POINT('Origin',(91.8964652265114,94.2796875,0.));
#18028=CARTESIAN_POINT('',(91.7382654806565,93.700919117647,0.));
#18029=CARTESIAN_POINT('Origin',(91.8964652265114,94.2796875,4.));
#18030=CARTESIAN_POINT('Origin',(91.0000000000002,91.,0.));
#18031=CARTESIAN_POINT('Origin',(91.0000000000002,91.,4.));
#18032=CARTESIAN_POINT('Origin',(91.0000000000002,91.,4.));
#18033=CARTESIAN_POINT('Origin',(91.0000000000002,91.,4.));
#18034=CARTESIAN_POINT('Origin',(91.0000000000002,91.,4.));
#18035=CARTESIAN_POINT('Origin',(-85.5000000000002,-91.,0.));
#18036=CARTESIAN_POINT('',(-85.5000000000002,-91.,0.));
#18037=CARTESIAN_POINT('Origin',(-91.0000000000002,-91.,0.));
#18038=CARTESIAN_POINT('',(-91.0000000000002,-85.5,0.));
#18039=CARTESIAN_POINT('Origin',(-100.,-85.5,0.));
#18040=CARTESIAN_POINT('Origin',(85.5000000000002,91.,0.));
#18041=CARTESIAN_POINT('',(85.5000000000002,91.,0.));
#18042=CARTESIAN_POINT('Origin',(91.0000000000002,91.,0.));
#18043=CARTESIAN_POINT('Origin',(85.5000000000001,-99.9999999999999,0.));
#18044=CARTESIAN_POINT('',(85.5000000000002,-91.,0.));
#18045=CARTESIAN_POINT('Origin',(91.0000000000002,-85.5,0.));
#18046=CARTESIAN_POINT('',(91.0000000000002,-85.5,0.));
#18047=CARTESIAN_POINT('Origin',(91.0000000000002,-91.,0.));
#18048=CARTESIAN_POINT('Origin',(99.9999999999999,-90.9999999999889,0.));
#18049=CARTESIAN_POINT('Origin',(-91.0000000000002,85.5,0.));
#18050=CARTESIAN_POINT('',(-91.0000000000002,85.5,0.));
#18051=CARTESIAN_POINT('Origin',(-85.5000000000001,99.9999999999999,0.));
#18052=CARTESIAN_POINT('',(-85.5000000000002,91.,0.));
#18053=CARTESIAN_POINT('Origin',(-91.0000000000002,91.,0.));
#18054=CARTESIAN_POINT('Origin',(-56.9999999999998,27.2749999999999,4.6));
#18055=CARTESIAN_POINT('',(-57.3999999999998,54.5499999999999,4.2));
#18056=CARTESIAN_POINT('',(-57.3999999999998,54.5499999999999,4.2));
#18057=CARTESIAN_POINT('',(-57.3999999999998,65.4499999999999,4.2));
#18058=CARTESIAN_POINT('',(-56.5999999999998,65.4499999999999,5.));
#18059=CARTESIAN_POINT('',(-57.3999999999998,27.2749999999999,4.2));
#18060=CARTESIAN_POINT('Origin',(-59.9999999999998,54.5499999999999,4.6));
#18061=CARTESIAN_POINT('',(-62.5999999999998,54.5499999999999,4.2));
#18062=CARTESIAN_POINT('',(-62.5999999999998,54.5499999999999,4.2));
#18063=CARTESIAN_POINT('Origin',(-59.9999999999998,54.5499999999999,4.2));
#18064=CARTESIAN_POINT('Origin',(-62.9999999999998,32.7249999999999,4.6));
#18065=CARTESIAN_POINT('',(-62.5999999999998,65.4499999999999,4.2));
#18066=CARTESIAN_POINT('',(-62.5999999999998,65.4499999999999,4.2));
#18067=CARTESIAN_POINT('',(-62.5999999999998,32.7249999999999,4.2));
#18068=CARTESIAN_POINT('Origin',(-59.9999999999998,65.4499999999999,4.6));
#18069=CARTESIAN_POINT('Origin',(-59.9999999999998,65.4499999999999,4.2));
#18070=CARTESIAN_POINT('Origin',(-59.9999999999998,54.5499999999999,0.));
#18071=CARTESIAN_POINT('',(-57.3999999999998,54.5499999999999,0.8));
#18072=CARTESIAN_POINT('',(-57.3999999999998,54.5499999999999,0.));
#18073=CARTESIAN_POINT('',(-62.5999999999998,54.5499999999999,0.8));
#18074=CARTESIAN_POINT('Origin',(-59.9999999999998,54.5499999999999,0.8));
#18075=CARTESIAN_POINT('',(-62.5999999999998,54.5499999999999,0.));
#18076=CARTESIAN_POINT('Origin',(-57.3999999999998,54.5499999999999,0.));
#18077=CARTESIAN_POINT('',(-57.3999999999998,65.4499999999999,0.8));
#18078=CARTESIAN_POINT('',(-57.3999999999998,65.4499999999999,0.));
#18079=CARTESIAN_POINT('',(-57.3999999999998,27.2749999999999,0.8));
#18080=CARTESIAN_POINT('Origin',(-62.9999999999998,32.7249999999999,0.4));
#18081=CARTESIAN_POINT('',(-62.5999999999998,54.5499999999999,0.8));
#18082=CARTESIAN_POINT('',(-62.5999999999998,65.4499999999999,0.8));
#18083=CARTESIAN_POINT('',(-63.3999999999998,65.4499999999999,0.));
#18084=CARTESIAN_POINT('',(-62.5999999999998,32.7249999999999,0.8));
#18085=CARTESIAN_POINT('Origin',(-59.9999999999998,54.5499999999999,0.4));
#18086=CARTESIAN_POINT('',(-57.3999999999998,54.5499999999999,0.8));
#18087=CARTESIAN_POINT('Origin',(-56.9999999999998,27.2749999999999,0.4));
#18088=CARTESIAN_POINT('',(-57.3999999999998,65.4499999999999,0.8));
#18089=CARTESIAN_POINT('Origin',(-59.9999999999998,65.4499999999999,0.4));
#18090=CARTESIAN_POINT('Origin',(-59.9999999999998,65.4499999999999,0.8));
#18091=CARTESIAN_POINT('Origin',(-62.5999999999998,65.4499999999999,0.));
#18092=CARTESIAN_POINT('',(-62.5999999999998,65.4499999999999,0.));
#18093=CARTESIAN_POINT('Origin',(-59.9999999999998,65.4499999999999,0.));
#18094=CARTESIAN_POINT('Origin',(-82.9999999999998,42.7249999999999,0.4));
#18095=CARTESIAN_POINT('',(-82.5999999999998,74.5499999999999,0.8));
#18096=CARTESIAN_POINT('',(-82.5999999999998,74.5499999999999,0.8));
#18097=CARTESIAN_POINT('',(-82.5999999999998,85.4499999999999,0.8));
#18098=CARTESIAN_POINT('',(-83.3999999999998,85.4499999999999,0.));
#18099=CARTESIAN_POINT('',(-82.5999999999998,42.7249999999999,0.8));
#18100=CARTESIAN_POINT('Origin',(-79.9999999999998,74.5499999999999,0.4));
#18101=CARTESIAN_POINT('',(-77.3999999999998,74.5499999999999,0.8));
#18102=CARTESIAN_POINT('',(-77.3999999999998,74.5499999999999,0.8));
#18103=CARTESIAN_POINT('Origin',(-79.9999999999998,74.5499999999999,0.8));
#18104=CARTESIAN_POINT('Origin',(-76.9999999999998,37.2749999999999,0.4));
#18105=CARTESIAN_POINT('',(-77.3999999999998,85.4499999999999,0.8));
#18106=CARTESIAN_POINT('',(-77.3999999999998,85.4499999999999,0.8));
#18107=CARTESIAN_POINT('',(-77.3999999999998,37.2749999999999,0.8));
#18108=CARTESIAN_POINT('Origin',(-79.9999999999998,85.4499999999999,0.4));
#18109=CARTESIAN_POINT('Origin',(-79.9999999999998,85.4499999999999,0.8));
#18110=CARTESIAN_POINT('Origin',(-79.9999999999998,74.5499999999999,0.));
#18111=CARTESIAN_POINT('',(-82.5999999999998,74.5499999999999,4.2));
#18112=CARTESIAN_POINT('',(-82.5999999999998,74.5499999999999,0.));
#18113=CARTESIAN_POINT('',(-77.3999999999998,74.5499999999999,4.2));
#18114=CARTESIAN_POINT('Origin',(-79.9999999999998,74.5499999999999,4.2));
#18115=CARTESIAN_POINT('',(-77.3999999999998,74.5499999999999,0.));
#18116=CARTESIAN_POINT('Origin',(-82.5999999999998,85.4499999999999,0.));
#18117=CARTESIAN_POINT('',(-82.5999999999998,85.4499999999999,4.2));
#18118=CARTESIAN_POINT('',(-82.5999999999998,85.4499999999999,0.));
#18119=CARTESIAN_POINT('',(-82.5999999999998,42.7249999999999,4.2));
#18120=CARTESIAN_POINT('Origin',(-79.9999999999998,74.5499999999999,4.6));
#18121=CARTESIAN_POINT('',(-82.5999999999998,74.5499999999999,4.2));
#18122=CARTESIAN_POINT('',(-76.5999999999998,74.5499999999999,5.));
#18123=CARTESIAN_POINT('Origin',(-82.9999999999998,42.7249999999999,4.6));
#18124=CARTESIAN_POINT('',(-82.5999999999998,85.4499999999999,4.2));
#18125=CARTESIAN_POINT('Origin',(-79.9999999999998,85.4499999999999,4.6));
#18126=CARTESIAN_POINT('',(-77.3999999999998,85.4499999999999,4.2));
#18127=CARTESIAN_POINT('',(-77.3999999999998,85.4499999999999,4.2));
#18128=CARTESIAN_POINT('Origin',(-79.9999999999998,85.4499999999999,4.2));
#18129=CARTESIAN_POINT('Origin',(-76.9999999999998,37.2749999999999,4.6));
#18130=CARTESIAN_POINT('',(-77.3999999999998,37.2749999999999,4.2));
#18131=CARTESIAN_POINT('Origin',(-77.3999999999998,74.5499999999999,0.));
#18132=CARTESIAN_POINT('',(-77.3999999999998,85.4499999999999,0.));
#18133=CARTESIAN_POINT('Origin',(-79.9999999999998,85.4499999999999,0.));
#18134=CARTESIAN_POINT('Origin',(-42.9999999999998,42.7249999999999,0.4));
#18135=CARTESIAN_POINT('',(-42.5999999999998,74.5499999999999,0.8));
#18136=CARTESIAN_POINT('',(-42.5999999999998,74.5499999999999,0.8));
#18137=CARTESIAN_POINT('',(-42.5999999999998,85.4499999999999,0.8));
#18138=CARTESIAN_POINT('',(-43.3999999999998,85.4499999999999,0.));
#18139=CARTESIAN_POINT('',(-42.5999999999998,42.7249999999999,0.8));
#18140=CARTESIAN_POINT('Origin',(-39.9999999999998,74.5499999999999,0.4));
#18141=CARTESIAN_POINT('',(-37.3999999999998,74.5499999999999,0.8));
#18142=CARTESIAN_POINT('',(-37.3999999999998,74.5499999999999,0.8));
#18143=CARTESIAN_POINT('Origin',(-39.9999999999998,74.5499999999999,0.8));
#18144=CARTESIAN_POINT('Origin',(-36.9999999999998,37.2749999999999,0.4));
#18145=CARTESIAN_POINT('',(-37.3999999999998,85.4499999999999,0.8));
#18146=CARTESIAN_POINT('',(-37.3999999999998,85.4499999999999,0.8));
#18147=CARTESIAN_POINT('',(-37.3999999999998,37.2749999999999,0.8));
#18148=CARTESIAN_POINT('Origin',(-39.9999999999998,85.4499999999999,0.4));
#18149=CARTESIAN_POINT('Origin',(-39.9999999999998,85.4499999999999,0.8));
#18150=CARTESIAN_POINT('Origin',(-39.9999999999998,74.5499999999999,0.));
#18151=CARTESIAN_POINT('',(-42.5999999999998,74.5499999999999,4.2));
#18152=CARTESIAN_POINT('',(-42.5999999999998,74.5499999999999,0.));
#18153=CARTESIAN_POINT('',(-37.3999999999998,74.5499999999999,4.2));
#18154=CARTESIAN_POINT('Origin',(-39.9999999999998,74.5499999999999,4.2));
#18155=CARTESIAN_POINT('',(-37.3999999999998,74.5499999999999,0.));
#18156=CARTESIAN_POINT('Origin',(-42.5999999999998,85.4499999999999,0.));
#18157=CARTESIAN_POINT('',(-42.5999999999998,85.4499999999999,4.2));
#18158=CARTESIAN_POINT('',(-42.5999999999998,85.4499999999999,0.));
#18159=CARTESIAN_POINT('',(-42.5999999999998,42.7249999999999,4.2));
#18160=CARTESIAN_POINT('Origin',(-39.9999999999998,74.5499999999999,4.6));
#18161=CARTESIAN_POINT('',(-42.5999999999998,74.5499999999999,4.2));
#18162=CARTESIAN_POINT('',(-36.5999999999998,74.5499999999999,5.));
#18163=CARTESIAN_POINT('Origin',(-42.9999999999998,42.7249999999999,4.6));
#18164=CARTESIAN_POINT('',(-42.5999999999998,85.4499999999999,4.2));
#18165=CARTESIAN_POINT('Origin',(-39.9999999999998,85.4499999999999,4.6));
#18166=CARTESIAN_POINT('',(-37.3999999999998,85.4499999999999,4.2));
#18167=CARTESIAN_POINT('',(-37.3999999999998,85.4499999999999,4.2));
#18168=CARTESIAN_POINT('Origin',(-39.9999999999998,85.4499999999999,4.2));
#18169=CARTESIAN_POINT('Origin',(-36.9999999999998,37.2749999999999,4.6));
#18170=CARTESIAN_POINT('',(-37.3999999999998,37.2749999999999,4.2));
#18171=CARTESIAN_POINT('Origin',(-37.3999999999998,74.5499999999999,0.));
#18172=CARTESIAN_POINT('',(-37.3999999999998,85.4499999999999,0.));
#18173=CARTESIAN_POINT('Origin',(-39.9999999999998,85.4499999999999,0.));
#18174=CARTESIAN_POINT('Origin',(-2.99999999999983,42.7249999999999,0.4));
#18175=CARTESIAN_POINT('',(-2.59999999999982,74.5499999999999,0.8));
#18176=CARTESIAN_POINT('',(-2.59999999999982,74.5499999999999,0.8));
#18177=CARTESIAN_POINT('',(-2.59999999999982,85.4499999999999,0.8));
#18178=CARTESIAN_POINT('',(-3.39999999999982,85.4499999999999,0.));
#18179=CARTESIAN_POINT('',(-2.59999999999982,42.7249999999999,0.8));
#18180=CARTESIAN_POINT('Origin',(1.77635683940025E-13,74.5499999999999,
0.4));
#18181=CARTESIAN_POINT('',(2.60000000000018,74.5499999999999,0.8));
#18182=CARTESIAN_POINT('',(2.60000000000018,74.5499999999999,0.8));
#18183=CARTESIAN_POINT('Origin',(1.77635683940025E-13,74.5499999999999,
0.8));
#18184=CARTESIAN_POINT('Origin',(3.00000000000018,37.2749999999999,0.4));
#18185=CARTESIAN_POINT('',(2.60000000000018,85.4499999999999,0.8));
#18186=CARTESIAN_POINT('',(2.60000000000018,85.4499999999999,0.8));
#18187=CARTESIAN_POINT('',(2.60000000000018,37.2749999999999,0.8));
#18188=CARTESIAN_POINT('Origin',(1.77635683940025E-13,85.4499999999999,
0.4));
#18189=CARTESIAN_POINT('Origin',(1.77635683940025E-13,85.4499999999999,
0.8));
#18190=CARTESIAN_POINT('Origin',(1.77635683940025E-13,74.5499999999999,
0.));
#18191=CARTESIAN_POINT('',(-2.59999999999982,74.5499999999999,4.2));
#18192=CARTESIAN_POINT('',(-2.59999999999982,74.5499999999999,0.));
#18193=CARTESIAN_POINT('',(2.60000000000018,74.5499999999999,4.2));
#18194=CARTESIAN_POINT('Origin',(1.77635683940025E-13,74.5499999999999,
4.2));
#18195=CARTESIAN_POINT('',(2.60000000000018,74.5499999999999,0.));
#18196=CARTESIAN_POINT('Origin',(-2.59999999999982,85.4499999999999,0.));
#18197=CARTESIAN_POINT('',(-2.59999999999982,85.4499999999999,4.2));
#18198=CARTESIAN_POINT('',(-2.59999999999982,85.4499999999999,0.));
#18199=CARTESIAN_POINT('',(-2.59999999999982,42.7249999999999,4.2));
#18200=CARTESIAN_POINT('Origin',(1.77635683940025E-13,74.5499999999999,
4.6));
#18201=CARTESIAN_POINT('',(-2.59999999999982,74.5499999999999,4.2));
#18202=CARTESIAN_POINT('',(3.40000000000018,74.5499999999999,5.));
#18203=CARTESIAN_POINT('Origin',(-2.99999999999983,42.7249999999999,4.6));
#18204=CARTESIAN_POINT('',(-2.59999999999982,85.4499999999999,4.2));
#18205=CARTESIAN_POINT('Origin',(1.77635683940025E-13,85.4499999999999,
4.6));
#18206=CARTESIAN_POINT('',(2.60000000000018,85.4499999999999,4.2));
#18207=CARTESIAN_POINT('',(2.60000000000018,85.4499999999999,4.2));
#18208=CARTESIAN_POINT('Origin',(1.77635683940025E-13,85.4499999999999,
4.2));
#18209=CARTESIAN_POINT('Origin',(3.00000000000018,37.2749999999999,4.6));
#18210=CARTESIAN_POINT('',(2.60000000000018,37.2749999999999,4.2));
#18211=CARTESIAN_POINT('Origin',(2.60000000000018,74.5499999999999,0.));
#18212=CARTESIAN_POINT('',(2.60000000000018,85.4499999999999,0.));
#18213=CARTESIAN_POINT('Origin',(1.77635683940025E-13,85.4499999999999,
0.));
#18214=CARTESIAN_POINT('Origin',(37.0000000000002,42.7249999999999,0.4));
#18215=CARTESIAN_POINT('',(37.4000000000002,74.5499999999999,0.8));
#18216=CARTESIAN_POINT('',(37.4000000000002,74.5499999999999,0.8));
#18217=CARTESIAN_POINT('',(37.4000000000002,85.4499999999999,0.8));
#18218=CARTESIAN_POINT('',(36.6000000000002,85.4499999999999,0.));
#18219=CARTESIAN_POINT('',(37.4000000000002,42.7249999999999,0.8));
#18220=CARTESIAN_POINT('Origin',(40.0000000000002,74.5499999999999,0.4));
#18221=CARTESIAN_POINT('',(42.6000000000002,74.5499999999999,0.8));
#18222=CARTESIAN_POINT('',(42.6000000000002,74.5499999999999,0.8));
#18223=CARTESIAN_POINT('Origin',(40.0000000000002,74.5499999999999,0.8));
#18224=CARTESIAN_POINT('Origin',(43.0000000000002,37.2749999999999,0.4));
#18225=CARTESIAN_POINT('',(42.6000000000002,85.4499999999999,0.8));
#18226=CARTESIAN_POINT('',(42.6000000000002,85.4499999999999,0.8));
#18227=CARTESIAN_POINT('',(42.6000000000002,37.2749999999999,0.8));
#18228=CARTESIAN_POINT('Origin',(40.0000000000002,85.4499999999999,0.4));
#18229=CARTESIAN_POINT('Origin',(40.0000000000002,85.4499999999999,0.8));
#18230=CARTESIAN_POINT('Origin',(40.0000000000002,74.5499999999999,0.));
#18231=CARTESIAN_POINT('',(37.4000000000002,74.5499999999999,4.2));
#18232=CARTESIAN_POINT('',(37.4000000000002,74.5499999999999,0.));
#18233=CARTESIAN_POINT('',(42.6000000000002,74.5499999999999,4.2));
#18234=CARTESIAN_POINT('Origin',(40.0000000000002,74.5499999999999,4.2));
#18235=CARTESIAN_POINT('',(42.6000000000002,74.5499999999999,0.));
#18236=CARTESIAN_POINT('Origin',(37.4000000000002,85.4499999999999,0.));
#18237=CARTESIAN_POINT('',(37.4000000000002,85.4499999999999,4.2));
#18238=CARTESIAN_POINT('',(37.4000000000002,85.4499999999999,0.));
#18239=CARTESIAN_POINT('',(37.4000000000002,42.7249999999999,4.2));
#18240=CARTESIAN_POINT('Origin',(40.0000000000002,74.5499999999999,4.6));
#18241=CARTESIAN_POINT('',(37.4000000000002,74.5499999999999,4.2));
#18242=CARTESIAN_POINT('',(43.4000000000002,74.5499999999999,5.));
#18243=CARTESIAN_POINT('Origin',(37.0000000000002,42.7249999999999,4.6));
#18244=CARTESIAN_POINT('',(37.4000000000002,85.4499999999999,4.2));
#18245=CARTESIAN_POINT('Origin',(40.0000000000002,85.4499999999999,4.6));
#18246=CARTESIAN_POINT('',(42.6000000000002,85.4499999999999,4.2));
#18247=CARTESIAN_POINT('',(42.6000000000002,85.4499999999999,4.2));
#18248=CARTESIAN_POINT('Origin',(40.0000000000002,85.4499999999999,4.2));
#18249=CARTESIAN_POINT('Origin',(43.0000000000002,37.2749999999999,4.6));
#18250=CARTESIAN_POINT('',(42.6000000000002,37.2749999999999,4.2));
#18251=CARTESIAN_POINT('Origin',(42.6000000000002,74.5499999999999,0.));
#18252=CARTESIAN_POINT('',(42.6000000000002,85.4499999999999,0.));
#18253=CARTESIAN_POINT('Origin',(40.0000000000002,85.4499999999999,0.));
#18254=CARTESIAN_POINT('Origin',(77.0000000000002,42.7249999999999,0.4));
#18255=CARTESIAN_POINT('',(77.4000000000002,74.5499999999999,0.8));
#18256=CARTESIAN_POINT('',(77.4000000000002,74.5499999999999,0.8));
#18257=CARTESIAN_POINT('',(77.4000000000002,85.4499999999999,0.8));
#18258=CARTESIAN_POINT('',(76.6000000000002,85.4499999999999,0.));
#18259=CARTESIAN_POINT('',(77.4000000000002,42.7249999999999,0.8));
#18260=CARTESIAN_POINT('Origin',(80.0000000000002,74.5499999999999,0.4));
#18261=CARTESIAN_POINT('',(82.6000000000002,74.5499999999999,0.8));
#18262=CARTESIAN_POINT('',(82.6000000000002,74.5499999999999,0.8));
#18263=CARTESIAN_POINT('Origin',(80.0000000000002,74.5499999999999,0.8));
#18264=CARTESIAN_POINT('Origin',(83.0000000000002,37.2749999999999,0.4));
#18265=CARTESIAN_POINT('',(82.6000000000002,85.4499999999999,0.8));
#18266=CARTESIAN_POINT('',(82.6000000000002,85.4499999999999,0.8));
#18267=CARTESIAN_POINT('',(82.6000000000002,37.2749999999999,0.8));
#18268=CARTESIAN_POINT('Origin',(80.0000000000002,85.4499999999999,0.4));
#18269=CARTESIAN_POINT('Origin',(80.0000000000002,85.4499999999999,0.8));
#18270=CARTESIAN_POINT('Origin',(80.0000000000002,74.5499999999999,0.));
#18271=CARTESIAN_POINT('',(77.4000000000002,74.5499999999999,4.2));
#18272=CARTESIAN_POINT('',(77.4000000000002,74.5499999999999,0.));
#18273=CARTESIAN_POINT('',(82.6000000000002,74.5499999999999,4.2));
#18274=CARTESIAN_POINT('Origin',(80.0000000000002,74.5499999999999,4.2));
#18275=CARTESIAN_POINT('',(82.6000000000002,74.5499999999999,0.));
#18276=CARTESIAN_POINT('Origin',(77.4000000000002,85.4499999999999,0.));
#18277=CARTESIAN_POINT('',(77.4000000000002,85.4499999999999,4.2));
#18278=CARTESIAN_POINT('',(77.4000000000002,85.4499999999999,0.));
#18279=CARTESIAN_POINT('',(77.4000000000002,42.7249999999999,4.2));
#18280=CARTESIAN_POINT('Origin',(80.0000000000002,74.5499999999999,4.6));
#18281=CARTESIAN_POINT('',(77.4000000000002,74.5499999999999,4.2));
#18282=CARTESIAN_POINT('',(83.4000000000002,74.5499999999999,5.));
#18283=CARTESIAN_POINT('Origin',(77.0000000000002,42.7249999999999,4.6));
#18284=CARTESIAN_POINT('',(77.4000000000002,85.4499999999999,4.2));
#18285=CARTESIAN_POINT('Origin',(80.0000000000002,85.4499999999999,4.6));
#18286=CARTESIAN_POINT('',(82.6000000000002,85.4499999999999,4.2));
#18287=CARTESIAN_POINT('',(82.6000000000002,85.4499999999999,4.2));
#18288=CARTESIAN_POINT('Origin',(80.0000000000002,85.4499999999999,4.2));
#18289=CARTESIAN_POINT('Origin',(83.0000000000002,37.2749999999999,4.6));
#18290=CARTESIAN_POINT('',(82.6000000000002,37.2749999999999,4.2));
#18291=CARTESIAN_POINT('Origin',(82.6000000000002,74.5499999999999,0.));
#18292=CARTESIAN_POINT('',(82.6000000000002,85.4499999999999,0.));
#18293=CARTESIAN_POINT('Origin',(80.0000000000002,85.4499999999999,0.));
#18294=CARTESIAN_POINT('Origin',(-82.9999999999998,2.72499999999992,0.4));
#18295=CARTESIAN_POINT('',(-82.5999999999998,34.5499999999999,0.8));
#18296=CARTESIAN_POINT('',(-82.5999999999998,34.5499999999999,0.8));
#18297=CARTESIAN_POINT('',(-82.5999999999998,45.4499999999999,0.8));
#18298=CARTESIAN_POINT('',(-83.3999999999998,45.4499999999999,0.));
#18299=CARTESIAN_POINT('',(-82.5999999999998,2.72499999999992,0.8));
#18300=CARTESIAN_POINT('Origin',(-79.9999999999998,34.5499999999999,0.4));
#18301=CARTESIAN_POINT('',(-77.3999999999998,34.5499999999999,0.8));
#18302=CARTESIAN_POINT('',(-77.3999999999998,34.5499999999999,0.8));
#18303=CARTESIAN_POINT('Origin',(-79.9999999999998,34.5499999999999,0.8));
#18304=CARTESIAN_POINT('Origin',(-76.9999999999998,-2.72500000000008,0.4));
#18305=CARTESIAN_POINT('',(-77.3999999999998,45.4499999999999,0.8));
#18306=CARTESIAN_POINT('',(-77.3999999999998,45.4499999999999,0.8));
#18307=CARTESIAN_POINT('',(-77.3999999999998,-2.72500000000008,0.8));
#18308=CARTESIAN_POINT('Origin',(-79.9999999999998,45.4499999999999,0.4));
#18309=CARTESIAN_POINT('Origin',(-79.9999999999998,45.4499999999999,0.8));
#18310=CARTESIAN_POINT('Origin',(-79.9999999999998,34.5499999999999,0.));
#18311=CARTESIAN_POINT('',(-82.5999999999998,34.5499999999999,4.2));
#18312=CARTESIAN_POINT('',(-82.5999999999998,34.5499999999999,0.));
#18313=CARTESIAN_POINT('',(-77.3999999999998,34.5499999999999,4.2));
#18314=CARTESIAN_POINT('Origin',(-79.9999999999998,34.5499999999999,4.2));
#18315=CARTESIAN_POINT('',(-77.3999999999998,34.5499999999999,0.));
#18316=CARTESIAN_POINT('Origin',(-82.5999999999998,45.4499999999999,0.));
#18317=CARTESIAN_POINT('',(-82.5999999999998,45.4499999999999,4.2));
#18318=CARTESIAN_POINT('',(-82.5999999999998,45.4499999999999,0.));
#18319=CARTESIAN_POINT('',(-82.5999999999998,2.72499999999992,4.2));
#18320=CARTESIAN_POINT('Origin',(-79.9999999999998,34.5499999999999,4.6));
#18321=CARTESIAN_POINT('',(-82.5999999999998,34.5499999999999,4.2));
#18322=CARTESIAN_POINT('',(-76.5999999999998,34.5499999999999,5.));
#18323=CARTESIAN_POINT('Origin',(-82.9999999999998,2.72499999999992,4.6));
#18324=CARTESIAN_POINT('',(-82.5999999999998,45.4499999999999,4.2));
#18325=CARTESIAN_POINT('Origin',(-79.9999999999998,45.4499999999999,4.6));
#18326=CARTESIAN_POINT('',(-77.3999999999998,45.4499999999999,4.2));
#18327=CARTESIAN_POINT('',(-77.3999999999998,45.4499999999999,4.2));
#18328=CARTESIAN_POINT('Origin',(-79.9999999999998,45.4499999999999,4.2));
#18329=CARTESIAN_POINT('Origin',(-76.9999999999998,-2.72500000000008,4.6));
#18330=CARTESIAN_POINT('',(-77.3999999999998,-2.72500000000008,4.2));
#18331=CARTESIAN_POINT('Origin',(-77.3999999999998,34.5499999999999,0.));
#18332=CARTESIAN_POINT('',(-77.3999999999998,45.4499999999999,0.));
#18333=CARTESIAN_POINT('Origin',(-79.9999999999998,45.4499999999999,0.));
#18334=CARTESIAN_POINT('Origin',(-42.9999999999998,2.72499999999992,0.4));
#18335=CARTESIAN_POINT('',(-42.5999999999998,34.5499999999999,0.8));
#18336=CARTESIAN_POINT('',(-42.5999999999998,34.5499999999999,0.8));
#18337=CARTESIAN_POINT('',(-42.5999999999998,45.4499999999999,0.8));
#18338=CARTESIAN_POINT('',(-43.3999999999998,45.4499999999999,0.));
#18339=CARTESIAN_POINT('',(-42.5999999999998,2.72499999999992,0.8));
#18340=CARTESIAN_POINT('Origin',(-39.9999999999998,34.5499999999999,0.4));
#18341=CARTESIAN_POINT('',(-37.3999999999998,34.5499999999999,0.8));
#18342=CARTESIAN_POINT('',(-37.3999999999998,34.5499999999999,0.8));
#18343=CARTESIAN_POINT('Origin',(-39.9999999999998,34.5499999999999,0.8));
#18344=CARTESIAN_POINT('Origin',(-36.9999999999998,-2.72500000000008,0.4));
#18345=CARTESIAN_POINT('',(-37.3999999999998,45.4499999999999,0.8));
#18346=CARTESIAN_POINT('',(-37.3999999999998,45.4499999999999,0.8));
#18347=CARTESIAN_POINT('',(-37.3999999999998,-2.72500000000008,0.8));
#18348=CARTESIAN_POINT('Origin',(-39.9999999999998,45.4499999999999,0.4));
#18349=CARTESIAN_POINT('Origin',(-39.9999999999998,45.4499999999999,0.8));
#18350=CARTESIAN_POINT('Origin',(-39.9999999999998,34.5499999999999,0.));
#18351=CARTESIAN_POINT('',(-42.5999999999998,34.5499999999999,4.2));
#18352=CARTESIAN_POINT('',(-42.5999999999998,34.5499999999999,0.));
#18353=CARTESIAN_POINT('',(-37.3999999999998,34.5499999999999,4.2));
#18354=CARTESIAN_POINT('Origin',(-39.9999999999998,34.5499999999999,4.2));
#18355=CARTESIAN_POINT('',(-37.3999999999998,34.5499999999999,0.));
#18356=CARTESIAN_POINT('Origin',(-42.5999999999998,45.4499999999999,0.));
#18357=CARTESIAN_POINT('',(-42.5999999999998,45.4499999999999,4.2));
#18358=CARTESIAN_POINT('',(-42.5999999999998,45.4499999999999,0.));
#18359=CARTESIAN_POINT('',(-42.5999999999998,2.72499999999992,4.2));
#18360=CARTESIAN_POINT('Origin',(-39.9999999999998,34.5499999999999,4.6));
#18361=CARTESIAN_POINT('',(-42.5999999999998,34.5499999999999,4.2));
#18362=CARTESIAN_POINT('',(-36.5999999999998,34.5499999999999,5.));
#18363=CARTESIAN_POINT('Origin',(-42.9999999999998,2.72499999999992,4.6));
#18364=CARTESIAN_POINT('',(-42.5999999999998,45.4499999999999,4.2));
#18365=CARTESIAN_POINT('Origin',(-39.9999999999998,45.4499999999999,4.6));
#18366=CARTESIAN_POINT('',(-37.3999999999998,45.4499999999999,4.2));
#18367=CARTESIAN_POINT('',(-37.3999999999998,45.4499999999999,4.2));
#18368=CARTESIAN_POINT('Origin',(-39.9999999999998,45.4499999999999,4.2));
#18369=CARTESIAN_POINT('Origin',(-36.9999999999998,-2.72500000000008,4.6));
#18370=CARTESIAN_POINT('',(-37.3999999999998,-2.72500000000008,4.2));
#18371=CARTESIAN_POINT('Origin',(-37.3999999999998,34.5499999999999,0.));
#18372=CARTESIAN_POINT('',(-37.3999999999998,45.4499999999999,0.));
#18373=CARTESIAN_POINT('Origin',(-39.9999999999998,45.4499999999999,0.));
#18374=CARTESIAN_POINT('Origin',(-2.99999999999983,2.72499999999992,0.4));
#18375=CARTESIAN_POINT('',(-2.59999999999982,34.5499999999999,0.8));
#18376=CARTESIAN_POINT('',(-2.59999999999982,34.5499999999999,0.8));
#18377=CARTESIAN_POINT('',(-2.59999999999982,45.4499999999999,0.8));
#18378=CARTESIAN_POINT('',(-3.39999999999982,45.4499999999999,0.));
#18379=CARTESIAN_POINT('',(-2.59999999999982,2.72499999999992,0.8));
#18380=CARTESIAN_POINT('Origin',(1.77635683940025E-13,34.5499999999999,
0.4));
#18381=CARTESIAN_POINT('',(2.60000000000018,34.5499999999999,0.8));
#18382=CARTESIAN_POINT('',(2.60000000000018,34.5499999999999,0.8));
#18383=CARTESIAN_POINT('Origin',(1.77635683940025E-13,34.5499999999999,
0.8));
#18384=CARTESIAN_POINT('Origin',(3.00000000000018,-2.72500000000008,0.4));
#18385=CARTESIAN_POINT('',(2.60000000000018,45.4499999999999,0.8));
#18386=CARTESIAN_POINT('',(2.60000000000018,45.4499999999999,0.8));
#18387=CARTESIAN_POINT('',(2.60000000000018,-2.72500000000008,0.8));
#18388=CARTESIAN_POINT('Origin',(1.77635683940025E-13,45.4499999999999,
0.4));
#18389=CARTESIAN_POINT('Origin',(1.77635683940025E-13,45.4499999999999,
0.8));
#18390=CARTESIAN_POINT('Origin',(1.77635683940025E-13,34.5499999999999,
0.));
#18391=CARTESIAN_POINT('',(-2.59999999999982,34.5499999999999,4.2));
#18392=CARTESIAN_POINT('',(-2.59999999999982,34.5499999999999,0.));
#18393=CARTESIAN_POINT('',(2.60000000000018,34.5499999999999,4.2));
#18394=CARTESIAN_POINT('Origin',(1.77635683940025E-13,34.5499999999999,
4.2));
#18395=CARTESIAN_POINT('',(2.60000000000018,34.5499999999999,0.));
#18396=CARTESIAN_POINT('Origin',(-2.59999999999982,45.4499999999999,0.));
#18397=CARTESIAN_POINT('',(-2.59999999999982,45.4499999999999,4.2));
#18398=CARTESIAN_POINT('',(-2.59999999999982,45.4499999999999,0.));
#18399=CARTESIAN_POINT('',(-2.59999999999982,2.72499999999992,4.2));
#18400=CARTESIAN_POINT('Origin',(1.77635683940025E-13,34.5499999999999,
4.6));
#18401=CARTESIAN_POINT('',(-2.59999999999982,34.5499999999999,4.2));
#18402=CARTESIAN_POINT('',(3.40000000000018,34.5499999999999,5.));
#18403=CARTESIAN_POINT('Origin',(-2.99999999999983,2.72499999999992,4.6));
#18404=CARTESIAN_POINT('',(-2.59999999999982,45.4499999999999,4.2));
#18405=CARTESIAN_POINT('Origin',(1.77635683940025E-13,45.4499999999999,
4.6));
#18406=CARTESIAN_POINT('',(2.60000000000018,45.4499999999999,4.2));
#18407=CARTESIAN_POINT('',(2.60000000000018,45.4499999999999,4.2));
#18408=CARTESIAN_POINT('Origin',(1.77635683940025E-13,45.4499999999999,
4.2));
#18409=CARTESIAN_POINT('Origin',(3.00000000000018,-2.72500000000008,4.6));
#18410=CARTESIAN_POINT('',(2.60000000000018,-2.72500000000008,4.2));
#18411=CARTESIAN_POINT('Origin',(2.60000000000018,34.5499999999999,0.));
#18412=CARTESIAN_POINT('',(2.60000000000018,45.4499999999999,0.));
#18413=CARTESIAN_POINT('Origin',(1.77635683940025E-13,45.4499999999999,
0.));
#18414=CARTESIAN_POINT('Origin',(37.0000000000002,2.72499999999992,0.4));
#18415=CARTESIAN_POINT('',(37.4000000000002,34.5499999999999,0.8));
#18416=CARTESIAN_POINT('',(37.4000000000002,34.5499999999999,0.8));
#18417=CARTESIAN_POINT('',(37.4000000000002,45.4499999999999,0.8));
#18418=CARTESIAN_POINT('',(36.6000000000002,45.4499999999999,0.));
#18419=CARTESIAN_POINT('',(37.4000000000002,2.72499999999992,0.8));
#18420=CARTESIAN_POINT('Origin',(40.0000000000002,34.5499999999999,0.4));
#18421=CARTESIAN_POINT('',(42.6000000000002,34.5499999999999,0.8));
#18422=CARTESIAN_POINT('',(42.6000000000002,34.5499999999999,0.8));
#18423=CARTESIAN_POINT('Origin',(40.0000000000002,34.5499999999999,0.8));
#18424=CARTESIAN_POINT('Origin',(43.0000000000002,-2.72500000000008,0.4));
#18425=CARTESIAN_POINT('',(42.6000000000002,45.4499999999999,0.8));
#18426=CARTESIAN_POINT('',(42.6000000000002,45.4499999999999,0.8));
#18427=CARTESIAN_POINT('',(42.6000000000002,-2.72500000000008,0.8));
#18428=CARTESIAN_POINT('Origin',(40.0000000000002,45.4499999999999,0.4));
#18429=CARTESIAN_POINT('Origin',(40.0000000000002,45.4499999999999,0.8));
#18430=CARTESIAN_POINT('Origin',(40.0000000000002,34.5499999999999,0.));
#18431=CARTESIAN_POINT('',(37.4000000000002,34.5499999999999,4.2));
#18432=CARTESIAN_POINT('',(37.4000000000002,34.5499999999999,0.));
#18433=CARTESIAN_POINT('',(42.6000000000002,34.5499999999999,4.2));
#18434=CARTESIAN_POINT('Origin',(40.0000000000002,34.5499999999999,4.2));
#18435=CARTESIAN_POINT('',(42.6000000000002,34.5499999999999,0.));
#18436=CARTESIAN_POINT('Origin',(37.4000000000002,45.4499999999999,0.));
#18437=CARTESIAN_POINT('',(37.4000000000002,45.4499999999999,4.2));
#18438=CARTESIAN_POINT('',(37.4000000000002,45.4499999999999,0.));
#18439=CARTESIAN_POINT('',(37.4000000000002,2.72499999999992,4.2));
#18440=CARTESIAN_POINT('Origin',(40.0000000000002,34.5499999999999,4.6));
#18441=CARTESIAN_POINT('',(37.4000000000002,34.5499999999999,4.2));
#18442=CARTESIAN_POINT('',(43.4000000000002,34.5499999999999,5.));
#18443=CARTESIAN_POINT('Origin',(37.0000000000002,2.72499999999992,4.6));
#18444=CARTESIAN_POINT('',(37.4000000000002,45.4499999999999,4.2));
#18445=CARTESIAN_POINT('Origin',(40.0000000000002,45.4499999999999,4.6));
#18446=CARTESIAN_POINT('',(42.6000000000002,45.4499999999999,4.2));
#18447=CARTESIAN_POINT('',(42.6000000000002,45.4499999999999,4.2));
#18448=CARTESIAN_POINT('Origin',(40.0000000000002,45.4499999999999,4.2));
#18449=CARTESIAN_POINT('Origin',(43.0000000000002,-2.72500000000008,4.6));
#18450=CARTESIAN_POINT('',(42.6000000000002,-2.72500000000008,4.2));
#18451=CARTESIAN_POINT('Origin',(42.6000000000002,34.5499999999999,0.));
#18452=CARTESIAN_POINT('',(42.6000000000002,45.4499999999999,0.));
#18453=CARTESIAN_POINT('Origin',(40.0000000000002,45.4499999999999,0.));
#18454=CARTESIAN_POINT('Origin',(77.0000000000002,2.72499999999992,0.4));
#18455=CARTESIAN_POINT('',(77.4000000000002,34.5499999999999,0.8));
#18456=CARTESIAN_POINT('',(77.4000000000002,34.5499999999999,0.8));
#18457=CARTESIAN_POINT('',(77.4000000000002,45.4499999999999,0.8));
#18458=CARTESIAN_POINT('',(76.6000000000002,45.4499999999999,0.));
#18459=CARTESIAN_POINT('',(77.4000000000002,2.72499999999992,0.8));
#18460=CARTESIAN_POINT('Origin',(80.0000000000002,34.5499999999999,0.4));
#18461=CARTESIAN_POINT('',(82.6000000000002,34.5499999999999,0.8));
#18462=CARTESIAN_POINT('',(82.6000000000002,34.5499999999999,0.8));
#18463=CARTESIAN_POINT('Origin',(80.0000000000002,34.5499999999999,0.8));
#18464=CARTESIAN_POINT('Origin',(83.0000000000002,-2.72500000000008,0.4));
#18465=CARTESIAN_POINT('',(82.6000000000002,45.4499999999999,0.8));
#18466=CARTESIAN_POINT('',(82.6000000000002,45.4499999999999,0.8));
#18467=CARTESIAN_POINT('',(82.6000000000002,-2.72500000000008,0.8));
#18468=CARTESIAN_POINT('Origin',(80.0000000000002,45.4499999999999,0.4));
#18469=CARTESIAN_POINT('Origin',(80.0000000000002,45.4499999999999,0.8));
#18470=CARTESIAN_POINT('Origin',(80.0000000000002,34.5499999999999,0.));
#18471=CARTESIAN_POINT('',(77.4000000000002,34.5499999999999,4.2));
#18472=CARTESIAN_POINT('',(77.4000000000002,34.5499999999999,0.));
#18473=CARTESIAN_POINT('',(82.6000000000002,34.5499999999999,4.2));
#18474=CARTESIAN_POINT('Origin',(80.0000000000002,34.5499999999999,4.2));
#18475=CARTESIAN_POINT('',(82.6000000000002,34.5499999999999,0.));
#18476=CARTESIAN_POINT('Origin',(77.4000000000002,45.4499999999999,0.));
#18477=CARTESIAN_POINT('',(77.4000000000002,45.4499999999999,4.2));
#18478=CARTESIAN_POINT('',(77.4000000000002,45.4499999999999,0.));
#18479=CARTESIAN_POINT('',(77.4000000000002,2.72499999999992,4.2));
#18480=CARTESIAN_POINT('Origin',(80.0000000000002,34.5499999999999,4.6));
#18481=CARTESIAN_POINT('',(77.4000000000002,34.5499999999999,4.2));
#18482=CARTESIAN_POINT('',(83.4000000000002,34.5499999999999,5.));
#18483=CARTESIAN_POINT('Origin',(77.0000000000002,2.72499999999992,4.6));
#18484=CARTESIAN_POINT('',(77.4000000000002,45.4499999999999,4.2));
#18485=CARTESIAN_POINT('Origin',(80.0000000000002,45.4499999999999,4.6));
#18486=CARTESIAN_POINT('',(82.6000000000002,45.4499999999999,4.2));
#18487=CARTESIAN_POINT('',(82.6000000000002,45.4499999999999,4.2));
#18488=CARTESIAN_POINT('Origin',(80.0000000000002,45.4499999999999,4.2));
#18489=CARTESIAN_POINT('Origin',(83.0000000000002,-2.72500000000008,4.6));
#18490=CARTESIAN_POINT('',(82.6000000000002,-2.72500000000008,4.2));
#18491=CARTESIAN_POINT('Origin',(82.6000000000002,34.5499999999999,0.));
#18492=CARTESIAN_POINT('',(82.6000000000002,45.4499999999999,0.));
#18493=CARTESIAN_POINT('Origin',(80.0000000000002,45.4499999999999,0.));
#18494=CARTESIAN_POINT('Origin',(-82.9999999999998,-37.2750000000001,0.4));
#18495=CARTESIAN_POINT('',(-82.5999999999998,-5.45000000000009,0.8));
#18496=CARTESIAN_POINT('',(-82.5999999999998,-5.45000000000009,0.8));
#18497=CARTESIAN_POINT('',(-82.5999999999998,5.44999999999991,0.8));
#18498=CARTESIAN_POINT('',(-83.3999999999998,5.44999999999991,0.));
#18499=CARTESIAN_POINT('',(-82.5999999999998,-37.2750000000001,0.8));
#18500=CARTESIAN_POINT('Origin',(-79.9999999999998,-5.45000000000009,0.4));
#18501=CARTESIAN_POINT('',(-77.3999999999998,-5.45000000000009,0.8));
#18502=CARTESIAN_POINT('',(-77.3999999999998,-5.45000000000009,0.8));
#18503=CARTESIAN_POINT('Origin',(-79.9999999999998,-5.45000000000009,0.8));
#18504=CARTESIAN_POINT('Origin',(-76.9999999999998,-42.7250000000001,0.4));
#18505=CARTESIAN_POINT('',(-77.3999999999998,5.44999999999991,0.8));
#18506=CARTESIAN_POINT('',(-77.3999999999998,5.44999999999991,0.8));
#18507=CARTESIAN_POINT('',(-77.3999999999998,-42.7250000000001,0.8));
#18508=CARTESIAN_POINT('Origin',(-79.9999999999998,5.44999999999991,0.4));
#18509=CARTESIAN_POINT('Origin',(-79.9999999999998,5.44999999999991,0.8));
#18510=CARTESIAN_POINT('Origin',(-79.9999999999998,-5.45000000000009,0.));
#18511=CARTESIAN_POINT('',(-82.5999999999998,-5.45000000000009,4.2));
#18512=CARTESIAN_POINT('',(-82.5999999999998,-5.45000000000009,0.));
#18513=CARTESIAN_POINT('',(-77.3999999999998,-5.45000000000009,4.2));
#18514=CARTESIAN_POINT('Origin',(-79.9999999999998,-5.45000000000009,4.2));
#18515=CARTESIAN_POINT('',(-77.3999999999998,-5.45000000000009,0.));
#18516=CARTESIAN_POINT('Origin',(-82.5999999999998,5.44999999999991,0.));
#18517=CARTESIAN_POINT('',(-82.5999999999998,5.44999999999991,4.2));
#18518=CARTESIAN_POINT('',(-82.5999999999998,5.44999999999991,0.));
#18519=CARTESIAN_POINT('',(-82.5999999999998,-37.2750000000001,4.2));
#18520=CARTESIAN_POINT('Origin',(-79.9999999999998,-5.45000000000009,4.6));
#18521=CARTESIAN_POINT('',(-82.5999999999998,-5.45000000000009,4.2));
#18522=CARTESIAN_POINT('',(-76.5999999999998,-5.45000000000009,5.));
#18523=CARTESIAN_POINT('Origin',(-82.9999999999998,-37.2750000000001,4.6));
#18524=CARTESIAN_POINT('',(-82.5999999999998,5.44999999999991,4.2));
#18525=CARTESIAN_POINT('Origin',(-79.9999999999998,5.44999999999991,4.6));
#18526=CARTESIAN_POINT('',(-77.3999999999998,5.44999999999991,4.2));
#18527=CARTESIAN_POINT('',(-77.3999999999998,5.44999999999991,4.2));
#18528=CARTESIAN_POINT('Origin',(-79.9999999999998,5.44999999999991,4.2));
#18529=CARTESIAN_POINT('Origin',(-76.9999999999998,-42.7250000000001,4.6));
#18530=CARTESIAN_POINT('',(-77.3999999999998,-42.7250000000001,4.2));
#18531=CARTESIAN_POINT('Origin',(-77.3999999999998,-5.45000000000009,0.));
#18532=CARTESIAN_POINT('',(-77.3999999999998,5.44999999999991,0.));
#18533=CARTESIAN_POINT('Origin',(-79.9999999999998,5.44999999999991,0.));
#18534=CARTESIAN_POINT('Origin',(-42.9999999999998,-37.2750000000001,0.4));
#18535=CARTESIAN_POINT('',(-42.5999999999998,-5.45000000000009,0.8));
#18536=CARTESIAN_POINT('',(-42.5999999999998,-5.45000000000009,0.8));
#18537=CARTESIAN_POINT('',(-42.5999999999998,5.44999999999991,0.8));
#18538=CARTESIAN_POINT('',(-43.3999999999998,5.44999999999991,0.));
#18539=CARTESIAN_POINT('',(-42.5999999999998,-37.2750000000001,0.8));
#18540=CARTESIAN_POINT('Origin',(-39.9999999999998,-5.45000000000009,0.4));
#18541=CARTESIAN_POINT('',(-37.3999999999998,-5.45000000000009,0.8));
#18542=CARTESIAN_POINT('',(-37.3999999999998,-5.45000000000009,0.8));
#18543=CARTESIAN_POINT('Origin',(-39.9999999999998,-5.45000000000009,0.8));
#18544=CARTESIAN_POINT('Origin',(-36.9999999999998,-42.7250000000001,0.4));
#18545=CARTESIAN_POINT('',(-37.3999999999998,5.44999999999991,0.8));
#18546=CARTESIAN_POINT('',(-37.3999999999998,5.44999999999991,0.8));
#18547=CARTESIAN_POINT('',(-37.3999999999998,-42.7250000000001,0.8));
#18548=CARTESIAN_POINT('Origin',(-39.9999999999998,5.44999999999991,0.4));
#18549=CARTESIAN_POINT('Origin',(-39.9999999999998,5.44999999999991,0.8));
#18550=CARTESIAN_POINT('Origin',(-39.9999999999998,-5.45000000000009,0.));
#18551=CARTESIAN_POINT('',(-42.5999999999998,-5.45000000000009,4.2));
#18552=CARTESIAN_POINT('',(-42.5999999999998,-5.45000000000009,0.));
#18553=CARTESIAN_POINT('',(-37.3999999999998,-5.45000000000009,4.2));
#18554=CARTESIAN_POINT('Origin',(-39.9999999999998,-5.45000000000009,4.2));
#18555=CARTESIAN_POINT('',(-37.3999999999998,-5.45000000000009,0.));
#18556=CARTESIAN_POINT('Origin',(-42.5999999999998,5.44999999999991,0.));
#18557=CARTESIAN_POINT('',(-42.5999999999998,5.44999999999991,4.2));
#18558=CARTESIAN_POINT('',(-42.5999999999998,5.44999999999991,0.));
#18559=CARTESIAN_POINT('',(-42.5999999999998,-37.2750000000001,4.2));
#18560=CARTESIAN_POINT('Origin',(-39.9999999999998,-5.45000000000009,4.6));
#18561=CARTESIAN_POINT('',(-42.5999999999998,-5.45000000000009,4.2));
#18562=CARTESIAN_POINT('',(-36.5999999999998,-5.45000000000009,5.));
#18563=CARTESIAN_POINT('Origin',(-42.9999999999998,-37.2750000000001,4.6));
#18564=CARTESIAN_POINT('',(-42.5999999999998,5.44999999999991,4.2));
#18565=CARTESIAN_POINT('Origin',(-39.9999999999998,5.44999999999991,4.6));
#18566=CARTESIAN_POINT('',(-37.3999999999998,5.44999999999991,4.2));
#18567=CARTESIAN_POINT('',(-37.3999999999998,5.44999999999991,4.2));
#18568=CARTESIAN_POINT('Origin',(-39.9999999999998,5.44999999999991,4.2));
#18569=CARTESIAN_POINT('Origin',(-36.9999999999998,-42.7250000000001,4.6));
#18570=CARTESIAN_POINT('',(-37.3999999999998,-42.7250000000001,4.2));
#18571=CARTESIAN_POINT('Origin',(-37.3999999999998,-5.45000000000009,0.));
#18572=CARTESIAN_POINT('',(-37.3999999999998,5.44999999999991,0.));
#18573=CARTESIAN_POINT('Origin',(-39.9999999999998,5.44999999999991,0.));
#18574=CARTESIAN_POINT('Origin',(-2.99999999999983,-37.2750000000001,0.4));
#18575=CARTESIAN_POINT('',(-2.59999999999982,-5.45000000000009,0.8));
#18576=CARTESIAN_POINT('',(-2.59999999999982,-5.45000000000009,0.8));
#18577=CARTESIAN_POINT('',(-2.59999999999982,5.44999999999991,0.8));
#18578=CARTESIAN_POINT('',(-3.39999999999982,5.44999999999991,0.));
#18579=CARTESIAN_POINT('',(-2.59999999999982,-37.2750000000001,0.8));
#18580=CARTESIAN_POINT('Origin',(1.77635683940025E-13,-5.45000000000009,
0.4));
#18581=CARTESIAN_POINT('',(2.60000000000018,-5.45000000000009,0.8));
#18582=CARTESIAN_POINT('',(2.60000000000018,-5.45000000000009,0.8));
#18583=CARTESIAN_POINT('Origin',(1.77635683940025E-13,-5.45000000000009,
0.8));
#18584=CARTESIAN_POINT('Origin',(3.00000000000018,-42.7250000000001,0.4));
#18585=CARTESIAN_POINT('',(2.60000000000018,5.44999999999991,0.8));
#18586=CARTESIAN_POINT('',(2.60000000000018,5.44999999999991,0.8));
#18587=CARTESIAN_POINT('',(2.60000000000018,-42.7250000000001,0.8));
#18588=CARTESIAN_POINT('Origin',(1.77635683940025E-13,5.44999999999991,
0.4));
#18589=CARTESIAN_POINT('Origin',(1.77635683940025E-13,5.44999999999991,
0.8));
#18590=CARTESIAN_POINT('Origin',(1.77635683940025E-13,-5.45000000000009,
0.));
#18591=CARTESIAN_POINT('',(-2.59999999999982,-5.45000000000009,4.2));
#18592=CARTESIAN_POINT('',(-2.59999999999982,-5.45000000000009,0.));
#18593=CARTESIAN_POINT('',(2.60000000000018,-5.45000000000009,4.2));
#18594=CARTESIAN_POINT('Origin',(1.77635683940025E-13,-5.45000000000009,
4.2));
#18595=CARTESIAN_POINT('',(2.60000000000018,-5.45000000000009,0.));
#18596=CARTESIAN_POINT('Origin',(-2.59999999999982,5.44999999999991,0.));
#18597=CARTESIAN_POINT('',(-2.59999999999982,5.44999999999991,4.2));
#18598=CARTESIAN_POINT('',(-2.59999999999982,5.44999999999991,0.));
#18599=CARTESIAN_POINT('',(-2.59999999999982,-37.2750000000001,4.2));
#18600=CARTESIAN_POINT('Origin',(1.77635683940025E-13,-5.45000000000009,
4.6));
#18601=CARTESIAN_POINT('',(-2.59999999999982,-5.45000000000009,4.2));
#18602=CARTESIAN_POINT('',(3.40000000000018,-5.45000000000009,5.));
#18603=CARTESIAN_POINT('Origin',(-2.99999999999983,-37.2750000000001,4.6));
#18604=CARTESIAN_POINT('',(-2.59999999999982,5.44999999999991,4.2));
#18605=CARTESIAN_POINT('Origin',(1.77635683940025E-13,5.44999999999991,
4.6));
#18606=CARTESIAN_POINT('',(2.60000000000018,5.44999999999991,4.2));
#18607=CARTESIAN_POINT('',(2.60000000000018,5.44999999999991,4.2));
#18608=CARTESIAN_POINT('Origin',(1.77635683940025E-13,5.44999999999991,
4.2));
#18609=CARTESIAN_POINT('Origin',(3.00000000000018,-42.7250000000001,4.6));
#18610=CARTESIAN_POINT('',(2.60000000000018,-42.7250000000001,4.2));
#18611=CARTESIAN_POINT('Origin',(2.60000000000018,-5.45000000000009,0.));
#18612=CARTESIAN_POINT('',(2.60000000000018,5.44999999999991,0.));
#18613=CARTESIAN_POINT('Origin',(1.77635683940025E-13,5.44999999999991,
0.));
#18614=CARTESIAN_POINT('Origin',(37.0000000000002,-37.2750000000001,0.4));
#18615=CARTESIAN_POINT('',(37.4000000000002,-5.45000000000009,0.8));
#18616=CARTESIAN_POINT('',(37.4000000000002,-5.45000000000009,0.8));
#18617=CARTESIAN_POINT('',(37.4000000000002,5.44999999999991,0.8));
#18618=CARTESIAN_POINT('',(36.6000000000002,5.44999999999991,0.));
#18619=CARTESIAN_POINT('',(37.4000000000002,-37.2750000000001,0.8));
#18620=CARTESIAN_POINT('Origin',(40.0000000000002,-5.45000000000009,0.4));
#18621=CARTESIAN_POINT('',(42.6000000000002,-5.45000000000009,0.8));
#18622=CARTESIAN_POINT('',(42.6000000000002,-5.45000000000009,0.8));
#18623=CARTESIAN_POINT('Origin',(40.0000000000002,-5.45000000000009,0.8));
#18624=CARTESIAN_POINT('Origin',(43.0000000000002,-42.7250000000001,0.4));
#18625=CARTESIAN_POINT('',(42.6000000000002,5.44999999999991,0.8));
#18626=CARTESIAN_POINT('',(42.6000000000002,5.44999999999991,0.8));
#18627=CARTESIAN_POINT('',(42.6000000000002,-42.7250000000001,0.8));
#18628=CARTESIAN_POINT('Origin',(40.0000000000002,5.44999999999991,0.4));
#18629=CARTESIAN_POINT('Origin',(40.0000000000002,5.44999999999991,0.8));
#18630=CARTESIAN_POINT('Origin',(40.0000000000002,-5.45000000000009,0.));
#18631=CARTESIAN_POINT('',(37.4000000000002,-5.45000000000009,4.2));
#18632=CARTESIAN_POINT('',(37.4000000000002,-5.45000000000009,0.));
#18633=CARTESIAN_POINT('',(42.6000000000002,-5.45000000000009,4.2));
#18634=CARTESIAN_POINT('Origin',(40.0000000000002,-5.45000000000009,4.2));
#18635=CARTESIAN_POINT('',(42.6000000000002,-5.45000000000009,0.));
#18636=CARTESIAN_POINT('Origin',(37.4000000000002,5.44999999999991,0.));
#18637=CARTESIAN_POINT('',(37.4000000000002,5.44999999999991,4.2));
#18638=CARTESIAN_POINT('',(37.4000000000002,5.44999999999991,0.));
#18639=CARTESIAN_POINT('',(37.4000000000002,-37.2750000000001,4.2));
#18640=CARTESIAN_POINT('Origin',(40.0000000000002,-5.45000000000009,4.6));
#18641=CARTESIAN_POINT('',(37.4000000000002,-5.45000000000009,4.2));
#18642=CARTESIAN_POINT('',(43.4000000000002,-5.45000000000009,5.));
#18643=CARTESIAN_POINT('Origin',(37.0000000000002,-37.2750000000001,4.6));
#18644=CARTESIAN_POINT('',(37.4000000000002,5.44999999999991,4.2));
#18645=CARTESIAN_POINT('Origin',(40.0000000000002,5.44999999999991,4.6));
#18646=CARTESIAN_POINT('',(42.6000000000002,5.44999999999991,4.2));
#18647=CARTESIAN_POINT('',(42.6000000000002,5.44999999999991,4.2));
#18648=CARTESIAN_POINT('Origin',(40.0000000000002,5.44999999999991,4.2));
#18649=CARTESIAN_POINT('Origin',(43.0000000000002,-42.7250000000001,4.6));
#18650=CARTESIAN_POINT('',(42.6000000000002,-42.7250000000001,4.2));
#18651=CARTESIAN_POINT('Origin',(42.6000000000002,-5.45000000000009,0.));
#18652=CARTESIAN_POINT('',(42.6000000000002,5.44999999999991,0.));
#18653=CARTESIAN_POINT('Origin',(40.0000000000002,5.44999999999991,0.));
#18654=CARTESIAN_POINT('Origin',(77.0000000000002,-37.2750000000001,0.4));
#18655=CARTESIAN_POINT('',(77.4000000000002,-5.45000000000009,0.8));
#18656=CARTESIAN_POINT('',(77.4000000000002,-5.45000000000009,0.8));
#18657=CARTESIAN_POINT('',(77.4000000000002,5.44999999999991,0.8));
#18658=CARTESIAN_POINT('',(76.6000000000002,5.44999999999991,0.));
#18659=CARTESIAN_POINT('',(77.4000000000002,-37.2750000000001,0.8));
#18660=CARTESIAN_POINT('Origin',(80.0000000000002,-5.45000000000009,0.4));
#18661=CARTESIAN_POINT('',(82.6000000000002,-5.45000000000009,0.8));
#18662=CARTESIAN_POINT('',(82.6000000000002,-5.45000000000009,0.8));
#18663=CARTESIAN_POINT('Origin',(80.0000000000002,-5.45000000000009,0.8));
#18664=CARTESIAN_POINT('Origin',(83.0000000000002,-42.7250000000001,0.4));
#18665=CARTESIAN_POINT('',(82.6000000000002,5.44999999999991,0.8));
#18666=CARTESIAN_POINT('',(82.6000000000002,5.44999999999991,0.8));
#18667=CARTESIAN_POINT('',(82.6000000000002,-42.7250000000001,0.8));
#18668=CARTESIAN_POINT('Origin',(80.0000000000002,5.44999999999991,0.4));
#18669=CARTESIAN_POINT('Origin',(80.0000000000002,5.44999999999991,0.8));
#18670=CARTESIAN_POINT('Origin',(80.0000000000002,-5.45000000000009,0.));
#18671=CARTESIAN_POINT('',(77.4000000000002,-5.45000000000009,4.2));
#18672=CARTESIAN_POINT('',(77.4000000000002,-5.45000000000009,0.));
#18673=CARTESIAN_POINT('',(82.6000000000002,-5.45000000000009,4.2));
#18674=CARTESIAN_POINT('Origin',(80.0000000000002,-5.45000000000009,4.2));
#18675=CARTESIAN_POINT('',(82.6000000000002,-5.45000000000009,0.));
#18676=CARTESIAN_POINT('Origin',(77.4000000000002,5.44999999999991,0.));
#18677=CARTESIAN_POINT('',(77.4000000000002,5.44999999999991,4.2));
#18678=CARTESIAN_POINT('',(77.4000000000002,5.44999999999991,0.));
#18679=CARTESIAN_POINT('',(77.4000000000002,-37.2750000000001,4.2));
#18680=CARTESIAN_POINT('Origin',(80.0000000000002,-5.45000000000009,4.6));
#18681=CARTESIAN_POINT('',(77.4000000000002,-5.45000000000009,4.2));
#18682=CARTESIAN_POINT('',(83.4000000000002,-5.45000000000009,5.));
#18683=CARTESIAN_POINT('Origin',(77.0000000000002,-37.2750000000001,4.6));
#18684=CARTESIAN_POINT('',(77.4000000000002,5.44999999999991,4.2));
#18685=CARTESIAN_POINT('Origin',(80.0000000000002,5.44999999999991,4.6));
#18686=CARTESIAN_POINT('',(82.6000000000002,5.44999999999991,4.2));
#18687=CARTESIAN_POINT('',(82.6000000000002,5.44999999999991,4.2));
#18688=CARTESIAN_POINT('Origin',(80.0000000000002,5.44999999999991,4.2));
#18689=CARTESIAN_POINT('Origin',(83.0000000000002,-42.7250000000001,4.6));
#18690=CARTESIAN_POINT('',(82.6000000000002,-42.7250000000001,4.2));
#18691=CARTESIAN_POINT('Origin',(82.6000000000002,-5.45000000000009,0.));
#18692=CARTESIAN_POINT('',(82.6000000000002,5.44999999999991,0.));
#18693=CARTESIAN_POINT('Origin',(80.0000000000002,5.44999999999991,0.));
#18694=CARTESIAN_POINT('Origin',(-82.9999999999998,-77.2750000000001,0.4));
#18695=CARTESIAN_POINT('',(-82.5999999999998,-45.4500000000001,0.8));
#18696=CARTESIAN_POINT('',(-82.5999999999998,-45.4500000000001,0.8));
#18697=CARTESIAN_POINT('',(-82.5999999999998,-34.5500000000001,0.8));
#18698=CARTESIAN_POINT('',(-83.3999999999998,-34.5500000000001,0.));
#18699=CARTESIAN_POINT('',(-82.5999999999998,-77.2750000000001,0.8));
#18700=CARTESIAN_POINT('Origin',(-79.9999999999998,-45.4500000000001,0.4));
#18701=CARTESIAN_POINT('',(-77.3999999999998,-45.4500000000001,0.8));
#18702=CARTESIAN_POINT('',(-77.3999999999998,-45.4500000000001,0.8));
#18703=CARTESIAN_POINT('Origin',(-79.9999999999998,-45.4500000000001,0.8));
#18704=CARTESIAN_POINT('Origin',(-76.9999999999998,-82.7250000000001,0.4));
#18705=CARTESIAN_POINT('',(-77.3999999999998,-34.5500000000001,0.8));
#18706=CARTESIAN_POINT('',(-77.3999999999998,-34.5500000000001,0.8));
#18707=CARTESIAN_POINT('',(-77.3999999999998,-82.7250000000001,0.8));
#18708=CARTESIAN_POINT('Origin',(-79.9999999999998,-34.5500000000001,0.4));
#18709=CARTESIAN_POINT('Origin',(-79.9999999999998,-34.5500000000001,0.8));
#18710=CARTESIAN_POINT('Origin',(-79.9999999999998,-45.4500000000001,0.));
#18711=CARTESIAN_POINT('',(-82.5999999999998,-45.4500000000001,4.2));
#18712=CARTESIAN_POINT('',(-82.5999999999998,-45.4500000000001,0.));
#18713=CARTESIAN_POINT('',(-77.3999999999998,-45.4500000000001,4.2));
#18714=CARTESIAN_POINT('Origin',(-79.9999999999998,-45.4500000000001,4.2));
#18715=CARTESIAN_POINT('',(-77.3999999999998,-45.4500000000001,0.));
#18716=CARTESIAN_POINT('Origin',(-82.5999999999998,-34.5500000000001,0.));
#18717=CARTESIAN_POINT('',(-82.5999999999998,-34.5500000000001,4.2));
#18718=CARTESIAN_POINT('',(-82.5999999999998,-34.5500000000001,0.));
#18719=CARTESIAN_POINT('',(-82.5999999999998,-77.2750000000001,4.2));
#18720=CARTESIAN_POINT('Origin',(-79.9999999999998,-45.4500000000001,4.6));
#18721=CARTESIAN_POINT('',(-82.5999999999998,-45.4500000000001,4.2));
#18722=CARTESIAN_POINT('',(-76.5999999999998,-45.4500000000001,5.));
#18723=CARTESIAN_POINT('Origin',(-82.9999999999998,-77.2750000000001,4.6));
#18724=CARTESIAN_POINT('',(-82.5999999999998,-34.5500000000001,4.2));
#18725=CARTESIAN_POINT('Origin',(-79.9999999999998,-34.5500000000001,4.6));
#18726=CARTESIAN_POINT('',(-77.3999999999998,-34.5500000000001,4.2));
#18727=CARTESIAN_POINT('',(-77.3999999999998,-34.5500000000001,4.2));
#18728=CARTESIAN_POINT('Origin',(-79.9999999999998,-34.5500000000001,4.2));
#18729=CARTESIAN_POINT('Origin',(-76.9999999999998,-82.7250000000001,4.6));
#18730=CARTESIAN_POINT('',(-77.3999999999998,-82.7250000000001,4.2));
#18731=CARTESIAN_POINT('Origin',(-77.3999999999998,-45.4500000000001,0.));
#18732=CARTESIAN_POINT('',(-77.3999999999998,-34.5500000000001,0.));
#18733=CARTESIAN_POINT('Origin',(-79.9999999999998,-34.5500000000001,0.));
#18734=CARTESIAN_POINT('Origin',(-42.9999999999998,-77.2750000000001,0.4));
#18735=CARTESIAN_POINT('',(-42.5999999999998,-45.4500000000001,0.8));
#18736=CARTESIAN_POINT('',(-42.5999999999998,-45.4500000000001,0.8));
#18737=CARTESIAN_POINT('',(-42.5999999999998,-34.5500000000001,0.8));
#18738=CARTESIAN_POINT('',(-43.3999999999998,-34.5500000000001,0.));
#18739=CARTESIAN_POINT('',(-42.5999999999998,-77.2750000000001,0.8));
#18740=CARTESIAN_POINT('Origin',(-39.9999999999998,-45.4500000000001,0.4));
#18741=CARTESIAN_POINT('',(-37.3999999999998,-45.4500000000001,0.8));
#18742=CARTESIAN_POINT('',(-37.3999999999998,-45.4500000000001,0.8));
#18743=CARTESIAN_POINT('Origin',(-39.9999999999998,-45.4500000000001,0.8));
#18744=CARTESIAN_POINT('Origin',(-36.9999999999998,-82.7250000000001,0.4));
#18745=CARTESIAN_POINT('',(-37.3999999999998,-34.5500000000001,0.8));
#18746=CARTESIAN_POINT('',(-37.3999999999998,-34.5500000000001,0.8));
#18747=CARTESIAN_POINT('',(-37.3999999999998,-82.7250000000001,0.8));
#18748=CARTESIAN_POINT('Origin',(-39.9999999999998,-34.5500000000001,0.4));
#18749=CARTESIAN_POINT('Origin',(-39.9999999999998,-34.5500000000001,0.8));
#18750=CARTESIAN_POINT('Origin',(-39.9999999999998,-45.4500000000001,0.));
#18751=CARTESIAN_POINT('',(-42.5999999999998,-45.4500000000001,4.2));
#18752=CARTESIAN_POINT('',(-42.5999999999998,-45.4500000000001,0.));
#18753=CARTESIAN_POINT('',(-37.3999999999998,-45.4500000000001,4.2));
#18754=CARTESIAN_POINT('Origin',(-39.9999999999998,-45.4500000000001,4.2));
#18755=CARTESIAN_POINT('',(-37.3999999999998,-45.4500000000001,0.));
#18756=CARTESIAN_POINT('Origin',(-42.5999999999998,-34.5500000000001,0.));
#18757=CARTESIAN_POINT('',(-42.5999999999998,-34.5500000000001,4.2));
#18758=CARTESIAN_POINT('',(-42.5999999999998,-34.5500000000001,0.));
#18759=CARTESIAN_POINT('',(-42.5999999999998,-77.2750000000001,4.2));
#18760=CARTESIAN_POINT('Origin',(-39.9999999999998,-45.4500000000001,4.6));
#18761=CARTESIAN_POINT('',(-42.5999999999998,-45.4500000000001,4.2));
#18762=CARTESIAN_POINT('',(-36.5999999999998,-45.4500000000001,5.));
#18763=CARTESIAN_POINT('Origin',(-42.9999999999998,-77.2750000000001,4.6));
#18764=CARTESIAN_POINT('',(-42.5999999999998,-34.5500000000001,4.2));
#18765=CARTESIAN_POINT('Origin',(-39.9999999999998,-34.5500000000001,4.6));
#18766=CARTESIAN_POINT('',(-37.3999999999998,-34.5500000000001,4.2));
#18767=CARTESIAN_POINT('',(-37.3999999999998,-34.5500000000001,4.2));
#18768=CARTESIAN_POINT('Origin',(-39.9999999999998,-34.5500000000001,4.2));
#18769=CARTESIAN_POINT('Origin',(-36.9999999999998,-82.7250000000001,4.6));
#18770=CARTESIAN_POINT('',(-37.3999999999998,-82.7250000000001,4.2));
#18771=CARTESIAN_POINT('Origin',(-37.3999999999998,-45.4500000000001,0.));
#18772=CARTESIAN_POINT('',(-37.3999999999998,-34.5500000000001,0.));
#18773=CARTESIAN_POINT('Origin',(-39.9999999999998,-34.5500000000001,0.));
#18774=CARTESIAN_POINT('Origin',(-2.99999999999983,-77.2750000000001,0.4));
#18775=CARTESIAN_POINT('',(-2.59999999999982,-45.4500000000001,0.8));
#18776=CARTESIAN_POINT('',(-2.59999999999982,-45.4500000000001,0.8));
#18777=CARTESIAN_POINT('',(-2.59999999999982,-34.5500000000001,0.8));
#18778=CARTESIAN_POINT('',(-3.39999999999982,-34.5500000000001,0.));
#18779=CARTESIAN_POINT('',(-2.59999999999982,-77.2750000000001,0.8));
#18780=CARTESIAN_POINT('Origin',(1.77635683940025E-13,-45.4500000000001,
0.4));
#18781=CARTESIAN_POINT('',(2.60000000000018,-45.4500000000001,0.8));
#18782=CARTESIAN_POINT('',(2.60000000000018,-45.4500000000001,0.8));
#18783=CARTESIAN_POINT('Origin',(1.77635683940025E-13,-45.4500000000001,
0.8));
#18784=CARTESIAN_POINT('Origin',(3.00000000000018,-82.7250000000001,0.4));
#18785=CARTESIAN_POINT('',(2.60000000000018,-34.5500000000001,0.8));
#18786=CARTESIAN_POINT('',(2.60000000000018,-34.5500000000001,0.8));
#18787=CARTESIAN_POINT('',(2.60000000000018,-82.7250000000001,0.8));
#18788=CARTESIAN_POINT('Origin',(1.77635683940025E-13,-34.5500000000001,
0.4));
#18789=CARTESIAN_POINT('Origin',(1.77635683940025E-13,-34.5500000000001,
0.8));
#18790=CARTESIAN_POINT('Origin',(1.77635683940025E-13,-45.4500000000001,
0.));
#18791=CARTESIAN_POINT('',(-2.59999999999982,-45.4500000000001,4.2));
#18792=CARTESIAN_POINT('',(-2.59999999999982,-45.4500000000001,0.));
#18793=CARTESIAN_POINT('',(2.60000000000018,-45.4500000000001,4.2));
#18794=CARTESIAN_POINT('Origin',(1.77635683940025E-13,-45.4500000000001,
4.2));
#18795=CARTESIAN_POINT('',(2.60000000000018,-45.4500000000001,0.));
#18796=CARTESIAN_POINT('Origin',(-2.59999999999982,-34.5500000000001,0.));
#18797=CARTESIAN_POINT('',(-2.59999999999982,-34.5500000000001,4.2));
#18798=CARTESIAN_POINT('',(-2.59999999999982,-34.5500000000001,0.));
#18799=CARTESIAN_POINT('',(-2.59999999999982,-77.2750000000001,4.2));
#18800=CARTESIAN_POINT('Origin',(1.77635683940025E-13,-45.4500000000001,
4.6));
#18801=CARTESIAN_POINT('',(-2.59999999999982,-45.4500000000001,4.2));
#18802=CARTESIAN_POINT('',(3.40000000000018,-45.4500000000001,5.));
#18803=CARTESIAN_POINT('Origin',(-2.99999999999983,-77.2750000000001,4.6));
#18804=CARTESIAN_POINT('',(-2.59999999999982,-34.5500000000001,4.2));
#18805=CARTESIAN_POINT('Origin',(1.77635683940025E-13,-34.5500000000001,
4.6));
#18806=CARTESIAN_POINT('',(2.60000000000018,-34.5500000000001,4.2));
#18807=CARTESIAN_POINT('',(2.60000000000018,-34.5500000000001,4.2));
#18808=CARTESIAN_POINT('Origin',(1.77635683940025E-13,-34.5500000000001,
4.2));
#18809=CARTESIAN_POINT('Origin',(3.00000000000018,-82.7250000000001,4.6));
#18810=CARTESIAN_POINT('',(2.60000000000018,-82.7250000000001,4.2));
#18811=CARTESIAN_POINT('Origin',(2.60000000000018,-45.4500000000001,0.));
#18812=CARTESIAN_POINT('',(2.60000000000018,-34.5500000000001,0.));
#18813=CARTESIAN_POINT('Origin',(1.77635683940025E-13,-34.5500000000001,
0.));
#18814=CARTESIAN_POINT('Origin',(37.0000000000002,-77.2750000000001,0.4));
#18815=CARTESIAN_POINT('',(37.4000000000002,-45.4500000000001,0.8));
#18816=CARTESIAN_POINT('',(37.4000000000002,-45.4500000000001,0.8));
#18817=CARTESIAN_POINT('',(37.4000000000002,-34.5500000000001,0.8));
#18818=CARTESIAN_POINT('',(36.6000000000002,-34.5500000000001,0.));
#18819=CARTESIAN_POINT('',(37.4000000000002,-77.2750000000001,0.8));
#18820=CARTESIAN_POINT('Origin',(40.0000000000002,-45.4500000000001,0.4));
#18821=CARTESIAN_POINT('',(42.6000000000002,-45.4500000000001,0.8));
#18822=CARTESIAN_POINT('',(42.6000000000002,-45.4500000000001,0.8));
#18823=CARTESIAN_POINT('Origin',(40.0000000000002,-45.4500000000001,0.8));
#18824=CARTESIAN_POINT('Origin',(43.0000000000002,-82.7250000000001,0.4));
#18825=CARTESIAN_POINT('',(42.6000000000002,-34.5500000000001,0.8));
#18826=CARTESIAN_POINT('',(42.6000000000002,-34.5500000000001,0.8));
#18827=CARTESIAN_POINT('',(42.6000000000002,-82.7250000000001,0.8));
#18828=CARTESIAN_POINT('Origin',(40.0000000000002,-34.5500000000001,0.4));
#18829=CARTESIAN_POINT('Origin',(40.0000000000002,-34.5500000000001,0.8));
#18830=CARTESIAN_POINT('Origin',(40.0000000000002,-45.4500000000001,0.));
#18831=CARTESIAN_POINT('',(37.4000000000002,-45.4500000000001,4.2));
#18832=CARTESIAN_POINT('',(37.4000000000002,-45.4500000000001,0.));
#18833=CARTESIAN_POINT('',(42.6000000000002,-45.4500000000001,4.2));
#18834=CARTESIAN_POINT('Origin',(40.0000000000002,-45.4500000000001,4.2));
#18835=CARTESIAN_POINT('',(42.6000000000002,-45.4500000000001,0.));
#18836=CARTESIAN_POINT('Origin',(37.4000000000002,-34.5500000000001,0.));
#18837=CARTESIAN_POINT('',(37.4000000000002,-34.5500000000001,4.2));
#18838=CARTESIAN_POINT('',(37.4000000000002,-34.5500000000001,0.));
#18839=CARTESIAN_POINT('',(37.4000000000002,-77.2750000000001,4.2));
#18840=CARTESIAN_POINT('Origin',(40.0000000000002,-45.4500000000001,4.6));
#18841=CARTESIAN_POINT('',(37.4000000000002,-45.4500000000001,4.2));
#18842=CARTESIAN_POINT('',(43.4000000000002,-45.4500000000001,5.));
#18843=CARTESIAN_POINT('Origin',(37.0000000000002,-77.2750000000001,4.6));
#18844=CARTESIAN_POINT('',(37.4000000000002,-34.5500000000001,4.2));
#18845=CARTESIAN_POINT('Origin',(40.0000000000002,-34.5500000000001,4.6));
#18846=CARTESIAN_POINT('',(42.6000000000002,-34.5500000000001,4.2));
#18847=CARTESIAN_POINT('',(42.6000000000002,-34.5500000000001,4.2));
#18848=CARTESIAN_POINT('Origin',(40.0000000000002,-34.5500000000001,4.2));
#18849=CARTESIAN_POINT('Origin',(43.0000000000002,-82.7250000000001,4.6));
#18850=CARTESIAN_POINT('',(42.6000000000002,-82.7250000000001,4.2));
#18851=CARTESIAN_POINT('Origin',(42.6000000000002,-45.4500000000001,0.));
#18852=CARTESIAN_POINT('',(42.6000000000002,-34.5500000000001,0.));
#18853=CARTESIAN_POINT('Origin',(40.0000000000002,-34.5500000000001,0.));
#18854=CARTESIAN_POINT('Origin',(77.0000000000002,-77.2750000000001,0.4));
#18855=CARTESIAN_POINT('',(77.4000000000002,-45.4500000000001,0.8));
#18856=CARTESIAN_POINT('',(77.4000000000002,-45.4500000000001,0.8));
#18857=CARTESIAN_POINT('',(77.4000000000002,-34.5500000000001,0.8));
#18858=CARTESIAN_POINT('',(76.6000000000002,-34.5500000000001,0.));
#18859=CARTESIAN_POINT('',(77.4000000000002,-77.2750000000001,0.8));
#18860=CARTESIAN_POINT('Origin',(80.0000000000002,-45.4500000000001,0.4));
#18861=CARTESIAN_POINT('',(82.6000000000002,-45.4500000000001,0.8));
#18862=CARTESIAN_POINT('',(82.6000000000002,-45.4500000000001,0.8));
#18863=CARTESIAN_POINT('Origin',(80.0000000000002,-45.4500000000001,0.8));
#18864=CARTESIAN_POINT('Origin',(83.0000000000002,-82.7250000000001,0.4));
#18865=CARTESIAN_POINT('',(82.6000000000002,-34.5500000000001,0.8));
#18866=CARTESIAN_POINT('',(82.6000000000002,-34.5500000000001,0.8));
#18867=CARTESIAN_POINT('',(82.6000000000002,-82.7250000000001,0.8));
#18868=CARTESIAN_POINT('Origin',(80.0000000000002,-34.5500000000001,0.4));
#18869=CARTESIAN_POINT('Origin',(80.0000000000002,-34.5500000000001,0.8));
#18870=CARTESIAN_POINT('Origin',(80.0000000000002,-45.4500000000001,0.));
#18871=CARTESIAN_POINT('',(77.4000000000002,-45.4500000000001,4.2));
#18872=CARTESIAN_POINT('',(77.4000000000002,-45.4500000000001,0.));
#18873=CARTESIAN_POINT('',(82.6000000000002,-45.4500000000001,4.2));
#18874=CARTESIAN_POINT('Origin',(80.0000000000002,-45.4500000000001,4.2));
#18875=CARTESIAN_POINT('',(82.6000000000002,-45.4500000000001,0.));
#18876=CARTESIAN_POINT('Origin',(77.4000000000002,-34.5500000000001,0.));
#18877=CARTESIAN_POINT('',(77.4000000000002,-34.5500000000001,4.2));
#18878=CARTESIAN_POINT('',(77.4000000000002,-34.5500000000001,0.));
#18879=CARTESIAN_POINT('',(77.4000000000002,-77.2750000000001,4.2));
#18880=CARTESIAN_POINT('Origin',(80.0000000000002,-45.4500000000001,4.6));
#18881=CARTESIAN_POINT('',(77.4000000000002,-45.4500000000001,4.2));
#18882=CARTESIAN_POINT('',(83.4000000000002,-45.4500000000001,5.));
#18883=CARTESIAN_POINT('Origin',(77.0000000000002,-77.2750000000001,4.6));
#18884=CARTESIAN_POINT('',(77.4000000000002,-34.5500000000001,4.2));
#18885=CARTESIAN_POINT('Origin',(80.0000000000002,-34.5500000000001,4.6));
#18886=CARTESIAN_POINT('',(82.6000000000002,-34.5500000000001,4.2));
#18887=CARTESIAN_POINT('',(82.6000000000002,-34.5500000000001,4.2));
#18888=CARTESIAN_POINT('Origin',(80.0000000000002,-34.5500000000001,4.2));
#18889=CARTESIAN_POINT('Origin',(83.0000000000002,-82.7250000000001,4.6));
#18890=CARTESIAN_POINT('',(82.6000000000002,-82.7250000000001,4.2));
#18891=CARTESIAN_POINT('Origin',(82.6000000000002,-45.4500000000001,0.));
#18892=CARTESIAN_POINT('',(82.6000000000002,-34.5500000000001,0.));
#18893=CARTESIAN_POINT('Origin',(80.0000000000002,-34.5500000000001,0.));
#18894=CARTESIAN_POINT('Origin',(-82.9999999999998,-117.275,0.4));
#18895=CARTESIAN_POINT('',(-82.5999999999998,-85.4500000000001,0.8));
#18896=CARTESIAN_POINT('',(-82.5999999999998,-85.4500000000001,0.8));
#18897=CARTESIAN_POINT('',(-82.5999999999998,-74.5500000000001,0.8));
#18898=CARTESIAN_POINT('',(-83.3999999999998,-74.5500000000001,0.));
#18899=CARTESIAN_POINT('',(-82.5999999999998,-117.275,0.8));
#18900=CARTESIAN_POINT('Origin',(-79.9999999999998,-85.4500000000001,0.4));
#18901=CARTESIAN_POINT('',(-77.3999999999998,-85.4500000000001,0.8));
#18902=CARTESIAN_POINT('',(-77.3999999999998,-85.4500000000001,0.8));
#18903=CARTESIAN_POINT('Origin',(-79.9999999999998,-85.4500000000001,0.8));
#18904=CARTESIAN_POINT('Origin',(-76.9999999999998,-122.725,0.4));
#18905=CARTESIAN_POINT('',(-77.3999999999998,-74.5500000000001,0.8));
#18906=CARTESIAN_POINT('',(-77.3999999999998,-74.5500000000001,0.8));
#18907=CARTESIAN_POINT('',(-77.3999999999998,-122.725,0.8));
#18908=CARTESIAN_POINT('Origin',(-79.9999999999998,-74.5500000000001,0.4));
#18909=CARTESIAN_POINT('Origin',(-79.9999999999998,-74.5500000000001,0.8));
#18910=CARTESIAN_POINT('Origin',(-79.9999999999998,-85.4500000000001,0.));
#18911=CARTESIAN_POINT('',(-82.5999999999998,-85.4500000000001,4.2));
#18912=CARTESIAN_POINT('',(-82.5999999999998,-85.4500000000001,0.));
#18913=CARTESIAN_POINT('',(-77.3999999999998,-85.4500000000001,4.2));
#18914=CARTESIAN_POINT('Origin',(-79.9999999999998,-85.4500000000001,4.2));
#18915=CARTESIAN_POINT('',(-77.3999999999998,-85.4500000000001,0.));
#18916=CARTESIAN_POINT('Origin',(-82.5999999999998,-74.5500000000001,0.));
#18917=CARTESIAN_POINT('',(-82.5999999999998,-74.5500000000001,4.2));
#18918=CARTESIAN_POINT('',(-82.5999999999998,-74.5500000000001,0.));
#18919=CARTESIAN_POINT('',(-82.5999999999998,-117.275,4.2));
#18920=CARTESIAN_POINT('Origin',(-79.9999999999998,-85.4500000000001,4.6));
#18921=CARTESIAN_POINT('',(-82.5999999999998,-85.4500000000001,4.2));
#18922=CARTESIAN_POINT('',(-76.5999999999998,-85.4500000000001,5.));
#18923=CARTESIAN_POINT('Origin',(-82.9999999999998,-117.275,4.6));
#18924=CARTESIAN_POINT('',(-82.5999999999998,-74.5500000000001,4.2));
#18925=CARTESIAN_POINT('Origin',(-79.9999999999998,-74.5500000000001,4.6));
#18926=CARTESIAN_POINT('',(-77.3999999999998,-74.5500000000001,4.2));
#18927=CARTESIAN_POINT('',(-77.3999999999998,-74.5500000000001,4.2));
#18928=CARTESIAN_POINT('Origin',(-79.9999999999998,-74.5500000000001,4.2));
#18929=CARTESIAN_POINT('Origin',(-76.9999999999998,-122.725,4.6));
#18930=CARTESIAN_POINT('',(-77.3999999999998,-122.725,4.2));
#18931=CARTESIAN_POINT('Origin',(-77.3999999999998,-85.4500000000001,0.));
#18932=CARTESIAN_POINT('',(-77.3999999999998,-74.5500000000001,0.));
#18933=CARTESIAN_POINT('Origin',(-79.9999999999998,-74.5500000000001,0.));
#18934=CARTESIAN_POINT('Origin',(-42.9999999999998,-117.275,0.4));
#18935=CARTESIAN_POINT('',(-42.5999999999998,-85.4500000000001,0.8));
#18936=CARTESIAN_POINT('',(-42.5999999999998,-85.4500000000001,0.8));
#18937=CARTESIAN_POINT('',(-42.5999999999998,-74.5500000000001,0.8));
#18938=CARTESIAN_POINT('',(-43.3999999999998,-74.5500000000001,0.));
#18939=CARTESIAN_POINT('',(-42.5999999999998,-117.275,0.8));
#18940=CARTESIAN_POINT('Origin',(-39.9999999999998,-85.4500000000001,0.4));
#18941=CARTESIAN_POINT('',(-37.3999999999998,-85.4500000000001,0.8));
#18942=CARTESIAN_POINT('',(-37.3999999999998,-85.4500000000001,0.8));
#18943=CARTESIAN_POINT('Origin',(-39.9999999999998,-85.4500000000001,0.8));
#18944=CARTESIAN_POINT('Origin',(-36.9999999999998,-122.725,0.4));
#18945=CARTESIAN_POINT('',(-37.3999999999998,-74.5500000000001,0.8));
#18946=CARTESIAN_POINT('',(-37.3999999999998,-74.5500000000001,0.8));
#18947=CARTESIAN_POINT('',(-37.3999999999998,-122.725,0.8));
#18948=CARTESIAN_POINT('Origin',(-39.9999999999998,-74.5500000000001,0.4));
#18949=CARTESIAN_POINT('Origin',(-39.9999999999998,-74.5500000000001,0.8));
#18950=CARTESIAN_POINT('Origin',(-39.9999999999998,-85.4500000000001,0.));
#18951=CARTESIAN_POINT('',(-42.5999999999998,-85.4500000000001,4.2));
#18952=CARTESIAN_POINT('',(-42.5999999999998,-85.4500000000001,0.));
#18953=CARTESIAN_POINT('',(-37.3999999999998,-85.4500000000001,4.2));
#18954=CARTESIAN_POINT('Origin',(-39.9999999999998,-85.4500000000001,4.2));
#18955=CARTESIAN_POINT('',(-37.3999999999998,-85.4500000000001,0.));
#18956=CARTESIAN_POINT('Origin',(-42.5999999999998,-74.5500000000001,0.));
#18957=CARTESIAN_POINT('',(-42.5999999999998,-74.5500000000001,4.2));
#18958=CARTESIAN_POINT('',(-42.5999999999998,-74.5500000000001,0.));
#18959=CARTESIAN_POINT('',(-42.5999999999998,-117.275,4.2));
#18960=CARTESIAN_POINT('Origin',(-39.9999999999998,-85.4500000000001,4.6));
#18961=CARTESIAN_POINT('',(-42.5999999999998,-85.4500000000001,4.2));
#18962=CARTESIAN_POINT('',(-36.5999999999998,-85.4500000000001,5.));
#18963=CARTESIAN_POINT('Origin',(-42.9999999999998,-117.275,4.6));
#18964=CARTESIAN_POINT('',(-42.5999999999998,-74.5500000000001,4.2));
#18965=CARTESIAN_POINT('Origin',(-39.9999999999998,-74.5500000000001,4.6));
#18966=CARTESIAN_POINT('',(-37.3999999999998,-74.5500000000001,4.2));
#18967=CARTESIAN_POINT('',(-37.3999999999998,-74.5500000000001,4.2));
#18968=CARTESIAN_POINT('Origin',(-39.9999999999998,-74.5500000000001,4.2));
#18969=CARTESIAN_POINT('Origin',(-36.9999999999998,-122.725,4.6));
#18970=CARTESIAN_POINT('',(-37.3999999999998,-122.725,4.2));
#18971=CARTESIAN_POINT('Origin',(-37.3999999999998,-85.4500000000001,0.));
#18972=CARTESIAN_POINT('',(-37.3999999999998,-74.5500000000001,0.));
#18973=CARTESIAN_POINT('Origin',(-39.9999999999998,-74.5500000000001,0.));
#18974=CARTESIAN_POINT('Origin',(-2.99999999999983,-117.275,0.4));
#18975=CARTESIAN_POINT('',(-2.59999999999982,-85.4500000000001,0.8));
#18976=CARTESIAN_POINT('',(-2.59999999999982,-85.4500000000001,0.8));
#18977=CARTESIAN_POINT('',(-2.59999999999982,-74.5500000000001,0.8));
#18978=CARTESIAN_POINT('',(-3.39999999999982,-74.5500000000001,0.));
#18979=CARTESIAN_POINT('',(-2.59999999999982,-117.275,0.8));
#18980=CARTESIAN_POINT('Origin',(1.77635683940025E-13,-85.4500000000001,
0.4));
#18981=CARTESIAN_POINT('',(2.60000000000018,-85.4500000000001,0.8));
#18982=CARTESIAN_POINT('',(2.60000000000018,-85.4500000000001,0.8));
#18983=CARTESIAN_POINT('Origin',(1.77635683940025E-13,-85.4500000000001,
0.8));
#18984=CARTESIAN_POINT('Origin',(3.00000000000018,-122.725,0.4));
#18985=CARTESIAN_POINT('',(2.60000000000018,-74.5500000000001,0.8));
#18986=CARTESIAN_POINT('',(2.60000000000018,-74.5500000000001,0.8));
#18987=CARTESIAN_POINT('',(2.60000000000018,-122.725,0.8));
#18988=CARTESIAN_POINT('Origin',(1.77635683940025E-13,-74.5500000000001,
0.4));
#18989=CARTESIAN_POINT('Origin',(1.77635683940025E-13,-74.5500000000001,
0.8));
#18990=CARTESIAN_POINT('Origin',(1.77635683940025E-13,-85.4500000000001,
0.));
#18991=CARTESIAN_POINT('',(-2.59999999999982,-85.4500000000001,4.2));
#18992=CARTESIAN_POINT('',(-2.59999999999982,-85.4500000000001,0.));
#18993=CARTESIAN_POINT('',(2.60000000000018,-85.4500000000001,4.2));
#18994=CARTESIAN_POINT('Origin',(1.77635683940025E-13,-85.4500000000001,
4.2));
#18995=CARTESIAN_POINT('',(2.60000000000018,-85.4500000000001,0.));
#18996=CARTESIAN_POINT('Origin',(-2.59999999999982,-74.5500000000001,0.));
#18997=CARTESIAN_POINT('',(-2.59999999999982,-74.5500000000001,4.2));
#18998=CARTESIAN_POINT('',(-2.59999999999982,-74.5500000000001,0.));
#18999=CARTESIAN_POINT('',(-2.59999999999982,-117.275,4.2));
#19000=CARTESIAN_POINT('Origin',(1.77635683940025E-13,-85.4500000000001,
4.6));
#19001=CARTESIAN_POINT('',(-2.59999999999982,-85.4500000000001,4.2));
#19002=CARTESIAN_POINT('',(3.40000000000018,-85.4500000000001,5.));
#19003=CARTESIAN_POINT('Origin',(-2.99999999999983,-117.275,4.6));
#19004=CARTESIAN_POINT('',(-2.59999999999982,-74.5500000000001,4.2));
#19005=CARTESIAN_POINT('Origin',(1.77635683940025E-13,-74.5500000000001,
4.6));
#19006=CARTESIAN_POINT('',(2.60000000000018,-74.5500000000001,4.2));
#19007=CARTESIAN_POINT('',(2.60000000000018,-74.5500000000001,4.2));
#19008=CARTESIAN_POINT('Origin',(1.77635683940025E-13,-74.5500000000001,
4.2));
#19009=CARTESIAN_POINT('Origin',(3.00000000000018,-122.725,4.6));
#19010=CARTESIAN_POINT('',(2.60000000000018,-122.725,4.2));
#19011=CARTESIAN_POINT('Origin',(2.60000000000018,-85.4500000000001,0.));
#19012=CARTESIAN_POINT('',(2.60000000000018,-74.5500000000001,0.));
#19013=CARTESIAN_POINT('Origin',(1.77635683940025E-13,-74.5500000000001,
0.));
#19014=CARTESIAN_POINT('Origin',(37.0000000000002,-117.275,0.4));
#19015=CARTESIAN_POINT('',(37.4000000000002,-85.4500000000001,0.8));
#19016=CARTESIAN_POINT('',(37.4000000000002,-85.4500000000001,0.8));
#19017=CARTESIAN_POINT('',(37.4000000000002,-74.5500000000001,0.8));
#19018=CARTESIAN_POINT('',(36.6000000000002,-74.5500000000001,0.));
#19019=CARTESIAN_POINT('',(37.4000000000002,-117.275,0.8));
#19020=CARTESIAN_POINT('Origin',(40.0000000000002,-85.4500000000001,0.4));
#19021=CARTESIAN_POINT('',(42.6000000000002,-85.4500000000001,0.8));
#19022=CARTESIAN_POINT('',(42.6000000000002,-85.4500000000001,0.8));
#19023=CARTESIAN_POINT('Origin',(40.0000000000002,-85.4500000000001,0.8));
#19024=CARTESIAN_POINT('Origin',(43.0000000000002,-122.725,0.4));
#19025=CARTESIAN_POINT('',(42.6000000000002,-74.5500000000001,0.8));
#19026=CARTESIAN_POINT('',(42.6000000000002,-74.5500000000001,0.8));
#19027=CARTESIAN_POINT('',(42.6000000000002,-122.725,0.8));
#19028=CARTESIAN_POINT('Origin',(40.0000000000002,-74.5500000000001,0.4));
#19029=CARTESIAN_POINT('Origin',(40.0000000000002,-74.5500000000001,0.8));
#19030=CARTESIAN_POINT('Origin',(40.0000000000002,-85.4500000000001,0.));
#19031=CARTESIAN_POINT('',(37.4000000000002,-85.4500000000001,4.2));
#19032=CARTESIAN_POINT('',(37.4000000000002,-85.4500000000001,0.));
#19033=CARTESIAN_POINT('',(42.6000000000002,-85.4500000000001,4.2));
#19034=CARTESIAN_POINT('Origin',(40.0000000000002,-85.4500000000001,4.2));
#19035=CARTESIAN_POINT('',(42.6000000000002,-85.4500000000001,0.));
#19036=CARTESIAN_POINT('Origin',(37.4000000000002,-74.5500000000001,0.));
#19037=CARTESIAN_POINT('',(37.4000000000002,-74.5500000000001,4.2));
#19038=CARTESIAN_POINT('',(37.4000000000002,-74.5500000000001,0.));
#19039=CARTESIAN_POINT('',(37.4000000000002,-117.275,4.2));
#19040=CARTESIAN_POINT('Origin',(40.0000000000002,-85.4500000000001,4.6));
#19041=CARTESIAN_POINT('',(37.4000000000002,-85.4500000000001,4.2));
#19042=CARTESIAN_POINT('',(43.4000000000002,-85.4500000000001,5.));
#19043=CARTESIAN_POINT('Origin',(37.0000000000002,-117.275,4.6));
#19044=CARTESIAN_POINT('',(37.4000000000002,-74.5500000000001,4.2));
#19045=CARTESIAN_POINT('Origin',(40.0000000000002,-74.5500000000001,4.6));
#19046=CARTESIAN_POINT('',(42.6000000000002,-74.5500000000001,4.2));
#19047=CARTESIAN_POINT('',(42.6000000000002,-74.5500000000001,4.2));
#19048=CARTESIAN_POINT('Origin',(40.0000000000002,-74.5500000000001,4.2));
#19049=CARTESIAN_POINT('Origin',(43.0000000000002,-122.725,4.6));
#19050=CARTESIAN_POINT('',(42.6000000000002,-122.725,4.2));
#19051=CARTESIAN_POINT('Origin',(42.6000000000002,-85.4500000000001,0.));
#19052=CARTESIAN_POINT('',(42.6000000000002,-74.5500000000001,0.));
#19053=CARTESIAN_POINT('Origin',(40.0000000000002,-74.5500000000001,0.));
#19054=CARTESIAN_POINT('Origin',(77.0000000000002,-117.275,0.4));
#19055=CARTESIAN_POINT('',(77.4000000000002,-85.4500000000001,0.8));
#19056=CARTESIAN_POINT('',(77.4000000000002,-85.4500000000001,0.8));
#19057=CARTESIAN_POINT('',(77.4000000000002,-74.5500000000001,0.8));
#19058=CARTESIAN_POINT('',(76.6000000000002,-74.5500000000001,0.));
#19059=CARTESIAN_POINT('',(77.4000000000002,-117.275,0.8));
#19060=CARTESIAN_POINT('Origin',(80.0000000000002,-85.4500000000001,0.4));
#19061=CARTESIAN_POINT('',(82.6000000000002,-85.4500000000001,0.8));
#19062=CARTESIAN_POINT('',(82.6000000000002,-85.4500000000001,0.8));
#19063=CARTESIAN_POINT('Origin',(80.0000000000002,-85.4500000000001,0.8));
#19064=CARTESIAN_POINT('Origin',(83.0000000000002,-122.725,0.4));
#19065=CARTESIAN_POINT('',(82.6000000000002,-74.5500000000001,0.8));
#19066=CARTESIAN_POINT('',(82.6000000000002,-74.5500000000001,0.8));
#19067=CARTESIAN_POINT('',(82.6000000000002,-122.725,0.8));
#19068=CARTESIAN_POINT('Origin',(80.0000000000002,-74.5500000000001,0.4));
#19069=CARTESIAN_POINT('Origin',(80.0000000000002,-74.5500000000001,0.8));
#19070=CARTESIAN_POINT('Origin',(80.0000000000002,-85.4500000000001,0.));
#19071=CARTESIAN_POINT('',(77.4000000000002,-85.4500000000001,4.2));
#19072=CARTESIAN_POINT('',(77.4000000000002,-85.4500000000001,0.));
#19073=CARTESIAN_POINT('',(82.6000000000002,-85.4500000000001,4.2));
#19074=CARTESIAN_POINT('Origin',(80.0000000000002,-85.4500000000001,4.2));
#19075=CARTESIAN_POINT('',(82.6000000000002,-85.4500000000001,0.));
#19076=CARTESIAN_POINT('Origin',(77.4000000000002,-74.5500000000001,0.));
#19077=CARTESIAN_POINT('',(77.4000000000002,-74.5500000000001,4.2));
#19078=CARTESIAN_POINT('',(77.4000000000002,-74.5500000000001,0.));
#19079=CARTESIAN_POINT('',(77.4000000000002,-117.275,4.2));
#19080=CARTESIAN_POINT('Origin',(80.0000000000002,-85.4500000000001,4.6));
#19081=CARTESIAN_POINT('',(77.4000000000002,-85.4500000000001,4.2));
#19082=CARTESIAN_POINT('',(83.4000000000002,-85.4500000000001,5.));
#19083=CARTESIAN_POINT('Origin',(77.0000000000002,-117.275,4.6));
#19084=CARTESIAN_POINT('',(77.4000000000002,-74.5500000000001,4.2));
#19085=CARTESIAN_POINT('Origin',(80.0000000000002,-74.5500000000001,4.6));
#19086=CARTESIAN_POINT('',(82.6000000000002,-74.5500000000001,4.2));
#19087=CARTESIAN_POINT('',(82.6000000000002,-74.5500000000001,4.2));
#19088=CARTESIAN_POINT('Origin',(80.0000000000002,-74.5500000000001,4.2));
#19089=CARTESIAN_POINT('Origin',(83.0000000000002,-122.725,4.6));
#19090=CARTESIAN_POINT('',(82.6000000000002,-122.725,4.2));
#19091=CARTESIAN_POINT('Origin',(82.6000000000002,-85.4500000000001,0.));
#19092=CARTESIAN_POINT('',(82.6000000000002,-74.5500000000001,0.));
#19093=CARTESIAN_POINT('Origin',(80.0000000000002,-74.5500000000001,0.));
#19094=CARTESIAN_POINT('Origin',(-16.9999999999998,27.2749999999999,4.6));
#19095=CARTESIAN_POINT('',(-17.3999999999998,54.5499999999999,4.2));
#19096=CARTESIAN_POINT('',(-17.3999999999998,54.5499999999999,4.2));
#19097=CARTESIAN_POINT('',(-17.3999999999998,65.4499999999999,4.2));
#19098=CARTESIAN_POINT('',(-16.5999999999998,65.4499999999999,5.));
#19099=CARTESIAN_POINT('',(-17.3999999999998,27.2749999999999,4.2));
#19100=CARTESIAN_POINT('Origin',(-19.9999999999998,54.5499999999999,4.6));
#19101=CARTESIAN_POINT('',(-22.5999999999998,54.5499999999999,4.2));
#19102=CARTESIAN_POINT('',(-22.5999999999998,54.5499999999999,4.2));
#19103=CARTESIAN_POINT('Origin',(-19.9999999999998,54.5499999999999,4.2));
#19104=CARTESIAN_POINT('Origin',(-22.9999999999998,32.7249999999999,4.6));
#19105=CARTESIAN_POINT('',(-22.5999999999998,65.4499999999999,4.2));
#19106=CARTESIAN_POINT('',(-22.5999999999998,65.4499999999999,4.2));
#19107=CARTESIAN_POINT('',(-22.5999999999998,32.7249999999999,4.2));
#19108=CARTESIAN_POINT('Origin',(-19.9999999999998,65.4499999999999,4.6));
#19109=CARTESIAN_POINT('Origin',(-19.9999999999998,65.4499999999999,4.2));
#19110=CARTESIAN_POINT('Origin',(-19.9999999999998,54.5499999999999,0.));
#19111=CARTESIAN_POINT('',(-17.3999999999998,54.5499999999999,0.8));
#19112=CARTESIAN_POINT('',(-17.3999999999998,54.5499999999999,0.));
#19113=CARTESIAN_POINT('',(-22.5999999999998,54.5499999999999,0.8));
#19114=CARTESIAN_POINT('Origin',(-19.9999999999998,54.5499999999999,0.8));
#19115=CARTESIAN_POINT('',(-22.5999999999998,54.5499999999999,0.));
#19116=CARTESIAN_POINT('Origin',(-17.3999999999998,54.5499999999999,0.));
#19117=CARTESIAN_POINT('',(-17.3999999999998,65.4499999999999,0.8));
#19118=CARTESIAN_POINT('',(-17.3999999999998,65.4499999999999,0.));
#19119=CARTESIAN_POINT('',(-17.3999999999998,27.2749999999999,0.8));
#19120=CARTESIAN_POINT('Origin',(-22.9999999999998,32.7249999999999,0.4));
#19121=CARTESIAN_POINT('',(-22.5999999999998,54.5499999999999,0.8));
#19122=CARTESIAN_POINT('',(-22.5999999999998,65.4499999999999,0.8));
#19123=CARTESIAN_POINT('',(-23.3999999999998,65.4499999999999,0.));
#19124=CARTESIAN_POINT('',(-22.5999999999998,32.7249999999999,0.8));
#19125=CARTESIAN_POINT('Origin',(-19.9999999999998,54.5499999999999,0.4));
#19126=CARTESIAN_POINT('',(-17.3999999999998,54.5499999999999,0.8));
#19127=CARTESIAN_POINT('Origin',(-16.9999999999998,27.2749999999999,0.4));
#19128=CARTESIAN_POINT('',(-17.3999999999998,65.4499999999999,0.8));
#19129=CARTESIAN_POINT('Origin',(-19.9999999999998,65.4499999999999,0.4));
#19130=CARTESIAN_POINT('Origin',(-19.9999999999998,65.4499999999999,0.8));
#19131=CARTESIAN_POINT('Origin',(-22.5999999999998,65.4499999999999,0.));
#19132=CARTESIAN_POINT('',(-22.5999999999998,65.4499999999999,0.));
#19133=CARTESIAN_POINT('Origin',(-19.9999999999998,65.4499999999999,0.));
#19134=CARTESIAN_POINT('Origin',(23.0000000000002,27.2749999999999,4.6));
#19135=CARTESIAN_POINT('',(22.6000000000002,54.5499999999999,4.2));
#19136=CARTESIAN_POINT('',(22.6000000000002,54.5499999999999,4.2));
#19137=CARTESIAN_POINT('',(22.6000000000002,65.4499999999999,4.2));
#19138=CARTESIAN_POINT('',(23.4000000000002,65.4499999999999,5.));
#19139=CARTESIAN_POINT('',(22.6000000000002,27.2749999999999,4.2));
#19140=CARTESIAN_POINT('Origin',(20.0000000000002,54.5499999999999,4.6));
#19141=CARTESIAN_POINT('',(17.4000000000002,54.5499999999999,4.2));
#19142=CARTESIAN_POINT('',(17.4000000000002,54.5499999999999,4.2));
#19143=CARTESIAN_POINT('Origin',(20.0000000000002,54.5499999999999,4.2));
#19144=CARTESIAN_POINT('Origin',(17.0000000000002,32.7249999999999,4.6));
#19145=CARTESIAN_POINT('',(17.4000000000002,65.4499999999999,4.2));
#19146=CARTESIAN_POINT('',(17.4000000000002,65.4499999999999,4.2));
#19147=CARTESIAN_POINT('',(17.4000000000002,32.7249999999999,4.2));
#19148=CARTESIAN_POINT('Origin',(20.0000000000002,65.4499999999999,4.6));
#19149=CARTESIAN_POINT('Origin',(20.0000000000002,65.4499999999999,4.2));
#19150=CARTESIAN_POINT('Origin',(20.0000000000002,54.5499999999999,0.));
#19151=CARTESIAN_POINT('',(22.6000000000002,54.5499999999999,0.8));
#19152=CARTESIAN_POINT('',(22.6000000000002,54.5499999999999,0.));
#19153=CARTESIAN_POINT('',(17.4000000000002,54.5499999999999,0.8));
#19154=CARTESIAN_POINT('Origin',(20.0000000000002,54.5499999999999,0.8));
#19155=CARTESIAN_POINT('',(17.4000000000002,54.5499999999999,0.));
#19156=CARTESIAN_POINT('Origin',(22.6000000000002,54.5499999999999,0.));
#19157=CARTESIAN_POINT('',(22.6000000000002,65.4499999999999,0.8));
#19158=CARTESIAN_POINT('',(22.6000000000002,65.4499999999999,0.));
#19159=CARTESIAN_POINT('',(22.6000000000002,27.2749999999999,0.8));
#19160=CARTESIAN_POINT('Origin',(17.0000000000002,32.7249999999999,0.4));
#19161=CARTESIAN_POINT('',(17.4000000000002,54.5499999999999,0.8));
#19162=CARTESIAN_POINT('',(17.4000000000002,65.4499999999999,0.8));
#19163=CARTESIAN_POINT('',(16.6000000000002,65.4499999999999,0.));
#19164=CARTESIAN_POINT('',(17.4000000000002,32.7249999999999,0.8));
#19165=CARTESIAN_POINT('Origin',(20.0000000000002,54.5499999999999,0.4));
#19166=CARTESIAN_POINT('',(22.6000000000002,54.5499999999999,0.8));
#19167=CARTESIAN_POINT('Origin',(23.0000000000002,27.2749999999999,0.4));
#19168=CARTESIAN_POINT('',(22.6000000000002,65.4499999999999,0.8));
#19169=CARTESIAN_POINT('Origin',(20.0000000000002,65.4499999999999,0.4));
#19170=CARTESIAN_POINT('Origin',(20.0000000000002,65.4499999999999,0.8));
#19171=CARTESIAN_POINT('Origin',(17.4000000000002,65.4499999999999,0.));
#19172=CARTESIAN_POINT('',(17.4000000000002,65.4499999999999,0.));
#19173=CARTESIAN_POINT('Origin',(20.0000000000002,65.4499999999999,0.));
#19174=CARTESIAN_POINT('Origin',(63.0000000000002,27.2749999999999,4.6));
#19175=CARTESIAN_POINT('',(62.6000000000002,54.5499999999999,4.2));
#19176=CARTESIAN_POINT('',(62.6000000000002,54.5499999999999,4.2));
#19177=CARTESIAN_POINT('',(62.6000000000002,65.4499999999999,4.2));
#19178=CARTESIAN_POINT('',(63.4000000000002,65.4499999999999,5.));
#19179=CARTESIAN_POINT('',(62.6000000000002,27.2749999999999,4.2));
#19180=CARTESIAN_POINT('Origin',(60.0000000000002,54.5499999999999,4.6));
#19181=CARTESIAN_POINT('',(57.4000000000002,54.5499999999999,4.2));
#19182=CARTESIAN_POINT('',(57.4000000000002,54.5499999999999,4.2));
#19183=CARTESIAN_POINT('Origin',(60.0000000000002,54.5499999999999,4.2));
#19184=CARTESIAN_POINT('Origin',(57.0000000000002,32.7249999999999,4.6));
#19185=CARTESIAN_POINT('',(57.4000000000002,65.4499999999999,4.2));
#19186=CARTESIAN_POINT('',(57.4000000000002,65.4499999999999,4.2));
#19187=CARTESIAN_POINT('',(57.4000000000002,32.7249999999999,4.2));
#19188=CARTESIAN_POINT('Origin',(60.0000000000002,65.4499999999999,4.6));
#19189=CARTESIAN_POINT('Origin',(60.0000000000002,65.4499999999999,4.2));
#19190=CARTESIAN_POINT('Origin',(60.0000000000002,54.5499999999999,0.));
#19191=CARTESIAN_POINT('',(62.6000000000002,54.5499999999999,0.8));
#19192=CARTESIAN_POINT('',(62.6000000000002,54.5499999999999,0.));
#19193=CARTESIAN_POINT('',(57.4000000000002,54.5499999999999,0.8));
#19194=CARTESIAN_POINT('Origin',(60.0000000000002,54.5499999999999,0.8));
#19195=CARTESIAN_POINT('',(57.4000000000002,54.5499999999999,0.));
#19196=CARTESIAN_POINT('Origin',(62.6000000000002,54.5499999999999,0.));
#19197=CARTESIAN_POINT('',(62.6000000000002,65.4499999999999,0.8));
#19198=CARTESIAN_POINT('',(62.6000000000002,65.4499999999999,0.));
#19199=CARTESIAN_POINT('',(62.6000000000002,27.2749999999999,0.8));
#19200=CARTESIAN_POINT('Origin',(57.0000000000002,32.7249999999999,0.4));
#19201=CARTESIAN_POINT('',(57.4000000000002,54.5499999999999,0.8));
#19202=CARTESIAN_POINT('',(57.4000000000002,65.4499999999999,0.8));
#19203=CARTESIAN_POINT('',(56.6000000000002,65.4499999999999,0.));
#19204=CARTESIAN_POINT('',(57.4000000000002,32.7249999999999,0.8));
#19205=CARTESIAN_POINT('Origin',(60.0000000000002,54.5499999999999,0.4));
#19206=CARTESIAN_POINT('',(62.6000000000002,54.5499999999999,0.8));
#19207=CARTESIAN_POINT('Origin',(63.0000000000002,27.2749999999999,0.4));
#19208=CARTESIAN_POINT('',(62.6000000000002,65.4499999999999,0.8));
#19209=CARTESIAN_POINT('Origin',(60.0000000000002,65.4499999999999,0.4));
#19210=CARTESIAN_POINT('Origin',(60.0000000000002,65.4499999999999,0.8));
#19211=CARTESIAN_POINT('Origin',(57.4000000000002,65.4499999999999,0.));
#19212=CARTESIAN_POINT('',(57.4000000000002,65.4499999999999,0.));
#19213=CARTESIAN_POINT('Origin',(60.0000000000002,65.4499999999999,0.));
#19214=CARTESIAN_POINT('Origin',(-56.9999999999998,-12.7250000000001,4.6));
#19215=CARTESIAN_POINT('',(-57.3999999999998,14.5499999999999,4.2));
#19216=CARTESIAN_POINT('',(-57.3999999999998,14.5499999999999,4.2));
#19217=CARTESIAN_POINT('',(-57.3999999999998,25.4499999999999,4.2));
#19218=CARTESIAN_POINT('',(-56.5999999999998,25.4499999999999,5.));
#19219=CARTESIAN_POINT('',(-57.3999999999998,-12.7250000000001,4.2));
#19220=CARTESIAN_POINT('Origin',(-59.9999999999998,14.5499999999999,4.6));
#19221=CARTESIAN_POINT('',(-62.5999999999998,14.5499999999999,4.2));
#19222=CARTESIAN_POINT('',(-62.5999999999998,14.5499999999999,4.2));
#19223=CARTESIAN_POINT('Origin',(-59.9999999999998,14.5499999999999,4.2));
#19224=CARTESIAN_POINT('Origin',(-62.9999999999998,-7.27500000000008,4.6));
#19225=CARTESIAN_POINT('',(-62.5999999999998,25.4499999999999,4.2));
#19226=CARTESIAN_POINT('',(-62.5999999999998,25.4499999999999,4.2));
#19227=CARTESIAN_POINT('',(-62.5999999999998,-7.27500000000008,4.2));
#19228=CARTESIAN_POINT('Origin',(-59.9999999999998,25.4499999999999,4.6));
#19229=CARTESIAN_POINT('Origin',(-59.9999999999998,25.4499999999999,4.2));
#19230=CARTESIAN_POINT('Origin',(-59.9999999999998,14.5499999999999,0.));
#19231=CARTESIAN_POINT('',(-57.3999999999998,14.5499999999999,0.8));
#19232=CARTESIAN_POINT('',(-57.3999999999998,14.5499999999999,0.));
#19233=CARTESIAN_POINT('',(-62.5999999999998,14.5499999999999,0.8));
#19234=CARTESIAN_POINT('Origin',(-59.9999999999998,14.5499999999999,0.8));
#19235=CARTESIAN_POINT('',(-62.5999999999998,14.5499999999999,0.));
#19236=CARTESIAN_POINT('Origin',(-57.3999999999998,14.5499999999999,0.));
#19237=CARTESIAN_POINT('',(-57.3999999999998,25.4499999999999,0.8));
#19238=CARTESIAN_POINT('',(-57.3999999999998,25.4499999999999,0.));
#19239=CARTESIAN_POINT('',(-57.3999999999998,-12.7250000000001,0.8));
#19240=CARTESIAN_POINT('Origin',(-62.9999999999998,-7.27500000000008,0.4));
#19241=CARTESIAN_POINT('',(-62.5999999999998,14.5499999999999,0.8));
#19242=CARTESIAN_POINT('',(-62.5999999999998,25.4499999999999,0.8));
#19243=CARTESIAN_POINT('',(-63.3999999999998,25.4499999999999,0.));
#19244=CARTESIAN_POINT('',(-62.5999999999998,-7.27500000000008,0.8));
#19245=CARTESIAN_POINT('Origin',(-59.9999999999998,14.5499999999999,0.4));
#19246=CARTESIAN_POINT('',(-57.3999999999998,14.5499999999999,0.8));
#19247=CARTESIAN_POINT('Origin',(-56.9999999999998,-12.7250000000001,0.4));
#19248=CARTESIAN_POINT('',(-57.3999999999998,25.4499999999999,0.8));
#19249=CARTESIAN_POINT('Origin',(-59.9999999999998,25.4499999999999,0.4));
#19250=CARTESIAN_POINT('Origin',(-59.9999999999998,25.4499999999999,0.8));
#19251=CARTESIAN_POINT('Origin',(-62.5999999999998,25.4499999999999,0.));
#19252=CARTESIAN_POINT('',(-62.5999999999998,25.4499999999999,0.));
#19253=CARTESIAN_POINT('Origin',(-59.9999999999998,25.4499999999999,0.));
#19254=CARTESIAN_POINT('Origin',(-16.9999999999998,-12.7250000000001,4.6));
#19255=CARTESIAN_POINT('',(-17.3999999999998,14.5499999999999,4.2));
#19256=CARTESIAN_POINT('',(-17.3999999999998,14.5499999999999,4.2));
#19257=CARTESIAN_POINT('',(-17.3999999999998,25.4499999999999,4.2));
#19258=CARTESIAN_POINT('',(-16.5999999999998,25.4499999999999,5.));
#19259=CARTESIAN_POINT('',(-17.3999999999998,-12.7250000000001,4.2));
#19260=CARTESIAN_POINT('Origin',(-19.9999999999998,14.5499999999999,4.6));
#19261=CARTESIAN_POINT('',(-22.5999999999998,14.5499999999999,4.2));
#19262=CARTESIAN_POINT('',(-22.5999999999998,14.5499999999999,4.2));
#19263=CARTESIAN_POINT('Origin',(-19.9999999999998,14.5499999999999,4.2));
#19264=CARTESIAN_POINT('Origin',(-22.9999999999998,-7.27500000000008,4.6));
#19265=CARTESIAN_POINT('',(-22.5999999999998,25.4499999999999,4.2));
#19266=CARTESIAN_POINT('',(-22.5999999999998,25.4499999999999,4.2));
#19267=CARTESIAN_POINT('',(-22.5999999999998,-7.27500000000008,4.2));
#19268=CARTESIAN_POINT('Origin',(-19.9999999999998,25.4499999999999,4.6));
#19269=CARTESIAN_POINT('Origin',(-19.9999999999998,25.4499999999999,4.2));
#19270=CARTESIAN_POINT('Origin',(-19.9999999999998,14.5499999999999,0.));
#19271=CARTESIAN_POINT('',(-17.3999999999998,14.5499999999999,0.8));
#19272=CARTESIAN_POINT('',(-17.3999999999998,14.5499999999999,0.));
#19273=CARTESIAN_POINT('',(-22.5999999999998,14.5499999999999,0.8));
#19274=CARTESIAN_POINT('Origin',(-19.9999999999998,14.5499999999999,0.8));
#19275=CARTESIAN_POINT('',(-22.5999999999998,14.5499999999999,0.));
#19276=CARTESIAN_POINT('Origin',(-17.3999999999998,14.5499999999999,0.));
#19277=CARTESIAN_POINT('',(-17.3999999999998,25.4499999999999,0.8));
#19278=CARTESIAN_POINT('',(-17.3999999999998,25.4499999999999,0.));
#19279=CARTESIAN_POINT('',(-17.3999999999998,-12.7250000000001,0.8));
#19280=CARTESIAN_POINT('Origin',(-22.9999999999998,-7.27500000000008,0.4));
#19281=CARTESIAN_POINT('',(-22.5999999999998,14.5499999999999,0.8));
#19282=CARTESIAN_POINT('',(-22.5999999999998,25.4499999999999,0.8));
#19283=CARTESIAN_POINT('',(-23.3999999999998,25.4499999999999,0.));
#19284=CARTESIAN_POINT('',(-22.5999999999998,-7.27500000000008,0.8));
#19285=CARTESIAN_POINT('Origin',(-19.9999999999998,14.5499999999999,0.4));
#19286=CARTESIAN_POINT('',(-17.3999999999998,14.5499999999999,0.8));
#19287=CARTESIAN_POINT('Origin',(-16.9999999999998,-12.7250000000001,0.4));
#19288=CARTESIAN_POINT('',(-17.3999999999998,25.4499999999999,0.8));
#19289=CARTESIAN_POINT('Origin',(-19.9999999999998,25.4499999999999,0.4));
#19290=CARTESIAN_POINT('Origin',(-19.9999999999998,25.4499999999999,0.8));
#19291=CARTESIAN_POINT('Origin',(-22.5999999999998,25.4499999999999,0.));
#19292=CARTESIAN_POINT('',(-22.5999999999998,25.4499999999999,0.));
#19293=CARTESIAN_POINT('Origin',(-19.9999999999998,25.4499999999999,0.));
#19294=CARTESIAN_POINT('Origin',(23.0000000000002,-12.7250000000001,4.6));
#19295=CARTESIAN_POINT('',(22.6000000000002,14.5499999999999,4.2));
#19296=CARTESIAN_POINT('',(22.6000000000002,14.5499999999999,4.2));
#19297=CARTESIAN_POINT('',(22.6000000000002,25.4499999999999,4.2));
#19298=CARTESIAN_POINT('',(23.4000000000002,25.4499999999999,5.));
#19299=CARTESIAN_POINT('',(22.6000000000002,-12.7250000000001,4.2));
#19300=CARTESIAN_POINT('Origin',(20.0000000000002,14.5499999999999,4.6));
#19301=CARTESIAN_POINT('',(17.4000000000002,14.5499999999999,4.2));
#19302=CARTESIAN_POINT('',(17.4000000000002,14.5499999999999,4.2));
#19303=CARTESIAN_POINT('Origin',(20.0000000000002,14.5499999999999,4.2));
#19304=CARTESIAN_POINT('Origin',(17.0000000000002,-7.27500000000008,4.6));
#19305=CARTESIAN_POINT('',(17.4000000000002,25.4499999999999,4.2));
#19306=CARTESIAN_POINT('',(17.4000000000002,25.4499999999999,4.2));
#19307=CARTESIAN_POINT('',(17.4000000000002,-7.27500000000008,4.2));
#19308=CARTESIAN_POINT('Origin',(20.0000000000002,25.4499999999999,4.6));
#19309=CARTESIAN_POINT('Origin',(20.0000000000002,25.4499999999999,4.2));
#19310=CARTESIAN_POINT('Origin',(20.0000000000002,14.5499999999999,0.));
#19311=CARTESIAN_POINT('',(22.6000000000002,14.5499999999999,0.8));
#19312=CARTESIAN_POINT('',(22.6000000000002,14.5499999999999,0.));
#19313=CARTESIAN_POINT('',(17.4000000000002,14.5499999999999,0.8));
#19314=CARTESIAN_POINT('Origin',(20.0000000000002,14.5499999999999,0.8));
#19315=CARTESIAN_POINT('',(17.4000000000002,14.5499999999999,0.));
#19316=CARTESIAN_POINT('Origin',(22.6000000000002,14.5499999999999,0.));
#19317=CARTESIAN_POINT('',(22.6000000000002,25.4499999999999,0.8));
#19318=CARTESIAN_POINT('',(22.6000000000002,25.4499999999999,0.));
#19319=CARTESIAN_POINT('',(22.6000000000002,-12.7250000000001,0.8));
#19320=CARTESIAN_POINT('Origin',(17.0000000000002,-7.27500000000008,0.4));
#19321=CARTESIAN_POINT('',(17.4000000000002,14.5499999999999,0.8));
#19322=CARTESIAN_POINT('',(17.4000000000002,25.4499999999999,0.8));
#19323=CARTESIAN_POINT('',(16.6000000000002,25.4499999999999,0.));
#19324=CARTESIAN_POINT('',(17.4000000000002,-7.27500000000008,0.8));
#19325=CARTESIAN_POINT('Origin',(20.0000000000002,14.5499999999999,0.4));
#19326=CARTESIAN_POINT('',(22.6000000000002,14.5499999999999,0.8));
#19327=CARTESIAN_POINT('Origin',(23.0000000000002,-12.7250000000001,0.4));
#19328=CARTESIAN_POINT('',(22.6000000000002,25.4499999999999,0.8));
#19329=CARTESIAN_POINT('Origin',(20.0000000000002,25.4499999999999,0.4));
#19330=CARTESIAN_POINT('Origin',(20.0000000000002,25.4499999999999,0.8));
#19331=CARTESIAN_POINT('Origin',(17.4000000000002,25.4499999999999,0.));
#19332=CARTESIAN_POINT('',(17.4000000000002,25.4499999999999,0.));
#19333=CARTESIAN_POINT('Origin',(20.0000000000002,25.4499999999999,0.));
#19334=CARTESIAN_POINT('Origin',(63.0000000000002,-12.7250000000001,4.6));
#19335=CARTESIAN_POINT('',(62.6000000000002,14.5499999999999,4.2));
#19336=CARTESIAN_POINT('',(62.6000000000002,14.5499999999999,4.2));
#19337=CARTESIAN_POINT('',(62.6000000000002,25.4499999999999,4.2));
#19338=CARTESIAN_POINT('',(63.4000000000002,25.4499999999999,5.));
#19339=CARTESIAN_POINT('',(62.6000000000002,-12.7250000000001,4.2));
#19340=CARTESIAN_POINT('Origin',(60.0000000000002,14.5499999999999,4.6));
#19341=CARTESIAN_POINT('',(57.4000000000002,14.5499999999999,4.2));
#19342=CARTESIAN_POINT('',(57.4000000000002,14.5499999999999,4.2));
#19343=CARTESIAN_POINT('Origin',(60.0000000000002,14.5499999999999,4.2));
#19344=CARTESIAN_POINT('Origin',(57.0000000000002,-7.27500000000008,4.6));
#19345=CARTESIAN_POINT('',(57.4000000000002,25.4499999999999,4.2));
#19346=CARTESIAN_POINT('',(57.4000000000002,25.4499999999999,4.2));
#19347=CARTESIAN_POINT('',(57.4000000000002,-7.27500000000008,4.2));
#19348=CARTESIAN_POINT('Origin',(60.0000000000002,25.4499999999999,4.6));
#19349=CARTESIAN_POINT('Origin',(60.0000000000002,25.4499999999999,4.2));
#19350=CARTESIAN_POINT('Origin',(60.0000000000002,14.5499999999999,0.));
#19351=CARTESIAN_POINT('',(62.6000000000002,14.5499999999999,0.8));
#19352=CARTESIAN_POINT('',(62.6000000000002,14.5499999999999,0.));
#19353=CARTESIAN_POINT('',(57.4000000000002,14.5499999999999,0.8));
#19354=CARTESIAN_POINT('Origin',(60.0000000000002,14.5499999999999,0.8));
#19355=CARTESIAN_POINT('',(57.4000000000002,14.5499999999999,0.));
#19356=CARTESIAN_POINT('Origin',(62.6000000000002,14.5499999999999,0.));
#19357=CARTESIAN_POINT('',(62.6000000000002,25.4499999999999,0.8));
#19358=CARTESIAN_POINT('',(62.6000000000002,25.4499999999999,0.));
#19359=CARTESIAN_POINT('',(62.6000000000002,-12.7250000000001,0.8));
#19360=CARTESIAN_POINT('Origin',(57.0000000000002,-7.27500000000008,0.4));
#19361=CARTESIAN_POINT('',(57.4000000000002,14.5499999999999,0.8));
#19362=CARTESIAN_POINT('',(57.4000000000002,25.4499999999999,0.8));
#19363=CARTESIAN_POINT('',(56.6000000000002,25.4499999999999,0.));
#19364=CARTESIAN_POINT('',(57.4000000000002,-7.27500000000008,0.8));
#19365=CARTESIAN_POINT('Origin',(60.0000000000002,14.5499999999999,0.4));
#19366=CARTESIAN_POINT('',(62.6000000000002,14.5499999999999,0.8));
#19367=CARTESIAN_POINT('Origin',(63.0000000000002,-12.7250000000001,0.4));
#19368=CARTESIAN_POINT('',(62.6000000000002,25.4499999999999,0.8));
#19369=CARTESIAN_POINT('Origin',(60.0000000000002,25.4499999999999,0.4));
#19370=CARTESIAN_POINT('Origin',(60.0000000000002,25.4499999999999,0.8));
#19371=CARTESIAN_POINT('Origin',(57.4000000000002,25.4499999999999,0.));
#19372=CARTESIAN_POINT('',(57.4000000000002,25.4499999999999,0.));
#19373=CARTESIAN_POINT('Origin',(60.0000000000002,25.4499999999999,0.));
#19374=CARTESIAN_POINT('Origin',(-56.9999999999998,-52.7250000000001,4.6));
#19375=CARTESIAN_POINT('',(-57.3999999999998,-25.4500000000001,4.2));
#19376=CARTESIAN_POINT('',(-57.3999999999998,-25.4500000000001,4.2));
#19377=CARTESIAN_POINT('',(-57.3999999999998,-14.5500000000001,4.2));
#19378=CARTESIAN_POINT('',(-56.5999999999998,-14.5500000000001,5.));
#19379=CARTESIAN_POINT('',(-57.3999999999998,-52.7250000000001,4.2));
#19380=CARTESIAN_POINT('Origin',(-59.9999999999998,-25.4500000000001,4.6));
#19381=CARTESIAN_POINT('',(-62.5999999999998,-25.4500000000001,4.2));
#19382=CARTESIAN_POINT('',(-62.5999999999998,-25.4500000000001,4.2));
#19383=CARTESIAN_POINT('Origin',(-59.9999999999998,-25.4500000000001,4.2));
#19384=CARTESIAN_POINT('Origin',(-62.9999999999998,-47.2750000000001,4.6));
#19385=CARTESIAN_POINT('',(-62.5999999999998,-14.5500000000001,4.2));
#19386=CARTESIAN_POINT('',(-62.5999999999998,-14.5500000000001,4.2));
#19387=CARTESIAN_POINT('',(-62.5999999999998,-47.2750000000001,4.2));
#19388=CARTESIAN_POINT('Origin',(-59.9999999999998,-14.5500000000001,4.6));
#19389=CARTESIAN_POINT('Origin',(-59.9999999999998,-14.5500000000001,4.2));
#19390=CARTESIAN_POINT('Origin',(-59.9999999999998,-25.4500000000001,0.));
#19391=CARTESIAN_POINT('',(-57.3999999999998,-25.4500000000001,0.8));
#19392=CARTESIAN_POINT('',(-57.3999999999998,-25.4500000000001,0.));
#19393=CARTESIAN_POINT('',(-62.5999999999998,-25.4500000000001,0.8));
#19394=CARTESIAN_POINT('Origin',(-59.9999999999998,-25.4500000000001,0.8));
#19395=CARTESIAN_POINT('',(-62.5999999999998,-25.4500000000001,0.));
#19396=CARTESIAN_POINT('Origin',(-57.3999999999998,-25.4500000000001,0.));
#19397=CARTESIAN_POINT('',(-57.3999999999998,-14.5500000000001,0.8));
#19398=CARTESIAN_POINT('',(-57.3999999999998,-14.5500000000001,0.));
#19399=CARTESIAN_POINT('',(-57.3999999999998,-52.7250000000001,0.8));
#19400=CARTESIAN_POINT('Origin',(-62.9999999999998,-47.2750000000001,0.4));
#19401=CARTESIAN_POINT('',(-62.5999999999998,-25.4500000000001,0.8));
#19402=CARTESIAN_POINT('',(-62.5999999999998,-14.5500000000001,0.8));
#19403=CARTESIAN_POINT('',(-63.3999999999998,-14.5500000000001,0.));
#19404=CARTESIAN_POINT('',(-62.5999999999998,-47.2750000000001,0.8));
#19405=CARTESIAN_POINT('Origin',(-59.9999999999998,-25.4500000000001,0.4));
#19406=CARTESIAN_POINT('',(-57.3999999999998,-25.4500000000001,0.8));
#19407=CARTESIAN_POINT('Origin',(-56.9999999999998,-52.7250000000001,0.4));
#19408=CARTESIAN_POINT('',(-57.3999999999998,-14.5500000000001,0.8));
#19409=CARTESIAN_POINT('Origin',(-59.9999999999998,-14.5500000000001,0.4));
#19410=CARTESIAN_POINT('Origin',(-59.9999999999998,-14.5500000000001,0.8));
#19411=CARTESIAN_POINT('Origin',(-62.5999999999998,-14.5500000000001,0.));
#19412=CARTESIAN_POINT('',(-62.5999999999998,-14.5500000000001,0.));
#19413=CARTESIAN_POINT('Origin',(-59.9999999999998,-14.5500000000001,0.));
#19414=CARTESIAN_POINT('Origin',(-16.9999999999998,-52.7250000000001,4.6));
#19415=CARTESIAN_POINT('',(-17.3999999999998,-25.4500000000001,4.2));
#19416=CARTESIAN_POINT('',(-17.3999999999998,-25.4500000000001,4.2));
#19417=CARTESIAN_POINT('',(-17.3999999999998,-14.5500000000001,4.2));
#19418=CARTESIAN_POINT('',(-16.5999999999998,-14.5500000000001,5.));
#19419=CARTESIAN_POINT('',(-17.3999999999998,-52.7250000000001,4.2));
#19420=CARTESIAN_POINT('Origin',(-19.9999999999998,-25.4500000000001,4.6));
#19421=CARTESIAN_POINT('',(-22.5999999999998,-25.4500000000001,4.2));
#19422=CARTESIAN_POINT('',(-22.5999999999998,-25.4500000000001,4.2));
#19423=CARTESIAN_POINT('Origin',(-19.9999999999998,-25.4500000000001,4.2));
#19424=CARTESIAN_POINT('Origin',(-22.9999999999998,-47.2750000000001,4.6));
#19425=CARTESIAN_POINT('',(-22.5999999999998,-14.5500000000001,4.2));
#19426=CARTESIAN_POINT('',(-22.5999999999998,-14.5500000000001,4.2));
#19427=CARTESIAN_POINT('',(-22.5999999999998,-47.2750000000001,4.2));
#19428=CARTESIAN_POINT('Origin',(-19.9999999999998,-14.5500000000001,4.6));
#19429=CARTESIAN_POINT('Origin',(-19.9999999999998,-14.5500000000001,4.2));
#19430=CARTESIAN_POINT('Origin',(-19.9999999999998,-25.4500000000001,0.));
#19431=CARTESIAN_POINT('',(-17.3999999999998,-25.4500000000001,0.8));
#19432=CARTESIAN_POINT('',(-17.3999999999998,-25.4500000000001,0.));
#19433=CARTESIAN_POINT('',(-22.5999999999998,-25.4500000000001,0.8));
#19434=CARTESIAN_POINT('Origin',(-19.9999999999998,-25.4500000000001,0.8));
#19435=CARTESIAN_POINT('',(-22.5999999999998,-25.4500000000001,0.));
#19436=CARTESIAN_POINT('Origin',(-17.3999999999998,-25.4500000000001,0.));
#19437=CARTESIAN_POINT('',(-17.3999999999998,-14.5500000000001,0.8));
#19438=CARTESIAN_POINT('',(-17.3999999999998,-14.5500000000001,0.));
#19439=CARTESIAN_POINT('',(-17.3999999999998,-52.7250000000001,0.8));
#19440=CARTESIAN_POINT('Origin',(-22.9999999999998,-47.2750000000001,0.4));
#19441=CARTESIAN_POINT('',(-22.5999999999998,-25.4500000000001,0.8));
#19442=CARTESIAN_POINT('',(-22.5999999999998,-14.5500000000001,0.8));
#19443=CARTESIAN_POINT('',(-23.3999999999998,-14.5500000000001,0.));
#19444=CARTESIAN_POINT('',(-22.5999999999998,-47.2750000000001,0.8));
#19445=CARTESIAN_POINT('Origin',(-19.9999999999998,-25.4500000000001,0.4));
#19446=CARTESIAN_POINT('',(-17.3999999999998,-25.4500000000001,0.8));
#19447=CARTESIAN_POINT('Origin',(-16.9999999999998,-52.7250000000001,0.4));
#19448=CARTESIAN_POINT('',(-17.3999999999998,-14.5500000000001,0.8));
#19449=CARTESIAN_POINT('Origin',(-19.9999999999998,-14.5500000000001,0.4));
#19450=CARTESIAN_POINT('Origin',(-19.9999999999998,-14.5500000000001,0.8));
#19451=CARTESIAN_POINT('Origin',(-22.5999999999998,-14.5500000000001,0.));
#19452=CARTESIAN_POINT('',(-22.5999999999998,-14.5500000000001,0.));
#19453=CARTESIAN_POINT('Origin',(-19.9999999999998,-14.5500000000001,0.));
#19454=CARTESIAN_POINT('Origin',(23.0000000000002,-52.7250000000001,4.6));
#19455=CARTESIAN_POINT('',(22.6000000000002,-25.4500000000001,4.2));
#19456=CARTESIAN_POINT('',(22.6000000000002,-25.4500000000001,4.2));
#19457=CARTESIAN_POINT('',(22.6000000000002,-14.5500000000001,4.2));
#19458=CARTESIAN_POINT('',(23.4000000000002,-14.5500000000001,5.));
#19459=CARTESIAN_POINT('',(22.6000000000002,-52.7250000000001,4.2));
#19460=CARTESIAN_POINT('Origin',(20.0000000000002,-25.4500000000001,4.6));
#19461=CARTESIAN_POINT('',(17.4000000000002,-25.4500000000001,4.2));
#19462=CARTESIAN_POINT('',(17.4000000000002,-25.4500000000001,4.2));
#19463=CARTESIAN_POINT('Origin',(20.0000000000002,-25.4500000000001,4.2));
#19464=CARTESIAN_POINT('Origin',(17.0000000000002,-47.2750000000001,4.6));
#19465=CARTESIAN_POINT('',(17.4000000000002,-14.5500000000001,4.2));
#19466=CARTESIAN_POINT('',(17.4000000000002,-14.5500000000001,4.2));
#19467=CARTESIAN_POINT('',(17.4000000000002,-47.2750000000001,4.2));
#19468=CARTESIAN_POINT('Origin',(20.0000000000002,-14.5500000000001,4.6));
#19469=CARTESIAN_POINT('Origin',(20.0000000000002,-14.5500000000001,4.2));
#19470=CARTESIAN_POINT('Origin',(20.0000000000002,-25.4500000000001,0.));
#19471=CARTESIAN_POINT('',(22.6000000000002,-25.4500000000001,0.8));
#19472=CARTESIAN_POINT('',(22.6000000000002,-25.4500000000001,0.));
#19473=CARTESIAN_POINT('',(17.4000000000002,-25.4500000000001,0.8));
#19474=CARTESIAN_POINT('Origin',(20.0000000000002,-25.4500000000001,0.8));
#19475=CARTESIAN_POINT('',(17.4000000000002,-25.4500000000001,0.));
#19476=CARTESIAN_POINT('Origin',(22.6000000000002,-25.4500000000001,0.));
#19477=CARTESIAN_POINT('',(22.6000000000002,-14.5500000000001,0.8));
#19478=CARTESIAN_POINT('',(22.6000000000002,-14.5500000000001,0.));
#19479=CARTESIAN_POINT('',(22.6000000000002,-52.7250000000001,0.8));
#19480=CARTESIAN_POINT('Origin',(17.0000000000002,-47.2750000000001,0.4));
#19481=CARTESIAN_POINT('',(17.4000000000002,-25.4500000000001,0.8));
#19482=CARTESIAN_POINT('',(17.4000000000002,-14.5500000000001,0.8));
#19483=CARTESIAN_POINT('',(16.6000000000002,-14.5500000000001,0.));
#19484=CARTESIAN_POINT('',(17.4000000000002,-47.2750000000001,0.8));
#19485=CARTESIAN_POINT('Origin',(20.0000000000002,-25.4500000000001,0.4));
#19486=CARTESIAN_POINT('',(22.6000000000002,-25.4500000000001,0.8));
#19487=CARTESIAN_POINT('Origin',(23.0000000000002,-52.7250000000001,0.4));
#19488=CARTESIAN_POINT('',(22.6000000000002,-14.5500000000001,0.8));
#19489=CARTESIAN_POINT('Origin',(20.0000000000002,-14.5500000000001,0.4));
#19490=CARTESIAN_POINT('Origin',(20.0000000000002,-14.5500000000001,0.8));
#19491=CARTESIAN_POINT('Origin',(17.4000000000002,-14.5500000000001,0.));
#19492=CARTESIAN_POINT('',(17.4000000000002,-14.5500000000001,0.));
#19493=CARTESIAN_POINT('Origin',(20.0000000000002,-14.5500000000001,0.));
#19494=CARTESIAN_POINT('Origin',(63.0000000000002,-52.7250000000001,4.6));
#19495=CARTESIAN_POINT('',(62.6000000000002,-25.4500000000001,4.2));
#19496=CARTESIAN_POINT('',(62.6000000000002,-25.4500000000001,4.2));
#19497=CARTESIAN_POINT('',(62.6000000000002,-14.5500000000001,4.2));
#19498=CARTESIAN_POINT('',(63.4000000000002,-14.5500000000001,5.));
#19499=CARTESIAN_POINT('',(62.6000000000002,-52.7250000000001,4.2));
#19500=CARTESIAN_POINT('Origin',(60.0000000000002,-25.4500000000001,4.6));
#19501=CARTESIAN_POINT('',(57.4000000000002,-25.4500000000001,4.2));
#19502=CARTESIAN_POINT('',(57.4000000000002,-25.4500000000001,4.2));
#19503=CARTESIAN_POINT('Origin',(60.0000000000002,-25.4500000000001,4.2));
#19504=CARTESIAN_POINT('Origin',(57.0000000000002,-47.2750000000001,4.6));
#19505=CARTESIAN_POINT('',(57.4000000000002,-14.5500000000001,4.2));
#19506=CARTESIAN_POINT('',(57.4000000000002,-14.5500000000001,4.2));
#19507=CARTESIAN_POINT('',(57.4000000000002,-47.2750000000001,4.2));
#19508=CARTESIAN_POINT('Origin',(60.0000000000002,-14.5500000000001,4.6));
#19509=CARTESIAN_POINT('Origin',(60.0000000000002,-14.5500000000001,4.2));
#19510=CARTESIAN_POINT('Origin',(60.0000000000002,-25.4500000000001,0.));
#19511=CARTESIAN_POINT('',(62.6000000000002,-25.4500000000001,0.8));
#19512=CARTESIAN_POINT('',(62.6000000000002,-25.4500000000001,0.));
#19513=CARTESIAN_POINT('',(57.4000000000002,-25.4500000000001,0.8));
#19514=CARTESIAN_POINT('Origin',(60.0000000000002,-25.4500000000001,0.8));
#19515=CARTESIAN_POINT('',(57.4000000000002,-25.4500000000001,0.));
#19516=CARTESIAN_POINT('Origin',(62.6000000000002,-25.4500000000001,0.));
#19517=CARTESIAN_POINT('',(62.6000000000002,-14.5500000000001,0.8));
#19518=CARTESIAN_POINT('',(62.6000000000002,-14.5500000000001,0.));
#19519=CARTESIAN_POINT('',(62.6000000000002,-52.7250000000001,0.8));
#19520=CARTESIAN_POINT('Origin',(57.0000000000002,-47.2750000000001,0.4));
#19521=CARTESIAN_POINT('',(57.4000000000002,-25.4500000000001,0.8));
#19522=CARTESIAN_POINT('',(57.4000000000002,-14.5500000000001,0.8));
#19523=CARTESIAN_POINT('',(56.6000000000002,-14.5500000000001,0.));
#19524=CARTESIAN_POINT('',(57.4000000000002,-47.2750000000001,0.8));
#19525=CARTESIAN_POINT('Origin',(60.0000000000002,-25.4500000000001,0.4));
#19526=CARTESIAN_POINT('',(62.6000000000002,-25.4500000000001,0.8));
#19527=CARTESIAN_POINT('Origin',(63.0000000000002,-52.7250000000001,0.4));
#19528=CARTESIAN_POINT('',(62.6000000000002,-14.5500000000001,0.8));
#19529=CARTESIAN_POINT('Origin',(60.0000000000002,-14.5500000000001,0.4));
#19530=CARTESIAN_POINT('Origin',(60.0000000000002,-14.5500000000001,0.8));
#19531=CARTESIAN_POINT('Origin',(57.4000000000002,-14.5500000000001,0.));
#19532=CARTESIAN_POINT('',(57.4000000000002,-14.5500000000001,0.));
#19533=CARTESIAN_POINT('Origin',(60.0000000000002,-14.5500000000001,0.));
#19534=CARTESIAN_POINT('Origin',(-56.9999999999998,-92.7250000000001,4.6));
#19535=CARTESIAN_POINT('',(-57.3999999999998,-65.4500000000001,4.2));
#19536=CARTESIAN_POINT('',(-57.3999999999998,-65.4500000000001,4.2));
#19537=CARTESIAN_POINT('',(-57.3999999999998,-54.5500000000001,4.2));
#19538=CARTESIAN_POINT('',(-56.5999999999998,-54.5500000000001,5.));
#19539=CARTESIAN_POINT('',(-57.3999999999998,-92.7250000000001,4.2));
#19540=CARTESIAN_POINT('Origin',(-59.9999999999998,-65.4500000000001,4.6));
#19541=CARTESIAN_POINT('',(-62.5999999999998,-65.4500000000001,4.2));
#19542=CARTESIAN_POINT('',(-62.5999999999998,-65.4500000000001,4.2));
#19543=CARTESIAN_POINT('Origin',(-59.9999999999998,-65.4500000000001,4.2));
#19544=CARTESIAN_POINT('Origin',(-62.9999999999998,-87.2750000000001,4.6));
#19545=CARTESIAN_POINT('',(-62.5999999999998,-54.5500000000001,4.2));
#19546=CARTESIAN_POINT('',(-62.5999999999998,-54.5500000000001,4.2));
#19547=CARTESIAN_POINT('',(-62.5999999999998,-87.2750000000001,4.2));
#19548=CARTESIAN_POINT('Origin',(-59.9999999999998,-54.5500000000001,4.6));
#19549=CARTESIAN_POINT('Origin',(-59.9999999999998,-54.5500000000001,4.2));
#19550=CARTESIAN_POINT('Origin',(-59.9999999999998,-65.4500000000001,0.));
#19551=CARTESIAN_POINT('',(-57.3999999999998,-65.4500000000001,0.8));
#19552=CARTESIAN_POINT('',(-57.3999999999998,-65.4500000000001,0.));
#19553=CARTESIAN_POINT('',(-62.5999999999998,-65.4500000000001,0.8));
#19554=CARTESIAN_POINT('Origin',(-59.9999999999998,-65.4500000000001,0.8));
#19555=CARTESIAN_POINT('',(-62.5999999999998,-65.4500000000001,0.));
#19556=CARTESIAN_POINT('Origin',(-57.3999999999998,-65.4500000000001,0.));
#19557=CARTESIAN_POINT('',(-57.3999999999998,-54.5500000000001,0.8));
#19558=CARTESIAN_POINT('',(-57.3999999999998,-54.5500000000001,0.));
#19559=CARTESIAN_POINT('',(-57.3999999999998,-92.7250000000001,0.8));
#19560=CARTESIAN_POINT('Origin',(-62.9999999999998,-87.2750000000001,0.4));
#19561=CARTESIAN_POINT('',(-62.5999999999998,-65.4500000000001,0.8));
#19562=CARTESIAN_POINT('',(-62.5999999999998,-54.5500000000001,0.8));
#19563=CARTESIAN_POINT('',(-63.3999999999998,-54.5500000000001,0.));
#19564=CARTESIAN_POINT('',(-62.5999999999998,-87.2750000000001,0.8));
#19565=CARTESIAN_POINT('Origin',(-59.9999999999998,-65.4500000000001,0.4));
#19566=CARTESIAN_POINT('',(-57.3999999999998,-65.4500000000001,0.8));
#19567=CARTESIAN_POINT('Origin',(-56.9999999999998,-92.7250000000001,0.4));
#19568=CARTESIAN_POINT('',(-57.3999999999998,-54.5500000000001,0.8));
#19569=CARTESIAN_POINT('Origin',(-59.9999999999998,-54.5500000000001,0.4));
#19570=CARTESIAN_POINT('Origin',(-59.9999999999998,-54.5500000000001,0.8));
#19571=CARTESIAN_POINT('Origin',(-62.5999999999998,-54.5500000000001,0.));
#19572=CARTESIAN_POINT('',(-62.5999999999998,-54.5500000000001,0.));
#19573=CARTESIAN_POINT('Origin',(-59.9999999999998,-54.5500000000001,0.));
#19574=CARTESIAN_POINT('Origin',(-16.9999999999998,-92.7250000000001,4.6));
#19575=CARTESIAN_POINT('',(-17.3999999999998,-65.4500000000001,4.2));
#19576=CARTESIAN_POINT('',(-17.3999999999998,-65.4500000000001,4.2));
#19577=CARTESIAN_POINT('',(-17.3999999999998,-54.5500000000001,4.2));
#19578=CARTESIAN_POINT('',(-16.5999999999998,-54.5500000000001,5.));
#19579=CARTESIAN_POINT('',(-17.3999999999998,-92.7250000000001,4.2));
#19580=CARTESIAN_POINT('Origin',(-19.9999999999998,-65.4500000000001,4.6));
#19581=CARTESIAN_POINT('',(-22.5999999999998,-65.4500000000001,4.2));
#19582=CARTESIAN_POINT('',(-22.5999999999998,-65.4500000000001,4.2));
#19583=CARTESIAN_POINT('Origin',(-19.9999999999998,-65.4500000000001,4.2));
#19584=CARTESIAN_POINT('Origin',(-22.9999999999998,-87.2750000000001,4.6));
#19585=CARTESIAN_POINT('',(-22.5999999999998,-54.5500000000001,4.2));
#19586=CARTESIAN_POINT('',(-22.5999999999998,-54.5500000000001,4.2));
#19587=CARTESIAN_POINT('',(-22.5999999999998,-87.2750000000001,4.2));
#19588=CARTESIAN_POINT('Origin',(-19.9999999999998,-54.5500000000001,4.6));
#19589=CARTESIAN_POINT('Origin',(-19.9999999999998,-54.5500000000001,4.2));
#19590=CARTESIAN_POINT('Origin',(-19.9999999999998,-65.4500000000001,0.));
#19591=CARTESIAN_POINT('',(-17.3999999999998,-65.4500000000001,0.8));
#19592=CARTESIAN_POINT('',(-17.3999999999998,-65.4500000000001,0.));
#19593=CARTESIAN_POINT('',(-22.5999999999998,-65.4500000000001,0.8));
#19594=CARTESIAN_POINT('Origin',(-19.9999999999998,-65.4500000000001,0.8));
#19595=CARTESIAN_POINT('',(-22.5999999999998,-65.4500000000001,0.));
#19596=CARTESIAN_POINT('Origin',(-17.3999999999998,-65.4500000000001,0.));
#19597=CARTESIAN_POINT('',(-17.3999999999998,-54.5500000000001,0.8));
#19598=CARTESIAN_POINT('',(-17.3999999999998,-54.5500000000001,0.));
#19599=CARTESIAN_POINT('',(-17.3999999999998,-92.7250000000001,0.8));
#19600=CARTESIAN_POINT('Origin',(-22.9999999999998,-87.2750000000001,0.4));
#19601=CARTESIAN_POINT('',(-22.5999999999998,-65.4500000000001,0.8));
#19602=CARTESIAN_POINT('',(-22.5999999999998,-54.5500000000001,0.8));
#19603=CARTESIAN_POINT('',(-23.3999999999998,-54.5500000000001,0.));
#19604=CARTESIAN_POINT('',(-22.5999999999998,-87.2750000000001,0.8));
#19605=CARTESIAN_POINT('Origin',(-19.9999999999998,-65.4500000000001,0.4));
#19606=CARTESIAN_POINT('',(-17.3999999999998,-65.4500000000001,0.8));
#19607=CARTESIAN_POINT('Origin',(-16.9999999999998,-92.7250000000001,0.4));
#19608=CARTESIAN_POINT('',(-17.3999999999998,-54.5500000000001,0.8));
#19609=CARTESIAN_POINT('Origin',(-19.9999999999998,-54.5500000000001,0.4));
#19610=CARTESIAN_POINT('Origin',(-19.9999999999998,-54.5500000000001,0.8));
#19611=CARTESIAN_POINT('Origin',(-22.5999999999998,-54.5500000000001,0.));
#19612=CARTESIAN_POINT('',(-22.5999999999998,-54.5500000000001,0.));
#19613=CARTESIAN_POINT('Origin',(-19.9999999999998,-54.5500000000001,0.));
#19614=CARTESIAN_POINT('Origin',(23.0000000000002,-92.7250000000001,4.6));
#19615=CARTESIAN_POINT('',(22.6000000000002,-65.4500000000001,4.2));
#19616=CARTESIAN_POINT('',(22.6000000000002,-65.4500000000001,4.2));
#19617=CARTESIAN_POINT('',(22.6000000000002,-54.5500000000001,4.2));
#19618=CARTESIAN_POINT('',(23.4000000000002,-54.5500000000001,5.));
#19619=CARTESIAN_POINT('',(22.6000000000002,-92.7250000000001,4.2));
#19620=CARTESIAN_POINT('Origin',(20.0000000000002,-65.4500000000001,4.6));
#19621=CARTESIAN_POINT('',(17.4000000000002,-65.4500000000001,4.2));
#19622=CARTESIAN_POINT('',(17.4000000000002,-65.4500000000001,4.2));
#19623=CARTESIAN_POINT('Origin',(20.0000000000002,-65.4500000000001,4.2));
#19624=CARTESIAN_POINT('Origin',(17.0000000000002,-87.2750000000001,4.6));
#19625=CARTESIAN_POINT('',(17.4000000000002,-54.5500000000001,4.2));
#19626=CARTESIAN_POINT('',(17.4000000000002,-54.5500000000001,4.2));
#19627=CARTESIAN_POINT('',(17.4000000000002,-87.2750000000001,4.2));
#19628=CARTESIAN_POINT('Origin',(20.0000000000002,-54.5500000000001,4.6));
#19629=CARTESIAN_POINT('Origin',(20.0000000000002,-54.5500000000001,4.2));
#19630=CARTESIAN_POINT('Origin',(20.0000000000002,-65.4500000000001,0.));
#19631=CARTESIAN_POINT('',(22.6000000000002,-65.4500000000001,0.8));
#19632=CARTESIAN_POINT('',(22.6000000000002,-65.4500000000001,0.));
#19633=CARTESIAN_POINT('',(17.4000000000002,-65.4500000000001,0.8));
#19634=CARTESIAN_POINT('Origin',(20.0000000000002,-65.4500000000001,0.8));
#19635=CARTESIAN_POINT('',(17.4000000000002,-65.4500000000001,0.));
#19636=CARTESIAN_POINT('Origin',(22.6000000000002,-65.4500000000001,0.));
#19637=CARTESIAN_POINT('',(22.6000000000002,-54.5500000000001,0.8));
#19638=CARTESIAN_POINT('',(22.6000000000002,-54.5500000000001,0.));
#19639=CARTESIAN_POINT('',(22.6000000000002,-92.7250000000001,0.8));
#19640=CARTESIAN_POINT('Origin',(17.0000000000002,-87.2750000000001,0.4));
#19641=CARTESIAN_POINT('',(17.4000000000002,-65.4500000000001,0.8));
#19642=CARTESIAN_POINT('',(17.4000000000002,-54.5500000000001,0.8));
#19643=CARTESIAN_POINT('',(16.6000000000002,-54.5500000000001,0.));
#19644=CARTESIAN_POINT('',(17.4000000000002,-87.2750000000001,0.8));
#19645=CARTESIAN_POINT('Origin',(20.0000000000002,-65.4500000000001,0.4));
#19646=CARTESIAN_POINT('',(22.6000000000002,-65.4500000000001,0.8));
#19647=CARTESIAN_POINT('Origin',(23.0000000000002,-92.7250000000001,0.4));
#19648=CARTESIAN_POINT('',(22.6000000000002,-54.5500000000001,0.8));
#19649=CARTESIAN_POINT('Origin',(20.0000000000002,-54.5500000000001,0.4));
#19650=CARTESIAN_POINT('Origin',(20.0000000000002,-54.5500000000001,0.8));
#19651=CARTESIAN_POINT('Origin',(17.4000000000002,-54.5500000000001,0.));
#19652=CARTESIAN_POINT('',(17.4000000000002,-54.5500000000001,0.));
#19653=CARTESIAN_POINT('Origin',(20.0000000000002,-54.5500000000001,0.));
#19654=CARTESIAN_POINT('Origin',(63.0000000000002,-92.7250000000001,4.6));
#19655=CARTESIAN_POINT('',(62.6000000000002,-65.4500000000001,4.2));
#19656=CARTESIAN_POINT('',(62.6000000000002,-65.4500000000001,4.2));
#19657=CARTESIAN_POINT('',(62.6000000000002,-54.5500000000001,4.2));
#19658=CARTESIAN_POINT('',(63.4000000000002,-54.5500000000001,5.));
#19659=CARTESIAN_POINT('',(62.6000000000002,-92.7250000000001,4.2));
#19660=CARTESIAN_POINT('Origin',(60.0000000000002,-65.4500000000001,4.6));
#19661=CARTESIAN_POINT('',(57.4000000000002,-65.4500000000001,4.2));
#19662=CARTESIAN_POINT('',(57.4000000000002,-65.4500000000001,4.2));
#19663=CARTESIAN_POINT('Origin',(60.0000000000002,-65.4500000000001,4.2));
#19664=CARTESIAN_POINT('Origin',(57.0000000000002,-87.2750000000001,4.6));
#19665=CARTESIAN_POINT('',(57.4000000000002,-54.5500000000001,4.2));
#19666=CARTESIAN_POINT('',(57.4000000000002,-54.5500000000001,4.2));
#19667=CARTESIAN_POINT('',(57.4000000000002,-87.2750000000001,4.2));
#19668=CARTESIAN_POINT('Origin',(60.0000000000002,-54.5500000000001,4.6));
#19669=CARTESIAN_POINT('Origin',(60.0000000000002,-54.5500000000001,4.2));
#19670=CARTESIAN_POINT('Origin',(60.0000000000002,-65.4500000000001,0.));
#19671=CARTESIAN_POINT('',(62.6000000000002,-65.4500000000001,0.8));
#19672=CARTESIAN_POINT('',(62.6000000000002,-65.4500000000001,0.));
#19673=CARTESIAN_POINT('',(57.4000000000002,-65.4500000000001,0.8));
#19674=CARTESIAN_POINT('Origin',(60.0000000000002,-65.4500000000001,0.8));
#19675=CARTESIAN_POINT('',(57.4000000000002,-65.4500000000001,0.));
#19676=CARTESIAN_POINT('Origin',(62.6000000000002,-65.4500000000001,0.));
#19677=CARTESIAN_POINT('',(62.6000000000002,-54.5500000000001,0.8));
#19678=CARTESIAN_POINT('',(62.6000000000002,-54.5500000000001,0.));
#19679=CARTESIAN_POINT('',(62.6000000000002,-92.7250000000001,0.8));
#19680=CARTESIAN_POINT('Origin',(57.0000000000002,-87.2750000000001,0.4));
#19681=CARTESIAN_POINT('',(57.4000000000002,-65.4500000000001,0.8));
#19682=CARTESIAN_POINT('',(57.4000000000002,-54.5500000000001,0.8));
#19683=CARTESIAN_POINT('',(56.6000000000002,-54.5500000000001,0.));
#19684=CARTESIAN_POINT('',(57.4000000000002,-87.2750000000001,0.8));
#19685=CARTESIAN_POINT('Origin',(60.0000000000002,-65.4500000000001,0.4));
#19686=CARTESIAN_POINT('',(62.6000000000002,-65.4500000000001,0.8));
#19687=CARTESIAN_POINT('Origin',(63.0000000000002,-92.7250000000001,0.4));
#19688=CARTESIAN_POINT('',(62.6000000000002,-54.5500000000001,0.8));
#19689=CARTESIAN_POINT('Origin',(60.0000000000002,-54.5500000000001,0.4));
#19690=CARTESIAN_POINT('Origin',(60.0000000000002,-54.5500000000001,0.8));
#19691=CARTESIAN_POINT('Origin',(57.4000000000002,-54.5500000000001,0.));
#19692=CARTESIAN_POINT('',(57.4000000000002,-54.5500000000001,0.));
#19693=CARTESIAN_POINT('Origin',(60.0000000000002,-54.5500000000001,0.));
#19694=UNCERTAINTY_MEASURE_WITH_UNIT(LENGTH_MEASURE(0.01),#19698,
'DISTANCE_ACCURACY_VALUE',
'Maximum model space distance between geometric entities at asserted c
onnectivities');
#19695=UNCERTAINTY_MEASURE_WITH_UNIT(LENGTH_MEASURE(0.01),#19698,
'DISTANCE_ACCURACY_VALUE',
'Maximum model space distance between geometric entities at asserted c
onnectivities');
#19696=(
GEOMETRIC_REPRESENTATION_CONTEXT(3)
GLOBAL_UNCERTAINTY_ASSIGNED_CONTEXT((#19694))
GLOBAL_UNIT_ASSIGNED_CONTEXT((#19698,#19700,#19701))
REPRESENTATION_CONTEXT('','3D')
);
#19697=(
GEOMETRIC_REPRESENTATION_CONTEXT(3)
GLOBAL_UNCERTAINTY_ASSIGNED_CONTEXT((#19695))
GLOBAL_UNIT_ASSIGNED_CONTEXT((#19698,#19700,#19701))
REPRESENTATION_CONTEXT('','3D')
);
#19698=(
LENGTH_UNIT()
NAMED_UNIT(*)
SI_UNIT(.MILLI.,.METRE.)
);
#19699=(
LENGTH_UNIT()
NAMED_UNIT(*)
SI_UNIT($,.METRE.)
);
#19700=(
NAMED_UNIT(*)
PLANE_ANGLE_UNIT()
SI_UNIT($,.RADIAN.)
);
#19701=(
NAMED_UNIT(*)
SI_UNIT($,.STERADIAN.)
SOLID_ANGLE_UNIT()
);
#19702=SHAPE_DEFINITION_REPRESENTATION(#19703,#19704);
#19703=PRODUCT_DEFINITION_SHAPE('',$,#19706);
#19704=SHAPE_REPRESENTATION('',(#11446),#19696);
#19705=PRODUCT_DEFINITION_CONTEXT('part definition',#19710,'design');
#19706=PRODUCT_DEFINITION('Skadis Board with Rim',
'Skadis Board with Rim',#19707,#19705);
#19707=PRODUCT_DEFINITION_FORMATION('',$,#19712);
#19708=PRODUCT_RELATED_PRODUCT_CATEGORY('Skadis Board with Rim',
'Skadis Board with Rim',(#19712));
#19709=APPLICATION_PROTOCOL_DEFINITION('international standard',
'automotive_design',2009,#19710);
#19710=APPLICATION_CONTEXT(
'Core Data for Automotive Mechanical Design Process');
#19711=PRODUCT_CONTEXT('part definition',#19710,'mechanical');
#19712=PRODUCT('Skadis Board with Rim','Skadis Board with Rim',$,(#19711));
#19713=PRESENTATION_STYLE_ASSIGNMENT((#19715));
#19714=PRESENTATION_STYLE_ASSIGNMENT((#19716));
#19715=SURFACE_STYLE_USAGE(.BOTH.,#19717);
#19716=SURFACE_STYLE_USAGE(.BOTH.,#19718);
#19717=SURFACE_SIDE_STYLE('',(#19719));
#19718=SURFACE_SIDE_STYLE('',(#19720));
#19719=SURFACE_STYLE_FILL_AREA(#19721);
#19720=SURFACE_STYLE_FILL_AREA(#19722);
#19721=FILL_AREA_STYLE('Plastic - Glossy (White)',(#19723));
#19722=FILL_AREA_STYLE('MDF Board',(#19724));
#19723=FILL_AREA_STYLE_COLOUR('Plastic - Glossy (White)',#19725);
#19724=FILL_AREA_STYLE_COLOUR('MDF Board',#19726);
#19725=COLOUR_RGB('Plastic - Glossy (White)',0.964705882352941,0.964705882352941,
0.952941176470588);
#19726=COLOUR_RGB('MDF Board',0.,0.,0.);
ENDSEC;
END-ISO-10303-21;
