ISO-10303-21;
HEADER;
/* Generated by software containing ST-Developer
 * from STEP Tools, Inc. (www.steptools.com) 
 */

FILE_DESCRIPTION(
/* description */ (''),
/* implementation_level */ '2;1');

FILE_NAME(
/* name */ 'SkaTile  B11 Regular 8x8 180x180mm 15mmSkirt Holes.step',
/* time_stamp */ '2025-12-06T05:15:32-07:00',
/* author */ (''),
/* organization */ (''),
/* preprocessor_version */ 'ST-DEVELOPER v20.1',
/* originating_system */ 'Autodesk Translation Framework v14.21.0.0',
/* authorisation */ '');

FILE_SCHEMA (('AUTOMOTIVE_DESIGN { 1 0 10303 214 3 1 1 }'));
ENDSEC;

DATA;
#10=MECHANICAL_DESIGN_GEOMETRIC_PRESENTATION_REPRESENTATION('',(#13),#16673);
#11=SHAPE_REPRESENTATION_RELATIONSHIP('SRR','None',#16680,#12);
#12=ADVANCED_BREP_SHAPE_REPRESENTATION('',(#14),#16672);
#13=STYLED_ITEM('',(#16690),#14);
#14=MANIFOLD_SOLID_BREP('Skadis Board',#9633);
#15=B_SPLINE_CURVE_WITH_KNOTS('',3,(#14593,#14594,#14595,#14596,#14597,
#14598,#14599,#14600),.UNSPECIFIED.,.F.,.F.,(4,2,2,4),(0.0335645187467802,
0.0587155499653033,0.0783159948663364,0.0979164397673696),.UNSPECIFIED.);
#16=B_SPLINE_CURVE_WITH_KNOTS('',3,(#14610,#14611,#14612,#14613,#14614,
#14615,#14616,#14617),.UNSPECIFIED.,.F.,.F.,(4,2,2,4),(0.342469742940904,
0.362070187841938,0.381670632742971,0.406821663961493),.UNSPECIFIED.);
#17=B_SPLINE_CURVE_WITH_KNOTS('',3,(#14625,#14626,#14627,#14628,#14629,
#14630,#14631,#14632),.UNSPECIFIED.,.F.,.F.,(4,2,2,4),(0.0335645187467833,
0.0587155499653038,0.0783159948663364,0.097916439767369),.UNSPECIFIED.);
#18=B_SPLINE_CURVE_WITH_KNOTS('',3,(#14642,#14643,#14644,#14645,#14646,
#14647,#14648,#14649),.UNSPECIFIED.,.F.,.F.,(4,2,2,4),(0.342469742940898,
0.362070187841931,0.381670632742963,0.406821663961484),.UNSPECIFIED.);
#19=B_SPLINE_CURVE_WITH_KNOTS('',3,(#14657,#14658,#14659,#14660,#14661,
#14662,#14663,#14664),.UNSPECIFIED.,.F.,.F.,(4,2,2,4),(0.342469742940899,
0.362070187841932,0.381670632742964,0.406821663961486),.UNSPECIFIED.);
#20=B_SPLINE_CURVE_WITH_KNOTS('',3,(#14668,#14669,#14670,#14671,#14672,
#14673,#14674,#14675),.UNSPECIFIED.,.F.,.F.,(4,2,2,4),(0.0335645187467835,
0.0587155499653033,0.0783159948663364,0.0979164397673696),.UNSPECIFIED.);
#21=B_SPLINE_CURVE_WITH_KNOTS('',3,(#14679,#14680,#14681,#14682,#14683,
#14684,#14685,#14686),.UNSPECIFIED.,.F.,.F.,(4,2,2,4),(0.342469742940903,
0.362070187841937,0.38167063274297,0.40682166396149),.UNSPECIFIED.);
#22=B_SPLINE_CURVE_WITH_KNOTS('',3,(#14694,#14695,#14696,#14697,#14698,
#14699,#14700,#14701),.UNSPECIFIED.,.F.,.F.,(4,2,2,4),(0.0335645187467821,
0.0587155499653038,0.0783159948663364,0.097916439767369),.UNSPECIFIED.);
#23=B_SPLINE_CURVE_WITH_KNOTS('',3,(#14805,#14806,#14807,#14808,#14809,
#14810,#14811,#14812),.UNSPECIFIED.,.F.,.F.,(4,2,2,4),(0.0335645187467802,
0.0587155499653033,0.0783159948663364,0.0979164397673696),.UNSPECIFIED.);
#24=B_SPLINE_CURVE_WITH_KNOTS('',3,(#14822,#14823,#14824,#14825,#14826,
#14827,#14828,#14829),.UNSPECIFIED.,.F.,.F.,(4,2,2,4),(0.342469742940904,
0.362070187841938,0.381670632742971,0.406821663961493),.UNSPECIFIED.);
#25=B_SPLINE_CURVE_WITH_KNOTS('',3,(#14837,#14838,#14839,#14840,#14841,
#14842,#14843,#14844),.UNSPECIFIED.,.F.,.F.,(4,2,2,4),(0.0335645187467833,
0.0587155499653038,0.0783159948663364,0.097916439767369),.UNSPECIFIED.);
#26=B_SPLINE_CURVE_WITH_KNOTS('',3,(#14854,#14855,#14856,#14857,#14858,
#14859,#14860,#14861),.UNSPECIFIED.,.F.,.F.,(4,2,2,4),(0.342469742940898,
0.362070187841931,0.381670632742963,0.406821663961484),.UNSPECIFIED.);
#27=B_SPLINE_CURVE_WITH_KNOTS('',3,(#14869,#14870,#14871,#14872,#14873,
#14874,#14875,#14876),.UNSPECIFIED.,.F.,.F.,(4,2,2,4),(0.342469742940899,
0.362070187841932,0.381670632742964,0.406821663961486),.UNSPECIFIED.);
#28=B_SPLINE_CURVE_WITH_KNOTS('',3,(#14880,#14881,#14882,#14883,#14884,
#14885,#14886,#14887),.UNSPECIFIED.,.F.,.F.,(4,2,2,4),(0.0335645187467835,
0.0587155499653033,0.0783159948663364,0.0979164397673696),.UNSPECIFIED.);
#29=B_SPLINE_CURVE_WITH_KNOTS('',3,(#14891,#14892,#14893,#14894,#14895,
#14896,#14897,#14898),.UNSPECIFIED.,.F.,.F.,(4,2,2,4),(0.342469742940903,
0.362070187841937,0.38167063274297,0.40682166396149),.UNSPECIFIED.);
#30=B_SPLINE_CURVE_WITH_KNOTS('',3,(#14906,#14907,#14908,#14909,#14910,
#14911,#14912,#14913),.UNSPECIFIED.,.F.,.F.,(4,2,2,4),(0.0335645187467821,
0.0587155499653038,0.0783159948663364,0.097916439767369),.UNSPECIFIED.);
#31=B_SPLINE_CURVE_WITH_KNOTS('',3,(#15017,#15018,#15019,#15020,#15021,
#15022,#15023,#15024),.UNSPECIFIED.,.F.,.F.,(4,2,2,4),(0.0335645187467802,
0.0587155499653033,0.0783159948663364,0.0979164397673696),.UNSPECIFIED.);
#32=B_SPLINE_CURVE_WITH_KNOTS('',3,(#15034,#15035,#15036,#15037,#15038,
#15039,#15040,#15041),.UNSPECIFIED.,.F.,.F.,(4,2,2,4),(0.342469742940904,
0.362070187841938,0.381670632742971,0.406821663961493),.UNSPECIFIED.);
#33=B_SPLINE_CURVE_WITH_KNOTS('',3,(#15049,#15050,#15051,#15052,#15053,
#15054,#15055,#15056),.UNSPECIFIED.,.F.,.F.,(4,2,2,4),(0.0335645187467833,
0.0587155499653038,0.0783159948663364,0.097916439767369),.UNSPECIFIED.);
#34=B_SPLINE_CURVE_WITH_KNOTS('',3,(#15066,#15067,#15068,#15069,#15070,
#15071,#15072,#15073),.UNSPECIFIED.,.F.,.F.,(4,2,2,4),(0.342469742940898,
0.362070187841931,0.381670632742963,0.406821663961484),.UNSPECIFIED.);
#35=B_SPLINE_CURVE_WITH_KNOTS('',3,(#15081,#15082,#15083,#15084,#15085,
#15086,#15087,#15088),.UNSPECIFIED.,.F.,.F.,(4,2,2,4),(0.342469742940899,
0.362070187841932,0.381670632742964,0.406821663961486),.UNSPECIFIED.);
#36=B_SPLINE_CURVE_WITH_KNOTS('',3,(#15092,#15093,#15094,#15095,#15096,
#15097,#15098,#15099),.UNSPECIFIED.,.F.,.F.,(4,2,2,4),(0.0335645187467835,
0.0587155499653033,0.0783159948663364,0.0979164397673696),.UNSPECIFIED.);
#37=B_SPLINE_CURVE_WITH_KNOTS('',3,(#15103,#15104,#15105,#15106,#15107,
#15108,#15109,#15110),.UNSPECIFIED.,.F.,.F.,(4,2,2,4),(0.342469742940903,
0.362070187841937,0.38167063274297,0.40682166396149),.UNSPECIFIED.);
#38=B_SPLINE_CURVE_WITH_KNOTS('',3,(#15118,#15119,#15120,#15121,#15122,
#15123,#15124,#15125),.UNSPECIFIED.,.F.,.F.,(4,2,2,4),(0.0335645187467821,
0.0587155499653038,0.0783159948663364,0.097916439767369),.UNSPECIFIED.);
#39=B_SPLINE_CURVE_WITH_KNOTS('',3,(#15229,#15230,#15231,#15232,#15233,
#15234,#15235,#15236),.UNSPECIFIED.,.F.,.F.,(4,2,2,4),(0.0335645187467802,
0.0587155499653033,0.0783159948663364,0.0979164397673696),.UNSPECIFIED.);
#40=B_SPLINE_CURVE_WITH_KNOTS('',3,(#15246,#15247,#15248,#15249,#15250,
#15251,#15252,#15253),.UNSPECIFIED.,.F.,.F.,(4,2,2,4),(0.342469742940904,
0.362070187841938,0.381670632742971,0.406821663961493),.UNSPECIFIED.);
#41=B_SPLINE_CURVE_WITH_KNOTS('',3,(#15264,#15265,#15266,#15267,#15268,
#15269,#15270,#15271),.UNSPECIFIED.,.F.,.F.,(4,2,2,4),(0.0335645187467833,
0.0587155499653038,0.0783159948663364,0.097916439767369),.UNSPECIFIED.);
#42=B_SPLINE_CURVE_WITH_KNOTS('',3,(#15280,#15281,#15282,#15283,#15284,
#15285,#15286,#15287),.UNSPECIFIED.,.F.,.F.,(4,2,2,4),(0.342469742940898,
0.362070187841931,0.381670632742963,0.406821663961484),.UNSPECIFIED.);
#43=B_SPLINE_CURVE_WITH_KNOTS('',3,(#15299,#15300,#15301,#15302,#15303,
#15304,#15305,#15306),.UNSPECIFIED.,.F.,.F.,(4,2,2,4),(0.342469742940899,
0.362070187841932,0.381670632742964,0.406821663961486),.UNSPECIFIED.);
#44=B_SPLINE_CURVE_WITH_KNOTS('',3,(#15310,#15311,#15312,#15313,#15314,
#15315,#15316,#15317),.UNSPECIFIED.,.F.,.F.,(4,2,2,4),(0.0335645187467835,
0.0587155499653033,0.0783159948663364,0.0979164397673696),.UNSPECIFIED.);
#45=B_SPLINE_CURVE_WITH_KNOTS('',3,(#15321,#15322,#15323,#15324,#15325,
#15326,#15327,#15328),.UNSPECIFIED.,.F.,.F.,(4,2,2,4),(0.342469742940903,
0.362070187841937,0.38167063274297,0.40682166396149),.UNSPECIFIED.);
#46=B_SPLINE_CURVE_WITH_KNOTS('',3,(#15333,#15334,#15335,#15336,#15337,
#15338,#15339,#15340),.UNSPECIFIED.,.F.,.F.,(4,2,2,4),(0.0335645187467821,
0.0587155499653038,0.0783159948663364,0.097916439767369),.UNSPECIFIED.);
#47=CONICAL_SURFACE('',#9746,8.50000000000007,0.785398163398203);
#48=CONICAL_SURFACE('',#9750,8.49999999999996,0.785398163397471);
#49=CONICAL_SURFACE('',#9754,8.50000000001092,0.785398163397527);
#50=CONICAL_SURFACE('',#9758,8.49999999999236,0.785398163398234);
#51=CONICAL_SURFACE('',#9805,8.49999999999235,0.785398163397447);
#52=CONICAL_SURFACE('',#9809,8.50000000001098,0.785398163397448);
#53=CONICAL_SURFACE('',#9813,8.49999999999995,0.785398163397448);
#54=CONICAL_SURFACE('',#9816,8.5,0.785398163397448);
#55=CONICAL_SURFACE('',#9890,0.599999999999992,0.785398163397501);
#56=CONICAL_SURFACE('',#9892,3.09999999999999,0.785398163397481);
#57=CONICAL_SURFACE('',#9894,0.600000000000003,0.785398163397491);
#58=CONICAL_SURFACE('',#9896,3.1,0.785398163397498);
#59=CONICAL_SURFACE('',#9898,0.600000000000013,0.785398163397481);
#60=CONICAL_SURFACE('',#9900,3.1,0.785398163397498);
#61=CONICAL_SURFACE('',#9902,0.599999999999994,0.785398163397477);
#62=CONICAL_SURFACE('',#9904,3.09999999999999,0.785398163397476);
#63=CONICAL_SURFACE('',#9906,0.599999999999999,0.785398163397471);
#64=CONICAL_SURFACE('',#9908,0.599999999999999,0.78539816339746);
#65=CONICAL_SURFACE('',#9910,0.600000000000007,0.785398163397459);
#66=CONICAL_SURFACE('',#9912,0.600000000000007,0.785398163397459);
#67=CONICAL_SURFACE('',#9914,0.600000000000007,0.785398163397467);
#68=CONICAL_SURFACE('',#9916,0.600000000000007,0.785398163397478);
#69=CONICAL_SURFACE('',#9918,0.599999999999999,0.785398163397478);
#70=CONICAL_SURFACE('',#9920,0.599999999999999,0.785398163397478);
#71=CONICAL_SURFACE('',#9934,3.45,0.785398163397451);
#72=CONICAL_SURFACE('',#9964,0.599999999999992,0.785398163397501);
#73=CONICAL_SURFACE('',#9966,3.09999999999999,0.785398163397481);
#74=CONICAL_SURFACE('',#9968,0.600000000000003,0.785398163397491);
#75=CONICAL_SURFACE('',#9970,3.1,0.785398163397498);
#76=CONICAL_SURFACE('',#9972,0.600000000000013,0.785398163397481);
#77=CONICAL_SURFACE('',#9974,3.1,0.785398163397498);
#78=CONICAL_SURFACE('',#9976,0.599999999999994,0.785398163397477);
#79=CONICAL_SURFACE('',#9978,3.09999999999999,0.785398163397476);
#80=CONICAL_SURFACE('',#9980,0.599999999999999,0.785398163397471);
#81=CONICAL_SURFACE('',#9982,0.599999999999999,0.78539816339746);
#82=CONICAL_SURFACE('',#9984,0.600000000000007,0.785398163397459);
#83=CONICAL_SURFACE('',#9986,0.600000000000007,0.785398163397459);
#84=CONICAL_SURFACE('',#9988,0.600000000000007,0.785398163397467);
#85=CONICAL_SURFACE('',#9990,0.600000000000007,0.785398163397478);
#86=CONICAL_SURFACE('',#9992,0.599999999999999,0.785398163397478);
#87=CONICAL_SURFACE('',#9994,0.599999999999999,0.785398163397478);
#88=CONICAL_SURFACE('',#10008,3.45,0.785398163397451);
#89=CONICAL_SURFACE('',#10038,0.599999999999992,0.785398163397501);
#90=CONICAL_SURFACE('',#10040,3.09999999999999,0.785398163397481);
#91=CONICAL_SURFACE('',#10042,0.600000000000003,0.785398163397491);
#92=CONICAL_SURFACE('',#10044,3.1,0.785398163397498);
#93=CONICAL_SURFACE('',#10046,0.600000000000013,0.785398163397481);
#94=CONICAL_SURFACE('',#10048,3.1,0.785398163397498);
#95=CONICAL_SURFACE('',#10050,0.599999999999994,0.785398163397477);
#96=CONICAL_SURFACE('',#10052,3.09999999999999,0.785398163397476);
#97=CONICAL_SURFACE('',#10054,0.599999999999999,0.785398163397471);
#98=CONICAL_SURFACE('',#10056,0.599999999999999,0.78539816339746);
#99=CONICAL_SURFACE('',#10058,0.600000000000007,0.785398163397459);
#100=CONICAL_SURFACE('',#10060,0.600000000000007,0.785398163397459);
#101=CONICAL_SURFACE('',#10062,0.600000000000007,0.785398163397467);
#102=CONICAL_SURFACE('',#10064,0.600000000000007,0.785398163397478);
#103=CONICAL_SURFACE('',#10066,0.599999999999999,0.785398163397478);
#104=CONICAL_SURFACE('',#10068,0.599999999999999,0.785398163397478);
#105=CONICAL_SURFACE('',#10082,3.45,0.785398163397451);
#106=CONICAL_SURFACE('',#10112,0.599999999999992,0.785398163397501);
#107=CONICAL_SURFACE('',#10114,3.09999999999999,0.785398163397481);
#108=CONICAL_SURFACE('',#10116,0.600000000000003,0.785398163397491);
#109=CONICAL_SURFACE('',#10118,3.1,0.785398163397498);
#110=CONICAL_SURFACE('',#10120,0.600000000000013,0.785398163397481);
#111=CONICAL_SURFACE('',#10122,3.1,0.785398163397498);
#112=CONICAL_SURFACE('',#10124,0.599999999999994,0.785398163397477);
#113=CONICAL_SURFACE('',#10126,3.09999999999999,0.785398163397476);
#114=CONICAL_SURFACE('',#10128,0.599999999999999,0.785398163397471);
#115=CONICAL_SURFACE('',#10130,0.599999999999999,0.78539816339746);
#116=CONICAL_SURFACE('',#10132,0.600000000000007,0.785398163397459);
#117=CONICAL_SURFACE('',#10134,0.600000000000007,0.785398163397459);
#118=CONICAL_SURFACE('',#10136,0.600000000000007,0.785398163397467);
#119=CONICAL_SURFACE('',#10138,0.600000000000007,0.785398163397478);
#120=CONICAL_SURFACE('',#10140,0.599999999999999,0.785398163397478);
#121=CONICAL_SURFACE('',#10142,0.599999999999999,0.785398163397478);
#122=CONICAL_SURFACE('',#10160,3.45,0.785398163397451);
#123=CONICAL_SURFACE('',#10199,3.,0.785398163397449);
#124=CONICAL_SURFACE('',#10202,3.,0.785398163397449);
#125=CONICAL_SURFACE('',#10208,3.,0.785398163397449);
#126=CONICAL_SURFACE('',#10210,3.,0.785398163397449);
#127=CONICAL_SURFACE('',#10215,3.,0.785398163397449);
#128=CONICAL_SURFACE('',#10218,3.,0.785398163397449);
#129=CONICAL_SURFACE('',#10223,3.,0.785398163397449);
#130=CONICAL_SURFACE('',#10225,3.,0.785398163397449);
#131=CONICAL_SURFACE('',#10231,3.,0.785398163397449);
#132=CONICAL_SURFACE('',#10234,3.,0.785398163397449);
#133=CONICAL_SURFACE('',#10239,3.,0.785398163397449);
#134=CONICAL_SURFACE('',#10241,3.,0.785398163397449);
#135=CONICAL_SURFACE('',#10247,3.,0.785398163397449);
#136=CONICAL_SURFACE('',#10250,3.,0.785398163397449);
#137=CONICAL_SURFACE('',#10255,3.,0.785398163397449);
#138=CONICAL_SURFACE('',#10257,3.,0.785398163397449);
#139=CONICAL_SURFACE('',#10263,3.,0.785398163397449);
#140=CONICAL_SURFACE('',#10266,3.,0.785398163397449);
#141=CONICAL_SURFACE('',#10271,3.,0.785398163397449);
#142=CONICAL_SURFACE('',#10273,3.,0.785398163397449);
#143=CONICAL_SURFACE('',#10279,3.,0.785398163397449);
#144=CONICAL_SURFACE('',#10282,3.,0.785398163397449);
#145=CONICAL_SURFACE('',#10287,3.,0.785398163397449);
#146=CONICAL_SURFACE('',#10289,3.,0.785398163397449);
#147=CONICAL_SURFACE('',#10295,3.,0.785398163397449);
#148=CONICAL_SURFACE('',#10298,3.,0.785398163397449);
#149=CONICAL_SURFACE('',#10303,3.,0.785398163397449);
#150=CONICAL_SURFACE('',#10305,3.,0.785398163397449);
#151=CONICAL_SURFACE('',#10311,3.,0.785398163397449);
#152=CONICAL_SURFACE('',#10314,3.,0.785398163397449);
#153=CONICAL_SURFACE('',#10319,3.,0.785398163397449);
#154=CONICAL_SURFACE('',#10321,3.,0.785398163397449);
#155=CONICAL_SURFACE('',#10327,3.,0.785398163397449);
#156=CONICAL_SURFACE('',#10330,3.,0.785398163397449);
#157=CONICAL_SURFACE('',#10335,3.,0.785398163397449);
#158=CONICAL_SURFACE('',#10337,3.,0.785398163397449);
#159=CONICAL_SURFACE('',#10343,3.,0.785398163397449);
#160=CONICAL_SURFACE('',#10346,3.,0.785398163397449);
#161=CONICAL_SURFACE('',#10351,3.,0.785398163397449);
#162=CONICAL_SURFACE('',#10353,3.,0.785398163397449);
#163=CONICAL_SURFACE('',#10359,3.,0.785398163397449);
#164=CONICAL_SURFACE('',#10362,3.,0.785398163397449);
#165=CONICAL_SURFACE('',#10367,3.,0.785398163397449);
#166=CONICAL_SURFACE('',#10369,3.,0.785398163397449);
#167=CONICAL_SURFACE('',#10375,3.,0.785398163397449);
#168=CONICAL_SURFACE('',#10378,3.,0.785398163397449);
#169=CONICAL_SURFACE('',#10383,3.,0.785398163397449);
#170=CONICAL_SURFACE('',#10385,3.,0.785398163397449);
#171=CONICAL_SURFACE('',#10391,3.,0.785398163397449);
#172=CONICAL_SURFACE('',#10394,3.,0.785398163397449);
#173=CONICAL_SURFACE('',#10399,3.,0.785398163397449);
#174=CONICAL_SURFACE('',#10401,3.,0.785398163397449);
#175=CONICAL_SURFACE('',#10407,3.,0.785398163397449);
#176=CONICAL_SURFACE('',#10410,3.,0.785398163397449);
#177=CONICAL_SURFACE('',#10415,3.,0.785398163397449);
#178=CONICAL_SURFACE('',#10417,3.,0.785398163397449);
#179=CONICAL_SURFACE('',#10423,3.,0.785398163397449);
#180=CONICAL_SURFACE('',#10426,3.,0.785398163397449);
#181=CONICAL_SURFACE('',#10431,3.,0.785398163397449);
#182=CONICAL_SURFACE('',#10433,3.,0.785398163397449);
#183=CONICAL_SURFACE('',#10439,3.,0.785398163397449);
#184=CONICAL_SURFACE('',#10442,3.,0.785398163397449);
#185=CONICAL_SURFACE('',#10447,3.,0.785398163397449);
#186=CONICAL_SURFACE('',#10449,3.,0.785398163397449);
#187=CONICAL_SURFACE('',#10455,3.,0.785398163397449);
#188=CONICAL_SURFACE('',#10458,3.,0.785398163397449);
#189=CONICAL_SURFACE('',#10463,3.,0.785398163397449);
#190=CONICAL_SURFACE('',#10465,3.,0.785398163397449);
#191=CONICAL_SURFACE('',#10471,3.,0.785398163397449);
#192=CONICAL_SURFACE('',#10474,3.,0.785398163397449);
#193=CONICAL_SURFACE('',#10480,3.,0.785398163397449);
#194=CONICAL_SURFACE('',#10482,3.,0.785398163397449);
#195=CONICAL_SURFACE('',#10487,3.,0.785398163397449);
#196=CONICAL_SURFACE('',#10490,3.,0.785398163397449);
#197=CONICAL_SURFACE('',#10496,3.,0.785398163397449);
#198=CONICAL_SURFACE('',#10498,3.,0.785398163397449);
#199=CONICAL_SURFACE('',#10503,3.,0.785398163397449);
#200=CONICAL_SURFACE('',#10506,3.,0.785398163397449);
#201=CONICAL_SURFACE('',#10512,3.,0.785398163397449);
#202=CONICAL_SURFACE('',#10514,3.,0.785398163397449);
#203=CONICAL_SURFACE('',#10519,3.,0.785398163397449);
#204=CONICAL_SURFACE('',#10522,3.,0.785398163397449);
#205=CONICAL_SURFACE('',#10528,3.,0.785398163397449);
#206=CONICAL_SURFACE('',#10530,3.,0.785398163397449);
#207=CONICAL_SURFACE('',#10535,3.,0.785398163397449);
#208=CONICAL_SURFACE('',#10538,3.,0.785398163397449);
#209=CONICAL_SURFACE('',#10544,3.,0.785398163397449);
#210=CONICAL_SURFACE('',#10546,3.,0.785398163397449);
#211=CONICAL_SURFACE('',#10551,3.,0.785398163397449);
#212=CONICAL_SURFACE('',#10554,3.,0.785398163397449);
#213=CONICAL_SURFACE('',#10560,3.,0.785398163397449);
#214=CONICAL_SURFACE('',#10562,3.,0.785398163397449);
#215=CONICAL_SURFACE('',#10567,3.,0.785398163397449);
#216=CONICAL_SURFACE('',#10570,3.,0.785398163397449);
#217=CONICAL_SURFACE('',#10576,3.,0.785398163397449);
#218=CONICAL_SURFACE('',#10578,3.,0.785398163397449);
#219=CONICAL_SURFACE('',#10583,3.,0.785398163397449);
#220=CONICAL_SURFACE('',#10586,3.,0.785398163397449);
#221=CONICAL_SURFACE('',#10592,3.,0.785398163397449);
#222=CONICAL_SURFACE('',#10594,3.,0.785398163397449);
#223=CONICAL_SURFACE('',#10599,3.,0.785398163397449);
#224=CONICAL_SURFACE('',#10602,3.,0.785398163397449);
#225=CONICAL_SURFACE('',#10608,3.,0.785398163397449);
#226=CONICAL_SURFACE('',#10610,3.,0.785398163397449);
#227=CONICAL_SURFACE('',#10615,3.,0.785398163397449);
#228=CONICAL_SURFACE('',#10618,3.,0.785398163397449);
#229=CONICAL_SURFACE('',#10624,3.,0.785398163397449);
#230=CONICAL_SURFACE('',#10626,3.,0.785398163397449);
#231=CONICAL_SURFACE('',#10631,3.,0.785398163397449);
#232=CONICAL_SURFACE('',#10634,3.,0.785398163397449);
#233=CONICAL_SURFACE('',#10640,3.,0.785398163397449);
#234=CONICAL_SURFACE('',#10642,3.,0.785398163397449);
#235=CONICAL_SURFACE('',#10647,3.,0.785398163397449);
#236=CONICAL_SURFACE('',#10650,3.,0.785398163397449);
#237=CONICAL_SURFACE('',#10656,3.,0.785398163397449);
#238=CONICAL_SURFACE('',#10658,3.,0.785398163397449);
#239=CONICAL_SURFACE('',#10663,3.,0.785398163397449);
#240=CONICAL_SURFACE('',#10666,3.,0.785398163397449);
#241=CONICAL_SURFACE('',#10672,3.,0.785398163397449);
#242=CONICAL_SURFACE('',#10674,3.,0.785398163397449);
#243=CONICAL_SURFACE('',#10679,3.,0.785398163397449);
#244=CONICAL_SURFACE('',#10682,3.,0.785398163397449);
#245=CONICAL_SURFACE('',#10688,3.,0.785398163397449);
#246=CONICAL_SURFACE('',#10690,3.,0.785398163397449);
#247=CONICAL_SURFACE('',#10695,3.,0.785398163397449);
#248=CONICAL_SURFACE('',#10698,3.,0.785398163397449);
#249=CONICAL_SURFACE('',#10704,3.,0.785398163397449);
#250=CONICAL_SURFACE('',#10706,3.,0.785398163397449);
#251=FACE_BOUND('',#1610,.T.);
#252=FACE_BOUND('',#1611,.T.);
#253=FACE_BOUND('',#1612,.T.);
#254=FACE_BOUND('',#1613,.T.);
#255=FACE_BOUND('',#1614,.T.);
#256=FACE_BOUND('',#1615,.T.);
#257=FACE_BOUND('',#1616,.T.);
#258=FACE_BOUND('',#1617,.T.);
#259=FACE_BOUND('',#1618,.T.);
#260=FACE_BOUND('',#1619,.T.);
#261=FACE_BOUND('',#1620,.T.);
#262=FACE_BOUND('',#1621,.T.);
#263=FACE_BOUND('',#1622,.T.);
#264=FACE_BOUND('',#1623,.T.);
#265=FACE_BOUND('',#1624,.T.);
#266=FACE_BOUND('',#1625,.T.);
#267=FACE_BOUND('',#1626,.T.);
#268=FACE_BOUND('',#1627,.T.);
#269=FACE_BOUND('',#1628,.T.);
#270=FACE_BOUND('',#1629,.T.);
#271=FACE_BOUND('',#1630,.T.);
#272=FACE_BOUND('',#1631,.T.);
#273=FACE_BOUND('',#1632,.T.);
#274=FACE_BOUND('',#1633,.T.);
#275=FACE_BOUND('',#1634,.T.);
#276=FACE_BOUND('',#1635,.T.);
#277=FACE_BOUND('',#1636,.T.);
#278=FACE_BOUND('',#1637,.T.);
#279=FACE_BOUND('',#1638,.T.);
#280=FACE_BOUND('',#1639,.T.);
#281=FACE_BOUND('',#1640,.T.);
#282=FACE_BOUND('',#1641,.T.);
#283=FACE_BOUND('',#1665,.T.);
#284=FACE_BOUND('',#1666,.T.);
#285=FACE_BOUND('',#1667,.T.);
#286=FACE_BOUND('',#1668,.T.);
#287=FACE_BOUND('',#1669,.T.);
#288=FACE_BOUND('',#1682,.T.);
#289=FACE_BOUND('',#1683,.T.);
#290=FACE_BOUND('',#1684,.T.);
#291=FACE_BOUND('',#1685,.T.);
#292=FACE_BOUND('',#1686,.T.);
#293=FACE_BOUND('',#1687,.T.);
#294=FACE_BOUND('',#1688,.T.);
#295=FACE_BOUND('',#1689,.T.);
#296=FACE_BOUND('',#1690,.T.);
#297=FACE_BOUND('',#1691,.T.);
#298=FACE_BOUND('',#1692,.T.);
#299=FACE_BOUND('',#1693,.T.);
#300=FACE_BOUND('',#1694,.T.);
#301=FACE_BOUND('',#1695,.T.);
#302=FACE_BOUND('',#1696,.T.);
#303=FACE_BOUND('',#1697,.T.);
#304=FACE_BOUND('',#1698,.T.);
#305=FACE_BOUND('',#1699,.T.);
#306=FACE_BOUND('',#1700,.T.);
#307=FACE_BOUND('',#1701,.T.);
#308=FACE_BOUND('',#1702,.T.);
#309=FACE_BOUND('',#1703,.T.);
#310=FACE_BOUND('',#1704,.T.);
#311=FACE_BOUND('',#1705,.T.);
#312=FACE_BOUND('',#1706,.T.);
#313=FACE_BOUND('',#1707,.T.);
#314=FACE_BOUND('',#1708,.T.);
#315=FACE_BOUND('',#1709,.T.);
#316=FACE_BOUND('',#1710,.T.);
#317=FACE_BOUND('',#1711,.T.);
#318=FACE_BOUND('',#1712,.T.);
#319=FACE_BOUND('',#1713,.T.);
#320=FACE_BOUND('',#1714,.T.);
#321=FACE_BOUND('',#1715,.T.);
#322=FACE_BOUND('',#1716,.T.);
#323=FACE_BOUND('',#1717,.T.);
#324=CIRCLE('',#9655,5.50000000000001);
#325=CIRCLE('',#9657,5.5);
#326=CIRCLE('',#9660,5.5);
#327=CIRCLE('',#9663,5.50000000000001);
#328=CIRCLE('',#9665,3.4);
#329=CIRCLE('',#9666,3.4);
#330=CIRCLE('',#9667,3.4);
#331=CIRCLE('',#9668,3.4);
#332=CIRCLE('',#9669,3.4);
#333=CIRCLE('',#9670,3.4);
#334=CIRCLE('',#9671,3.4);
#335=CIRCLE('',#9672,3.4);
#336=CIRCLE('',#9673,3.4);
#337=CIRCLE('',#9674,3.4);
#338=CIRCLE('',#9675,3.4);
#339=CIRCLE('',#9676,3.4);
#340=CIRCLE('',#9677,3.4);
#341=CIRCLE('',#9678,3.4);
#342=CIRCLE('',#9679,3.4);
#343=CIRCLE('',#9680,3.4);
#344=CIRCLE('',#9681,3.4);
#345=CIRCLE('',#9682,3.4);
#346=CIRCLE('',#9683,3.4);
#347=CIRCLE('',#9684,3.4);
#348=CIRCLE('',#9685,3.4);
#349=CIRCLE('',#9686,3.4);
#350=CIRCLE('',#9687,3.4);
#351=CIRCLE('',#9688,3.4);
#352=CIRCLE('',#9689,3.4);
#353=CIRCLE('',#9690,3.4);
#354=CIRCLE('',#9691,3.4);
#355=CIRCLE('',#9692,3.4);
#356=CIRCLE('',#9693,3.4);
#357=CIRCLE('',#9694,3.4);
#358=CIRCLE('',#9695,3.4);
#359=CIRCLE('',#9696,3.4);
#360=CIRCLE('',#9697,3.4);
#361=CIRCLE('',#9698,3.4);
#362=CIRCLE('',#9699,3.4);
#363=CIRCLE('',#9700,3.4);
#364=CIRCLE('',#9701,3.4);
#365=CIRCLE('',#9702,3.4);
#366=CIRCLE('',#9703,3.4);
#367=CIRCLE('',#9704,3.4);
#368=CIRCLE('',#9705,3.4);
#369=CIRCLE('',#9706,3.4);
#370=CIRCLE('',#9707,3.4);
#371=CIRCLE('',#9708,3.4);
#372=CIRCLE('',#9709,3.4);
#373=CIRCLE('',#9710,3.4);
#374=CIRCLE('',#9711,3.4);
#375=CIRCLE('',#9712,3.4);
#376=CIRCLE('',#9713,3.4);
#377=CIRCLE('',#9714,3.4);
#378=CIRCLE('',#9715,3.4);
#379=CIRCLE('',#9716,3.4);
#380=CIRCLE('',#9717,3.4);
#381=CIRCLE('',#9718,3.4);
#382=CIRCLE('',#9719,3.4);
#383=CIRCLE('',#9720,3.4);
#384=CIRCLE('',#9721,3.4);
#385=CIRCLE('',#9722,3.4);
#386=CIRCLE('',#9723,3.4);
#387=CIRCLE('',#9724,3.4);
#388=CIRCLE('',#9725,3.4);
#389=CIRCLE('',#9726,3.4);
#390=CIRCLE('',#9727,3.4);
#391=CIRCLE('',#9728,3.4);
#392=CIRCLE('',#9747,8.00000000000013);
#393=CIRCLE('',#9748,9.);
#394=CIRCLE('',#9751,7.99999999999998);
#395=CIRCLE('',#9752,8.99999999999995);
#396=CIRCLE('',#9755,8.00000000001086);
#397=CIRCLE('',#9756,9.00000000001098);
#398=CIRCLE('',#9759,7.99999999999237);
#399=CIRCLE('',#9760,8.99999999999235);
#400=CIRCLE('',#9762,8.99999999999995);
#401=CIRCLE('',#9765,9.);
#402=CIRCLE('',#9768,0.900000000000023);
#403=CIRCLE('',#9769,3.40000000000001);
#404=CIRCLE('',#9770,0.900000000000009);
#405=CIRCLE('',#9771,3.40000000000003);
#406=CIRCLE('',#9772,0.900000000000033);
#407=CIRCLE('',#9773,3.40000000000003);
#408=CIRCLE('',#9774,0.900000000000027);
#409=CIRCLE('',#9775,3.40000000000002);
#410=CIRCLE('',#9776,0.900000000000023);
#411=CIRCLE('',#9777,3.40000000000001);
#412=CIRCLE('',#9778,0.900000000000009);
#413=CIRCLE('',#9779,3.40000000000003);
#414=CIRCLE('',#9780,0.900000000000033);
#415=CIRCLE('',#9781,3.40000000000003);
#416=CIRCLE('',#9782,0.900000000000027);
#417=CIRCLE('',#9783,3.40000000000002);
#418=CIRCLE('',#9784,5.50000000000001);
#419=CIRCLE('',#9785,5.50000000000001);
#420=CIRCLE('',#9786,5.5);
#421=CIRCLE('',#9787,5.5);
#422=CIRCLE('',#9788,0.899999999999984);
#423=CIRCLE('',#9789,3.39999999999999);
#424=CIRCLE('',#9790,0.899999999999987);
#425=CIRCLE('',#9791,3.4);
#426=CIRCLE('',#9792,0.900000000000026);
#427=CIRCLE('',#9793,3.4);
#428=CIRCLE('',#9794,0.900000000000005);
#429=CIRCLE('',#9795,3.39999999999999);
#430=CIRCLE('',#9796,0.900000000000023);
#431=CIRCLE('',#9797,3.40000000000001);
#432=CIRCLE('',#9798,0.900000000000009);
#433=CIRCLE('',#9799,3.40000000000003);
#434=CIRCLE('',#9800,0.900000000000033);
#435=CIRCLE('',#9801,3.40000000000003);
#436=CIRCLE('',#9802,0.900000000000027);
#437=CIRCLE('',#9803,3.40000000000002);
#438=CIRCLE('',#9806,7.99999999999235);
#439=CIRCLE('',#9807,8.99999999999235);
#440=CIRCLE('',#9810,8.00000000001098);
#441=CIRCLE('',#9811,9.00000000001098);
#442=CIRCLE('',#9814,7.99999999999995);
#443=CIRCLE('',#9817,8.00000000000001);
#444=CIRCLE('',#9822,4.1);
#445=CIRCLE('',#9823,4.1);
#446=CIRCLE('',#9824,3.4);
#447=CIRCLE('',#9825,3.4);
#448=CIRCLE('',#9826,3.4);
#449=CIRCLE('',#9827,3.4);
#450=CIRCLE('',#9828,3.4);
#451=CIRCLE('',#9829,3.4);
#452=CIRCLE('',#9830,3.4);
#453=CIRCLE('',#9831,3.4);
#454=CIRCLE('',#9832,3.4);
#455=CIRCLE('',#9833,3.4);
#456=CIRCLE('',#9834,3.4);
#457=CIRCLE('',#9835,3.4);
#458=CIRCLE('',#9836,3.4);
#459=CIRCLE('',#9837,3.4);
#460=CIRCLE('',#9838,3.4);
#461=CIRCLE('',#9839,3.4);
#462=CIRCLE('',#9840,3.4);
#463=CIRCLE('',#9841,3.4);
#464=CIRCLE('',#9842,3.4);
#465=CIRCLE('',#9843,3.4);
#466=CIRCLE('',#9844,3.4);
#467=CIRCLE('',#9845,3.4);
#468=CIRCLE('',#9846,3.4);
#469=CIRCLE('',#9847,3.4);
#470=CIRCLE('',#9848,3.4);
#471=CIRCLE('',#9849,3.4);
#472=CIRCLE('',#9850,3.4);
#473=CIRCLE('',#9851,3.4);
#474=CIRCLE('',#9852,3.4);
#475=CIRCLE('',#9853,3.4);
#476=CIRCLE('',#9854,3.4);
#477=CIRCLE('',#9855,3.4);
#478=CIRCLE('',#9856,3.4);
#479=CIRCLE('',#9857,3.4);
#480=CIRCLE('',#9858,3.4);
#481=CIRCLE('',#9859,3.4);
#482=CIRCLE('',#9860,3.4);
#483=CIRCLE('',#9861,3.4);
#484=CIRCLE('',#9862,3.4);
#485=CIRCLE('',#9863,3.4);
#486=CIRCLE('',#9864,3.4);
#487=CIRCLE('',#9865,3.4);
#488=CIRCLE('',#9866,3.4);
#489=CIRCLE('',#9867,3.4);
#490=CIRCLE('',#9868,3.4);
#491=CIRCLE('',#9869,3.4);
#492=CIRCLE('',#9870,3.4);
#493=CIRCLE('',#9871,3.4);
#494=CIRCLE('',#9872,3.4);
#495=CIRCLE('',#9873,3.4);
#496=CIRCLE('',#9874,3.4);
#497=CIRCLE('',#9875,3.4);
#498=CIRCLE('',#9876,3.4);
#499=CIRCLE('',#9877,3.4);
#500=CIRCLE('',#9878,3.4);
#501=CIRCLE('',#9879,3.4);
#502=CIRCLE('',#9880,3.4);
#503=CIRCLE('',#9881,3.4);
#504=CIRCLE('',#9882,3.4);
#505=CIRCLE('',#9883,3.4);
#506=CIRCLE('',#9884,3.4);
#507=CIRCLE('',#9885,3.4);
#508=CIRCLE('',#9886,3.4);
#509=CIRCLE('',#9887,3.4);
#510=CIRCLE('',#9888,4.1);
#511=CIRCLE('',#9889,4.1);
#512=CIRCLE('',#9891,0.3);
#513=CIRCLE('',#9893,2.79999999999999);
#514=CIRCLE('',#9895,0.3);
#515=CIRCLE('',#9897,2.79999999999999);
#516=CIRCLE('',#9899,0.3);
#517=CIRCLE('',#9901,2.79999999999999);
#518=CIRCLE('',#9903,0.3);
#519=CIRCLE('',#9905,2.79999999999999);
#520=CIRCLE('',#9907,0.599999999999999);
#521=CIRCLE('',#9909,0.599999999999999);
#522=CIRCLE('',#9911,0.600000000000007);
#523=CIRCLE('',#9913,0.600000000000007);
#524=CIRCLE('',#9915,0.600000000000007);
#525=CIRCLE('',#9917,0.600000000000007);
#526=CIRCLE('',#9919,0.599999999999999);
#527=CIRCLE('',#9921,0.599999999999999);
#528=CIRCLE('',#9923,0.600000000000007);
#529=CIRCLE('',#9925,0.3);
#530=CIRCLE('',#9927,0.600000000000007);
#531=CIRCLE('',#9929,0.599999999999999);
#532=CIRCLE('',#9931,0.3);
#533=CIRCLE('',#9933,0.599999999999999);
#534=CIRCLE('',#9935,3.1);
#535=CIRCLE('',#9936,2.79999999999999);
#536=CIRCLE('',#9937,3.1);
#537=CIRCLE('',#9938,2.79999999999999);
#538=CIRCLE('',#9939,3.1);
#539=CIRCLE('',#9940,2.79999999999999);
#540=CIRCLE('',#9941,3.1);
#541=CIRCLE('',#9942,2.79999999999999);
#542=CIRCLE('',#9943,3.1);
#543=CIRCLE('',#9945,0.599999999999999);
#544=CIRCLE('',#9947,0.3);
#545=CIRCLE('',#9949,0.599999999999999);
#546=CIRCLE('',#9951,0.600000000000007);
#547=CIRCLE('',#9953,0.3);
#548=CIRCLE('',#9955,0.600000000000007);
#549=CIRCLE('',#9965,0.3);
#550=CIRCLE('',#9967,2.79999999999999);
#551=CIRCLE('',#9969,0.3);
#552=CIRCLE('',#9971,2.79999999999999);
#553=CIRCLE('',#9973,0.3);
#554=CIRCLE('',#9975,2.79999999999999);
#555=CIRCLE('',#9977,0.3);
#556=CIRCLE('',#9979,2.79999999999999);
#557=CIRCLE('',#9981,0.599999999999999);
#558=CIRCLE('',#9983,0.599999999999999);
#559=CIRCLE('',#9985,0.600000000000007);
#560=CIRCLE('',#9987,0.600000000000007);
#561=CIRCLE('',#9989,0.600000000000007);
#562=CIRCLE('',#9991,0.600000000000007);
#563=CIRCLE('',#9993,0.599999999999999);
#564=CIRCLE('',#9995,0.599999999999999);
#565=CIRCLE('',#9997,0.600000000000007);
#566=CIRCLE('',#9999,0.3);
#567=CIRCLE('',#10001,0.600000000000007);
#568=CIRCLE('',#10003,0.599999999999999);
#569=CIRCLE('',#10005,0.3);
#570=CIRCLE('',#10007,0.599999999999999);
#571=CIRCLE('',#10009,3.1);
#572=CIRCLE('',#10010,2.79999999999999);
#573=CIRCLE('',#10011,3.1);
#574=CIRCLE('',#10012,2.79999999999999);
#575=CIRCLE('',#10013,3.1);
#576=CIRCLE('',#10014,2.79999999999999);
#577=CIRCLE('',#10015,3.1);
#578=CIRCLE('',#10016,2.79999999999999);
#579=CIRCLE('',#10017,3.1);
#580=CIRCLE('',#10019,0.599999999999999);
#581=CIRCLE('',#10021,0.3);
#582=CIRCLE('',#10023,0.599999999999999);
#583=CIRCLE('',#10025,0.600000000000007);
#584=CIRCLE('',#10027,0.3);
#585=CIRCLE('',#10029,0.600000000000007);
#586=CIRCLE('',#10039,0.3);
#587=CIRCLE('',#10041,2.79999999999999);
#588=CIRCLE('',#10043,0.3);
#589=CIRCLE('',#10045,2.79999999999999);
#590=CIRCLE('',#10047,0.3);
#591=CIRCLE('',#10049,2.79999999999999);
#592=CIRCLE('',#10051,0.3);
#593=CIRCLE('',#10053,2.79999999999999);
#594=CIRCLE('',#10055,0.599999999999999);
#595=CIRCLE('',#10057,0.599999999999999);
#596=CIRCLE('',#10059,0.600000000000007);
#597=CIRCLE('',#10061,0.600000000000007);
#598=CIRCLE('',#10063,0.600000000000007);
#599=CIRCLE('',#10065,0.600000000000007);
#600=CIRCLE('',#10067,0.599999999999999);
#601=CIRCLE('',#10069,0.599999999999999);
#602=CIRCLE('',#10071,0.600000000000007);
#603=CIRCLE('',#10073,0.3);
#604=CIRCLE('',#10075,0.600000000000007);
#605=CIRCLE('',#10077,0.599999999999999);
#606=CIRCLE('',#10079,0.3);
#607=CIRCLE('',#10081,0.599999999999999);
#608=CIRCLE('',#10083,3.1);
#609=CIRCLE('',#10084,2.79999999999999);
#610=CIRCLE('',#10085,3.1);
#611=CIRCLE('',#10086,2.79999999999999);
#612=CIRCLE('',#10087,3.1);
#613=CIRCLE('',#10088,2.79999999999999);
#614=CIRCLE('',#10089,3.1);
#615=CIRCLE('',#10090,2.79999999999999);
#616=CIRCLE('',#10091,3.1);
#617=CIRCLE('',#10093,0.599999999999999);
#618=CIRCLE('',#10095,0.3);
#619=CIRCLE('',#10097,0.599999999999999);
#620=CIRCLE('',#10099,0.600000000000007);
#621=CIRCLE('',#10101,0.3);
#622=CIRCLE('',#10103,0.600000000000007);
#623=CIRCLE('',#10113,0.3);
#624=CIRCLE('',#10115,2.79999999999999);
#625=CIRCLE('',#10117,0.3);
#626=CIRCLE('',#10119,2.79999999999999);
#627=CIRCLE('',#10121,0.3);
#628=CIRCLE('',#10123,2.79999999999999);
#629=CIRCLE('',#10125,0.3);
#630=CIRCLE('',#10127,2.79999999999999);
#631=CIRCLE('',#10129,0.599999999999999);
#632=CIRCLE('',#10131,0.599999999999999);
#633=CIRCLE('',#10133,0.600000000000007);
#634=CIRCLE('',#10135,0.600000000000007);
#635=CIRCLE('',#10137,0.600000000000007);
#636=CIRCLE('',#10139,0.600000000000007);
#637=CIRCLE('',#10141,0.599999999999999);
#638=CIRCLE('',#10143,0.599999999999999);
#639=CIRCLE('',#10145,0.600000000000007);
#640=CIRCLE('',#10147,0.3);
#641=CIRCLE('',#10149,0.600000000000007);
#642=CIRCLE('',#10151,2.79999999999999);
#643=CIRCLE('',#10153,0.599999999999999);
#644=CIRCLE('',#10155,0.3);
#645=CIRCLE('',#10157,0.599999999999999);
#646=CIRCLE('',#10159,2.79999999999999);
#647=CIRCLE('',#10161,3.1);
#648=CIRCLE('',#10162,2.79999999999999);
#649=CIRCLE('',#10163,3.1);
#650=CIRCLE('',#10164,2.79999999999999);
#651=CIRCLE('',#10165,3.1);
#652=CIRCLE('',#10166,3.1);
#653=CIRCLE('',#10167,3.1);
#654=CIRCLE('',#10169,0.599999999999999);
#655=CIRCLE('',#10171,0.3);
#656=CIRCLE('',#10173,0.599999999999999);
#657=CIRCLE('',#10176,0.600000000000007);
#658=CIRCLE('',#10178,0.3);
#659=CIRCLE('',#10180,0.600000000000007);
#660=CIRCLE('',#10200,2.6);
#661=CIRCLE('',#10203,2.6);
#662=CIRCLE('',#10205,2.6);
#663=CIRCLE('',#10211,2.6);
#664=CIRCLE('',#10216,2.6);
#665=CIRCLE('',#10219,2.6);
#666=CIRCLE('',#10221,2.6);
#667=CIRCLE('',#10226,2.6);
#668=CIRCLE('',#10232,2.6);
#669=CIRCLE('',#10235,2.6);
#670=CIRCLE('',#10237,2.6);
#671=CIRCLE('',#10242,2.6);
#672=CIRCLE('',#10248,2.6);
#673=CIRCLE('',#10251,2.6);
#674=CIRCLE('',#10253,2.6);
#675=CIRCLE('',#10258,2.6);
#676=CIRCLE('',#10264,2.6);
#677=CIRCLE('',#10267,2.6);
#678=CIRCLE('',#10269,2.6);
#679=CIRCLE('',#10274,2.6);
#680=CIRCLE('',#10280,2.6);
#681=CIRCLE('',#10283,2.6);
#682=CIRCLE('',#10285,2.6);
#683=CIRCLE('',#10290,2.6);
#684=CIRCLE('',#10296,2.6);
#685=CIRCLE('',#10299,2.6);
#686=CIRCLE('',#10301,2.6);
#687=CIRCLE('',#10306,2.6);
#688=CIRCLE('',#10312,2.6);
#689=CIRCLE('',#10315,2.6);
#690=CIRCLE('',#10317,2.6);
#691=CIRCLE('',#10322,2.6);
#692=CIRCLE('',#10328,2.6);
#693=CIRCLE('',#10331,2.6);
#694=CIRCLE('',#10333,2.6);
#695=CIRCLE('',#10338,2.6);
#696=CIRCLE('',#10344,2.6);
#697=CIRCLE('',#10347,2.6);
#698=CIRCLE('',#10349,2.6);
#699=CIRCLE('',#10354,2.6);
#700=CIRCLE('',#10360,2.6);
#701=CIRCLE('',#10363,2.6);
#702=CIRCLE('',#10365,2.6);
#703=CIRCLE('',#10370,2.6);
#704=CIRCLE('',#10376,2.6);
#705=CIRCLE('',#10379,2.6);
#706=CIRCLE('',#10381,2.6);
#707=CIRCLE('',#10386,2.6);
#708=CIRCLE('',#10392,2.6);
#709=CIRCLE('',#10395,2.6);
#710=CIRCLE('',#10397,2.6);
#711=CIRCLE('',#10402,2.6);
#712=CIRCLE('',#10408,2.6);
#713=CIRCLE('',#10411,2.6);
#714=CIRCLE('',#10413,2.6);
#715=CIRCLE('',#10418,2.6);
#716=CIRCLE('',#10424,2.6);
#717=CIRCLE('',#10427,2.6);
#718=CIRCLE('',#10429,2.6);
#719=CIRCLE('',#10434,2.6);
#720=CIRCLE('',#10440,2.6);
#721=CIRCLE('',#10443,2.6);
#722=CIRCLE('',#10445,2.6);
#723=CIRCLE('',#10450,2.6);
#724=CIRCLE('',#10456,2.6);
#725=CIRCLE('',#10459,2.6);
#726=CIRCLE('',#10461,2.6);
#727=CIRCLE('',#10466,2.6);
#728=CIRCLE('',#10472,2.6);
#729=CIRCLE('',#10475,2.6);
#730=CIRCLE('',#10477,2.6);
#731=CIRCLE('',#10483,2.6);
#732=CIRCLE('',#10488,2.6);
#733=CIRCLE('',#10491,2.6);
#734=CIRCLE('',#10493,2.6);
#735=CIRCLE('',#10499,2.6);
#736=CIRCLE('',#10504,2.6);
#737=CIRCLE('',#10507,2.6);
#738=CIRCLE('',#10509,2.6);
#739=CIRCLE('',#10515,2.6);
#740=CIRCLE('',#10520,2.6);
#741=CIRCLE('',#10523,2.6);
#742=CIRCLE('',#10525,2.6);
#743=CIRCLE('',#10531,2.6);
#744=CIRCLE('',#10536,2.6);
#745=CIRCLE('',#10539,2.6);
#746=CIRCLE('',#10541,2.6);
#747=CIRCLE('',#10547,2.6);
#748=CIRCLE('',#10552,2.6);
#749=CIRCLE('',#10555,2.6);
#750=CIRCLE('',#10557,2.6);
#751=CIRCLE('',#10563,2.6);
#752=CIRCLE('',#10568,2.6);
#753=CIRCLE('',#10571,2.6);
#754=CIRCLE('',#10573,2.6);
#755=CIRCLE('',#10579,2.6);
#756=CIRCLE('',#10584,2.6);
#757=CIRCLE('',#10587,2.6);
#758=CIRCLE('',#10589,2.6);
#759=CIRCLE('',#10595,2.6);
#760=CIRCLE('',#10600,2.6);
#761=CIRCLE('',#10603,2.6);
#762=CIRCLE('',#10605,2.6);
#763=CIRCLE('',#10611,2.6);
#764=CIRCLE('',#10616,2.6);
#765=CIRCLE('',#10619,2.6);
#766=CIRCLE('',#10621,2.6);
#767=CIRCLE('',#10627,2.6);
#768=CIRCLE('',#10632,2.6);
#769=CIRCLE('',#10635,2.6);
#770=CIRCLE('',#10637,2.6);
#771=CIRCLE('',#10643,2.6);
#772=CIRCLE('',#10648,2.6);
#773=CIRCLE('',#10651,2.6);
#774=CIRCLE('',#10653,2.6);
#775=CIRCLE('',#10659,2.6);
#776=CIRCLE('',#10664,2.6);
#777=CIRCLE('',#10667,2.6);
#778=CIRCLE('',#10669,2.6);
#779=CIRCLE('',#10675,2.6);
#780=CIRCLE('',#10680,2.6);
#781=CIRCLE('',#10683,2.6);
#782=CIRCLE('',#10685,2.6);
#783=CIRCLE('',#10691,2.6);
#784=CIRCLE('',#10696,2.6);
#785=CIRCLE('',#10699,2.6);
#786=CIRCLE('',#10701,2.6);
#787=CIRCLE('',#10707,2.6);
#788=PLANE('',#9650);
#789=PLANE('',#9654);
#790=PLANE('',#9729);
#791=PLANE('',#9734);
#792=PLANE('',#9739);
#793=PLANE('',#9744);
#794=PLANE('',#9745);
#795=PLANE('',#9749);
#796=PLANE('',#9753);
#797=PLANE('',#9757);
#798=PLANE('',#9763);
#799=PLANE('',#9766);
#800=PLANE('',#9767);
#801=PLANE('',#9804);
#802=PLANE('',#9808);
#803=PLANE('',#9812);
#804=PLANE('',#9815);
#805=PLANE('',#9819);
#806=PLANE('',#9821);
#807=PLANE('',#9956);
#808=PLANE('',#9957);
#809=PLANE('',#9958);
#810=PLANE('',#9959);
#811=PLANE('',#10030);
#812=PLANE('',#10031);
#813=PLANE('',#10032);
#814=PLANE('',#10033);
#815=PLANE('',#10104);
#816=PLANE('',#10105);
#817=PLANE('',#10106);
#818=PLANE('',#10107);
#819=PLANE('',#10182);
#820=PLANE('',#10183);
#821=PLANE('',#10184);
#822=PLANE('',#10185);
#823=PLANE('',#10186);
#824=PLANE('',#10188);
#825=PLANE('',#10189);
#826=PLANE('',#10191);
#827=PLANE('',#10192);
#828=PLANE('',#10194);
#829=PLANE('',#10195);
#830=PLANE('',#10196);
#831=PLANE('',#10198);
#832=PLANE('',#10201);
#833=PLANE('',#10206);
#834=PLANE('',#10207);
#835=PLANE('',#10209);
#836=PLANE('',#10212);
#837=PLANE('',#10214);
#838=PLANE('',#10217);
#839=PLANE('',#10222);
#840=PLANE('',#10224);
#841=PLANE('',#10227);
#842=PLANE('',#10228);
#843=PLANE('',#10230);
#844=PLANE('',#10233);
#845=PLANE('',#10238);
#846=PLANE('',#10240);
#847=PLANE('',#10243);
#848=PLANE('',#10244);
#849=PLANE('',#10246);
#850=PLANE('',#10249);
#851=PLANE('',#10254);
#852=PLANE('',#10256);
#853=PLANE('',#10259);
#854=PLANE('',#10260);
#855=PLANE('',#10262);
#856=PLANE('',#10265);
#857=PLANE('',#10270);
#858=PLANE('',#10272);
#859=PLANE('',#10275);
#860=PLANE('',#10276);
#861=PLANE('',#10278);
#862=PLANE('',#10281);
#863=PLANE('',#10286);
#864=PLANE('',#10288);
#865=PLANE('',#10291);
#866=PLANE('',#10292);
#867=PLANE('',#10294);
#868=PLANE('',#10297);
#869=PLANE('',#10302);
#870=PLANE('',#10304);
#871=PLANE('',#10307);
#872=PLANE('',#10308);
#873=PLANE('',#10310);
#874=PLANE('',#10313);
#875=PLANE('',#10318);
#876=PLANE('',#10320);
#877=PLANE('',#10323);
#878=PLANE('',#10324);
#879=PLANE('',#10326);
#880=PLANE('',#10329);
#881=PLANE('',#10334);
#882=PLANE('',#10336);
#883=PLANE('',#10339);
#884=PLANE('',#10340);
#885=PLANE('',#10342);
#886=PLANE('',#10345);
#887=PLANE('',#10350);
#888=PLANE('',#10352);
#889=PLANE('',#10355);
#890=PLANE('',#10356);
#891=PLANE('',#10358);
#892=PLANE('',#10361);
#893=PLANE('',#10366);
#894=PLANE('',#10368);
#895=PLANE('',#10371);
#896=PLANE('',#10372);
#897=PLANE('',#10374);
#898=PLANE('',#10377);
#899=PLANE('',#10382);
#900=PLANE('',#10384);
#901=PLANE('',#10387);
#902=PLANE('',#10388);
#903=PLANE('',#10390);
#904=PLANE('',#10393);
#905=PLANE('',#10398);
#906=PLANE('',#10400);
#907=PLANE('',#10403);
#908=PLANE('',#10404);
#909=PLANE('',#10406);
#910=PLANE('',#10409);
#911=PLANE('',#10414);
#912=PLANE('',#10416);
#913=PLANE('',#10419);
#914=PLANE('',#10420);
#915=PLANE('',#10422);
#916=PLANE('',#10425);
#917=PLANE('',#10430);
#918=PLANE('',#10432);
#919=PLANE('',#10435);
#920=PLANE('',#10436);
#921=PLANE('',#10438);
#922=PLANE('',#10441);
#923=PLANE('',#10446);
#924=PLANE('',#10448);
#925=PLANE('',#10451);
#926=PLANE('',#10452);
#927=PLANE('',#10454);
#928=PLANE('',#10457);
#929=PLANE('',#10462);
#930=PLANE('',#10464);
#931=PLANE('',#10467);
#932=PLANE('',#10468);
#933=PLANE('',#10470);
#934=PLANE('',#10473);
#935=PLANE('',#10478);
#936=PLANE('',#10479);
#937=PLANE('',#10481);
#938=PLANE('',#10484);
#939=PLANE('',#10486);
#940=PLANE('',#10489);
#941=PLANE('',#10494);
#942=PLANE('',#10495);
#943=PLANE('',#10497);
#944=PLANE('',#10500);
#945=PLANE('',#10502);
#946=PLANE('',#10505);
#947=PLANE('',#10510);
#948=PLANE('',#10511);
#949=PLANE('',#10513);
#950=PLANE('',#10516);
#951=PLANE('',#10518);
#952=PLANE('',#10521);
#953=PLANE('',#10526);
#954=PLANE('',#10527);
#955=PLANE('',#10529);
#956=PLANE('',#10532);
#957=PLANE('',#10534);
#958=PLANE('',#10537);
#959=PLANE('',#10542);
#960=PLANE('',#10543);
#961=PLANE('',#10545);
#962=PLANE('',#10548);
#963=PLANE('',#10550);
#964=PLANE('',#10553);
#965=PLANE('',#10558);
#966=PLANE('',#10559);
#967=PLANE('',#10561);
#968=PLANE('',#10564);
#969=PLANE('',#10566);
#970=PLANE('',#10569);
#971=PLANE('',#10574);
#972=PLANE('',#10575);
#973=PLANE('',#10577);
#974=PLANE('',#10580);
#975=PLANE('',#10582);
#976=PLANE('',#10585);
#977=PLANE('',#10590);
#978=PLANE('',#10591);
#979=PLANE('',#10593);
#980=PLANE('',#10596);
#981=PLANE('',#10598);
#982=PLANE('',#10601);
#983=PLANE('',#10606);
#984=PLANE('',#10607);
#985=PLANE('',#10609);
#986=PLANE('',#10612);
#987=PLANE('',#10614);
#988=PLANE('',#10617);
#989=PLANE('',#10622);
#990=PLANE('',#10623);
#991=PLANE('',#10625);
#992=PLANE('',#10628);
#993=PLANE('',#10630);
#994=PLANE('',#10633);
#995=PLANE('',#10638);
#996=PLANE('',#10639);
#997=PLANE('',#10641);
#998=PLANE('',#10644);
#999=PLANE('',#10646);
#1000=PLANE('',#10649);
#1001=PLANE('',#10654);
#1002=PLANE('',#10655);
#1003=PLANE('',#10657);
#1004=PLANE('',#10660);
#1005=PLANE('',#10662);
#1006=PLANE('',#10665);
#1007=PLANE('',#10670);
#1008=PLANE('',#10671);
#1009=PLANE('',#10673);
#1010=PLANE('',#10676);
#1011=PLANE('',#10678);
#1012=PLANE('',#10681);
#1013=PLANE('',#10686);
#1014=PLANE('',#10687);
#1015=PLANE('',#10689);
#1016=PLANE('',#10692);
#1017=PLANE('',#10694);
#1018=PLANE('',#10697);
#1019=PLANE('',#10702);
#1020=PLANE('',#10703);
#1021=PLANE('',#10705);
#1022=PLANE('',#10708);
#1023=FACE_OUTER_BOUND('',#1606,.T.);
#1024=FACE_OUTER_BOUND('',#1607,.T.);
#1025=FACE_OUTER_BOUND('',#1608,.T.);
#1026=FACE_OUTER_BOUND('',#1609,.T.);
#1027=FACE_OUTER_BOUND('',#1642,.T.);
#1028=FACE_OUTER_BOUND('',#1643,.T.);
#1029=FACE_OUTER_BOUND('',#1644,.T.);
#1030=FACE_OUTER_BOUND('',#1645,.T.);
#1031=FACE_OUTER_BOUND('',#1646,.T.);
#1032=FACE_OUTER_BOUND('',#1647,.T.);
#1033=FACE_OUTER_BOUND('',#1648,.T.);
#1034=FACE_OUTER_BOUND('',#1649,.T.);
#1035=FACE_OUTER_BOUND('',#1650,.T.);
#1036=FACE_OUTER_BOUND('',#1651,.T.);
#1037=FACE_OUTER_BOUND('',#1652,.T.);
#1038=FACE_OUTER_BOUND('',#1653,.T.);
#1039=FACE_OUTER_BOUND('',#1654,.T.);
#1040=FACE_OUTER_BOUND('',#1655,.T.);
#1041=FACE_OUTER_BOUND('',#1656,.T.);
#1042=FACE_OUTER_BOUND('',#1657,.T.);
#1043=FACE_OUTER_BOUND('',#1658,.T.);
#1044=FACE_OUTER_BOUND('',#1659,.T.);
#1045=FACE_OUTER_BOUND('',#1660,.T.);
#1046=FACE_OUTER_BOUND('',#1661,.T.);
#1047=FACE_OUTER_BOUND('',#1662,.T.);
#1048=FACE_OUTER_BOUND('',#1663,.T.);
#1049=FACE_OUTER_BOUND('',#1664,.T.);
#1050=FACE_OUTER_BOUND('',#1670,.T.);
#1051=FACE_OUTER_BOUND('',#1671,.T.);
#1052=FACE_OUTER_BOUND('',#1672,.T.);
#1053=FACE_OUTER_BOUND('',#1673,.T.);
#1054=FACE_OUTER_BOUND('',#1674,.T.);
#1055=FACE_OUTER_BOUND('',#1675,.T.);
#1056=FACE_OUTER_BOUND('',#1676,.T.);
#1057=FACE_OUTER_BOUND('',#1677,.T.);
#1058=FACE_OUTER_BOUND('',#1678,.T.);
#1059=FACE_OUTER_BOUND('',#1679,.T.);
#1060=FACE_OUTER_BOUND('',#1680,.T.);
#1061=FACE_OUTER_BOUND('',#1681,.T.);
#1062=FACE_OUTER_BOUND('',#1718,.T.);
#1063=FACE_OUTER_BOUND('',#1719,.T.);
#1064=FACE_OUTER_BOUND('',#1720,.T.);
#1065=FACE_OUTER_BOUND('',#1721,.T.);
#1066=FACE_OUTER_BOUND('',#1722,.T.);
#1067=FACE_OUTER_BOUND('',#1723,.T.);
#1068=FACE_OUTER_BOUND('',#1724,.T.);
#1069=FACE_OUTER_BOUND('',#1725,.T.);
#1070=FACE_OUTER_BOUND('',#1726,.T.);
#1071=FACE_OUTER_BOUND('',#1727,.T.);
#1072=FACE_OUTER_BOUND('',#1728,.T.);
#1073=FACE_OUTER_BOUND('',#1729,.T.);
#1074=FACE_OUTER_BOUND('',#1730,.T.);
#1075=FACE_OUTER_BOUND('',#1731,.T.);
#1076=FACE_OUTER_BOUND('',#1732,.T.);
#1077=FACE_OUTER_BOUND('',#1733,.T.);
#1078=FACE_OUTER_BOUND('',#1734,.T.);
#1079=FACE_OUTER_BOUND('',#1735,.T.);
#1080=FACE_OUTER_BOUND('',#1736,.T.);
#1081=FACE_OUTER_BOUND('',#1737,.T.);
#1082=FACE_OUTER_BOUND('',#1738,.T.);
#1083=FACE_OUTER_BOUND('',#1739,.T.);
#1084=FACE_OUTER_BOUND('',#1740,.T.);
#1085=FACE_OUTER_BOUND('',#1741,.T.);
#1086=FACE_OUTER_BOUND('',#1742,.T.);
#1087=FACE_OUTER_BOUND('',#1743,.T.);
#1088=FACE_OUTER_BOUND('',#1744,.T.);
#1089=FACE_OUTER_BOUND('',#1745,.T.);
#1090=FACE_OUTER_BOUND('',#1746,.T.);
#1091=FACE_OUTER_BOUND('',#1747,.T.);
#1092=FACE_OUTER_BOUND('',#1748,.T.);
#1093=FACE_OUTER_BOUND('',#1749,.T.);
#1094=FACE_OUTER_BOUND('',#1750,.T.);
#1095=FACE_OUTER_BOUND('',#1751,.T.);
#1096=FACE_OUTER_BOUND('',#1752,.T.);
#1097=FACE_OUTER_BOUND('',#1753,.T.);
#1098=FACE_OUTER_BOUND('',#1754,.T.);
#1099=FACE_OUTER_BOUND('',#1755,.T.);
#1100=FACE_OUTER_BOUND('',#1756,.T.);
#1101=FACE_OUTER_BOUND('',#1757,.T.);
#1102=FACE_OUTER_BOUND('',#1758,.T.);
#1103=FACE_OUTER_BOUND('',#1759,.T.);
#1104=FACE_OUTER_BOUND('',#1760,.T.);
#1105=FACE_OUTER_BOUND('',#1761,.T.);
#1106=FACE_OUTER_BOUND('',#1762,.T.);
#1107=FACE_OUTER_BOUND('',#1763,.T.);
#1108=FACE_OUTER_BOUND('',#1764,.T.);
#1109=FACE_OUTER_BOUND('',#1765,.T.);
#1110=FACE_OUTER_BOUND('',#1766,.T.);
#1111=FACE_OUTER_BOUND('',#1767,.T.);
#1112=FACE_OUTER_BOUND('',#1768,.T.);
#1113=FACE_OUTER_BOUND('',#1769,.T.);
#1114=FACE_OUTER_BOUND('',#1770,.T.);
#1115=FACE_OUTER_BOUND('',#1771,.T.);
#1116=FACE_OUTER_BOUND('',#1772,.T.);
#1117=FACE_OUTER_BOUND('',#1773,.T.);
#1118=FACE_OUTER_BOUND('',#1774,.T.);
#1119=FACE_OUTER_BOUND('',#1775,.T.);
#1120=FACE_OUTER_BOUND('',#1776,.T.);
#1121=FACE_OUTER_BOUND('',#1777,.T.);
#1122=FACE_OUTER_BOUND('',#1778,.T.);
#1123=FACE_OUTER_BOUND('',#1779,.T.);
#1124=FACE_OUTER_BOUND('',#1780,.T.);
#1125=FACE_OUTER_BOUND('',#1781,.T.);
#1126=FACE_OUTER_BOUND('',#1782,.T.);
#1127=FACE_OUTER_BOUND('',#1783,.T.);
#1128=FACE_OUTER_BOUND('',#1784,.T.);
#1129=FACE_OUTER_BOUND('',#1785,.T.);
#1130=FACE_OUTER_BOUND('',#1786,.T.);
#1131=FACE_OUTER_BOUND('',#1787,.T.);
#1132=FACE_OUTER_BOUND('',#1788,.T.);
#1133=FACE_OUTER_BOUND('',#1789,.T.);
#1134=FACE_OUTER_BOUND('',#1790,.T.);
#1135=FACE_OUTER_BOUND('',#1791,.T.);
#1136=FACE_OUTER_BOUND('',#1792,.T.);
#1137=FACE_OUTER_BOUND('',#1793,.T.);
#1138=FACE_OUTER_BOUND('',#1794,.T.);
#1139=FACE_OUTER_BOUND('',#1795,.T.);
#1140=FACE_OUTER_BOUND('',#1796,.T.);
#1141=FACE_OUTER_BOUND('',#1797,.T.);
#1142=FACE_OUTER_BOUND('',#1798,.T.);
#1143=FACE_OUTER_BOUND('',#1799,.T.);
#1144=FACE_OUTER_BOUND('',#1800,.T.);
#1145=FACE_OUTER_BOUND('',#1801,.T.);
#1146=FACE_OUTER_BOUND('',#1802,.T.);
#1147=FACE_OUTER_BOUND('',#1803,.T.);
#1148=FACE_OUTER_BOUND('',#1804,.T.);
#1149=FACE_OUTER_BOUND('',#1805,.T.);
#1150=FACE_OUTER_BOUND('',#1806,.T.);
#1151=FACE_OUTER_BOUND('',#1807,.T.);
#1152=FACE_OUTER_BOUND('',#1808,.T.);
#1153=FACE_OUTER_BOUND('',#1809,.T.);
#1154=FACE_OUTER_BOUND('',#1810,.T.);
#1155=FACE_OUTER_BOUND('',#1811,.T.);
#1156=FACE_OUTER_BOUND('',#1812,.T.);
#1157=FACE_OUTER_BOUND('',#1813,.T.);
#1158=FACE_OUTER_BOUND('',#1814,.T.);
#1159=FACE_OUTER_BOUND('',#1815,.T.);
#1160=FACE_OUTER_BOUND('',#1816,.T.);
#1161=FACE_OUTER_BOUND('',#1817,.T.);
#1162=FACE_OUTER_BOUND('',#1818,.T.);
#1163=FACE_OUTER_BOUND('',#1819,.T.);
#1164=FACE_OUTER_BOUND('',#1820,.T.);
#1165=FACE_OUTER_BOUND('',#1821,.T.);
#1166=FACE_OUTER_BOUND('',#1822,.T.);
#1167=FACE_OUTER_BOUND('',#1823,.T.);
#1168=FACE_OUTER_BOUND('',#1824,.T.);
#1169=FACE_OUTER_BOUND('',#1825,.T.);
#1170=FACE_OUTER_BOUND('',#1826,.T.);
#1171=FACE_OUTER_BOUND('',#1827,.T.);
#1172=FACE_OUTER_BOUND('',#1828,.T.);
#1173=FACE_OUTER_BOUND('',#1829,.T.);
#1174=FACE_OUTER_BOUND('',#1830,.T.);
#1175=FACE_OUTER_BOUND('',#1831,.T.);
#1176=FACE_OUTER_BOUND('',#1832,.T.);
#1177=FACE_OUTER_BOUND('',#1833,.T.);
#1178=FACE_OUTER_BOUND('',#1834,.T.);
#1179=FACE_OUTER_BOUND('',#1835,.T.);
#1180=FACE_OUTER_BOUND('',#1836,.T.);
#1181=FACE_OUTER_BOUND('',#1837,.T.);
#1182=FACE_OUTER_BOUND('',#1838,.T.);
#1183=FACE_OUTER_BOUND('',#1839,.T.);
#1184=FACE_OUTER_BOUND('',#1840,.T.);
#1185=FACE_OUTER_BOUND('',#1841,.T.);
#1186=FACE_OUTER_BOUND('',#1842,.T.);
#1187=FACE_OUTER_BOUND('',#1843,.T.);
#1188=FACE_OUTER_BOUND('',#1844,.T.);
#1189=FACE_OUTER_BOUND('',#1845,.T.);
#1190=FACE_OUTER_BOUND('',#1846,.T.);
#1191=FACE_OUTER_BOUND('',#1847,.T.);
#1192=FACE_OUTER_BOUND('',#1848,.T.);
#1193=FACE_OUTER_BOUND('',#1849,.T.);
#1194=FACE_OUTER_BOUND('',#1850,.T.);
#1195=FACE_OUTER_BOUND('',#1851,.T.);
#1196=FACE_OUTER_BOUND('',#1852,.T.);
#1197=FACE_OUTER_BOUND('',#1853,.T.);
#1198=FACE_OUTER_BOUND('',#1854,.T.);
#1199=FACE_OUTER_BOUND('',#1855,.T.);
#1200=FACE_OUTER_BOUND('',#1856,.T.);
#1201=FACE_OUTER_BOUND('',#1857,.T.);
#1202=FACE_OUTER_BOUND('',#1858,.T.);
#1203=FACE_OUTER_BOUND('',#1859,.T.);
#1204=FACE_OUTER_BOUND('',#1860,.T.);
#1205=FACE_OUTER_BOUND('',#1861,.T.);
#1206=FACE_OUTER_BOUND('',#1862,.T.);
#1207=FACE_OUTER_BOUND('',#1863,.T.);
#1208=FACE_OUTER_BOUND('',#1864,.T.);
#1209=FACE_OUTER_BOUND('',#1865,.T.);
#1210=FACE_OUTER_BOUND('',#1866,.T.);
#1211=FACE_OUTER_BOUND('',#1867,.T.);
#1212=FACE_OUTER_BOUND('',#1868,.T.);
#1213=FACE_OUTER_BOUND('',#1869,.T.);
#1214=FACE_OUTER_BOUND('',#1870,.T.);
#1215=FACE_OUTER_BOUND('',#1871,.T.);
#1216=FACE_OUTER_BOUND('',#1872,.T.);
#1217=FACE_OUTER_BOUND('',#1873,.T.);
#1218=FACE_OUTER_BOUND('',#1874,.T.);
#1219=FACE_OUTER_BOUND('',#1875,.T.);
#1220=FACE_OUTER_BOUND('',#1876,.T.);
#1221=FACE_OUTER_BOUND('',#1877,.T.);
#1222=FACE_OUTER_BOUND('',#1878,.T.);
#1223=FACE_OUTER_BOUND('',#1879,.T.);
#1224=FACE_OUTER_BOUND('',#1880,.T.);
#1225=FACE_OUTER_BOUND('',#1881,.T.);
#1226=FACE_OUTER_BOUND('',#1882,.T.);
#1227=FACE_OUTER_BOUND('',#1883,.T.);
#1228=FACE_OUTER_BOUND('',#1884,.T.);
#1229=FACE_OUTER_BOUND('',#1885,.T.);
#1230=FACE_OUTER_BOUND('',#1886,.T.);
#1231=FACE_OUTER_BOUND('',#1887,.T.);
#1232=FACE_OUTER_BOUND('',#1888,.T.);
#1233=FACE_OUTER_BOUND('',#1889,.T.);
#1234=FACE_OUTER_BOUND('',#1890,.T.);
#1235=FACE_OUTER_BOUND('',#1891,.T.);
#1236=FACE_OUTER_BOUND('',#1892,.T.);
#1237=FACE_OUTER_BOUND('',#1893,.T.);
#1238=FACE_OUTER_BOUND('',#1894,.T.);
#1239=FACE_OUTER_BOUND('',#1895,.T.);
#1240=FACE_OUTER_BOUND('',#1896,.T.);
#1241=FACE_OUTER_BOUND('',#1897,.T.);
#1242=FACE_OUTER_BOUND('',#1898,.T.);
#1243=FACE_OUTER_BOUND('',#1899,.T.);
#1244=FACE_OUTER_BOUND('',#1900,.T.);
#1245=FACE_OUTER_BOUND('',#1901,.T.);
#1246=FACE_OUTER_BOUND('',#1902,.T.);
#1247=FACE_OUTER_BOUND('',#1903,.T.);
#1248=FACE_OUTER_BOUND('',#1904,.T.);
#1249=FACE_OUTER_BOUND('',#1905,.T.);
#1250=FACE_OUTER_BOUND('',#1906,.T.);
#1251=FACE_OUTER_BOUND('',#1907,.T.);
#1252=FACE_OUTER_BOUND('',#1908,.T.);
#1253=FACE_OUTER_BOUND('',#1909,.T.);
#1254=FACE_OUTER_BOUND('',#1910,.T.);
#1255=FACE_OUTER_BOUND('',#1911,.T.);
#1256=FACE_OUTER_BOUND('',#1912,.T.);
#1257=FACE_OUTER_BOUND('',#1913,.T.);
#1258=FACE_OUTER_BOUND('',#1914,.T.);
#1259=FACE_OUTER_BOUND('',#1915,.T.);
#1260=FACE_OUTER_BOUND('',#1916,.T.);
#1261=FACE_OUTER_BOUND('',#1917,.T.);
#1262=FACE_OUTER_BOUND('',#1918,.T.);
#1263=FACE_OUTER_BOUND('',#1919,.T.);
#1264=FACE_OUTER_BOUND('',#1920,.T.);
#1265=FACE_OUTER_BOUND('',#1921,.T.);
#1266=FACE_OUTER_BOUND('',#1922,.T.);
#1267=FACE_OUTER_BOUND('',#1923,.T.);
#1268=FACE_OUTER_BOUND('',#1924,.T.);
#1269=FACE_OUTER_BOUND('',#1925,.T.);
#1270=FACE_OUTER_BOUND('',#1926,.T.);
#1271=FACE_OUTER_BOUND('',#1927,.T.);
#1272=FACE_OUTER_BOUND('',#1928,.T.);
#1273=FACE_OUTER_BOUND('',#1929,.T.);
#1274=FACE_OUTER_BOUND('',#1930,.T.);
#1275=FACE_OUTER_BOUND('',#1931,.T.);
#1276=FACE_OUTER_BOUND('',#1932,.T.);
#1277=FACE_OUTER_BOUND('',#1933,.T.);
#1278=FACE_OUTER_BOUND('',#1934,.T.);
#1279=FACE_OUTER_BOUND('',#1935,.T.);
#1280=FACE_OUTER_BOUND('',#1936,.T.);
#1281=FACE_OUTER_BOUND('',#1937,.T.);
#1282=FACE_OUTER_BOUND('',#1938,.T.);
#1283=FACE_OUTER_BOUND('',#1939,.T.);
#1284=FACE_OUTER_BOUND('',#1940,.T.);
#1285=FACE_OUTER_BOUND('',#1941,.T.);
#1286=FACE_OUTER_BOUND('',#1942,.T.);
#1287=FACE_OUTER_BOUND('',#1943,.T.);
#1288=FACE_OUTER_BOUND('',#1944,.T.);
#1289=FACE_OUTER_BOUND('',#1945,.T.);
#1290=FACE_OUTER_BOUND('',#1946,.T.);
#1291=FACE_OUTER_BOUND('',#1947,.T.);
#1292=FACE_OUTER_BOUND('',#1948,.T.);
#1293=FACE_OUTER_BOUND('',#1949,.T.);
#1294=FACE_OUTER_BOUND('',#1950,.T.);
#1295=FACE_OUTER_BOUND('',#1951,.T.);
#1296=FACE_OUTER_BOUND('',#1952,.T.);
#1297=FACE_OUTER_BOUND('',#1953,.T.);
#1298=FACE_OUTER_BOUND('',#1954,.T.);
#1299=FACE_OUTER_BOUND('',#1955,.T.);
#1300=FACE_OUTER_BOUND('',#1956,.T.);
#1301=FACE_OUTER_BOUND('',#1957,.T.);
#1302=FACE_OUTER_BOUND('',#1958,.T.);
#1303=FACE_OUTER_BOUND('',#1959,.T.);
#1304=FACE_OUTER_BOUND('',#1960,.T.);
#1305=FACE_OUTER_BOUND('',#1961,.T.);
#1306=FACE_OUTER_BOUND('',#1962,.T.);
#1307=FACE_OUTER_BOUND('',#1963,.T.);
#1308=FACE_OUTER_BOUND('',#1964,.T.);
#1309=FACE_OUTER_BOUND('',#1965,.T.);
#1310=FACE_OUTER_BOUND('',#1966,.T.);
#1311=FACE_OUTER_BOUND('',#1967,.T.);
#1312=FACE_OUTER_BOUND('',#1968,.T.);
#1313=FACE_OUTER_BOUND('',#1969,.T.);
#1314=FACE_OUTER_BOUND('',#1970,.T.);
#1315=FACE_OUTER_BOUND('',#1971,.T.);
#1316=FACE_OUTER_BOUND('',#1972,.T.);
#1317=FACE_OUTER_BOUND('',#1973,.T.);
#1318=FACE_OUTER_BOUND('',#1974,.T.);
#1319=FACE_OUTER_BOUND('',#1975,.T.);
#1320=FACE_OUTER_BOUND('',#1976,.T.);
#1321=FACE_OUTER_BOUND('',#1977,.T.);
#1322=FACE_OUTER_BOUND('',#1978,.T.);
#1323=FACE_OUTER_BOUND('',#1979,.T.);
#1324=FACE_OUTER_BOUND('',#1980,.T.);
#1325=FACE_OUTER_BOUND('',#1981,.T.);
#1326=FACE_OUTER_BOUND('',#1982,.T.);
#1327=FACE_OUTER_BOUND('',#1983,.T.);
#1328=FACE_OUTER_BOUND('',#1984,.T.);
#1329=FACE_OUTER_BOUND('',#1985,.T.);
#1330=FACE_OUTER_BOUND('',#1986,.T.);
#1331=FACE_OUTER_BOUND('',#1987,.T.);
#1332=FACE_OUTER_BOUND('',#1988,.T.);
#1333=FACE_OUTER_BOUND('',#1989,.T.);
#1334=FACE_OUTER_BOUND('',#1990,.T.);
#1335=FACE_OUTER_BOUND('',#1991,.T.);
#1336=FACE_OUTER_BOUND('',#1992,.T.);
#1337=FACE_OUTER_BOUND('',#1993,.T.);
#1338=FACE_OUTER_BOUND('',#1994,.T.);
#1339=FACE_OUTER_BOUND('',#1995,.T.);
#1340=FACE_OUTER_BOUND('',#1996,.T.);
#1341=FACE_OUTER_BOUND('',#1997,.T.);
#1342=FACE_OUTER_BOUND('',#1998,.T.);
#1343=FACE_OUTER_BOUND('',#1999,.T.);
#1344=FACE_OUTER_BOUND('',#2000,.T.);
#1345=FACE_OUTER_BOUND('',#2001,.T.);
#1346=FACE_OUTER_BOUND('',#2002,.T.);
#1347=FACE_OUTER_BOUND('',#2003,.T.);
#1348=FACE_OUTER_BOUND('',#2004,.T.);
#1349=FACE_OUTER_BOUND('',#2005,.T.);
#1350=FACE_OUTER_BOUND('',#2006,.T.);
#1351=FACE_OUTER_BOUND('',#2007,.T.);
#1352=FACE_OUTER_BOUND('',#2008,.T.);
#1353=FACE_OUTER_BOUND('',#2009,.T.);
#1354=FACE_OUTER_BOUND('',#2010,.T.);
#1355=FACE_OUTER_BOUND('',#2011,.T.);
#1356=FACE_OUTER_BOUND('',#2012,.T.);
#1357=FACE_OUTER_BOUND('',#2013,.T.);
#1358=FACE_OUTER_BOUND('',#2014,.T.);
#1359=FACE_OUTER_BOUND('',#2015,.T.);
#1360=FACE_OUTER_BOUND('',#2016,.T.);
#1361=FACE_OUTER_BOUND('',#2017,.T.);
#1362=FACE_OUTER_BOUND('',#2018,.T.);
#1363=FACE_OUTER_BOUND('',#2019,.T.);
#1364=FACE_OUTER_BOUND('',#2020,.T.);
#1365=FACE_OUTER_BOUND('',#2021,.T.);
#1366=FACE_OUTER_BOUND('',#2022,.T.);
#1367=FACE_OUTER_BOUND('',#2023,.T.);
#1368=FACE_OUTER_BOUND('',#2024,.T.);
#1369=FACE_OUTER_BOUND('',#2025,.T.);
#1370=FACE_OUTER_BOUND('',#2026,.T.);
#1371=FACE_OUTER_BOUND('',#2027,.T.);
#1372=FACE_OUTER_BOUND('',#2028,.T.);
#1373=FACE_OUTER_BOUND('',#2029,.T.);
#1374=FACE_OUTER_BOUND('',#2030,.T.);
#1375=FACE_OUTER_BOUND('',#2031,.T.);
#1376=FACE_OUTER_BOUND('',#2032,.T.);
#1377=FACE_OUTER_BOUND('',#2033,.T.);
#1378=FACE_OUTER_BOUND('',#2034,.T.);
#1379=FACE_OUTER_BOUND('',#2035,.T.);
#1380=FACE_OUTER_BOUND('',#2036,.T.);
#1381=FACE_OUTER_BOUND('',#2037,.T.);
#1382=FACE_OUTER_BOUND('',#2038,.T.);
#1383=FACE_OUTER_BOUND('',#2039,.T.);
#1384=FACE_OUTER_BOUND('',#2040,.T.);
#1385=FACE_OUTER_BOUND('',#2041,.T.);
#1386=FACE_OUTER_BOUND('',#2042,.T.);
#1387=FACE_OUTER_BOUND('',#2043,.T.);
#1388=FACE_OUTER_BOUND('',#2044,.T.);
#1389=FACE_OUTER_BOUND('',#2045,.T.);
#1390=FACE_OUTER_BOUND('',#2046,.T.);
#1391=FACE_OUTER_BOUND('',#2047,.T.);
#1392=FACE_OUTER_BOUND('',#2048,.T.);
#1393=FACE_OUTER_BOUND('',#2049,.T.);
#1394=FACE_OUTER_BOUND('',#2050,.T.);
#1395=FACE_OUTER_BOUND('',#2051,.T.);
#1396=FACE_OUTER_BOUND('',#2052,.T.);
#1397=FACE_OUTER_BOUND('',#2053,.T.);
#1398=FACE_OUTER_BOUND('',#2054,.T.);
#1399=FACE_OUTER_BOUND('',#2055,.T.);
#1400=FACE_OUTER_BOUND('',#2056,.T.);
#1401=FACE_OUTER_BOUND('',#2057,.T.);
#1402=FACE_OUTER_BOUND('',#2058,.T.);
#1403=FACE_OUTER_BOUND('',#2059,.T.);
#1404=FACE_OUTER_BOUND('',#2060,.T.);
#1405=FACE_OUTER_BOUND('',#2061,.T.);
#1406=FACE_OUTER_BOUND('',#2062,.T.);
#1407=FACE_OUTER_BOUND('',#2063,.T.);
#1408=FACE_OUTER_BOUND('',#2064,.T.);
#1409=FACE_OUTER_BOUND('',#2065,.T.);
#1410=FACE_OUTER_BOUND('',#2066,.T.);
#1411=FACE_OUTER_BOUND('',#2067,.T.);
#1412=FACE_OUTER_BOUND('',#2068,.T.);
#1413=FACE_OUTER_BOUND('',#2069,.T.);
#1414=FACE_OUTER_BOUND('',#2070,.T.);
#1415=FACE_OUTER_BOUND('',#2071,.T.);
#1416=FACE_OUTER_BOUND('',#2072,.T.);
#1417=FACE_OUTER_BOUND('',#2073,.T.);
#1418=FACE_OUTER_BOUND('',#2074,.T.);
#1419=FACE_OUTER_BOUND('',#2075,.T.);
#1420=FACE_OUTER_BOUND('',#2076,.T.);
#1421=FACE_OUTER_BOUND('',#2077,.T.);
#1422=FACE_OUTER_BOUND('',#2078,.T.);
#1423=FACE_OUTER_BOUND('',#2079,.T.);
#1424=FACE_OUTER_BOUND('',#2080,.T.);
#1425=FACE_OUTER_BOUND('',#2081,.T.);
#1426=FACE_OUTER_BOUND('',#2082,.T.);
#1427=FACE_OUTER_BOUND('',#2083,.T.);
#1428=FACE_OUTER_BOUND('',#2084,.T.);
#1429=FACE_OUTER_BOUND('',#2085,.T.);
#1430=FACE_OUTER_BOUND('',#2086,.T.);
#1431=FACE_OUTER_BOUND('',#2087,.T.);
#1432=FACE_OUTER_BOUND('',#2088,.T.);
#1433=FACE_OUTER_BOUND('',#2089,.T.);
#1434=FACE_OUTER_BOUND('',#2090,.T.);
#1435=FACE_OUTER_BOUND('',#2091,.T.);
#1436=FACE_OUTER_BOUND('',#2092,.T.);
#1437=FACE_OUTER_BOUND('',#2093,.T.);
#1438=FACE_OUTER_BOUND('',#2094,.T.);
#1439=FACE_OUTER_BOUND('',#2095,.T.);
#1440=FACE_OUTER_BOUND('',#2096,.T.);
#1441=FACE_OUTER_BOUND('',#2097,.T.);
#1442=FACE_OUTER_BOUND('',#2098,.T.);
#1443=FACE_OUTER_BOUND('',#2099,.T.);
#1444=FACE_OUTER_BOUND('',#2100,.T.);
#1445=FACE_OUTER_BOUND('',#2101,.T.);
#1446=FACE_OUTER_BOUND('',#2102,.T.);
#1447=FACE_OUTER_BOUND('',#2103,.T.);
#1448=FACE_OUTER_BOUND('',#2104,.T.);
#1449=FACE_OUTER_BOUND('',#2105,.T.);
#1450=FACE_OUTER_BOUND('',#2106,.T.);
#1451=FACE_OUTER_BOUND('',#2107,.T.);
#1452=FACE_OUTER_BOUND('',#2108,.T.);
#1453=FACE_OUTER_BOUND('',#2109,.T.);
#1454=FACE_OUTER_BOUND('',#2110,.T.);
#1455=FACE_OUTER_BOUND('',#2111,.T.);
#1456=FACE_OUTER_BOUND('',#2112,.T.);
#1457=FACE_OUTER_BOUND('',#2113,.T.);
#1458=FACE_OUTER_BOUND('',#2114,.T.);
#1459=FACE_OUTER_BOUND('',#2115,.T.);
#1460=FACE_OUTER_BOUND('',#2116,.T.);
#1461=FACE_OUTER_BOUND('',#2117,.T.);
#1462=FACE_OUTER_BOUND('',#2118,.T.);
#1463=FACE_OUTER_BOUND('',#2119,.T.);
#1464=FACE_OUTER_BOUND('',#2120,.T.);
#1465=FACE_OUTER_BOUND('',#2121,.T.);
#1466=FACE_OUTER_BOUND('',#2122,.T.);
#1467=FACE_OUTER_BOUND('',#2123,.T.);
#1468=FACE_OUTER_BOUND('',#2124,.T.);
#1469=FACE_OUTER_BOUND('',#2125,.T.);
#1470=FACE_OUTER_BOUND('',#2126,.T.);
#1471=FACE_OUTER_BOUND('',#2127,.T.);
#1472=FACE_OUTER_BOUND('',#2128,.T.);
#1473=FACE_OUTER_BOUND('',#2129,.T.);
#1474=FACE_OUTER_BOUND('',#2130,.T.);
#1475=FACE_OUTER_BOUND('',#2131,.T.);
#1476=FACE_OUTER_BOUND('',#2132,.T.);
#1477=FACE_OUTER_BOUND('',#2133,.T.);
#1478=FACE_OUTER_BOUND('',#2134,.T.);
#1479=FACE_OUTER_BOUND('',#2135,.T.);
#1480=FACE_OUTER_BOUND('',#2136,.T.);
#1481=FACE_OUTER_BOUND('',#2137,.T.);
#1482=FACE_OUTER_BOUND('',#2138,.T.);
#1483=FACE_OUTER_BOUND('',#2139,.T.);
#1484=FACE_OUTER_BOUND('',#2140,.T.);
#1485=FACE_OUTER_BOUND('',#2141,.T.);
#1486=FACE_OUTER_BOUND('',#2142,.T.);
#1487=FACE_OUTER_BOUND('',#2143,.T.);
#1488=FACE_OUTER_BOUND('',#2144,.T.);
#1489=FACE_OUTER_BOUND('',#2145,.T.);
#1490=FACE_OUTER_BOUND('',#2146,.T.);
#1491=FACE_OUTER_BOUND('',#2147,.T.);
#1492=FACE_OUTER_BOUND('',#2148,.T.);
#1493=FACE_OUTER_BOUND('',#2149,.T.);
#1494=FACE_OUTER_BOUND('',#2150,.T.);
#1495=FACE_OUTER_BOUND('',#2151,.T.);
#1496=FACE_OUTER_BOUND('',#2152,.T.);
#1497=FACE_OUTER_BOUND('',#2153,.T.);
#1498=FACE_OUTER_BOUND('',#2154,.T.);
#1499=FACE_OUTER_BOUND('',#2155,.T.);
#1500=FACE_OUTER_BOUND('',#2156,.T.);
#1501=FACE_OUTER_BOUND('',#2157,.T.);
#1502=FACE_OUTER_BOUND('',#2158,.T.);
#1503=FACE_OUTER_BOUND('',#2159,.T.);
#1504=FACE_OUTER_BOUND('',#2160,.T.);
#1505=FACE_OUTER_BOUND('',#2161,.T.);
#1506=FACE_OUTER_BOUND('',#2162,.T.);
#1507=FACE_OUTER_BOUND('',#2163,.T.);
#1508=FACE_OUTER_BOUND('',#2164,.T.);
#1509=FACE_OUTER_BOUND('',#2165,.T.);
#1510=FACE_OUTER_BOUND('',#2166,.T.);
#1511=FACE_OUTER_BOUND('',#2167,.T.);
#1512=FACE_OUTER_BOUND('',#2168,.T.);
#1513=FACE_OUTER_BOUND('',#2169,.T.);
#1514=FACE_OUTER_BOUND('',#2170,.T.);
#1515=FACE_OUTER_BOUND('',#2171,.T.);
#1516=FACE_OUTER_BOUND('',#2172,.T.);
#1517=FACE_OUTER_BOUND('',#2173,.T.);
#1518=FACE_OUTER_BOUND('',#2174,.T.);
#1519=FACE_OUTER_BOUND('',#2175,.T.);
#1520=FACE_OUTER_BOUND('',#2176,.T.);
#1521=FACE_OUTER_BOUND('',#2177,.T.);
#1522=FACE_OUTER_BOUND('',#2178,.T.);
#1523=FACE_OUTER_BOUND('',#2179,.T.);
#1524=FACE_OUTER_BOUND('',#2180,.T.);
#1525=FACE_OUTER_BOUND('',#2181,.T.);
#1526=FACE_OUTER_BOUND('',#2182,.T.);
#1527=FACE_OUTER_BOUND('',#2183,.T.);
#1528=FACE_OUTER_BOUND('',#2184,.T.);
#1529=FACE_OUTER_BOUND('',#2185,.T.);
#1530=FACE_OUTER_BOUND('',#2186,.T.);
#1531=FACE_OUTER_BOUND('',#2187,.T.);
#1532=FACE_OUTER_BOUND('',#2188,.T.);
#1533=FACE_OUTER_BOUND('',#2189,.T.);
#1534=FACE_OUTER_BOUND('',#2190,.T.);
#1535=FACE_OUTER_BOUND('',#2191,.T.);
#1536=FACE_OUTER_BOUND('',#2192,.T.);
#1537=FACE_OUTER_BOUND('',#2193,.T.);
#1538=FACE_OUTER_BOUND('',#2194,.T.);
#1539=FACE_OUTER_BOUND('',#2195,.T.);
#1540=FACE_OUTER_BOUND('',#2196,.T.);
#1541=FACE_OUTER_BOUND('',#2197,.T.);
#1542=FACE_OUTER_BOUND('',#2198,.T.);
#1543=FACE_OUTER_BOUND('',#2199,.T.);
#1544=FACE_OUTER_BOUND('',#2200,.T.);
#1545=FACE_OUTER_BOUND('',#2201,.T.);
#1546=FACE_OUTER_BOUND('',#2202,.T.);
#1547=FACE_OUTER_BOUND('',#2203,.T.);
#1548=FACE_OUTER_BOUND('',#2204,.T.);
#1549=FACE_OUTER_BOUND('',#2205,.T.);
#1550=FACE_OUTER_BOUND('',#2206,.T.);
#1551=FACE_OUTER_BOUND('',#2207,.T.);
#1552=FACE_OUTER_BOUND('',#2208,.T.);
#1553=FACE_OUTER_BOUND('',#2209,.T.);
#1554=FACE_OUTER_BOUND('',#2210,.T.);
#1555=FACE_OUTER_BOUND('',#2211,.T.);
#1556=FACE_OUTER_BOUND('',#2212,.T.);
#1557=FACE_OUTER_BOUND('',#2213,.T.);
#1558=FACE_OUTER_BOUND('',#2214,.T.);
#1559=FACE_OUTER_BOUND('',#2215,.T.);
#1560=FACE_OUTER_BOUND('',#2216,.T.);
#1561=FACE_OUTER_BOUND('',#2217,.T.);
#1562=FACE_OUTER_BOUND('',#2218,.T.);
#1563=FACE_OUTER_BOUND('',#2219,.T.);
#1564=FACE_OUTER_BOUND('',#2220,.T.);
#1565=FACE_OUTER_BOUND('',#2221,.T.);
#1566=FACE_OUTER_BOUND('',#2222,.T.);
#1567=FACE_OUTER_BOUND('',#2223,.T.);
#1568=FACE_OUTER_BOUND('',#2224,.T.);
#1569=FACE_OUTER_BOUND('',#2225,.T.);
#1570=FACE_OUTER_BOUND('',#2226,.T.);
#1571=FACE_OUTER_BOUND('',#2227,.T.);
#1572=FACE_OUTER_BOUND('',#2228,.T.);
#1573=FACE_OUTER_BOUND('',#2229,.T.);
#1574=FACE_OUTER_BOUND('',#2230,.T.);
#1575=FACE_OUTER_BOUND('',#2231,.T.);
#1576=FACE_OUTER_BOUND('',#2232,.T.);
#1577=FACE_OUTER_BOUND('',#2233,.T.);
#1578=FACE_OUTER_BOUND('',#2234,.T.);
#1579=FACE_OUTER_BOUND('',#2235,.T.);
#1580=FACE_OUTER_BOUND('',#2236,.T.);
#1581=FACE_OUTER_BOUND('',#2237,.T.);
#1582=FACE_OUTER_BOUND('',#2238,.T.);
#1583=FACE_OUTER_BOUND('',#2239,.T.);
#1584=FACE_OUTER_BOUND('',#2240,.T.);
#1585=FACE_OUTER_BOUND('',#2241,.T.);
#1586=FACE_OUTER_BOUND('',#2242,.T.);
#1587=FACE_OUTER_BOUND('',#2243,.T.);
#1588=FACE_OUTER_BOUND('',#2244,.T.);
#1589=FACE_OUTER_BOUND('',#2245,.T.);
#1590=FACE_OUTER_BOUND('',#2246,.T.);
#1591=FACE_OUTER_BOUND('',#2247,.T.);
#1592=FACE_OUTER_BOUND('',#2248,.T.);
#1593=FACE_OUTER_BOUND('',#2249,.T.);
#1594=FACE_OUTER_BOUND('',#2250,.T.);
#1595=FACE_OUTER_BOUND('',#2251,.T.);
#1596=FACE_OUTER_BOUND('',#2252,.T.);
#1597=FACE_OUTER_BOUND('',#2253,.T.);
#1598=FACE_OUTER_BOUND('',#2254,.T.);
#1599=FACE_OUTER_BOUND('',#2255,.T.);
#1600=FACE_OUTER_BOUND('',#2256,.T.);
#1601=FACE_OUTER_BOUND('',#2257,.T.);
#1602=FACE_OUTER_BOUND('',#2258,.T.);
#1603=FACE_OUTER_BOUND('',#2259,.T.);
#1604=FACE_OUTER_BOUND('',#2260,.T.);
#1605=FACE_OUTER_BOUND('',#2261,.T.);
#1606=EDGE_LOOP('',(#6162,#6163,#6164,#6165));
#1607=EDGE_LOOP('',(#6166,#6167,#6168,#6169));
#1608=EDGE_LOOP('',(#6170,#6171,#6172,#6173));
#1609=EDGE_LOOP('',(#6174,#6175,#6176,#6177,#6178,#6179,#6180,#6181,#6182,
#6183,#6184,#6185,#6186,#6187,#6188,#6189,#6190,#6191,#6192,#6193,#6194,
#6195,#6196,#6197));
#1610=EDGE_LOOP('',(#6198,#6199,#6200,#6201));
#1611=EDGE_LOOP('',(#6202,#6203,#6204,#6205));
#1612=EDGE_LOOP('',(#6206,#6207,#6208,#6209));
#1613=EDGE_LOOP('',(#6210,#6211,#6212,#6213));
#1614=EDGE_LOOP('',(#6214,#6215,#6216,#6217));
#1615=EDGE_LOOP('',(#6218,#6219,#6220,#6221));
#1616=EDGE_LOOP('',(#6222,#6223,#6224,#6225));
#1617=EDGE_LOOP('',(#6226,#6227,#6228,#6229));
#1618=EDGE_LOOP('',(#6230,#6231,#6232,#6233));
#1619=EDGE_LOOP('',(#6234,#6235,#6236,#6237));
#1620=EDGE_LOOP('',(#6238,#6239,#6240,#6241));
#1621=EDGE_LOOP('',(#6242,#6243,#6244,#6245));
#1622=EDGE_LOOP('',(#6246,#6247,#6248,#6249));
#1623=EDGE_LOOP('',(#6250,#6251,#6252,#6253));
#1624=EDGE_LOOP('',(#6254,#6255,#6256,#6257));
#1625=EDGE_LOOP('',(#6258,#6259,#6260,#6261));
#1626=EDGE_LOOP('',(#6262,#6263,#6264,#6265));
#1627=EDGE_LOOP('',(#6266,#6267,#6268,#6269));
#1628=EDGE_LOOP('',(#6270,#6271,#6272,#6273));
#1629=EDGE_LOOP('',(#6274,#6275,#6276,#6277));
#1630=EDGE_LOOP('',(#6278,#6279,#6280,#6281));
#1631=EDGE_LOOP('',(#6282,#6283,#6284,#6285));
#1632=EDGE_LOOP('',(#6286,#6287,#6288,#6289));
#1633=EDGE_LOOP('',(#6290,#6291,#6292,#6293));
#1634=EDGE_LOOP('',(#6294,#6295,#6296,#6297));
#1635=EDGE_LOOP('',(#6298,#6299,#6300,#6301));
#1636=EDGE_LOOP('',(#6302,#6303,#6304,#6305));
#1637=EDGE_LOOP('',(#6306,#6307,#6308,#6309));
#1638=EDGE_LOOP('',(#6310,#6311,#6312,#6313));
#1639=EDGE_LOOP('',(#6314,#6315,#6316,#6317));
#1640=EDGE_LOOP('',(#6318,#6319,#6320,#6321));
#1641=EDGE_LOOP('',(#6322,#6323,#6324,#6325));
#1642=EDGE_LOOP('',(#6326,#6327,#6328,#6329));
#1643=EDGE_LOOP('',(#6330,#6331,#6332,#6333));
#1644=EDGE_LOOP('',(#6334,#6335,#6336,#6337));
#1645=EDGE_LOOP('',(#6338,#6339,#6340,#6341));
#1646=EDGE_LOOP('',(#6342,#6343,#6344,#6345));
#1647=EDGE_LOOP('',(#6346,#6347,#6348,#6349));
#1648=EDGE_LOOP('',(#6350,#6351,#6352,#6353));
#1649=EDGE_LOOP('',(#6354,#6355,#6356,#6357));
#1650=EDGE_LOOP('',(#6358,#6359,#6360,#6361));
#1651=EDGE_LOOP('',(#6362,#6363,#6364,#6365));
#1652=EDGE_LOOP('',(#6366,#6367,#6368,#6369));
#1653=EDGE_LOOP('',(#6370,#6371,#6372,#6373));
#1654=EDGE_LOOP('',(#6374,#6375,#6376,#6377));
#1655=EDGE_LOOP('',(#6378,#6379,#6380,#6381));
#1656=EDGE_LOOP('',(#6382,#6383,#6384,#6385));
#1657=EDGE_LOOP('',(#6386,#6387,#6388,#6389));
#1658=EDGE_LOOP('',(#6390,#6391,#6392,#6393));
#1659=EDGE_LOOP('',(#6394,#6395,#6396,#6397));
#1660=EDGE_LOOP('',(#6398,#6399,#6400,#6401));
#1661=EDGE_LOOP('',(#6402,#6403,#6404,#6405));
#1662=EDGE_LOOP('',(#6406,#6407,#6408,#6409));
#1663=EDGE_LOOP('',(#6410,#6411,#6412,#6413));
#1664=EDGE_LOOP('',(#6414,#6415,#6416,#6417,#6418,#6419,#6420,#6421));
#1665=EDGE_LOOP('',(#6422,#6423,#6424,#6425,#6426,#6427,#6428,#6429));
#1666=EDGE_LOOP('',(#6430,#6431,#6432,#6433,#6434,#6435,#6436,#6437));
#1667=EDGE_LOOP('',(#6438,#6439,#6440,#6441,#6442,#6443,#6444,#6445,#6446,
#6447,#6448,#6449,#6450,#6451,#6452,#6453,#6454,#6455,#6456,#6457,#6458,
#6459,#6460,#6461));
#1668=EDGE_LOOP('',(#6462,#6463,#6464,#6465,#6466,#6467,#6468,#6469));
#1669=EDGE_LOOP('',(#6470,#6471,#6472,#6473,#6474,#6475,#6476,#6477));
#1670=EDGE_LOOP('',(#6478,#6479,#6480,#6481));
#1671=EDGE_LOOP('',(#6482,#6483,#6484,#6485));
#1672=EDGE_LOOP('',(#6486,#6487,#6488,#6489));
#1673=EDGE_LOOP('',(#6490,#6491,#6492,#6493));
#1674=EDGE_LOOP('',(#6494,#6495,#6496,#6497));
#1675=EDGE_LOOP('',(#6498,#6499,#6500,#6501));
#1676=EDGE_LOOP('',(#6502,#6503,#6504,#6505));
#1677=EDGE_LOOP('',(#6506,#6507,#6508,#6509));
#1678=EDGE_LOOP('',(#6510,#6511,#6512,#6513));
#1679=EDGE_LOOP('',(#6514,#6515,#6516,#6517));
#1680=EDGE_LOOP('',(#6518,#6519,#6520,#6521));
#1681=EDGE_LOOP('',(#6522,#6523,#6524,#6525,#6526,#6527,#6528,#6529));
#1682=EDGE_LOOP('',(#6530));
#1683=EDGE_LOOP('',(#6531));
#1684=EDGE_LOOP('',(#6532,#6533,#6534,#6535));
#1685=EDGE_LOOP('',(#6536,#6537,#6538,#6539));
#1686=EDGE_LOOP('',(#6540,#6541,#6542,#6543));
#1687=EDGE_LOOP('',(#6544,#6545,#6546,#6547));
#1688=EDGE_LOOP('',(#6548,#6549,#6550,#6551));
#1689=EDGE_LOOP('',(#6552,#6553,#6554,#6555));
#1690=EDGE_LOOP('',(#6556,#6557,#6558,#6559));
#1691=EDGE_LOOP('',(#6560,#6561,#6562,#6563));
#1692=EDGE_LOOP('',(#6564,#6565,#6566,#6567));
#1693=EDGE_LOOP('',(#6568,#6569,#6570,#6571));
#1694=EDGE_LOOP('',(#6572,#6573,#6574,#6575));
#1695=EDGE_LOOP('',(#6576,#6577,#6578,#6579));
#1696=EDGE_LOOP('',(#6580,#6581,#6582,#6583));
#1697=EDGE_LOOP('',(#6584,#6585,#6586,#6587));
#1698=EDGE_LOOP('',(#6588,#6589,#6590,#6591));
#1699=EDGE_LOOP('',(#6592,#6593,#6594,#6595));
#1700=EDGE_LOOP('',(#6596,#6597,#6598,#6599));
#1701=EDGE_LOOP('',(#6600,#6601,#6602,#6603));
#1702=EDGE_LOOP('',(#6604,#6605,#6606,#6607));
#1703=EDGE_LOOP('',(#6608,#6609,#6610,#6611));
#1704=EDGE_LOOP('',(#6612,#6613,#6614,#6615));
#1705=EDGE_LOOP('',(#6616,#6617,#6618,#6619));
#1706=EDGE_LOOP('',(#6620,#6621,#6622,#6623));
#1707=EDGE_LOOP('',(#6624,#6625,#6626,#6627));
#1708=EDGE_LOOP('',(#6628,#6629,#6630,#6631));
#1709=EDGE_LOOP('',(#6632,#6633,#6634,#6635));
#1710=EDGE_LOOP('',(#6636,#6637,#6638,#6639));
#1711=EDGE_LOOP('',(#6640,#6641,#6642,#6643));
#1712=EDGE_LOOP('',(#6644,#6645,#6646,#6647));
#1713=EDGE_LOOP('',(#6648,#6649,#6650,#6651));
#1714=EDGE_LOOP('',(#6652,#6653,#6654,#6655));
#1715=EDGE_LOOP('',(#6656,#6657,#6658,#6659));
#1716=EDGE_LOOP('',(#6660));
#1717=EDGE_LOOP('',(#6661));
#1718=EDGE_LOOP('',(#6662,#6663,#6664,#6665));
#1719=EDGE_LOOP('',(#6666,#6667,#6668,#6669));
#1720=EDGE_LOOP('',(#6670,#6671,#6672,#6673));
#1721=EDGE_LOOP('',(#6674,#6675,#6676,#6677));
#1722=EDGE_LOOP('',(#6678,#6679,#6680,#6681));
#1723=EDGE_LOOP('',(#6682,#6683,#6684,#6685));
#1724=EDGE_LOOP('',(#6686,#6687,#6688,#6689));
#1725=EDGE_LOOP('',(#6690,#6691,#6692,#6693));
#1726=EDGE_LOOP('',(#6694,#6695,#6696));
#1727=EDGE_LOOP('',(#6697,#6698,#6699));
#1728=EDGE_LOOP('',(#6700,#6701,#6702));
#1729=EDGE_LOOP('',(#6703,#6704,#6705));
#1730=EDGE_LOOP('',(#6706,#6707,#6708));
#1731=EDGE_LOOP('',(#6709,#6710,#6711));
#1732=EDGE_LOOP('',(#6712,#6713,#6714));
#1733=EDGE_LOOP('',(#6715,#6716,#6717));
#1734=EDGE_LOOP('',(#6718,#6719,#6720,#6721,#6722));
#1735=EDGE_LOOP('',(#6723,#6724,#6725,#6726));
#1736=EDGE_LOOP('',(#6727,#6728,#6729,#6730,#6731));
#1737=EDGE_LOOP('',(#6732,#6733,#6734,#6735,#6736));
#1738=EDGE_LOOP('',(#6737,#6738,#6739,#6740));
#1739=EDGE_LOOP('',(#6741,#6742,#6743,#6744,#6745));
#1740=EDGE_LOOP('',(#6746,#6747,#6748,#6749,#6750,#6751,#6752,#6753,#6754,
#6755,#6756,#6757,#6758,#6759,#6760,#6761,#6762,#6763,#6764,#6765));
#1741=EDGE_LOOP('',(#6766,#6767,#6768,#6769,#6770));
#1742=EDGE_LOOP('',(#6771,#6772,#6773,#6774));
#1743=EDGE_LOOP('',(#6775,#6776,#6777,#6778,#6779));
#1744=EDGE_LOOP('',(#6780,#6781,#6782,#6783,#6784));
#1745=EDGE_LOOP('',(#6785,#6786,#6787,#6788));
#1746=EDGE_LOOP('',(#6789,#6790,#6791,#6792,#6793));
#1747=EDGE_LOOP('',(#6794,#6795,#6796,#6797,#6798));
#1748=EDGE_LOOP('',(#6799,#6800,#6801,#6802));
#1749=EDGE_LOOP('',(#6803,#6804,#6805,#6806));
#1750=EDGE_LOOP('',(#6807,#6808,#6809,#6810));
#1751=EDGE_LOOP('',(#6811,#6812,#6813,#6814));
#1752=EDGE_LOOP('',(#6815,#6816,#6817,#6818));
#1753=EDGE_LOOP('',(#6819,#6820,#6821,#6822));
#1754=EDGE_LOOP('',(#6823,#6824,#6825,#6826));
#1755=EDGE_LOOP('',(#6827,#6828,#6829,#6830));
#1756=EDGE_LOOP('',(#6831,#6832,#6833,#6834));
#1757=EDGE_LOOP('',(#6835,#6836,#6837,#6838));
#1758=EDGE_LOOP('',(#6839,#6840,#6841,#6842));
#1759=EDGE_LOOP('',(#6843,#6844,#6845,#6846));
#1760=EDGE_LOOP('',(#6847,#6848,#6849,#6850));
#1761=EDGE_LOOP('',(#6851,#6852,#6853,#6854));
#1762=EDGE_LOOP('',(#6855,#6856,#6857,#6858));
#1763=EDGE_LOOP('',(#6859,#6860,#6861));
#1764=EDGE_LOOP('',(#6862,#6863,#6864));
#1765=EDGE_LOOP('',(#6865,#6866,#6867));
#1766=EDGE_LOOP('',(#6868,#6869,#6870));
#1767=EDGE_LOOP('',(#6871,#6872,#6873));
#1768=EDGE_LOOP('',(#6874,#6875,#6876));
#1769=EDGE_LOOP('',(#6877,#6878,#6879));
#1770=EDGE_LOOP('',(#6880,#6881,#6882));
#1771=EDGE_LOOP('',(#6883,#6884,#6885,#6886,#6887));
#1772=EDGE_LOOP('',(#6888,#6889,#6890,#6891));
#1773=EDGE_LOOP('',(#6892,#6893,#6894,#6895,#6896));
#1774=EDGE_LOOP('',(#6897,#6898,#6899,#6900,#6901));
#1775=EDGE_LOOP('',(#6902,#6903,#6904,#6905));
#1776=EDGE_LOOP('',(#6906,#6907,#6908,#6909,#6910));
#1777=EDGE_LOOP('',(#6911,#6912,#6913,#6914,#6915,#6916,#6917,#6918,#6919,
#6920,#6921,#6922,#6923,#6924,#6925,#6926,#6927,#6928,#6929,#6930));
#1778=EDGE_LOOP('',(#6931,#6932,#6933,#6934,#6935));
#1779=EDGE_LOOP('',(#6936,#6937,#6938,#6939));
#1780=EDGE_LOOP('',(#6940,#6941,#6942,#6943,#6944));
#1781=EDGE_LOOP('',(#6945,#6946,#6947,#6948,#6949));
#1782=EDGE_LOOP('',(#6950,#6951,#6952,#6953));
#1783=EDGE_LOOP('',(#6954,#6955,#6956,#6957,#6958));
#1784=EDGE_LOOP('',(#6959,#6960,#6961,#6962,#6963));
#1785=EDGE_LOOP('',(#6964,#6965,#6966,#6967));
#1786=EDGE_LOOP('',(#6968,#6969,#6970,#6971));
#1787=EDGE_LOOP('',(#6972,#6973,#6974,#6975));
#1788=EDGE_LOOP('',(#6976,#6977,#6978,#6979));
#1789=EDGE_LOOP('',(#6980,#6981,#6982,#6983));
#1790=EDGE_LOOP('',(#6984,#6985,#6986,#6987));
#1791=EDGE_LOOP('',(#6988,#6989,#6990,#6991));
#1792=EDGE_LOOP('',(#6992,#6993,#6994,#6995));
#1793=EDGE_LOOP('',(#6996,#6997,#6998,#6999));
#1794=EDGE_LOOP('',(#7000,#7001,#7002,#7003));
#1795=EDGE_LOOP('',(#7004,#7005,#7006,#7007));
#1796=EDGE_LOOP('',(#7008,#7009,#7010,#7011));
#1797=EDGE_LOOP('',(#7012,#7013,#7014,#7015));
#1798=EDGE_LOOP('',(#7016,#7017,#7018,#7019));
#1799=EDGE_LOOP('',(#7020,#7021,#7022,#7023));
#1800=EDGE_LOOP('',(#7024,#7025,#7026));
#1801=EDGE_LOOP('',(#7027,#7028,#7029));
#1802=EDGE_LOOP('',(#7030,#7031,#7032));
#1803=EDGE_LOOP('',(#7033,#7034,#7035));
#1804=EDGE_LOOP('',(#7036,#7037,#7038));
#1805=EDGE_LOOP('',(#7039,#7040,#7041));
#1806=EDGE_LOOP('',(#7042,#7043,#7044));
#1807=EDGE_LOOP('',(#7045,#7046,#7047));
#1808=EDGE_LOOP('',(#7048,#7049,#7050,#7051,#7052));
#1809=EDGE_LOOP('',(#7053,#7054,#7055,#7056));
#1810=EDGE_LOOP('',(#7057,#7058,#7059,#7060,#7061));
#1811=EDGE_LOOP('',(#7062,#7063,#7064,#7065,#7066));
#1812=EDGE_LOOP('',(#7067,#7068,#7069,#7070));
#1813=EDGE_LOOP('',(#7071,#7072,#7073,#7074,#7075));
#1814=EDGE_LOOP('',(#7076,#7077,#7078,#7079,#7080,#7081,#7082,#7083,#7084,
#7085,#7086,#7087,#7088,#7089,#7090,#7091,#7092,#7093,#7094,#7095));
#1815=EDGE_LOOP('',(#7096,#7097,#7098,#7099,#7100));
#1816=EDGE_LOOP('',(#7101,#7102,#7103,#7104));
#1817=EDGE_LOOP('',(#7105,#7106,#7107,#7108,#7109));
#1818=EDGE_LOOP('',(#7110,#7111,#7112,#7113,#7114));
#1819=EDGE_LOOP('',(#7115,#7116,#7117,#7118));
#1820=EDGE_LOOP('',(#7119,#7120,#7121,#7122,#7123));
#1821=EDGE_LOOP('',(#7124,#7125,#7126,#7127,#7128));
#1822=EDGE_LOOP('',(#7129,#7130,#7131,#7132));
#1823=EDGE_LOOP('',(#7133,#7134,#7135,#7136));
#1824=EDGE_LOOP('',(#7137,#7138,#7139,#7140));
#1825=EDGE_LOOP('',(#7141,#7142,#7143,#7144));
#1826=EDGE_LOOP('',(#7145,#7146,#7147,#7148));
#1827=EDGE_LOOP('',(#7149,#7150,#7151,#7152));
#1828=EDGE_LOOP('',(#7153,#7154,#7155,#7156));
#1829=EDGE_LOOP('',(#7157,#7158,#7159,#7160));
#1830=EDGE_LOOP('',(#7161,#7162,#7163,#7164));
#1831=EDGE_LOOP('',(#7165,#7166,#7167,#7168));
#1832=EDGE_LOOP('',(#7169,#7170,#7171,#7172));
#1833=EDGE_LOOP('',(#7173,#7174,#7175,#7176));
#1834=EDGE_LOOP('',(#7177,#7178,#7179,#7180));
#1835=EDGE_LOOP('',(#7181,#7182,#7183,#7184));
#1836=EDGE_LOOP('',(#7185,#7186,#7187,#7188));
#1837=EDGE_LOOP('',(#7189,#7190,#7191));
#1838=EDGE_LOOP('',(#7192,#7193,#7194));
#1839=EDGE_LOOP('',(#7195,#7196,#7197));
#1840=EDGE_LOOP('',(#7198,#7199,#7200));
#1841=EDGE_LOOP('',(#7201,#7202,#7203));
#1842=EDGE_LOOP('',(#7204,#7205,#7206));
#1843=EDGE_LOOP('',(#7207,#7208,#7209));
#1844=EDGE_LOOP('',(#7210,#7211,#7212));
#1845=EDGE_LOOP('',(#7213,#7214,#7215,#7216,#7217));
#1846=EDGE_LOOP('',(#7218,#7219,#7220,#7221));
#1847=EDGE_LOOP('',(#7222,#7223,#7224,#7225,#7226));
#1848=EDGE_LOOP('',(#7227,#7228,#7229,#7230));
#1849=EDGE_LOOP('',(#7231,#7232,#7233,#7234,#7235));
#1850=EDGE_LOOP('',(#7236,#7237,#7238,#7239));
#1851=EDGE_LOOP('',(#7240,#7241,#7242,#7243,#7244));
#1852=EDGE_LOOP('',(#7245,#7246,#7247,#7248));
#1853=EDGE_LOOP('',(#7249,#7250,#7251,#7252,#7253,#7254,#7255,#7256,#7257,
#7258,#7259,#7260,#7261,#7262,#7263,#7264,#7265,#7266,#7267,#7268));
#1854=EDGE_LOOP('',(#7269,#7270,#7271,#7272,#7273));
#1855=EDGE_LOOP('',(#7274,#7275,#7276,#7277));
#1856=EDGE_LOOP('',(#7278,#7279,#7280,#7281,#7282));
#1857=EDGE_LOOP('',(#7283,#7284,#7285,#7286));
#1858=EDGE_LOOP('',(#7287,#7288,#7289,#7290,#7291));
#1859=EDGE_LOOP('',(#7292,#7293,#7294,#7295));
#1860=EDGE_LOOP('',(#7296,#7297,#7298,#7299,#7300));
#1861=EDGE_LOOP('',(#7301,#7302,#7303,#7304));
#1862=EDGE_LOOP('',(#7305,#7306,#7307,#7308,#7309));
#1863=EDGE_LOOP('',(#7310,#7311,#7312,#7313));
#1864=EDGE_LOOP('',(#7314,#7315,#7316,#7317));
#1865=EDGE_LOOP('',(#7318,#7319,#7320,#7321));
#1866=EDGE_LOOP('',(#7322,#7323,#7324,#7325));
#1867=EDGE_LOOP('',(#7326,#7327,#7328,#7329));
#1868=EDGE_LOOP('',(#7330,#7331,#7332,#7333));
#1869=EDGE_LOOP('',(#7334,#7335,#7336,#7337));
#1870=EDGE_LOOP('',(#7338,#7339,#7340,#7341));
#1871=EDGE_LOOP('',(#7342,#7343,#7344,#7345));
#1872=EDGE_LOOP('',(#7346,#7347,#7348,#7349));
#1873=EDGE_LOOP('',(#7350,#7351,#7352,#7353));
#1874=EDGE_LOOP('',(#7354,#7355,#7356,#7357));
#1875=EDGE_LOOP('',(#7358,#7359,#7360,#7361));
#1876=EDGE_LOOP('',(#7362,#7363,#7364,#7365));
#1877=EDGE_LOOP('',(#7366,#7367,#7368,#7369));
#1878=EDGE_LOOP('',(#7370,#7371,#7372,#7373));
#1879=EDGE_LOOP('',(#7374,#7375,#7376,#7377));
#1880=EDGE_LOOP('',(#7378,#7379,#7380,#7381));
#1881=EDGE_LOOP('',(#7382,#7383,#7384,#7385));
#1882=EDGE_LOOP('',(#7386,#7387,#7388,#7389));
#1883=EDGE_LOOP('',(#7390,#7391,#7392,#7393));
#1884=EDGE_LOOP('',(#7394,#7395,#7396,#7397));
#1885=EDGE_LOOP('',(#7398,#7399,#7400,#7401));
#1886=EDGE_LOOP('',(#7402,#7403,#7404,#7405));
#1887=EDGE_LOOP('',(#7406,#7407,#7408,#7409));
#1888=EDGE_LOOP('',(#7410,#7411,#7412,#7413));
#1889=EDGE_LOOP('',(#7414,#7415,#7416,#7417));
#1890=EDGE_LOOP('',(#7418,#7419,#7420,#7421));
#1891=EDGE_LOOP('',(#7422,#7423,#7424,#7425));
#1892=EDGE_LOOP('',(#7426,#7427,#7428,#7429));
#1893=EDGE_LOOP('',(#7430,#7431,#7432,#7433));
#1894=EDGE_LOOP('',(#7434,#7435,#7436,#7437));
#1895=EDGE_LOOP('',(#7438,#7439,#7440,#7441));
#1896=EDGE_LOOP('',(#7442,#7443,#7444,#7445));
#1897=EDGE_LOOP('',(#7446,#7447,#7448,#7449));
#1898=EDGE_LOOP('',(#7450,#7451,#7452,#7453));
#1899=EDGE_LOOP('',(#7454,#7455,#7456,#7457));
#1900=EDGE_LOOP('',(#7458,#7459,#7460,#7461));
#1901=EDGE_LOOP('',(#7462,#7463,#7464,#7465));
#1902=EDGE_LOOP('',(#7466,#7467,#7468,#7469));
#1903=EDGE_LOOP('',(#7470,#7471,#7472,#7473));
#1904=EDGE_LOOP('',(#7474,#7475,#7476,#7477));
#1905=EDGE_LOOP('',(#7478,#7479,#7480,#7481));
#1906=EDGE_LOOP('',(#7482,#7483,#7484,#7485));
#1907=EDGE_LOOP('',(#7486,#7487,#7488,#7489));
#1908=EDGE_LOOP('',(#7490,#7491,#7492,#7493));
#1909=EDGE_LOOP('',(#7494,#7495,#7496,#7497));
#1910=EDGE_LOOP('',(#7498,#7499,#7500,#7501));
#1911=EDGE_LOOP('',(#7502,#7503,#7504,#7505));
#1912=EDGE_LOOP('',(#7506,#7507,#7508,#7509));
#1913=EDGE_LOOP('',(#7510,#7511,#7512,#7513));
#1914=EDGE_LOOP('',(#7514,#7515,#7516,#7517));
#1915=EDGE_LOOP('',(#7518,#7519,#7520,#7521));
#1916=EDGE_LOOP('',(#7522,#7523,#7524,#7525));
#1917=EDGE_LOOP('',(#7526,#7527,#7528,#7529));
#1918=EDGE_LOOP('',(#7530,#7531,#7532,#7533));
#1919=EDGE_LOOP('',(#7534,#7535,#7536,#7537));
#1920=EDGE_LOOP('',(#7538,#7539,#7540,#7541));
#1921=EDGE_LOOP('',(#7542,#7543,#7544,#7545));
#1922=EDGE_LOOP('',(#7546,#7547,#7548,#7549));
#1923=EDGE_LOOP('',(#7550,#7551,#7552,#7553));
#1924=EDGE_LOOP('',(#7554,#7555,#7556,#7557));
#1925=EDGE_LOOP('',(#7558,#7559,#7560,#7561));
#1926=EDGE_LOOP('',(#7562,#7563,#7564,#7565));
#1927=EDGE_LOOP('',(#7566,#7567,#7568,#7569));
#1928=EDGE_LOOP('',(#7570,#7571,#7572,#7573));
#1929=EDGE_LOOP('',(#7574,#7575,#7576,#7577));
#1930=EDGE_LOOP('',(#7578,#7579,#7580,#7581));
#1931=EDGE_LOOP('',(#7582,#7583,#7584,#7585));
#1932=EDGE_LOOP('',(#7586,#7587,#7588,#7589));
#1933=EDGE_LOOP('',(#7590,#7591,#7592,#7593));
#1934=EDGE_LOOP('',(#7594,#7595,#7596,#7597));
#1935=EDGE_LOOP('',(#7598,#7599,#7600,#7601));
#1936=EDGE_LOOP('',(#7602,#7603,#7604,#7605));
#1937=EDGE_LOOP('',(#7606,#7607,#7608,#7609));
#1938=EDGE_LOOP('',(#7610,#7611,#7612,#7613));
#1939=EDGE_LOOP('',(#7614,#7615,#7616,#7617));
#1940=EDGE_LOOP('',(#7618,#7619,#7620,#7621));
#1941=EDGE_LOOP('',(#7622,#7623,#7624,#7625));
#1942=EDGE_LOOP('',(#7626,#7627,#7628,#7629));
#1943=EDGE_LOOP('',(#7630,#7631,#7632,#7633));
#1944=EDGE_LOOP('',(#7634,#7635,#7636,#7637));
#1945=EDGE_LOOP('',(#7638,#7639,#7640,#7641));
#1946=EDGE_LOOP('',(#7642,#7643,#7644,#7645));
#1947=EDGE_LOOP('',(#7646,#7647,#7648,#7649));
#1948=EDGE_LOOP('',(#7650,#7651,#7652,#7653));
#1949=EDGE_LOOP('',(#7654,#7655,#7656,#7657));
#1950=EDGE_LOOP('',(#7658,#7659,#7660,#7661));
#1951=EDGE_LOOP('',(#7662,#7663,#7664,#7665));
#1952=EDGE_LOOP('',(#7666,#7667,#7668,#7669));
#1953=EDGE_LOOP('',(#7670,#7671,#7672,#7673));
#1954=EDGE_LOOP('',(#7674,#7675,#7676,#7677));
#1955=EDGE_LOOP('',(#7678,#7679,#7680,#7681));
#1956=EDGE_LOOP('',(#7682,#7683,#7684,#7685));
#1957=EDGE_LOOP('',(#7686,#7687,#7688,#7689));
#1958=EDGE_LOOP('',(#7690,#7691,#7692,#7693));
#1959=EDGE_LOOP('',(#7694,#7695,#7696,#7697));
#1960=EDGE_LOOP('',(#7698,#7699,#7700,#7701));
#1961=EDGE_LOOP('',(#7702,#7703,#7704,#7705));
#1962=EDGE_LOOP('',(#7706,#7707,#7708,#7709));
#1963=EDGE_LOOP('',(#7710,#7711,#7712,#7713));
#1964=EDGE_LOOP('',(#7714,#7715,#7716,#7717));
#1965=EDGE_LOOP('',(#7718,#7719,#7720,#7721));
#1966=EDGE_LOOP('',(#7722,#7723,#7724,#7725));
#1967=EDGE_LOOP('',(#7726,#7727,#7728,#7729));
#1968=EDGE_LOOP('',(#7730,#7731,#7732,#7733));
#1969=EDGE_LOOP('',(#7734,#7735,#7736,#7737));
#1970=EDGE_LOOP('',(#7738,#7739,#7740,#7741));
#1971=EDGE_LOOP('',(#7742,#7743,#7744,#7745));
#1972=EDGE_LOOP('',(#7746,#7747,#7748,#7749));
#1973=EDGE_LOOP('',(#7750,#7751,#7752,#7753));
#1974=EDGE_LOOP('',(#7754,#7755,#7756,#7757));
#1975=EDGE_LOOP('',(#7758,#7759,#7760,#7761));
#1976=EDGE_LOOP('',(#7762,#7763,#7764,#7765));
#1977=EDGE_LOOP('',(#7766,#7767,#7768,#7769));
#1978=EDGE_LOOP('',(#7770,#7771,#7772,#7773));
#1979=EDGE_LOOP('',(#7774,#7775,#7776,#7777));
#1980=EDGE_LOOP('',(#7778,#7779,#7780,#7781));
#1981=EDGE_LOOP('',(#7782,#7783,#7784,#7785));
#1982=EDGE_LOOP('',(#7786,#7787,#7788,#7789));
#1983=EDGE_LOOP('',(#7790,#7791,#7792,#7793));
#1984=EDGE_LOOP('',(#7794,#7795,#7796,#7797));
#1985=EDGE_LOOP('',(#7798,#7799,#7800,#7801));
#1986=EDGE_LOOP('',(#7802,#7803,#7804,#7805));
#1987=EDGE_LOOP('',(#7806,#7807,#7808,#7809));
#1988=EDGE_LOOP('',(#7810,#7811,#7812,#7813));
#1989=EDGE_LOOP('',(#7814,#7815,#7816,#7817));
#1990=EDGE_LOOP('',(#7818,#7819,#7820,#7821));
#1991=EDGE_LOOP('',(#7822,#7823,#7824,#7825));
#1992=EDGE_LOOP('',(#7826,#7827,#7828,#7829));
#1993=EDGE_LOOP('',(#7830,#7831,#7832,#7833));
#1994=EDGE_LOOP('',(#7834,#7835,#7836,#7837));
#1995=EDGE_LOOP('',(#7838,#7839,#7840,#7841));
#1996=EDGE_LOOP('',(#7842,#7843,#7844,#7845));
#1997=EDGE_LOOP('',(#7846,#7847,#7848,#7849));
#1998=EDGE_LOOP('',(#7850,#7851,#7852,#7853));
#1999=EDGE_LOOP('',(#7854,#7855,#7856,#7857));
#2000=EDGE_LOOP('',(#7858,#7859,#7860,#7861));
#2001=EDGE_LOOP('',(#7862,#7863,#7864,#7865));
#2002=EDGE_LOOP('',(#7866,#7867,#7868,#7869));
#2003=EDGE_LOOP('',(#7870,#7871,#7872,#7873));
#2004=EDGE_LOOP('',(#7874,#7875,#7876,#7877));
#2005=EDGE_LOOP('',(#7878,#7879,#7880,#7881));
#2006=EDGE_LOOP('',(#7882,#7883,#7884,#7885));
#2007=EDGE_LOOP('',(#7886,#7887,#7888,#7889));
#2008=EDGE_LOOP('',(#7890,#7891,#7892,#7893));
#2009=EDGE_LOOP('',(#7894,#7895,#7896,#7897));
#2010=EDGE_LOOP('',(#7898,#7899,#7900,#7901));
#2011=EDGE_LOOP('',(#7902,#7903,#7904,#7905));
#2012=EDGE_LOOP('',(#7906,#7907,#7908,#7909));
#2013=EDGE_LOOP('',(#7910,#7911,#7912,#7913));
#2014=EDGE_LOOP('',(#7914,#7915,#7916,#7917));
#2015=EDGE_LOOP('',(#7918,#7919,#7920,#7921));
#2016=EDGE_LOOP('',(#7922,#7923,#7924,#7925));
#2017=EDGE_LOOP('',(#7926,#7927,#7928,#7929));
#2018=EDGE_LOOP('',(#7930,#7931,#7932,#7933));
#2019=EDGE_LOOP('',(#7934,#7935,#7936,#7937));
#2020=EDGE_LOOP('',(#7938,#7939,#7940,#7941));
#2021=EDGE_LOOP('',(#7942,#7943,#7944,#7945));
#2022=EDGE_LOOP('',(#7946,#7947,#7948,#7949));
#2023=EDGE_LOOP('',(#7950,#7951,#7952,#7953));
#2024=EDGE_LOOP('',(#7954,#7955,#7956,#7957));
#2025=EDGE_LOOP('',(#7958,#7959,#7960,#7961));
#2026=EDGE_LOOP('',(#7962,#7963,#7964,#7965));
#2027=EDGE_LOOP('',(#7966,#7967,#7968,#7969));
#2028=EDGE_LOOP('',(#7970,#7971,#7972,#7973));
#2029=EDGE_LOOP('',(#7974,#7975,#7976,#7977));
#2030=EDGE_LOOP('',(#7978,#7979,#7980,#7981));
#2031=EDGE_LOOP('',(#7982,#7983,#7984,#7985));
#2032=EDGE_LOOP('',(#7986,#7987,#7988,#7989));
#2033=EDGE_LOOP('',(#7990,#7991,#7992,#7993));
#2034=EDGE_LOOP('',(#7994,#7995,#7996,#7997));
#2035=EDGE_LOOP('',(#7998,#7999,#8000,#8001));
#2036=EDGE_LOOP('',(#8002,#8003,#8004,#8005));
#2037=EDGE_LOOP('',(#8006,#8007,#8008,#8009));
#2038=EDGE_LOOP('',(#8010,#8011,#8012,#8013));
#2039=EDGE_LOOP('',(#8014,#8015,#8016,#8017));
#2040=EDGE_LOOP('',(#8018,#8019,#8020,#8021));
#2041=EDGE_LOOP('',(#8022,#8023,#8024,#8025));
#2042=EDGE_LOOP('',(#8026,#8027,#8028,#8029));
#2043=EDGE_LOOP('',(#8030,#8031,#8032,#8033));
#2044=EDGE_LOOP('',(#8034,#8035,#8036,#8037));
#2045=EDGE_LOOP('',(#8038,#8039,#8040,#8041));
#2046=EDGE_LOOP('',(#8042,#8043,#8044,#8045));
#2047=EDGE_LOOP('',(#8046,#8047,#8048,#8049));
#2048=EDGE_LOOP('',(#8050,#8051,#8052,#8053));
#2049=EDGE_LOOP('',(#8054,#8055,#8056,#8057));
#2050=EDGE_LOOP('',(#8058,#8059,#8060,#8061));
#2051=EDGE_LOOP('',(#8062,#8063,#8064,#8065));
#2052=EDGE_LOOP('',(#8066,#8067,#8068,#8069));
#2053=EDGE_LOOP('',(#8070,#8071,#8072,#8073));
#2054=EDGE_LOOP('',(#8074,#8075,#8076,#8077));
#2055=EDGE_LOOP('',(#8078,#8079,#8080,#8081));
#2056=EDGE_LOOP('',(#8082,#8083,#8084,#8085));
#2057=EDGE_LOOP('',(#8086,#8087,#8088,#8089));
#2058=EDGE_LOOP('',(#8090,#8091,#8092,#8093));
#2059=EDGE_LOOP('',(#8094,#8095,#8096,#8097));
#2060=EDGE_LOOP('',(#8098,#8099,#8100,#8101));
#2061=EDGE_LOOP('',(#8102,#8103,#8104,#8105));
#2062=EDGE_LOOP('',(#8106,#8107,#8108,#8109));
#2063=EDGE_LOOP('',(#8110,#8111,#8112,#8113));
#2064=EDGE_LOOP('',(#8114,#8115,#8116,#8117));
#2065=EDGE_LOOP('',(#8118,#8119,#8120,#8121));
#2066=EDGE_LOOP('',(#8122,#8123,#8124,#8125));
#2067=EDGE_LOOP('',(#8126,#8127,#8128,#8129));
#2068=EDGE_LOOP('',(#8130,#8131,#8132,#8133));
#2069=EDGE_LOOP('',(#8134,#8135,#8136,#8137));
#2070=EDGE_LOOP('',(#8138,#8139,#8140,#8141));
#2071=EDGE_LOOP('',(#8142,#8143,#8144,#8145));
#2072=EDGE_LOOP('',(#8146,#8147,#8148,#8149));
#2073=EDGE_LOOP('',(#8150,#8151,#8152,#8153));
#2074=EDGE_LOOP('',(#8154,#8155,#8156,#8157));
#2075=EDGE_LOOP('',(#8158,#8159,#8160,#8161));
#2076=EDGE_LOOP('',(#8162,#8163,#8164,#8165));
#2077=EDGE_LOOP('',(#8166,#8167,#8168,#8169));
#2078=EDGE_LOOP('',(#8170,#8171,#8172,#8173));
#2079=EDGE_LOOP('',(#8174,#8175,#8176,#8177));
#2080=EDGE_LOOP('',(#8178,#8179,#8180,#8181));
#2081=EDGE_LOOP('',(#8182,#8183,#8184,#8185));
#2082=EDGE_LOOP('',(#8186,#8187,#8188,#8189));
#2083=EDGE_LOOP('',(#8190,#8191,#8192,#8193));
#2084=EDGE_LOOP('',(#8194,#8195,#8196,#8197));
#2085=EDGE_LOOP('',(#8198,#8199,#8200,#8201));
#2086=EDGE_LOOP('',(#8202,#8203,#8204,#8205));
#2087=EDGE_LOOP('',(#8206,#8207,#8208,#8209));
#2088=EDGE_LOOP('',(#8210,#8211,#8212,#8213));
#2089=EDGE_LOOP('',(#8214,#8215,#8216,#8217));
#2090=EDGE_LOOP('',(#8218,#8219,#8220,#8221));
#2091=EDGE_LOOP('',(#8222,#8223,#8224,#8225));
#2092=EDGE_LOOP('',(#8226,#8227,#8228,#8229));
#2093=EDGE_LOOP('',(#8230,#8231,#8232,#8233));
#2094=EDGE_LOOP('',(#8234,#8235,#8236,#8237));
#2095=EDGE_LOOP('',(#8238,#8239,#8240,#8241));
#2096=EDGE_LOOP('',(#8242,#8243,#8244,#8245));
#2097=EDGE_LOOP('',(#8246,#8247,#8248,#8249));
#2098=EDGE_LOOP('',(#8250,#8251,#8252,#8253));
#2099=EDGE_LOOP('',(#8254,#8255,#8256,#8257));
#2100=EDGE_LOOP('',(#8258,#8259,#8260,#8261));
#2101=EDGE_LOOP('',(#8262,#8263,#8264,#8265));
#2102=EDGE_LOOP('',(#8266,#8267,#8268,#8269));
#2103=EDGE_LOOP('',(#8270,#8271,#8272,#8273));
#2104=EDGE_LOOP('',(#8274,#8275,#8276,#8277));
#2105=EDGE_LOOP('',(#8278,#8279,#8280,#8281));
#2106=EDGE_LOOP('',(#8282,#8283,#8284,#8285));
#2107=EDGE_LOOP('',(#8286,#8287,#8288,#8289));
#2108=EDGE_LOOP('',(#8290,#8291,#8292,#8293));
#2109=EDGE_LOOP('',(#8294,#8295,#8296,#8297));
#2110=EDGE_LOOP('',(#8298,#8299,#8300,#8301));
#2111=EDGE_LOOP('',(#8302,#8303,#8304,#8305));
#2112=EDGE_LOOP('',(#8306,#8307,#8308,#8309));
#2113=EDGE_LOOP('',(#8310,#8311,#8312,#8313));
#2114=EDGE_LOOP('',(#8314,#8315,#8316,#8317));
#2115=EDGE_LOOP('',(#8318,#8319,#8320,#8321));
#2116=EDGE_LOOP('',(#8322,#8323,#8324,#8325));
#2117=EDGE_LOOP('',(#8326,#8327,#8328,#8329));
#2118=EDGE_LOOP('',(#8330,#8331,#8332,#8333));
#2119=EDGE_LOOP('',(#8334,#8335,#8336,#8337));
#2120=EDGE_LOOP('',(#8338,#8339,#8340,#8341));
#2121=EDGE_LOOP('',(#8342,#8343,#8344,#8345));
#2122=EDGE_LOOP('',(#8346,#8347,#8348,#8349));
#2123=EDGE_LOOP('',(#8350,#8351,#8352,#8353));
#2124=EDGE_LOOP('',(#8354,#8355,#8356,#8357));
#2125=EDGE_LOOP('',(#8358,#8359,#8360,#8361));
#2126=EDGE_LOOP('',(#8362,#8363,#8364,#8365));
#2127=EDGE_LOOP('',(#8366,#8367,#8368,#8369));
#2128=EDGE_LOOP('',(#8370,#8371,#8372,#8373));
#2129=EDGE_LOOP('',(#8374,#8375,#8376,#8377));
#2130=EDGE_LOOP('',(#8378,#8379,#8380,#8381));
#2131=EDGE_LOOP('',(#8382,#8383,#8384,#8385));
#2132=EDGE_LOOP('',(#8386,#8387,#8388,#8389));
#2133=EDGE_LOOP('',(#8390,#8391,#8392,#8393));
#2134=EDGE_LOOP('',(#8394,#8395,#8396,#8397));
#2135=EDGE_LOOP('',(#8398,#8399,#8400,#8401));
#2136=EDGE_LOOP('',(#8402,#8403,#8404,#8405));
#2137=EDGE_LOOP('',(#8406,#8407,#8408,#8409));
#2138=EDGE_LOOP('',(#8410,#8411,#8412,#8413));
#2139=EDGE_LOOP('',(#8414,#8415,#8416,#8417));
#2140=EDGE_LOOP('',(#8418,#8419,#8420,#8421));
#2141=EDGE_LOOP('',(#8422,#8423,#8424,#8425));
#2142=EDGE_LOOP('',(#8426,#8427,#8428,#8429));
#2143=EDGE_LOOP('',(#8430,#8431,#8432,#8433));
#2144=EDGE_LOOP('',(#8434,#8435,#8436,#8437));
#2145=EDGE_LOOP('',(#8438,#8439,#8440,#8441));
#2146=EDGE_LOOP('',(#8442,#8443,#8444,#8445));
#2147=EDGE_LOOP('',(#8446,#8447,#8448,#8449));
#2148=EDGE_LOOP('',(#8450,#8451,#8452,#8453));
#2149=EDGE_LOOP('',(#8454,#8455,#8456,#8457));
#2150=EDGE_LOOP('',(#8458,#8459,#8460,#8461));
#2151=EDGE_LOOP('',(#8462,#8463,#8464,#8465));
#2152=EDGE_LOOP('',(#8466,#8467,#8468,#8469));
#2153=EDGE_LOOP('',(#8470,#8471,#8472,#8473));
#2154=EDGE_LOOP('',(#8474,#8475,#8476,#8477));
#2155=EDGE_LOOP('',(#8478,#8479,#8480,#8481));
#2156=EDGE_LOOP('',(#8482,#8483,#8484,#8485));
#2157=EDGE_LOOP('',(#8486,#8487,#8488,#8489));
#2158=EDGE_LOOP('',(#8490,#8491,#8492,#8493));
#2159=EDGE_LOOP('',(#8494,#8495,#8496,#8497));
#2160=EDGE_LOOP('',(#8498,#8499,#8500,#8501));
#2161=EDGE_LOOP('',(#8502,#8503,#8504,#8505));
#2162=EDGE_LOOP('',(#8506,#8507,#8508,#8509));
#2163=EDGE_LOOP('',(#8510,#8511,#8512,#8513));
#2164=EDGE_LOOP('',(#8514,#8515,#8516,#8517));
#2165=EDGE_LOOP('',(#8518,#8519,#8520,#8521));
#2166=EDGE_LOOP('',(#8522,#8523,#8524,#8525));
#2167=EDGE_LOOP('',(#8526,#8527,#8528,#8529));
#2168=EDGE_LOOP('',(#8530,#8531,#8532,#8533));
#2169=EDGE_LOOP('',(#8534,#8535,#8536,#8537));
#2170=EDGE_LOOP('',(#8538,#8539,#8540,#8541));
#2171=EDGE_LOOP('',(#8542,#8543,#8544,#8545));
#2172=EDGE_LOOP('',(#8546,#8547,#8548,#8549));
#2173=EDGE_LOOP('',(#8550,#8551,#8552,#8553));
#2174=EDGE_LOOP('',(#8554,#8555,#8556,#8557));
#2175=EDGE_LOOP('',(#8558,#8559,#8560,#8561));
#2176=EDGE_LOOP('',(#8562,#8563,#8564,#8565));
#2177=EDGE_LOOP('',(#8566,#8567,#8568,#8569));
#2178=EDGE_LOOP('',(#8570,#8571,#8572,#8573));
#2179=EDGE_LOOP('',(#8574,#8575,#8576,#8577));
#2180=EDGE_LOOP('',(#8578,#8579,#8580,#8581));
#2181=EDGE_LOOP('',(#8582,#8583,#8584,#8585));
#2182=EDGE_LOOP('',(#8586,#8587,#8588,#8589));
#2183=EDGE_LOOP('',(#8590,#8591,#8592,#8593));
#2184=EDGE_LOOP('',(#8594,#8595,#8596,#8597));
#2185=EDGE_LOOP('',(#8598,#8599,#8600,#8601));
#2186=EDGE_LOOP('',(#8602,#8603,#8604,#8605));
#2187=EDGE_LOOP('',(#8606,#8607,#8608,#8609));
#2188=EDGE_LOOP('',(#8610,#8611,#8612,#8613));
#2189=EDGE_LOOP('',(#8614,#8615,#8616,#8617));
#2190=EDGE_LOOP('',(#8618,#8619,#8620,#8621));
#2191=EDGE_LOOP('',(#8622,#8623,#8624,#8625));
#2192=EDGE_LOOP('',(#8626,#8627,#8628,#8629));
#2193=EDGE_LOOP('',(#8630,#8631,#8632,#8633));
#2194=EDGE_LOOP('',(#8634,#8635,#8636,#8637));
#2195=EDGE_LOOP('',(#8638,#8639,#8640,#8641));
#2196=EDGE_LOOP('',(#8642,#8643,#8644,#8645));
#2197=EDGE_LOOP('',(#8646,#8647,#8648,#8649));
#2198=EDGE_LOOP('',(#8650,#8651,#8652,#8653));
#2199=EDGE_LOOP('',(#8654,#8655,#8656,#8657));
#2200=EDGE_LOOP('',(#8658,#8659,#8660,#8661));
#2201=EDGE_LOOP('',(#8662,#8663,#8664,#8665));
#2202=EDGE_LOOP('',(#8666,#8667,#8668,#8669));
#2203=EDGE_LOOP('',(#8670,#8671,#8672,#8673));
#2204=EDGE_LOOP('',(#8674,#8675,#8676,#8677));
#2205=EDGE_LOOP('',(#8678,#8679,#8680,#8681));
#2206=EDGE_LOOP('',(#8682,#8683,#8684,#8685));
#2207=EDGE_LOOP('',(#8686,#8687,#8688,#8689));
#2208=EDGE_LOOP('',(#8690,#8691,#8692,#8693));
#2209=EDGE_LOOP('',(#8694,#8695,#8696,#8697));
#2210=EDGE_LOOP('',(#8698,#8699,#8700,#8701));
#2211=EDGE_LOOP('',(#8702,#8703,#8704,#8705));
#2212=EDGE_LOOP('',(#8706,#8707,#8708,#8709));
#2213=EDGE_LOOP('',(#8710,#8711,#8712,#8713));
#2214=EDGE_LOOP('',(#8714,#8715,#8716,#8717));
#2215=EDGE_LOOP('',(#8718,#8719,#8720,#8721));
#2216=EDGE_LOOP('',(#8722,#8723,#8724,#8725));
#2217=EDGE_LOOP('',(#8726,#8727,#8728,#8729));
#2218=EDGE_LOOP('',(#8730,#8731,#8732,#8733));
#2219=EDGE_LOOP('',(#8734,#8735,#8736,#8737));
#2220=EDGE_LOOP('',(#8738,#8739,#8740,#8741));
#2221=EDGE_LOOP('',(#8742,#8743,#8744,#8745));
#2222=EDGE_LOOP('',(#8746,#8747,#8748,#8749));
#2223=EDGE_LOOP('',(#8750,#8751,#8752,#8753));
#2224=EDGE_LOOP('',(#8754,#8755,#8756,#8757));
#2225=EDGE_LOOP('',(#8758,#8759,#8760,#8761));
#2226=EDGE_LOOP('',(#8762,#8763,#8764,#8765));
#2227=EDGE_LOOP('',(#8766,#8767,#8768,#8769));
#2228=EDGE_LOOP('',(#8770,#8771,#8772,#8773));
#2229=EDGE_LOOP('',(#8774,#8775,#8776,#8777));
#2230=EDGE_LOOP('',(#8778,#8779,#8780,#8781));
#2231=EDGE_LOOP('',(#8782,#8783,#8784,#8785));
#2232=EDGE_LOOP('',(#8786,#8787,#8788,#8789));
#2233=EDGE_LOOP('',(#8790,#8791,#8792,#8793));
#2234=EDGE_LOOP('',(#8794,#8795,#8796,#8797));
#2235=EDGE_LOOP('',(#8798,#8799,#8800,#8801));
#2236=EDGE_LOOP('',(#8802,#8803,#8804,#8805));
#2237=EDGE_LOOP('',(#8806,#8807,#8808,#8809));
#2238=EDGE_LOOP('',(#8810,#8811,#8812,#8813));
#2239=EDGE_LOOP('',(#8814,#8815,#8816,#8817));
#2240=EDGE_LOOP('',(#8818,#8819,#8820,#8821));
#2241=EDGE_LOOP('',(#8822,#8823,#8824,#8825));
#2242=EDGE_LOOP('',(#8826,#8827,#8828,#8829));
#2243=EDGE_LOOP('',(#8830,#8831,#8832,#8833));
#2244=EDGE_LOOP('',(#8834,#8835,#8836,#8837));
#2245=EDGE_LOOP('',(#8838,#8839,#8840,#8841));
#2246=EDGE_LOOP('',(#8842,#8843,#8844,#8845));
#2247=EDGE_LOOP('',(#8846,#8847,#8848,#8849));
#2248=EDGE_LOOP('',(#8850,#8851,#8852,#8853));
#2249=EDGE_LOOP('',(#8854,#8855,#8856,#8857));
#2250=EDGE_LOOP('',(#8858,#8859,#8860,#8861));
#2251=EDGE_LOOP('',(#8862,#8863,#8864,#8865));
#2252=EDGE_LOOP('',(#8866,#8867,#8868,#8869));
#2253=EDGE_LOOP('',(#8870,#8871,#8872,#8873));
#2254=EDGE_LOOP('',(#8874,#8875,#8876,#8877));
#2255=EDGE_LOOP('',(#8878,#8879,#8880,#8881));
#2256=EDGE_LOOP('',(#8882,#8883,#8884,#8885));
#2257=EDGE_LOOP('',(#8886,#8887,#8888,#8889));
#2258=EDGE_LOOP('',(#8890,#8891,#8892,#8893));
#2259=EDGE_LOOP('',(#8894,#8895,#8896,#8897));
#2260=EDGE_LOOP('',(#8898,#8899,#8900,#8901));
#2261=EDGE_LOOP('',(#8902,#8903,#8904,#8905));
#2262=LINE('',#13704,#3122);
#2263=LINE('',#13707,#3123);
#2264=LINE('',#13710,#3124);
#2265=LINE('',#13712,#3125);
#2266=LINE('',#13713,#3126);
#2267=LINE('',#13719,#3127);
#2268=LINE('',#13722,#3128);
#2269=LINE('',#13725,#3129);
#2270=LINE('',#13728,#3130);
#2271=LINE('',#13730,#3131);
#2272=LINE('',#13734,#3132);
#2273=LINE('',#13738,#3133);
#2274=LINE('',#13742,#3134);
#2275=LINE('',#13746,#3135);
#2276=LINE('',#13750,#3136);
#2277=LINE('',#13754,#3137);
#2278=LINE('',#13758,#3138);
#2279=LINE('',#13762,#3139);
#2280=LINE('',#13766,#3140);
#2281=LINE('',#13770,#3141);
#2282=LINE('',#13774,#3142);
#2283=LINE('',#13778,#3143);
#2284=LINE('',#13782,#3144);
#2285=LINE('',#13786,#3145);
#2286=LINE('',#13790,#3146);
#2287=LINE('',#13794,#3147);
#2288=LINE('',#13798,#3148);
#2289=LINE('',#13802,#3149);
#2290=LINE('',#13806,#3150);
#2291=LINE('',#13810,#3151);
#2292=LINE('',#13814,#3152);
#2293=LINE('',#13818,#3153);
#2294=LINE('',#13822,#3154);
#2295=LINE('',#13826,#3155);
#2296=LINE('',#13830,#3156);
#2297=LINE('',#13834,#3157);
#2298=LINE('',#13838,#3158);
#2299=LINE('',#13842,#3159);
#2300=LINE('',#13846,#3160);
#2301=LINE('',#13850,#3161);
#2302=LINE('',#13854,#3162);
#2303=LINE('',#13858,#3163);
#2304=LINE('',#13862,#3164);
#2305=LINE('',#13866,#3165);
#2306=LINE('',#13870,#3166);
#2307=LINE('',#13874,#3167);
#2308=LINE('',#13878,#3168);
#2309=LINE('',#13882,#3169);
#2310=LINE('',#13886,#3170);
#2311=LINE('',#13890,#3171);
#2312=LINE('',#13894,#3172);
#2313=LINE('',#13898,#3173);
#2314=LINE('',#13902,#3174);
#2315=LINE('',#13906,#3175);
#2316=LINE('',#13910,#3176);
#2317=LINE('',#13914,#3177);
#2318=LINE('',#13918,#3178);
#2319=LINE('',#13922,#3179);
#2320=LINE('',#13926,#3180);
#2321=LINE('',#13930,#3181);
#2322=LINE('',#13934,#3182);
#2323=LINE('',#13938,#3183);
#2324=LINE('',#13942,#3184);
#2325=LINE('',#13946,#3185);
#2326=LINE('',#13950,#3186);
#2327=LINE('',#13954,#3187);
#2328=LINE('',#13958,#3188);
#2329=LINE('',#13962,#3189);
#2330=LINE('',#13966,#3190);
#2331=LINE('',#13970,#3191);
#2332=LINE('',#13974,#3192);
#2333=LINE('',#13978,#3193);
#2334=LINE('',#13982,#3194);
#2335=LINE('',#13986,#3195);
#2336=LINE('',#13990,#3196);
#2337=LINE('',#13994,#3197);
#2338=LINE('',#13998,#3198);
#2339=LINE('',#14002,#3199);
#2340=LINE('',#14006,#3200);
#2341=LINE('',#14010,#3201);
#2342=LINE('',#14014,#3202);
#2343=LINE('',#14018,#3203);
#2344=LINE('',#14022,#3204);
#2345=LINE('',#14023,#3205);
#2346=LINE('',#14027,#3206);
#2347=LINE('',#14030,#3207);
#2348=LINE('',#14033,#3208);
#2349=LINE('',#14036,#3209);
#2350=LINE('',#14037,#3210);
#2351=LINE('',#14041,#3211);
#2352=LINE('',#14044,#3212);
#2353=LINE('',#14047,#3213);
#2354=LINE('',#14050,#3214);
#2355=LINE('',#14051,#3215);
#2356=LINE('',#14055,#3216);
#2357=LINE('',#14058,#3217);
#2358=LINE('',#14062,#3218);
#2359=LINE('',#14063,#3219);
#2360=LINE('',#14067,#3220);
#2361=LINE('',#14069,#3221);
#2362=LINE('',#14071,#3222);
#2363=LINE('',#14072,#3223);
#2364=LINE('',#14076,#3224);
#2365=LINE('',#14082,#3225);
#2366=LINE('',#14083,#3226);
#2367=LINE('',#14084,#3227);
#2368=LINE('',#14088,#3228);
#2369=LINE('',#14094,#3229);
#2370=LINE('',#14095,#3230);
#2371=LINE('',#14096,#3231);
#2372=LINE('',#14100,#3232);
#2373=LINE('',#14106,#3233);
#2374=LINE('',#14107,#3234);
#2375=LINE('',#14108,#3235);
#2376=LINE('',#14114,#3236);
#2377=LINE('',#14117,#3237);
#2378=LINE('',#14120,#3238);
#2379=LINE('',#14121,#3239);
#2380=LINE('',#14124,#3240);
#2381=LINE('',#14128,#3241);
#2382=LINE('',#14129,#3242);
#2383=LINE('',#14164,#3243);
#2384=LINE('',#14167,#3244);
#2385=LINE('',#14170,#3245);
#2386=LINE('',#14172,#3246);
#2387=LINE('',#14175,#3247);
#2388=LINE('',#14177,#3248);
#2389=LINE('',#14180,#3249);
#2390=LINE('',#14215,#3250);
#2391=LINE('',#14217,#3251);
#2392=LINE('',#14218,#3252);
#2393=LINE('',#14222,#3253);
#2394=LINE('',#14228,#3254);
#2395=LINE('',#14229,#3255);
#2396=LINE('',#14230,#3256);
#2397=LINE('',#14234,#3257);
#2398=LINE('',#14239,#3258);
#2399=LINE('',#14240,#3259);
#2400=LINE('',#14241,#3260);
#2401=LINE('',#14244,#3261);
#2402=LINE('',#14248,#3262);
#2403=LINE('',#14249,#3263);
#2404=LINE('',#14253,#3264);
#2405=LINE('',#14254,#3265);
#2406=LINE('',#14256,#3266);
#2407=LINE('',#14265,#3267);
#2408=LINE('',#14269,#3268);
#2409=LINE('',#14275,#3269);
#2410=LINE('',#14278,#3270);
#2411=LINE('',#14283,#3271);
#2412=LINE('',#14286,#3272);
#2413=LINE('',#14291,#3273);
#2414=LINE('',#14294,#3274);
#2415=LINE('',#14299,#3275);
#2416=LINE('',#14302,#3276);
#2417=LINE('',#14307,#3277);
#2418=LINE('',#14310,#3278);
#2419=LINE('',#14315,#3279);
#2420=LINE('',#14318,#3280);
#2421=LINE('',#14323,#3281);
#2422=LINE('',#14326,#3282);
#2423=LINE('',#14331,#3283);
#2424=LINE('',#14334,#3284);
#2425=LINE('',#14339,#3285);
#2426=LINE('',#14342,#3286);
#2427=LINE('',#14347,#3287);
#2428=LINE('',#14350,#3288);
#2429=LINE('',#14355,#3289);
#2430=LINE('',#14358,#3290);
#2431=LINE('',#14363,#3291);
#2432=LINE('',#14366,#3292);
#2433=LINE('',#14371,#3293);
#2434=LINE('',#14374,#3294);
#2435=LINE('',#14379,#3295);
#2436=LINE('',#14382,#3296);
#2437=LINE('',#14387,#3297);
#2438=LINE('',#14390,#3298);
#2439=LINE('',#14395,#3299);
#2440=LINE('',#14398,#3300);
#2441=LINE('',#14401,#3301);
#2442=LINE('',#14405,#3302);
#2443=LINE('',#14409,#3303);
#2444=LINE('',#14413,#3304);
#2445=LINE('',#14417,#3305);
#2446=LINE('',#14421,#3306);
#2447=LINE('',#14425,#3307);
#2448=LINE('',#14429,#3308);
#2449=LINE('',#14433,#3309);
#2450=LINE('',#14437,#3310);
#2451=LINE('',#14441,#3311);
#2452=LINE('',#14445,#3312);
#2453=LINE('',#14449,#3313);
#2454=LINE('',#14453,#3314);
#2455=LINE('',#14457,#3315);
#2456=LINE('',#14461,#3316);
#2457=LINE('',#14465,#3317);
#2458=LINE('',#14469,#3318);
#2459=LINE('',#14473,#3319);
#2460=LINE('',#14477,#3320);
#2461=LINE('',#14481,#3321);
#2462=LINE('',#14485,#3322);
#2463=LINE('',#14489,#3323);
#2464=LINE('',#14493,#3324);
#2465=LINE('',#14497,#3325);
#2466=LINE('',#14501,#3326);
#2467=LINE('',#14505,#3327);
#2468=LINE('',#14509,#3328);
#2469=LINE('',#14513,#3329);
#2470=LINE('',#14517,#3330);
#2471=LINE('',#14525,#3331);
#2472=LINE('',#14528,#3332);
#2473=LINE('',#14531,#3333);
#2474=LINE('',#14533,#3334);
#2475=LINE('',#14537,#3335);
#2476=LINE('',#14540,#3336);
#2477=LINE('',#14543,#3337);
#2478=LINE('',#14545,#3338);
#2479=LINE('',#14549,#3339);
#2480=LINE('',#14552,#3340);
#2481=LINE('',#14555,#3341);
#2482=LINE('',#14557,#3342);
#2483=LINE('',#14561,#3343);
#2484=LINE('',#14564,#3344);
#2485=LINE('',#14567,#3345);
#2486=LINE('',#14569,#3346);
#2487=LINE('',#14589,#3347);
#2488=LINE('',#14601,#3348);
#2489=LINE('',#14604,#3349);
#2490=LINE('',#14608,#3350);
#2491=LINE('',#14621,#3351);
#2492=LINE('',#14633,#3352);
#2493=LINE('',#14636,#3353);
#2494=LINE('',#14640,#3354);
#2495=LINE('',#14653,#3355);
#2496=LINE('',#14705,#3356);
#2497=LINE('',#14707,#3357);
#2498=LINE('',#14710,#3358);
#2499=LINE('',#14713,#3359);
#2500=LINE('',#14717,#3360);
#2501=LINE('',#14719,#3361);
#2502=LINE('',#14722,#3362);
#2503=LINE('',#14725,#3363);
#2504=LINE('',#14737,#3364);
#2505=LINE('',#14740,#3365);
#2506=LINE('',#14743,#3366);
#2507=LINE('',#14745,#3367);
#2508=LINE('',#14749,#3368);
#2509=LINE('',#14752,#3369);
#2510=LINE('',#14755,#3370);
#2511=LINE('',#14757,#3371);
#2512=LINE('',#14761,#3372);
#2513=LINE('',#14764,#3373);
#2514=LINE('',#14767,#3374);
#2515=LINE('',#14769,#3375);
#2516=LINE('',#14773,#3376);
#2517=LINE('',#14776,#3377);
#2518=LINE('',#14779,#3378);
#2519=LINE('',#14781,#3379);
#2520=LINE('',#14801,#3380);
#2521=LINE('',#14813,#3381);
#2522=LINE('',#14816,#3382);
#2523=LINE('',#14820,#3383);
#2524=LINE('',#14833,#3384);
#2525=LINE('',#14845,#3385);
#2526=LINE('',#14848,#3386);
#2527=LINE('',#14852,#3387);
#2528=LINE('',#14865,#3388);
#2529=LINE('',#14917,#3389);
#2530=LINE('',#14919,#3390);
#2531=LINE('',#14922,#3391);
#2532=LINE('',#14925,#3392);
#2533=LINE('',#14929,#3393);
#2534=LINE('',#14931,#3394);
#2535=LINE('',#14934,#3395);
#2536=LINE('',#14937,#3396);
#2537=LINE('',#14949,#3397);
#2538=LINE('',#14952,#3398);
#2539=LINE('',#14955,#3399);
#2540=LINE('',#14957,#3400);
#2541=LINE('',#14961,#3401);
#2542=LINE('',#14964,#3402);
#2543=LINE('',#14967,#3403);
#2544=LINE('',#14969,#3404);
#2545=LINE('',#14973,#3405);
#2546=LINE('',#14976,#3406);
#2547=LINE('',#14979,#3407);
#2548=LINE('',#14981,#3408);
#2549=LINE('',#14985,#3409);
#2550=LINE('',#14988,#3410);
#2551=LINE('',#14991,#3411);
#2552=LINE('',#14993,#3412);
#2553=LINE('',#15013,#3413);
#2554=LINE('',#15025,#3414);
#2555=LINE('',#15028,#3415);
#2556=LINE('',#15032,#3416);
#2557=LINE('',#15045,#3417);
#2558=LINE('',#15057,#3418);
#2559=LINE('',#15060,#3419);
#2560=LINE('',#15064,#3420);
#2561=LINE('',#15077,#3421);
#2562=LINE('',#15129,#3422);
#2563=LINE('',#15131,#3423);
#2564=LINE('',#15134,#3424);
#2565=LINE('',#15137,#3425);
#2566=LINE('',#15141,#3426);
#2567=LINE('',#15143,#3427);
#2568=LINE('',#15146,#3428);
#2569=LINE('',#15149,#3429);
#2570=LINE('',#15161,#3430);
#2571=LINE('',#15164,#3431);
#2572=LINE('',#15167,#3432);
#2573=LINE('',#15169,#3433);
#2574=LINE('',#15173,#3434);
#2575=LINE('',#15176,#3435);
#2576=LINE('',#15179,#3436);
#2577=LINE('',#15181,#3437);
#2578=LINE('',#15185,#3438);
#2579=LINE('',#15188,#3439);
#2580=LINE('',#15191,#3440);
#2581=LINE('',#15193,#3441);
#2582=LINE('',#15197,#3442);
#2583=LINE('',#15200,#3443);
#2584=LINE('',#15203,#3444);
#2585=LINE('',#15205,#3445);
#2586=LINE('',#15225,#3446);
#2587=LINE('',#15237,#3447);
#2588=LINE('',#15240,#3448);
#2589=LINE('',#15244,#3449);
#2590=LINE('',#15257,#3450);
#2591=LINE('',#15261,#3451);
#2592=LINE('',#15274,#3452);
#2593=LINE('',#15278,#3453);
#2594=LINE('',#15291,#3454);
#2595=LINE('',#15295,#3455);
#2596=LINE('',#15344,#3456);
#2597=LINE('',#15348,#3457);
#2598=LINE('',#15351,#3458);
#2599=LINE('',#15354,#3459);
#2600=LINE('',#15357,#3460);
#2601=LINE('',#15361,#3461);
#2602=LINE('',#15364,#3462);
#2603=LINE('',#15372,#3463);
#2604=LINE('',#15374,#3464);
#2605=LINE('',#15377,#3465);
#2606=LINE('',#15380,#3466);
#2607=LINE('',#15382,#3467);
#2608=LINE('',#15386,#3468);
#2609=LINE('',#15388,#3469);
#2610=LINE('',#15392,#3470);
#2611=LINE('',#15394,#3471);
#2612=LINE('',#15395,#3472);
#2613=LINE('',#15398,#3473);
#2614=LINE('',#15402,#3474);
#2615=LINE('',#15403,#3475);
#2616=LINE('',#15408,#3476);
#2617=LINE('',#15411,#3477);
#2618=LINE('',#15414,#3478);
#2619=LINE('',#15415,#3479);
#2620=LINE('',#15417,#3480);
#2621=LINE('',#15419,#3481);
#2622=LINE('',#15420,#3482);
#2623=LINE('',#15422,#3483);
#2624=LINE('',#15424,#3484);
#2625=LINE('',#15428,#3485);
#2626=LINE('',#15432,#3486);
#2627=LINE('',#15434,#3487);
#2628=LINE('',#15435,#3488);
#2629=LINE('',#15438,#3489);
#2630=LINE('',#15442,#3490);
#2631=LINE('',#15443,#3491);
#2632=LINE('',#15448,#3492);
#2633=LINE('',#15451,#3493);
#2634=LINE('',#15454,#3494);
#2635=LINE('',#15455,#3495);
#2636=LINE('',#15457,#3496);
#2637=LINE('',#15458,#3497);
#2638=LINE('',#15460,#3498);
#2639=LINE('',#15463,#3499);
#2640=LINE('',#15466,#3500);
#2641=LINE('',#15468,#3501);
#2642=LINE('',#15472,#3502);
#2643=LINE('',#15474,#3503);
#2644=LINE('',#15475,#3504);
#2645=LINE('',#15478,#3505);
#2646=LINE('',#15482,#3506);
#2647=LINE('',#15483,#3507);
#2648=LINE('',#15488,#3508);
#2649=LINE('',#15491,#3509);
#2650=LINE('',#15494,#3510);
#2651=LINE('',#15495,#3511);
#2652=LINE('',#15497,#3512);
#2653=LINE('',#15498,#3513);
#2654=LINE('',#15500,#3514);
#2655=LINE('',#15503,#3515);
#2656=LINE('',#15506,#3516);
#2657=LINE('',#15508,#3517);
#2658=LINE('',#15512,#3518);
#2659=LINE('',#15514,#3519);
#2660=LINE('',#15515,#3520);
#2661=LINE('',#15518,#3521);
#2662=LINE('',#15522,#3522);
#2663=LINE('',#15523,#3523);
#2664=LINE('',#15528,#3524);
#2665=LINE('',#15531,#3525);
#2666=LINE('',#15534,#3526);
#2667=LINE('',#15535,#3527);
#2668=LINE('',#15537,#3528);
#2669=LINE('',#15538,#3529);
#2670=LINE('',#15540,#3530);
#2671=LINE('',#15543,#3531);
#2672=LINE('',#15546,#3532);
#2673=LINE('',#15548,#3533);
#2674=LINE('',#15552,#3534);
#2675=LINE('',#15554,#3535);
#2676=LINE('',#15555,#3536);
#2677=LINE('',#15558,#3537);
#2678=LINE('',#15562,#3538);
#2679=LINE('',#15563,#3539);
#2680=LINE('',#15568,#3540);
#2681=LINE('',#15571,#3541);
#2682=LINE('',#15574,#3542);
#2683=LINE('',#15575,#3543);
#2684=LINE('',#15577,#3544);
#2685=LINE('',#15578,#3545);
#2686=LINE('',#15580,#3546);
#2687=LINE('',#15583,#3547);
#2688=LINE('',#15586,#3548);
#2689=LINE('',#15588,#3549);
#2690=LINE('',#15592,#3550);
#2691=LINE('',#15594,#3551);
#2692=LINE('',#15595,#3552);
#2693=LINE('',#15598,#3553);
#2694=LINE('',#15602,#3554);
#2695=LINE('',#15603,#3555);
#2696=LINE('',#15608,#3556);
#2697=LINE('',#15611,#3557);
#2698=LINE('',#15614,#3558);
#2699=LINE('',#15615,#3559);
#2700=LINE('',#15617,#3560);
#2701=LINE('',#15618,#3561);
#2702=LINE('',#15620,#3562);
#2703=LINE('',#15623,#3563);
#2704=LINE('',#15626,#3564);
#2705=LINE('',#15628,#3565);
#2706=LINE('',#15632,#3566);
#2707=LINE('',#15634,#3567);
#2708=LINE('',#15635,#3568);
#2709=LINE('',#15638,#3569);
#2710=LINE('',#15642,#3570);
#2711=LINE('',#15643,#3571);
#2712=LINE('',#15648,#3572);
#2713=LINE('',#15651,#3573);
#2714=LINE('',#15654,#3574);
#2715=LINE('',#15655,#3575);
#2716=LINE('',#15657,#3576);
#2717=LINE('',#15658,#3577);
#2718=LINE('',#15660,#3578);
#2719=LINE('',#15663,#3579);
#2720=LINE('',#15666,#3580);
#2721=LINE('',#15668,#3581);
#2722=LINE('',#15672,#3582);
#2723=LINE('',#15674,#3583);
#2724=LINE('',#15675,#3584);
#2725=LINE('',#15678,#3585);
#2726=LINE('',#15682,#3586);
#2727=LINE('',#15683,#3587);
#2728=LINE('',#15688,#3588);
#2729=LINE('',#15691,#3589);
#2730=LINE('',#15694,#3590);
#2731=LINE('',#15695,#3591);
#2732=LINE('',#15697,#3592);
#2733=LINE('',#15698,#3593);
#2734=LINE('',#15700,#3594);
#2735=LINE('',#15703,#3595);
#2736=LINE('',#15706,#3596);
#2737=LINE('',#15708,#3597);
#2738=LINE('',#15712,#3598);
#2739=LINE('',#15714,#3599);
#2740=LINE('',#15715,#3600);
#2741=LINE('',#15718,#3601);
#2742=LINE('',#15722,#3602);
#2743=LINE('',#15723,#3603);
#2744=LINE('',#15728,#3604);
#2745=LINE('',#15731,#3605);
#2746=LINE('',#15734,#3606);
#2747=LINE('',#15735,#3607);
#2748=LINE('',#15737,#3608);
#2749=LINE('',#15738,#3609);
#2750=LINE('',#15740,#3610);
#2751=LINE('',#15743,#3611);
#2752=LINE('',#15746,#3612);
#2753=LINE('',#15748,#3613);
#2754=LINE('',#15752,#3614);
#2755=LINE('',#15754,#3615);
#2756=LINE('',#15755,#3616);
#2757=LINE('',#15758,#3617);
#2758=LINE('',#15762,#3618);
#2759=LINE('',#15763,#3619);
#2760=LINE('',#15768,#3620);
#2761=LINE('',#15771,#3621);
#2762=LINE('',#15774,#3622);
#2763=LINE('',#15775,#3623);
#2764=LINE('',#15777,#3624);
#2765=LINE('',#15778,#3625);
#2766=LINE('',#15780,#3626);
#2767=LINE('',#15783,#3627);
#2768=LINE('',#15786,#3628);
#2769=LINE('',#15788,#3629);
#2770=LINE('',#15792,#3630);
#2771=LINE('',#15794,#3631);
#2772=LINE('',#15795,#3632);
#2773=LINE('',#15798,#3633);
#2774=LINE('',#15802,#3634);
#2775=LINE('',#15803,#3635);
#2776=LINE('',#15808,#3636);
#2777=LINE('',#15811,#3637);
#2778=LINE('',#15814,#3638);
#2779=LINE('',#15815,#3639);
#2780=LINE('',#15817,#3640);
#2781=LINE('',#15818,#3641);
#2782=LINE('',#15820,#3642);
#2783=LINE('',#15823,#3643);
#2784=LINE('',#15826,#3644);
#2785=LINE('',#15828,#3645);
#2786=LINE('',#15832,#3646);
#2787=LINE('',#15834,#3647);
#2788=LINE('',#15835,#3648);
#2789=LINE('',#15838,#3649);
#2790=LINE('',#15842,#3650);
#2791=LINE('',#15843,#3651);
#2792=LINE('',#15848,#3652);
#2793=LINE('',#15851,#3653);
#2794=LINE('',#15854,#3654);
#2795=LINE('',#15855,#3655);
#2796=LINE('',#15857,#3656);
#2797=LINE('',#15858,#3657);
#2798=LINE('',#15860,#3658);
#2799=LINE('',#15863,#3659);
#2800=LINE('',#15866,#3660);
#2801=LINE('',#15868,#3661);
#2802=LINE('',#15872,#3662);
#2803=LINE('',#15874,#3663);
#2804=LINE('',#15875,#3664);
#2805=LINE('',#15878,#3665);
#2806=LINE('',#15882,#3666);
#2807=LINE('',#15883,#3667);
#2808=LINE('',#15888,#3668);
#2809=LINE('',#15891,#3669);
#2810=LINE('',#15894,#3670);
#2811=LINE('',#15895,#3671);
#2812=LINE('',#15897,#3672);
#2813=LINE('',#15898,#3673);
#2814=LINE('',#15900,#3674);
#2815=LINE('',#15903,#3675);
#2816=LINE('',#15906,#3676);
#2817=LINE('',#15908,#3677);
#2818=LINE('',#15912,#3678);
#2819=LINE('',#15914,#3679);
#2820=LINE('',#15915,#3680);
#2821=LINE('',#15918,#3681);
#2822=LINE('',#15922,#3682);
#2823=LINE('',#15923,#3683);
#2824=LINE('',#15928,#3684);
#2825=LINE('',#15931,#3685);
#2826=LINE('',#15934,#3686);
#2827=LINE('',#15935,#3687);
#2828=LINE('',#15937,#3688);
#2829=LINE('',#15938,#3689);
#2830=LINE('',#15940,#3690);
#2831=LINE('',#15943,#3691);
#2832=LINE('',#15946,#3692);
#2833=LINE('',#15948,#3693);
#2834=LINE('',#15952,#3694);
#2835=LINE('',#15954,#3695);
#2836=LINE('',#15955,#3696);
#2837=LINE('',#15958,#3697);
#2838=LINE('',#15962,#3698);
#2839=LINE('',#15963,#3699);
#2840=LINE('',#15968,#3700);
#2841=LINE('',#15971,#3701);
#2842=LINE('',#15974,#3702);
#2843=LINE('',#15975,#3703);
#2844=LINE('',#15977,#3704);
#2845=LINE('',#15978,#3705);
#2846=LINE('',#15980,#3706);
#2847=LINE('',#15983,#3707);
#2848=LINE('',#15986,#3708);
#2849=LINE('',#15988,#3709);
#2850=LINE('',#15992,#3710);
#2851=LINE('',#15994,#3711);
#2852=LINE('',#15995,#3712);
#2853=LINE('',#15998,#3713);
#2854=LINE('',#16002,#3714);
#2855=LINE('',#16003,#3715);
#2856=LINE('',#16008,#3716);
#2857=LINE('',#16011,#3717);
#2858=LINE('',#16014,#3718);
#2859=LINE('',#16015,#3719);
#2860=LINE('',#16017,#3720);
#2861=LINE('',#16018,#3721);
#2862=LINE('',#16020,#3722);
#2863=LINE('',#16023,#3723);
#2864=LINE('',#16026,#3724);
#2865=LINE('',#16028,#3725);
#2866=LINE('',#16032,#3726);
#2867=LINE('',#16034,#3727);
#2868=LINE('',#16035,#3728);
#2869=LINE('',#16038,#3729);
#2870=LINE('',#16042,#3730);
#2871=LINE('',#16043,#3731);
#2872=LINE('',#16048,#3732);
#2873=LINE('',#16051,#3733);
#2874=LINE('',#16054,#3734);
#2875=LINE('',#16055,#3735);
#2876=LINE('',#16057,#3736);
#2877=LINE('',#16058,#3737);
#2878=LINE('',#16060,#3738);
#2879=LINE('',#16063,#3739);
#2880=LINE('',#16066,#3740);
#2881=LINE('',#16068,#3741);
#2882=LINE('',#16072,#3742);
#2883=LINE('',#16074,#3743);
#2884=LINE('',#16075,#3744);
#2885=LINE('',#16078,#3745);
#2886=LINE('',#16082,#3746);
#2887=LINE('',#16083,#3747);
#2888=LINE('',#16088,#3748);
#2889=LINE('',#16091,#3749);
#2890=LINE('',#16094,#3750);
#2891=LINE('',#16095,#3751);
#2892=LINE('',#16097,#3752);
#2893=LINE('',#16099,#3753);
#2894=LINE('',#16100,#3754);
#2895=LINE('',#16102,#3755);
#2896=LINE('',#16104,#3756);
#2897=LINE('',#16108,#3757);
#2898=LINE('',#16112,#3758);
#2899=LINE('',#16114,#3759);
#2900=LINE('',#16115,#3760);
#2901=LINE('',#16118,#3761);
#2902=LINE('',#16122,#3762);
#2903=LINE('',#16123,#3763);
#2904=LINE('',#16128,#3764);
#2905=LINE('',#16131,#3765);
#2906=LINE('',#16134,#3766);
#2907=LINE('',#16135,#3767);
#2908=LINE('',#16137,#3768);
#2909=LINE('',#16139,#3769);
#2910=LINE('',#16140,#3770);
#2911=LINE('',#16142,#3771);
#2912=LINE('',#16144,#3772);
#2913=LINE('',#16148,#3773);
#2914=LINE('',#16152,#3774);
#2915=LINE('',#16154,#3775);
#2916=LINE('',#16155,#3776);
#2917=LINE('',#16158,#3777);
#2918=LINE('',#16162,#3778);
#2919=LINE('',#16163,#3779);
#2920=LINE('',#16168,#3780);
#2921=LINE('',#16171,#3781);
#2922=LINE('',#16174,#3782);
#2923=LINE('',#16175,#3783);
#2924=LINE('',#16177,#3784);
#2925=LINE('',#16179,#3785);
#2926=LINE('',#16180,#3786);
#2927=LINE('',#16182,#3787);
#2928=LINE('',#16184,#3788);
#2929=LINE('',#16188,#3789);
#2930=LINE('',#16192,#3790);
#2931=LINE('',#16194,#3791);
#2932=LINE('',#16195,#3792);
#2933=LINE('',#16198,#3793);
#2934=LINE('',#16202,#3794);
#2935=LINE('',#16203,#3795);
#2936=LINE('',#16208,#3796);
#2937=LINE('',#16211,#3797);
#2938=LINE('',#16214,#3798);
#2939=LINE('',#16215,#3799);
#2940=LINE('',#16217,#3800);
#2941=LINE('',#16219,#3801);
#2942=LINE('',#16220,#3802);
#2943=LINE('',#16222,#3803);
#2944=LINE('',#16224,#3804);
#2945=LINE('',#16228,#3805);
#2946=LINE('',#16232,#3806);
#2947=LINE('',#16234,#3807);
#2948=LINE('',#16235,#3808);
#2949=LINE('',#16238,#3809);
#2950=LINE('',#16242,#3810);
#2951=LINE('',#16243,#3811);
#2952=LINE('',#16248,#3812);
#2953=LINE('',#16251,#3813);
#2954=LINE('',#16254,#3814);
#2955=LINE('',#16255,#3815);
#2956=LINE('',#16257,#3816);
#2957=LINE('',#16259,#3817);
#2958=LINE('',#16260,#3818);
#2959=LINE('',#16262,#3819);
#2960=LINE('',#16264,#3820);
#2961=LINE('',#16268,#3821);
#2962=LINE('',#16272,#3822);
#2963=LINE('',#16274,#3823);
#2964=LINE('',#16275,#3824);
#2965=LINE('',#16278,#3825);
#2966=LINE('',#16282,#3826);
#2967=LINE('',#16283,#3827);
#2968=LINE('',#16288,#3828);
#2969=LINE('',#16291,#3829);
#2970=LINE('',#16294,#3830);
#2971=LINE('',#16295,#3831);
#2972=LINE('',#16297,#3832);
#2973=LINE('',#16299,#3833);
#2974=LINE('',#16300,#3834);
#2975=LINE('',#16302,#3835);
#2976=LINE('',#16304,#3836);
#2977=LINE('',#16308,#3837);
#2978=LINE('',#16312,#3838);
#2979=LINE('',#16314,#3839);
#2980=LINE('',#16315,#3840);
#2981=LINE('',#16318,#3841);
#2982=LINE('',#16322,#3842);
#2983=LINE('',#16323,#3843);
#2984=LINE('',#16328,#3844);
#2985=LINE('',#16331,#3845);
#2986=LINE('',#16334,#3846);
#2987=LINE('',#16335,#3847);
#2988=LINE('',#16337,#3848);
#2989=LINE('',#16339,#3849);
#2990=LINE('',#16340,#3850);
#2991=LINE('',#16342,#3851);
#2992=LINE('',#16344,#3852);
#2993=LINE('',#16348,#3853);
#2994=LINE('',#16352,#3854);
#2995=LINE('',#16354,#3855);
#2996=LINE('',#16355,#3856);
#2997=LINE('',#16358,#3857);
#2998=LINE('',#16362,#3858);
#2999=LINE('',#16363,#3859);
#3000=LINE('',#16368,#3860);
#3001=LINE('',#16371,#3861);
#3002=LINE('',#16374,#3862);
#3003=LINE('',#16375,#3863);
#3004=LINE('',#16377,#3864);
#3005=LINE('',#16379,#3865);
#3006=LINE('',#16380,#3866);
#3007=LINE('',#16382,#3867);
#3008=LINE('',#16384,#3868);
#3009=LINE('',#16388,#3869);
#3010=LINE('',#16392,#3870);
#3011=LINE('',#16394,#3871);
#3012=LINE('',#16395,#3872);
#3013=LINE('',#16398,#3873);
#3014=LINE('',#16402,#3874);
#3015=LINE('',#16403,#3875);
#3016=LINE('',#16408,#3876);
#3017=LINE('',#16411,#3877);
#3018=LINE('',#16414,#3878);
#3019=LINE('',#16415,#3879);
#3020=LINE('',#16417,#3880);
#3021=LINE('',#16419,#3881);
#3022=LINE('',#16420,#3882);
#3023=LINE('',#16422,#3883);
#3024=LINE('',#16424,#3884);
#3025=LINE('',#16428,#3885);
#3026=LINE('',#16432,#3886);
#3027=LINE('',#16434,#3887);
#3028=LINE('',#16435,#3888);
#3029=LINE('',#16438,#3889);
#3030=LINE('',#16442,#3890);
#3031=LINE('',#16443,#3891);
#3032=LINE('',#16448,#3892);
#3033=LINE('',#16451,#3893);
#3034=LINE('',#16454,#3894);
#3035=LINE('',#16455,#3895);
#3036=LINE('',#16457,#3896);
#3037=LINE('',#16459,#3897);
#3038=LINE('',#16460,#3898);
#3039=LINE('',#16462,#3899);
#3040=LINE('',#16464,#3900);
#3041=LINE('',#16468,#3901);
#3042=LINE('',#16472,#3902);
#3043=LINE('',#16474,#3903);
#3044=LINE('',#16475,#3904);
#3045=LINE('',#16478,#3905);
#3046=LINE('',#16482,#3906);
#3047=LINE('',#16483,#3907);
#3048=LINE('',#16488,#3908);
#3049=LINE('',#16491,#3909);
#3050=LINE('',#16494,#3910);
#3051=LINE('',#16495,#3911);
#3052=LINE('',#16497,#3912);
#3053=LINE('',#16499,#3913);
#3054=LINE('',#16500,#3914);
#3055=LINE('',#16502,#3915);
#3056=LINE('',#16504,#3916);
#3057=LINE('',#16508,#3917);
#3058=LINE('',#16512,#3918);
#3059=LINE('',#16514,#3919);
#3060=LINE('',#16515,#3920);
#3061=LINE('',#16518,#3921);
#3062=LINE('',#16522,#3922);
#3063=LINE('',#16523,#3923);
#3064=LINE('',#16528,#3924);
#3065=LINE('',#16531,#3925);
#3066=LINE('',#16534,#3926);
#3067=LINE('',#16535,#3927);
#3068=LINE('',#16537,#3928);
#3069=LINE('',#16539,#3929);
#3070=LINE('',#16540,#3930);
#3071=LINE('',#16542,#3931);
#3072=LINE('',#16544,#3932);
#3073=LINE('',#16548,#3933);
#3074=LINE('',#16552,#3934);
#3075=LINE('',#16554,#3935);
#3076=LINE('',#16555,#3936);
#3077=LINE('',#16558,#3937);
#3078=LINE('',#16562,#3938);
#3079=LINE('',#16563,#3939);
#3080=LINE('',#16568,#3940);
#3081=LINE('',#16571,#3941);
#3082=LINE('',#16574,#3942);
#3083=LINE('',#16575,#3943);
#3084=LINE('',#16577,#3944);
#3085=LINE('',#16579,#3945);
#3086=LINE('',#16580,#3946);
#3087=LINE('',#16582,#3947);
#3088=LINE('',#16584,#3948);
#3089=LINE('',#16588,#3949);
#3090=LINE('',#16592,#3950);
#3091=LINE('',#16594,#3951);
#3092=LINE('',#16595,#3952);
#3093=LINE('',#16598,#3953);
#3094=LINE('',#16602,#3954);
#3095=LINE('',#16603,#3955);
#3096=LINE('',#16608,#3956);
#3097=LINE('',#16611,#3957);
#3098=LINE('',#16614,#3958);
#3099=LINE('',#16615,#3959);
#3100=LINE('',#16617,#3960);
#3101=LINE('',#16619,#3961);
#3102=LINE('',#16620,#3962);
#3103=LINE('',#16622,#3963);
#3104=LINE('',#16624,#3964);
#3105=LINE('',#16628,#3965);
#3106=LINE('',#16632,#3966);
#3107=LINE('',#16634,#3967);
#3108=LINE('',#16635,#3968);
#3109=LINE('',#16638,#3969);
#3110=LINE('',#16642,#3970);
#3111=LINE('',#16643,#3971);
#3112=LINE('',#16648,#3972);
#3113=LINE('',#16651,#3973);
#3114=LINE('',#16654,#3974);
#3115=LINE('',#16655,#3975);
#3116=LINE('',#16657,#3976);
#3117=LINE('',#16659,#3977);
#3118=LINE('',#16660,#3978);
#3119=LINE('',#16662,#3979);
#3120=LINE('',#16664,#3980);
#3121=LINE('',#16668,#3981);
#3122=VECTOR('',#10716,10.);
#3123=VECTOR('',#10719,10.);
#3124=VECTOR('',#10722,10.);
#3125=VECTOR('',#10723,10.);
#3126=VECTOR('',#10724,10.);
#3127=VECTOR('',#10729,10.);
#3128=VECTOR('',#10732,10.);
#3129=VECTOR('',#10735,10.);
#3130=VECTOR('',#10738,10.);
#3131=VECTOR('',#10739,10.);
#3132=VECTOR('',#10742,10.);
#3133=VECTOR('',#10745,10.);
#3134=VECTOR('',#10748,10.);
#3135=VECTOR('',#10751,10.);
#3136=VECTOR('',#10754,10.);
#3137=VECTOR('',#10757,10.);
#3138=VECTOR('',#10760,10.);
#3139=VECTOR('',#10763,10.);
#3140=VECTOR('',#10766,10.);
#3141=VECTOR('',#10769,10.);
#3142=VECTOR('',#10772,10.);
#3143=VECTOR('',#10775,10.);
#3144=VECTOR('',#10778,10.);
#3145=VECTOR('',#10781,10.);
#3146=VECTOR('',#10784,10.);
#3147=VECTOR('',#10787,10.);
#3148=VECTOR('',#10790,10.);
#3149=VECTOR('',#10793,10.);
#3150=VECTOR('',#10796,10.);
#3151=VECTOR('',#10799,10.);
#3152=VECTOR('',#10802,10.);
#3153=VECTOR('',#10805,10.);
#3154=VECTOR('',#10808,10.);
#3155=VECTOR('',#10811,10.);
#3156=VECTOR('',#10814,10.);
#3157=VECTOR('',#10817,10.);
#3158=VECTOR('',#10820,10.);
#3159=VECTOR('',#10823,10.);
#3160=VECTOR('',#10826,10.);
#3161=VECTOR('',#10829,10.);
#3162=VECTOR('',#10832,10.);
#3163=VECTOR('',#10835,10.);
#3164=VECTOR('',#10838,10.);
#3165=VECTOR('',#10841,10.);
#3166=VECTOR('',#10844,10.);
#3167=VECTOR('',#10847,10.);
#3168=VECTOR('',#10850,10.);
#3169=VECTOR('',#10853,10.);
#3170=VECTOR('',#10856,10.);
#3171=VECTOR('',#10859,10.);
#3172=VECTOR('',#10862,10.);
#3173=VECTOR('',#10865,10.);
#3174=VECTOR('',#10868,10.);
#3175=VECTOR('',#10871,10.);
#3176=VECTOR('',#10874,10.);
#3177=VECTOR('',#10877,10.);
#3178=VECTOR('',#10880,10.);
#3179=VECTOR('',#10883,10.);
#3180=VECTOR('',#10886,10.);
#3181=VECTOR('',#10889,10.);
#3182=VECTOR('',#10892,10.);
#3183=VECTOR('',#10895,10.);
#3184=VECTOR('',#10898,10.);
#3185=VECTOR('',#10901,10.);
#3186=VECTOR('',#10904,10.);
#3187=VECTOR('',#10907,10.);
#3188=VECTOR('',#10910,10.);
#3189=VECTOR('',#10913,10.);
#3190=VECTOR('',#10916,10.);
#3191=VECTOR('',#10919,10.);
#3192=VECTOR('',#10922,10.);
#3193=VECTOR('',#10925,10.);
#3194=VECTOR('',#10928,10.);
#3195=VECTOR('',#10931,10.);
#3196=VECTOR('',#10934,10.);
#3197=VECTOR('',#10937,10.);
#3198=VECTOR('',#10940,10.);
#3199=VECTOR('',#10943,10.);
#3200=VECTOR('',#10946,10.);
#3201=VECTOR('',#10949,10.);
#3202=VECTOR('',#10952,10.);
#3203=VECTOR('',#10955,10.);
#3204=VECTOR('',#10960,10.);
#3205=VECTOR('',#10961,10.);
#3206=VECTOR('',#10966,10.);
#3207=VECTOR('',#10969,10.);
#3208=VECTOR('',#10972,10.);
#3209=VECTOR('',#10975,10.);
#3210=VECTOR('',#10976,10.);
#3211=VECTOR('',#10981,10.);
#3212=VECTOR('',#10984,10.);
#3213=VECTOR('',#10987,10.);
#3214=VECTOR('',#10990,10.);
#3215=VECTOR('',#10991,10.);
#3216=VECTOR('',#10996,10.);
#3217=VECTOR('',#10999,10.);
#3218=VECTOR('',#11004,10.);
#3219=VECTOR('',#11005,10.);
#3220=VECTOR('',#11008,10.);
#3221=VECTOR('',#11009,10.);
#3222=VECTOR('',#11010,10.);
#3223=VECTOR('',#11011,10.);
#3224=VECTOR('',#11014,10.);
#3225=VECTOR('',#11021,10.);
#3226=VECTOR('',#11022,10.);
#3227=VECTOR('',#11023,10.);
#3228=VECTOR('',#11026,10.);
#3229=VECTOR('',#11033,10.);
#3230=VECTOR('',#11034,10.);
#3231=VECTOR('',#11035,10.);
#3232=VECTOR('',#11038,10.);
#3233=VECTOR('',#11045,10.);
#3234=VECTOR('',#11046,10.);
#3235=VECTOR('',#11047,10.);
#3236=VECTOR('',#11056,10.);
#3237=VECTOR('',#11059,10.);
#3238=VECTOR('',#11062,10.);
#3239=VECTOR('',#11063,10.);
#3240=VECTOR('',#11066,10.);
#3241=VECTOR('',#11071,10.);
#3242=VECTOR('',#11072,10.);
#3243=VECTOR('',#11107,10.);
#3244=VECTOR('',#11110,10.);
#3245=VECTOR('',#11113,10.);
#3246=VECTOR('',#11114,10.);
#3247=VECTOR('',#11117,10.);
#3248=VECTOR('',#11118,10.);
#3249=VECTOR('',#11121,10.);
#3250=VECTOR('',#11156,10.);
#3251=VECTOR('',#11157,10.);
#3252=VECTOR('',#11158,10.);
#3253=VECTOR('',#11161,10.);
#3254=VECTOR('',#11168,10.);
#3255=VECTOR('',#11169,10.);
#3256=VECTOR('',#11170,10.);
#3257=VECTOR('',#11173,10.);
#3258=VECTOR('',#11180,10.);
#3259=VECTOR('',#11181,10.);
#3260=VECTOR('',#11182,10.);
#3261=VECTOR('',#11185,10.);
#3262=VECTOR('',#11190,10.);
#3263=VECTOR('',#11191,10.);
#3264=VECTOR('',#11198,10.);
#3265=VECTOR('',#11199,10.);
#3266=VECTOR('',#11202,10.);
#3267=VECTOR('',#11211,10.);
#3268=VECTOR('',#11214,10.);
#3269=VECTOR('',#11219,10.);
#3270=VECTOR('',#11222,10.);
#3271=VECTOR('',#11225,10.);
#3272=VECTOR('',#11228,10.);
#3273=VECTOR('',#11231,10.);
#3274=VECTOR('',#11234,10.);
#3275=VECTOR('',#11237,10.);
#3276=VECTOR('',#11240,10.);
#3277=VECTOR('',#11243,10.);
#3278=VECTOR('',#11246,10.);
#3279=VECTOR('',#11249,10.);
#3280=VECTOR('',#11252,10.);
#3281=VECTOR('',#11255,10.);
#3282=VECTOR('',#11258,10.);
#3283=VECTOR('',#11261,10.);
#3284=VECTOR('',#11264,10.);
#3285=VECTOR('',#11267,10.);
#3286=VECTOR('',#11270,10.);
#3287=VECTOR('',#11273,10.);
#3288=VECTOR('',#11276,10.);
#3289=VECTOR('',#11279,10.);
#3290=VECTOR('',#11282,10.);
#3291=VECTOR('',#11285,10.);
#3292=VECTOR('',#11288,10.);
#3293=VECTOR('',#11291,10.);
#3294=VECTOR('',#11294,10.);
#3295=VECTOR('',#11297,10.);
#3296=VECTOR('',#11300,10.);
#3297=VECTOR('',#11303,10.);
#3298=VECTOR('',#11306,10.);
#3299=VECTOR('',#11309,10.);
#3300=VECTOR('',#11312,10.);
#3301=VECTOR('',#11313,10.);
#3302=VECTOR('',#11316,10.);
#3303=VECTOR('',#11319,10.);
#3304=VECTOR('',#11322,10.);
#3305=VECTOR('',#11325,10.);
#3306=VECTOR('',#11328,10.);
#3307=VECTOR('',#11331,10.);
#3308=VECTOR('',#11334,10.);
#3309=VECTOR('',#11337,10.);
#3310=VECTOR('',#11340,10.);
#3311=VECTOR('',#11343,10.);
#3312=VECTOR('',#11346,10.);
#3313=VECTOR('',#11349,10.);
#3314=VECTOR('',#11352,10.);
#3315=VECTOR('',#11355,10.);
#3316=VECTOR('',#11358,10.);
#3317=VECTOR('',#11361,10.);
#3318=VECTOR('',#11364,10.);
#3319=VECTOR('',#11367,10.);
#3320=VECTOR('',#11370,10.);
#3321=VECTOR('',#11373,10.);
#3322=VECTOR('',#11376,10.);
#3323=VECTOR('',#11379,10.);
#3324=VECTOR('',#11382,10.);
#3325=VECTOR('',#11385,10.);
#3326=VECTOR('',#11388,10.);
#3327=VECTOR('',#11391,10.);
#3328=VECTOR('',#11394,10.);
#3329=VECTOR('',#11397,10.);
#3330=VECTOR('',#11400,10.);
#3331=VECTOR('',#11409,10.);
#3332=VECTOR('',#11412,10.);
#3333=VECTOR('',#11415,10.);
#3334=VECTOR('',#11416,10.);
#3335=VECTOR('',#11421,10.);
#3336=VECTOR('',#11424,10.);
#3337=VECTOR('',#11427,10.);
#3338=VECTOR('',#11428,10.);
#3339=VECTOR('',#11433,10.);
#3340=VECTOR('',#11436,10.);
#3341=VECTOR('',#11439,10.);
#3342=VECTOR('',#11440,10.);
#3343=VECTOR('',#11445,10.);
#3344=VECTOR('',#11448,10.);
#3345=VECTOR('',#11451,10.);
#3346=VECTOR('',#11452,10.);
#3347=VECTOR('',#11489,0.600000000000007);
#3348=VECTOR('',#11492,10.);
#3349=VECTOR('',#11495,0.600000000000007);
#3350=VECTOR('',#11500,10.);
#3351=VECTOR('',#11505,0.599999999999999);
#3352=VECTOR('',#11508,10.);
#3353=VECTOR('',#11511,0.599999999999999);
#3354=VECTOR('',#11516,10.);
#3355=VECTOR('',#11521,3.45);
#3356=VECTOR('',#11542,0.599999999999999);
#3357=VECTOR('',#11545,10.);
#3358=VECTOR('',#11548,0.599999999999999);
#3359=VECTOR('',#11553,10.);
#3360=VECTOR('',#11558,0.600000000000007);
#3361=VECTOR('',#11561,10.);
#3362=VECTOR('',#11564,0.600000000000007);
#3363=VECTOR('',#11569,10.);
#3364=VECTOR('',#11590,10.);
#3365=VECTOR('',#11593,10.);
#3366=VECTOR('',#11596,10.);
#3367=VECTOR('',#11597,10.);
#3368=VECTOR('',#11602,10.);
#3369=VECTOR('',#11605,10.);
#3370=VECTOR('',#11608,10.);
#3371=VECTOR('',#11609,10.);
#3372=VECTOR('',#11614,10.);
#3373=VECTOR('',#11617,10.);
#3374=VECTOR('',#11620,10.);
#3375=VECTOR('',#11621,10.);
#3376=VECTOR('',#11626,10.);
#3377=VECTOR('',#11629,10.);
#3378=VECTOR('',#11632,10.);
#3379=VECTOR('',#11633,10.);
#3380=VECTOR('',#11670,0.600000000000007);
#3381=VECTOR('',#11673,10.);
#3382=VECTOR('',#11676,0.600000000000007);
#3383=VECTOR('',#11681,10.);
#3384=VECTOR('',#11686,0.599999999999999);
#3385=VECTOR('',#11689,10.);
#3386=VECTOR('',#11692,0.599999999999999);
#3387=VECTOR('',#11697,10.);
#3388=VECTOR('',#11702,3.45);
#3389=VECTOR('',#11723,0.599999999999999);
#3390=VECTOR('',#11726,10.);
#3391=VECTOR('',#11729,0.599999999999999);
#3392=VECTOR('',#11734,10.);
#3393=VECTOR('',#11739,0.600000000000007);
#3394=VECTOR('',#11742,10.);
#3395=VECTOR('',#11745,0.600000000000007);
#3396=VECTOR('',#11750,10.);
#3397=VECTOR('',#11771,10.);
#3398=VECTOR('',#11774,10.);
#3399=VECTOR('',#11777,10.);
#3400=VECTOR('',#11778,10.);
#3401=VECTOR('',#11783,10.);
#3402=VECTOR('',#11786,10.);
#3403=VECTOR('',#11789,10.);
#3404=VECTOR('',#11790,10.);
#3405=VECTOR('',#11795,10.);
#3406=VECTOR('',#11798,10.);
#3407=VECTOR('',#11801,10.);
#3408=VECTOR('',#11802,10.);
#3409=VECTOR('',#11807,10.);
#3410=VECTOR('',#11810,10.);
#3411=VECTOR('',#11813,10.);
#3412=VECTOR('',#11814,10.);
#3413=VECTOR('',#11851,0.600000000000007);
#3414=VECTOR('',#11854,10.);
#3415=VECTOR('',#11857,0.600000000000007);
#3416=VECTOR('',#11862,10.);
#3417=VECTOR('',#11867,0.599999999999999);
#3418=VECTOR('',#11870,10.);
#3419=VECTOR('',#11873,0.599999999999999);
#3420=VECTOR('',#11878,10.);
#3421=VECTOR('',#11883,3.45);
#3422=VECTOR('',#11904,0.599999999999999);
#3423=VECTOR('',#11907,10.);
#3424=VECTOR('',#11910,0.599999999999999);
#3425=VECTOR('',#11915,10.);
#3426=VECTOR('',#11920,0.600000000000007);
#3427=VECTOR('',#11923,10.);
#3428=VECTOR('',#11926,0.600000000000007);
#3429=VECTOR('',#11931,10.);
#3430=VECTOR('',#11952,10.);
#3431=VECTOR('',#11955,10.);
#3432=VECTOR('',#11958,10.);
#3433=VECTOR('',#11959,10.);
#3434=VECTOR('',#11964,10.);
#3435=VECTOR('',#11967,10.);
#3436=VECTOR('',#11970,10.);
#3437=VECTOR('',#11971,10.);
#3438=VECTOR('',#11976,10.);
#3439=VECTOR('',#11979,10.);
#3440=VECTOR('',#11982,10.);
#3441=VECTOR('',#11983,10.);
#3442=VECTOR('',#11988,10.);
#3443=VECTOR('',#11991,10.);
#3444=VECTOR('',#11994,10.);
#3445=VECTOR('',#11995,10.);
#3446=VECTOR('',#12032,0.600000000000007);
#3447=VECTOR('',#12035,0.600000000000007);
#3448=VECTOR('',#12038,0.600000000000007);
#3449=VECTOR('',#12043,0.600000000000007);
#3450=VECTOR('',#12048,0.599999999999999);
#3451=VECTOR('',#12053,0.599999999999999);
#3452=VECTOR('',#12058,0.599999999999999);
#3453=VECTOR('',#12063,0.599999999999999);
#3454=VECTOR('',#12068,0.599999999999999);
#3455=VECTOR('',#12073,3.45);
#3456=VECTOR('',#12090,0.599999999999999);
#3457=VECTOR('',#12095,0.599999999999999);
#3458=VECTOR('',#12100,0.599999999999999);
#3459=VECTOR('',#12105,0.600000000000007);
#3460=VECTOR('',#12108,0.600000000000007);
#3461=VECTOR('',#12113,0.600000000000007);
#3462=VECTOR('',#12118,0.600000000000007);
#3463=VECTOR('',#12133,10.);
#3464=VECTOR('',#12136,10.);
#3465=VECTOR('',#12141,10.);
#3466=VECTOR('',#12146,10.);
#3467=VECTOR('',#12149,10.);
#3468=VECTOR('',#12156,10.);
#3469=VECTOR('',#12159,10.);
#3470=VECTOR('',#12164,10.);
#3471=VECTOR('',#12165,10.);
#3472=VECTOR('',#12166,10.);
#3473=VECTOR('',#12169,10.);
#3474=VECTOR('',#12174,10.);
#3475=VECTOR('',#12175,10.);
#3476=VECTOR('',#12182,10.);
#3477=VECTOR('',#12185,10.);
#3478=VECTOR('',#12188,10.);
#3479=VECTOR('',#12189,10.);
#3480=VECTOR('',#12192,10.);
#3481=VECTOR('',#12193,10.);
#3482=VECTOR('',#12194,10.);
#3483=VECTOR('',#12197,10.);
#3484=VECTOR('',#12200,10.);
#3485=VECTOR('',#12207,10.);
#3486=VECTOR('',#12212,10.);
#3487=VECTOR('',#12213,10.);
#3488=VECTOR('',#12214,10.);
#3489=VECTOR('',#12217,10.);
#3490=VECTOR('',#12222,10.);
#3491=VECTOR('',#12223,10.);
#3492=VECTOR('',#12230,10.);
#3493=VECTOR('',#12233,10.);
#3494=VECTOR('',#12236,10.);
#3495=VECTOR('',#12237,10.);
#3496=VECTOR('',#12240,10.);
#3497=VECTOR('',#12241,10.);
#3498=VECTOR('',#12244,10.);
#3499=VECTOR('',#12247,10.);
#3500=VECTOR('',#12252,10.);
#3501=VECTOR('',#12255,10.);
#3502=VECTOR('',#12260,10.);
#3503=VECTOR('',#12261,10.);
#3504=VECTOR('',#12262,10.);
#3505=VECTOR('',#12265,10.);
#3506=VECTOR('',#12270,10.);
#3507=VECTOR('',#12271,10.);
#3508=VECTOR('',#12278,10.);
#3509=VECTOR('',#12281,10.);
#3510=VECTOR('',#12284,10.);
#3511=VECTOR('',#12285,10.);
#3512=VECTOR('',#12288,10.);
#3513=VECTOR('',#12289,10.);
#3514=VECTOR('',#12292,10.);
#3515=VECTOR('',#12295,10.);
#3516=VECTOR('',#12300,10.);
#3517=VECTOR('',#12303,10.);
#3518=VECTOR('',#12308,10.);
#3519=VECTOR('',#12309,10.);
#3520=VECTOR('',#12310,10.);
#3521=VECTOR('',#12313,10.);
#3522=VECTOR('',#12318,10.);
#3523=VECTOR('',#12319,10.);
#3524=VECTOR('',#12326,10.);
#3525=VECTOR('',#12329,10.);
#3526=VECTOR('',#12332,10.);
#3527=VECTOR('',#12333,10.);
#3528=VECTOR('',#12336,10.);
#3529=VECTOR('',#12337,10.);
#3530=VECTOR('',#12340,10.);
#3531=VECTOR('',#12343,10.);
#3532=VECTOR('',#12348,10.);
#3533=VECTOR('',#12351,10.);
#3534=VECTOR('',#12356,10.);
#3535=VECTOR('',#12357,10.);
#3536=VECTOR('',#12358,10.);
#3537=VECTOR('',#12361,10.);
#3538=VECTOR('',#12366,10.);
#3539=VECTOR('',#12367,10.);
#3540=VECTOR('',#12374,10.);
#3541=VECTOR('',#12377,10.);
#3542=VECTOR('',#12380,10.);
#3543=VECTOR('',#12381,10.);
#3544=VECTOR('',#12384,10.);
#3545=VECTOR('',#12385,10.);
#3546=VECTOR('',#12388,10.);
#3547=VECTOR('',#12391,10.);
#3548=VECTOR('',#12396,10.);
#3549=VECTOR('',#12399,10.);
#3550=VECTOR('',#12404,10.);
#3551=VECTOR('',#12405,10.);
#3552=VECTOR('',#12406,10.);
#3553=VECTOR('',#12409,10.);
#3554=VECTOR('',#12414,10.);
#3555=VECTOR('',#12415,10.);
#3556=VECTOR('',#12422,10.);
#3557=VECTOR('',#12425,10.);
#3558=VECTOR('',#12428,10.);
#3559=VECTOR('',#12429,10.);
#3560=VECTOR('',#12432,10.);
#3561=VECTOR('',#12433,10.);
#3562=VECTOR('',#12436,10.);
#3563=VECTOR('',#12439,10.);
#3564=VECTOR('',#12444,10.);
#3565=VECTOR('',#12447,10.);
#3566=VECTOR('',#12452,10.);
#3567=VECTOR('',#12453,10.);
#3568=VECTOR('',#12454,10.);
#3569=VECTOR('',#12457,10.);
#3570=VECTOR('',#12462,10.);
#3571=VECTOR('',#12463,10.);
#3572=VECTOR('',#12470,10.);
#3573=VECTOR('',#12473,10.);
#3574=VECTOR('',#12476,10.);
#3575=VECTOR('',#12477,10.);
#3576=VECTOR('',#12480,10.);
#3577=VECTOR('',#12481,10.);
#3578=VECTOR('',#12484,10.);
#3579=VECTOR('',#12487,10.);
#3580=VECTOR('',#12492,10.);
#3581=VECTOR('',#12495,10.);
#3582=VECTOR('',#12500,10.);
#3583=VECTOR('',#12501,10.);
#3584=VECTOR('',#12502,10.);
#3585=VECTOR('',#12505,10.);
#3586=VECTOR('',#12510,10.);
#3587=VECTOR('',#12511,10.);
#3588=VECTOR('',#12518,10.);
#3589=VECTOR('',#12521,10.);
#3590=VECTOR('',#12524,10.);
#3591=VECTOR('',#12525,10.);
#3592=VECTOR('',#12528,10.);
#3593=VECTOR('',#12529,10.);
#3594=VECTOR('',#12532,10.);
#3595=VECTOR('',#12535,10.);
#3596=VECTOR('',#12540,10.);
#3597=VECTOR('',#12543,10.);
#3598=VECTOR('',#12548,10.);
#3599=VECTOR('',#12549,10.);
#3600=VECTOR('',#12550,10.);
#3601=VECTOR('',#12553,10.);
#3602=VECTOR('',#12558,10.);
#3603=VECTOR('',#12559,10.);
#3604=VECTOR('',#12566,10.);
#3605=VECTOR('',#12569,10.);
#3606=VECTOR('',#12572,10.);
#3607=VECTOR('',#12573,10.);
#3608=VECTOR('',#12576,10.);
#3609=VECTOR('',#12577,10.);
#3610=VECTOR('',#12580,10.);
#3611=VECTOR('',#12583,10.);
#3612=VECTOR('',#12588,10.);
#3613=VECTOR('',#12591,10.);
#3614=VECTOR('',#12596,10.);
#3615=VECTOR('',#12597,10.);
#3616=VECTOR('',#12598,10.);
#3617=VECTOR('',#12601,10.);
#3618=VECTOR('',#12606,10.);
#3619=VECTOR('',#12607,10.);
#3620=VECTOR('',#12614,10.);
#3621=VECTOR('',#12617,10.);
#3622=VECTOR('',#12620,10.);
#3623=VECTOR('',#12621,10.);
#3624=VECTOR('',#12624,10.);
#3625=VECTOR('',#12625,10.);
#3626=VECTOR('',#12628,10.);
#3627=VECTOR('',#12631,10.);
#3628=VECTOR('',#12636,10.);
#3629=VECTOR('',#12639,10.);
#3630=VECTOR('',#12644,10.);
#3631=VECTOR('',#12645,10.);
#3632=VECTOR('',#12646,10.);
#3633=VECTOR('',#12649,10.);
#3634=VECTOR('',#12654,10.);
#3635=VECTOR('',#12655,10.);
#3636=VECTOR('',#12662,10.);
#3637=VECTOR('',#12665,10.);
#3638=VECTOR('',#12668,10.);
#3639=VECTOR('',#12669,10.);
#3640=VECTOR('',#12672,10.);
#3641=VECTOR('',#12673,10.);
#3642=VECTOR('',#12676,10.);
#3643=VECTOR('',#12679,10.);
#3644=VECTOR('',#12684,10.);
#3645=VECTOR('',#12687,10.);
#3646=VECTOR('',#12692,10.);
#3647=VECTOR('',#12693,10.);
#3648=VECTOR('',#12694,10.);
#3649=VECTOR('',#12697,10.);
#3650=VECTOR('',#12702,10.);
#3651=VECTOR('',#12703,10.);
#3652=VECTOR('',#12710,10.);
#3653=VECTOR('',#12713,10.);
#3654=VECTOR('',#12716,10.);
#3655=VECTOR('',#12717,10.);
#3656=VECTOR('',#12720,10.);
#3657=VECTOR('',#12721,10.);
#3658=VECTOR('',#12724,10.);
#3659=VECTOR('',#12727,10.);
#3660=VECTOR('',#12732,10.);
#3661=VECTOR('',#12735,10.);
#3662=VECTOR('',#12740,10.);
#3663=VECTOR('',#12741,10.);
#3664=VECTOR('',#12742,10.);
#3665=VECTOR('',#12745,10.);
#3666=VECTOR('',#12750,10.);
#3667=VECTOR('',#12751,10.);
#3668=VECTOR('',#12758,10.);
#3669=VECTOR('',#12761,10.);
#3670=VECTOR('',#12764,10.);
#3671=VECTOR('',#12765,10.);
#3672=VECTOR('',#12768,10.);
#3673=VECTOR('',#12769,10.);
#3674=VECTOR('',#12772,10.);
#3675=VECTOR('',#12775,10.);
#3676=VECTOR('',#12780,10.);
#3677=VECTOR('',#12783,10.);
#3678=VECTOR('',#12788,10.);
#3679=VECTOR('',#12789,10.);
#3680=VECTOR('',#12790,10.);
#3681=VECTOR('',#12793,10.);
#3682=VECTOR('',#12798,10.);
#3683=VECTOR('',#12799,10.);
#3684=VECTOR('',#12806,10.);
#3685=VECTOR('',#12809,10.);
#3686=VECTOR('',#12812,10.);
#3687=VECTOR('',#12813,10.);
#3688=VECTOR('',#12816,10.);
#3689=VECTOR('',#12817,10.);
#3690=VECTOR('',#12820,10.);
#3691=VECTOR('',#12823,10.);
#3692=VECTOR('',#12828,10.);
#3693=VECTOR('',#12831,10.);
#3694=VECTOR('',#12836,10.);
#3695=VECTOR('',#12837,10.);
#3696=VECTOR('',#12838,10.);
#3697=VECTOR('',#12841,10.);
#3698=VECTOR('',#12846,10.);
#3699=VECTOR('',#12847,10.);
#3700=VECTOR('',#12854,10.);
#3701=VECTOR('',#12857,10.);
#3702=VECTOR('',#12860,10.);
#3703=VECTOR('',#12861,10.);
#3704=VECTOR('',#12864,10.);
#3705=VECTOR('',#12865,10.);
#3706=VECTOR('',#12868,10.);
#3707=VECTOR('',#12871,10.);
#3708=VECTOR('',#12876,10.);
#3709=VECTOR('',#12879,10.);
#3710=VECTOR('',#12884,10.);
#3711=VECTOR('',#12885,10.);
#3712=VECTOR('',#12886,10.);
#3713=VECTOR('',#12889,10.);
#3714=VECTOR('',#12894,10.);
#3715=VECTOR('',#12895,10.);
#3716=VECTOR('',#12902,10.);
#3717=VECTOR('',#12905,10.);
#3718=VECTOR('',#12908,10.);
#3719=VECTOR('',#12909,10.);
#3720=VECTOR('',#12912,10.);
#3721=VECTOR('',#12913,10.);
#3722=VECTOR('',#12916,10.);
#3723=VECTOR('',#12919,10.);
#3724=VECTOR('',#12924,10.);
#3725=VECTOR('',#12927,10.);
#3726=VECTOR('',#12932,10.);
#3727=VECTOR('',#12933,10.);
#3728=VECTOR('',#12934,10.);
#3729=VECTOR('',#12937,10.);
#3730=VECTOR('',#12942,10.);
#3731=VECTOR('',#12943,10.);
#3732=VECTOR('',#12950,10.);
#3733=VECTOR('',#12953,10.);
#3734=VECTOR('',#12956,10.);
#3735=VECTOR('',#12957,10.);
#3736=VECTOR('',#12960,10.);
#3737=VECTOR('',#12961,10.);
#3738=VECTOR('',#12964,10.);
#3739=VECTOR('',#12967,10.);
#3740=VECTOR('',#12972,10.);
#3741=VECTOR('',#12975,10.);
#3742=VECTOR('',#12980,10.);
#3743=VECTOR('',#12981,10.);
#3744=VECTOR('',#12982,10.);
#3745=VECTOR('',#12985,10.);
#3746=VECTOR('',#12990,10.);
#3747=VECTOR('',#12991,10.);
#3748=VECTOR('',#12998,10.);
#3749=VECTOR('',#13001,10.);
#3750=VECTOR('',#13004,10.);
#3751=VECTOR('',#13005,10.);
#3752=VECTOR('',#13008,10.);
#3753=VECTOR('',#13009,10.);
#3754=VECTOR('',#13010,10.);
#3755=VECTOR('',#13013,10.);
#3756=VECTOR('',#13016,10.);
#3757=VECTOR('',#13023,10.);
#3758=VECTOR('',#13028,10.);
#3759=VECTOR('',#13029,10.);
#3760=VECTOR('',#13030,10.);
#3761=VECTOR('',#13033,10.);
#3762=VECTOR('',#13038,10.);
#3763=VECTOR('',#13039,10.);
#3764=VECTOR('',#13046,10.);
#3765=VECTOR('',#13049,10.);
#3766=VECTOR('',#13052,10.);
#3767=VECTOR('',#13053,10.);
#3768=VECTOR('',#13056,10.);
#3769=VECTOR('',#13057,10.);
#3770=VECTOR('',#13058,10.);
#3771=VECTOR('',#13061,10.);
#3772=VECTOR('',#13064,10.);
#3773=VECTOR('',#13071,10.);
#3774=VECTOR('',#13076,10.);
#3775=VECTOR('',#13077,10.);
#3776=VECTOR('',#13078,10.);
#3777=VECTOR('',#13081,10.);
#3778=VECTOR('',#13086,10.);
#3779=VECTOR('',#13087,10.);
#3780=VECTOR('',#13094,10.);
#3781=VECTOR('',#13097,10.);
#3782=VECTOR('',#13100,10.);
#3783=VECTOR('',#13101,10.);
#3784=VECTOR('',#13104,10.);
#3785=VECTOR('',#13105,10.);
#3786=VECTOR('',#13106,10.);
#3787=VECTOR('',#13109,10.);
#3788=VECTOR('',#13112,10.);
#3789=VECTOR('',#13119,10.);
#3790=VECTOR('',#13124,10.);
#3791=VECTOR('',#13125,10.);
#3792=VECTOR('',#13126,10.);
#3793=VECTOR('',#13129,10.);
#3794=VECTOR('',#13134,10.);
#3795=VECTOR('',#13135,10.);
#3796=VECTOR('',#13142,10.);
#3797=VECTOR('',#13145,10.);
#3798=VECTOR('',#13148,10.);
#3799=VECTOR('',#13149,10.);
#3800=VECTOR('',#13152,10.);
#3801=VECTOR('',#13153,10.);
#3802=VECTOR('',#13154,10.);
#3803=VECTOR('',#13157,10.);
#3804=VECTOR('',#13160,10.);
#3805=VECTOR('',#13167,10.);
#3806=VECTOR('',#13172,10.);
#3807=VECTOR('',#13173,10.);
#3808=VECTOR('',#13174,10.);
#3809=VECTOR('',#13177,10.);
#3810=VECTOR('',#13182,10.);
#3811=VECTOR('',#13183,10.);
#3812=VECTOR('',#13190,10.);
#3813=VECTOR('',#13193,10.);
#3814=VECTOR('',#13196,10.);
#3815=VECTOR('',#13197,10.);
#3816=VECTOR('',#13200,10.);
#3817=VECTOR('',#13201,10.);
#3818=VECTOR('',#13202,10.);
#3819=VECTOR('',#13205,10.);
#3820=VECTOR('',#13208,10.);
#3821=VECTOR('',#13215,10.);
#3822=VECTOR('',#13220,10.);
#3823=VECTOR('',#13221,10.);
#3824=VECTOR('',#13222,10.);
#3825=VECTOR('',#13225,10.);
#3826=VECTOR('',#13230,10.);
#3827=VECTOR('',#13231,10.);
#3828=VECTOR('',#13238,10.);
#3829=VECTOR('',#13241,10.);
#3830=VECTOR('',#13244,10.);
#3831=VECTOR('',#13245,10.);
#3832=VECTOR('',#13248,10.);
#3833=VECTOR('',#13249,10.);
#3834=VECTOR('',#13250,10.);
#3835=VECTOR('',#13253,10.);
#3836=VECTOR('',#13256,10.);
#3837=VECTOR('',#13263,10.);
#3838=VECTOR('',#13268,10.);
#3839=VECTOR('',#13269,10.);
#3840=VECTOR('',#13270,10.);
#3841=VECTOR('',#13273,10.);
#3842=VECTOR('',#13278,10.);
#3843=VECTOR('',#13279,10.);
#3844=VECTOR('',#13286,10.);
#3845=VECTOR('',#13289,10.);
#3846=VECTOR('',#13292,10.);
#3847=VECTOR('',#13293,10.);
#3848=VECTOR('',#13296,10.);
#3849=VECTOR('',#13297,10.);
#3850=VECTOR('',#13298,10.);
#3851=VECTOR('',#13301,10.);
#3852=VECTOR('',#13304,10.);
#3853=VECTOR('',#13311,10.);
#3854=VECTOR('',#13316,10.);
#3855=VECTOR('',#13317,10.);
#3856=VECTOR('',#13318,10.);
#3857=VECTOR('',#13321,10.);
#3858=VECTOR('',#13326,10.);
#3859=VECTOR('',#13327,10.);
#3860=VECTOR('',#13334,10.);
#3861=VECTOR('',#13337,10.);
#3862=VECTOR('',#13340,10.);
#3863=VECTOR('',#13341,10.);
#3864=VECTOR('',#13344,10.);
#3865=VECTOR('',#13345,10.);
#3866=VECTOR('',#13346,10.);
#3867=VECTOR('',#13349,10.);
#3868=VECTOR('',#13352,10.);
#3869=VECTOR('',#13359,10.);
#3870=VECTOR('',#13364,10.);
#3871=VECTOR('',#13365,10.);
#3872=VECTOR('',#13366,10.);
#3873=VECTOR('',#13369,10.);
#3874=VECTOR('',#13374,10.);
#3875=VECTOR('',#13375,10.);
#3876=VECTOR('',#13382,10.);
#3877=VECTOR('',#13385,10.);
#3878=VECTOR('',#13388,10.);
#3879=VECTOR('',#13389,10.);
#3880=VECTOR('',#13392,10.);
#3881=VECTOR('',#13393,10.);
#3882=VECTOR('',#13394,10.);
#3883=VECTOR('',#13397,10.);
#3884=VECTOR('',#13400,10.);
#3885=VECTOR('',#13407,10.);
#3886=VECTOR('',#13412,10.);
#3887=VECTOR('',#13413,10.);
#3888=VECTOR('',#13414,10.);
#3889=VECTOR('',#13417,10.);
#3890=VECTOR('',#13422,10.);
#3891=VECTOR('',#13423,10.);
#3892=VECTOR('',#13430,10.);
#3893=VECTOR('',#13433,10.);
#3894=VECTOR('',#13436,10.);
#3895=VECTOR('',#13437,10.);
#3896=VECTOR('',#13440,10.);
#3897=VECTOR('',#13441,10.);
#3898=VECTOR('',#13442,10.);
#3899=VECTOR('',#13445,10.);
#3900=VECTOR('',#13448,10.);
#3901=VECTOR('',#13455,10.);
#3902=VECTOR('',#13460,10.);
#3903=VECTOR('',#13461,10.);
#3904=VECTOR('',#13462,10.);
#3905=VECTOR('',#13465,10.);
#3906=VECTOR('',#13470,10.);
#3907=VECTOR('',#13471,10.);
#3908=VECTOR('',#13478,10.);
#3909=VECTOR('',#13481,10.);
#3910=VECTOR('',#13484,10.);
#3911=VECTOR('',#13485,10.);
#3912=VECTOR('',#13488,10.);
#3913=VECTOR('',#13489,10.);
#3914=VECTOR('',#13490,10.);
#3915=VECTOR('',#13493,10.);
#3916=VECTOR('',#13496,10.);
#3917=VECTOR('',#13503,10.);
#3918=VECTOR('',#13508,10.);
#3919=VECTOR('',#13509,10.);
#3920=VECTOR('',#13510,10.);
#3921=VECTOR('',#13513,10.);
#3922=VECTOR('',#13518,10.);
#3923=VECTOR('',#13519,10.);
#3924=VECTOR('',#13526,10.);
#3925=VECTOR('',#13529,10.);
#3926=VECTOR('',#13532,10.);
#3927=VECTOR('',#13533,10.);
#3928=VECTOR('',#13536,10.);
#3929=VECTOR('',#13537,10.);
#3930=VECTOR('',#13538,10.);
#3931=VECTOR('',#13541,10.);
#3932=VECTOR('',#13544,10.);
#3933=VECTOR('',#13551,10.);
#3934=VECTOR('',#13556,10.);
#3935=VECTOR('',#13557,10.);
#3936=VECTOR('',#13558,10.);
#3937=VECTOR('',#13561,10.);
#3938=VECTOR('',#13566,10.);
#3939=VECTOR('',#13567,10.);
#3940=VECTOR('',#13574,10.);
#3941=VECTOR('',#13577,10.);
#3942=VECTOR('',#13580,10.);
#3943=VECTOR('',#13581,10.);
#3944=VECTOR('',#13584,10.);
#3945=VECTOR('',#13585,10.);
#3946=VECTOR('',#13586,10.);
#3947=VECTOR('',#13589,10.);
#3948=VECTOR('',#13592,10.);
#3949=VECTOR('',#13599,10.);
#3950=VECTOR('',#13604,10.);
#3951=VECTOR('',#13605,10.);
#3952=VECTOR('',#13606,10.);
#3953=VECTOR('',#13609,10.);
#3954=VECTOR('',#13614,10.);
#3955=VECTOR('',#13615,10.);
#3956=VECTOR('',#13622,10.);
#3957=VECTOR('',#13625,10.);
#3958=VECTOR('',#13628,10.);
#3959=VECTOR('',#13629,10.);
#3960=VECTOR('',#13632,10.);
#3961=VECTOR('',#13633,10.);
#3962=VECTOR('',#13634,10.);
#3963=VECTOR('',#13637,10.);
#3964=VECTOR('',#13640,10.);
#3965=VECTOR('',#13647,10.);
#3966=VECTOR('',#13652,10.);
#3967=VECTOR('',#13653,10.);
#3968=VECTOR('',#13654,10.);
#3969=VECTOR('',#13657,10.);
#3970=VECTOR('',#13662,10.);
#3971=VECTOR('',#13663,10.);
#3972=VECTOR('',#13670,10.);
#3973=VECTOR('',#13673,10.);
#3974=VECTOR('',#13676,10.);
#3975=VECTOR('',#13677,10.);
#3976=VECTOR('',#13680,10.);
#3977=VECTOR('',#13681,10.);
#3978=VECTOR('',#13682,10.);
#3979=VECTOR('',#13685,10.);
#3980=VECTOR('',#13688,10.);
#3981=VECTOR('',#13695,10.);
#3982=ELLIPSE('',#9648,4.01277958527502,4.);
#3983=ELLIPSE('',#9649,4.01277958527502,4.);
#3984=ELLIPSE('',#9652,4.01277958527503,4.);
#3985=ELLIPSE('',#9653,4.01277958527503,4.);
#3986=ELLIPSE('',#9656,4.01277958527503,4.);
#3987=ELLIPSE('',#9658,4.01277958527502,4.);
#3988=ELLIPSE('',#9659,4.01277958527502,4.);
#3989=ELLIPSE('',#9661,4.01277958527502,4.);
#3990=ELLIPSE('',#9662,4.01277958527502,4.);
#3991=ELLIPSE('',#9664,4.01277958527502,4.);
#3992=ELLIPSE('',#9731,4.01277958527503,4.);
#3993=ELLIPSE('',#9733,4.01277958527503,4.);
#3994=ELLIPSE('',#9736,4.01277958527503,4.);
#3995=ELLIPSE('',#9738,4.01277958527502,4.);
#3996=ELLIPSE('',#9741,4.01277958527502,4.);
#3997=ELLIPSE('',#9743,4.01277958527502,4.);
#3998=VERTEX_POINT('',#13700);
#3999=VERTEX_POINT('',#13701);
#4000=VERTEX_POINT('',#13703);
#4001=VERTEX_POINT('',#13705);
#4002=VERTEX_POINT('',#13709);
#4003=VERTEX_POINT('',#13711);
#4004=VERTEX_POINT('',#13715);
#4005=VERTEX_POINT('',#13716);
#4006=VERTEX_POINT('',#13718);
#4007=VERTEX_POINT('',#13720);
#4008=VERTEX_POINT('',#13724);
#4009=VERTEX_POINT('',#13726);
#4010=VERTEX_POINT('',#13729);
#4011=VERTEX_POINT('',#13731);
#4012=VERTEX_POINT('',#13733);
#4013=VERTEX_POINT('',#13735);
#4014=VERTEX_POINT('',#13737);
#4015=VERTEX_POINT('',#13739);
#4016=VERTEX_POINT('',#13741);
#4017=VERTEX_POINT('',#13743);
#4018=VERTEX_POINT('',#13745);
#4019=VERTEX_POINT('',#13747);
#4020=VERTEX_POINT('',#13749);
#4021=VERTEX_POINT('',#13751);
#4022=VERTEX_POINT('',#13753);
#4023=VERTEX_POINT('',#13755);
#4024=VERTEX_POINT('',#13757);
#4025=VERTEX_POINT('',#13759);
#4026=VERTEX_POINT('',#13761);
#4027=VERTEX_POINT('',#13764);
#4028=VERTEX_POINT('',#13765);
#4029=VERTEX_POINT('',#13767);
#4030=VERTEX_POINT('',#13769);
#4031=VERTEX_POINT('',#13772);
#4032=VERTEX_POINT('',#13773);
#4033=VERTEX_POINT('',#13775);
#4034=VERTEX_POINT('',#13777);
#4035=VERTEX_POINT('',#13780);
#4036=VERTEX_POINT('',#13781);
#4037=VERTEX_POINT('',#13783);
#4038=VERTEX_POINT('',#13785);
#4039=VERTEX_POINT('',#13788);
#4040=VERTEX_POINT('',#13789);
#4041=VERTEX_POINT('',#13791);
#4042=VERTEX_POINT('',#13793);
#4043=VERTEX_POINT('',#13796);
#4044=VERTEX_POINT('',#13797);
#4045=VERTEX_POINT('',#13799);
#4046=VERTEX_POINT('',#13801);
#4047=VERTEX_POINT('',#13804);
#4048=VERTEX_POINT('',#13805);
#4049=VERTEX_POINT('',#13807);
#4050=VERTEX_POINT('',#13809);
#4051=VERTEX_POINT('',#13812);
#4052=VERTEX_POINT('',#13813);
#4053=VERTEX_POINT('',#13815);
#4054=VERTEX_POINT('',#13817);
#4055=VERTEX_POINT('',#13820);
#4056=VERTEX_POINT('',#13821);
#4057=VERTEX_POINT('',#13823);
#4058=VERTEX_POINT('',#13825);
#4059=VERTEX_POINT('',#13828);
#4060=VERTEX_POINT('',#13829);
#4061=VERTEX_POINT('',#13831);
#4062=VERTEX_POINT('',#13833);
#4063=VERTEX_POINT('',#13836);
#4064=VERTEX_POINT('',#13837);
#4065=VERTEX_POINT('',#13839);
#4066=VERTEX_POINT('',#13841);
#4067=VERTEX_POINT('',#13844);
#4068=VERTEX_POINT('',#13845);
#4069=VERTEX_POINT('',#13847);
#4070=VERTEX_POINT('',#13849);
#4071=VERTEX_POINT('',#13852);
#4072=VERTEX_POINT('',#13853);
#4073=VERTEX_POINT('',#13855);
#4074=VERTEX_POINT('',#13857);
#4075=VERTEX_POINT('',#13860);
#4076=VERTEX_POINT('',#13861);
#4077=VERTEX_POINT('',#13863);
#4078=VERTEX_POINT('',#13865);
#4079=VERTEX_POINT('',#13868);
#4080=VERTEX_POINT('',#13869);
#4081=VERTEX_POINT('',#13871);
#4082=VERTEX_POINT('',#13873);
#4083=VERTEX_POINT('',#13876);
#4084=VERTEX_POINT('',#13877);
#4085=VERTEX_POINT('',#13879);
#4086=VERTEX_POINT('',#13881);
#4087=VERTEX_POINT('',#13884);
#4088=VERTEX_POINT('',#13885);
#4089=VERTEX_POINT('',#13887);
#4090=VERTEX_POINT('',#13889);
#4091=VERTEX_POINT('',#13892);
#4092=VERTEX_POINT('',#13893);
#4093=VERTEX_POINT('',#13895);
#4094=VERTEX_POINT('',#13897);
#4095=VERTEX_POINT('',#13900);
#4096=VERTEX_POINT('',#13901);
#4097=VERTEX_POINT('',#13903);
#4098=VERTEX_POINT('',#13905);
#4099=VERTEX_POINT('',#13908);
#4100=VERTEX_POINT('',#13909);
#4101=VERTEX_POINT('',#13911);
#4102=VERTEX_POINT('',#13913);
#4103=VERTEX_POINT('',#13916);
#4104=VERTEX_POINT('',#13917);
#4105=VERTEX_POINT('',#13919);
#4106=VERTEX_POINT('',#13921);
#4107=VERTEX_POINT('',#13924);
#4108=VERTEX_POINT('',#13925);
#4109=VERTEX_POINT('',#13927);
#4110=VERTEX_POINT('',#13929);
#4111=VERTEX_POINT('',#13932);
#4112=VERTEX_POINT('',#13933);
#4113=VERTEX_POINT('',#13935);
#4114=VERTEX_POINT('',#13937);
#4115=VERTEX_POINT('',#13940);
#4116=VERTEX_POINT('',#13941);
#4117=VERTEX_POINT('',#13943);
#4118=VERTEX_POINT('',#13945);
#4119=VERTEX_POINT('',#13948);
#4120=VERTEX_POINT('',#13949);
#4121=VERTEX_POINT('',#13951);
#4122=VERTEX_POINT('',#13953);
#4123=VERTEX_POINT('',#13956);
#4124=VERTEX_POINT('',#13957);
#4125=VERTEX_POINT('',#13959);
#4126=VERTEX_POINT('',#13961);
#4127=VERTEX_POINT('',#13964);
#4128=VERTEX_POINT('',#13965);
#4129=VERTEX_POINT('',#13967);
#4130=VERTEX_POINT('',#13969);
#4131=VERTEX_POINT('',#13972);
#4132=VERTEX_POINT('',#13973);
#4133=VERTEX_POINT('',#13975);
#4134=VERTEX_POINT('',#13977);
#4135=VERTEX_POINT('',#13980);
#4136=VERTEX_POINT('',#13981);
#4137=VERTEX_POINT('',#13983);
#4138=VERTEX_POINT('',#13985);
#4139=VERTEX_POINT('',#13988);
#4140=VERTEX_POINT('',#13989);
#4141=VERTEX_POINT('',#13991);
#4142=VERTEX_POINT('',#13993);
#4143=VERTEX_POINT('',#13996);
#4144=VERTEX_POINT('',#13997);
#4145=VERTEX_POINT('',#13999);
#4146=VERTEX_POINT('',#14001);
#4147=VERTEX_POINT('',#14004);
#4148=VERTEX_POINT('',#14005);
#4149=VERTEX_POINT('',#14007);
#4150=VERTEX_POINT('',#14009);
#4151=VERTEX_POINT('',#14012);
#4152=VERTEX_POINT('',#14013);
#4153=VERTEX_POINT('',#14015);
#4154=VERTEX_POINT('',#14017);
#4155=VERTEX_POINT('',#14021);
#4156=VERTEX_POINT('',#14025);
#4157=VERTEX_POINT('',#14029);
#4158=VERTEX_POINT('',#14031);
#4159=VERTEX_POINT('',#14035);
#4160=VERTEX_POINT('',#14039);
#4161=VERTEX_POINT('',#14043);
#4162=VERTEX_POINT('',#14045);
#4163=VERTEX_POINT('',#14049);
#4164=VERTEX_POINT('',#14053);
#4165=VERTEX_POINT('',#14057);
#4166=VERTEX_POINT('',#14061);
#4167=VERTEX_POINT('',#14065);
#4168=VERTEX_POINT('',#14066);
#4169=VERTEX_POINT('',#14068);
#4170=VERTEX_POINT('',#14070);
#4171=VERTEX_POINT('',#14074);
#4172=VERTEX_POINT('',#14075);
#4173=VERTEX_POINT('',#14080);
#4174=VERTEX_POINT('',#14081);
#4175=VERTEX_POINT('',#14086);
#4176=VERTEX_POINT('',#14087);
#4177=VERTEX_POINT('',#14092);
#4178=VERTEX_POINT('',#14093);
#4179=VERTEX_POINT('',#14098);
#4180=VERTEX_POINT('',#14099);
#4181=VERTEX_POINT('',#14104);
#4182=VERTEX_POINT('',#14105);
#4183=VERTEX_POINT('',#14113);
#4184=VERTEX_POINT('',#14115);
#4185=VERTEX_POINT('',#14119);
#4186=VERTEX_POINT('',#14123);
#4187=VERTEX_POINT('',#14127);
#4188=VERTEX_POINT('',#14131);
#4189=VERTEX_POINT('',#14132);
#4190=VERTEX_POINT('',#14134);
#4191=VERTEX_POINT('',#14136);
#4192=VERTEX_POINT('',#14138);
#4193=VERTEX_POINT('',#14140);
#4194=VERTEX_POINT('',#14142);
#4195=VERTEX_POINT('',#14144);
#4196=VERTEX_POINT('',#14147);
#4197=VERTEX_POINT('',#14148);
#4198=VERTEX_POINT('',#14150);
#4199=VERTEX_POINT('',#14152);
#4200=VERTEX_POINT('',#14154);
#4201=VERTEX_POINT('',#14156);
#4202=VERTEX_POINT('',#14158);
#4203=VERTEX_POINT('',#14160);
#4204=VERTEX_POINT('',#14163);
#4205=VERTEX_POINT('',#14165);
#4206=VERTEX_POINT('',#14168);
#4207=VERTEX_POINT('',#14171);
#4208=VERTEX_POINT('',#14173);
#4209=VERTEX_POINT('',#14176);
#4210=VERTEX_POINT('',#14178);
#4211=VERTEX_POINT('',#14181);
#4212=VERTEX_POINT('',#14182);
#4213=VERTEX_POINT('',#14184);
#4214=VERTEX_POINT('',#14186);
#4215=VERTEX_POINT('',#14188);
#4216=VERTEX_POINT('',#14190);
#4217=VERTEX_POINT('',#14192);
#4218=VERTEX_POINT('',#14194);
#4219=VERTEX_POINT('',#14197);
#4220=VERTEX_POINT('',#14198);
#4221=VERTEX_POINT('',#14200);
#4222=VERTEX_POINT('',#14202);
#4223=VERTEX_POINT('',#14204);
#4224=VERTEX_POINT('',#14206);
#4225=VERTEX_POINT('',#14208);
#4226=VERTEX_POINT('',#14210);
#4227=VERTEX_POINT('',#14214);
#4228=VERTEX_POINT('',#14216);
#4229=VERTEX_POINT('',#14220);
#4230=VERTEX_POINT('',#14221);
#4231=VERTEX_POINT('',#14226);
#4232=VERTEX_POINT('',#14227);
#4233=VERTEX_POINT('',#14232);
#4234=VERTEX_POINT('',#14233);
#4235=VERTEX_POINT('',#14238);
#4236=VERTEX_POINT('',#14243);
#4237=VERTEX_POINT('',#14247);
#4238=VERTEX_POINT('',#14259);
#4239=VERTEX_POINT('',#14261);
#4240=VERTEX_POINT('',#14263);
#4241=VERTEX_POINT('',#14264);
#4242=VERTEX_POINT('',#14266);
#4243=VERTEX_POINT('',#14268);
#4244=VERTEX_POINT('',#14271);
#4245=VERTEX_POINT('',#14272);
#4246=VERTEX_POINT('',#14274);
#4247=VERTEX_POINT('',#14276);
#4248=VERTEX_POINT('',#14279);
#4249=VERTEX_POINT('',#14280);
#4250=VERTEX_POINT('',#14282);
#4251=VERTEX_POINT('',#14284);
#4252=VERTEX_POINT('',#14287);
#4253=VERTEX_POINT('',#14288);
#4254=VERTEX_POINT('',#14290);
#4255=VERTEX_POINT('',#14292);
#4256=VERTEX_POINT('',#14295);
#4257=VERTEX_POINT('',#14296);
#4258=VERTEX_POINT('',#14298);
#4259=VERTEX_POINT('',#14300);
#4260=VERTEX_POINT('',#14303);
#4261=VERTEX_POINT('',#14304);
#4262=VERTEX_POINT('',#14306);
#4263=VERTEX_POINT('',#14308);
#4264=VERTEX_POINT('',#14311);
#4265=VERTEX_POINT('',#14312);
#4266=VERTEX_POINT('',#14314);
#4267=VERTEX_POINT('',#14316);
#4268=VERTEX_POINT('',#14319);
#4269=VERTEX_POINT('',#14320);
#4270=VERTEX_POINT('',#14322);
#4271=VERTEX_POINT('',#14324);
#4272=VERTEX_POINT('',#14327);
#4273=VERTEX_POINT('',#14328);
#4274=VERTEX_POINT('',#14330);
#4275=VERTEX_POINT('',#14332);
#4276=VERTEX_POINT('',#14335);
#4277=VERTEX_POINT('',#14336);
#4278=VERTEX_POINT('',#14338);
#4279=VERTEX_POINT('',#14340);
#4280=VERTEX_POINT('',#14343);
#4281=VERTEX_POINT('',#14344);
#4282=VERTEX_POINT('',#14346);
#4283=VERTEX_POINT('',#14348);
#4284=VERTEX_POINT('',#14351);
#4285=VERTEX_POINT('',#14352);
#4286=VERTEX_POINT('',#14354);
#4287=VERTEX_POINT('',#14356);
#4288=VERTEX_POINT('',#14359);
#4289=VERTEX_POINT('',#14360);
#4290=VERTEX_POINT('',#14362);
#4291=VERTEX_POINT('',#14364);
#4292=VERTEX_POINT('',#14367);
#4293=VERTEX_POINT('',#14368);
#4294=VERTEX_POINT('',#14370);
#4295=VERTEX_POINT('',#14372);
#4296=VERTEX_POINT('',#14375);
#4297=VERTEX_POINT('',#14376);
#4298=VERTEX_POINT('',#14378);
#4299=VERTEX_POINT('',#14380);
#4300=VERTEX_POINT('',#14383);
#4301=VERTEX_POINT('',#14384);
#4302=VERTEX_POINT('',#14386);
#4303=VERTEX_POINT('',#14388);
#4304=VERTEX_POINT('',#14391);
#4305=VERTEX_POINT('',#14392);
#4306=VERTEX_POINT('',#14394);
#4307=VERTEX_POINT('',#14396);
#4308=VERTEX_POINT('',#14399);
#4309=VERTEX_POINT('',#14400);
#4310=VERTEX_POINT('',#14402);
#4311=VERTEX_POINT('',#14404);
#4312=VERTEX_POINT('',#14407);
#4313=VERTEX_POINT('',#14408);
#4314=VERTEX_POINT('',#14410);
#4315=VERTEX_POINT('',#14412);
#4316=VERTEX_POINT('',#14415);
#4317=VERTEX_POINT('',#14416);
#4318=VERTEX_POINT('',#14418);
#4319=VERTEX_POINT('',#14420);
#4320=VERTEX_POINT('',#14423);
#4321=VERTEX_POINT('',#14424);
#4322=VERTEX_POINT('',#14426);
#4323=VERTEX_POINT('',#14428);
#4324=VERTEX_POINT('',#14431);
#4325=VERTEX_POINT('',#14432);
#4326=VERTEX_POINT('',#14434);
#4327=VERTEX_POINT('',#14436);
#4328=VERTEX_POINT('',#14439);
#4329=VERTEX_POINT('',#14440);
#4330=VERTEX_POINT('',#14442);
#4331=VERTEX_POINT('',#14444);
#4332=VERTEX_POINT('',#14447);
#4333=VERTEX_POINT('',#14448);
#4334=VERTEX_POINT('',#14450);
#4335=VERTEX_POINT('',#14452);
#4336=VERTEX_POINT('',#14455);
#4337=VERTEX_POINT('',#14456);
#4338=VERTEX_POINT('',#14458);
#4339=VERTEX_POINT('',#14460);
#4340=VERTEX_POINT('',#14463);
#4341=VERTEX_POINT('',#14464);
#4342=VERTEX_POINT('',#14466);
#4343=VERTEX_POINT('',#14468);
#4344=VERTEX_POINT('',#14471);
#4345=VERTEX_POINT('',#14472);
#4346=VERTEX_POINT('',#14474);
#4347=VERTEX_POINT('',#14476);
#4348=VERTEX_POINT('',#14479);
#4349=VERTEX_POINT('',#14480);
#4350=VERTEX_POINT('',#14482);
#4351=VERTEX_POINT('',#14484);
#4352=VERTEX_POINT('',#14487);
#4353=VERTEX_POINT('',#14488);
#4354=VERTEX_POINT('',#14490);
#4355=VERTEX_POINT('',#14492);
#4356=VERTEX_POINT('',#14495);
#4357=VERTEX_POINT('',#14496);
#4358=VERTEX_POINT('',#14498);
#4359=VERTEX_POINT('',#14500);
#4360=VERTEX_POINT('',#14503);
#4361=VERTEX_POINT('',#14504);
#4362=VERTEX_POINT('',#14506);
#4363=VERTEX_POINT('',#14508);
#4364=VERTEX_POINT('',#14511);
#4365=VERTEX_POINT('',#14512);
#4366=VERTEX_POINT('',#14514);
#4367=VERTEX_POINT('',#14516);
#4368=VERTEX_POINT('',#14519);
#4369=VERTEX_POINT('',#14521);
#4370=VERTEX_POINT('',#14524);
#4371=VERTEX_POINT('',#14526);
#4372=VERTEX_POINT('',#14530);
#4373=VERTEX_POINT('',#14532);
#4374=VERTEX_POINT('',#14536);
#4375=VERTEX_POINT('',#14538);
#4376=VERTEX_POINT('',#14542);
#4377=VERTEX_POINT('',#14544);
#4378=VERTEX_POINT('',#14548);
#4379=VERTEX_POINT('',#14550);
#4380=VERTEX_POINT('',#14554);
#4381=VERTEX_POINT('',#14556);
#4382=VERTEX_POINT('',#14560);
#4383=VERTEX_POINT('',#14562);
#4384=VERTEX_POINT('',#14566);
#4385=VERTEX_POINT('',#14568);
#4386=VERTEX_POINT('',#14588);
#4387=VERTEX_POINT('',#14590);
#4388=VERTEX_POINT('',#14592);
#4389=VERTEX_POINT('',#14603);
#4390=VERTEX_POINT('',#14607);
#4391=VERTEX_POINT('',#14609);
#4392=VERTEX_POINT('',#14620);
#4393=VERTEX_POINT('',#14622);
#4394=VERTEX_POINT('',#14624);
#4395=VERTEX_POINT('',#14635);
#4396=VERTEX_POINT('',#14639);
#4397=VERTEX_POINT('',#14641);
#4398=VERTEX_POINT('',#14652);
#4399=VERTEX_POINT('',#14654);
#4400=VERTEX_POINT('',#14656);
#4401=VERTEX_POINT('',#14665);
#4402=VERTEX_POINT('',#14667);
#4403=VERTEX_POINT('',#14676);
#4404=VERTEX_POINT('',#14678);
#4405=VERTEX_POINT('',#14691);
#4406=VERTEX_POINT('',#14693);
#4407=VERTEX_POINT('',#14704);
#4408=VERTEX_POINT('',#14709);
#4409=VERTEX_POINT('',#14716);
#4410=VERTEX_POINT('',#14721);
#4411=VERTEX_POINT('',#14736);
#4412=VERTEX_POINT('',#14738);
#4413=VERTEX_POINT('',#14742);
#4414=VERTEX_POINT('',#14744);
#4415=VERTEX_POINT('',#14748);
#4416=VERTEX_POINT('',#14750);
#4417=VERTEX_POINT('',#14754);
#4418=VERTEX_POINT('',#14756);
#4419=VERTEX_POINT('',#14760);
#4420=VERTEX_POINT('',#14762);
#4421=VERTEX_POINT('',#14766);
#4422=VERTEX_POINT('',#14768);
#4423=VERTEX_POINT('',#14772);
#4424=VERTEX_POINT('',#14774);
#4425=VERTEX_POINT('',#14778);
#4426=VERTEX_POINT('',#14780);
#4427=VERTEX_POINT('',#14800);
#4428=VERTEX_POINT('',#14802);
#4429=VERTEX_POINT('',#14804);
#4430=VERTEX_POINT('',#14815);
#4431=VERTEX_POINT('',#14819);
#4432=VERTEX_POINT('',#14821);
#4433=VERTEX_POINT('',#14832);
#4434=VERTEX_POINT('',#14834);
#4435=VERTEX_POINT('',#14836);
#4436=VERTEX_POINT('',#14847);
#4437=VERTEX_POINT('',#14851);
#4438=VERTEX_POINT('',#14853);
#4439=VERTEX_POINT('',#14864);
#4440=VERTEX_POINT('',#14866);
#4441=VERTEX_POINT('',#14868);
#4442=VERTEX_POINT('',#14877);
#4443=VERTEX_POINT('',#14879);
#4444=VERTEX_POINT('',#14888);
#4445=VERTEX_POINT('',#14890);
#4446=VERTEX_POINT('',#14903);
#4447=VERTEX_POINT('',#14905);
#4448=VERTEX_POINT('',#14916);
#4449=VERTEX_POINT('',#14921);
#4450=VERTEX_POINT('',#14928);
#4451=VERTEX_POINT('',#14933);
#4452=VERTEX_POINT('',#14948);
#4453=VERTEX_POINT('',#14950);
#4454=VERTEX_POINT('',#14954);
#4455=VERTEX_POINT('',#14956);
#4456=VERTEX_POINT('',#14960);
#4457=VERTEX_POINT('',#14962);
#4458=VERTEX_POINT('',#14966);
#4459=VERTEX_POINT('',#14968);
#4460=VERTEX_POINT('',#14972);
#4461=VERTEX_POINT('',#14974);
#4462=VERTEX_POINT('',#14978);
#4463=VERTEX_POINT('',#14980);
#4464=VERTEX_POINT('',#14984);
#4465=VERTEX_POINT('',#14986);
#4466=VERTEX_POINT('',#14990);
#4467=VERTEX_POINT('',#14992);
#4468=VERTEX_POINT('',#15012);
#4469=VERTEX_POINT('',#15014);
#4470=VERTEX_POINT('',#15016);
#4471=VERTEX_POINT('',#15027);
#4472=VERTEX_POINT('',#15031);
#4473=VERTEX_POINT('',#15033);
#4474=VERTEX_POINT('',#15044);
#4475=VERTEX_POINT('',#15046);
#4476=VERTEX_POINT('',#15048);
#4477=VERTEX_POINT('',#15059);
#4478=VERTEX_POINT('',#15063);
#4479=VERTEX_POINT('',#15065);
#4480=VERTEX_POINT('',#15076);
#4481=VERTEX_POINT('',#15078);
#4482=VERTEX_POINT('',#15080);
#4483=VERTEX_POINT('',#15089);
#4484=VERTEX_POINT('',#15091);
#4485=VERTEX_POINT('',#15100);
#4486=VERTEX_POINT('',#15102);
#4487=VERTEX_POINT('',#15115);
#4488=VERTEX_POINT('',#15117);
#4489=VERTEX_POINT('',#15128);
#4490=VERTEX_POINT('',#15133);
#4491=VERTEX_POINT('',#15140);
#4492=VERTEX_POINT('',#15145);
#4493=VERTEX_POINT('',#15160);
#4494=VERTEX_POINT('',#15162);
#4495=VERTEX_POINT('',#15166);
#4496=VERTEX_POINT('',#15168);
#4497=VERTEX_POINT('',#15172);
#4498=VERTEX_POINT('',#15174);
#4499=VERTEX_POINT('',#15178);
#4500=VERTEX_POINT('',#15180);
#4501=VERTEX_POINT('',#15184);
#4502=VERTEX_POINT('',#15186);
#4503=VERTEX_POINT('',#15190);
#4504=VERTEX_POINT('',#15192);
#4505=VERTEX_POINT('',#15196);
#4506=VERTEX_POINT('',#15198);
#4507=VERTEX_POINT('',#15202);
#4508=VERTEX_POINT('',#15204);
#4509=VERTEX_POINT('',#15224);
#4510=VERTEX_POINT('',#15226);
#4511=VERTEX_POINT('',#15228);
#4512=VERTEX_POINT('',#15239);
#4513=VERTEX_POINT('',#15243);
#4514=VERTEX_POINT('',#15245);
#4515=VERTEX_POINT('',#15256);
#4516=VERTEX_POINT('',#15260);
#4517=VERTEX_POINT('',#15262);
#4518=VERTEX_POINT('',#15273);
#4519=VERTEX_POINT('',#15277);
#4520=VERTEX_POINT('',#15279);
#4521=VERTEX_POINT('',#15290);
#4522=VERTEX_POINT('',#15294);
#4523=VERTEX_POINT('',#15296);
#4524=VERTEX_POINT('',#15298);
#4525=VERTEX_POINT('',#15307);
#4526=VERTEX_POINT('',#15309);
#4527=VERTEX_POINT('',#15318);
#4528=VERTEX_POINT('',#15320);
#4529=VERTEX_POINT('',#15332);
#4530=VERTEX_POINT('',#15343);
#4531=VERTEX_POINT('',#15347);
#4532=VERTEX_POINT('',#15356);
#4533=VERTEX_POINT('',#15360);
#4534=VERTEX_POINT('',#15391);
#4535=VERTEX_POINT('',#15393);
#4536=VERTEX_POINT('',#15397);
#4537=VERTEX_POINT('',#15401);
#4538=VERTEX_POINT('',#15407);
#4539=VERTEX_POINT('',#15409);
#4540=VERTEX_POINT('',#15413);
#4541=VERTEX_POINT('',#15418);
#4542=VERTEX_POINT('',#15431);
#4543=VERTEX_POINT('',#15433);
#4544=VERTEX_POINT('',#15437);
#4545=VERTEX_POINT('',#15441);
#4546=VERTEX_POINT('',#15447);
#4547=VERTEX_POINT('',#15449);
#4548=VERTEX_POINT('',#15453);
#4549=VERTEX_POINT('',#15462);
#4550=VERTEX_POINT('',#15471);
#4551=VERTEX_POINT('',#15473);
#4552=VERTEX_POINT('',#15477);
#4553=VERTEX_POINT('',#15481);
#4554=VERTEX_POINT('',#15487);
#4555=VERTEX_POINT('',#15489);
#4556=VERTEX_POINT('',#15493);
#4557=VERTEX_POINT('',#15502);
#4558=VERTEX_POINT('',#15511);
#4559=VERTEX_POINT('',#15513);
#4560=VERTEX_POINT('',#15517);
#4561=VERTEX_POINT('',#15521);
#4562=VERTEX_POINT('',#15527);
#4563=VERTEX_POINT('',#15529);
#4564=VERTEX_POINT('',#15533);
#4565=VERTEX_POINT('',#15542);
#4566=VERTEX_POINT('',#15551);
#4567=VERTEX_POINT('',#15553);
#4568=VERTEX_POINT('',#15557);
#4569=VERTEX_POINT('',#15561);
#4570=VERTEX_POINT('',#15567);
#4571=VERTEX_POINT('',#15569);
#4572=VERTEX_POINT('',#15573);
#4573=VERTEX_POINT('',#15582);
#4574=VERTEX_POINT('',#15591);
#4575=VERTEX_POINT('',#15593);
#4576=VERTEX_POINT('',#15597);
#4577=VERTEX_POINT('',#15601);
#4578=VERTEX_POINT('',#15607);
#4579=VERTEX_POINT('',#15609);
#4580=VERTEX_POINT('',#15613);
#4581=VERTEX_POINT('',#15622);
#4582=VERTEX_POINT('',#15631);
#4583=VERTEX_POINT('',#15633);
#4584=VERTEX_POINT('',#15637);
#4585=VERTEX_POINT('',#15641);
#4586=VERTEX_POINT('',#15647);
#4587=VERTEX_POINT('',#15649);
#4588=VERTEX_POINT('',#15653);
#4589=VERTEX_POINT('',#15662);
#4590=VERTEX_POINT('',#15671);
#4591=VERTEX_POINT('',#15673);
#4592=VERTEX_POINT('',#15677);
#4593=VERTEX_POINT('',#15681);
#4594=VERTEX_POINT('',#15687);
#4595=VERTEX_POINT('',#15689);
#4596=VERTEX_POINT('',#15693);
#4597=VERTEX_POINT('',#15702);
#4598=VERTEX_POINT('',#15711);
#4599=VERTEX_POINT('',#15713);
#4600=VERTEX_POINT('',#15717);
#4601=VERTEX_POINT('',#15721);
#4602=VERTEX_POINT('',#15727);
#4603=VERTEX_POINT('',#15729);
#4604=VERTEX_POINT('',#15733);
#4605=VERTEX_POINT('',#15742);
#4606=VERTEX_POINT('',#15751);
#4607=VERTEX_POINT('',#15753);
#4608=VERTEX_POINT('',#15757);
#4609=VERTEX_POINT('',#15761);
#4610=VERTEX_POINT('',#15767);
#4611=VERTEX_POINT('',#15769);
#4612=VERTEX_POINT('',#15773);
#4613=VERTEX_POINT('',#15782);
#4614=VERTEX_POINT('',#15791);
#4615=VERTEX_POINT('',#15793);
#4616=VERTEX_POINT('',#15797);
#4617=VERTEX_POINT('',#15801);
#4618=VERTEX_POINT('',#15807);
#4619=VERTEX_POINT('',#15809);
#4620=VERTEX_POINT('',#15813);
#4621=VERTEX_POINT('',#15822);
#4622=VERTEX_POINT('',#15831);
#4623=VERTEX_POINT('',#15833);
#4624=VERTEX_POINT('',#15837);
#4625=VERTEX_POINT('',#15841);
#4626=VERTEX_POINT('',#15847);
#4627=VERTEX_POINT('',#15849);
#4628=VERTEX_POINT('',#15853);
#4629=VERTEX_POINT('',#15862);
#4630=VERTEX_POINT('',#15871);
#4631=VERTEX_POINT('',#15873);
#4632=VERTEX_POINT('',#15877);
#4633=VERTEX_POINT('',#15881);
#4634=VERTEX_POINT('',#15887);
#4635=VERTEX_POINT('',#15889);
#4636=VERTEX_POINT('',#15893);
#4637=VERTEX_POINT('',#15902);
#4638=VERTEX_POINT('',#15911);
#4639=VERTEX_POINT('',#15913);
#4640=VERTEX_POINT('',#15917);
#4641=VERTEX_POINT('',#15921);
#4642=VERTEX_POINT('',#15927);
#4643=VERTEX_POINT('',#15929);
#4644=VERTEX_POINT('',#15933);
#4645=VERTEX_POINT('',#15942);
#4646=VERTEX_POINT('',#15951);
#4647=VERTEX_POINT('',#15953);
#4648=VERTEX_POINT('',#15957);
#4649=VERTEX_POINT('',#15961);
#4650=VERTEX_POINT('',#15967);
#4651=VERTEX_POINT('',#15969);
#4652=VERTEX_POINT('',#15973);
#4653=VERTEX_POINT('',#15982);
#4654=VERTEX_POINT('',#15991);
#4655=VERTEX_POINT('',#15993);
#4656=VERTEX_POINT('',#15997);
#4657=VERTEX_POINT('',#16001);
#4658=VERTEX_POINT('',#16007);
#4659=VERTEX_POINT('',#16009);
#4660=VERTEX_POINT('',#16013);
#4661=VERTEX_POINT('',#16022);
#4662=VERTEX_POINT('',#16031);
#4663=VERTEX_POINT('',#16033);
#4664=VERTEX_POINT('',#16037);
#4665=VERTEX_POINT('',#16041);
#4666=VERTEX_POINT('',#16047);
#4667=VERTEX_POINT('',#16049);
#4668=VERTEX_POINT('',#16053);
#4669=VERTEX_POINT('',#16062);
#4670=VERTEX_POINT('',#16071);
#4671=VERTEX_POINT('',#16073);
#4672=VERTEX_POINT('',#16077);
#4673=VERTEX_POINT('',#16081);
#4674=VERTEX_POINT('',#16087);
#4675=VERTEX_POINT('',#16089);
#4676=VERTEX_POINT('',#16093);
#4677=VERTEX_POINT('',#16098);
#4678=VERTEX_POINT('',#16111);
#4679=VERTEX_POINT('',#16113);
#4680=VERTEX_POINT('',#16117);
#4681=VERTEX_POINT('',#16121);
#4682=VERTEX_POINT('',#16127);
#4683=VERTEX_POINT('',#16129);
#4684=VERTEX_POINT('',#16133);
#4685=VERTEX_POINT('',#16138);
#4686=VERTEX_POINT('',#16151);
#4687=VERTEX_POINT('',#16153);
#4688=VERTEX_POINT('',#16157);
#4689=VERTEX_POINT('',#16161);
#4690=VERTEX_POINT('',#16167);
#4691=VERTEX_POINT('',#16169);
#4692=VERTEX_POINT('',#16173);
#4693=VERTEX_POINT('',#16178);
#4694=VERTEX_POINT('',#16191);
#4695=VERTEX_POINT('',#16193);
#4696=VERTEX_POINT('',#16197);
#4697=VERTEX_POINT('',#16201);
#4698=VERTEX_POINT('',#16207);
#4699=VERTEX_POINT('',#16209);
#4700=VERTEX_POINT('',#16213);
#4701=VERTEX_POINT('',#16218);
#4702=VERTEX_POINT('',#16231);
#4703=VERTEX_POINT('',#16233);
#4704=VERTEX_POINT('',#16237);
#4705=VERTEX_POINT('',#16241);
#4706=VERTEX_POINT('',#16247);
#4707=VERTEX_POINT('',#16249);
#4708=VERTEX_POINT('',#16253);
#4709=VERTEX_POINT('',#16258);
#4710=VERTEX_POINT('',#16271);
#4711=VERTEX_POINT('',#16273);
#4712=VERTEX_POINT('',#16277);
#4713=VERTEX_POINT('',#16281);
#4714=VERTEX_POINT('',#16287);
#4715=VERTEX_POINT('',#16289);
#4716=VERTEX_POINT('',#16293);
#4717=VERTEX_POINT('',#16298);
#4718=VERTEX_POINT('',#16311);
#4719=VERTEX_POINT('',#16313);
#4720=VERTEX_POINT('',#16317);
#4721=VERTEX_POINT('',#16321);
#4722=VERTEX_POINT('',#16327);
#4723=VERTEX_POINT('',#16329);
#4724=VERTEX_POINT('',#16333);
#4725=VERTEX_POINT('',#16338);
#4726=VERTEX_POINT('',#16351);
#4727=VERTEX_POINT('',#16353);
#4728=VERTEX_POINT('',#16357);
#4729=VERTEX_POINT('',#16361);
#4730=VERTEX_POINT('',#16367);
#4731=VERTEX_POINT('',#16369);
#4732=VERTEX_POINT('',#16373);
#4733=VERTEX_POINT('',#16378);
#4734=VERTEX_POINT('',#16391);
#4735=VERTEX_POINT('',#16393);
#4736=VERTEX_POINT('',#16397);
#4737=VERTEX_POINT('',#16401);
#4738=VERTEX_POINT('',#16407);
#4739=VERTEX_POINT('',#16409);
#4740=VERTEX_POINT('',#16413);
#4741=VERTEX_POINT('',#16418);
#4742=VERTEX_POINT('',#16431);
#4743=VERTEX_POINT('',#16433);
#4744=VERTEX_POINT('',#16437);
#4745=VERTEX_POINT('',#16441);
#4746=VERTEX_POINT('',#16447);
#4747=VERTEX_POINT('',#16449);
#4748=VERTEX_POINT('',#16453);
#4749=VERTEX_POINT('',#16458);
#4750=VERTEX_POINT('',#16471);
#4751=VERTEX_POINT('',#16473);
#4752=VERTEX_POINT('',#16477);
#4753=VERTEX_POINT('',#16481);
#4754=VERTEX_POINT('',#16487);
#4755=VERTEX_POINT('',#16489);
#4756=VERTEX_POINT('',#16493);
#4757=VERTEX_POINT('',#16498);
#4758=VERTEX_POINT('',#16511);
#4759=VERTEX_POINT('',#16513);
#4760=VERTEX_POINT('',#16517);
#4761=VERTEX_POINT('',#16521);
#4762=VERTEX_POINT('',#16527);
#4763=VERTEX_POINT('',#16529);
#4764=VERTEX_POINT('',#16533);
#4765=VERTEX_POINT('',#16538);
#4766=VERTEX_POINT('',#16551);
#4767=VERTEX_POINT('',#16553);
#4768=VERTEX_POINT('',#16557);
#4769=VERTEX_POINT('',#16561);
#4770=VERTEX_POINT('',#16567);
#4771=VERTEX_POINT('',#16569);
#4772=VERTEX_POINT('',#16573);
#4773=VERTEX_POINT('',#16578);
#4774=VERTEX_POINT('',#16591);
#4775=VERTEX_POINT('',#16593);
#4776=VERTEX_POINT('',#16597);
#4777=VERTEX_POINT('',#16601);
#4778=VERTEX_POINT('',#16607);
#4779=VERTEX_POINT('',#16609);
#4780=VERTEX_POINT('',#16613);
#4781=VERTEX_POINT('',#16618);
#4782=VERTEX_POINT('',#16631);
#4783=VERTEX_POINT('',#16633);
#4784=VERTEX_POINT('',#16637);
#4785=VERTEX_POINT('',#16641);
#4786=VERTEX_POINT('',#16647);
#4787=VERTEX_POINT('',#16649);
#4788=VERTEX_POINT('',#16653);
#4789=VERTEX_POINT('',#16658);
#4790=EDGE_CURVE('',#3998,#3999,#3982,.T.);
#4791=EDGE_CURVE('',#3998,#4000,#2262,.T.);
#4792=EDGE_CURVE('',#4000,#4001,#3983,.T.);
#4793=EDGE_CURVE('',#4001,#3999,#2263,.T.);
#4794=EDGE_CURVE('',#4002,#3998,#2264,.T.);
#4795=EDGE_CURVE('',#4003,#4002,#2265,.T.);
#4796=EDGE_CURVE('',#4003,#4000,#2266,.T.);
#4797=EDGE_CURVE('',#4004,#4005,#3984,.T.);
#4798=EDGE_CURVE('',#4004,#4006,#2267,.T.);
#4799=EDGE_CURVE('',#4006,#4007,#3985,.T.);
#4800=EDGE_CURVE('',#4007,#4005,#2268,.T.);
#4801=EDGE_CURVE('',#3999,#4008,#2269,.T.);
#4802=EDGE_CURVE('',#4008,#4009,#324,.T.);
#4803=EDGE_CURVE('',#4009,#4004,#2270,.T.);
#4804=EDGE_CURVE('',#4005,#4010,#2271,.T.);
#4805=EDGE_CURVE('',#4010,#4011,#3986,.T.);
#4806=EDGE_CURVE('',#4011,#4012,#2272,.T.);
#4807=EDGE_CURVE('',#4012,#4013,#325,.T.);
#4808=EDGE_CURVE('',#4013,#4014,#2273,.T.);
#4809=EDGE_CURVE('',#4014,#4015,#3987,.T.);
#4810=EDGE_CURVE('',#4015,#4016,#2274,.T.);
#4811=EDGE_CURVE('',#4016,#4017,#3988,.T.);
#4812=EDGE_CURVE('',#4017,#4018,#2275,.T.);
#4813=EDGE_CURVE('',#4018,#4019,#326,.T.);
#4814=EDGE_CURVE('',#4019,#4020,#2276,.T.);
#4815=EDGE_CURVE('',#4020,#4021,#3989,.T.);
#4816=EDGE_CURVE('',#4021,#4022,#2277,.T.);
#4817=EDGE_CURVE('',#4022,#4023,#3990,.T.);
#4818=EDGE_CURVE('',#4023,#4024,#2278,.T.);
#4819=EDGE_CURVE('',#4024,#4025,#327,.T.);
#4820=EDGE_CURVE('',#4025,#4026,#2279,.T.);
#4821=EDGE_CURVE('',#4026,#4002,#3991,.T.);
#4822=EDGE_CURVE('',#4027,#4028,#2280,.T.);
#4823=EDGE_CURVE('',#4029,#4027,#328,.T.);
#4824=EDGE_CURVE('',#4030,#4029,#2281,.T.);
#4825=EDGE_CURVE('',#4028,#4030,#329,.T.);
#4826=EDGE_CURVE('',#4031,#4032,#2282,.T.);
#4827=EDGE_CURVE('',#4033,#4031,#330,.T.);
#4828=EDGE_CURVE('',#4034,#4033,#2283,.T.);
#4829=EDGE_CURVE('',#4032,#4034,#331,.T.);
#4830=EDGE_CURVE('',#4035,#4036,#2284,.T.);
#4831=EDGE_CURVE('',#4037,#4035,#332,.T.);
#4832=EDGE_CURVE('',#4038,#4037,#2285,.T.);
#4833=EDGE_CURVE('',#4036,#4038,#333,.T.);
#4834=EDGE_CURVE('',#4039,#4040,#2286,.T.);
#4835=EDGE_CURVE('',#4041,#4039,#334,.T.);
#4836=EDGE_CURVE('',#4042,#4041,#2287,.T.);
#4837=EDGE_CURVE('',#4040,#4042,#335,.T.);
#4838=EDGE_CURVE('',#4043,#4044,#2288,.T.);
#4839=EDGE_CURVE('',#4045,#4043,#336,.T.);
#4840=EDGE_CURVE('',#4046,#4045,#2289,.T.);
#4841=EDGE_CURVE('',#4044,#4046,#337,.T.);
#4842=EDGE_CURVE('',#4047,#4048,#2290,.T.);
#4843=EDGE_CURVE('',#4049,#4047,#338,.T.);
#4844=EDGE_CURVE('',#4050,#4049,#2291,.T.);
#4845=EDGE_CURVE('',#4048,#4050,#339,.T.);
#4846=EDGE_CURVE('',#4051,#4052,#2292,.T.);
#4847=EDGE_CURVE('',#4053,#4051,#340,.T.);
#4848=EDGE_CURVE('',#4054,#4053,#2293,.T.);
#4849=EDGE_CURVE('',#4052,#4054,#341,.T.);
#4850=EDGE_CURVE('',#4055,#4056,#2294,.T.);
#4851=EDGE_CURVE('',#4057,#4055,#342,.T.);
#4852=EDGE_CURVE('',#4058,#4057,#2295,.T.);
#4853=EDGE_CURVE('',#4056,#4058,#343,.T.);
#4854=EDGE_CURVE('',#4059,#4060,#2296,.T.);
#4855=EDGE_CURVE('',#4061,#4059,#344,.T.);
#4856=EDGE_CURVE('',#4062,#4061,#2297,.T.);
#4857=EDGE_CURVE('',#4060,#4062,#345,.T.);
#4858=EDGE_CURVE('',#4063,#4064,#2298,.T.);
#4859=EDGE_CURVE('',#4065,#4063,#346,.T.);
#4860=EDGE_CURVE('',#4066,#4065,#2299,.T.);
#4861=EDGE_CURVE('',#4064,#4066,#347,.T.);
#4862=EDGE_CURVE('',#4067,#4068,#2300,.T.);
#4863=EDGE_CURVE('',#4069,#4067,#348,.T.);
#4864=EDGE_CURVE('',#4070,#4069,#2301,.T.);
#4865=EDGE_CURVE('',#4068,#4070,#349,.T.);
#4866=EDGE_CURVE('',#4071,#4072,#2302,.T.);
#4867=EDGE_CURVE('',#4073,#4071,#350,.T.);
#4868=EDGE_CURVE('',#4074,#4073,#2303,.T.);
#4869=EDGE_CURVE('',#4072,#4074,#351,.T.);
#4870=EDGE_CURVE('',#4075,#4076,#2304,.T.);
#4871=EDGE_CURVE('',#4077,#4075,#352,.T.);
#4872=EDGE_CURVE('',#4078,#4077,#2305,.T.);
#4873=EDGE_CURVE('',#4076,#4078,#353,.T.);
#4874=EDGE_CURVE('',#4079,#4080,#2306,.T.);
#4875=EDGE_CURVE('',#4081,#4079,#354,.T.);
#4876=EDGE_CURVE('',#4082,#4081,#2307,.T.);
#4877=EDGE_CURVE('',#4080,#4082,#355,.T.);
#4878=EDGE_CURVE('',#4083,#4084,#2308,.T.);
#4879=EDGE_CURVE('',#4085,#4083,#356,.T.);
#4880=EDGE_CURVE('',#4086,#4085,#2309,.T.);
#4881=EDGE_CURVE('',#4084,#4086,#357,.T.);
#4882=EDGE_CURVE('',#4087,#4088,#2310,.T.);
#4883=EDGE_CURVE('',#4089,#4087,#358,.T.);
#4884=EDGE_CURVE('',#4090,#4089,#2311,.T.);
#4885=EDGE_CURVE('',#4088,#4090,#359,.T.);
#4886=EDGE_CURVE('',#4091,#4092,#2312,.T.);
#4887=EDGE_CURVE('',#4093,#4091,#360,.T.);
#4888=EDGE_CURVE('',#4094,#4093,#2313,.T.);
#4889=EDGE_CURVE('',#4092,#4094,#361,.T.);
#4890=EDGE_CURVE('',#4095,#4096,#2314,.T.);
#4891=EDGE_CURVE('',#4097,#4095,#362,.T.);
#4892=EDGE_CURVE('',#4098,#4097,#2315,.T.);
#4893=EDGE_CURVE('',#4096,#4098,#363,.T.);
#4894=EDGE_CURVE('',#4099,#4100,#2316,.T.);
#4895=EDGE_CURVE('',#4101,#4099,#364,.T.);
#4896=EDGE_CURVE('',#4102,#4101,#2317,.T.);
#4897=EDGE_CURVE('',#4100,#4102,#365,.T.);
#4898=EDGE_CURVE('',#4103,#4104,#2318,.T.);
#4899=EDGE_CURVE('',#4105,#4103,#366,.T.);
#4900=EDGE_CURVE('',#4106,#4105,#2319,.T.);
#4901=EDGE_CURVE('',#4104,#4106,#367,.T.);
#4902=EDGE_CURVE('',#4107,#4108,#2320,.T.);
#4903=EDGE_CURVE('',#4109,#4107,#368,.T.);
#4904=EDGE_CURVE('',#4110,#4109,#2321,.T.);
#4905=EDGE_CURVE('',#4108,#4110,#369,.T.);
#4906=EDGE_CURVE('',#4111,#4112,#2322,.T.);
#4907=EDGE_CURVE('',#4113,#4111,#370,.T.);
#4908=EDGE_CURVE('',#4114,#4113,#2323,.T.);
#4909=EDGE_CURVE('',#4112,#4114,#371,.T.);
#4910=EDGE_CURVE('',#4115,#4116,#2324,.T.);
#4911=EDGE_CURVE('',#4117,#4115,#372,.T.);
#4912=EDGE_CURVE('',#4118,#4117,#2325,.T.);
#4913=EDGE_CURVE('',#4116,#4118,#373,.T.);
#4914=EDGE_CURVE('',#4119,#4120,#2326,.T.);
#4915=EDGE_CURVE('',#4121,#4119,#374,.T.);
#4916=EDGE_CURVE('',#4122,#4121,#2327,.T.);
#4917=EDGE_CURVE('',#4120,#4122,#375,.T.);
#4918=EDGE_CURVE('',#4123,#4124,#2328,.T.);
#4919=EDGE_CURVE('',#4125,#4123,#376,.T.);
#4920=EDGE_CURVE('',#4126,#4125,#2329,.T.);
#4921=EDGE_CURVE('',#4124,#4126,#377,.T.);
#4922=EDGE_CURVE('',#4127,#4128,#2330,.T.);
#4923=EDGE_CURVE('',#4129,#4127,#378,.T.);
#4924=EDGE_CURVE('',#4130,#4129,#2331,.T.);
#4925=EDGE_CURVE('',#4128,#4130,#379,.T.);
#4926=EDGE_CURVE('',#4131,#4132,#2332,.T.);
#4927=EDGE_CURVE('',#4133,#4131,#380,.T.);
#4928=EDGE_CURVE('',#4134,#4133,#2333,.T.);
#4929=EDGE_CURVE('',#4132,#4134,#381,.T.);
#4930=EDGE_CURVE('',#4135,#4136,#2334,.T.);
#4931=EDGE_CURVE('',#4137,#4135,#382,.T.);
#4932=EDGE_CURVE('',#4138,#4137,#2335,.T.);
#4933=EDGE_CURVE('',#4136,#4138,#383,.T.);
#4934=EDGE_CURVE('',#4139,#4140,#2336,.T.);
#4935=EDGE_CURVE('',#4141,#4139,#384,.T.);
#4936=EDGE_CURVE('',#4142,#4141,#2337,.T.);
#4937=EDGE_CURVE('',#4140,#4142,#385,.T.);
#4938=EDGE_CURVE('',#4143,#4144,#2338,.T.);
#4939=EDGE_CURVE('',#4145,#4143,#386,.T.);
#4940=EDGE_CURVE('',#4146,#4145,#2339,.T.);
#4941=EDGE_CURVE('',#4144,#4146,#387,.T.);
#4942=EDGE_CURVE('',#4147,#4148,#2340,.T.);
#4943=EDGE_CURVE('',#4149,#4147,#388,.T.);
#4944=EDGE_CURVE('',#4150,#4149,#2341,.T.);
#4945=EDGE_CURVE('',#4148,#4150,#389,.T.);
#4946=EDGE_CURVE('',#4151,#4152,#2342,.T.);
#4947=EDGE_CURVE('',#4153,#4151,#390,.T.);
#4948=EDGE_CURVE('',#4154,#4153,#2343,.T.);
#4949=EDGE_CURVE('',#4152,#4154,#391,.T.);
#4950=EDGE_CURVE('',#4007,#4155,#2344,.T.);
#4951=EDGE_CURVE('',#4010,#4155,#2345,.T.);
#4952=EDGE_CURVE('',#4155,#4156,#3992,.T.);
#4953=EDGE_CURVE('',#4156,#4011,#2346,.T.);
#4954=EDGE_CURVE('',#4014,#4157,#2347,.T.);
#4955=EDGE_CURVE('',#4157,#4158,#3993,.T.);
#4956=EDGE_CURVE('',#4158,#4015,#2348,.T.);
#4957=EDGE_CURVE('',#4158,#4159,#2349,.T.);
#4958=EDGE_CURVE('',#4016,#4159,#2350,.T.);
#4959=EDGE_CURVE('',#4159,#4160,#3994,.T.);
#4960=EDGE_CURVE('',#4160,#4017,#2351,.T.);
#4961=EDGE_CURVE('',#4020,#4161,#2352,.T.);
#4962=EDGE_CURVE('',#4161,#4162,#3995,.T.);
#4963=EDGE_CURVE('',#4162,#4021,#2353,.T.);
#4964=EDGE_CURVE('',#4162,#4163,#2354,.T.);
#4965=EDGE_CURVE('',#4022,#4163,#2355,.T.);
#4966=EDGE_CURVE('',#4163,#4164,#3996,.T.);
#4967=EDGE_CURVE('',#4164,#4023,#2356,.T.);
#4968=EDGE_CURVE('',#4026,#4165,#2357,.T.);
#4969=EDGE_CURVE('',#4165,#4003,#3997,.T.);
#4970=EDGE_CURVE('',#4025,#4166,#2358,.T.);
#4971=EDGE_CURVE('',#4166,#4165,#2359,.T.);
#4972=EDGE_CURVE('',#4167,#4168,#2360,.T.);
#4973=EDGE_CURVE('',#4168,#4169,#2361,.T.);
#4974=EDGE_CURVE('',#4169,#4170,#2362,.T.);
#4975=EDGE_CURVE('',#4170,#4167,#2363,.T.);
#4976=EDGE_CURVE('',#4171,#4172,#2364,.T.);
#4977=EDGE_CURVE('',#4172,#4168,#392,.T.);
#4978=EDGE_CURVE('',#4167,#4171,#393,.T.);
#4979=EDGE_CURVE('',#4173,#4174,#2365,.T.);
#4980=EDGE_CURVE('',#4174,#4172,#2366,.T.);
#4981=EDGE_CURVE('',#4171,#4173,#2367,.T.);
#4982=EDGE_CURVE('',#4175,#4176,#2368,.T.);
#4983=EDGE_CURVE('',#4176,#4174,#394,.T.);
#4984=EDGE_CURVE('',#4173,#4175,#395,.T.);
#4985=EDGE_CURVE('',#4177,#4178,#2369,.T.);
#4986=EDGE_CURVE('',#4178,#4176,#2370,.T.);
#4987=EDGE_CURVE('',#4175,#4177,#2371,.T.);
#4988=EDGE_CURVE('',#4179,#4180,#2372,.T.);
#4989=EDGE_CURVE('',#4180,#4178,#396,.T.);
#4990=EDGE_CURVE('',#4177,#4179,#397,.T.);
#4991=EDGE_CURVE('',#4181,#4182,#2373,.T.);
#4992=EDGE_CURVE('',#4182,#4180,#2374,.T.);
#4993=EDGE_CURVE('',#4179,#4181,#2375,.T.);
#4994=EDGE_CURVE('',#4169,#4182,#398,.T.);
#4995=EDGE_CURVE('',#4181,#4170,#399,.T.);
#4996=EDGE_CURVE('',#4173,#4183,#2376,.T.);
#4997=EDGE_CURVE('',#4184,#4183,#400,.T.);
#4998=EDGE_CURVE('',#4175,#4184,#2377,.T.);
#4999=EDGE_CURVE('',#4171,#4185,#2378,.T.);
#5000=EDGE_CURVE('',#4183,#4185,#2379,.T.);
#5001=EDGE_CURVE('',#4167,#4186,#2380,.T.);
#5002=EDGE_CURVE('',#4185,#4186,#401,.T.);
#5003=EDGE_CURVE('',#4170,#4187,#2381,.T.);
#5004=EDGE_CURVE('',#4186,#4187,#2382,.T.);
#5005=EDGE_CURVE('',#4188,#4189,#402,.T.);
#5006=EDGE_CURVE('',#4190,#4188,#403,.T.);
#5007=EDGE_CURVE('',#4191,#4190,#404,.T.);
#5008=EDGE_CURVE('',#4192,#4191,#405,.T.);
#5009=EDGE_CURVE('',#4193,#4192,#406,.T.);
#5010=EDGE_CURVE('',#4194,#4193,#407,.T.);
#5011=EDGE_CURVE('',#4195,#4194,#408,.T.);
#5012=EDGE_CURVE('',#4189,#4195,#409,.T.);
#5013=EDGE_CURVE('',#4196,#4197,#410,.T.);
#5014=EDGE_CURVE('',#4198,#4196,#411,.T.);
#5015=EDGE_CURVE('',#4199,#4198,#412,.T.);
#5016=EDGE_CURVE('',#4200,#4199,#413,.T.);
#5017=EDGE_CURVE('',#4201,#4200,#414,.T.);
#5018=EDGE_CURVE('',#4202,#4201,#415,.T.);
#5019=EDGE_CURVE('',#4203,#4202,#416,.T.);
#5020=EDGE_CURVE('',#4197,#4203,#417,.T.);
#5021=EDGE_CURVE('',#4204,#4006,#2383,.T.);
#5022=EDGE_CURVE('',#4205,#4204,#418,.T.);
#5023=EDGE_CURVE('',#4001,#4205,#2384,.T.);
#5024=EDGE_CURVE('',#4206,#4166,#419,.T.);
#5025=EDGE_CURVE('',#4164,#4206,#2385,.T.);
#5026=EDGE_CURVE('',#4207,#4161,#2386,.T.);
#5027=EDGE_CURVE('',#4208,#4207,#420,.T.);
#5028=EDGE_CURVE('',#4160,#4208,#2387,.T.);
#5029=EDGE_CURVE('',#4209,#4157,#2388,.T.);
#5030=EDGE_CURVE('',#4210,#4209,#421,.T.);
#5031=EDGE_CURVE('',#4156,#4210,#2389,.T.);
#5032=EDGE_CURVE('',#4211,#4212,#422,.T.);
#5033=EDGE_CURVE('',#4213,#4211,#423,.T.);
#5034=EDGE_CURVE('',#4214,#4213,#424,.T.);
#5035=EDGE_CURVE('',#4215,#4214,#425,.T.);
#5036=EDGE_CURVE('',#4216,#4215,#426,.T.);
#5037=EDGE_CURVE('',#4217,#4216,#427,.T.);
#5038=EDGE_CURVE('',#4218,#4217,#428,.T.);
#5039=EDGE_CURVE('',#4212,#4218,#429,.T.);
#5040=EDGE_CURVE('',#4219,#4220,#430,.T.);
#5041=EDGE_CURVE('',#4221,#4219,#431,.T.);
#5042=EDGE_CURVE('',#4222,#4221,#432,.T.);
#5043=EDGE_CURVE('',#4223,#4222,#433,.T.);
#5044=EDGE_CURVE('',#4224,#4223,#434,.T.);
#5045=EDGE_CURVE('',#4225,#4224,#435,.T.);
#5046=EDGE_CURVE('',#4226,#4225,#436,.T.);
#5047=EDGE_CURVE('',#4220,#4226,#437,.T.);
#5048=EDGE_CURVE('',#4187,#4227,#2390,.T.);
#5049=EDGE_CURVE('',#4227,#4228,#2391,.T.);
#5050=EDGE_CURVE('',#4228,#4186,#2392,.T.);
#5051=EDGE_CURVE('',#4229,#4230,#2393,.T.);
#5052=EDGE_CURVE('',#4230,#4227,#438,.T.);
#5053=EDGE_CURVE('',#4187,#4229,#439,.T.);
#5054=EDGE_CURVE('',#4231,#4232,#2394,.T.);
#5055=EDGE_CURVE('',#4232,#4230,#2395,.T.);
#5056=EDGE_CURVE('',#4229,#4231,#2396,.T.);
#5057=EDGE_CURVE('',#4233,#4234,#2397,.T.);
#5058=EDGE_CURVE('',#4234,#4232,#440,.T.);
#5059=EDGE_CURVE('',#4231,#4233,#441,.T.);
#5060=EDGE_CURVE('',#4184,#4235,#2398,.T.);
#5061=EDGE_CURVE('',#4235,#4234,#2399,.T.);
#5062=EDGE_CURVE('',#4233,#4184,#2400,.T.);
#5063=EDGE_CURVE('',#4183,#4236,#2401,.T.);
#5064=EDGE_CURVE('',#4236,#4235,#442,.T.);
#5065=EDGE_CURVE('',#4185,#4237,#2402,.T.);
#5066=EDGE_CURVE('',#4237,#4236,#2403,.T.);
#5067=EDGE_CURVE('',#4228,#4237,#443,.T.);
#5068=EDGE_CURVE('',#4177,#4233,#2404,.T.);
#5069=EDGE_CURVE('',#4179,#4231,#2405,.T.);
#5070=EDGE_CURVE('',#4181,#4229,#2406,.T.);
#5071=EDGE_CURVE('',#4238,#4238,#444,.T.);
#5072=EDGE_CURVE('',#4239,#4239,#445,.T.);
#5073=EDGE_CURVE('',#4240,#4241,#2407,.T.);
#5074=EDGE_CURVE('',#4242,#4240,#446,.T.);
#5075=EDGE_CURVE('',#4243,#4242,#2408,.T.);
#5076=EDGE_CURVE('',#4241,#4243,#447,.T.);
#5077=EDGE_CURVE('',#4244,#4245,#448,.T.);
#5078=EDGE_CURVE('',#4246,#4244,#2409,.T.);
#5079=EDGE_CURVE('',#4247,#4246,#449,.T.);
#5080=EDGE_CURVE('',#4245,#4247,#2410,.T.);
#5081=EDGE_CURVE('',#4248,#4249,#450,.T.);
#5082=EDGE_CURVE('',#4250,#4248,#2411,.T.);
#5083=EDGE_CURVE('',#4251,#4250,#451,.T.);
#5084=EDGE_CURVE('',#4249,#4251,#2412,.T.);
#5085=EDGE_CURVE('',#4252,#4253,#452,.T.);
#5086=EDGE_CURVE('',#4254,#4252,#2413,.T.);
#5087=EDGE_CURVE('',#4255,#4254,#453,.T.);
#5088=EDGE_CURVE('',#4253,#4255,#2414,.T.);
#5089=EDGE_CURVE('',#4256,#4257,#454,.T.);
#5090=EDGE_CURVE('',#4258,#4256,#2415,.T.);
#5091=EDGE_CURVE('',#4259,#4258,#455,.T.);
#5092=EDGE_CURVE('',#4257,#4259,#2416,.T.);
#5093=EDGE_CURVE('',#4260,#4261,#456,.T.);
#5094=EDGE_CURVE('',#4262,#4260,#2417,.T.);
#5095=EDGE_CURVE('',#4263,#4262,#457,.T.);
#5096=EDGE_CURVE('',#4261,#4263,#2418,.T.);
#5097=EDGE_CURVE('',#4264,#4265,#458,.T.);
#5098=EDGE_CURVE('',#4266,#4264,#2419,.T.);
#5099=EDGE_CURVE('',#4267,#4266,#459,.T.);
#5100=EDGE_CURVE('',#4265,#4267,#2420,.T.);
#5101=EDGE_CURVE('',#4268,#4269,#460,.T.);
#5102=EDGE_CURVE('',#4270,#4268,#2421,.T.);
#5103=EDGE_CURVE('',#4271,#4270,#461,.T.);
#5104=EDGE_CURVE('',#4269,#4271,#2422,.T.);
#5105=EDGE_CURVE('',#4272,#4273,#462,.T.);
#5106=EDGE_CURVE('',#4274,#4272,#2423,.T.);
#5107=EDGE_CURVE('',#4275,#4274,#463,.T.);
#5108=EDGE_CURVE('',#4273,#4275,#2424,.T.);
#5109=EDGE_CURVE('',#4276,#4277,#464,.T.);
#5110=EDGE_CURVE('',#4278,#4276,#2425,.T.);
#5111=EDGE_CURVE('',#4279,#4278,#465,.T.);
#5112=EDGE_CURVE('',#4277,#4279,#2426,.T.);
#5113=EDGE_CURVE('',#4280,#4281,#466,.T.);
#5114=EDGE_CURVE('',#4282,#4280,#2427,.T.);
#5115=EDGE_CURVE('',#4283,#4282,#467,.T.);
#5116=EDGE_CURVE('',#4281,#4283,#2428,.T.);
#5117=EDGE_CURVE('',#4284,#4285,#468,.T.);
#5118=EDGE_CURVE('',#4286,#4284,#2429,.T.);
#5119=EDGE_CURVE('',#4287,#4286,#469,.T.);
#5120=EDGE_CURVE('',#4285,#4287,#2430,.T.);
#5121=EDGE_CURVE('',#4288,#4289,#470,.T.);
#5122=EDGE_CURVE('',#4290,#4288,#2431,.T.);
#5123=EDGE_CURVE('',#4291,#4290,#471,.T.);
#5124=EDGE_CURVE('',#4289,#4291,#2432,.T.);
#5125=EDGE_CURVE('',#4292,#4293,#472,.T.);
#5126=EDGE_CURVE('',#4294,#4292,#2433,.T.);
#5127=EDGE_CURVE('',#4295,#4294,#473,.T.);
#5128=EDGE_CURVE('',#4293,#4295,#2434,.T.);
#5129=EDGE_CURVE('',#4296,#4297,#474,.T.);
#5130=EDGE_CURVE('',#4298,#4296,#2435,.T.);
#5131=EDGE_CURVE('',#4299,#4298,#475,.T.);
#5132=EDGE_CURVE('',#4297,#4299,#2436,.T.);
#5133=EDGE_CURVE('',#4300,#4301,#476,.T.);
#5134=EDGE_CURVE('',#4302,#4300,#2437,.T.);
#5135=EDGE_CURVE('',#4303,#4302,#477,.T.);
#5136=EDGE_CURVE('',#4301,#4303,#2438,.T.);
#5137=EDGE_CURVE('',#4304,#4305,#478,.T.);
#5138=EDGE_CURVE('',#4306,#4304,#2439,.T.);
#5139=EDGE_CURVE('',#4307,#4306,#479,.T.);
#5140=EDGE_CURVE('',#4305,#4307,#2440,.T.);
#5141=EDGE_CURVE('',#4308,#4309,#2441,.T.);
#5142=EDGE_CURVE('',#4310,#4308,#480,.T.);
#5143=EDGE_CURVE('',#4311,#4310,#2442,.T.);
#5144=EDGE_CURVE('',#4309,#4311,#481,.T.);
#5145=EDGE_CURVE('',#4312,#4313,#2443,.T.);
#5146=EDGE_CURVE('',#4314,#4312,#482,.T.);
#5147=EDGE_CURVE('',#4315,#4314,#2444,.T.);
#5148=EDGE_CURVE('',#4313,#4315,#483,.T.);
#5149=EDGE_CURVE('',#4316,#4317,#2445,.T.);
#5150=EDGE_CURVE('',#4318,#4316,#484,.T.);
#5151=EDGE_CURVE('',#4319,#4318,#2446,.T.);
#5152=EDGE_CURVE('',#4317,#4319,#485,.T.);
#5153=EDGE_CURVE('',#4320,#4321,#2447,.T.);
#5154=EDGE_CURVE('',#4322,#4320,#486,.T.);
#5155=EDGE_CURVE('',#4323,#4322,#2448,.T.);
#5156=EDGE_CURVE('',#4321,#4323,#487,.T.);
#5157=EDGE_CURVE('',#4324,#4325,#2449,.T.);
#5158=EDGE_CURVE('',#4326,#4324,#488,.T.);
#5159=EDGE_CURVE('',#4327,#4326,#2450,.T.);
#5160=EDGE_CURVE('',#4325,#4327,#489,.T.);
#5161=EDGE_CURVE('',#4328,#4329,#2451,.T.);
#5162=EDGE_CURVE('',#4330,#4328,#490,.T.);
#5163=EDGE_CURVE('',#4331,#4330,#2452,.T.);
#5164=EDGE_CURVE('',#4329,#4331,#491,.T.);
#5165=EDGE_CURVE('',#4332,#4333,#2453,.T.);
#5166=EDGE_CURVE('',#4334,#4332,#492,.T.);
#5167=EDGE_CURVE('',#4335,#4334,#2454,.T.);
#5168=EDGE_CURVE('',#4333,#4335,#493,.T.);
#5169=EDGE_CURVE('',#4336,#4337,#2455,.T.);
#5170=EDGE_CURVE('',#4338,#4336,#494,.T.);
#5171=EDGE_CURVE('',#4339,#4338,#2456,.T.);
#5172=EDGE_CURVE('',#4337,#4339,#495,.T.);
#5173=EDGE_CURVE('',#4340,#4341,#2457,.T.);
#5174=EDGE_CURVE('',#4342,#4340,#496,.T.);
#5175=EDGE_CURVE('',#4343,#4342,#2458,.T.);
#5176=EDGE_CURVE('',#4341,#4343,#497,.T.);
#5177=EDGE_CURVE('',#4344,#4345,#2459,.T.);
#5178=EDGE_CURVE('',#4346,#4344,#498,.T.);
#5179=EDGE_CURVE('',#4347,#4346,#2460,.T.);
#5180=EDGE_CURVE('',#4345,#4347,#499,.T.);
#5181=EDGE_CURVE('',#4348,#4349,#2461,.T.);
#5182=EDGE_CURVE('',#4350,#4348,#500,.T.);
#5183=EDGE_CURVE('',#4351,#4350,#2462,.T.);
#5184=EDGE_CURVE('',#4349,#4351,#501,.T.);
#5185=EDGE_CURVE('',#4352,#4353,#2463,.T.);
#5186=EDGE_CURVE('',#4354,#4352,#502,.T.);
#5187=EDGE_CURVE('',#4355,#4354,#2464,.T.);
#5188=EDGE_CURVE('',#4353,#4355,#503,.T.);
#5189=EDGE_CURVE('',#4356,#4357,#2465,.T.);
#5190=EDGE_CURVE('',#4358,#4356,#504,.T.);
#5191=EDGE_CURVE('',#4359,#4358,#2466,.T.);
#5192=EDGE_CURVE('',#4357,#4359,#505,.T.);
#5193=EDGE_CURVE('',#4360,#4361,#2467,.T.);
#5194=EDGE_CURVE('',#4362,#4360,#506,.T.);
#5195=EDGE_CURVE('',#4363,#4362,#2468,.T.);
#5196=EDGE_CURVE('',#4361,#4363,#507,.T.);
#5197=EDGE_CURVE('',#4364,#4365,#2469,.T.);
#5198=EDGE_CURVE('',#4366,#4364,#508,.T.);
#5199=EDGE_CURVE('',#4367,#4366,#2470,.T.);
#5200=EDGE_CURVE('',#4365,#4367,#509,.T.);
#5201=EDGE_CURVE('',#4368,#4368,#510,.T.);
#5202=EDGE_CURVE('',#4369,#4369,#511,.T.);
#5203=EDGE_CURVE('',#4189,#4370,#2471,.T.);
#5204=EDGE_CURVE('',#4370,#4371,#512,.T.);
#5205=EDGE_CURVE('',#4371,#4188,#2472,.T.);
#5206=EDGE_CURVE('',#4372,#4189,#2473,.T.);
#5207=EDGE_CURVE('',#4195,#4373,#2474,.T.);
#5208=EDGE_CURVE('',#4373,#4372,#513,.T.);
#5209=EDGE_CURVE('',#4194,#4374,#2475,.T.);
#5210=EDGE_CURVE('',#4374,#4375,#514,.T.);
#5211=EDGE_CURVE('',#4375,#4195,#2476,.T.);
#5212=EDGE_CURVE('',#4376,#4194,#2477,.T.);
#5213=EDGE_CURVE('',#4193,#4377,#2478,.T.);
#5214=EDGE_CURVE('',#4377,#4376,#515,.T.);
#5215=EDGE_CURVE('',#4192,#4378,#2479,.T.);
#5216=EDGE_CURVE('',#4378,#4379,#516,.T.);
#5217=EDGE_CURVE('',#4379,#4193,#2480,.T.);
#5218=EDGE_CURVE('',#4380,#4192,#2481,.T.);
#5219=EDGE_CURVE('',#4191,#4381,#2482,.T.);
#5220=EDGE_CURVE('',#4381,#4380,#517,.T.);
#5221=EDGE_CURVE('',#4190,#4382,#2483,.T.);
#5222=EDGE_CURVE('',#4382,#4383,#518,.T.);
#5223=EDGE_CURVE('',#4383,#4191,#2484,.T.);
#5224=EDGE_CURVE('',#4384,#4190,#2485,.T.);
#5225=EDGE_CURVE('',#4188,#4385,#2486,.T.);
#5226=EDGE_CURVE('',#4385,#4384,#519,.T.);
#5227=EDGE_CURVE('',#4384,#4382,#520,.T.);
#5228=EDGE_CURVE('',#4383,#4381,#521,.T.);
#5229=EDGE_CURVE('',#4380,#4378,#522,.T.);
#5230=EDGE_CURVE('',#4379,#4377,#523,.T.);
#5231=EDGE_CURVE('',#4376,#4374,#524,.T.);
#5232=EDGE_CURVE('',#4375,#4373,#525,.T.);
#5233=EDGE_CURVE('',#4372,#4370,#526,.T.);
#5234=EDGE_CURVE('',#4371,#4385,#527,.T.);
#5235=EDGE_CURVE('',#4379,#4386,#2487,.T.);
#5236=EDGE_CURVE('',#4386,#4387,#528,.F.);
#5237=EDGE_CURVE('',#4387,#4388,#15,.T.);
#5238=EDGE_CURVE('',#4377,#4388,#2488,.T.);
#5239=EDGE_CURVE('',#4389,#4378,#2489,.T.);
#5240=EDGE_CURVE('',#4386,#4389,#529,.T.);
#5241=EDGE_CURVE('',#4390,#4380,#2490,.T.);
#5242=EDGE_CURVE('',#4390,#4391,#16,.T.);
#5243=EDGE_CURVE('',#4389,#4391,#530,.T.);
#5244=EDGE_CURVE('',#4383,#4392,#2491,.T.);
#5245=EDGE_CURVE('',#4392,#4393,#531,.F.);
#5246=EDGE_CURVE('',#4393,#4394,#17,.T.);
#5247=EDGE_CURVE('',#4381,#4394,#2492,.T.);
#5248=EDGE_CURVE('',#4395,#4382,#2493,.T.);
#5249=EDGE_CURVE('',#4392,#4395,#532,.T.);
#5250=EDGE_CURVE('',#4396,#4384,#2494,.T.);
#5251=EDGE_CURVE('',#4396,#4397,#18,.T.);
#5252=EDGE_CURVE('',#4395,#4397,#533,.T.);
#5253=EDGE_CURVE('',#4238,#4398,#2495,.T.);
#5254=EDGE_CURVE('',#4399,#4398,#534,.T.);
#5255=EDGE_CURVE('',#4400,#4399,#19,.T.);
#5256=EDGE_CURVE('',#4400,#4401,#535,.T.);
#5257=EDGE_CURVE('',#4402,#4401,#20,.T.);
#5258=EDGE_CURVE('',#4403,#4402,#536,.T.);
#5259=EDGE_CURVE('',#4404,#4403,#21,.T.);
#5260=EDGE_CURVE('',#4404,#4388,#537,.T.);
#5261=EDGE_CURVE('',#4391,#4387,#538,.T.);
#5262=EDGE_CURVE('',#4390,#4394,#539,.T.);
#5263=EDGE_CURVE('',#4397,#4393,#540,.T.);
#5264=EDGE_CURVE('',#4396,#4405,#541,.T.);
#5265=EDGE_CURVE('',#4406,#4405,#22,.T.);
#5266=EDGE_CURVE('',#4398,#4406,#542,.T.);
#5267=EDGE_CURVE('',#4371,#4407,#2496,.T.);
#5268=EDGE_CURVE('',#4407,#4406,#543,.F.);
#5269=EDGE_CURVE('',#4385,#4405,#2497,.T.);
#5270=EDGE_CURVE('',#4408,#4370,#2498,.T.);
#5271=EDGE_CURVE('',#4407,#4408,#544,.T.);
#5272=EDGE_CURVE('',#4400,#4372,#2499,.T.);
#5273=EDGE_CURVE('',#4408,#4399,#545,.T.);
#5274=EDGE_CURVE('',#4375,#4409,#2500,.T.);
#5275=EDGE_CURVE('',#4409,#4402,#546,.F.);
#5276=EDGE_CURVE('',#4373,#4401,#2501,.T.);
#5277=EDGE_CURVE('',#4410,#4374,#2502,.T.);
#5278=EDGE_CURVE('',#4409,#4410,#547,.T.);
#5279=EDGE_CURVE('',#4404,#4376,#2503,.T.);
#5280=EDGE_CURVE('',#4410,#4403,#548,.T.);
#5281=EDGE_CURVE('',#4220,#4411,#2504,.T.);
#5282=EDGE_CURVE('',#4411,#4412,#549,.T.);
#5283=EDGE_CURVE('',#4412,#4219,#2505,.T.);
#5284=EDGE_CURVE('',#4413,#4220,#2506,.T.);
#5285=EDGE_CURVE('',#4226,#4414,#2507,.T.);
#5286=EDGE_CURVE('',#4414,#4413,#550,.T.);
#5287=EDGE_CURVE('',#4225,#4415,#2508,.T.);
#5288=EDGE_CURVE('',#4415,#4416,#551,.T.);
#5289=EDGE_CURVE('',#4416,#4226,#2509,.T.);
#5290=EDGE_CURVE('',#4417,#4225,#2510,.T.);
#5291=EDGE_CURVE('',#4224,#4418,#2511,.T.);
#5292=EDGE_CURVE('',#4418,#4417,#552,.T.);
#5293=EDGE_CURVE('',#4223,#4419,#2512,.T.);
#5294=EDGE_CURVE('',#4419,#4420,#553,.T.);
#5295=EDGE_CURVE('',#4420,#4224,#2513,.T.);
#5296=EDGE_CURVE('',#4421,#4223,#2514,.T.);
#5297=EDGE_CURVE('',#4222,#4422,#2515,.T.);
#5298=EDGE_CURVE('',#4422,#4421,#554,.T.);
#5299=EDGE_CURVE('',#4221,#4423,#2516,.T.);
#5300=EDGE_CURVE('',#4423,#4424,#555,.T.);
#5301=EDGE_CURVE('',#4424,#4222,#2517,.T.);
#5302=EDGE_CURVE('',#4425,#4221,#2518,.T.);
#5303=EDGE_CURVE('',#4219,#4426,#2519,.T.);
#5304=EDGE_CURVE('',#4426,#4425,#556,.T.);
#5305=EDGE_CURVE('',#4425,#4423,#557,.T.);
#5306=EDGE_CURVE('',#4424,#4422,#558,.T.);
#5307=EDGE_CURVE('',#4421,#4419,#559,.T.);
#5308=EDGE_CURVE('',#4420,#4418,#560,.T.);
#5309=EDGE_CURVE('',#4417,#4415,#561,.T.);
#5310=EDGE_CURVE('',#4416,#4414,#562,.T.);
#5311=EDGE_CURVE('',#4413,#4411,#563,.T.);
#5312=EDGE_CURVE('',#4412,#4426,#564,.T.);
#5313=EDGE_CURVE('',#4420,#4427,#2520,.T.);
#5314=EDGE_CURVE('',#4427,#4428,#565,.F.);
#5315=EDGE_CURVE('',#4428,#4429,#23,.T.);
#5316=EDGE_CURVE('',#4418,#4429,#2521,.T.);
#5317=EDGE_CURVE('',#4430,#4419,#2522,.T.);
#5318=EDGE_CURVE('',#4427,#4430,#566,.T.);
#5319=EDGE_CURVE('',#4431,#4421,#2523,.T.);
#5320=EDGE_CURVE('',#4431,#4432,#24,.T.);
#5321=EDGE_CURVE('',#4430,#4432,#567,.T.);
#5322=EDGE_CURVE('',#4424,#4433,#2524,.T.);
#5323=EDGE_CURVE('',#4433,#4434,#568,.F.);
#5324=EDGE_CURVE('',#4434,#4435,#25,.T.);
#5325=EDGE_CURVE('',#4422,#4435,#2525,.T.);
#5326=EDGE_CURVE('',#4436,#4423,#2526,.T.);
#5327=EDGE_CURVE('',#4433,#4436,#569,.T.);
#5328=EDGE_CURVE('',#4437,#4425,#2527,.T.);
#5329=EDGE_CURVE('',#4437,#4438,#26,.T.);
#5330=EDGE_CURVE('',#4436,#4438,#570,.T.);
#5331=EDGE_CURVE('',#4369,#4439,#2528,.T.);
#5332=EDGE_CURVE('',#4440,#4439,#571,.T.);
#5333=EDGE_CURVE('',#4441,#4440,#27,.T.);
#5334=EDGE_CURVE('',#4441,#4442,#572,.T.);
#5335=EDGE_CURVE('',#4443,#4442,#28,.T.);
#5336=EDGE_CURVE('',#4444,#4443,#573,.T.);
#5337=EDGE_CURVE('',#4445,#4444,#29,.T.);
#5338=EDGE_CURVE('',#4445,#4429,#574,.T.);
#5339=EDGE_CURVE('',#4432,#4428,#575,.T.);
#5340=EDGE_CURVE('',#4431,#4435,#576,.T.);
#5341=EDGE_CURVE('',#4438,#4434,#577,.T.);
#5342=EDGE_CURVE('',#4437,#4446,#578,.T.);
#5343=EDGE_CURVE('',#4447,#4446,#30,.T.);
#5344=EDGE_CURVE('',#4439,#4447,#579,.T.);
#5345=EDGE_CURVE('',#4412,#4448,#2529,.T.);
#5346=EDGE_CURVE('',#4448,#4447,#580,.F.);
#5347=EDGE_CURVE('',#4426,#4446,#2530,.T.);
#5348=EDGE_CURVE('',#4449,#4411,#2531,.T.);
#5349=EDGE_CURVE('',#4448,#4449,#581,.T.);
#5350=EDGE_CURVE('',#4441,#4413,#2532,.T.);
#5351=EDGE_CURVE('',#4449,#4440,#582,.T.);
#5352=EDGE_CURVE('',#4416,#4450,#2533,.T.);
#5353=EDGE_CURVE('',#4450,#4443,#583,.F.);
#5354=EDGE_CURVE('',#4414,#4442,#2534,.T.);
#5355=EDGE_CURVE('',#4451,#4415,#2535,.T.);
#5356=EDGE_CURVE('',#4450,#4451,#584,.T.);
#5357=EDGE_CURVE('',#4445,#4417,#2536,.T.);
#5358=EDGE_CURVE('',#4451,#4444,#585,.T.);
#5359=EDGE_CURVE('',#4197,#4452,#2537,.T.);
#5360=EDGE_CURVE('',#4452,#4453,#586,.T.);
#5361=EDGE_CURVE('',#4453,#4196,#2538,.T.);
#5362=EDGE_CURVE('',#4454,#4197,#2539,.T.);
#5363=EDGE_CURVE('',#4203,#4455,#2540,.T.);
#5364=EDGE_CURVE('',#4455,#4454,#587,.T.);
#5365=EDGE_CURVE('',#4202,#4456,#2541,.T.);
#5366=EDGE_CURVE('',#4456,#4457,#588,.T.);
#5367=EDGE_CURVE('',#4457,#4203,#2542,.T.);
#5368=EDGE_CURVE('',#4458,#4202,#2543,.T.);
#5369=EDGE_CURVE('',#4201,#4459,#2544,.T.);
#5370=EDGE_CURVE('',#4459,#4458,#589,.T.);
#5371=EDGE_CURVE('',#4200,#4460,#2545,.T.);
#5372=EDGE_CURVE('',#4460,#4461,#590,.T.);
#5373=EDGE_CURVE('',#4461,#4201,#2546,.T.);
#5374=EDGE_CURVE('',#4462,#4200,#2547,.T.);
#5375=EDGE_CURVE('',#4199,#4463,#2548,.T.);
#5376=EDGE_CURVE('',#4463,#4462,#591,.T.);
#5377=EDGE_CURVE('',#4198,#4464,#2549,.T.);
#5378=EDGE_CURVE('',#4464,#4465,#592,.T.);
#5379=EDGE_CURVE('',#4465,#4199,#2550,.T.);
#5380=EDGE_CURVE('',#4466,#4198,#2551,.T.);
#5381=EDGE_CURVE('',#4196,#4467,#2552,.T.);
#5382=EDGE_CURVE('',#4467,#4466,#593,.T.);
#5383=EDGE_CURVE('',#4466,#4464,#594,.T.);
#5384=EDGE_CURVE('',#4465,#4463,#595,.T.);
#5385=EDGE_CURVE('',#4462,#4460,#596,.T.);
#5386=EDGE_CURVE('',#4461,#4459,#597,.T.);
#5387=EDGE_CURVE('',#4458,#4456,#598,.T.);
#5388=EDGE_CURVE('',#4457,#4455,#599,.T.);
#5389=EDGE_CURVE('',#4454,#4452,#600,.T.);
#5390=EDGE_CURVE('',#4453,#4467,#601,.T.);
#5391=EDGE_CURVE('',#4461,#4468,#2553,.T.);
#5392=EDGE_CURVE('',#4468,#4469,#602,.F.);
#5393=EDGE_CURVE('',#4469,#4470,#31,.T.);
#5394=EDGE_CURVE('',#4459,#4470,#2554,.T.);
#5395=EDGE_CURVE('',#4471,#4460,#2555,.T.);
#5396=EDGE_CURVE('',#4468,#4471,#603,.T.);
#5397=EDGE_CURVE('',#4472,#4462,#2556,.T.);
#5398=EDGE_CURVE('',#4472,#4473,#32,.T.);
#5399=EDGE_CURVE('',#4471,#4473,#604,.T.);
#5400=EDGE_CURVE('',#4465,#4474,#2557,.T.);
#5401=EDGE_CURVE('',#4474,#4475,#605,.F.);
#5402=EDGE_CURVE('',#4475,#4476,#33,.T.);
#5403=EDGE_CURVE('',#4463,#4476,#2558,.T.);
#5404=EDGE_CURVE('',#4477,#4464,#2559,.T.);
#5405=EDGE_CURVE('',#4474,#4477,#606,.T.);
#5406=EDGE_CURVE('',#4478,#4466,#2560,.T.);
#5407=EDGE_CURVE('',#4478,#4479,#34,.T.);
#5408=EDGE_CURVE('',#4477,#4479,#607,.T.);
#5409=EDGE_CURVE('',#4239,#4480,#2561,.T.);
#5410=EDGE_CURVE('',#4481,#4480,#608,.T.);
#5411=EDGE_CURVE('',#4482,#4481,#35,.T.);
#5412=EDGE_CURVE('',#4482,#4483,#609,.T.);
#5413=EDGE_CURVE('',#4484,#4483,#36,.T.);
#5414=EDGE_CURVE('',#4485,#4484,#610,.T.);
#5415=EDGE_CURVE('',#4486,#4485,#37,.T.);
#5416=EDGE_CURVE('',#4486,#4470,#611,.T.);
#5417=EDGE_CURVE('',#4473,#4469,#612,.T.);
#5418=EDGE_CURVE('',#4472,#4476,#613,.T.);
#5419=EDGE_CURVE('',#4479,#4475,#614,.T.);
#5420=EDGE_CURVE('',#4478,#4487,#615,.T.);
#5421=EDGE_CURVE('',#4488,#4487,#38,.T.);
#5422=EDGE_CURVE('',#4480,#4488,#616,.T.);
#5423=EDGE_CURVE('',#4453,#4489,#2562,.T.);
#5424=EDGE_CURVE('',#4489,#4488,#617,.F.);
#5425=EDGE_CURVE('',#4467,#4487,#2563,.T.);
#5426=EDGE_CURVE('',#4490,#4452,#2564,.T.);
#5427=EDGE_CURVE('',#4489,#4490,#618,.T.);
#5428=EDGE_CURVE('',#4482,#4454,#2565,.T.);
#5429=EDGE_CURVE('',#4490,#4481,#619,.T.);
#5430=EDGE_CURVE('',#4457,#4491,#2566,.T.);
#5431=EDGE_CURVE('',#4491,#4484,#620,.F.);
#5432=EDGE_CURVE('',#4455,#4483,#2567,.T.);
#5433=EDGE_CURVE('',#4492,#4456,#2568,.T.);
#5434=EDGE_CURVE('',#4491,#4492,#621,.T.);
#5435=EDGE_CURVE('',#4486,#4458,#2569,.T.);
#5436=EDGE_CURVE('',#4492,#4485,#622,.T.);
#5437=EDGE_CURVE('',#4212,#4493,#2570,.T.);
#5438=EDGE_CURVE('',#4493,#4494,#623,.T.);
#5439=EDGE_CURVE('',#4494,#4211,#2571,.T.);
#5440=EDGE_CURVE('',#4495,#4212,#2572,.T.);
#5441=EDGE_CURVE('',#4218,#4496,#2573,.T.);
#5442=EDGE_CURVE('',#4496,#4495,#624,.T.);
#5443=EDGE_CURVE('',#4217,#4497,#2574,.T.);
#5444=EDGE_CURVE('',#4497,#4498,#625,.T.);
#5445=EDGE_CURVE('',#4498,#4218,#2575,.T.);
#5446=EDGE_CURVE('',#4499,#4217,#2576,.T.);
#5447=EDGE_CURVE('',#4216,#4500,#2577,.T.);
#5448=EDGE_CURVE('',#4500,#4499,#626,.T.);
#5449=EDGE_CURVE('',#4215,#4501,#2578,.T.);
#5450=EDGE_CURVE('',#4501,#4502,#627,.T.);
#5451=EDGE_CURVE('',#4502,#4216,#2579,.T.);
#5452=EDGE_CURVE('',#4503,#4215,#2580,.T.);
#5453=EDGE_CURVE('',#4214,#4504,#2581,.T.);
#5454=EDGE_CURVE('',#4504,#4503,#628,.T.);
#5455=EDGE_CURVE('',#4213,#4505,#2582,.T.);
#5456=EDGE_CURVE('',#4505,#4506,#629,.T.);
#5457=EDGE_CURVE('',#4506,#4214,#2583,.T.);
#5458=EDGE_CURVE('',#4507,#4213,#2584,.T.);
#5459=EDGE_CURVE('',#4211,#4508,#2585,.T.);
#5460=EDGE_CURVE('',#4508,#4507,#630,.T.);
#5461=EDGE_CURVE('',#4507,#4505,#631,.T.);
#5462=EDGE_CURVE('',#4506,#4504,#632,.T.);
#5463=EDGE_CURVE('',#4503,#4501,#633,.T.);
#5464=EDGE_CURVE('',#4502,#4500,#634,.T.);
#5465=EDGE_CURVE('',#4499,#4497,#635,.T.);
#5466=EDGE_CURVE('',#4498,#4496,#636,.T.);
#5467=EDGE_CURVE('',#4495,#4493,#637,.T.);
#5468=EDGE_CURVE('',#4494,#4508,#638,.T.);
#5469=EDGE_CURVE('',#4502,#4509,#2586,.T.);
#5470=EDGE_CURVE('',#4509,#4510,#639,.F.);
#5471=EDGE_CURVE('',#4510,#4511,#39,.T.);
#5472=EDGE_CURVE('',#4511,#4500,#2587,.T.);
#5473=EDGE_CURVE('',#4512,#4501,#2588,.T.);
#5474=EDGE_CURVE('',#4509,#4512,#640,.T.);
#5475=EDGE_CURVE('',#4503,#4513,#2589,.T.);
#5476=EDGE_CURVE('',#4513,#4514,#40,.T.);
#5477=EDGE_CURVE('',#4512,#4514,#641,.T.);
#5478=EDGE_CURVE('',#4515,#4504,#2590,.T.);
#5479=EDGE_CURVE('',#4513,#4515,#642,.T.);
#5480=EDGE_CURVE('',#4506,#4516,#2591,.T.);
#5481=EDGE_CURVE('',#4516,#4517,#643,.F.);
#5482=EDGE_CURVE('',#4517,#4515,#41,.T.);
#5483=EDGE_CURVE('',#4518,#4505,#2592,.T.);
#5484=EDGE_CURVE('',#4516,#4518,#644,.T.);
#5485=EDGE_CURVE('',#4507,#4519,#2593,.T.);
#5486=EDGE_CURVE('',#4519,#4520,#42,.T.);
#5487=EDGE_CURVE('',#4518,#4520,#645,.T.);
#5488=EDGE_CURVE('',#4521,#4508,#2594,.T.);
#5489=EDGE_CURVE('',#4519,#4521,#646,.T.);
#5490=EDGE_CURVE('',#4368,#4522,#2595,.T.);
#5491=EDGE_CURVE('',#4523,#4522,#647,.T.);
#5492=EDGE_CURVE('',#4524,#4523,#43,.T.);
#5493=EDGE_CURVE('',#4524,#4525,#648,.T.);
#5494=EDGE_CURVE('',#4526,#4525,#44,.T.);
#5495=EDGE_CURVE('',#4527,#4526,#649,.T.);
#5496=EDGE_CURVE('',#4528,#4527,#45,.T.);
#5497=EDGE_CURVE('',#4528,#4511,#650,.T.);
#5498=EDGE_CURVE('',#4514,#4510,#651,.T.);
#5499=EDGE_CURVE('',#4520,#4517,#652,.T.);
#5500=EDGE_CURVE('',#4529,#4521,#46,.T.);
#5501=EDGE_CURVE('',#4522,#4529,#653,.T.);
#5502=EDGE_CURVE('',#4494,#4530,#2596,.T.);
#5503=EDGE_CURVE('',#4530,#4529,#654,.F.);
#5504=EDGE_CURVE('',#4531,#4493,#2597,.T.);
#5505=EDGE_CURVE('',#4530,#4531,#655,.T.);
#5506=EDGE_CURVE('',#4495,#4524,#2598,.T.);
#5507=EDGE_CURVE('',#4531,#4523,#656,.T.);
#5508=EDGE_CURVE('',#4525,#4496,#2599,.T.);
#5509=EDGE_CURVE('',#4498,#4532,#2600,.T.);
#5510=EDGE_CURVE('',#4532,#4526,#657,.F.);
#5511=EDGE_CURVE('',#4533,#4497,#2601,.T.);
#5512=EDGE_CURVE('',#4532,#4533,#658,.T.);
#5513=EDGE_CURVE('',#4499,#4528,#2602,.T.);
#5514=EDGE_CURVE('',#4533,#4527,#659,.T.);
#5515=EDGE_CURVE('',#4012,#4210,#2603,.T.);
#5516=EDGE_CURVE('',#4013,#4209,#2604,.T.);
#5517=EDGE_CURVE('',#4024,#4206,#2605,.T.);
#5518=EDGE_CURVE('',#4009,#4204,#2606,.T.);
#5519=EDGE_CURVE('',#4008,#4205,#2607,.T.);
#5520=EDGE_CURVE('',#4018,#4208,#2608,.T.);
#5521=EDGE_CURVE('',#4019,#4207,#2609,.T.);
#5522=EDGE_CURVE('',#4534,#4240,#2610,.T.);
#5523=EDGE_CURVE('',#4241,#4535,#2611,.T.);
#5524=EDGE_CURVE('',#4535,#4534,#2612,.T.);
#5525=EDGE_CURVE('',#4536,#4242,#2613,.T.);
#5526=EDGE_CURVE('',#4534,#4536,#660,.T.);
#5527=EDGE_CURVE('',#4537,#4243,#2614,.T.);
#5528=EDGE_CURVE('',#4536,#4537,#2615,.T.);
#5529=EDGE_CURVE('',#4537,#4535,#661,.T.);
#5530=EDGE_CURVE('',#4538,#4534,#2616,.T.);
#5531=EDGE_CURVE('',#4539,#4538,#662,.T.);
#5532=EDGE_CURVE('',#4539,#4536,#2617,.T.);
#5533=EDGE_CURVE('',#4540,#4535,#2618,.T.);
#5534=EDGE_CURVE('',#4538,#4540,#2619,.T.);
#5535=EDGE_CURVE('',#4539,#4151,#2620,.T.);
#5536=EDGE_CURVE('',#4152,#4541,#2621,.T.);
#5537=EDGE_CURVE('',#4541,#4539,#2622,.T.);
#5538=EDGE_CURVE('',#4538,#4153,#2623,.T.);
#5539=EDGE_CURVE('',#4540,#4154,#2624,.T.);
#5540=EDGE_CURVE('',#4540,#4541,#663,.T.);
#5541=EDGE_CURVE('',#4541,#4537,#2625,.T.);
#5542=EDGE_CURVE('',#4542,#4087,#2626,.T.);
#5543=EDGE_CURVE('',#4088,#4543,#2627,.T.);
#5544=EDGE_CURVE('',#4543,#4542,#2628,.T.);
#5545=EDGE_CURVE('',#4544,#4089,#2629,.T.);
#5546=EDGE_CURVE('',#4542,#4544,#664,.T.);
#5547=EDGE_CURVE('',#4545,#4090,#2630,.T.);
#5548=EDGE_CURVE('',#4544,#4545,#2631,.T.);
#5549=EDGE_CURVE('',#4545,#4543,#665,.T.);
#5550=EDGE_CURVE('',#4542,#4546,#2632,.T.);
#5551=EDGE_CURVE('',#4547,#4546,#666,.T.);
#5552=EDGE_CURVE('',#4544,#4547,#2633,.T.);
#5553=EDGE_CURVE('',#4543,#4548,#2634,.T.);
#5554=EDGE_CURVE('',#4546,#4548,#2635,.T.);
#5555=EDGE_CURVE('',#4546,#4304,#2636,.T.);
#5556=EDGE_CURVE('',#4305,#4547,#2637,.T.);
#5557=EDGE_CURVE('',#4548,#4306,#2638,.T.);
#5558=EDGE_CURVE('',#4549,#4307,#2639,.T.);
#5559=EDGE_CURVE('',#4548,#4549,#667,.T.);
#5560=EDGE_CURVE('',#4549,#4547,#2640,.T.);
#5561=EDGE_CURVE('',#4545,#4549,#2641,.T.);
#5562=EDGE_CURVE('',#4550,#4091,#2642,.T.);
#5563=EDGE_CURVE('',#4092,#4551,#2643,.T.);
#5564=EDGE_CURVE('',#4551,#4550,#2644,.T.);
#5565=EDGE_CURVE('',#4552,#4093,#2645,.T.);
#5566=EDGE_CURVE('',#4550,#4552,#668,.T.);
#5567=EDGE_CURVE('',#4553,#4094,#2646,.T.);
#5568=EDGE_CURVE('',#4552,#4553,#2647,.T.);
#5569=EDGE_CURVE('',#4553,#4551,#669,.T.);
#5570=EDGE_CURVE('',#4550,#4554,#2648,.T.);
#5571=EDGE_CURVE('',#4555,#4554,#670,.T.);
#5572=EDGE_CURVE('',#4552,#4555,#2649,.T.);
#5573=EDGE_CURVE('',#4551,#4556,#2650,.T.);
#5574=EDGE_CURVE('',#4554,#4556,#2651,.T.);
#5575=EDGE_CURVE('',#4554,#4300,#2652,.T.);
#5576=EDGE_CURVE('',#4301,#4555,#2653,.T.);
#5577=EDGE_CURVE('',#4556,#4302,#2654,.T.);
#5578=EDGE_CURVE('',#4557,#4303,#2655,.T.);
#5579=EDGE_CURVE('',#4556,#4557,#671,.T.);
#5580=EDGE_CURVE('',#4557,#4555,#2656,.T.);
#5581=EDGE_CURVE('',#4553,#4557,#2657,.T.);
#5582=EDGE_CURVE('',#4558,#4095,#2658,.T.);
#5583=EDGE_CURVE('',#4096,#4559,#2659,.T.);
#5584=EDGE_CURVE('',#4559,#4558,#2660,.T.);
#5585=EDGE_CURVE('',#4560,#4097,#2661,.T.);
#5586=EDGE_CURVE('',#4558,#4560,#672,.T.);
#5587=EDGE_CURVE('',#4561,#4098,#2662,.T.);
#5588=EDGE_CURVE('',#4560,#4561,#2663,.T.);
#5589=EDGE_CURVE('',#4561,#4559,#673,.T.);
#5590=EDGE_CURVE('',#4558,#4562,#2664,.T.);
#5591=EDGE_CURVE('',#4563,#4562,#674,.T.);
#5592=EDGE_CURVE('',#4560,#4563,#2665,.T.);
#5593=EDGE_CURVE('',#4559,#4564,#2666,.T.);
#5594=EDGE_CURVE('',#4562,#4564,#2667,.T.);
#5595=EDGE_CURVE('',#4562,#4296,#2668,.T.);
#5596=EDGE_CURVE('',#4297,#4563,#2669,.T.);
#5597=EDGE_CURVE('',#4564,#4298,#2670,.T.);
#5598=EDGE_CURVE('',#4565,#4299,#2671,.T.);
#5599=EDGE_CURVE('',#4564,#4565,#675,.T.);
#5600=EDGE_CURVE('',#4565,#4563,#2672,.T.);
#5601=EDGE_CURVE('',#4561,#4565,#2673,.T.);
#5602=EDGE_CURVE('',#4566,#4099,#2674,.T.);
#5603=EDGE_CURVE('',#4100,#4567,#2675,.T.);
#5604=EDGE_CURVE('',#4567,#4566,#2676,.T.);
#5605=EDGE_CURVE('',#4568,#4101,#2677,.T.);
#5606=EDGE_CURVE('',#4566,#4568,#676,.T.);
#5607=EDGE_CURVE('',#4569,#4102,#2678,.T.);
#5608=EDGE_CURVE('',#4568,#4569,#2679,.T.);
#5609=EDGE_CURVE('',#4569,#4567,#677,.T.);
#5610=EDGE_CURVE('',#4566,#4570,#2680,.T.);
#5611=EDGE_CURVE('',#4571,#4570,#678,.T.);
#5612=EDGE_CURVE('',#4568,#4571,#2681,.T.);
#5613=EDGE_CURVE('',#4567,#4572,#2682,.T.);
#5614=EDGE_CURVE('',#4570,#4572,#2683,.T.);
#5615=EDGE_CURVE('',#4570,#4292,#2684,.T.);
#5616=EDGE_CURVE('',#4293,#4571,#2685,.T.);
#5617=EDGE_CURVE('',#4572,#4294,#2686,.T.);
#5618=EDGE_CURVE('',#4573,#4295,#2687,.T.);
#5619=EDGE_CURVE('',#4572,#4573,#679,.T.);
#5620=EDGE_CURVE('',#4573,#4571,#2688,.T.);
#5621=EDGE_CURVE('',#4569,#4573,#2689,.T.);
#5622=EDGE_CURVE('',#4574,#4103,#2690,.T.);
#5623=EDGE_CURVE('',#4104,#4575,#2691,.T.);
#5624=EDGE_CURVE('',#4575,#4574,#2692,.T.);
#5625=EDGE_CURVE('',#4576,#4105,#2693,.T.);
#5626=EDGE_CURVE('',#4574,#4576,#680,.T.);
#5627=EDGE_CURVE('',#4577,#4106,#2694,.T.);
#5628=EDGE_CURVE('',#4576,#4577,#2695,.T.);
#5629=EDGE_CURVE('',#4577,#4575,#681,.T.);
#5630=EDGE_CURVE('',#4574,#4578,#2696,.T.);
#5631=EDGE_CURVE('',#4579,#4578,#682,.T.);
#5632=EDGE_CURVE('',#4576,#4579,#2697,.T.);
#5633=EDGE_CURVE('',#4575,#4580,#2698,.T.);
#5634=EDGE_CURVE('',#4578,#4580,#2699,.T.);
#5635=EDGE_CURVE('',#4578,#4288,#2700,.T.);
#5636=EDGE_CURVE('',#4289,#4579,#2701,.T.);
#5637=EDGE_CURVE('',#4580,#4290,#2702,.T.);
#5638=EDGE_CURVE('',#4581,#4291,#2703,.T.);
#5639=EDGE_CURVE('',#4580,#4581,#683,.T.);
#5640=EDGE_CURVE('',#4581,#4579,#2704,.T.);
#5641=EDGE_CURVE('',#4577,#4581,#2705,.T.);
#5642=EDGE_CURVE('',#4582,#4107,#2706,.T.);
#5643=EDGE_CURVE('',#4108,#4583,#2707,.T.);
#5644=EDGE_CURVE('',#4583,#4582,#2708,.T.);
#5645=EDGE_CURVE('',#4584,#4109,#2709,.T.);
#5646=EDGE_CURVE('',#4582,#4584,#684,.T.);
#5647=EDGE_CURVE('',#4585,#4110,#2710,.T.);
#5648=EDGE_CURVE('',#4584,#4585,#2711,.T.);
#5649=EDGE_CURVE('',#4585,#4583,#685,.T.);
#5650=EDGE_CURVE('',#4582,#4586,#2712,.T.);
#5651=EDGE_CURVE('',#4587,#4586,#686,.T.);
#5652=EDGE_CURVE('',#4584,#4587,#2713,.T.);
#5653=EDGE_CURVE('',#4583,#4588,#2714,.T.);
#5654=EDGE_CURVE('',#4586,#4588,#2715,.T.);
#5655=EDGE_CURVE('',#4586,#4284,#2716,.T.);
#5656=EDGE_CURVE('',#4285,#4587,#2717,.T.);
#5657=EDGE_CURVE('',#4588,#4286,#2718,.T.);
#5658=EDGE_CURVE('',#4589,#4287,#2719,.T.);
#5659=EDGE_CURVE('',#4588,#4589,#687,.T.);
#5660=EDGE_CURVE('',#4589,#4587,#2720,.T.);
#5661=EDGE_CURVE('',#4585,#4589,#2721,.T.);
#5662=EDGE_CURVE('',#4590,#4111,#2722,.T.);
#5663=EDGE_CURVE('',#4112,#4591,#2723,.T.);
#5664=EDGE_CURVE('',#4591,#4590,#2724,.T.);
#5665=EDGE_CURVE('',#4592,#4113,#2725,.T.);
#5666=EDGE_CURVE('',#4590,#4592,#688,.T.);
#5667=EDGE_CURVE('',#4593,#4114,#2726,.T.);
#5668=EDGE_CURVE('',#4592,#4593,#2727,.T.);
#5669=EDGE_CURVE('',#4593,#4591,#689,.T.);
#5670=EDGE_CURVE('',#4590,#4594,#2728,.T.);
#5671=EDGE_CURVE('',#4595,#4594,#690,.T.);
#5672=EDGE_CURVE('',#4592,#4595,#2729,.T.);
#5673=EDGE_CURVE('',#4591,#4596,#2730,.T.);
#5674=EDGE_CURVE('',#4594,#4596,#2731,.T.);
#5675=EDGE_CURVE('',#4594,#4280,#2732,.T.);
#5676=EDGE_CURVE('',#4281,#4595,#2733,.T.);
#5677=EDGE_CURVE('',#4596,#4282,#2734,.T.);
#5678=EDGE_CURVE('',#4597,#4283,#2735,.T.);
#5679=EDGE_CURVE('',#4596,#4597,#691,.T.);
#5680=EDGE_CURVE('',#4597,#4595,#2736,.T.);
#5681=EDGE_CURVE('',#4593,#4597,#2737,.T.);
#5682=EDGE_CURVE('',#4598,#4115,#2738,.T.);
#5683=EDGE_CURVE('',#4116,#4599,#2739,.T.);
#5684=EDGE_CURVE('',#4599,#4598,#2740,.T.);
#5685=EDGE_CURVE('',#4600,#4117,#2741,.T.);
#5686=EDGE_CURVE('',#4598,#4600,#692,.T.);
#5687=EDGE_CURVE('',#4601,#4118,#2742,.T.);
#5688=EDGE_CURVE('',#4600,#4601,#2743,.T.);
#5689=EDGE_CURVE('',#4601,#4599,#693,.T.);
#5690=EDGE_CURVE('',#4598,#4602,#2744,.T.);
#5691=EDGE_CURVE('',#4603,#4602,#694,.T.);
#5692=EDGE_CURVE('',#4600,#4603,#2745,.T.);
#5693=EDGE_CURVE('',#4599,#4604,#2746,.T.);
#5694=EDGE_CURVE('',#4602,#4604,#2747,.T.);
#5695=EDGE_CURVE('',#4602,#4276,#2748,.T.);
#5696=EDGE_CURVE('',#4277,#4603,#2749,.T.);
#5697=EDGE_CURVE('',#4604,#4278,#2750,.T.);
#5698=EDGE_CURVE('',#4605,#4279,#2751,.T.);
#5699=EDGE_CURVE('',#4604,#4605,#695,.T.);
#5700=EDGE_CURVE('',#4605,#4603,#2752,.T.);
#5701=EDGE_CURVE('',#4601,#4605,#2753,.T.);
#5702=EDGE_CURVE('',#4606,#4119,#2754,.T.);
#5703=EDGE_CURVE('',#4120,#4607,#2755,.T.);
#5704=EDGE_CURVE('',#4607,#4606,#2756,.T.);
#5705=EDGE_CURVE('',#4608,#4121,#2757,.T.);
#5706=EDGE_CURVE('',#4606,#4608,#696,.T.);
#5707=EDGE_CURVE('',#4609,#4122,#2758,.T.);
#5708=EDGE_CURVE('',#4608,#4609,#2759,.T.);
#5709=EDGE_CURVE('',#4609,#4607,#697,.T.);
#5710=EDGE_CURVE('',#4606,#4610,#2760,.T.);
#5711=EDGE_CURVE('',#4611,#4610,#698,.T.);
#5712=EDGE_CURVE('',#4608,#4611,#2761,.T.);
#5713=EDGE_CURVE('',#4607,#4612,#2762,.T.);
#5714=EDGE_CURVE('',#4610,#4612,#2763,.T.);
#5715=EDGE_CURVE('',#4610,#4272,#2764,.T.);
#5716=EDGE_CURVE('',#4273,#4611,#2765,.T.);
#5717=EDGE_CURVE('',#4612,#4274,#2766,.T.);
#5718=EDGE_CURVE('',#4613,#4275,#2767,.T.);
#5719=EDGE_CURVE('',#4612,#4613,#699,.T.);
#5720=EDGE_CURVE('',#4613,#4611,#2768,.T.);
#5721=EDGE_CURVE('',#4609,#4613,#2769,.T.);
#5722=EDGE_CURVE('',#4614,#4123,#2770,.T.);
#5723=EDGE_CURVE('',#4124,#4615,#2771,.T.);
#5724=EDGE_CURVE('',#4615,#4614,#2772,.T.);
#5725=EDGE_CURVE('',#4616,#4125,#2773,.T.);
#5726=EDGE_CURVE('',#4614,#4616,#700,.T.);
#5727=EDGE_CURVE('',#4617,#4126,#2774,.T.);
#5728=EDGE_CURVE('',#4616,#4617,#2775,.T.);
#5729=EDGE_CURVE('',#4617,#4615,#701,.T.);
#5730=EDGE_CURVE('',#4614,#4618,#2776,.T.);
#5731=EDGE_CURVE('',#4619,#4618,#702,.T.);
#5732=EDGE_CURVE('',#4616,#4619,#2777,.T.);
#5733=EDGE_CURVE('',#4615,#4620,#2778,.T.);
#5734=EDGE_CURVE('',#4618,#4620,#2779,.T.);
#5735=EDGE_CURVE('',#4618,#4268,#2780,.T.);
#5736=EDGE_CURVE('',#4269,#4619,#2781,.T.);
#5737=EDGE_CURVE('',#4620,#4270,#2782,.T.);
#5738=EDGE_CURVE('',#4621,#4271,#2783,.T.);
#5739=EDGE_CURVE('',#4620,#4621,#703,.T.);
#5740=EDGE_CURVE('',#4621,#4619,#2784,.T.);
#5741=EDGE_CURVE('',#4617,#4621,#2785,.T.);
#5742=EDGE_CURVE('',#4622,#4127,#2786,.T.);
#5743=EDGE_CURVE('',#4128,#4623,#2787,.T.);
#5744=EDGE_CURVE('',#4623,#4622,#2788,.T.);
#5745=EDGE_CURVE('',#4624,#4129,#2789,.T.);
#5746=EDGE_CURVE('',#4622,#4624,#704,.T.);
#5747=EDGE_CURVE('',#4625,#4130,#2790,.T.);
#5748=EDGE_CURVE('',#4624,#4625,#2791,.T.);
#5749=EDGE_CURVE('',#4625,#4623,#705,.T.);
#5750=EDGE_CURVE('',#4622,#4626,#2792,.T.);
#5751=EDGE_CURVE('',#4627,#4626,#706,.T.);
#5752=EDGE_CURVE('',#4624,#4627,#2793,.T.);
#5753=EDGE_CURVE('',#4623,#4628,#2794,.T.);
#5754=EDGE_CURVE('',#4626,#4628,#2795,.T.);
#5755=EDGE_CURVE('',#4626,#4264,#2796,.T.);
#5756=EDGE_CURVE('',#4265,#4627,#2797,.T.);
#5757=EDGE_CURVE('',#4628,#4266,#2798,.T.);
#5758=EDGE_CURVE('',#4629,#4267,#2799,.T.);
#5759=EDGE_CURVE('',#4628,#4629,#707,.T.);
#5760=EDGE_CURVE('',#4629,#4627,#2800,.T.);
#5761=EDGE_CURVE('',#4625,#4629,#2801,.T.);
#5762=EDGE_CURVE('',#4630,#4131,#2802,.T.);
#5763=EDGE_CURVE('',#4132,#4631,#2803,.T.);
#5764=EDGE_CURVE('',#4631,#4630,#2804,.T.);
#5765=EDGE_CURVE('',#4632,#4133,#2805,.T.);
#5766=EDGE_CURVE('',#4630,#4632,#708,.T.);
#5767=EDGE_CURVE('',#4633,#4134,#2806,.T.);
#5768=EDGE_CURVE('',#4632,#4633,#2807,.T.);
#5769=EDGE_CURVE('',#4633,#4631,#709,.T.);
#5770=EDGE_CURVE('',#4630,#4634,#2808,.T.);
#5771=EDGE_CURVE('',#4635,#4634,#710,.T.);
#5772=EDGE_CURVE('',#4632,#4635,#2809,.T.);
#5773=EDGE_CURVE('',#4631,#4636,#2810,.T.);
#5774=EDGE_CURVE('',#4634,#4636,#2811,.T.);
#5775=EDGE_CURVE('',#4634,#4260,#2812,.T.);
#5776=EDGE_CURVE('',#4261,#4635,#2813,.T.);
#5777=EDGE_CURVE('',#4636,#4262,#2814,.T.);
#5778=EDGE_CURVE('',#4637,#4263,#2815,.T.);
#5779=EDGE_CURVE('',#4636,#4637,#711,.T.);
#5780=EDGE_CURVE('',#4637,#4635,#2816,.T.);
#5781=EDGE_CURVE('',#4633,#4637,#2817,.T.);
#5782=EDGE_CURVE('',#4638,#4135,#2818,.T.);
#5783=EDGE_CURVE('',#4136,#4639,#2819,.T.);
#5784=EDGE_CURVE('',#4639,#4638,#2820,.T.);
#5785=EDGE_CURVE('',#4640,#4137,#2821,.T.);
#5786=EDGE_CURVE('',#4638,#4640,#712,.T.);
#5787=EDGE_CURVE('',#4641,#4138,#2822,.T.);
#5788=EDGE_CURVE('',#4640,#4641,#2823,.T.);
#5789=EDGE_CURVE('',#4641,#4639,#713,.T.);
#5790=EDGE_CURVE('',#4638,#4642,#2824,.T.);
#5791=EDGE_CURVE('',#4643,#4642,#714,.T.);
#5792=EDGE_CURVE('',#4640,#4643,#2825,.T.);
#5793=EDGE_CURVE('',#4639,#4644,#2826,.T.);
#5794=EDGE_CURVE('',#4642,#4644,#2827,.T.);
#5795=EDGE_CURVE('',#4642,#4256,#2828,.T.);
#5796=EDGE_CURVE('',#4257,#4643,#2829,.T.);
#5797=EDGE_CURVE('',#4644,#4258,#2830,.T.);
#5798=EDGE_CURVE('',#4645,#4259,#2831,.T.);
#5799=EDGE_CURVE('',#4644,#4645,#715,.T.);
#5800=EDGE_CURVE('',#4645,#4643,#2832,.T.);
#5801=EDGE_CURVE('',#4641,#4645,#2833,.T.);
#5802=EDGE_CURVE('',#4646,#4139,#2834,.T.);
#5803=EDGE_CURVE('',#4140,#4647,#2835,.T.);
#5804=EDGE_CURVE('',#4647,#4646,#2836,.T.);
#5805=EDGE_CURVE('',#4648,#4141,#2837,.T.);
#5806=EDGE_CURVE('',#4646,#4648,#716,.T.);
#5807=EDGE_CURVE('',#4649,#4142,#2838,.T.);
#5808=EDGE_CURVE('',#4648,#4649,#2839,.T.);
#5809=EDGE_CURVE('',#4649,#4647,#717,.T.);
#5810=EDGE_CURVE('',#4646,#4650,#2840,.T.);
#5811=EDGE_CURVE('',#4651,#4650,#718,.T.);
#5812=EDGE_CURVE('',#4648,#4651,#2841,.T.);
#5813=EDGE_CURVE('',#4647,#4652,#2842,.T.);
#5814=EDGE_CURVE('',#4650,#4652,#2843,.T.);
#5815=EDGE_CURVE('',#4650,#4252,#2844,.T.);
#5816=EDGE_CURVE('',#4253,#4651,#2845,.T.);
#5817=EDGE_CURVE('',#4652,#4254,#2846,.T.);
#5818=EDGE_CURVE('',#4653,#4255,#2847,.T.);
#5819=EDGE_CURVE('',#4652,#4653,#719,.T.);
#5820=EDGE_CURVE('',#4653,#4651,#2848,.T.);
#5821=EDGE_CURVE('',#4649,#4653,#2849,.T.);
#5822=EDGE_CURVE('',#4654,#4143,#2850,.T.);
#5823=EDGE_CURVE('',#4144,#4655,#2851,.T.);
#5824=EDGE_CURVE('',#4655,#4654,#2852,.T.);
#5825=EDGE_CURVE('',#4656,#4145,#2853,.T.);
#5826=EDGE_CURVE('',#4654,#4656,#720,.T.);
#5827=EDGE_CURVE('',#4657,#4146,#2854,.T.);
#5828=EDGE_CURVE('',#4656,#4657,#2855,.T.);
#5829=EDGE_CURVE('',#4657,#4655,#721,.T.);
#5830=EDGE_CURVE('',#4654,#4658,#2856,.T.);
#5831=EDGE_CURVE('',#4659,#4658,#722,.T.);
#5832=EDGE_CURVE('',#4656,#4659,#2857,.T.);
#5833=EDGE_CURVE('',#4655,#4660,#2858,.T.);
#5834=EDGE_CURVE('',#4658,#4660,#2859,.T.);
#5835=EDGE_CURVE('',#4658,#4248,#2860,.T.);
#5836=EDGE_CURVE('',#4249,#4659,#2861,.T.);
#5837=EDGE_CURVE('',#4660,#4250,#2862,.T.);
#5838=EDGE_CURVE('',#4661,#4251,#2863,.T.);
#5839=EDGE_CURVE('',#4660,#4661,#723,.T.);
#5840=EDGE_CURVE('',#4661,#4659,#2864,.T.);
#5841=EDGE_CURVE('',#4657,#4661,#2865,.T.);
#5842=EDGE_CURVE('',#4662,#4147,#2866,.T.);
#5843=EDGE_CURVE('',#4148,#4663,#2867,.T.);
#5844=EDGE_CURVE('',#4663,#4662,#2868,.T.);
#5845=EDGE_CURVE('',#4664,#4149,#2869,.T.);
#5846=EDGE_CURVE('',#4662,#4664,#724,.T.);
#5847=EDGE_CURVE('',#4665,#4150,#2870,.T.);
#5848=EDGE_CURVE('',#4664,#4665,#2871,.T.);
#5849=EDGE_CURVE('',#4665,#4663,#725,.T.);
#5850=EDGE_CURVE('',#4662,#4666,#2872,.T.);
#5851=EDGE_CURVE('',#4667,#4666,#726,.T.);
#5852=EDGE_CURVE('',#4664,#4667,#2873,.T.);
#5853=EDGE_CURVE('',#4663,#4668,#2874,.T.);
#5854=EDGE_CURVE('',#4666,#4668,#2875,.T.);
#5855=EDGE_CURVE('',#4666,#4244,#2876,.T.);
#5856=EDGE_CURVE('',#4245,#4667,#2877,.T.);
#5857=EDGE_CURVE('',#4668,#4246,#2878,.T.);
#5858=EDGE_CURVE('',#4669,#4247,#2879,.T.);
#5859=EDGE_CURVE('',#4668,#4669,#727,.T.);
#5860=EDGE_CURVE('',#4669,#4667,#2880,.T.);
#5861=EDGE_CURVE('',#4665,#4669,#2881,.T.);
#5862=EDGE_CURVE('',#4670,#4308,#2882,.T.);
#5863=EDGE_CURVE('',#4309,#4671,#2883,.T.);
#5864=EDGE_CURVE('',#4671,#4670,#2884,.T.);
#5865=EDGE_CURVE('',#4672,#4310,#2885,.T.);
#5866=EDGE_CURVE('',#4670,#4672,#728,.T.);
#5867=EDGE_CURVE('',#4673,#4311,#2886,.T.);
#5868=EDGE_CURVE('',#4672,#4673,#2887,.T.);
#5869=EDGE_CURVE('',#4673,#4671,#729,.T.);
#5870=EDGE_CURVE('',#4674,#4670,#2888,.T.);
#5871=EDGE_CURVE('',#4675,#4674,#730,.T.);
#5872=EDGE_CURVE('',#4675,#4672,#2889,.T.);
#5873=EDGE_CURVE('',#4676,#4671,#2890,.T.);
#5874=EDGE_CURVE('',#4674,#4676,#2891,.T.);
#5875=EDGE_CURVE('',#4675,#4083,#2892,.T.);
#5876=EDGE_CURVE('',#4084,#4677,#2893,.T.);
#5877=EDGE_CURVE('',#4677,#4675,#2894,.T.);
#5878=EDGE_CURVE('',#4674,#4085,#2895,.T.);
#5879=EDGE_CURVE('',#4676,#4086,#2896,.T.);
#5880=EDGE_CURVE('',#4676,#4677,#731,.T.);
#5881=EDGE_CURVE('',#4677,#4673,#2897,.T.);
#5882=EDGE_CURVE('',#4678,#4312,#2898,.T.);
#5883=EDGE_CURVE('',#4313,#4679,#2899,.T.);
#5884=EDGE_CURVE('',#4679,#4678,#2900,.T.);
#5885=EDGE_CURVE('',#4680,#4314,#2901,.T.);
#5886=EDGE_CURVE('',#4678,#4680,#732,.T.);
#5887=EDGE_CURVE('',#4681,#4315,#2902,.T.);
#5888=EDGE_CURVE('',#4680,#4681,#2903,.T.);
#5889=EDGE_CURVE('',#4681,#4679,#733,.T.);
#5890=EDGE_CURVE('',#4682,#4678,#2904,.T.);
#5891=EDGE_CURVE('',#4683,#4682,#734,.T.);
#5892=EDGE_CURVE('',#4683,#4680,#2905,.T.);
#5893=EDGE_CURVE('',#4684,#4679,#2906,.T.);
#5894=EDGE_CURVE('',#4682,#4684,#2907,.T.);
#5895=EDGE_CURVE('',#4683,#4079,#2908,.T.);
#5896=EDGE_CURVE('',#4080,#4685,#2909,.T.);
#5897=EDGE_CURVE('',#4685,#4683,#2910,.T.);
#5898=EDGE_CURVE('',#4682,#4081,#2911,.T.);
#5899=EDGE_CURVE('',#4684,#4082,#2912,.T.);
#5900=EDGE_CURVE('',#4684,#4685,#735,.T.);
#5901=EDGE_CURVE('',#4685,#4681,#2913,.T.);
#5902=EDGE_CURVE('',#4686,#4316,#2914,.T.);
#5903=EDGE_CURVE('',#4317,#4687,#2915,.T.);
#5904=EDGE_CURVE('',#4687,#4686,#2916,.T.);
#5905=EDGE_CURVE('',#4688,#4318,#2917,.T.);
#5906=EDGE_CURVE('',#4686,#4688,#736,.T.);
#5907=EDGE_CURVE('',#4689,#4319,#2918,.T.);
#5908=EDGE_CURVE('',#4688,#4689,#2919,.T.);
#5909=EDGE_CURVE('',#4689,#4687,#737,.T.);
#5910=EDGE_CURVE('',#4690,#4686,#2920,.T.);
#5911=EDGE_CURVE('',#4691,#4690,#738,.T.);
#5912=EDGE_CURVE('',#4691,#4688,#2921,.T.);
#5913=EDGE_CURVE('',#4692,#4687,#2922,.T.);
#5914=EDGE_CURVE('',#4690,#4692,#2923,.T.);
#5915=EDGE_CURVE('',#4691,#4075,#2924,.T.);
#5916=EDGE_CURVE('',#4076,#4693,#2925,.T.);
#5917=EDGE_CURVE('',#4693,#4691,#2926,.T.);
#5918=EDGE_CURVE('',#4690,#4077,#2927,.T.);
#5919=EDGE_CURVE('',#4692,#4078,#2928,.T.);
#5920=EDGE_CURVE('',#4692,#4693,#739,.T.);
#5921=EDGE_CURVE('',#4693,#4689,#2929,.T.);
#5922=EDGE_CURVE('',#4694,#4320,#2930,.T.);
#5923=EDGE_CURVE('',#4321,#4695,#2931,.T.);
#5924=EDGE_CURVE('',#4695,#4694,#2932,.T.);
#5925=EDGE_CURVE('',#4696,#4322,#2933,.T.);
#5926=EDGE_CURVE('',#4694,#4696,#740,.T.);
#5927=EDGE_CURVE('',#4697,#4323,#2934,.T.);
#5928=EDGE_CURVE('',#4696,#4697,#2935,.T.);
#5929=EDGE_CURVE('',#4697,#4695,#741,.T.);
#5930=EDGE_CURVE('',#4698,#4694,#2936,.T.);
#5931=EDGE_CURVE('',#4699,#4698,#742,.T.);
#5932=EDGE_CURVE('',#4699,#4696,#2937,.T.);
#5933=EDGE_CURVE('',#4700,#4695,#2938,.T.);
#5934=EDGE_CURVE('',#4698,#4700,#2939,.T.);
#5935=EDGE_CURVE('',#4699,#4071,#2940,.T.);
#5936=EDGE_CURVE('',#4072,#4701,#2941,.T.);
#5937=EDGE_CURVE('',#4701,#4699,#2942,.T.);
#5938=EDGE_CURVE('',#4698,#4073,#2943,.T.);
#5939=EDGE_CURVE('',#4700,#4074,#2944,.T.);
#5940=EDGE_CURVE('',#4700,#4701,#743,.T.);
#5941=EDGE_CURVE('',#4701,#4697,#2945,.T.);
#5942=EDGE_CURVE('',#4702,#4324,#2946,.T.);
#5943=EDGE_CURVE('',#4325,#4703,#2947,.T.);
#5944=EDGE_CURVE('',#4703,#4702,#2948,.T.);
#5945=EDGE_CURVE('',#4704,#4326,#2949,.T.);
#5946=EDGE_CURVE('',#4702,#4704,#744,.T.);
#5947=EDGE_CURVE('',#4705,#4327,#2950,.T.);
#5948=EDGE_CURVE('',#4704,#4705,#2951,.T.);
#5949=EDGE_CURVE('',#4705,#4703,#745,.T.);
#5950=EDGE_CURVE('',#4706,#4702,#2952,.T.);
#5951=EDGE_CURVE('',#4707,#4706,#746,.T.);
#5952=EDGE_CURVE('',#4707,#4704,#2953,.T.);
#5953=EDGE_CURVE('',#4708,#4703,#2954,.T.);
#5954=EDGE_CURVE('',#4706,#4708,#2955,.T.);
#5955=EDGE_CURVE('',#4707,#4067,#2956,.T.);
#5956=EDGE_CURVE('',#4068,#4709,#2957,.T.);
#5957=EDGE_CURVE('',#4709,#4707,#2958,.T.);
#5958=EDGE_CURVE('',#4706,#4069,#2959,.T.);
#5959=EDGE_CURVE('',#4708,#4070,#2960,.T.);
#5960=EDGE_CURVE('',#4708,#4709,#747,.T.);
#5961=EDGE_CURVE('',#4709,#4705,#2961,.T.);
#5962=EDGE_CURVE('',#4710,#4328,#2962,.T.);
#5963=EDGE_CURVE('',#4329,#4711,#2963,.T.);
#5964=EDGE_CURVE('',#4711,#4710,#2964,.T.);
#5965=EDGE_CURVE('',#4712,#4330,#2965,.T.);
#5966=EDGE_CURVE('',#4710,#4712,#748,.T.);
#5967=EDGE_CURVE('',#4713,#4331,#2966,.T.);
#5968=EDGE_CURVE('',#4712,#4713,#2967,.T.);
#5969=EDGE_CURVE('',#4713,#4711,#749,.T.);
#5970=EDGE_CURVE('',#4714,#4710,#2968,.T.);
#5971=EDGE_CURVE('',#4715,#4714,#750,.T.);
#5972=EDGE_CURVE('',#4715,#4712,#2969,.T.);
#5973=EDGE_CURVE('',#4716,#4711,#2970,.T.);
#5974=EDGE_CURVE('',#4714,#4716,#2971,.T.);
#5975=EDGE_CURVE('',#4715,#4063,#2972,.T.);
#5976=EDGE_CURVE('',#4064,#4717,#2973,.T.);
#5977=EDGE_CURVE('',#4717,#4715,#2974,.T.);
#5978=EDGE_CURVE('',#4714,#4065,#2975,.T.);
#5979=EDGE_CURVE('',#4716,#4066,#2976,.T.);
#5980=EDGE_CURVE('',#4716,#4717,#751,.T.);
#5981=EDGE_CURVE('',#4717,#4713,#2977,.T.);
#5982=EDGE_CURVE('',#4718,#4332,#2978,.T.);
#5983=EDGE_CURVE('',#4333,#4719,#2979,.T.);
#5984=EDGE_CURVE('',#4719,#4718,#2980,.T.);
#5985=EDGE_CURVE('',#4720,#4334,#2981,.T.);
#5986=EDGE_CURVE('',#4718,#4720,#752,.T.);
#5987=EDGE_CURVE('',#4721,#4335,#2982,.T.);
#5988=EDGE_CURVE('',#4720,#4721,#2983,.T.);
#5989=EDGE_CURVE('',#4721,#4719,#753,.T.);
#5990=EDGE_CURVE('',#4722,#4718,#2984,.T.);
#5991=EDGE_CURVE('',#4723,#4722,#754,.T.);
#5992=EDGE_CURVE('',#4723,#4720,#2985,.T.);
#5993=EDGE_CURVE('',#4724,#4719,#2986,.T.);
#5994=EDGE_CURVE('',#4722,#4724,#2987,.T.);
#5995=EDGE_CURVE('',#4723,#4059,#2988,.T.);
#5996=EDGE_CURVE('',#4060,#4725,#2989,.T.);
#5997=EDGE_CURVE('',#4725,#4723,#2990,.T.);
#5998=EDGE_CURVE('',#4722,#4061,#2991,.T.);
#5999=EDGE_CURVE('',#4724,#4062,#2992,.T.);
#6000=EDGE_CURVE('',#4724,#4725,#755,.T.);
#6001=EDGE_CURVE('',#4725,#4721,#2993,.T.);
#6002=EDGE_CURVE('',#4726,#4336,#2994,.T.);
#6003=EDGE_CURVE('',#4337,#4727,#2995,.T.);
#6004=EDGE_CURVE('',#4727,#4726,#2996,.T.);
#6005=EDGE_CURVE('',#4728,#4338,#2997,.T.);
#6006=EDGE_CURVE('',#4726,#4728,#756,.T.);
#6007=EDGE_CURVE('',#4729,#4339,#2998,.T.);
#6008=EDGE_CURVE('',#4728,#4729,#2999,.T.);
#6009=EDGE_CURVE('',#4729,#4727,#757,.T.);
#6010=EDGE_CURVE('',#4730,#4726,#3000,.T.);
#6011=EDGE_CURVE('',#4731,#4730,#758,.T.);
#6012=EDGE_CURVE('',#4731,#4728,#3001,.T.);
#6013=EDGE_CURVE('',#4732,#4727,#3002,.T.);
#6014=EDGE_CURVE('',#4730,#4732,#3003,.T.);
#6015=EDGE_CURVE('',#4731,#4055,#3004,.T.);
#6016=EDGE_CURVE('',#4056,#4733,#3005,.T.);
#6017=EDGE_CURVE('',#4733,#4731,#3006,.T.);
#6018=EDGE_CURVE('',#4730,#4057,#3007,.T.);
#6019=EDGE_CURVE('',#4732,#4058,#3008,.T.);
#6020=EDGE_CURVE('',#4732,#4733,#759,.T.);
#6021=EDGE_CURVE('',#4733,#4729,#3009,.T.);
#6022=EDGE_CURVE('',#4734,#4340,#3010,.T.);
#6023=EDGE_CURVE('',#4341,#4735,#3011,.T.);
#6024=EDGE_CURVE('',#4735,#4734,#3012,.T.);
#6025=EDGE_CURVE('',#4736,#4342,#3013,.T.);
#6026=EDGE_CURVE('',#4734,#4736,#760,.T.);
#6027=EDGE_CURVE('',#4737,#4343,#3014,.T.);
#6028=EDGE_CURVE('',#4736,#4737,#3015,.T.);
#6029=EDGE_CURVE('',#4737,#4735,#761,.T.);
#6030=EDGE_CURVE('',#4738,#4734,#3016,.T.);
#6031=EDGE_CURVE('',#4739,#4738,#762,.T.);
#6032=EDGE_CURVE('',#4739,#4736,#3017,.T.);
#6033=EDGE_CURVE('',#4740,#4735,#3018,.T.);
#6034=EDGE_CURVE('',#4738,#4740,#3019,.T.);
#6035=EDGE_CURVE('',#4739,#4051,#3020,.T.);
#6036=EDGE_CURVE('',#4052,#4741,#3021,.T.);
#6037=EDGE_CURVE('',#4741,#4739,#3022,.T.);
#6038=EDGE_CURVE('',#4738,#4053,#3023,.T.);
#6039=EDGE_CURVE('',#4740,#4054,#3024,.T.);
#6040=EDGE_CURVE('',#4740,#4741,#763,.T.);
#6041=EDGE_CURVE('',#4741,#4737,#3025,.T.);
#6042=EDGE_CURVE('',#4742,#4344,#3026,.T.);
#6043=EDGE_CURVE('',#4345,#4743,#3027,.T.);
#6044=EDGE_CURVE('',#4743,#4742,#3028,.T.);
#6045=EDGE_CURVE('',#4744,#4346,#3029,.T.);
#6046=EDGE_CURVE('',#4742,#4744,#764,.T.);
#6047=EDGE_CURVE('',#4745,#4347,#3030,.T.);
#6048=EDGE_CURVE('',#4744,#4745,#3031,.T.);
#6049=EDGE_CURVE('',#4745,#4743,#765,.T.);
#6050=EDGE_CURVE('',#4746,#4742,#3032,.T.);
#6051=EDGE_CURVE('',#4747,#4746,#766,.T.);
#6052=EDGE_CURVE('',#4747,#4744,#3033,.T.);
#6053=EDGE_CURVE('',#4748,#4743,#3034,.T.);
#6054=EDGE_CURVE('',#4746,#4748,#3035,.T.);
#6055=EDGE_CURVE('',#4747,#4047,#3036,.T.);
#6056=EDGE_CURVE('',#4048,#4749,#3037,.T.);
#6057=EDGE_CURVE('',#4749,#4747,#3038,.T.);
#6058=EDGE_CURVE('',#4746,#4049,#3039,.T.);
#6059=EDGE_CURVE('',#4748,#4050,#3040,.T.);
#6060=EDGE_CURVE('',#4748,#4749,#767,.T.);
#6061=EDGE_CURVE('',#4749,#4745,#3041,.T.);
#6062=EDGE_CURVE('',#4750,#4348,#3042,.T.);
#6063=EDGE_CURVE('',#4349,#4751,#3043,.T.);
#6064=EDGE_CURVE('',#4751,#4750,#3044,.T.);
#6065=EDGE_CURVE('',#4752,#4350,#3045,.T.);
#6066=EDGE_CURVE('',#4750,#4752,#768,.T.);
#6067=EDGE_CURVE('',#4753,#4351,#3046,.T.);
#6068=EDGE_CURVE('',#4752,#4753,#3047,.T.);
#6069=EDGE_CURVE('',#4753,#4751,#769,.T.);
#6070=EDGE_CURVE('',#4754,#4750,#3048,.T.);
#6071=EDGE_CURVE('',#4755,#4754,#770,.T.);
#6072=EDGE_CURVE('',#4755,#4752,#3049,.T.);
#6073=EDGE_CURVE('',#4756,#4751,#3050,.T.);
#6074=EDGE_CURVE('',#4754,#4756,#3051,.T.);
#6075=EDGE_CURVE('',#4755,#4043,#3052,.T.);
#6076=EDGE_CURVE('',#4044,#4757,#3053,.T.);
#6077=EDGE_CURVE('',#4757,#4755,#3054,.T.);
#6078=EDGE_CURVE('',#4754,#4045,#3055,.T.);
#6079=EDGE_CURVE('',#4756,#4046,#3056,.T.);
#6080=EDGE_CURVE('',#4756,#4757,#771,.T.);
#6081=EDGE_CURVE('',#4757,#4753,#3057,.T.);
#6082=EDGE_CURVE('',#4758,#4352,#3058,.T.);
#6083=EDGE_CURVE('',#4353,#4759,#3059,.T.);
#6084=EDGE_CURVE('',#4759,#4758,#3060,.T.);
#6085=EDGE_CURVE('',#4760,#4354,#3061,.T.);
#6086=EDGE_CURVE('',#4758,#4760,#772,.T.);
#6087=EDGE_CURVE('',#4761,#4355,#3062,.T.);
#6088=EDGE_CURVE('',#4760,#4761,#3063,.T.);
#6089=EDGE_CURVE('',#4761,#4759,#773,.T.);
#6090=EDGE_CURVE('',#4762,#4758,#3064,.T.);
#6091=EDGE_CURVE('',#4763,#4762,#774,.T.);
#6092=EDGE_CURVE('',#4763,#4760,#3065,.T.);
#6093=EDGE_CURVE('',#4764,#4759,#3066,.T.);
#6094=EDGE_CURVE('',#4762,#4764,#3067,.T.);
#6095=EDGE_CURVE('',#4763,#4039,#3068,.T.);
#6096=EDGE_CURVE('',#4040,#4765,#3069,.T.);
#6097=EDGE_CURVE('',#4765,#4763,#3070,.T.);
#6098=EDGE_CURVE('',#4762,#4041,#3071,.T.);
#6099=EDGE_CURVE('',#4764,#4042,#3072,.T.);
#6100=EDGE_CURVE('',#4764,#4765,#775,.T.);
#6101=EDGE_CURVE('',#4765,#4761,#3073,.T.);
#6102=EDGE_CURVE('',#4766,#4356,#3074,.T.);
#6103=EDGE_CURVE('',#4357,#4767,#3075,.T.);
#6104=EDGE_CURVE('',#4767,#4766,#3076,.T.);
#6105=EDGE_CURVE('',#4768,#4358,#3077,.T.);
#6106=EDGE_CURVE('',#4766,#4768,#776,.T.);
#6107=EDGE_CURVE('',#4769,#4359,#3078,.T.);
#6108=EDGE_CURVE('',#4768,#4769,#3079,.T.);
#6109=EDGE_CURVE('',#4769,#4767,#777,.T.);
#6110=EDGE_CURVE('',#4770,#4766,#3080,.T.);
#6111=EDGE_CURVE('',#4771,#4770,#778,.T.);
#6112=EDGE_CURVE('',#4771,#4768,#3081,.T.);
#6113=EDGE_CURVE('',#4772,#4767,#3082,.T.);
#6114=EDGE_CURVE('',#4770,#4772,#3083,.T.);
#6115=EDGE_CURVE('',#4771,#4035,#3084,.T.);
#6116=EDGE_CURVE('',#4036,#4773,#3085,.T.);
#6117=EDGE_CURVE('',#4773,#4771,#3086,.T.);
#6118=EDGE_CURVE('',#4770,#4037,#3087,.T.);
#6119=EDGE_CURVE('',#4772,#4038,#3088,.T.);
#6120=EDGE_CURVE('',#4772,#4773,#779,.T.);
#6121=EDGE_CURVE('',#4773,#4769,#3089,.T.);
#6122=EDGE_CURVE('',#4774,#4360,#3090,.T.);
#6123=EDGE_CURVE('',#4361,#4775,#3091,.T.);
#6124=EDGE_CURVE('',#4775,#4774,#3092,.T.);
#6125=EDGE_CURVE('',#4776,#4362,#3093,.T.);
#6126=EDGE_CURVE('',#4774,#4776,#780,.T.);
#6127=EDGE_CURVE('',#4777,#4363,#3094,.T.);
#6128=EDGE_CURVE('',#4776,#4777,#3095,.T.);
#6129=EDGE_CURVE('',#4777,#4775,#781,.T.);
#6130=EDGE_CURVE('',#4778,#4774,#3096,.T.);
#6131=EDGE_CURVE('',#4779,#4778,#782,.T.);
#6132=EDGE_CURVE('',#4779,#4776,#3097,.T.);
#6133=EDGE_CURVE('',#4780,#4775,#3098,.T.);
#6134=EDGE_CURVE('',#4778,#4780,#3099,.T.);
#6135=EDGE_CURVE('',#4779,#4031,#3100,.T.);
#6136=EDGE_CURVE('',#4032,#4781,#3101,.T.);
#6137=EDGE_CURVE('',#4781,#4779,#3102,.T.);
#6138=EDGE_CURVE('',#4778,#4033,#3103,.T.);
#6139=EDGE_CURVE('',#4780,#4034,#3104,.T.);
#6140=EDGE_CURVE('',#4780,#4781,#783,.T.);
#6141=EDGE_CURVE('',#4781,#4777,#3105,.T.);
#6142=EDGE_CURVE('',#4782,#4364,#3106,.T.);
#6143=EDGE_CURVE('',#4365,#4783,#3107,.T.);
#6144=EDGE_CURVE('',#4783,#4782,#3108,.T.);
#6145=EDGE_CURVE('',#4784,#4366,#3109,.T.);
#6146=EDGE_CURVE('',#4782,#4784,#784,.T.);
#6147=EDGE_CURVE('',#4785,#4367,#3110,.T.);
#6148=EDGE_CURVE('',#4784,#4785,#3111,.T.);
#6149=EDGE_CURVE('',#4785,#4783,#785,.T.);
#6150=EDGE_CURVE('',#4786,#4782,#3112,.T.);
#6151=EDGE_CURVE('',#4787,#4786,#786,.T.);
#6152=EDGE_CURVE('',#4787,#4784,#3113,.T.);
#6153=EDGE_CURVE('',#4788,#4783,#3114,.T.);
#6154=EDGE_CURVE('',#4786,#4788,#3115,.T.);
#6155=EDGE_CURVE('',#4787,#4027,#3116,.T.);
#6156=EDGE_CURVE('',#4028,#4789,#3117,.T.);
#6157=EDGE_CURVE('',#4789,#4787,#3118,.T.);
#6158=EDGE_CURVE('',#4786,#4029,#3119,.T.);
#6159=EDGE_CURVE('',#4788,#4030,#3120,.T.);
#6160=EDGE_CURVE('',#4788,#4789,#787,.T.);
#6161=EDGE_CURVE('',#4789,#4785,#3121,.T.);
#6162=ORIENTED_EDGE('',*,*,#4790,.F.);
#6163=ORIENTED_EDGE('',*,*,#4791,.T.);
#6164=ORIENTED_EDGE('',*,*,#4792,.T.);
#6165=ORIENTED_EDGE('',*,*,#4793,.T.);
#6166=ORIENTED_EDGE('',*,*,#4791,.F.);
#6167=ORIENTED_EDGE('',*,*,#4794,.F.);
#6168=ORIENTED_EDGE('',*,*,#4795,.F.);
#6169=ORIENTED_EDGE('',*,*,#4796,.T.);
#6170=ORIENTED_EDGE('',*,*,#4797,.F.);
#6171=ORIENTED_EDGE('',*,*,#4798,.T.);
#6172=ORIENTED_EDGE('',*,*,#4799,.T.);
#6173=ORIENTED_EDGE('',*,*,#4800,.T.);
#6174=ORIENTED_EDGE('',*,*,#4790,.T.);
#6175=ORIENTED_EDGE('',*,*,#4801,.T.);
#6176=ORIENTED_EDGE('',*,*,#4802,.T.);
#6177=ORIENTED_EDGE('',*,*,#4803,.T.);
#6178=ORIENTED_EDGE('',*,*,#4797,.T.);
#6179=ORIENTED_EDGE('',*,*,#4804,.T.);
#6180=ORIENTED_EDGE('',*,*,#4805,.T.);
#6181=ORIENTED_EDGE('',*,*,#4806,.T.);
#6182=ORIENTED_EDGE('',*,*,#4807,.T.);
#6183=ORIENTED_EDGE('',*,*,#4808,.T.);
#6184=ORIENTED_EDGE('',*,*,#4809,.T.);
#6185=ORIENTED_EDGE('',*,*,#4810,.T.);
#6186=ORIENTED_EDGE('',*,*,#4811,.T.);
#6187=ORIENTED_EDGE('',*,*,#4812,.T.);
#6188=ORIENTED_EDGE('',*,*,#4813,.T.);
#6189=ORIENTED_EDGE('',*,*,#4814,.T.);
#6190=ORIENTED_EDGE('',*,*,#4815,.T.);
#6191=ORIENTED_EDGE('',*,*,#4816,.T.);
#6192=ORIENTED_EDGE('',*,*,#4817,.T.);
#6193=ORIENTED_EDGE('',*,*,#4818,.T.);
#6194=ORIENTED_EDGE('',*,*,#4819,.T.);
#6195=ORIENTED_EDGE('',*,*,#4820,.T.);
#6196=ORIENTED_EDGE('',*,*,#4821,.T.);
#6197=ORIENTED_EDGE('',*,*,#4794,.T.);
#6198=ORIENTED_EDGE('',*,*,#4822,.F.);
#6199=ORIENTED_EDGE('',*,*,#4823,.F.);
#6200=ORIENTED_EDGE('',*,*,#4824,.F.);
#6201=ORIENTED_EDGE('',*,*,#4825,.F.);
#6202=ORIENTED_EDGE('',*,*,#4826,.F.);
#6203=ORIENTED_EDGE('',*,*,#4827,.F.);
#6204=ORIENTED_EDGE('',*,*,#4828,.F.);
#6205=ORIENTED_EDGE('',*,*,#4829,.F.);
#6206=ORIENTED_EDGE('',*,*,#4830,.F.);
#6207=ORIENTED_EDGE('',*,*,#4831,.F.);
#6208=ORIENTED_EDGE('',*,*,#4832,.F.);
#6209=ORIENTED_EDGE('',*,*,#4833,.F.);
#6210=ORIENTED_EDGE('',*,*,#4834,.F.);
#6211=ORIENTED_EDGE('',*,*,#4835,.F.);
#6212=ORIENTED_EDGE('',*,*,#4836,.F.);
#6213=ORIENTED_EDGE('',*,*,#4837,.F.);
#6214=ORIENTED_EDGE('',*,*,#4838,.F.);
#6215=ORIENTED_EDGE('',*,*,#4839,.F.);
#6216=ORIENTED_EDGE('',*,*,#4840,.F.);
#6217=ORIENTED_EDGE('',*,*,#4841,.F.);
#6218=ORIENTED_EDGE('',*,*,#4842,.F.);
#6219=ORIENTED_EDGE('',*,*,#4843,.F.);
#6220=ORIENTED_EDGE('',*,*,#4844,.F.);
#6221=ORIENTED_EDGE('',*,*,#4845,.F.);
#6222=ORIENTED_EDGE('',*,*,#4846,.F.);
#6223=ORIENTED_EDGE('',*,*,#4847,.F.);
#6224=ORIENTED_EDGE('',*,*,#4848,.F.);
#6225=ORIENTED_EDGE('',*,*,#4849,.F.);
#6226=ORIENTED_EDGE('',*,*,#4850,.F.);
#6227=ORIENTED_EDGE('',*,*,#4851,.F.);
#6228=ORIENTED_EDGE('',*,*,#4852,.F.);
#6229=ORIENTED_EDGE('',*,*,#4853,.F.);
#6230=ORIENTED_EDGE('',*,*,#4854,.F.);
#6231=ORIENTED_EDGE('',*,*,#4855,.F.);
#6232=ORIENTED_EDGE('',*,*,#4856,.F.);
#6233=ORIENTED_EDGE('',*,*,#4857,.F.);
#6234=ORIENTED_EDGE('',*,*,#4858,.F.);
#6235=ORIENTED_EDGE('',*,*,#4859,.F.);
#6236=ORIENTED_EDGE('',*,*,#4860,.F.);
#6237=ORIENTED_EDGE('',*,*,#4861,.F.);
#6238=ORIENTED_EDGE('',*,*,#4862,.F.);
#6239=ORIENTED_EDGE('',*,*,#4863,.F.);
#6240=ORIENTED_EDGE('',*,*,#4864,.F.);
#6241=ORIENTED_EDGE('',*,*,#4865,.F.);
#6242=ORIENTED_EDGE('',*,*,#4866,.F.);
#6243=ORIENTED_EDGE('',*,*,#4867,.F.);
#6244=ORIENTED_EDGE('',*,*,#4868,.F.);
#6245=ORIENTED_EDGE('',*,*,#4869,.F.);
#6246=ORIENTED_EDGE('',*,*,#4870,.F.);
#6247=ORIENTED_EDGE('',*,*,#4871,.F.);
#6248=ORIENTED_EDGE('',*,*,#4872,.F.);
#6249=ORIENTED_EDGE('',*,*,#4873,.F.);
#6250=ORIENTED_EDGE('',*,*,#4874,.F.);
#6251=ORIENTED_EDGE('',*,*,#4875,.F.);
#6252=ORIENTED_EDGE('',*,*,#4876,.F.);
#6253=ORIENTED_EDGE('',*,*,#4877,.F.);
#6254=ORIENTED_EDGE('',*,*,#4878,.F.);
#6255=ORIENTED_EDGE('',*,*,#4879,.F.);
#6256=ORIENTED_EDGE('',*,*,#4880,.F.);
#6257=ORIENTED_EDGE('',*,*,#4881,.F.);
#6258=ORIENTED_EDGE('',*,*,#4882,.F.);
#6259=ORIENTED_EDGE('',*,*,#4883,.F.);
#6260=ORIENTED_EDGE('',*,*,#4884,.F.);
#6261=ORIENTED_EDGE('',*,*,#4885,.F.);
#6262=ORIENTED_EDGE('',*,*,#4886,.F.);
#6263=ORIENTED_EDGE('',*,*,#4887,.F.);
#6264=ORIENTED_EDGE('',*,*,#4888,.F.);
#6265=ORIENTED_EDGE('',*,*,#4889,.F.);
#6266=ORIENTED_EDGE('',*,*,#4890,.F.);
#6267=ORIENTED_EDGE('',*,*,#4891,.F.);
#6268=ORIENTED_EDGE('',*,*,#4892,.F.);
#6269=ORIENTED_EDGE('',*,*,#4893,.F.);
#6270=ORIENTED_EDGE('',*,*,#4894,.F.);
#6271=ORIENTED_EDGE('',*,*,#4895,.F.);
#6272=ORIENTED_EDGE('',*,*,#4896,.F.);
#6273=ORIENTED_EDGE('',*,*,#4897,.F.);
#6274=ORIENTED_EDGE('',*,*,#4898,.F.);
#6275=ORIENTED_EDGE('',*,*,#4899,.F.);
#6276=ORIENTED_EDGE('',*,*,#4900,.F.);
#6277=ORIENTED_EDGE('',*,*,#4901,.F.);
#6278=ORIENTED_EDGE('',*,*,#4902,.F.);
#6279=ORIENTED_EDGE('',*,*,#4903,.F.);
#6280=ORIENTED_EDGE('',*,*,#4904,.F.);
#6281=ORIENTED_EDGE('',*,*,#4905,.F.);
#6282=ORIENTED_EDGE('',*,*,#4906,.F.);
#6283=ORIENTED_EDGE('',*,*,#4907,.F.);
#6284=ORIENTED_EDGE('',*,*,#4908,.F.);
#6285=ORIENTED_EDGE('',*,*,#4909,.F.);
#6286=ORIENTED_EDGE('',*,*,#4910,.F.);
#6287=ORIENTED_EDGE('',*,*,#4911,.F.);
#6288=ORIENTED_EDGE('',*,*,#4912,.F.);
#6289=ORIENTED_EDGE('',*,*,#4913,.F.);
#6290=ORIENTED_EDGE('',*,*,#4914,.F.);
#6291=ORIENTED_EDGE('',*,*,#4915,.F.);
#6292=ORIENTED_EDGE('',*,*,#4916,.F.);
#6293=ORIENTED_EDGE('',*,*,#4917,.F.);
#6294=ORIENTED_EDGE('',*,*,#4918,.F.);
#6295=ORIENTED_EDGE('',*,*,#4919,.F.);
#6296=ORIENTED_EDGE('',*,*,#4920,.F.);
#6297=ORIENTED_EDGE('',*,*,#4921,.F.);
#6298=ORIENTED_EDGE('',*,*,#4922,.F.);
#6299=ORIENTED_EDGE('',*,*,#4923,.F.);
#6300=ORIENTED_EDGE('',*,*,#4924,.F.);
#6301=ORIENTED_EDGE('',*,*,#4925,.F.);
#6302=ORIENTED_EDGE('',*,*,#4926,.F.);
#6303=ORIENTED_EDGE('',*,*,#4927,.F.);
#6304=ORIENTED_EDGE('',*,*,#4928,.F.);
#6305=ORIENTED_EDGE('',*,*,#4929,.F.);
#6306=ORIENTED_EDGE('',*,*,#4930,.F.);
#6307=ORIENTED_EDGE('',*,*,#4931,.F.);
#6308=ORIENTED_EDGE('',*,*,#4932,.F.);
#6309=ORIENTED_EDGE('',*,*,#4933,.F.);
#6310=ORIENTED_EDGE('',*,*,#4934,.F.);
#6311=ORIENTED_EDGE('',*,*,#4935,.F.);
#6312=ORIENTED_EDGE('',*,*,#4936,.F.);
#6313=ORIENTED_EDGE('',*,*,#4937,.F.);
#6314=ORIENTED_EDGE('',*,*,#4938,.F.);
#6315=ORIENTED_EDGE('',*,*,#4939,.F.);
#6316=ORIENTED_EDGE('',*,*,#4940,.F.);
#6317=ORIENTED_EDGE('',*,*,#4941,.F.);
#6318=ORIENTED_EDGE('',*,*,#4942,.F.);
#6319=ORIENTED_EDGE('',*,*,#4943,.F.);
#6320=ORIENTED_EDGE('',*,*,#4944,.F.);
#6321=ORIENTED_EDGE('',*,*,#4945,.F.);
#6322=ORIENTED_EDGE('',*,*,#4946,.F.);
#6323=ORIENTED_EDGE('',*,*,#4947,.F.);
#6324=ORIENTED_EDGE('',*,*,#4948,.F.);
#6325=ORIENTED_EDGE('',*,*,#4949,.F.);
#6326=ORIENTED_EDGE('',*,*,#4800,.F.);
#6327=ORIENTED_EDGE('',*,*,#4950,.T.);
#6328=ORIENTED_EDGE('',*,*,#4951,.F.);
#6329=ORIENTED_EDGE('',*,*,#4804,.F.);
#6330=ORIENTED_EDGE('',*,*,#4805,.F.);
#6331=ORIENTED_EDGE('',*,*,#4951,.T.);
#6332=ORIENTED_EDGE('',*,*,#4952,.T.);
#6333=ORIENTED_EDGE('',*,*,#4953,.T.);
#6334=ORIENTED_EDGE('',*,*,#4809,.F.);
#6335=ORIENTED_EDGE('',*,*,#4954,.T.);
#6336=ORIENTED_EDGE('',*,*,#4955,.T.);
#6337=ORIENTED_EDGE('',*,*,#4956,.T.);
#6338=ORIENTED_EDGE('',*,*,#4956,.F.);
#6339=ORIENTED_EDGE('',*,*,#4957,.T.);
#6340=ORIENTED_EDGE('',*,*,#4958,.F.);
#6341=ORIENTED_EDGE('',*,*,#4810,.F.);
#6342=ORIENTED_EDGE('',*,*,#4811,.F.);
#6343=ORIENTED_EDGE('',*,*,#4958,.T.);
#6344=ORIENTED_EDGE('',*,*,#4959,.T.);
#6345=ORIENTED_EDGE('',*,*,#4960,.T.);
#6346=ORIENTED_EDGE('',*,*,#4815,.F.);
#6347=ORIENTED_EDGE('',*,*,#4961,.T.);
#6348=ORIENTED_EDGE('',*,*,#4962,.T.);
#6349=ORIENTED_EDGE('',*,*,#4963,.T.);
#6350=ORIENTED_EDGE('',*,*,#4963,.F.);
#6351=ORIENTED_EDGE('',*,*,#4964,.T.);
#6352=ORIENTED_EDGE('',*,*,#4965,.F.);
#6353=ORIENTED_EDGE('',*,*,#4816,.F.);
#6354=ORIENTED_EDGE('',*,*,#4817,.F.);
#6355=ORIENTED_EDGE('',*,*,#4965,.T.);
#6356=ORIENTED_EDGE('',*,*,#4966,.T.);
#6357=ORIENTED_EDGE('',*,*,#4967,.T.);
#6358=ORIENTED_EDGE('',*,*,#4821,.F.);
#6359=ORIENTED_EDGE('',*,*,#4968,.T.);
#6360=ORIENTED_EDGE('',*,*,#4969,.T.);
#6361=ORIENTED_EDGE('',*,*,#4795,.T.);
#6362=ORIENTED_EDGE('',*,*,#4968,.F.);
#6363=ORIENTED_EDGE('',*,*,#4820,.F.);
#6364=ORIENTED_EDGE('',*,*,#4970,.T.);
#6365=ORIENTED_EDGE('',*,*,#4971,.T.);
#6366=ORIENTED_EDGE('',*,*,#4972,.T.);
#6367=ORIENTED_EDGE('',*,*,#4973,.T.);
#6368=ORIENTED_EDGE('',*,*,#4974,.T.);
#6369=ORIENTED_EDGE('',*,*,#4975,.T.);
#6370=ORIENTED_EDGE('',*,*,#4976,.T.);
#6371=ORIENTED_EDGE('',*,*,#4977,.T.);
#6372=ORIENTED_EDGE('',*,*,#4972,.F.);
#6373=ORIENTED_EDGE('',*,*,#4978,.T.);
#6374=ORIENTED_EDGE('',*,*,#4979,.T.);
#6375=ORIENTED_EDGE('',*,*,#4980,.T.);
#6376=ORIENTED_EDGE('',*,*,#4976,.F.);
#6377=ORIENTED_EDGE('',*,*,#4981,.T.);
#6378=ORIENTED_EDGE('',*,*,#4982,.T.);
#6379=ORIENTED_EDGE('',*,*,#4983,.T.);
#6380=ORIENTED_EDGE('',*,*,#4979,.F.);
#6381=ORIENTED_EDGE('',*,*,#4984,.T.);
#6382=ORIENTED_EDGE('',*,*,#4985,.T.);
#6383=ORIENTED_EDGE('',*,*,#4986,.T.);
#6384=ORIENTED_EDGE('',*,*,#4982,.F.);
#6385=ORIENTED_EDGE('',*,*,#4987,.T.);
#6386=ORIENTED_EDGE('',*,*,#4988,.T.);
#6387=ORIENTED_EDGE('',*,*,#4989,.T.);
#6388=ORIENTED_EDGE('',*,*,#4985,.F.);
#6389=ORIENTED_EDGE('',*,*,#4990,.T.);
#6390=ORIENTED_EDGE('',*,*,#4991,.T.);
#6391=ORIENTED_EDGE('',*,*,#4992,.T.);
#6392=ORIENTED_EDGE('',*,*,#4988,.F.);
#6393=ORIENTED_EDGE('',*,*,#4993,.T.);
#6394=ORIENTED_EDGE('',*,*,#4974,.F.);
#6395=ORIENTED_EDGE('',*,*,#4994,.T.);
#6396=ORIENTED_EDGE('',*,*,#4991,.F.);
#6397=ORIENTED_EDGE('',*,*,#4995,.T.);
#6398=ORIENTED_EDGE('',*,*,#4984,.F.);
#6399=ORIENTED_EDGE('',*,*,#4996,.T.);
#6400=ORIENTED_EDGE('',*,*,#4997,.F.);
#6401=ORIENTED_EDGE('',*,*,#4998,.F.);
#6402=ORIENTED_EDGE('',*,*,#4981,.F.);
#6403=ORIENTED_EDGE('',*,*,#4999,.T.);
#6404=ORIENTED_EDGE('',*,*,#5000,.F.);
#6405=ORIENTED_EDGE('',*,*,#4996,.F.);
#6406=ORIENTED_EDGE('',*,*,#4978,.F.);
#6407=ORIENTED_EDGE('',*,*,#5001,.T.);
#6408=ORIENTED_EDGE('',*,*,#5002,.F.);
#6409=ORIENTED_EDGE('',*,*,#4999,.F.);
#6410=ORIENTED_EDGE('',*,*,#4975,.F.);
#6411=ORIENTED_EDGE('',*,*,#5003,.T.);
#6412=ORIENTED_EDGE('',*,*,#5004,.F.);
#6413=ORIENTED_EDGE('',*,*,#5001,.F.);
#6414=ORIENTED_EDGE('',*,*,#4973,.F.);
#6415=ORIENTED_EDGE('',*,*,#4977,.F.);
#6416=ORIENTED_EDGE('',*,*,#4980,.F.);
#6417=ORIENTED_EDGE('',*,*,#4983,.F.);
#6418=ORIENTED_EDGE('',*,*,#4986,.F.);
#6419=ORIENTED_EDGE('',*,*,#4989,.F.);
#6420=ORIENTED_EDGE('',*,*,#4992,.F.);
#6421=ORIENTED_EDGE('',*,*,#4994,.F.);
#6422=ORIENTED_EDGE('',*,*,#5005,.F.);
#6423=ORIENTED_EDGE('',*,*,#5006,.F.);
#6424=ORIENTED_EDGE('',*,*,#5007,.F.);
#6425=ORIENTED_EDGE('',*,*,#5008,.F.);
#6426=ORIENTED_EDGE('',*,*,#5009,.F.);
#6427=ORIENTED_EDGE('',*,*,#5010,.F.);
#6428=ORIENTED_EDGE('',*,*,#5011,.F.);
#6429=ORIENTED_EDGE('',*,*,#5012,.F.);
#6430=ORIENTED_EDGE('',*,*,#5013,.F.);
#6431=ORIENTED_EDGE('',*,*,#5014,.F.);
#6432=ORIENTED_EDGE('',*,*,#5015,.F.);
#6433=ORIENTED_EDGE('',*,*,#5016,.F.);
#6434=ORIENTED_EDGE('',*,*,#5017,.F.);
#6435=ORIENTED_EDGE('',*,*,#5018,.F.);
#6436=ORIENTED_EDGE('',*,*,#5019,.F.);
#6437=ORIENTED_EDGE('',*,*,#5020,.F.);
#6438=ORIENTED_EDGE('',*,*,#5021,.F.);
#6439=ORIENTED_EDGE('',*,*,#5022,.F.);
#6440=ORIENTED_EDGE('',*,*,#5023,.F.);
#6441=ORIENTED_EDGE('',*,*,#4792,.F.);
#6442=ORIENTED_EDGE('',*,*,#4796,.F.);
#6443=ORIENTED_EDGE('',*,*,#4969,.F.);
#6444=ORIENTED_EDGE('',*,*,#4971,.F.);
#6445=ORIENTED_EDGE('',*,*,#5024,.F.);
#6446=ORIENTED_EDGE('',*,*,#5025,.F.);
#6447=ORIENTED_EDGE('',*,*,#4966,.F.);
#6448=ORIENTED_EDGE('',*,*,#4964,.F.);
#6449=ORIENTED_EDGE('',*,*,#4962,.F.);
#6450=ORIENTED_EDGE('',*,*,#5026,.F.);
#6451=ORIENTED_EDGE('',*,*,#5027,.F.);
#6452=ORIENTED_EDGE('',*,*,#5028,.F.);
#6453=ORIENTED_EDGE('',*,*,#4959,.F.);
#6454=ORIENTED_EDGE('',*,*,#4957,.F.);
#6455=ORIENTED_EDGE('',*,*,#4955,.F.);
#6456=ORIENTED_EDGE('',*,*,#5029,.F.);
#6457=ORIENTED_EDGE('',*,*,#5030,.F.);
#6458=ORIENTED_EDGE('',*,*,#5031,.F.);
#6459=ORIENTED_EDGE('',*,*,#4952,.F.);
#6460=ORIENTED_EDGE('',*,*,#4950,.F.);
#6461=ORIENTED_EDGE('',*,*,#4799,.F.);
#6462=ORIENTED_EDGE('',*,*,#5032,.F.);
#6463=ORIENTED_EDGE('',*,*,#5033,.F.);
#6464=ORIENTED_EDGE('',*,*,#5034,.F.);
#6465=ORIENTED_EDGE('',*,*,#5035,.F.);
#6466=ORIENTED_EDGE('',*,*,#5036,.F.);
#6467=ORIENTED_EDGE('',*,*,#5037,.F.);
#6468=ORIENTED_EDGE('',*,*,#5038,.F.);
#6469=ORIENTED_EDGE('',*,*,#5039,.F.);
#6470=ORIENTED_EDGE('',*,*,#5040,.F.);
#6471=ORIENTED_EDGE('',*,*,#5041,.F.);
#6472=ORIENTED_EDGE('',*,*,#5042,.F.);
#6473=ORIENTED_EDGE('',*,*,#5043,.F.);
#6474=ORIENTED_EDGE('',*,*,#5044,.F.);
#6475=ORIENTED_EDGE('',*,*,#5045,.F.);
#6476=ORIENTED_EDGE('',*,*,#5046,.F.);
#6477=ORIENTED_EDGE('',*,*,#5047,.F.);
#6478=ORIENTED_EDGE('',*,*,#5048,.T.);
#6479=ORIENTED_EDGE('',*,*,#5049,.T.);
#6480=ORIENTED_EDGE('',*,*,#5050,.T.);
#6481=ORIENTED_EDGE('',*,*,#5004,.T.);
#6482=ORIENTED_EDGE('',*,*,#5051,.T.);
#6483=ORIENTED_EDGE('',*,*,#5052,.T.);
#6484=ORIENTED_EDGE('',*,*,#5048,.F.);
#6485=ORIENTED_EDGE('',*,*,#5053,.T.);
#6486=ORIENTED_EDGE('',*,*,#5054,.T.);
#6487=ORIENTED_EDGE('',*,*,#5055,.T.);
#6488=ORIENTED_EDGE('',*,*,#5051,.F.);
#6489=ORIENTED_EDGE('',*,*,#5056,.T.);
#6490=ORIENTED_EDGE('',*,*,#5057,.T.);
#6491=ORIENTED_EDGE('',*,*,#5058,.T.);
#6492=ORIENTED_EDGE('',*,*,#5054,.F.);
#6493=ORIENTED_EDGE('',*,*,#5059,.T.);
#6494=ORIENTED_EDGE('',*,*,#5060,.T.);
#6495=ORIENTED_EDGE('',*,*,#5061,.T.);
#6496=ORIENTED_EDGE('',*,*,#5057,.F.);
#6497=ORIENTED_EDGE('',*,*,#5062,.T.);
#6498=ORIENTED_EDGE('',*,*,#5063,.T.);
#6499=ORIENTED_EDGE('',*,*,#5064,.T.);
#6500=ORIENTED_EDGE('',*,*,#5060,.F.);
#6501=ORIENTED_EDGE('',*,*,#4997,.T.);
#6502=ORIENTED_EDGE('',*,*,#5065,.T.);
#6503=ORIENTED_EDGE('',*,*,#5066,.T.);
#6504=ORIENTED_EDGE('',*,*,#5063,.F.);
#6505=ORIENTED_EDGE('',*,*,#5000,.T.);
#6506=ORIENTED_EDGE('',*,*,#5050,.F.);
#6507=ORIENTED_EDGE('',*,*,#5067,.T.);
#6508=ORIENTED_EDGE('',*,*,#5065,.F.);
#6509=ORIENTED_EDGE('',*,*,#5002,.T.);
#6510=ORIENTED_EDGE('',*,*,#4990,.F.);
#6511=ORIENTED_EDGE('',*,*,#5068,.T.);
#6512=ORIENTED_EDGE('',*,*,#5059,.F.);
#6513=ORIENTED_EDGE('',*,*,#5069,.F.);
#6514=ORIENTED_EDGE('',*,*,#4993,.F.);
#6515=ORIENTED_EDGE('',*,*,#5069,.T.);
#6516=ORIENTED_EDGE('',*,*,#5056,.F.);
#6517=ORIENTED_EDGE('',*,*,#5070,.F.);
#6518=ORIENTED_EDGE('',*,*,#4995,.F.);
#6519=ORIENTED_EDGE('',*,*,#5070,.T.);
#6520=ORIENTED_EDGE('',*,*,#5053,.F.);
#6521=ORIENTED_EDGE('',*,*,#5003,.F.);
#6522=ORIENTED_EDGE('',*,*,#5049,.F.);
#6523=ORIENTED_EDGE('',*,*,#5052,.F.);
#6524=ORIENTED_EDGE('',*,*,#5055,.F.);
#6525=ORIENTED_EDGE('',*,*,#5058,.F.);
#6526=ORIENTED_EDGE('',*,*,#5061,.F.);
#6527=ORIENTED_EDGE('',*,*,#5064,.F.);
#6528=ORIENTED_EDGE('',*,*,#5066,.F.);
#6529=ORIENTED_EDGE('',*,*,#5067,.F.);
#6530=ORIENTED_EDGE('',*,*,#5071,.F.);
#6531=ORIENTED_EDGE('',*,*,#5072,.F.);
#6532=ORIENTED_EDGE('',*,*,#5073,.F.);
#6533=ORIENTED_EDGE('',*,*,#5074,.F.);
#6534=ORIENTED_EDGE('',*,*,#5075,.F.);
#6535=ORIENTED_EDGE('',*,*,#5076,.F.);
#6536=ORIENTED_EDGE('',*,*,#5077,.F.);
#6537=ORIENTED_EDGE('',*,*,#5078,.F.);
#6538=ORIENTED_EDGE('',*,*,#5079,.F.);
#6539=ORIENTED_EDGE('',*,*,#5080,.F.);
#6540=ORIENTED_EDGE('',*,*,#5081,.F.);
#6541=ORIENTED_EDGE('',*,*,#5082,.F.);
#6542=ORIENTED_EDGE('',*,*,#5083,.F.);
#6543=ORIENTED_EDGE('',*,*,#5084,.F.);
#6544=ORIENTED_EDGE('',*,*,#5085,.F.);
#6545=ORIENTED_EDGE('',*,*,#5086,.F.);
#6546=ORIENTED_EDGE('',*,*,#5087,.F.);
#6547=ORIENTED_EDGE('',*,*,#5088,.F.);
#6548=ORIENTED_EDGE('',*,*,#5089,.F.);
#6549=ORIENTED_EDGE('',*,*,#5090,.F.);
#6550=ORIENTED_EDGE('',*,*,#5091,.F.);
#6551=ORIENTED_EDGE('',*,*,#5092,.F.);
#6552=ORIENTED_EDGE('',*,*,#5093,.F.);
#6553=ORIENTED_EDGE('',*,*,#5094,.F.);
#6554=ORIENTED_EDGE('',*,*,#5095,.F.);
#6555=ORIENTED_EDGE('',*,*,#5096,.F.);
#6556=ORIENTED_EDGE('',*,*,#5097,.F.);
#6557=ORIENTED_EDGE('',*,*,#5098,.F.);
#6558=ORIENTED_EDGE('',*,*,#5099,.F.);
#6559=ORIENTED_EDGE('',*,*,#5100,.F.);
#6560=ORIENTED_EDGE('',*,*,#5101,.F.);
#6561=ORIENTED_EDGE('',*,*,#5102,.F.);
#6562=ORIENTED_EDGE('',*,*,#5103,.F.);
#6563=ORIENTED_EDGE('',*,*,#5104,.F.);
#6564=ORIENTED_EDGE('',*,*,#5105,.F.);
#6565=ORIENTED_EDGE('',*,*,#5106,.F.);
#6566=ORIENTED_EDGE('',*,*,#5107,.F.);
#6567=ORIENTED_EDGE('',*,*,#5108,.F.);
#6568=ORIENTED_EDGE('',*,*,#5109,.F.);
#6569=ORIENTED_EDGE('',*,*,#5110,.F.);
#6570=ORIENTED_EDGE('',*,*,#5111,.F.);
#6571=ORIENTED_EDGE('',*,*,#5112,.F.);
#6572=ORIENTED_EDGE('',*,*,#5113,.F.);
#6573=ORIENTED_EDGE('',*,*,#5114,.F.);
#6574=ORIENTED_EDGE('',*,*,#5115,.F.);
#6575=ORIENTED_EDGE('',*,*,#5116,.F.);
#6576=ORIENTED_EDGE('',*,*,#5117,.F.);
#6577=ORIENTED_EDGE('',*,*,#5118,.F.);
#6578=ORIENTED_EDGE('',*,*,#5119,.F.);
#6579=ORIENTED_EDGE('',*,*,#5120,.F.);
#6580=ORIENTED_EDGE('',*,*,#5121,.F.);
#6581=ORIENTED_EDGE('',*,*,#5122,.F.);
#6582=ORIENTED_EDGE('',*,*,#5123,.F.);
#6583=ORIENTED_EDGE('',*,*,#5124,.F.);
#6584=ORIENTED_EDGE('',*,*,#5125,.F.);
#6585=ORIENTED_EDGE('',*,*,#5126,.F.);
#6586=ORIENTED_EDGE('',*,*,#5127,.F.);
#6587=ORIENTED_EDGE('',*,*,#5128,.F.);
#6588=ORIENTED_EDGE('',*,*,#5129,.F.);
#6589=ORIENTED_EDGE('',*,*,#5130,.F.);
#6590=ORIENTED_EDGE('',*,*,#5131,.F.);
#6591=ORIENTED_EDGE('',*,*,#5132,.F.);
#6592=ORIENTED_EDGE('',*,*,#5133,.F.);
#6593=ORIENTED_EDGE('',*,*,#5134,.F.);
#6594=ORIENTED_EDGE('',*,*,#5135,.F.);
#6595=ORIENTED_EDGE('',*,*,#5136,.F.);
#6596=ORIENTED_EDGE('',*,*,#5137,.F.);
#6597=ORIENTED_EDGE('',*,*,#5138,.F.);
#6598=ORIENTED_EDGE('',*,*,#5139,.F.);
#6599=ORIENTED_EDGE('',*,*,#5140,.F.);
#6600=ORIENTED_EDGE('',*,*,#5141,.F.);
#6601=ORIENTED_EDGE('',*,*,#5142,.F.);
#6602=ORIENTED_EDGE('',*,*,#5143,.F.);
#6603=ORIENTED_EDGE('',*,*,#5144,.F.);
#6604=ORIENTED_EDGE('',*,*,#5145,.F.);
#6605=ORIENTED_EDGE('',*,*,#5146,.F.);
#6606=ORIENTED_EDGE('',*,*,#5147,.F.);
#6607=ORIENTED_EDGE('',*,*,#5148,.F.);
#6608=ORIENTED_EDGE('',*,*,#5149,.F.);
#6609=ORIENTED_EDGE('',*,*,#5150,.F.);
#6610=ORIENTED_EDGE('',*,*,#5151,.F.);
#6611=ORIENTED_EDGE('',*,*,#5152,.F.);
#6612=ORIENTED_EDGE('',*,*,#5153,.F.);
#6613=ORIENTED_EDGE('',*,*,#5154,.F.);
#6614=ORIENTED_EDGE('',*,*,#5155,.F.);
#6615=ORIENTED_EDGE('',*,*,#5156,.F.);
#6616=ORIENTED_EDGE('',*,*,#5157,.F.);
#6617=ORIENTED_EDGE('',*,*,#5158,.F.);
#6618=ORIENTED_EDGE('',*,*,#5159,.F.);
#6619=ORIENTED_EDGE('',*,*,#5160,.F.);
#6620=ORIENTED_EDGE('',*,*,#5161,.F.);
#6621=ORIENTED_EDGE('',*,*,#5162,.F.);
#6622=ORIENTED_EDGE('',*,*,#5163,.F.);
#6623=ORIENTED_EDGE('',*,*,#5164,.F.);
#6624=ORIENTED_EDGE('',*,*,#5165,.F.);
#6625=ORIENTED_EDGE('',*,*,#5166,.F.);
#6626=ORIENTED_EDGE('',*,*,#5167,.F.);
#6627=ORIENTED_EDGE('',*,*,#5168,.F.);
#6628=ORIENTED_EDGE('',*,*,#5169,.F.);
#6629=ORIENTED_EDGE('',*,*,#5170,.F.);
#6630=ORIENTED_EDGE('',*,*,#5171,.F.);
#6631=ORIENTED_EDGE('',*,*,#5172,.F.);
#6632=ORIENTED_EDGE('',*,*,#5173,.F.);
#6633=ORIENTED_EDGE('',*,*,#5174,.F.);
#6634=ORIENTED_EDGE('',*,*,#5175,.F.);
#6635=ORIENTED_EDGE('',*,*,#5176,.F.);
#6636=ORIENTED_EDGE('',*,*,#5177,.F.);
#6637=ORIENTED_EDGE('',*,*,#5178,.F.);
#6638=ORIENTED_EDGE('',*,*,#5179,.F.);
#6639=ORIENTED_EDGE('',*,*,#5180,.F.);
#6640=ORIENTED_EDGE('',*,*,#5181,.F.);
#6641=ORIENTED_EDGE('',*,*,#5182,.F.);
#6642=ORIENTED_EDGE('',*,*,#5183,.F.);
#6643=ORIENTED_EDGE('',*,*,#5184,.F.);
#6644=ORIENTED_EDGE('',*,*,#5185,.F.);
#6645=ORIENTED_EDGE('',*,*,#5186,.F.);
#6646=ORIENTED_EDGE('',*,*,#5187,.F.);
#6647=ORIENTED_EDGE('',*,*,#5188,.F.);
#6648=ORIENTED_EDGE('',*,*,#5189,.F.);
#6649=ORIENTED_EDGE('',*,*,#5190,.F.);
#6650=ORIENTED_EDGE('',*,*,#5191,.F.);
#6651=ORIENTED_EDGE('',*,*,#5192,.F.);
#6652=ORIENTED_EDGE('',*,*,#5193,.F.);
#6653=ORIENTED_EDGE('',*,*,#5194,.F.);
#6654=ORIENTED_EDGE('',*,*,#5195,.F.);
#6655=ORIENTED_EDGE('',*,*,#5196,.F.);
#6656=ORIENTED_EDGE('',*,*,#5197,.F.);
#6657=ORIENTED_EDGE('',*,*,#5198,.F.);
#6658=ORIENTED_EDGE('',*,*,#5199,.F.);
#6659=ORIENTED_EDGE('',*,*,#5200,.F.);
#6660=ORIENTED_EDGE('',*,*,#5201,.F.);
#6661=ORIENTED_EDGE('',*,*,#5202,.F.);
#6662=ORIENTED_EDGE('',*,*,#5203,.T.);
#6663=ORIENTED_EDGE('',*,*,#5204,.T.);
#6664=ORIENTED_EDGE('',*,*,#5205,.T.);
#6665=ORIENTED_EDGE('',*,*,#5005,.T.);
#6666=ORIENTED_EDGE('',*,*,#5206,.T.);
#6667=ORIENTED_EDGE('',*,*,#5012,.T.);
#6668=ORIENTED_EDGE('',*,*,#5207,.T.);
#6669=ORIENTED_EDGE('',*,*,#5208,.T.);
#6670=ORIENTED_EDGE('',*,*,#5209,.T.);
#6671=ORIENTED_EDGE('',*,*,#5210,.T.);
#6672=ORIENTED_EDGE('',*,*,#5211,.T.);
#6673=ORIENTED_EDGE('',*,*,#5011,.T.);
#6674=ORIENTED_EDGE('',*,*,#5212,.T.);
#6675=ORIENTED_EDGE('',*,*,#5010,.T.);
#6676=ORIENTED_EDGE('',*,*,#5213,.T.);
#6677=ORIENTED_EDGE('',*,*,#5214,.T.);
#6678=ORIENTED_EDGE('',*,*,#5215,.T.);
#6679=ORIENTED_EDGE('',*,*,#5216,.T.);
#6680=ORIENTED_EDGE('',*,*,#5217,.T.);
#6681=ORIENTED_EDGE('',*,*,#5009,.T.);
#6682=ORIENTED_EDGE('',*,*,#5218,.T.);
#6683=ORIENTED_EDGE('',*,*,#5008,.T.);
#6684=ORIENTED_EDGE('',*,*,#5219,.T.);
#6685=ORIENTED_EDGE('',*,*,#5220,.T.);
#6686=ORIENTED_EDGE('',*,*,#5221,.T.);
#6687=ORIENTED_EDGE('',*,*,#5222,.T.);
#6688=ORIENTED_EDGE('',*,*,#5223,.T.);
#6689=ORIENTED_EDGE('',*,*,#5007,.T.);
#6690=ORIENTED_EDGE('',*,*,#5224,.T.);
#6691=ORIENTED_EDGE('',*,*,#5006,.T.);
#6692=ORIENTED_EDGE('',*,*,#5225,.T.);
#6693=ORIENTED_EDGE('',*,*,#5226,.T.);
#6694=ORIENTED_EDGE('',*,*,#5224,.F.);
#6695=ORIENTED_EDGE('',*,*,#5227,.T.);
#6696=ORIENTED_EDGE('',*,*,#5221,.F.);
#6697=ORIENTED_EDGE('',*,*,#5223,.F.);
#6698=ORIENTED_EDGE('',*,*,#5228,.T.);
#6699=ORIENTED_EDGE('',*,*,#5219,.F.);
#6700=ORIENTED_EDGE('',*,*,#5218,.F.);
#6701=ORIENTED_EDGE('',*,*,#5229,.T.);
#6702=ORIENTED_EDGE('',*,*,#5215,.F.);
#6703=ORIENTED_EDGE('',*,*,#5217,.F.);
#6704=ORIENTED_EDGE('',*,*,#5230,.T.);
#6705=ORIENTED_EDGE('',*,*,#5213,.F.);
#6706=ORIENTED_EDGE('',*,*,#5212,.F.);
#6707=ORIENTED_EDGE('',*,*,#5231,.T.);
#6708=ORIENTED_EDGE('',*,*,#5209,.F.);
#6709=ORIENTED_EDGE('',*,*,#5211,.F.);
#6710=ORIENTED_EDGE('',*,*,#5232,.T.);
#6711=ORIENTED_EDGE('',*,*,#5207,.F.);
#6712=ORIENTED_EDGE('',*,*,#5206,.F.);
#6713=ORIENTED_EDGE('',*,*,#5233,.T.);
#6714=ORIENTED_EDGE('',*,*,#5203,.F.);
#6715=ORIENTED_EDGE('',*,*,#5205,.F.);
#6716=ORIENTED_EDGE('',*,*,#5234,.T.);
#6717=ORIENTED_EDGE('',*,*,#5225,.F.);
#6718=ORIENTED_EDGE('',*,*,#5230,.F.);
#6719=ORIENTED_EDGE('',*,*,#5235,.T.);
#6720=ORIENTED_EDGE('',*,*,#5236,.T.);
#6721=ORIENTED_EDGE('',*,*,#5237,.T.);
#6722=ORIENTED_EDGE('',*,*,#5238,.F.);
#6723=ORIENTED_EDGE('',*,*,#5216,.F.);
#6724=ORIENTED_EDGE('',*,*,#5239,.F.);
#6725=ORIENTED_EDGE('',*,*,#5240,.F.);
#6726=ORIENTED_EDGE('',*,*,#5235,.F.);
#6727=ORIENTED_EDGE('',*,*,#5229,.F.);
#6728=ORIENTED_EDGE('',*,*,#5241,.F.);
#6729=ORIENTED_EDGE('',*,*,#5242,.T.);
#6730=ORIENTED_EDGE('',*,*,#5243,.F.);
#6731=ORIENTED_EDGE('',*,*,#5239,.T.);
#6732=ORIENTED_EDGE('',*,*,#5228,.F.);
#6733=ORIENTED_EDGE('',*,*,#5244,.T.);
#6734=ORIENTED_EDGE('',*,*,#5245,.T.);
#6735=ORIENTED_EDGE('',*,*,#5246,.T.);
#6736=ORIENTED_EDGE('',*,*,#5247,.F.);
#6737=ORIENTED_EDGE('',*,*,#5222,.F.);
#6738=ORIENTED_EDGE('',*,*,#5248,.F.);
#6739=ORIENTED_EDGE('',*,*,#5249,.F.);
#6740=ORIENTED_EDGE('',*,*,#5244,.F.);
#6741=ORIENTED_EDGE('',*,*,#5227,.F.);
#6742=ORIENTED_EDGE('',*,*,#5250,.F.);
#6743=ORIENTED_EDGE('',*,*,#5251,.T.);
#6744=ORIENTED_EDGE('',*,*,#5252,.F.);
#6745=ORIENTED_EDGE('',*,*,#5248,.T.);
#6746=ORIENTED_EDGE('',*,*,#5071,.T.);
#6747=ORIENTED_EDGE('',*,*,#5253,.T.);
#6748=ORIENTED_EDGE('',*,*,#5254,.F.);
#6749=ORIENTED_EDGE('',*,*,#5255,.F.);
#6750=ORIENTED_EDGE('',*,*,#5256,.T.);
#6751=ORIENTED_EDGE('',*,*,#5257,.F.);
#6752=ORIENTED_EDGE('',*,*,#5258,.F.);
#6753=ORIENTED_EDGE('',*,*,#5259,.F.);
#6754=ORIENTED_EDGE('',*,*,#5260,.T.);
#6755=ORIENTED_EDGE('',*,*,#5237,.F.);
#6756=ORIENTED_EDGE('',*,*,#5261,.F.);
#6757=ORIENTED_EDGE('',*,*,#5242,.F.);
#6758=ORIENTED_EDGE('',*,*,#5262,.T.);
#6759=ORIENTED_EDGE('',*,*,#5246,.F.);
#6760=ORIENTED_EDGE('',*,*,#5263,.F.);
#6761=ORIENTED_EDGE('',*,*,#5251,.F.);
#6762=ORIENTED_EDGE('',*,*,#5264,.T.);
#6763=ORIENTED_EDGE('',*,*,#5265,.F.);
#6764=ORIENTED_EDGE('',*,*,#5266,.F.);
#6765=ORIENTED_EDGE('',*,*,#5253,.F.);
#6766=ORIENTED_EDGE('',*,*,#5234,.F.);
#6767=ORIENTED_EDGE('',*,*,#5267,.T.);
#6768=ORIENTED_EDGE('',*,*,#5268,.T.);
#6769=ORIENTED_EDGE('',*,*,#5265,.T.);
#6770=ORIENTED_EDGE('',*,*,#5269,.F.);
#6771=ORIENTED_EDGE('',*,*,#5204,.F.);
#6772=ORIENTED_EDGE('',*,*,#5270,.F.);
#6773=ORIENTED_EDGE('',*,*,#5271,.F.);
#6774=ORIENTED_EDGE('',*,*,#5267,.F.);
#6775=ORIENTED_EDGE('',*,*,#5233,.F.);
#6776=ORIENTED_EDGE('',*,*,#5272,.F.);
#6777=ORIENTED_EDGE('',*,*,#5255,.T.);
#6778=ORIENTED_EDGE('',*,*,#5273,.F.);
#6779=ORIENTED_EDGE('',*,*,#5270,.T.);
#6780=ORIENTED_EDGE('',*,*,#5232,.F.);
#6781=ORIENTED_EDGE('',*,*,#5274,.T.);
#6782=ORIENTED_EDGE('',*,*,#5275,.T.);
#6783=ORIENTED_EDGE('',*,*,#5257,.T.);
#6784=ORIENTED_EDGE('',*,*,#5276,.F.);
#6785=ORIENTED_EDGE('',*,*,#5210,.F.);
#6786=ORIENTED_EDGE('',*,*,#5277,.F.);
#6787=ORIENTED_EDGE('',*,*,#5278,.F.);
#6788=ORIENTED_EDGE('',*,*,#5274,.F.);
#6789=ORIENTED_EDGE('',*,*,#5231,.F.);
#6790=ORIENTED_EDGE('',*,*,#5279,.F.);
#6791=ORIENTED_EDGE('',*,*,#5259,.T.);
#6792=ORIENTED_EDGE('',*,*,#5280,.F.);
#6793=ORIENTED_EDGE('',*,*,#5277,.T.);
#6794=ORIENTED_EDGE('',*,*,#5271,.T.);
#6795=ORIENTED_EDGE('',*,*,#5273,.T.);
#6796=ORIENTED_EDGE('',*,*,#5254,.T.);
#6797=ORIENTED_EDGE('',*,*,#5266,.T.);
#6798=ORIENTED_EDGE('',*,*,#5268,.F.);
#6799=ORIENTED_EDGE('',*,*,#5240,.T.);
#6800=ORIENTED_EDGE('',*,*,#5243,.T.);
#6801=ORIENTED_EDGE('',*,*,#5261,.T.);
#6802=ORIENTED_EDGE('',*,*,#5236,.F.);
#6803=ORIENTED_EDGE('',*,*,#5278,.T.);
#6804=ORIENTED_EDGE('',*,*,#5280,.T.);
#6805=ORIENTED_EDGE('',*,*,#5258,.T.);
#6806=ORIENTED_EDGE('',*,*,#5275,.F.);
#6807=ORIENTED_EDGE('',*,*,#5249,.T.);
#6808=ORIENTED_EDGE('',*,*,#5252,.T.);
#6809=ORIENTED_EDGE('',*,*,#5263,.T.);
#6810=ORIENTED_EDGE('',*,*,#5245,.F.);
#6811=ORIENTED_EDGE('',*,*,#5256,.F.);
#6812=ORIENTED_EDGE('',*,*,#5272,.T.);
#6813=ORIENTED_EDGE('',*,*,#5208,.F.);
#6814=ORIENTED_EDGE('',*,*,#5276,.T.);
#6815=ORIENTED_EDGE('',*,*,#5226,.F.);
#6816=ORIENTED_EDGE('',*,*,#5269,.T.);
#6817=ORIENTED_EDGE('',*,*,#5264,.F.);
#6818=ORIENTED_EDGE('',*,*,#5250,.T.);
#6819=ORIENTED_EDGE('',*,*,#5220,.F.);
#6820=ORIENTED_EDGE('',*,*,#5247,.T.);
#6821=ORIENTED_EDGE('',*,*,#5262,.F.);
#6822=ORIENTED_EDGE('',*,*,#5241,.T.);
#6823=ORIENTED_EDGE('',*,*,#5214,.F.);
#6824=ORIENTED_EDGE('',*,*,#5238,.T.);
#6825=ORIENTED_EDGE('',*,*,#5260,.F.);
#6826=ORIENTED_EDGE('',*,*,#5279,.T.);
#6827=ORIENTED_EDGE('',*,*,#5281,.T.);
#6828=ORIENTED_EDGE('',*,*,#5282,.T.);
#6829=ORIENTED_EDGE('',*,*,#5283,.T.);
#6830=ORIENTED_EDGE('',*,*,#5040,.T.);
#6831=ORIENTED_EDGE('',*,*,#5284,.T.);
#6832=ORIENTED_EDGE('',*,*,#5047,.T.);
#6833=ORIENTED_EDGE('',*,*,#5285,.T.);
#6834=ORIENTED_EDGE('',*,*,#5286,.T.);
#6835=ORIENTED_EDGE('',*,*,#5287,.T.);
#6836=ORIENTED_EDGE('',*,*,#5288,.T.);
#6837=ORIENTED_EDGE('',*,*,#5289,.T.);
#6838=ORIENTED_EDGE('',*,*,#5046,.T.);
#6839=ORIENTED_EDGE('',*,*,#5290,.T.);
#6840=ORIENTED_EDGE('',*,*,#5045,.T.);
#6841=ORIENTED_EDGE('',*,*,#5291,.T.);
#6842=ORIENTED_EDGE('',*,*,#5292,.T.);
#6843=ORIENTED_EDGE('',*,*,#5293,.T.);
#6844=ORIENTED_EDGE('',*,*,#5294,.T.);
#6845=ORIENTED_EDGE('',*,*,#5295,.T.);
#6846=ORIENTED_EDGE('',*,*,#5044,.T.);
#6847=ORIENTED_EDGE('',*,*,#5296,.T.);
#6848=ORIENTED_EDGE('',*,*,#5043,.T.);
#6849=ORIENTED_EDGE('',*,*,#5297,.T.);
#6850=ORIENTED_EDGE('',*,*,#5298,.T.);
#6851=ORIENTED_EDGE('',*,*,#5299,.T.);
#6852=ORIENTED_EDGE('',*,*,#5300,.T.);
#6853=ORIENTED_EDGE('',*,*,#5301,.T.);
#6854=ORIENTED_EDGE('',*,*,#5042,.T.);
#6855=ORIENTED_EDGE('',*,*,#5302,.T.);
#6856=ORIENTED_EDGE('',*,*,#5041,.T.);
#6857=ORIENTED_EDGE('',*,*,#5303,.T.);
#6858=ORIENTED_EDGE('',*,*,#5304,.T.);
#6859=ORIENTED_EDGE('',*,*,#5302,.F.);
#6860=ORIENTED_EDGE('',*,*,#5305,.T.);
#6861=ORIENTED_EDGE('',*,*,#5299,.F.);
#6862=ORIENTED_EDGE('',*,*,#5301,.F.);
#6863=ORIENTED_EDGE('',*,*,#5306,.T.);
#6864=ORIENTED_EDGE('',*,*,#5297,.F.);
#6865=ORIENTED_EDGE('',*,*,#5296,.F.);
#6866=ORIENTED_EDGE('',*,*,#5307,.T.);
#6867=ORIENTED_EDGE('',*,*,#5293,.F.);
#6868=ORIENTED_EDGE('',*,*,#5295,.F.);
#6869=ORIENTED_EDGE('',*,*,#5308,.T.);
#6870=ORIENTED_EDGE('',*,*,#5291,.F.);
#6871=ORIENTED_EDGE('',*,*,#5290,.F.);
#6872=ORIENTED_EDGE('',*,*,#5309,.T.);
#6873=ORIENTED_EDGE('',*,*,#5287,.F.);
#6874=ORIENTED_EDGE('',*,*,#5289,.F.);
#6875=ORIENTED_EDGE('',*,*,#5310,.T.);
#6876=ORIENTED_EDGE('',*,*,#5285,.F.);
#6877=ORIENTED_EDGE('',*,*,#5284,.F.);
#6878=ORIENTED_EDGE('',*,*,#5311,.T.);
#6879=ORIENTED_EDGE('',*,*,#5281,.F.);
#6880=ORIENTED_EDGE('',*,*,#5283,.F.);
#6881=ORIENTED_EDGE('',*,*,#5312,.T.);
#6882=ORIENTED_EDGE('',*,*,#5303,.F.);
#6883=ORIENTED_EDGE('',*,*,#5308,.F.);
#6884=ORIENTED_EDGE('',*,*,#5313,.T.);
#6885=ORIENTED_EDGE('',*,*,#5314,.T.);
#6886=ORIENTED_EDGE('',*,*,#5315,.T.);
#6887=ORIENTED_EDGE('',*,*,#5316,.F.);
#6888=ORIENTED_EDGE('',*,*,#5294,.F.);
#6889=ORIENTED_EDGE('',*,*,#5317,.F.);
#6890=ORIENTED_EDGE('',*,*,#5318,.F.);
#6891=ORIENTED_EDGE('',*,*,#5313,.F.);
#6892=ORIENTED_EDGE('',*,*,#5307,.F.);
#6893=ORIENTED_EDGE('',*,*,#5319,.F.);
#6894=ORIENTED_EDGE('',*,*,#5320,.T.);
#6895=ORIENTED_EDGE('',*,*,#5321,.F.);
#6896=ORIENTED_EDGE('',*,*,#5317,.T.);
#6897=ORIENTED_EDGE('',*,*,#5306,.F.);
#6898=ORIENTED_EDGE('',*,*,#5322,.T.);
#6899=ORIENTED_EDGE('',*,*,#5323,.T.);
#6900=ORIENTED_EDGE('',*,*,#5324,.T.);
#6901=ORIENTED_EDGE('',*,*,#5325,.F.);
#6902=ORIENTED_EDGE('',*,*,#5300,.F.);
#6903=ORIENTED_EDGE('',*,*,#5326,.F.);
#6904=ORIENTED_EDGE('',*,*,#5327,.F.);
#6905=ORIENTED_EDGE('',*,*,#5322,.F.);
#6906=ORIENTED_EDGE('',*,*,#5305,.F.);
#6907=ORIENTED_EDGE('',*,*,#5328,.F.);
#6908=ORIENTED_EDGE('',*,*,#5329,.T.);
#6909=ORIENTED_EDGE('',*,*,#5330,.F.);
#6910=ORIENTED_EDGE('',*,*,#5326,.T.);
#6911=ORIENTED_EDGE('',*,*,#5202,.T.);
#6912=ORIENTED_EDGE('',*,*,#5331,.T.);
#6913=ORIENTED_EDGE('',*,*,#5332,.F.);
#6914=ORIENTED_EDGE('',*,*,#5333,.F.);
#6915=ORIENTED_EDGE('',*,*,#5334,.T.);
#6916=ORIENTED_EDGE('',*,*,#5335,.F.);
#6917=ORIENTED_EDGE('',*,*,#5336,.F.);
#6918=ORIENTED_EDGE('',*,*,#5337,.F.);
#6919=ORIENTED_EDGE('',*,*,#5338,.T.);
#6920=ORIENTED_EDGE('',*,*,#5315,.F.);
#6921=ORIENTED_EDGE('',*,*,#5339,.F.);
#6922=ORIENTED_EDGE('',*,*,#5320,.F.);
#6923=ORIENTED_EDGE('',*,*,#5340,.T.);
#6924=ORIENTED_EDGE('',*,*,#5324,.F.);
#6925=ORIENTED_EDGE('',*,*,#5341,.F.);
#6926=ORIENTED_EDGE('',*,*,#5329,.F.);
#6927=ORIENTED_EDGE('',*,*,#5342,.T.);
#6928=ORIENTED_EDGE('',*,*,#5343,.F.);
#6929=ORIENTED_EDGE('',*,*,#5344,.F.);
#6930=ORIENTED_EDGE('',*,*,#5331,.F.);
#6931=ORIENTED_EDGE('',*,*,#5312,.F.);
#6932=ORIENTED_EDGE('',*,*,#5345,.T.);
#6933=ORIENTED_EDGE('',*,*,#5346,.T.);
#6934=ORIENTED_EDGE('',*,*,#5343,.T.);
#6935=ORIENTED_EDGE('',*,*,#5347,.F.);
#6936=ORIENTED_EDGE('',*,*,#5282,.F.);
#6937=ORIENTED_EDGE('',*,*,#5348,.F.);
#6938=ORIENTED_EDGE('',*,*,#5349,.F.);
#6939=ORIENTED_EDGE('',*,*,#5345,.F.);
#6940=ORIENTED_EDGE('',*,*,#5311,.F.);
#6941=ORIENTED_EDGE('',*,*,#5350,.F.);
#6942=ORIENTED_EDGE('',*,*,#5333,.T.);
#6943=ORIENTED_EDGE('',*,*,#5351,.F.);
#6944=ORIENTED_EDGE('',*,*,#5348,.T.);
#6945=ORIENTED_EDGE('',*,*,#5310,.F.);
#6946=ORIENTED_EDGE('',*,*,#5352,.T.);
#6947=ORIENTED_EDGE('',*,*,#5353,.T.);
#6948=ORIENTED_EDGE('',*,*,#5335,.T.);
#6949=ORIENTED_EDGE('',*,*,#5354,.F.);
#6950=ORIENTED_EDGE('',*,*,#5288,.F.);
#6951=ORIENTED_EDGE('',*,*,#5355,.F.);
#6952=ORIENTED_EDGE('',*,*,#5356,.F.);
#6953=ORIENTED_EDGE('',*,*,#5352,.F.);
#6954=ORIENTED_EDGE('',*,*,#5309,.F.);
#6955=ORIENTED_EDGE('',*,*,#5357,.F.);
#6956=ORIENTED_EDGE('',*,*,#5337,.T.);
#6957=ORIENTED_EDGE('',*,*,#5358,.F.);
#6958=ORIENTED_EDGE('',*,*,#5355,.T.);
#6959=ORIENTED_EDGE('',*,*,#5349,.T.);
#6960=ORIENTED_EDGE('',*,*,#5351,.T.);
#6961=ORIENTED_EDGE('',*,*,#5332,.T.);
#6962=ORIENTED_EDGE('',*,*,#5344,.T.);
#6963=ORIENTED_EDGE('',*,*,#5346,.F.);
#6964=ORIENTED_EDGE('',*,*,#5318,.T.);
#6965=ORIENTED_EDGE('',*,*,#5321,.T.);
#6966=ORIENTED_EDGE('',*,*,#5339,.T.);
#6967=ORIENTED_EDGE('',*,*,#5314,.F.);
#6968=ORIENTED_EDGE('',*,*,#5356,.T.);
#6969=ORIENTED_EDGE('',*,*,#5358,.T.);
#6970=ORIENTED_EDGE('',*,*,#5336,.T.);
#6971=ORIENTED_EDGE('',*,*,#5353,.F.);
#6972=ORIENTED_EDGE('',*,*,#5327,.T.);
#6973=ORIENTED_EDGE('',*,*,#5330,.T.);
#6974=ORIENTED_EDGE('',*,*,#5341,.T.);
#6975=ORIENTED_EDGE('',*,*,#5323,.F.);
#6976=ORIENTED_EDGE('',*,*,#5334,.F.);
#6977=ORIENTED_EDGE('',*,*,#5350,.T.);
#6978=ORIENTED_EDGE('',*,*,#5286,.F.);
#6979=ORIENTED_EDGE('',*,*,#5354,.T.);
#6980=ORIENTED_EDGE('',*,*,#5304,.F.);
#6981=ORIENTED_EDGE('',*,*,#5347,.T.);
#6982=ORIENTED_EDGE('',*,*,#5342,.F.);
#6983=ORIENTED_EDGE('',*,*,#5328,.T.);
#6984=ORIENTED_EDGE('',*,*,#5298,.F.);
#6985=ORIENTED_EDGE('',*,*,#5325,.T.);
#6986=ORIENTED_EDGE('',*,*,#5340,.F.);
#6987=ORIENTED_EDGE('',*,*,#5319,.T.);
#6988=ORIENTED_EDGE('',*,*,#5292,.F.);
#6989=ORIENTED_EDGE('',*,*,#5316,.T.);
#6990=ORIENTED_EDGE('',*,*,#5338,.F.);
#6991=ORIENTED_EDGE('',*,*,#5357,.T.);
#6992=ORIENTED_EDGE('',*,*,#5359,.T.);
#6993=ORIENTED_EDGE('',*,*,#5360,.T.);
#6994=ORIENTED_EDGE('',*,*,#5361,.T.);
#6995=ORIENTED_EDGE('',*,*,#5013,.T.);
#6996=ORIENTED_EDGE('',*,*,#5362,.T.);
#6997=ORIENTED_EDGE('',*,*,#5020,.T.);
#6998=ORIENTED_EDGE('',*,*,#5363,.T.);
#6999=ORIENTED_EDGE('',*,*,#5364,.T.);
#7000=ORIENTED_EDGE('',*,*,#5365,.T.);
#7001=ORIENTED_EDGE('',*,*,#5366,.T.);
#7002=ORIENTED_EDGE('',*,*,#5367,.T.);
#7003=ORIENTED_EDGE('',*,*,#5019,.T.);
#7004=ORIENTED_EDGE('',*,*,#5368,.T.);
#7005=ORIENTED_EDGE('',*,*,#5018,.T.);
#7006=ORIENTED_EDGE('',*,*,#5369,.T.);
#7007=ORIENTED_EDGE('',*,*,#5370,.T.);
#7008=ORIENTED_EDGE('',*,*,#5371,.T.);
#7009=ORIENTED_EDGE('',*,*,#5372,.T.);
#7010=ORIENTED_EDGE('',*,*,#5373,.T.);
#7011=ORIENTED_EDGE('',*,*,#5017,.T.);
#7012=ORIENTED_EDGE('',*,*,#5374,.T.);
#7013=ORIENTED_EDGE('',*,*,#5016,.T.);
#7014=ORIENTED_EDGE('',*,*,#5375,.T.);
#7015=ORIENTED_EDGE('',*,*,#5376,.T.);
#7016=ORIENTED_EDGE('',*,*,#5377,.T.);
#7017=ORIENTED_EDGE('',*,*,#5378,.T.);
#7018=ORIENTED_EDGE('',*,*,#5379,.T.);
#7019=ORIENTED_EDGE('',*,*,#5015,.T.);
#7020=ORIENTED_EDGE('',*,*,#5380,.T.);
#7021=ORIENTED_EDGE('',*,*,#5014,.T.);
#7022=ORIENTED_EDGE('',*,*,#5381,.T.);
#7023=ORIENTED_EDGE('',*,*,#5382,.T.);
#7024=ORIENTED_EDGE('',*,*,#5380,.F.);
#7025=ORIENTED_EDGE('',*,*,#5383,.T.);
#7026=ORIENTED_EDGE('',*,*,#5377,.F.);
#7027=ORIENTED_EDGE('',*,*,#5379,.F.);
#7028=ORIENTED_EDGE('',*,*,#5384,.T.);
#7029=ORIENTED_EDGE('',*,*,#5375,.F.);
#7030=ORIENTED_EDGE('',*,*,#5374,.F.);
#7031=ORIENTED_EDGE('',*,*,#5385,.T.);
#7032=ORIENTED_EDGE('',*,*,#5371,.F.);
#7033=ORIENTED_EDGE('',*,*,#5373,.F.);
#7034=ORIENTED_EDGE('',*,*,#5386,.T.);
#7035=ORIENTED_EDGE('',*,*,#5369,.F.);
#7036=ORIENTED_EDGE('',*,*,#5368,.F.);
#7037=ORIENTED_EDGE('',*,*,#5387,.T.);
#7038=ORIENTED_EDGE('',*,*,#5365,.F.);
#7039=ORIENTED_EDGE('',*,*,#5367,.F.);
#7040=ORIENTED_EDGE('',*,*,#5388,.T.);
#7041=ORIENTED_EDGE('',*,*,#5363,.F.);
#7042=ORIENTED_EDGE('',*,*,#5362,.F.);
#7043=ORIENTED_EDGE('',*,*,#5389,.T.);
#7044=ORIENTED_EDGE('',*,*,#5359,.F.);
#7045=ORIENTED_EDGE('',*,*,#5361,.F.);
#7046=ORIENTED_EDGE('',*,*,#5390,.T.);
#7047=ORIENTED_EDGE('',*,*,#5381,.F.);
#7048=ORIENTED_EDGE('',*,*,#5386,.F.);
#7049=ORIENTED_EDGE('',*,*,#5391,.T.);
#7050=ORIENTED_EDGE('',*,*,#5392,.T.);
#7051=ORIENTED_EDGE('',*,*,#5393,.T.);
#7052=ORIENTED_EDGE('',*,*,#5394,.F.);
#7053=ORIENTED_EDGE('',*,*,#5372,.F.);
#7054=ORIENTED_EDGE('',*,*,#5395,.F.);
#7055=ORIENTED_EDGE('',*,*,#5396,.F.);
#7056=ORIENTED_EDGE('',*,*,#5391,.F.);
#7057=ORIENTED_EDGE('',*,*,#5385,.F.);
#7058=ORIENTED_EDGE('',*,*,#5397,.F.);
#7059=ORIENTED_EDGE('',*,*,#5398,.T.);
#7060=ORIENTED_EDGE('',*,*,#5399,.F.);
#7061=ORIENTED_EDGE('',*,*,#5395,.T.);
#7062=ORIENTED_EDGE('',*,*,#5384,.F.);
#7063=ORIENTED_EDGE('',*,*,#5400,.T.);
#7064=ORIENTED_EDGE('',*,*,#5401,.T.);
#7065=ORIENTED_EDGE('',*,*,#5402,.T.);
#7066=ORIENTED_EDGE('',*,*,#5403,.F.);
#7067=ORIENTED_EDGE('',*,*,#5378,.F.);
#7068=ORIENTED_EDGE('',*,*,#5404,.F.);
#7069=ORIENTED_EDGE('',*,*,#5405,.F.);
#7070=ORIENTED_EDGE('',*,*,#5400,.F.);
#7071=ORIENTED_EDGE('',*,*,#5383,.F.);
#7072=ORIENTED_EDGE('',*,*,#5406,.F.);
#7073=ORIENTED_EDGE('',*,*,#5407,.T.);
#7074=ORIENTED_EDGE('',*,*,#5408,.F.);
#7075=ORIENTED_EDGE('',*,*,#5404,.T.);
#7076=ORIENTED_EDGE('',*,*,#5072,.T.);
#7077=ORIENTED_EDGE('',*,*,#5409,.T.);
#7078=ORIENTED_EDGE('',*,*,#5410,.F.);
#7079=ORIENTED_EDGE('',*,*,#5411,.F.);
#7080=ORIENTED_EDGE('',*,*,#5412,.T.);
#7081=ORIENTED_EDGE('',*,*,#5413,.F.);
#7082=ORIENTED_EDGE('',*,*,#5414,.F.);
#7083=ORIENTED_EDGE('',*,*,#5415,.F.);
#7084=ORIENTED_EDGE('',*,*,#5416,.T.);
#7085=ORIENTED_EDGE('',*,*,#5393,.F.);
#7086=ORIENTED_EDGE('',*,*,#5417,.F.);
#7087=ORIENTED_EDGE('',*,*,#5398,.F.);
#7088=ORIENTED_EDGE('',*,*,#5418,.T.);
#7089=ORIENTED_EDGE('',*,*,#5402,.F.);
#7090=ORIENTED_EDGE('',*,*,#5419,.F.);
#7091=ORIENTED_EDGE('',*,*,#5407,.F.);
#7092=ORIENTED_EDGE('',*,*,#5420,.T.);
#7093=ORIENTED_EDGE('',*,*,#5421,.F.);
#7094=ORIENTED_EDGE('',*,*,#5422,.F.);
#7095=ORIENTED_EDGE('',*,*,#5409,.F.);
#7096=ORIENTED_EDGE('',*,*,#5390,.F.);
#7097=ORIENTED_EDGE('',*,*,#5423,.T.);
#7098=ORIENTED_EDGE('',*,*,#5424,.T.);
#7099=ORIENTED_EDGE('',*,*,#5421,.T.);
#7100=ORIENTED_EDGE('',*,*,#5425,.F.);
#7101=ORIENTED_EDGE('',*,*,#5360,.F.);
#7102=ORIENTED_EDGE('',*,*,#5426,.F.);
#7103=ORIENTED_EDGE('',*,*,#5427,.F.);
#7104=ORIENTED_EDGE('',*,*,#5423,.F.);
#7105=ORIENTED_EDGE('',*,*,#5389,.F.);
#7106=ORIENTED_EDGE('',*,*,#5428,.F.);
#7107=ORIENTED_EDGE('',*,*,#5411,.T.);
#7108=ORIENTED_EDGE('',*,*,#5429,.F.);
#7109=ORIENTED_EDGE('',*,*,#5426,.T.);
#7110=ORIENTED_EDGE('',*,*,#5388,.F.);
#7111=ORIENTED_EDGE('',*,*,#5430,.T.);
#7112=ORIENTED_EDGE('',*,*,#5431,.T.);
#7113=ORIENTED_EDGE('',*,*,#5413,.T.);
#7114=ORIENTED_EDGE('',*,*,#5432,.F.);
#7115=ORIENTED_EDGE('',*,*,#5366,.F.);
#7116=ORIENTED_EDGE('',*,*,#5433,.F.);
#7117=ORIENTED_EDGE('',*,*,#5434,.F.);
#7118=ORIENTED_EDGE('',*,*,#5430,.F.);
#7119=ORIENTED_EDGE('',*,*,#5387,.F.);
#7120=ORIENTED_EDGE('',*,*,#5435,.F.);
#7121=ORIENTED_EDGE('',*,*,#5415,.T.);
#7122=ORIENTED_EDGE('',*,*,#5436,.F.);
#7123=ORIENTED_EDGE('',*,*,#5433,.T.);
#7124=ORIENTED_EDGE('',*,*,#5427,.T.);
#7125=ORIENTED_EDGE('',*,*,#5429,.T.);
#7126=ORIENTED_EDGE('',*,*,#5410,.T.);
#7127=ORIENTED_EDGE('',*,*,#5422,.T.);
#7128=ORIENTED_EDGE('',*,*,#5424,.F.);
#7129=ORIENTED_EDGE('',*,*,#5396,.T.);
#7130=ORIENTED_EDGE('',*,*,#5399,.T.);
#7131=ORIENTED_EDGE('',*,*,#5417,.T.);
#7132=ORIENTED_EDGE('',*,*,#5392,.F.);
#7133=ORIENTED_EDGE('',*,*,#5434,.T.);
#7134=ORIENTED_EDGE('',*,*,#5436,.T.);
#7135=ORIENTED_EDGE('',*,*,#5414,.T.);
#7136=ORIENTED_EDGE('',*,*,#5431,.F.);
#7137=ORIENTED_EDGE('',*,*,#5405,.T.);
#7138=ORIENTED_EDGE('',*,*,#5408,.T.);
#7139=ORIENTED_EDGE('',*,*,#5419,.T.);
#7140=ORIENTED_EDGE('',*,*,#5401,.F.);
#7141=ORIENTED_EDGE('',*,*,#5412,.F.);
#7142=ORIENTED_EDGE('',*,*,#5428,.T.);
#7143=ORIENTED_EDGE('',*,*,#5364,.F.);
#7144=ORIENTED_EDGE('',*,*,#5432,.T.);
#7145=ORIENTED_EDGE('',*,*,#5382,.F.);
#7146=ORIENTED_EDGE('',*,*,#5425,.T.);
#7147=ORIENTED_EDGE('',*,*,#5420,.F.);
#7148=ORIENTED_EDGE('',*,*,#5406,.T.);
#7149=ORIENTED_EDGE('',*,*,#5376,.F.);
#7150=ORIENTED_EDGE('',*,*,#5403,.T.);
#7151=ORIENTED_EDGE('',*,*,#5418,.F.);
#7152=ORIENTED_EDGE('',*,*,#5397,.T.);
#7153=ORIENTED_EDGE('',*,*,#5370,.F.);
#7154=ORIENTED_EDGE('',*,*,#5394,.T.);
#7155=ORIENTED_EDGE('',*,*,#5416,.F.);
#7156=ORIENTED_EDGE('',*,*,#5435,.T.);
#7157=ORIENTED_EDGE('',*,*,#5437,.T.);
#7158=ORIENTED_EDGE('',*,*,#5438,.T.);
#7159=ORIENTED_EDGE('',*,*,#5439,.T.);
#7160=ORIENTED_EDGE('',*,*,#5032,.T.);
#7161=ORIENTED_EDGE('',*,*,#5440,.T.);
#7162=ORIENTED_EDGE('',*,*,#5039,.T.);
#7163=ORIENTED_EDGE('',*,*,#5441,.T.);
#7164=ORIENTED_EDGE('',*,*,#5442,.T.);
#7165=ORIENTED_EDGE('',*,*,#5443,.T.);
#7166=ORIENTED_EDGE('',*,*,#5444,.T.);
#7167=ORIENTED_EDGE('',*,*,#5445,.T.);
#7168=ORIENTED_EDGE('',*,*,#5038,.T.);
#7169=ORIENTED_EDGE('',*,*,#5446,.T.);
#7170=ORIENTED_EDGE('',*,*,#5037,.T.);
#7171=ORIENTED_EDGE('',*,*,#5447,.T.);
#7172=ORIENTED_EDGE('',*,*,#5448,.T.);
#7173=ORIENTED_EDGE('',*,*,#5449,.T.);
#7174=ORIENTED_EDGE('',*,*,#5450,.T.);
#7175=ORIENTED_EDGE('',*,*,#5451,.T.);
#7176=ORIENTED_EDGE('',*,*,#5036,.T.);
#7177=ORIENTED_EDGE('',*,*,#5452,.T.);
#7178=ORIENTED_EDGE('',*,*,#5035,.T.);
#7179=ORIENTED_EDGE('',*,*,#5453,.T.);
#7180=ORIENTED_EDGE('',*,*,#5454,.T.);
#7181=ORIENTED_EDGE('',*,*,#5455,.T.);
#7182=ORIENTED_EDGE('',*,*,#5456,.T.);
#7183=ORIENTED_EDGE('',*,*,#5457,.T.);
#7184=ORIENTED_EDGE('',*,*,#5034,.T.);
#7185=ORIENTED_EDGE('',*,*,#5458,.T.);
#7186=ORIENTED_EDGE('',*,*,#5033,.T.);
#7187=ORIENTED_EDGE('',*,*,#5459,.T.);
#7188=ORIENTED_EDGE('',*,*,#5460,.T.);
#7189=ORIENTED_EDGE('',*,*,#5458,.F.);
#7190=ORIENTED_EDGE('',*,*,#5461,.T.);
#7191=ORIENTED_EDGE('',*,*,#5455,.F.);
#7192=ORIENTED_EDGE('',*,*,#5457,.F.);
#7193=ORIENTED_EDGE('',*,*,#5462,.T.);
#7194=ORIENTED_EDGE('',*,*,#5453,.F.);
#7195=ORIENTED_EDGE('',*,*,#5452,.F.);
#7196=ORIENTED_EDGE('',*,*,#5463,.T.);
#7197=ORIENTED_EDGE('',*,*,#5449,.F.);
#7198=ORIENTED_EDGE('',*,*,#5451,.F.);
#7199=ORIENTED_EDGE('',*,*,#5464,.T.);
#7200=ORIENTED_EDGE('',*,*,#5447,.F.);
#7201=ORIENTED_EDGE('',*,*,#5446,.F.);
#7202=ORIENTED_EDGE('',*,*,#5465,.T.);
#7203=ORIENTED_EDGE('',*,*,#5443,.F.);
#7204=ORIENTED_EDGE('',*,*,#5445,.F.);
#7205=ORIENTED_EDGE('',*,*,#5466,.T.);
#7206=ORIENTED_EDGE('',*,*,#5441,.F.);
#7207=ORIENTED_EDGE('',*,*,#5440,.F.);
#7208=ORIENTED_EDGE('',*,*,#5467,.T.);
#7209=ORIENTED_EDGE('',*,*,#5437,.F.);
#7210=ORIENTED_EDGE('',*,*,#5439,.F.);
#7211=ORIENTED_EDGE('',*,*,#5468,.T.);
#7212=ORIENTED_EDGE('',*,*,#5459,.F.);
#7213=ORIENTED_EDGE('',*,*,#5464,.F.);
#7214=ORIENTED_EDGE('',*,*,#5469,.T.);
#7215=ORIENTED_EDGE('',*,*,#5470,.T.);
#7216=ORIENTED_EDGE('',*,*,#5471,.T.);
#7217=ORIENTED_EDGE('',*,*,#5472,.T.);
#7218=ORIENTED_EDGE('',*,*,#5450,.F.);
#7219=ORIENTED_EDGE('',*,*,#5473,.F.);
#7220=ORIENTED_EDGE('',*,*,#5474,.F.);
#7221=ORIENTED_EDGE('',*,*,#5469,.F.);
#7222=ORIENTED_EDGE('',*,*,#5463,.F.);
#7223=ORIENTED_EDGE('',*,*,#5475,.T.);
#7224=ORIENTED_EDGE('',*,*,#5476,.T.);
#7225=ORIENTED_EDGE('',*,*,#5477,.F.);
#7226=ORIENTED_EDGE('',*,*,#5473,.T.);
#7227=ORIENTED_EDGE('',*,*,#5454,.F.);
#7228=ORIENTED_EDGE('',*,*,#5478,.F.);
#7229=ORIENTED_EDGE('',*,*,#5479,.F.);
#7230=ORIENTED_EDGE('',*,*,#5475,.F.);
#7231=ORIENTED_EDGE('',*,*,#5462,.F.);
#7232=ORIENTED_EDGE('',*,*,#5480,.T.);
#7233=ORIENTED_EDGE('',*,*,#5481,.T.);
#7234=ORIENTED_EDGE('',*,*,#5482,.T.);
#7235=ORIENTED_EDGE('',*,*,#5478,.T.);
#7236=ORIENTED_EDGE('',*,*,#5456,.F.);
#7237=ORIENTED_EDGE('',*,*,#5483,.F.);
#7238=ORIENTED_EDGE('',*,*,#5484,.F.);
#7239=ORIENTED_EDGE('',*,*,#5480,.F.);
#7240=ORIENTED_EDGE('',*,*,#5461,.F.);
#7241=ORIENTED_EDGE('',*,*,#5485,.T.);
#7242=ORIENTED_EDGE('',*,*,#5486,.T.);
#7243=ORIENTED_EDGE('',*,*,#5487,.F.);
#7244=ORIENTED_EDGE('',*,*,#5483,.T.);
#7245=ORIENTED_EDGE('',*,*,#5460,.F.);
#7246=ORIENTED_EDGE('',*,*,#5488,.F.);
#7247=ORIENTED_EDGE('',*,*,#5489,.F.);
#7248=ORIENTED_EDGE('',*,*,#5485,.F.);
#7249=ORIENTED_EDGE('',*,*,#5201,.T.);
#7250=ORIENTED_EDGE('',*,*,#5490,.T.);
#7251=ORIENTED_EDGE('',*,*,#5491,.F.);
#7252=ORIENTED_EDGE('',*,*,#5492,.F.);
#7253=ORIENTED_EDGE('',*,*,#5493,.T.);
#7254=ORIENTED_EDGE('',*,*,#5494,.F.);
#7255=ORIENTED_EDGE('',*,*,#5495,.F.);
#7256=ORIENTED_EDGE('',*,*,#5496,.F.);
#7257=ORIENTED_EDGE('',*,*,#5497,.T.);
#7258=ORIENTED_EDGE('',*,*,#5471,.F.);
#7259=ORIENTED_EDGE('',*,*,#5498,.F.);
#7260=ORIENTED_EDGE('',*,*,#5476,.F.);
#7261=ORIENTED_EDGE('',*,*,#5479,.T.);
#7262=ORIENTED_EDGE('',*,*,#5482,.F.);
#7263=ORIENTED_EDGE('',*,*,#5499,.F.);
#7264=ORIENTED_EDGE('',*,*,#5486,.F.);
#7265=ORIENTED_EDGE('',*,*,#5489,.T.);
#7266=ORIENTED_EDGE('',*,*,#5500,.F.);
#7267=ORIENTED_EDGE('',*,*,#5501,.F.);
#7268=ORIENTED_EDGE('',*,*,#5490,.F.);
#7269=ORIENTED_EDGE('',*,*,#5468,.F.);
#7270=ORIENTED_EDGE('',*,*,#5502,.T.);
#7271=ORIENTED_EDGE('',*,*,#5503,.T.);
#7272=ORIENTED_EDGE('',*,*,#5500,.T.);
#7273=ORIENTED_EDGE('',*,*,#5488,.T.);
#7274=ORIENTED_EDGE('',*,*,#5438,.F.);
#7275=ORIENTED_EDGE('',*,*,#5504,.F.);
#7276=ORIENTED_EDGE('',*,*,#5505,.F.);
#7277=ORIENTED_EDGE('',*,*,#5502,.F.);
#7278=ORIENTED_EDGE('',*,*,#5467,.F.);
#7279=ORIENTED_EDGE('',*,*,#5506,.T.);
#7280=ORIENTED_EDGE('',*,*,#5492,.T.);
#7281=ORIENTED_EDGE('',*,*,#5507,.F.);
#7282=ORIENTED_EDGE('',*,*,#5504,.T.);
#7283=ORIENTED_EDGE('',*,*,#5442,.F.);
#7284=ORIENTED_EDGE('',*,*,#5508,.F.);
#7285=ORIENTED_EDGE('',*,*,#5493,.F.);
#7286=ORIENTED_EDGE('',*,*,#5506,.F.);
#7287=ORIENTED_EDGE('',*,*,#5466,.F.);
#7288=ORIENTED_EDGE('',*,*,#5509,.T.);
#7289=ORIENTED_EDGE('',*,*,#5510,.T.);
#7290=ORIENTED_EDGE('',*,*,#5494,.T.);
#7291=ORIENTED_EDGE('',*,*,#5508,.T.);
#7292=ORIENTED_EDGE('',*,*,#5444,.F.);
#7293=ORIENTED_EDGE('',*,*,#5511,.F.);
#7294=ORIENTED_EDGE('',*,*,#5512,.F.);
#7295=ORIENTED_EDGE('',*,*,#5509,.F.);
#7296=ORIENTED_EDGE('',*,*,#5465,.F.);
#7297=ORIENTED_EDGE('',*,*,#5513,.T.);
#7298=ORIENTED_EDGE('',*,*,#5496,.T.);
#7299=ORIENTED_EDGE('',*,*,#5514,.F.);
#7300=ORIENTED_EDGE('',*,*,#5511,.T.);
#7301=ORIENTED_EDGE('',*,*,#5448,.F.);
#7302=ORIENTED_EDGE('',*,*,#5472,.F.);
#7303=ORIENTED_EDGE('',*,*,#5497,.F.);
#7304=ORIENTED_EDGE('',*,*,#5513,.F.);
#7305=ORIENTED_EDGE('',*,*,#5505,.T.);
#7306=ORIENTED_EDGE('',*,*,#5507,.T.);
#7307=ORIENTED_EDGE('',*,*,#5491,.T.);
#7308=ORIENTED_EDGE('',*,*,#5501,.T.);
#7309=ORIENTED_EDGE('',*,*,#5503,.F.);
#7310=ORIENTED_EDGE('',*,*,#5474,.T.);
#7311=ORIENTED_EDGE('',*,*,#5477,.T.);
#7312=ORIENTED_EDGE('',*,*,#5498,.T.);
#7313=ORIENTED_EDGE('',*,*,#5470,.F.);
#7314=ORIENTED_EDGE('',*,*,#5512,.T.);
#7315=ORIENTED_EDGE('',*,*,#5514,.T.);
#7316=ORIENTED_EDGE('',*,*,#5495,.T.);
#7317=ORIENTED_EDGE('',*,*,#5510,.F.);
#7318=ORIENTED_EDGE('',*,*,#5484,.T.);
#7319=ORIENTED_EDGE('',*,*,#5487,.T.);
#7320=ORIENTED_EDGE('',*,*,#5499,.T.);
#7321=ORIENTED_EDGE('',*,*,#5481,.F.);
#7322=ORIENTED_EDGE('',*,*,#4953,.F.);
#7323=ORIENTED_EDGE('',*,*,#5031,.T.);
#7324=ORIENTED_EDGE('',*,*,#5515,.F.);
#7325=ORIENTED_EDGE('',*,*,#4806,.F.);
#7326=ORIENTED_EDGE('',*,*,#5030,.T.);
#7327=ORIENTED_EDGE('',*,*,#5516,.F.);
#7328=ORIENTED_EDGE('',*,*,#4807,.F.);
#7329=ORIENTED_EDGE('',*,*,#5515,.T.);
#7330=ORIENTED_EDGE('',*,*,#4954,.F.);
#7331=ORIENTED_EDGE('',*,*,#4808,.F.);
#7332=ORIENTED_EDGE('',*,*,#5516,.T.);
#7333=ORIENTED_EDGE('',*,*,#5029,.T.);
#7334=ORIENTED_EDGE('',*,*,#4967,.F.);
#7335=ORIENTED_EDGE('',*,*,#5025,.T.);
#7336=ORIENTED_EDGE('',*,*,#5517,.F.);
#7337=ORIENTED_EDGE('',*,*,#4818,.F.);
#7338=ORIENTED_EDGE('',*,*,#5024,.T.);
#7339=ORIENTED_EDGE('',*,*,#4970,.F.);
#7340=ORIENTED_EDGE('',*,*,#4819,.F.);
#7341=ORIENTED_EDGE('',*,*,#5517,.T.);
#7342=ORIENTED_EDGE('',*,*,#4798,.F.);
#7343=ORIENTED_EDGE('',*,*,#4803,.F.);
#7344=ORIENTED_EDGE('',*,*,#5518,.T.);
#7345=ORIENTED_EDGE('',*,*,#5021,.T.);
#7346=ORIENTED_EDGE('',*,*,#4793,.F.);
#7347=ORIENTED_EDGE('',*,*,#5023,.T.);
#7348=ORIENTED_EDGE('',*,*,#5519,.F.);
#7349=ORIENTED_EDGE('',*,*,#4801,.F.);
#7350=ORIENTED_EDGE('',*,*,#5022,.T.);
#7351=ORIENTED_EDGE('',*,*,#5518,.F.);
#7352=ORIENTED_EDGE('',*,*,#4802,.F.);
#7353=ORIENTED_EDGE('',*,*,#5519,.T.);
#7354=ORIENTED_EDGE('',*,*,#4987,.F.);
#7355=ORIENTED_EDGE('',*,*,#4998,.T.);
#7356=ORIENTED_EDGE('',*,*,#5062,.F.);
#7357=ORIENTED_EDGE('',*,*,#5068,.F.);
#7358=ORIENTED_EDGE('',*,*,#4960,.F.);
#7359=ORIENTED_EDGE('',*,*,#5028,.T.);
#7360=ORIENTED_EDGE('',*,*,#5520,.F.);
#7361=ORIENTED_EDGE('',*,*,#4812,.F.);
#7362=ORIENTED_EDGE('',*,*,#4961,.F.);
#7363=ORIENTED_EDGE('',*,*,#4814,.F.);
#7364=ORIENTED_EDGE('',*,*,#5521,.T.);
#7365=ORIENTED_EDGE('',*,*,#5026,.T.);
#7366=ORIENTED_EDGE('',*,*,#5027,.T.);
#7367=ORIENTED_EDGE('',*,*,#5521,.F.);
#7368=ORIENTED_EDGE('',*,*,#4813,.F.);
#7369=ORIENTED_EDGE('',*,*,#5520,.T.);
#7370=ORIENTED_EDGE('',*,*,#5522,.T.);
#7371=ORIENTED_EDGE('',*,*,#5073,.T.);
#7372=ORIENTED_EDGE('',*,*,#5523,.T.);
#7373=ORIENTED_EDGE('',*,*,#5524,.T.);
#7374=ORIENTED_EDGE('',*,*,#5525,.T.);
#7375=ORIENTED_EDGE('',*,*,#5074,.T.);
#7376=ORIENTED_EDGE('',*,*,#5522,.F.);
#7377=ORIENTED_EDGE('',*,*,#5526,.T.);
#7378=ORIENTED_EDGE('',*,*,#5527,.T.);
#7379=ORIENTED_EDGE('',*,*,#5075,.T.);
#7380=ORIENTED_EDGE('',*,*,#5525,.F.);
#7381=ORIENTED_EDGE('',*,*,#5528,.T.);
#7382=ORIENTED_EDGE('',*,*,#5523,.F.);
#7383=ORIENTED_EDGE('',*,*,#5076,.T.);
#7384=ORIENTED_EDGE('',*,*,#5527,.F.);
#7385=ORIENTED_EDGE('',*,*,#5529,.T.);
#7386=ORIENTED_EDGE('',*,*,#5526,.F.);
#7387=ORIENTED_EDGE('',*,*,#5530,.F.);
#7388=ORIENTED_EDGE('',*,*,#5531,.F.);
#7389=ORIENTED_EDGE('',*,*,#5532,.T.);
#7390=ORIENTED_EDGE('',*,*,#5524,.F.);
#7391=ORIENTED_EDGE('',*,*,#5533,.F.);
#7392=ORIENTED_EDGE('',*,*,#5534,.F.);
#7393=ORIENTED_EDGE('',*,*,#5530,.T.);
#7394=ORIENTED_EDGE('',*,*,#5535,.T.);
#7395=ORIENTED_EDGE('',*,*,#4946,.T.);
#7396=ORIENTED_EDGE('',*,*,#5536,.T.);
#7397=ORIENTED_EDGE('',*,*,#5537,.T.);
#7398=ORIENTED_EDGE('',*,*,#5538,.T.);
#7399=ORIENTED_EDGE('',*,*,#4947,.T.);
#7400=ORIENTED_EDGE('',*,*,#5535,.F.);
#7401=ORIENTED_EDGE('',*,*,#5531,.T.);
#7402=ORIENTED_EDGE('',*,*,#5539,.T.);
#7403=ORIENTED_EDGE('',*,*,#4948,.T.);
#7404=ORIENTED_EDGE('',*,*,#5538,.F.);
#7405=ORIENTED_EDGE('',*,*,#5534,.T.);
#7406=ORIENTED_EDGE('',*,*,#5536,.F.);
#7407=ORIENTED_EDGE('',*,*,#4949,.T.);
#7408=ORIENTED_EDGE('',*,*,#5539,.F.);
#7409=ORIENTED_EDGE('',*,*,#5540,.T.);
#7410=ORIENTED_EDGE('',*,*,#5528,.F.);
#7411=ORIENTED_EDGE('',*,*,#5532,.F.);
#7412=ORIENTED_EDGE('',*,*,#5537,.F.);
#7413=ORIENTED_EDGE('',*,*,#5541,.T.);
#7414=ORIENTED_EDGE('',*,*,#5529,.F.);
#7415=ORIENTED_EDGE('',*,*,#5541,.F.);
#7416=ORIENTED_EDGE('',*,*,#5540,.F.);
#7417=ORIENTED_EDGE('',*,*,#5533,.T.);
#7418=ORIENTED_EDGE('',*,*,#5542,.T.);
#7419=ORIENTED_EDGE('',*,*,#4882,.T.);
#7420=ORIENTED_EDGE('',*,*,#5543,.T.);
#7421=ORIENTED_EDGE('',*,*,#5544,.T.);
#7422=ORIENTED_EDGE('',*,*,#5545,.T.);
#7423=ORIENTED_EDGE('',*,*,#4883,.T.);
#7424=ORIENTED_EDGE('',*,*,#5542,.F.);
#7425=ORIENTED_EDGE('',*,*,#5546,.T.);
#7426=ORIENTED_EDGE('',*,*,#5547,.T.);
#7427=ORIENTED_EDGE('',*,*,#4884,.T.);
#7428=ORIENTED_EDGE('',*,*,#5545,.F.);
#7429=ORIENTED_EDGE('',*,*,#5548,.T.);
#7430=ORIENTED_EDGE('',*,*,#5543,.F.);
#7431=ORIENTED_EDGE('',*,*,#4885,.T.);
#7432=ORIENTED_EDGE('',*,*,#5547,.F.);
#7433=ORIENTED_EDGE('',*,*,#5549,.T.);
#7434=ORIENTED_EDGE('',*,*,#5546,.F.);
#7435=ORIENTED_EDGE('',*,*,#5550,.T.);
#7436=ORIENTED_EDGE('',*,*,#5551,.F.);
#7437=ORIENTED_EDGE('',*,*,#5552,.F.);
#7438=ORIENTED_EDGE('',*,*,#5544,.F.);
#7439=ORIENTED_EDGE('',*,*,#5553,.T.);
#7440=ORIENTED_EDGE('',*,*,#5554,.F.);
#7441=ORIENTED_EDGE('',*,*,#5550,.F.);
#7442=ORIENTED_EDGE('',*,*,#5555,.T.);
#7443=ORIENTED_EDGE('',*,*,#5137,.T.);
#7444=ORIENTED_EDGE('',*,*,#5556,.T.);
#7445=ORIENTED_EDGE('',*,*,#5551,.T.);
#7446=ORIENTED_EDGE('',*,*,#5557,.T.);
#7447=ORIENTED_EDGE('',*,*,#5138,.T.);
#7448=ORIENTED_EDGE('',*,*,#5555,.F.);
#7449=ORIENTED_EDGE('',*,*,#5554,.T.);
#7450=ORIENTED_EDGE('',*,*,#5558,.T.);
#7451=ORIENTED_EDGE('',*,*,#5139,.T.);
#7452=ORIENTED_EDGE('',*,*,#5557,.F.);
#7453=ORIENTED_EDGE('',*,*,#5559,.T.);
#7454=ORIENTED_EDGE('',*,*,#5556,.F.);
#7455=ORIENTED_EDGE('',*,*,#5140,.T.);
#7456=ORIENTED_EDGE('',*,*,#5558,.F.);
#7457=ORIENTED_EDGE('',*,*,#5560,.T.);
#7458=ORIENTED_EDGE('',*,*,#5548,.F.);
#7459=ORIENTED_EDGE('',*,*,#5552,.T.);
#7460=ORIENTED_EDGE('',*,*,#5560,.F.);
#7461=ORIENTED_EDGE('',*,*,#5561,.F.);
#7462=ORIENTED_EDGE('',*,*,#5549,.F.);
#7463=ORIENTED_EDGE('',*,*,#5561,.T.);
#7464=ORIENTED_EDGE('',*,*,#5559,.F.);
#7465=ORIENTED_EDGE('',*,*,#5553,.F.);
#7466=ORIENTED_EDGE('',*,*,#5562,.T.);
#7467=ORIENTED_EDGE('',*,*,#4886,.T.);
#7468=ORIENTED_EDGE('',*,*,#5563,.T.);
#7469=ORIENTED_EDGE('',*,*,#5564,.T.);
#7470=ORIENTED_EDGE('',*,*,#5565,.T.);
#7471=ORIENTED_EDGE('',*,*,#4887,.T.);
#7472=ORIENTED_EDGE('',*,*,#5562,.F.);
#7473=ORIENTED_EDGE('',*,*,#5566,.T.);
#7474=ORIENTED_EDGE('',*,*,#5567,.T.);
#7475=ORIENTED_EDGE('',*,*,#4888,.T.);
#7476=ORIENTED_EDGE('',*,*,#5565,.F.);
#7477=ORIENTED_EDGE('',*,*,#5568,.T.);
#7478=ORIENTED_EDGE('',*,*,#5563,.F.);
#7479=ORIENTED_EDGE('',*,*,#4889,.T.);
#7480=ORIENTED_EDGE('',*,*,#5567,.F.);
#7481=ORIENTED_EDGE('',*,*,#5569,.T.);
#7482=ORIENTED_EDGE('',*,*,#5566,.F.);
#7483=ORIENTED_EDGE('',*,*,#5570,.T.);
#7484=ORIENTED_EDGE('',*,*,#5571,.F.);
#7485=ORIENTED_EDGE('',*,*,#5572,.F.);
#7486=ORIENTED_EDGE('',*,*,#5564,.F.);
#7487=ORIENTED_EDGE('',*,*,#5573,.T.);
#7488=ORIENTED_EDGE('',*,*,#5574,.F.);
#7489=ORIENTED_EDGE('',*,*,#5570,.F.);
#7490=ORIENTED_EDGE('',*,*,#5575,.T.);
#7491=ORIENTED_EDGE('',*,*,#5133,.T.);
#7492=ORIENTED_EDGE('',*,*,#5576,.T.);
#7493=ORIENTED_EDGE('',*,*,#5571,.T.);
#7494=ORIENTED_EDGE('',*,*,#5577,.T.);
#7495=ORIENTED_EDGE('',*,*,#5134,.T.);
#7496=ORIENTED_EDGE('',*,*,#5575,.F.);
#7497=ORIENTED_EDGE('',*,*,#5574,.T.);
#7498=ORIENTED_EDGE('',*,*,#5578,.T.);
#7499=ORIENTED_EDGE('',*,*,#5135,.T.);
#7500=ORIENTED_EDGE('',*,*,#5577,.F.);
#7501=ORIENTED_EDGE('',*,*,#5579,.T.);
#7502=ORIENTED_EDGE('',*,*,#5576,.F.);
#7503=ORIENTED_EDGE('',*,*,#5136,.T.);
#7504=ORIENTED_EDGE('',*,*,#5578,.F.);
#7505=ORIENTED_EDGE('',*,*,#5580,.T.);
#7506=ORIENTED_EDGE('',*,*,#5568,.F.);
#7507=ORIENTED_EDGE('',*,*,#5572,.T.);
#7508=ORIENTED_EDGE('',*,*,#5580,.F.);
#7509=ORIENTED_EDGE('',*,*,#5581,.F.);
#7510=ORIENTED_EDGE('',*,*,#5569,.F.);
#7511=ORIENTED_EDGE('',*,*,#5581,.T.);
#7512=ORIENTED_EDGE('',*,*,#5579,.F.);
#7513=ORIENTED_EDGE('',*,*,#5573,.F.);
#7514=ORIENTED_EDGE('',*,*,#5582,.T.);
#7515=ORIENTED_EDGE('',*,*,#4890,.T.);
#7516=ORIENTED_EDGE('',*,*,#5583,.T.);
#7517=ORIENTED_EDGE('',*,*,#5584,.T.);
#7518=ORIENTED_EDGE('',*,*,#5585,.T.);
#7519=ORIENTED_EDGE('',*,*,#4891,.T.);
#7520=ORIENTED_EDGE('',*,*,#5582,.F.);
#7521=ORIENTED_EDGE('',*,*,#5586,.T.);
#7522=ORIENTED_EDGE('',*,*,#5587,.T.);
#7523=ORIENTED_EDGE('',*,*,#4892,.T.);
#7524=ORIENTED_EDGE('',*,*,#5585,.F.);
#7525=ORIENTED_EDGE('',*,*,#5588,.T.);
#7526=ORIENTED_EDGE('',*,*,#5583,.F.);
#7527=ORIENTED_EDGE('',*,*,#4893,.T.);
#7528=ORIENTED_EDGE('',*,*,#5587,.F.);
#7529=ORIENTED_EDGE('',*,*,#5589,.T.);
#7530=ORIENTED_EDGE('',*,*,#5586,.F.);
#7531=ORIENTED_EDGE('',*,*,#5590,.T.);
#7532=ORIENTED_EDGE('',*,*,#5591,.F.);
#7533=ORIENTED_EDGE('',*,*,#5592,.F.);
#7534=ORIENTED_EDGE('',*,*,#5584,.F.);
#7535=ORIENTED_EDGE('',*,*,#5593,.T.);
#7536=ORIENTED_EDGE('',*,*,#5594,.F.);
#7537=ORIENTED_EDGE('',*,*,#5590,.F.);
#7538=ORIENTED_EDGE('',*,*,#5595,.T.);
#7539=ORIENTED_EDGE('',*,*,#5129,.T.);
#7540=ORIENTED_EDGE('',*,*,#5596,.T.);
#7541=ORIENTED_EDGE('',*,*,#5591,.T.);
#7542=ORIENTED_EDGE('',*,*,#5597,.T.);
#7543=ORIENTED_EDGE('',*,*,#5130,.T.);
#7544=ORIENTED_EDGE('',*,*,#5595,.F.);
#7545=ORIENTED_EDGE('',*,*,#5594,.T.);
#7546=ORIENTED_EDGE('',*,*,#5598,.T.);
#7547=ORIENTED_EDGE('',*,*,#5131,.T.);
#7548=ORIENTED_EDGE('',*,*,#5597,.F.);
#7549=ORIENTED_EDGE('',*,*,#5599,.T.);
#7550=ORIENTED_EDGE('',*,*,#5596,.F.);
#7551=ORIENTED_EDGE('',*,*,#5132,.T.);
#7552=ORIENTED_EDGE('',*,*,#5598,.F.);
#7553=ORIENTED_EDGE('',*,*,#5600,.T.);
#7554=ORIENTED_EDGE('',*,*,#5588,.F.);
#7555=ORIENTED_EDGE('',*,*,#5592,.T.);
#7556=ORIENTED_EDGE('',*,*,#5600,.F.);
#7557=ORIENTED_EDGE('',*,*,#5601,.F.);
#7558=ORIENTED_EDGE('',*,*,#5589,.F.);
#7559=ORIENTED_EDGE('',*,*,#5601,.T.);
#7560=ORIENTED_EDGE('',*,*,#5599,.F.);
#7561=ORIENTED_EDGE('',*,*,#5593,.F.);
#7562=ORIENTED_EDGE('',*,*,#5602,.T.);
#7563=ORIENTED_EDGE('',*,*,#4894,.T.);
#7564=ORIENTED_EDGE('',*,*,#5603,.T.);
#7565=ORIENTED_EDGE('',*,*,#5604,.T.);
#7566=ORIENTED_EDGE('',*,*,#5605,.T.);
#7567=ORIENTED_EDGE('',*,*,#4895,.T.);
#7568=ORIENTED_EDGE('',*,*,#5602,.F.);
#7569=ORIENTED_EDGE('',*,*,#5606,.T.);
#7570=ORIENTED_EDGE('',*,*,#5607,.T.);
#7571=ORIENTED_EDGE('',*,*,#4896,.T.);
#7572=ORIENTED_EDGE('',*,*,#5605,.F.);
#7573=ORIENTED_EDGE('',*,*,#5608,.T.);
#7574=ORIENTED_EDGE('',*,*,#5603,.F.);
#7575=ORIENTED_EDGE('',*,*,#4897,.T.);
#7576=ORIENTED_EDGE('',*,*,#5607,.F.);
#7577=ORIENTED_EDGE('',*,*,#5609,.T.);
#7578=ORIENTED_EDGE('',*,*,#5606,.F.);
#7579=ORIENTED_EDGE('',*,*,#5610,.T.);
#7580=ORIENTED_EDGE('',*,*,#5611,.F.);
#7581=ORIENTED_EDGE('',*,*,#5612,.F.);
#7582=ORIENTED_EDGE('',*,*,#5604,.F.);
#7583=ORIENTED_EDGE('',*,*,#5613,.T.);
#7584=ORIENTED_EDGE('',*,*,#5614,.F.);
#7585=ORIENTED_EDGE('',*,*,#5610,.F.);
#7586=ORIENTED_EDGE('',*,*,#5615,.T.);
#7587=ORIENTED_EDGE('',*,*,#5125,.T.);
#7588=ORIENTED_EDGE('',*,*,#5616,.T.);
#7589=ORIENTED_EDGE('',*,*,#5611,.T.);
#7590=ORIENTED_EDGE('',*,*,#5617,.T.);
#7591=ORIENTED_EDGE('',*,*,#5126,.T.);
#7592=ORIENTED_EDGE('',*,*,#5615,.F.);
#7593=ORIENTED_EDGE('',*,*,#5614,.T.);
#7594=ORIENTED_EDGE('',*,*,#5618,.T.);
#7595=ORIENTED_EDGE('',*,*,#5127,.T.);
#7596=ORIENTED_EDGE('',*,*,#5617,.F.);
#7597=ORIENTED_EDGE('',*,*,#5619,.T.);
#7598=ORIENTED_EDGE('',*,*,#5616,.F.);
#7599=ORIENTED_EDGE('',*,*,#5128,.T.);
#7600=ORIENTED_EDGE('',*,*,#5618,.F.);
#7601=ORIENTED_EDGE('',*,*,#5620,.T.);
#7602=ORIENTED_EDGE('',*,*,#5608,.F.);
#7603=ORIENTED_EDGE('',*,*,#5612,.T.);
#7604=ORIENTED_EDGE('',*,*,#5620,.F.);
#7605=ORIENTED_EDGE('',*,*,#5621,.F.);
#7606=ORIENTED_EDGE('',*,*,#5609,.F.);
#7607=ORIENTED_EDGE('',*,*,#5621,.T.);
#7608=ORIENTED_EDGE('',*,*,#5619,.F.);
#7609=ORIENTED_EDGE('',*,*,#5613,.F.);
#7610=ORIENTED_EDGE('',*,*,#5622,.T.);
#7611=ORIENTED_EDGE('',*,*,#4898,.T.);
#7612=ORIENTED_EDGE('',*,*,#5623,.T.);
#7613=ORIENTED_EDGE('',*,*,#5624,.T.);
#7614=ORIENTED_EDGE('',*,*,#5625,.T.);
#7615=ORIENTED_EDGE('',*,*,#4899,.T.);
#7616=ORIENTED_EDGE('',*,*,#5622,.F.);
#7617=ORIENTED_EDGE('',*,*,#5626,.T.);
#7618=ORIENTED_EDGE('',*,*,#5627,.T.);
#7619=ORIENTED_EDGE('',*,*,#4900,.T.);
#7620=ORIENTED_EDGE('',*,*,#5625,.F.);
#7621=ORIENTED_EDGE('',*,*,#5628,.T.);
#7622=ORIENTED_EDGE('',*,*,#5623,.F.);
#7623=ORIENTED_EDGE('',*,*,#4901,.T.);
#7624=ORIENTED_EDGE('',*,*,#5627,.F.);
#7625=ORIENTED_EDGE('',*,*,#5629,.T.);
#7626=ORIENTED_EDGE('',*,*,#5626,.F.);
#7627=ORIENTED_EDGE('',*,*,#5630,.T.);
#7628=ORIENTED_EDGE('',*,*,#5631,.F.);
#7629=ORIENTED_EDGE('',*,*,#5632,.F.);
#7630=ORIENTED_EDGE('',*,*,#5624,.F.);
#7631=ORIENTED_EDGE('',*,*,#5633,.T.);
#7632=ORIENTED_EDGE('',*,*,#5634,.F.);
#7633=ORIENTED_EDGE('',*,*,#5630,.F.);
#7634=ORIENTED_EDGE('',*,*,#5635,.T.);
#7635=ORIENTED_EDGE('',*,*,#5121,.T.);
#7636=ORIENTED_EDGE('',*,*,#5636,.T.);
#7637=ORIENTED_EDGE('',*,*,#5631,.T.);
#7638=ORIENTED_EDGE('',*,*,#5637,.T.);
#7639=ORIENTED_EDGE('',*,*,#5122,.T.);
#7640=ORIENTED_EDGE('',*,*,#5635,.F.);
#7641=ORIENTED_EDGE('',*,*,#5634,.T.);
#7642=ORIENTED_EDGE('',*,*,#5638,.T.);
#7643=ORIENTED_EDGE('',*,*,#5123,.T.);
#7644=ORIENTED_EDGE('',*,*,#5637,.F.);
#7645=ORIENTED_EDGE('',*,*,#5639,.T.);
#7646=ORIENTED_EDGE('',*,*,#5636,.F.);
#7647=ORIENTED_EDGE('',*,*,#5124,.T.);
#7648=ORIENTED_EDGE('',*,*,#5638,.F.);
#7649=ORIENTED_EDGE('',*,*,#5640,.T.);
#7650=ORIENTED_EDGE('',*,*,#5628,.F.);
#7651=ORIENTED_EDGE('',*,*,#5632,.T.);
#7652=ORIENTED_EDGE('',*,*,#5640,.F.);
#7653=ORIENTED_EDGE('',*,*,#5641,.F.);
#7654=ORIENTED_EDGE('',*,*,#5629,.F.);
#7655=ORIENTED_EDGE('',*,*,#5641,.T.);
#7656=ORIENTED_EDGE('',*,*,#5639,.F.);
#7657=ORIENTED_EDGE('',*,*,#5633,.F.);
#7658=ORIENTED_EDGE('',*,*,#5642,.T.);
#7659=ORIENTED_EDGE('',*,*,#4902,.T.);
#7660=ORIENTED_EDGE('',*,*,#5643,.T.);
#7661=ORIENTED_EDGE('',*,*,#5644,.T.);
#7662=ORIENTED_EDGE('',*,*,#5645,.T.);
#7663=ORIENTED_EDGE('',*,*,#4903,.T.);
#7664=ORIENTED_EDGE('',*,*,#5642,.F.);
#7665=ORIENTED_EDGE('',*,*,#5646,.T.);
#7666=ORIENTED_EDGE('',*,*,#5647,.T.);
#7667=ORIENTED_EDGE('',*,*,#4904,.T.);
#7668=ORIENTED_EDGE('',*,*,#5645,.F.);
#7669=ORIENTED_EDGE('',*,*,#5648,.T.);
#7670=ORIENTED_EDGE('',*,*,#5643,.F.);
#7671=ORIENTED_EDGE('',*,*,#4905,.T.);
#7672=ORIENTED_EDGE('',*,*,#5647,.F.);
#7673=ORIENTED_EDGE('',*,*,#5649,.T.);
#7674=ORIENTED_EDGE('',*,*,#5646,.F.);
#7675=ORIENTED_EDGE('',*,*,#5650,.T.);
#7676=ORIENTED_EDGE('',*,*,#5651,.F.);
#7677=ORIENTED_EDGE('',*,*,#5652,.F.);
#7678=ORIENTED_EDGE('',*,*,#5644,.F.);
#7679=ORIENTED_EDGE('',*,*,#5653,.T.);
#7680=ORIENTED_EDGE('',*,*,#5654,.F.);
#7681=ORIENTED_EDGE('',*,*,#5650,.F.);
#7682=ORIENTED_EDGE('',*,*,#5655,.T.);
#7683=ORIENTED_EDGE('',*,*,#5117,.T.);
#7684=ORIENTED_EDGE('',*,*,#5656,.T.);
#7685=ORIENTED_EDGE('',*,*,#5651,.T.);
#7686=ORIENTED_EDGE('',*,*,#5657,.T.);
#7687=ORIENTED_EDGE('',*,*,#5118,.T.);
#7688=ORIENTED_EDGE('',*,*,#5655,.F.);
#7689=ORIENTED_EDGE('',*,*,#5654,.T.);
#7690=ORIENTED_EDGE('',*,*,#5658,.T.);
#7691=ORIENTED_EDGE('',*,*,#5119,.T.);
#7692=ORIENTED_EDGE('',*,*,#5657,.F.);
#7693=ORIENTED_EDGE('',*,*,#5659,.T.);
#7694=ORIENTED_EDGE('',*,*,#5656,.F.);
#7695=ORIENTED_EDGE('',*,*,#5120,.T.);
#7696=ORIENTED_EDGE('',*,*,#5658,.F.);
#7697=ORIENTED_EDGE('',*,*,#5660,.T.);
#7698=ORIENTED_EDGE('',*,*,#5648,.F.);
#7699=ORIENTED_EDGE('',*,*,#5652,.T.);
#7700=ORIENTED_EDGE('',*,*,#5660,.F.);
#7701=ORIENTED_EDGE('',*,*,#5661,.F.);
#7702=ORIENTED_EDGE('',*,*,#5649,.F.);
#7703=ORIENTED_EDGE('',*,*,#5661,.T.);
#7704=ORIENTED_EDGE('',*,*,#5659,.F.);
#7705=ORIENTED_EDGE('',*,*,#5653,.F.);
#7706=ORIENTED_EDGE('',*,*,#5662,.T.);
#7707=ORIENTED_EDGE('',*,*,#4906,.T.);
#7708=ORIENTED_EDGE('',*,*,#5663,.T.);
#7709=ORIENTED_EDGE('',*,*,#5664,.T.);
#7710=ORIENTED_EDGE('',*,*,#5665,.T.);
#7711=ORIENTED_EDGE('',*,*,#4907,.T.);
#7712=ORIENTED_EDGE('',*,*,#5662,.F.);
#7713=ORIENTED_EDGE('',*,*,#5666,.T.);
#7714=ORIENTED_EDGE('',*,*,#5667,.T.);
#7715=ORIENTED_EDGE('',*,*,#4908,.T.);
#7716=ORIENTED_EDGE('',*,*,#5665,.F.);
#7717=ORIENTED_EDGE('',*,*,#5668,.T.);
#7718=ORIENTED_EDGE('',*,*,#5663,.F.);
#7719=ORIENTED_EDGE('',*,*,#4909,.T.);
#7720=ORIENTED_EDGE('',*,*,#5667,.F.);
#7721=ORIENTED_EDGE('',*,*,#5669,.T.);
#7722=ORIENTED_EDGE('',*,*,#5666,.F.);
#7723=ORIENTED_EDGE('',*,*,#5670,.T.);
#7724=ORIENTED_EDGE('',*,*,#5671,.F.);
#7725=ORIENTED_EDGE('',*,*,#5672,.F.);
#7726=ORIENTED_EDGE('',*,*,#5664,.F.);
#7727=ORIENTED_EDGE('',*,*,#5673,.T.);
#7728=ORIENTED_EDGE('',*,*,#5674,.F.);
#7729=ORIENTED_EDGE('',*,*,#5670,.F.);
#7730=ORIENTED_EDGE('',*,*,#5675,.T.);
#7731=ORIENTED_EDGE('',*,*,#5113,.T.);
#7732=ORIENTED_EDGE('',*,*,#5676,.T.);
#7733=ORIENTED_EDGE('',*,*,#5671,.T.);
#7734=ORIENTED_EDGE('',*,*,#5677,.T.);
#7735=ORIENTED_EDGE('',*,*,#5114,.T.);
#7736=ORIENTED_EDGE('',*,*,#5675,.F.);
#7737=ORIENTED_EDGE('',*,*,#5674,.T.);
#7738=ORIENTED_EDGE('',*,*,#5678,.T.);
#7739=ORIENTED_EDGE('',*,*,#5115,.T.);
#7740=ORIENTED_EDGE('',*,*,#5677,.F.);
#7741=ORIENTED_EDGE('',*,*,#5679,.T.);
#7742=ORIENTED_EDGE('',*,*,#5676,.F.);
#7743=ORIENTED_EDGE('',*,*,#5116,.T.);
#7744=ORIENTED_EDGE('',*,*,#5678,.F.);
#7745=ORIENTED_EDGE('',*,*,#5680,.T.);
#7746=ORIENTED_EDGE('',*,*,#5668,.F.);
#7747=ORIENTED_EDGE('',*,*,#5672,.T.);
#7748=ORIENTED_EDGE('',*,*,#5680,.F.);
#7749=ORIENTED_EDGE('',*,*,#5681,.F.);
#7750=ORIENTED_EDGE('',*,*,#5669,.F.);
#7751=ORIENTED_EDGE('',*,*,#5681,.T.);
#7752=ORIENTED_EDGE('',*,*,#5679,.F.);
#7753=ORIENTED_EDGE('',*,*,#5673,.F.);
#7754=ORIENTED_EDGE('',*,*,#5682,.T.);
#7755=ORIENTED_EDGE('',*,*,#4910,.T.);
#7756=ORIENTED_EDGE('',*,*,#5683,.T.);
#7757=ORIENTED_EDGE('',*,*,#5684,.T.);
#7758=ORIENTED_EDGE('',*,*,#5685,.T.);
#7759=ORIENTED_EDGE('',*,*,#4911,.T.);
#7760=ORIENTED_EDGE('',*,*,#5682,.F.);
#7761=ORIENTED_EDGE('',*,*,#5686,.T.);
#7762=ORIENTED_EDGE('',*,*,#5687,.T.);
#7763=ORIENTED_EDGE('',*,*,#4912,.T.);
#7764=ORIENTED_EDGE('',*,*,#5685,.F.);
#7765=ORIENTED_EDGE('',*,*,#5688,.T.);
#7766=ORIENTED_EDGE('',*,*,#5683,.F.);
#7767=ORIENTED_EDGE('',*,*,#4913,.T.);
#7768=ORIENTED_EDGE('',*,*,#5687,.F.);
#7769=ORIENTED_EDGE('',*,*,#5689,.T.);
#7770=ORIENTED_EDGE('',*,*,#5686,.F.);
#7771=ORIENTED_EDGE('',*,*,#5690,.T.);
#7772=ORIENTED_EDGE('',*,*,#5691,.F.);
#7773=ORIENTED_EDGE('',*,*,#5692,.F.);
#7774=ORIENTED_EDGE('',*,*,#5684,.F.);
#7775=ORIENTED_EDGE('',*,*,#5693,.T.);
#7776=ORIENTED_EDGE('',*,*,#5694,.F.);
#7777=ORIENTED_EDGE('',*,*,#5690,.F.);
#7778=ORIENTED_EDGE('',*,*,#5695,.T.);
#7779=ORIENTED_EDGE('',*,*,#5109,.T.);
#7780=ORIENTED_EDGE('',*,*,#5696,.T.);
#7781=ORIENTED_EDGE('',*,*,#5691,.T.);
#7782=ORIENTED_EDGE('',*,*,#5697,.T.);
#7783=ORIENTED_EDGE('',*,*,#5110,.T.);
#7784=ORIENTED_EDGE('',*,*,#5695,.F.);
#7785=ORIENTED_EDGE('',*,*,#5694,.T.);
#7786=ORIENTED_EDGE('',*,*,#5698,.T.);
#7787=ORIENTED_EDGE('',*,*,#5111,.T.);
#7788=ORIENTED_EDGE('',*,*,#5697,.F.);
#7789=ORIENTED_EDGE('',*,*,#5699,.T.);
#7790=ORIENTED_EDGE('',*,*,#5696,.F.);
#7791=ORIENTED_EDGE('',*,*,#5112,.T.);
#7792=ORIENTED_EDGE('',*,*,#5698,.F.);
#7793=ORIENTED_EDGE('',*,*,#5700,.T.);
#7794=ORIENTED_EDGE('',*,*,#5688,.F.);
#7795=ORIENTED_EDGE('',*,*,#5692,.T.);
#7796=ORIENTED_EDGE('',*,*,#5700,.F.);
#7797=ORIENTED_EDGE('',*,*,#5701,.F.);
#7798=ORIENTED_EDGE('',*,*,#5689,.F.);
#7799=ORIENTED_EDGE('',*,*,#5701,.T.);
#7800=ORIENTED_EDGE('',*,*,#5699,.F.);
#7801=ORIENTED_EDGE('',*,*,#5693,.F.);
#7802=ORIENTED_EDGE('',*,*,#5702,.T.);
#7803=ORIENTED_EDGE('',*,*,#4914,.T.);
#7804=ORIENTED_EDGE('',*,*,#5703,.T.);
#7805=ORIENTED_EDGE('',*,*,#5704,.T.);
#7806=ORIENTED_EDGE('',*,*,#5705,.T.);
#7807=ORIENTED_EDGE('',*,*,#4915,.T.);
#7808=ORIENTED_EDGE('',*,*,#5702,.F.);
#7809=ORIENTED_EDGE('',*,*,#5706,.T.);
#7810=ORIENTED_EDGE('',*,*,#5707,.T.);
#7811=ORIENTED_EDGE('',*,*,#4916,.T.);
#7812=ORIENTED_EDGE('',*,*,#5705,.F.);
#7813=ORIENTED_EDGE('',*,*,#5708,.T.);
#7814=ORIENTED_EDGE('',*,*,#5703,.F.);
#7815=ORIENTED_EDGE('',*,*,#4917,.T.);
#7816=ORIENTED_EDGE('',*,*,#5707,.F.);
#7817=ORIENTED_EDGE('',*,*,#5709,.T.);
#7818=ORIENTED_EDGE('',*,*,#5706,.F.);
#7819=ORIENTED_EDGE('',*,*,#5710,.T.);
#7820=ORIENTED_EDGE('',*,*,#5711,.F.);
#7821=ORIENTED_EDGE('',*,*,#5712,.F.);
#7822=ORIENTED_EDGE('',*,*,#5704,.F.);
#7823=ORIENTED_EDGE('',*,*,#5713,.T.);
#7824=ORIENTED_EDGE('',*,*,#5714,.F.);
#7825=ORIENTED_EDGE('',*,*,#5710,.F.);
#7826=ORIENTED_EDGE('',*,*,#5715,.T.);
#7827=ORIENTED_EDGE('',*,*,#5105,.T.);
#7828=ORIENTED_EDGE('',*,*,#5716,.T.);
#7829=ORIENTED_EDGE('',*,*,#5711,.T.);
#7830=ORIENTED_EDGE('',*,*,#5717,.T.);
#7831=ORIENTED_EDGE('',*,*,#5106,.T.);
#7832=ORIENTED_EDGE('',*,*,#5715,.F.);
#7833=ORIENTED_EDGE('',*,*,#5714,.T.);
#7834=ORIENTED_EDGE('',*,*,#5718,.T.);
#7835=ORIENTED_EDGE('',*,*,#5107,.T.);
#7836=ORIENTED_EDGE('',*,*,#5717,.F.);
#7837=ORIENTED_EDGE('',*,*,#5719,.T.);
#7838=ORIENTED_EDGE('',*,*,#5716,.F.);
#7839=ORIENTED_EDGE('',*,*,#5108,.T.);
#7840=ORIENTED_EDGE('',*,*,#5718,.F.);
#7841=ORIENTED_EDGE('',*,*,#5720,.T.);
#7842=ORIENTED_EDGE('',*,*,#5708,.F.);
#7843=ORIENTED_EDGE('',*,*,#5712,.T.);
#7844=ORIENTED_EDGE('',*,*,#5720,.F.);
#7845=ORIENTED_EDGE('',*,*,#5721,.F.);
#7846=ORIENTED_EDGE('',*,*,#5709,.F.);
#7847=ORIENTED_EDGE('',*,*,#5721,.T.);
#7848=ORIENTED_EDGE('',*,*,#5719,.F.);
#7849=ORIENTED_EDGE('',*,*,#5713,.F.);
#7850=ORIENTED_EDGE('',*,*,#5722,.T.);
#7851=ORIENTED_EDGE('',*,*,#4918,.T.);
#7852=ORIENTED_EDGE('',*,*,#5723,.T.);
#7853=ORIENTED_EDGE('',*,*,#5724,.T.);
#7854=ORIENTED_EDGE('',*,*,#5725,.T.);
#7855=ORIENTED_EDGE('',*,*,#4919,.T.);
#7856=ORIENTED_EDGE('',*,*,#5722,.F.);
#7857=ORIENTED_EDGE('',*,*,#5726,.T.);
#7858=ORIENTED_EDGE('',*,*,#5727,.T.);
#7859=ORIENTED_EDGE('',*,*,#4920,.T.);
#7860=ORIENTED_EDGE('',*,*,#5725,.F.);
#7861=ORIENTED_EDGE('',*,*,#5728,.T.);
#7862=ORIENTED_EDGE('',*,*,#5723,.F.);
#7863=ORIENTED_EDGE('',*,*,#4921,.T.);
#7864=ORIENTED_EDGE('',*,*,#5727,.F.);
#7865=ORIENTED_EDGE('',*,*,#5729,.T.);
#7866=ORIENTED_EDGE('',*,*,#5726,.F.);
#7867=ORIENTED_EDGE('',*,*,#5730,.T.);
#7868=ORIENTED_EDGE('',*,*,#5731,.F.);
#7869=ORIENTED_EDGE('',*,*,#5732,.F.);
#7870=ORIENTED_EDGE('',*,*,#5724,.F.);
#7871=ORIENTED_EDGE('',*,*,#5733,.T.);
#7872=ORIENTED_EDGE('',*,*,#5734,.F.);
#7873=ORIENTED_EDGE('',*,*,#5730,.F.);
#7874=ORIENTED_EDGE('',*,*,#5735,.T.);
#7875=ORIENTED_EDGE('',*,*,#5101,.T.);
#7876=ORIENTED_EDGE('',*,*,#5736,.T.);
#7877=ORIENTED_EDGE('',*,*,#5731,.T.);
#7878=ORIENTED_EDGE('',*,*,#5737,.T.);
#7879=ORIENTED_EDGE('',*,*,#5102,.T.);
#7880=ORIENTED_EDGE('',*,*,#5735,.F.);
#7881=ORIENTED_EDGE('',*,*,#5734,.T.);
#7882=ORIENTED_EDGE('',*,*,#5738,.T.);
#7883=ORIENTED_EDGE('',*,*,#5103,.T.);
#7884=ORIENTED_EDGE('',*,*,#5737,.F.);
#7885=ORIENTED_EDGE('',*,*,#5739,.T.);
#7886=ORIENTED_EDGE('',*,*,#5736,.F.);
#7887=ORIENTED_EDGE('',*,*,#5104,.T.);
#7888=ORIENTED_EDGE('',*,*,#5738,.F.);
#7889=ORIENTED_EDGE('',*,*,#5740,.T.);
#7890=ORIENTED_EDGE('',*,*,#5728,.F.);
#7891=ORIENTED_EDGE('',*,*,#5732,.T.);
#7892=ORIENTED_EDGE('',*,*,#5740,.F.);
#7893=ORIENTED_EDGE('',*,*,#5741,.F.);
#7894=ORIENTED_EDGE('',*,*,#5729,.F.);
#7895=ORIENTED_EDGE('',*,*,#5741,.T.);
#7896=ORIENTED_EDGE('',*,*,#5739,.F.);
#7897=ORIENTED_EDGE('',*,*,#5733,.F.);
#7898=ORIENTED_EDGE('',*,*,#5742,.T.);
#7899=ORIENTED_EDGE('',*,*,#4922,.T.);
#7900=ORIENTED_EDGE('',*,*,#5743,.T.);
#7901=ORIENTED_EDGE('',*,*,#5744,.T.);
#7902=ORIENTED_EDGE('',*,*,#5745,.T.);
#7903=ORIENTED_EDGE('',*,*,#4923,.T.);
#7904=ORIENTED_EDGE('',*,*,#5742,.F.);
#7905=ORIENTED_EDGE('',*,*,#5746,.T.);
#7906=ORIENTED_EDGE('',*,*,#5747,.T.);
#7907=ORIENTED_EDGE('',*,*,#4924,.T.);
#7908=ORIENTED_EDGE('',*,*,#5745,.F.);
#7909=ORIENTED_EDGE('',*,*,#5748,.T.);
#7910=ORIENTED_EDGE('',*,*,#5743,.F.);
#7911=ORIENTED_EDGE('',*,*,#4925,.T.);
#7912=ORIENTED_EDGE('',*,*,#5747,.F.);
#7913=ORIENTED_EDGE('',*,*,#5749,.T.);
#7914=ORIENTED_EDGE('',*,*,#5746,.F.);
#7915=ORIENTED_EDGE('',*,*,#5750,.T.);
#7916=ORIENTED_EDGE('',*,*,#5751,.F.);
#7917=ORIENTED_EDGE('',*,*,#5752,.F.);
#7918=ORIENTED_EDGE('',*,*,#5744,.F.);
#7919=ORIENTED_EDGE('',*,*,#5753,.T.);
#7920=ORIENTED_EDGE('',*,*,#5754,.F.);
#7921=ORIENTED_EDGE('',*,*,#5750,.F.);
#7922=ORIENTED_EDGE('',*,*,#5755,.T.);
#7923=ORIENTED_EDGE('',*,*,#5097,.T.);
#7924=ORIENTED_EDGE('',*,*,#5756,.T.);
#7925=ORIENTED_EDGE('',*,*,#5751,.T.);
#7926=ORIENTED_EDGE('',*,*,#5757,.T.);
#7927=ORIENTED_EDGE('',*,*,#5098,.T.);
#7928=ORIENTED_EDGE('',*,*,#5755,.F.);
#7929=ORIENTED_EDGE('',*,*,#5754,.T.);
#7930=ORIENTED_EDGE('',*,*,#5758,.T.);
#7931=ORIENTED_EDGE('',*,*,#5099,.T.);
#7932=ORIENTED_EDGE('',*,*,#5757,.F.);
#7933=ORIENTED_EDGE('',*,*,#5759,.T.);
#7934=ORIENTED_EDGE('',*,*,#5756,.F.);
#7935=ORIENTED_EDGE('',*,*,#5100,.T.);
#7936=ORIENTED_EDGE('',*,*,#5758,.F.);
#7937=ORIENTED_EDGE('',*,*,#5760,.T.);
#7938=ORIENTED_EDGE('',*,*,#5748,.F.);
#7939=ORIENTED_EDGE('',*,*,#5752,.T.);
#7940=ORIENTED_EDGE('',*,*,#5760,.F.);
#7941=ORIENTED_EDGE('',*,*,#5761,.F.);
#7942=ORIENTED_EDGE('',*,*,#5749,.F.);
#7943=ORIENTED_EDGE('',*,*,#5761,.T.);
#7944=ORIENTED_EDGE('',*,*,#5759,.F.);
#7945=ORIENTED_EDGE('',*,*,#5753,.F.);
#7946=ORIENTED_EDGE('',*,*,#5762,.T.);
#7947=ORIENTED_EDGE('',*,*,#4926,.T.);
#7948=ORIENTED_EDGE('',*,*,#5763,.T.);
#7949=ORIENTED_EDGE('',*,*,#5764,.T.);
#7950=ORIENTED_EDGE('',*,*,#5765,.T.);
#7951=ORIENTED_EDGE('',*,*,#4927,.T.);
#7952=ORIENTED_EDGE('',*,*,#5762,.F.);
#7953=ORIENTED_EDGE('',*,*,#5766,.T.);
#7954=ORIENTED_EDGE('',*,*,#5767,.T.);
#7955=ORIENTED_EDGE('',*,*,#4928,.T.);
#7956=ORIENTED_EDGE('',*,*,#5765,.F.);
#7957=ORIENTED_EDGE('',*,*,#5768,.T.);
#7958=ORIENTED_EDGE('',*,*,#5763,.F.);
#7959=ORIENTED_EDGE('',*,*,#4929,.T.);
#7960=ORIENTED_EDGE('',*,*,#5767,.F.);
#7961=ORIENTED_EDGE('',*,*,#5769,.T.);
#7962=ORIENTED_EDGE('',*,*,#5766,.F.);
#7963=ORIENTED_EDGE('',*,*,#5770,.T.);
#7964=ORIENTED_EDGE('',*,*,#5771,.F.);
#7965=ORIENTED_EDGE('',*,*,#5772,.F.);
#7966=ORIENTED_EDGE('',*,*,#5764,.F.);
#7967=ORIENTED_EDGE('',*,*,#5773,.T.);
#7968=ORIENTED_EDGE('',*,*,#5774,.F.);
#7969=ORIENTED_EDGE('',*,*,#5770,.F.);
#7970=ORIENTED_EDGE('',*,*,#5775,.T.);
#7971=ORIENTED_EDGE('',*,*,#5093,.T.);
#7972=ORIENTED_EDGE('',*,*,#5776,.T.);
#7973=ORIENTED_EDGE('',*,*,#5771,.T.);
#7974=ORIENTED_EDGE('',*,*,#5777,.T.);
#7975=ORIENTED_EDGE('',*,*,#5094,.T.);
#7976=ORIENTED_EDGE('',*,*,#5775,.F.);
#7977=ORIENTED_EDGE('',*,*,#5774,.T.);
#7978=ORIENTED_EDGE('',*,*,#5778,.T.);
#7979=ORIENTED_EDGE('',*,*,#5095,.T.);
#7980=ORIENTED_EDGE('',*,*,#5777,.F.);
#7981=ORIENTED_EDGE('',*,*,#5779,.T.);
#7982=ORIENTED_EDGE('',*,*,#5776,.F.);
#7983=ORIENTED_EDGE('',*,*,#5096,.T.);
#7984=ORIENTED_EDGE('',*,*,#5778,.F.);
#7985=ORIENTED_EDGE('',*,*,#5780,.T.);
#7986=ORIENTED_EDGE('',*,*,#5768,.F.);
#7987=ORIENTED_EDGE('',*,*,#5772,.T.);
#7988=ORIENTED_EDGE('',*,*,#5780,.F.);
#7989=ORIENTED_EDGE('',*,*,#5781,.F.);
#7990=ORIENTED_EDGE('',*,*,#5769,.F.);
#7991=ORIENTED_EDGE('',*,*,#5781,.T.);
#7992=ORIENTED_EDGE('',*,*,#5779,.F.);
#7993=ORIENTED_EDGE('',*,*,#5773,.F.);
#7994=ORIENTED_EDGE('',*,*,#5782,.T.);
#7995=ORIENTED_EDGE('',*,*,#4930,.T.);
#7996=ORIENTED_EDGE('',*,*,#5783,.T.);
#7997=ORIENTED_EDGE('',*,*,#5784,.T.);
#7998=ORIENTED_EDGE('',*,*,#5785,.T.);
#7999=ORIENTED_EDGE('',*,*,#4931,.T.);
#8000=ORIENTED_EDGE('',*,*,#5782,.F.);
#8001=ORIENTED_EDGE('',*,*,#5786,.T.);
#8002=ORIENTED_EDGE('',*,*,#5787,.T.);
#8003=ORIENTED_EDGE('',*,*,#4932,.T.);
#8004=ORIENTED_EDGE('',*,*,#5785,.F.);
#8005=ORIENTED_EDGE('',*,*,#5788,.T.);
#8006=ORIENTED_EDGE('',*,*,#5783,.F.);
#8007=ORIENTED_EDGE('',*,*,#4933,.T.);
#8008=ORIENTED_EDGE('',*,*,#5787,.F.);
#8009=ORIENTED_EDGE('',*,*,#5789,.T.);
#8010=ORIENTED_EDGE('',*,*,#5786,.F.);
#8011=ORIENTED_EDGE('',*,*,#5790,.T.);
#8012=ORIENTED_EDGE('',*,*,#5791,.F.);
#8013=ORIENTED_EDGE('',*,*,#5792,.F.);
#8014=ORIENTED_EDGE('',*,*,#5784,.F.);
#8015=ORIENTED_EDGE('',*,*,#5793,.T.);
#8016=ORIENTED_EDGE('',*,*,#5794,.F.);
#8017=ORIENTED_EDGE('',*,*,#5790,.F.);
#8018=ORIENTED_EDGE('',*,*,#5795,.T.);
#8019=ORIENTED_EDGE('',*,*,#5089,.T.);
#8020=ORIENTED_EDGE('',*,*,#5796,.T.);
#8021=ORIENTED_EDGE('',*,*,#5791,.T.);
#8022=ORIENTED_EDGE('',*,*,#5797,.T.);
#8023=ORIENTED_EDGE('',*,*,#5090,.T.);
#8024=ORIENTED_EDGE('',*,*,#5795,.F.);
#8025=ORIENTED_EDGE('',*,*,#5794,.T.);
#8026=ORIENTED_EDGE('',*,*,#5798,.T.);
#8027=ORIENTED_EDGE('',*,*,#5091,.T.);
#8028=ORIENTED_EDGE('',*,*,#5797,.F.);
#8029=ORIENTED_EDGE('',*,*,#5799,.T.);
#8030=ORIENTED_EDGE('',*,*,#5796,.F.);
#8031=ORIENTED_EDGE('',*,*,#5092,.T.);
#8032=ORIENTED_EDGE('',*,*,#5798,.F.);
#8033=ORIENTED_EDGE('',*,*,#5800,.T.);
#8034=ORIENTED_EDGE('',*,*,#5788,.F.);
#8035=ORIENTED_EDGE('',*,*,#5792,.T.);
#8036=ORIENTED_EDGE('',*,*,#5800,.F.);
#8037=ORIENTED_EDGE('',*,*,#5801,.F.);
#8038=ORIENTED_EDGE('',*,*,#5789,.F.);
#8039=ORIENTED_EDGE('',*,*,#5801,.T.);
#8040=ORIENTED_EDGE('',*,*,#5799,.F.);
#8041=ORIENTED_EDGE('',*,*,#5793,.F.);
#8042=ORIENTED_EDGE('',*,*,#5802,.T.);
#8043=ORIENTED_EDGE('',*,*,#4934,.T.);
#8044=ORIENTED_EDGE('',*,*,#5803,.T.);
#8045=ORIENTED_EDGE('',*,*,#5804,.T.);
#8046=ORIENTED_EDGE('',*,*,#5805,.T.);
#8047=ORIENTED_EDGE('',*,*,#4935,.T.);
#8048=ORIENTED_EDGE('',*,*,#5802,.F.);
#8049=ORIENTED_EDGE('',*,*,#5806,.T.);
#8050=ORIENTED_EDGE('',*,*,#5807,.T.);
#8051=ORIENTED_EDGE('',*,*,#4936,.T.);
#8052=ORIENTED_EDGE('',*,*,#5805,.F.);
#8053=ORIENTED_EDGE('',*,*,#5808,.T.);
#8054=ORIENTED_EDGE('',*,*,#5803,.F.);
#8055=ORIENTED_EDGE('',*,*,#4937,.T.);
#8056=ORIENTED_EDGE('',*,*,#5807,.F.);
#8057=ORIENTED_EDGE('',*,*,#5809,.T.);
#8058=ORIENTED_EDGE('',*,*,#5806,.F.);
#8059=ORIENTED_EDGE('',*,*,#5810,.T.);
#8060=ORIENTED_EDGE('',*,*,#5811,.F.);
#8061=ORIENTED_EDGE('',*,*,#5812,.F.);
#8062=ORIENTED_EDGE('',*,*,#5804,.F.);
#8063=ORIENTED_EDGE('',*,*,#5813,.T.);
#8064=ORIENTED_EDGE('',*,*,#5814,.F.);
#8065=ORIENTED_EDGE('',*,*,#5810,.F.);
#8066=ORIENTED_EDGE('',*,*,#5815,.T.);
#8067=ORIENTED_EDGE('',*,*,#5085,.T.);
#8068=ORIENTED_EDGE('',*,*,#5816,.T.);
#8069=ORIENTED_EDGE('',*,*,#5811,.T.);
#8070=ORIENTED_EDGE('',*,*,#5817,.T.);
#8071=ORIENTED_EDGE('',*,*,#5086,.T.);
#8072=ORIENTED_EDGE('',*,*,#5815,.F.);
#8073=ORIENTED_EDGE('',*,*,#5814,.T.);
#8074=ORIENTED_EDGE('',*,*,#5818,.T.);
#8075=ORIENTED_EDGE('',*,*,#5087,.T.);
#8076=ORIENTED_EDGE('',*,*,#5817,.F.);
#8077=ORIENTED_EDGE('',*,*,#5819,.T.);
#8078=ORIENTED_EDGE('',*,*,#5816,.F.);
#8079=ORIENTED_EDGE('',*,*,#5088,.T.);
#8080=ORIENTED_EDGE('',*,*,#5818,.F.);
#8081=ORIENTED_EDGE('',*,*,#5820,.T.);
#8082=ORIENTED_EDGE('',*,*,#5808,.F.);
#8083=ORIENTED_EDGE('',*,*,#5812,.T.);
#8084=ORIENTED_EDGE('',*,*,#5820,.F.);
#8085=ORIENTED_EDGE('',*,*,#5821,.F.);
#8086=ORIENTED_EDGE('',*,*,#5809,.F.);
#8087=ORIENTED_EDGE('',*,*,#5821,.T.);
#8088=ORIENTED_EDGE('',*,*,#5819,.F.);
#8089=ORIENTED_EDGE('',*,*,#5813,.F.);
#8090=ORIENTED_EDGE('',*,*,#5822,.T.);
#8091=ORIENTED_EDGE('',*,*,#4938,.T.);
#8092=ORIENTED_EDGE('',*,*,#5823,.T.);
#8093=ORIENTED_EDGE('',*,*,#5824,.T.);
#8094=ORIENTED_EDGE('',*,*,#5825,.T.);
#8095=ORIENTED_EDGE('',*,*,#4939,.T.);
#8096=ORIENTED_EDGE('',*,*,#5822,.F.);
#8097=ORIENTED_EDGE('',*,*,#5826,.T.);
#8098=ORIENTED_EDGE('',*,*,#5827,.T.);
#8099=ORIENTED_EDGE('',*,*,#4940,.T.);
#8100=ORIENTED_EDGE('',*,*,#5825,.F.);
#8101=ORIENTED_EDGE('',*,*,#5828,.T.);
#8102=ORIENTED_EDGE('',*,*,#5823,.F.);
#8103=ORIENTED_EDGE('',*,*,#4941,.T.);
#8104=ORIENTED_EDGE('',*,*,#5827,.F.);
#8105=ORIENTED_EDGE('',*,*,#5829,.T.);
#8106=ORIENTED_EDGE('',*,*,#5826,.F.);
#8107=ORIENTED_EDGE('',*,*,#5830,.T.);
#8108=ORIENTED_EDGE('',*,*,#5831,.F.);
#8109=ORIENTED_EDGE('',*,*,#5832,.F.);
#8110=ORIENTED_EDGE('',*,*,#5824,.F.);
#8111=ORIENTED_EDGE('',*,*,#5833,.T.);
#8112=ORIENTED_EDGE('',*,*,#5834,.F.);
#8113=ORIENTED_EDGE('',*,*,#5830,.F.);
#8114=ORIENTED_EDGE('',*,*,#5835,.T.);
#8115=ORIENTED_EDGE('',*,*,#5081,.T.);
#8116=ORIENTED_EDGE('',*,*,#5836,.T.);
#8117=ORIENTED_EDGE('',*,*,#5831,.T.);
#8118=ORIENTED_EDGE('',*,*,#5837,.T.);
#8119=ORIENTED_EDGE('',*,*,#5082,.T.);
#8120=ORIENTED_EDGE('',*,*,#5835,.F.);
#8121=ORIENTED_EDGE('',*,*,#5834,.T.);
#8122=ORIENTED_EDGE('',*,*,#5838,.T.);
#8123=ORIENTED_EDGE('',*,*,#5083,.T.);
#8124=ORIENTED_EDGE('',*,*,#5837,.F.);
#8125=ORIENTED_EDGE('',*,*,#5839,.T.);
#8126=ORIENTED_EDGE('',*,*,#5836,.F.);
#8127=ORIENTED_EDGE('',*,*,#5084,.T.);
#8128=ORIENTED_EDGE('',*,*,#5838,.F.);
#8129=ORIENTED_EDGE('',*,*,#5840,.T.);
#8130=ORIENTED_EDGE('',*,*,#5828,.F.);
#8131=ORIENTED_EDGE('',*,*,#5832,.T.);
#8132=ORIENTED_EDGE('',*,*,#5840,.F.);
#8133=ORIENTED_EDGE('',*,*,#5841,.F.);
#8134=ORIENTED_EDGE('',*,*,#5829,.F.);
#8135=ORIENTED_EDGE('',*,*,#5841,.T.);
#8136=ORIENTED_EDGE('',*,*,#5839,.F.);
#8137=ORIENTED_EDGE('',*,*,#5833,.F.);
#8138=ORIENTED_EDGE('',*,*,#5842,.T.);
#8139=ORIENTED_EDGE('',*,*,#4942,.T.);
#8140=ORIENTED_EDGE('',*,*,#5843,.T.);
#8141=ORIENTED_EDGE('',*,*,#5844,.T.);
#8142=ORIENTED_EDGE('',*,*,#5845,.T.);
#8143=ORIENTED_EDGE('',*,*,#4943,.T.);
#8144=ORIENTED_EDGE('',*,*,#5842,.F.);
#8145=ORIENTED_EDGE('',*,*,#5846,.T.);
#8146=ORIENTED_EDGE('',*,*,#5847,.T.);
#8147=ORIENTED_EDGE('',*,*,#4944,.T.);
#8148=ORIENTED_EDGE('',*,*,#5845,.F.);
#8149=ORIENTED_EDGE('',*,*,#5848,.T.);
#8150=ORIENTED_EDGE('',*,*,#5843,.F.);
#8151=ORIENTED_EDGE('',*,*,#4945,.T.);
#8152=ORIENTED_EDGE('',*,*,#5847,.F.);
#8153=ORIENTED_EDGE('',*,*,#5849,.T.);
#8154=ORIENTED_EDGE('',*,*,#5846,.F.);
#8155=ORIENTED_EDGE('',*,*,#5850,.T.);
#8156=ORIENTED_EDGE('',*,*,#5851,.F.);
#8157=ORIENTED_EDGE('',*,*,#5852,.F.);
#8158=ORIENTED_EDGE('',*,*,#5844,.F.);
#8159=ORIENTED_EDGE('',*,*,#5853,.T.);
#8160=ORIENTED_EDGE('',*,*,#5854,.F.);
#8161=ORIENTED_EDGE('',*,*,#5850,.F.);
#8162=ORIENTED_EDGE('',*,*,#5855,.T.);
#8163=ORIENTED_EDGE('',*,*,#5077,.T.);
#8164=ORIENTED_EDGE('',*,*,#5856,.T.);
#8165=ORIENTED_EDGE('',*,*,#5851,.T.);
#8166=ORIENTED_EDGE('',*,*,#5857,.T.);
#8167=ORIENTED_EDGE('',*,*,#5078,.T.);
#8168=ORIENTED_EDGE('',*,*,#5855,.F.);
#8169=ORIENTED_EDGE('',*,*,#5854,.T.);
#8170=ORIENTED_EDGE('',*,*,#5858,.T.);
#8171=ORIENTED_EDGE('',*,*,#5079,.T.);
#8172=ORIENTED_EDGE('',*,*,#5857,.F.);
#8173=ORIENTED_EDGE('',*,*,#5859,.T.);
#8174=ORIENTED_EDGE('',*,*,#5856,.F.);
#8175=ORIENTED_EDGE('',*,*,#5080,.T.);
#8176=ORIENTED_EDGE('',*,*,#5858,.F.);
#8177=ORIENTED_EDGE('',*,*,#5860,.T.);
#8178=ORIENTED_EDGE('',*,*,#5848,.F.);
#8179=ORIENTED_EDGE('',*,*,#5852,.T.);
#8180=ORIENTED_EDGE('',*,*,#5860,.F.);
#8181=ORIENTED_EDGE('',*,*,#5861,.F.);
#8182=ORIENTED_EDGE('',*,*,#5849,.F.);
#8183=ORIENTED_EDGE('',*,*,#5861,.T.);
#8184=ORIENTED_EDGE('',*,*,#5859,.F.);
#8185=ORIENTED_EDGE('',*,*,#5853,.F.);
#8186=ORIENTED_EDGE('',*,*,#5862,.T.);
#8187=ORIENTED_EDGE('',*,*,#5141,.T.);
#8188=ORIENTED_EDGE('',*,*,#5863,.T.);
#8189=ORIENTED_EDGE('',*,*,#5864,.T.);
#8190=ORIENTED_EDGE('',*,*,#5865,.T.);
#8191=ORIENTED_EDGE('',*,*,#5142,.T.);
#8192=ORIENTED_EDGE('',*,*,#5862,.F.);
#8193=ORIENTED_EDGE('',*,*,#5866,.T.);
#8194=ORIENTED_EDGE('',*,*,#5867,.T.);
#8195=ORIENTED_EDGE('',*,*,#5143,.T.);
#8196=ORIENTED_EDGE('',*,*,#5865,.F.);
#8197=ORIENTED_EDGE('',*,*,#5868,.T.);
#8198=ORIENTED_EDGE('',*,*,#5863,.F.);
#8199=ORIENTED_EDGE('',*,*,#5144,.T.);
#8200=ORIENTED_EDGE('',*,*,#5867,.F.);
#8201=ORIENTED_EDGE('',*,*,#5869,.T.);
#8202=ORIENTED_EDGE('',*,*,#5866,.F.);
#8203=ORIENTED_EDGE('',*,*,#5870,.F.);
#8204=ORIENTED_EDGE('',*,*,#5871,.F.);
#8205=ORIENTED_EDGE('',*,*,#5872,.T.);
#8206=ORIENTED_EDGE('',*,*,#5864,.F.);
#8207=ORIENTED_EDGE('',*,*,#5873,.F.);
#8208=ORIENTED_EDGE('',*,*,#5874,.F.);
#8209=ORIENTED_EDGE('',*,*,#5870,.T.);
#8210=ORIENTED_EDGE('',*,*,#5875,.T.);
#8211=ORIENTED_EDGE('',*,*,#4878,.T.);
#8212=ORIENTED_EDGE('',*,*,#5876,.T.);
#8213=ORIENTED_EDGE('',*,*,#5877,.T.);
#8214=ORIENTED_EDGE('',*,*,#5878,.T.);
#8215=ORIENTED_EDGE('',*,*,#4879,.T.);
#8216=ORIENTED_EDGE('',*,*,#5875,.F.);
#8217=ORIENTED_EDGE('',*,*,#5871,.T.);
#8218=ORIENTED_EDGE('',*,*,#5879,.T.);
#8219=ORIENTED_EDGE('',*,*,#4880,.T.);
#8220=ORIENTED_EDGE('',*,*,#5878,.F.);
#8221=ORIENTED_EDGE('',*,*,#5874,.T.);
#8222=ORIENTED_EDGE('',*,*,#5876,.F.);
#8223=ORIENTED_EDGE('',*,*,#4881,.T.);
#8224=ORIENTED_EDGE('',*,*,#5879,.F.);
#8225=ORIENTED_EDGE('',*,*,#5880,.T.);
#8226=ORIENTED_EDGE('',*,*,#5868,.F.);
#8227=ORIENTED_EDGE('',*,*,#5872,.F.);
#8228=ORIENTED_EDGE('',*,*,#5877,.F.);
#8229=ORIENTED_EDGE('',*,*,#5881,.T.);
#8230=ORIENTED_EDGE('',*,*,#5869,.F.);
#8231=ORIENTED_EDGE('',*,*,#5881,.F.);
#8232=ORIENTED_EDGE('',*,*,#5880,.F.);
#8233=ORIENTED_EDGE('',*,*,#5873,.T.);
#8234=ORIENTED_EDGE('',*,*,#5882,.T.);
#8235=ORIENTED_EDGE('',*,*,#5145,.T.);
#8236=ORIENTED_EDGE('',*,*,#5883,.T.);
#8237=ORIENTED_EDGE('',*,*,#5884,.T.);
#8238=ORIENTED_EDGE('',*,*,#5885,.T.);
#8239=ORIENTED_EDGE('',*,*,#5146,.T.);
#8240=ORIENTED_EDGE('',*,*,#5882,.F.);
#8241=ORIENTED_EDGE('',*,*,#5886,.T.);
#8242=ORIENTED_EDGE('',*,*,#5887,.T.);
#8243=ORIENTED_EDGE('',*,*,#5147,.T.);
#8244=ORIENTED_EDGE('',*,*,#5885,.F.);
#8245=ORIENTED_EDGE('',*,*,#5888,.T.);
#8246=ORIENTED_EDGE('',*,*,#5883,.F.);
#8247=ORIENTED_EDGE('',*,*,#5148,.T.);
#8248=ORIENTED_EDGE('',*,*,#5887,.F.);
#8249=ORIENTED_EDGE('',*,*,#5889,.T.);
#8250=ORIENTED_EDGE('',*,*,#5886,.F.);
#8251=ORIENTED_EDGE('',*,*,#5890,.F.);
#8252=ORIENTED_EDGE('',*,*,#5891,.F.);
#8253=ORIENTED_EDGE('',*,*,#5892,.T.);
#8254=ORIENTED_EDGE('',*,*,#5884,.F.);
#8255=ORIENTED_EDGE('',*,*,#5893,.F.);
#8256=ORIENTED_EDGE('',*,*,#5894,.F.);
#8257=ORIENTED_EDGE('',*,*,#5890,.T.);
#8258=ORIENTED_EDGE('',*,*,#5895,.T.);
#8259=ORIENTED_EDGE('',*,*,#4874,.T.);
#8260=ORIENTED_EDGE('',*,*,#5896,.T.);
#8261=ORIENTED_EDGE('',*,*,#5897,.T.);
#8262=ORIENTED_EDGE('',*,*,#5898,.T.);
#8263=ORIENTED_EDGE('',*,*,#4875,.T.);
#8264=ORIENTED_EDGE('',*,*,#5895,.F.);
#8265=ORIENTED_EDGE('',*,*,#5891,.T.);
#8266=ORIENTED_EDGE('',*,*,#5899,.T.);
#8267=ORIENTED_EDGE('',*,*,#4876,.T.);
#8268=ORIENTED_EDGE('',*,*,#5898,.F.);
#8269=ORIENTED_EDGE('',*,*,#5894,.T.);
#8270=ORIENTED_EDGE('',*,*,#5896,.F.);
#8271=ORIENTED_EDGE('',*,*,#4877,.T.);
#8272=ORIENTED_EDGE('',*,*,#5899,.F.);
#8273=ORIENTED_EDGE('',*,*,#5900,.T.);
#8274=ORIENTED_EDGE('',*,*,#5888,.F.);
#8275=ORIENTED_EDGE('',*,*,#5892,.F.);
#8276=ORIENTED_EDGE('',*,*,#5897,.F.);
#8277=ORIENTED_EDGE('',*,*,#5901,.T.);
#8278=ORIENTED_EDGE('',*,*,#5889,.F.);
#8279=ORIENTED_EDGE('',*,*,#5901,.F.);
#8280=ORIENTED_EDGE('',*,*,#5900,.F.);
#8281=ORIENTED_EDGE('',*,*,#5893,.T.);
#8282=ORIENTED_EDGE('',*,*,#5902,.T.);
#8283=ORIENTED_EDGE('',*,*,#5149,.T.);
#8284=ORIENTED_EDGE('',*,*,#5903,.T.);
#8285=ORIENTED_EDGE('',*,*,#5904,.T.);
#8286=ORIENTED_EDGE('',*,*,#5905,.T.);
#8287=ORIENTED_EDGE('',*,*,#5150,.T.);
#8288=ORIENTED_EDGE('',*,*,#5902,.F.);
#8289=ORIENTED_EDGE('',*,*,#5906,.T.);
#8290=ORIENTED_EDGE('',*,*,#5907,.T.);
#8291=ORIENTED_EDGE('',*,*,#5151,.T.);
#8292=ORIENTED_EDGE('',*,*,#5905,.F.);
#8293=ORIENTED_EDGE('',*,*,#5908,.T.);
#8294=ORIENTED_EDGE('',*,*,#5903,.F.);
#8295=ORIENTED_EDGE('',*,*,#5152,.T.);
#8296=ORIENTED_EDGE('',*,*,#5907,.F.);
#8297=ORIENTED_EDGE('',*,*,#5909,.T.);
#8298=ORIENTED_EDGE('',*,*,#5906,.F.);
#8299=ORIENTED_EDGE('',*,*,#5910,.F.);
#8300=ORIENTED_EDGE('',*,*,#5911,.F.);
#8301=ORIENTED_EDGE('',*,*,#5912,.T.);
#8302=ORIENTED_EDGE('',*,*,#5904,.F.);
#8303=ORIENTED_EDGE('',*,*,#5913,.F.);
#8304=ORIENTED_EDGE('',*,*,#5914,.F.);
#8305=ORIENTED_EDGE('',*,*,#5910,.T.);
#8306=ORIENTED_EDGE('',*,*,#5915,.T.);
#8307=ORIENTED_EDGE('',*,*,#4870,.T.);
#8308=ORIENTED_EDGE('',*,*,#5916,.T.);
#8309=ORIENTED_EDGE('',*,*,#5917,.T.);
#8310=ORIENTED_EDGE('',*,*,#5918,.T.);
#8311=ORIENTED_EDGE('',*,*,#4871,.T.);
#8312=ORIENTED_EDGE('',*,*,#5915,.F.);
#8313=ORIENTED_EDGE('',*,*,#5911,.T.);
#8314=ORIENTED_EDGE('',*,*,#5919,.T.);
#8315=ORIENTED_EDGE('',*,*,#4872,.T.);
#8316=ORIENTED_EDGE('',*,*,#5918,.F.);
#8317=ORIENTED_EDGE('',*,*,#5914,.T.);
#8318=ORIENTED_EDGE('',*,*,#5916,.F.);
#8319=ORIENTED_EDGE('',*,*,#4873,.T.);
#8320=ORIENTED_EDGE('',*,*,#5919,.F.);
#8321=ORIENTED_EDGE('',*,*,#5920,.T.);
#8322=ORIENTED_EDGE('',*,*,#5908,.F.);
#8323=ORIENTED_EDGE('',*,*,#5912,.F.);
#8324=ORIENTED_EDGE('',*,*,#5917,.F.);
#8325=ORIENTED_EDGE('',*,*,#5921,.T.);
#8326=ORIENTED_EDGE('',*,*,#5909,.F.);
#8327=ORIENTED_EDGE('',*,*,#5921,.F.);
#8328=ORIENTED_EDGE('',*,*,#5920,.F.);
#8329=ORIENTED_EDGE('',*,*,#5913,.T.);
#8330=ORIENTED_EDGE('',*,*,#5922,.T.);
#8331=ORIENTED_EDGE('',*,*,#5153,.T.);
#8332=ORIENTED_EDGE('',*,*,#5923,.T.);
#8333=ORIENTED_EDGE('',*,*,#5924,.T.);
#8334=ORIENTED_EDGE('',*,*,#5925,.T.);
#8335=ORIENTED_EDGE('',*,*,#5154,.T.);
#8336=ORIENTED_EDGE('',*,*,#5922,.F.);
#8337=ORIENTED_EDGE('',*,*,#5926,.T.);
#8338=ORIENTED_EDGE('',*,*,#5927,.T.);
#8339=ORIENTED_EDGE('',*,*,#5155,.T.);
#8340=ORIENTED_EDGE('',*,*,#5925,.F.);
#8341=ORIENTED_EDGE('',*,*,#5928,.T.);
#8342=ORIENTED_EDGE('',*,*,#5923,.F.);
#8343=ORIENTED_EDGE('',*,*,#5156,.T.);
#8344=ORIENTED_EDGE('',*,*,#5927,.F.);
#8345=ORIENTED_EDGE('',*,*,#5929,.T.);
#8346=ORIENTED_EDGE('',*,*,#5926,.F.);
#8347=ORIENTED_EDGE('',*,*,#5930,.F.);
#8348=ORIENTED_EDGE('',*,*,#5931,.F.);
#8349=ORIENTED_EDGE('',*,*,#5932,.T.);
#8350=ORIENTED_EDGE('',*,*,#5924,.F.);
#8351=ORIENTED_EDGE('',*,*,#5933,.F.);
#8352=ORIENTED_EDGE('',*,*,#5934,.F.);
#8353=ORIENTED_EDGE('',*,*,#5930,.T.);
#8354=ORIENTED_EDGE('',*,*,#5935,.T.);
#8355=ORIENTED_EDGE('',*,*,#4866,.T.);
#8356=ORIENTED_EDGE('',*,*,#5936,.T.);
#8357=ORIENTED_EDGE('',*,*,#5937,.T.);
#8358=ORIENTED_EDGE('',*,*,#5938,.T.);
#8359=ORIENTED_EDGE('',*,*,#4867,.T.);
#8360=ORIENTED_EDGE('',*,*,#5935,.F.);
#8361=ORIENTED_EDGE('',*,*,#5931,.T.);
#8362=ORIENTED_EDGE('',*,*,#5939,.T.);
#8363=ORIENTED_EDGE('',*,*,#4868,.T.);
#8364=ORIENTED_EDGE('',*,*,#5938,.F.);
#8365=ORIENTED_EDGE('',*,*,#5934,.T.);
#8366=ORIENTED_EDGE('',*,*,#5936,.F.);
#8367=ORIENTED_EDGE('',*,*,#4869,.T.);
#8368=ORIENTED_EDGE('',*,*,#5939,.F.);
#8369=ORIENTED_EDGE('',*,*,#5940,.T.);
#8370=ORIENTED_EDGE('',*,*,#5928,.F.);
#8371=ORIENTED_EDGE('',*,*,#5932,.F.);
#8372=ORIENTED_EDGE('',*,*,#5937,.F.);
#8373=ORIENTED_EDGE('',*,*,#5941,.T.);
#8374=ORIENTED_EDGE('',*,*,#5929,.F.);
#8375=ORIENTED_EDGE('',*,*,#5941,.F.);
#8376=ORIENTED_EDGE('',*,*,#5940,.F.);
#8377=ORIENTED_EDGE('',*,*,#5933,.T.);
#8378=ORIENTED_EDGE('',*,*,#5942,.T.);
#8379=ORIENTED_EDGE('',*,*,#5157,.T.);
#8380=ORIENTED_EDGE('',*,*,#5943,.T.);
#8381=ORIENTED_EDGE('',*,*,#5944,.T.);
#8382=ORIENTED_EDGE('',*,*,#5945,.T.);
#8383=ORIENTED_EDGE('',*,*,#5158,.T.);
#8384=ORIENTED_EDGE('',*,*,#5942,.F.);
#8385=ORIENTED_EDGE('',*,*,#5946,.T.);
#8386=ORIENTED_EDGE('',*,*,#5947,.T.);
#8387=ORIENTED_EDGE('',*,*,#5159,.T.);
#8388=ORIENTED_EDGE('',*,*,#5945,.F.);
#8389=ORIENTED_EDGE('',*,*,#5948,.T.);
#8390=ORIENTED_EDGE('',*,*,#5943,.F.);
#8391=ORIENTED_EDGE('',*,*,#5160,.T.);
#8392=ORIENTED_EDGE('',*,*,#5947,.F.);
#8393=ORIENTED_EDGE('',*,*,#5949,.T.);
#8394=ORIENTED_EDGE('',*,*,#5946,.F.);
#8395=ORIENTED_EDGE('',*,*,#5950,.F.);
#8396=ORIENTED_EDGE('',*,*,#5951,.F.);
#8397=ORIENTED_EDGE('',*,*,#5952,.T.);
#8398=ORIENTED_EDGE('',*,*,#5944,.F.);
#8399=ORIENTED_EDGE('',*,*,#5953,.F.);
#8400=ORIENTED_EDGE('',*,*,#5954,.F.);
#8401=ORIENTED_EDGE('',*,*,#5950,.T.);
#8402=ORIENTED_EDGE('',*,*,#5955,.T.);
#8403=ORIENTED_EDGE('',*,*,#4862,.T.);
#8404=ORIENTED_EDGE('',*,*,#5956,.T.);
#8405=ORIENTED_EDGE('',*,*,#5957,.T.);
#8406=ORIENTED_EDGE('',*,*,#5958,.T.);
#8407=ORIENTED_EDGE('',*,*,#4863,.T.);
#8408=ORIENTED_EDGE('',*,*,#5955,.F.);
#8409=ORIENTED_EDGE('',*,*,#5951,.T.);
#8410=ORIENTED_EDGE('',*,*,#5959,.T.);
#8411=ORIENTED_EDGE('',*,*,#4864,.T.);
#8412=ORIENTED_EDGE('',*,*,#5958,.F.);
#8413=ORIENTED_EDGE('',*,*,#5954,.T.);
#8414=ORIENTED_EDGE('',*,*,#5956,.F.);
#8415=ORIENTED_EDGE('',*,*,#4865,.T.);
#8416=ORIENTED_EDGE('',*,*,#5959,.F.);
#8417=ORIENTED_EDGE('',*,*,#5960,.T.);
#8418=ORIENTED_EDGE('',*,*,#5948,.F.);
#8419=ORIENTED_EDGE('',*,*,#5952,.F.);
#8420=ORIENTED_EDGE('',*,*,#5957,.F.);
#8421=ORIENTED_EDGE('',*,*,#5961,.T.);
#8422=ORIENTED_EDGE('',*,*,#5949,.F.);
#8423=ORIENTED_EDGE('',*,*,#5961,.F.);
#8424=ORIENTED_EDGE('',*,*,#5960,.F.);
#8425=ORIENTED_EDGE('',*,*,#5953,.T.);
#8426=ORIENTED_EDGE('',*,*,#5962,.T.);
#8427=ORIENTED_EDGE('',*,*,#5161,.T.);
#8428=ORIENTED_EDGE('',*,*,#5963,.T.);
#8429=ORIENTED_EDGE('',*,*,#5964,.T.);
#8430=ORIENTED_EDGE('',*,*,#5965,.T.);
#8431=ORIENTED_EDGE('',*,*,#5162,.T.);
#8432=ORIENTED_EDGE('',*,*,#5962,.F.);
#8433=ORIENTED_EDGE('',*,*,#5966,.T.);
#8434=ORIENTED_EDGE('',*,*,#5967,.T.);
#8435=ORIENTED_EDGE('',*,*,#5163,.T.);
#8436=ORIENTED_EDGE('',*,*,#5965,.F.);
#8437=ORIENTED_EDGE('',*,*,#5968,.T.);
#8438=ORIENTED_EDGE('',*,*,#5963,.F.);
#8439=ORIENTED_EDGE('',*,*,#5164,.T.);
#8440=ORIENTED_EDGE('',*,*,#5967,.F.);
#8441=ORIENTED_EDGE('',*,*,#5969,.T.);
#8442=ORIENTED_EDGE('',*,*,#5966,.F.);
#8443=ORIENTED_EDGE('',*,*,#5970,.F.);
#8444=ORIENTED_EDGE('',*,*,#5971,.F.);
#8445=ORIENTED_EDGE('',*,*,#5972,.T.);
#8446=ORIENTED_EDGE('',*,*,#5964,.F.);
#8447=ORIENTED_EDGE('',*,*,#5973,.F.);
#8448=ORIENTED_EDGE('',*,*,#5974,.F.);
#8449=ORIENTED_EDGE('',*,*,#5970,.T.);
#8450=ORIENTED_EDGE('',*,*,#5975,.T.);
#8451=ORIENTED_EDGE('',*,*,#4858,.T.);
#8452=ORIENTED_EDGE('',*,*,#5976,.T.);
#8453=ORIENTED_EDGE('',*,*,#5977,.T.);
#8454=ORIENTED_EDGE('',*,*,#5978,.T.);
#8455=ORIENTED_EDGE('',*,*,#4859,.T.);
#8456=ORIENTED_EDGE('',*,*,#5975,.F.);
#8457=ORIENTED_EDGE('',*,*,#5971,.T.);
#8458=ORIENTED_EDGE('',*,*,#5979,.T.);
#8459=ORIENTED_EDGE('',*,*,#4860,.T.);
#8460=ORIENTED_EDGE('',*,*,#5978,.F.);
#8461=ORIENTED_EDGE('',*,*,#5974,.T.);
#8462=ORIENTED_EDGE('',*,*,#5976,.F.);
#8463=ORIENTED_EDGE('',*,*,#4861,.T.);
#8464=ORIENTED_EDGE('',*,*,#5979,.F.);
#8465=ORIENTED_EDGE('',*,*,#5980,.T.);
#8466=ORIENTED_EDGE('',*,*,#5968,.F.);
#8467=ORIENTED_EDGE('',*,*,#5972,.F.);
#8468=ORIENTED_EDGE('',*,*,#5977,.F.);
#8469=ORIENTED_EDGE('',*,*,#5981,.T.);
#8470=ORIENTED_EDGE('',*,*,#5969,.F.);
#8471=ORIENTED_EDGE('',*,*,#5981,.F.);
#8472=ORIENTED_EDGE('',*,*,#5980,.F.);
#8473=ORIENTED_EDGE('',*,*,#5973,.T.);
#8474=ORIENTED_EDGE('',*,*,#5982,.T.);
#8475=ORIENTED_EDGE('',*,*,#5165,.T.);
#8476=ORIENTED_EDGE('',*,*,#5983,.T.);
#8477=ORIENTED_EDGE('',*,*,#5984,.T.);
#8478=ORIENTED_EDGE('',*,*,#5985,.T.);
#8479=ORIENTED_EDGE('',*,*,#5166,.T.);
#8480=ORIENTED_EDGE('',*,*,#5982,.F.);
#8481=ORIENTED_EDGE('',*,*,#5986,.T.);
#8482=ORIENTED_EDGE('',*,*,#5987,.T.);
#8483=ORIENTED_EDGE('',*,*,#5167,.T.);
#8484=ORIENTED_EDGE('',*,*,#5985,.F.);
#8485=ORIENTED_EDGE('',*,*,#5988,.T.);
#8486=ORIENTED_EDGE('',*,*,#5983,.F.);
#8487=ORIENTED_EDGE('',*,*,#5168,.T.);
#8488=ORIENTED_EDGE('',*,*,#5987,.F.);
#8489=ORIENTED_EDGE('',*,*,#5989,.T.);
#8490=ORIENTED_EDGE('',*,*,#5986,.F.);
#8491=ORIENTED_EDGE('',*,*,#5990,.F.);
#8492=ORIENTED_EDGE('',*,*,#5991,.F.);
#8493=ORIENTED_EDGE('',*,*,#5992,.T.);
#8494=ORIENTED_EDGE('',*,*,#5984,.F.);
#8495=ORIENTED_EDGE('',*,*,#5993,.F.);
#8496=ORIENTED_EDGE('',*,*,#5994,.F.);
#8497=ORIENTED_EDGE('',*,*,#5990,.T.);
#8498=ORIENTED_EDGE('',*,*,#5995,.T.);
#8499=ORIENTED_EDGE('',*,*,#4854,.T.);
#8500=ORIENTED_EDGE('',*,*,#5996,.T.);
#8501=ORIENTED_EDGE('',*,*,#5997,.T.);
#8502=ORIENTED_EDGE('',*,*,#5998,.T.);
#8503=ORIENTED_EDGE('',*,*,#4855,.T.);
#8504=ORIENTED_EDGE('',*,*,#5995,.F.);
#8505=ORIENTED_EDGE('',*,*,#5991,.T.);
#8506=ORIENTED_EDGE('',*,*,#5999,.T.);
#8507=ORIENTED_EDGE('',*,*,#4856,.T.);
#8508=ORIENTED_EDGE('',*,*,#5998,.F.);
#8509=ORIENTED_EDGE('',*,*,#5994,.T.);
#8510=ORIENTED_EDGE('',*,*,#5996,.F.);
#8511=ORIENTED_EDGE('',*,*,#4857,.T.);
#8512=ORIENTED_EDGE('',*,*,#5999,.F.);
#8513=ORIENTED_EDGE('',*,*,#6000,.T.);
#8514=ORIENTED_EDGE('',*,*,#5988,.F.);
#8515=ORIENTED_EDGE('',*,*,#5992,.F.);
#8516=ORIENTED_EDGE('',*,*,#5997,.F.);
#8517=ORIENTED_EDGE('',*,*,#6001,.T.);
#8518=ORIENTED_EDGE('',*,*,#5989,.F.);
#8519=ORIENTED_EDGE('',*,*,#6001,.F.);
#8520=ORIENTED_EDGE('',*,*,#6000,.F.);
#8521=ORIENTED_EDGE('',*,*,#5993,.T.);
#8522=ORIENTED_EDGE('',*,*,#6002,.T.);
#8523=ORIENTED_EDGE('',*,*,#5169,.T.);
#8524=ORIENTED_EDGE('',*,*,#6003,.T.);
#8525=ORIENTED_EDGE('',*,*,#6004,.T.);
#8526=ORIENTED_EDGE('',*,*,#6005,.T.);
#8527=ORIENTED_EDGE('',*,*,#5170,.T.);
#8528=ORIENTED_EDGE('',*,*,#6002,.F.);
#8529=ORIENTED_EDGE('',*,*,#6006,.T.);
#8530=ORIENTED_EDGE('',*,*,#6007,.T.);
#8531=ORIENTED_EDGE('',*,*,#5171,.T.);
#8532=ORIENTED_EDGE('',*,*,#6005,.F.);
#8533=ORIENTED_EDGE('',*,*,#6008,.T.);
#8534=ORIENTED_EDGE('',*,*,#6003,.F.);
#8535=ORIENTED_EDGE('',*,*,#5172,.T.);
#8536=ORIENTED_EDGE('',*,*,#6007,.F.);
#8537=ORIENTED_EDGE('',*,*,#6009,.T.);
#8538=ORIENTED_EDGE('',*,*,#6006,.F.);
#8539=ORIENTED_EDGE('',*,*,#6010,.F.);
#8540=ORIENTED_EDGE('',*,*,#6011,.F.);
#8541=ORIENTED_EDGE('',*,*,#6012,.T.);
#8542=ORIENTED_EDGE('',*,*,#6004,.F.);
#8543=ORIENTED_EDGE('',*,*,#6013,.F.);
#8544=ORIENTED_EDGE('',*,*,#6014,.F.);
#8545=ORIENTED_EDGE('',*,*,#6010,.T.);
#8546=ORIENTED_EDGE('',*,*,#6015,.T.);
#8547=ORIENTED_EDGE('',*,*,#4850,.T.);
#8548=ORIENTED_EDGE('',*,*,#6016,.T.);
#8549=ORIENTED_EDGE('',*,*,#6017,.T.);
#8550=ORIENTED_EDGE('',*,*,#6018,.T.);
#8551=ORIENTED_EDGE('',*,*,#4851,.T.);
#8552=ORIENTED_EDGE('',*,*,#6015,.F.);
#8553=ORIENTED_EDGE('',*,*,#6011,.T.);
#8554=ORIENTED_EDGE('',*,*,#6019,.T.);
#8555=ORIENTED_EDGE('',*,*,#4852,.T.);
#8556=ORIENTED_EDGE('',*,*,#6018,.F.);
#8557=ORIENTED_EDGE('',*,*,#6014,.T.);
#8558=ORIENTED_EDGE('',*,*,#6016,.F.);
#8559=ORIENTED_EDGE('',*,*,#4853,.T.);
#8560=ORIENTED_EDGE('',*,*,#6019,.F.);
#8561=ORIENTED_EDGE('',*,*,#6020,.T.);
#8562=ORIENTED_EDGE('',*,*,#6008,.F.);
#8563=ORIENTED_EDGE('',*,*,#6012,.F.);
#8564=ORIENTED_EDGE('',*,*,#6017,.F.);
#8565=ORIENTED_EDGE('',*,*,#6021,.T.);
#8566=ORIENTED_EDGE('',*,*,#6009,.F.);
#8567=ORIENTED_EDGE('',*,*,#6021,.F.);
#8568=ORIENTED_EDGE('',*,*,#6020,.F.);
#8569=ORIENTED_EDGE('',*,*,#6013,.T.);
#8570=ORIENTED_EDGE('',*,*,#6022,.T.);
#8571=ORIENTED_EDGE('',*,*,#5173,.T.);
#8572=ORIENTED_EDGE('',*,*,#6023,.T.);
#8573=ORIENTED_EDGE('',*,*,#6024,.T.);
#8574=ORIENTED_EDGE('',*,*,#6025,.T.);
#8575=ORIENTED_EDGE('',*,*,#5174,.T.);
#8576=ORIENTED_EDGE('',*,*,#6022,.F.);
#8577=ORIENTED_EDGE('',*,*,#6026,.T.);
#8578=ORIENTED_EDGE('',*,*,#6027,.T.);
#8579=ORIENTED_EDGE('',*,*,#5175,.T.);
#8580=ORIENTED_EDGE('',*,*,#6025,.F.);
#8581=ORIENTED_EDGE('',*,*,#6028,.T.);
#8582=ORIENTED_EDGE('',*,*,#6023,.F.);
#8583=ORIENTED_EDGE('',*,*,#5176,.T.);
#8584=ORIENTED_EDGE('',*,*,#6027,.F.);
#8585=ORIENTED_EDGE('',*,*,#6029,.T.);
#8586=ORIENTED_EDGE('',*,*,#6026,.F.);
#8587=ORIENTED_EDGE('',*,*,#6030,.F.);
#8588=ORIENTED_EDGE('',*,*,#6031,.F.);
#8589=ORIENTED_EDGE('',*,*,#6032,.T.);
#8590=ORIENTED_EDGE('',*,*,#6024,.F.);
#8591=ORIENTED_EDGE('',*,*,#6033,.F.);
#8592=ORIENTED_EDGE('',*,*,#6034,.F.);
#8593=ORIENTED_EDGE('',*,*,#6030,.T.);
#8594=ORIENTED_EDGE('',*,*,#6035,.T.);
#8595=ORIENTED_EDGE('',*,*,#4846,.T.);
#8596=ORIENTED_EDGE('',*,*,#6036,.T.);
#8597=ORIENTED_EDGE('',*,*,#6037,.T.);
#8598=ORIENTED_EDGE('',*,*,#6038,.T.);
#8599=ORIENTED_EDGE('',*,*,#4847,.T.);
#8600=ORIENTED_EDGE('',*,*,#6035,.F.);
#8601=ORIENTED_EDGE('',*,*,#6031,.T.);
#8602=ORIENTED_EDGE('',*,*,#6039,.T.);
#8603=ORIENTED_EDGE('',*,*,#4848,.T.);
#8604=ORIENTED_EDGE('',*,*,#6038,.F.);
#8605=ORIENTED_EDGE('',*,*,#6034,.T.);
#8606=ORIENTED_EDGE('',*,*,#6036,.F.);
#8607=ORIENTED_EDGE('',*,*,#4849,.T.);
#8608=ORIENTED_EDGE('',*,*,#6039,.F.);
#8609=ORIENTED_EDGE('',*,*,#6040,.T.);
#8610=ORIENTED_EDGE('',*,*,#6028,.F.);
#8611=ORIENTED_EDGE('',*,*,#6032,.F.);
#8612=ORIENTED_EDGE('',*,*,#6037,.F.);
#8613=ORIENTED_EDGE('',*,*,#6041,.T.);
#8614=ORIENTED_EDGE('',*,*,#6029,.F.);
#8615=ORIENTED_EDGE('',*,*,#6041,.F.);
#8616=ORIENTED_EDGE('',*,*,#6040,.F.);
#8617=ORIENTED_EDGE('',*,*,#6033,.T.);
#8618=ORIENTED_EDGE('',*,*,#6042,.T.);
#8619=ORIENTED_EDGE('',*,*,#5177,.T.);
#8620=ORIENTED_EDGE('',*,*,#6043,.T.);
#8621=ORIENTED_EDGE('',*,*,#6044,.T.);
#8622=ORIENTED_EDGE('',*,*,#6045,.T.);
#8623=ORIENTED_EDGE('',*,*,#5178,.T.);
#8624=ORIENTED_EDGE('',*,*,#6042,.F.);
#8625=ORIENTED_EDGE('',*,*,#6046,.T.);
#8626=ORIENTED_EDGE('',*,*,#6047,.T.);
#8627=ORIENTED_EDGE('',*,*,#5179,.T.);
#8628=ORIENTED_EDGE('',*,*,#6045,.F.);
#8629=ORIENTED_EDGE('',*,*,#6048,.T.);
#8630=ORIENTED_EDGE('',*,*,#6043,.F.);
#8631=ORIENTED_EDGE('',*,*,#5180,.T.);
#8632=ORIENTED_EDGE('',*,*,#6047,.F.);
#8633=ORIENTED_EDGE('',*,*,#6049,.T.);
#8634=ORIENTED_EDGE('',*,*,#6046,.F.);
#8635=ORIENTED_EDGE('',*,*,#6050,.F.);
#8636=ORIENTED_EDGE('',*,*,#6051,.F.);
#8637=ORIENTED_EDGE('',*,*,#6052,.T.);
#8638=ORIENTED_EDGE('',*,*,#6044,.F.);
#8639=ORIENTED_EDGE('',*,*,#6053,.F.);
#8640=ORIENTED_EDGE('',*,*,#6054,.F.);
#8641=ORIENTED_EDGE('',*,*,#6050,.T.);
#8642=ORIENTED_EDGE('',*,*,#6055,.T.);
#8643=ORIENTED_EDGE('',*,*,#4842,.T.);
#8644=ORIENTED_EDGE('',*,*,#6056,.T.);
#8645=ORIENTED_EDGE('',*,*,#6057,.T.);
#8646=ORIENTED_EDGE('',*,*,#6058,.T.);
#8647=ORIENTED_EDGE('',*,*,#4843,.T.);
#8648=ORIENTED_EDGE('',*,*,#6055,.F.);
#8649=ORIENTED_EDGE('',*,*,#6051,.T.);
#8650=ORIENTED_EDGE('',*,*,#6059,.T.);
#8651=ORIENTED_EDGE('',*,*,#4844,.T.);
#8652=ORIENTED_EDGE('',*,*,#6058,.F.);
#8653=ORIENTED_EDGE('',*,*,#6054,.T.);
#8654=ORIENTED_EDGE('',*,*,#6056,.F.);
#8655=ORIENTED_EDGE('',*,*,#4845,.T.);
#8656=ORIENTED_EDGE('',*,*,#6059,.F.);
#8657=ORIENTED_EDGE('',*,*,#6060,.T.);
#8658=ORIENTED_EDGE('',*,*,#6048,.F.);
#8659=ORIENTED_EDGE('',*,*,#6052,.F.);
#8660=ORIENTED_EDGE('',*,*,#6057,.F.);
#8661=ORIENTED_EDGE('',*,*,#6061,.T.);
#8662=ORIENTED_EDGE('',*,*,#6049,.F.);
#8663=ORIENTED_EDGE('',*,*,#6061,.F.);
#8664=ORIENTED_EDGE('',*,*,#6060,.F.);
#8665=ORIENTED_EDGE('',*,*,#6053,.T.);
#8666=ORIENTED_EDGE('',*,*,#6062,.T.);
#8667=ORIENTED_EDGE('',*,*,#5181,.T.);
#8668=ORIENTED_EDGE('',*,*,#6063,.T.);
#8669=ORIENTED_EDGE('',*,*,#6064,.T.);
#8670=ORIENTED_EDGE('',*,*,#6065,.T.);
#8671=ORIENTED_EDGE('',*,*,#5182,.T.);
#8672=ORIENTED_EDGE('',*,*,#6062,.F.);
#8673=ORIENTED_EDGE('',*,*,#6066,.T.);
#8674=ORIENTED_EDGE('',*,*,#6067,.T.);
#8675=ORIENTED_EDGE('',*,*,#5183,.T.);
#8676=ORIENTED_EDGE('',*,*,#6065,.F.);
#8677=ORIENTED_EDGE('',*,*,#6068,.T.);
#8678=ORIENTED_EDGE('',*,*,#6063,.F.);
#8679=ORIENTED_EDGE('',*,*,#5184,.T.);
#8680=ORIENTED_EDGE('',*,*,#6067,.F.);
#8681=ORIENTED_EDGE('',*,*,#6069,.T.);
#8682=ORIENTED_EDGE('',*,*,#6066,.F.);
#8683=ORIENTED_EDGE('',*,*,#6070,.F.);
#8684=ORIENTED_EDGE('',*,*,#6071,.F.);
#8685=ORIENTED_EDGE('',*,*,#6072,.T.);
#8686=ORIENTED_EDGE('',*,*,#6064,.F.);
#8687=ORIENTED_EDGE('',*,*,#6073,.F.);
#8688=ORIENTED_EDGE('',*,*,#6074,.F.);
#8689=ORIENTED_EDGE('',*,*,#6070,.T.);
#8690=ORIENTED_EDGE('',*,*,#6075,.T.);
#8691=ORIENTED_EDGE('',*,*,#4838,.T.);
#8692=ORIENTED_EDGE('',*,*,#6076,.T.);
#8693=ORIENTED_EDGE('',*,*,#6077,.T.);
#8694=ORIENTED_EDGE('',*,*,#6078,.T.);
#8695=ORIENTED_EDGE('',*,*,#4839,.T.);
#8696=ORIENTED_EDGE('',*,*,#6075,.F.);
#8697=ORIENTED_EDGE('',*,*,#6071,.T.);
#8698=ORIENTED_EDGE('',*,*,#6079,.T.);
#8699=ORIENTED_EDGE('',*,*,#4840,.T.);
#8700=ORIENTED_EDGE('',*,*,#6078,.F.);
#8701=ORIENTED_EDGE('',*,*,#6074,.T.);
#8702=ORIENTED_EDGE('',*,*,#6076,.F.);
#8703=ORIENTED_EDGE('',*,*,#4841,.T.);
#8704=ORIENTED_EDGE('',*,*,#6079,.F.);
#8705=ORIENTED_EDGE('',*,*,#6080,.T.);
#8706=ORIENTED_EDGE('',*,*,#6068,.F.);
#8707=ORIENTED_EDGE('',*,*,#6072,.F.);
#8708=ORIENTED_EDGE('',*,*,#6077,.F.);
#8709=ORIENTED_EDGE('',*,*,#6081,.T.);
#8710=ORIENTED_EDGE('',*,*,#6069,.F.);
#8711=ORIENTED_EDGE('',*,*,#6081,.F.);
#8712=ORIENTED_EDGE('',*,*,#6080,.F.);
#8713=ORIENTED_EDGE('',*,*,#6073,.T.);
#8714=ORIENTED_EDGE('',*,*,#6082,.T.);
#8715=ORIENTED_EDGE('',*,*,#5185,.T.);
#8716=ORIENTED_EDGE('',*,*,#6083,.T.);
#8717=ORIENTED_EDGE('',*,*,#6084,.T.);
#8718=ORIENTED_EDGE('',*,*,#6085,.T.);
#8719=ORIENTED_EDGE('',*,*,#5186,.T.);
#8720=ORIENTED_EDGE('',*,*,#6082,.F.);
#8721=ORIENTED_EDGE('',*,*,#6086,.T.);
#8722=ORIENTED_EDGE('',*,*,#6087,.T.);
#8723=ORIENTED_EDGE('',*,*,#5187,.T.);
#8724=ORIENTED_EDGE('',*,*,#6085,.F.);
#8725=ORIENTED_EDGE('',*,*,#6088,.T.);
#8726=ORIENTED_EDGE('',*,*,#6083,.F.);
#8727=ORIENTED_EDGE('',*,*,#5188,.T.);
#8728=ORIENTED_EDGE('',*,*,#6087,.F.);
#8729=ORIENTED_EDGE('',*,*,#6089,.T.);
#8730=ORIENTED_EDGE('',*,*,#6086,.F.);
#8731=ORIENTED_EDGE('',*,*,#6090,.F.);
#8732=ORIENTED_EDGE('',*,*,#6091,.F.);
#8733=ORIENTED_EDGE('',*,*,#6092,.T.);
#8734=ORIENTED_EDGE('',*,*,#6084,.F.);
#8735=ORIENTED_EDGE('',*,*,#6093,.F.);
#8736=ORIENTED_EDGE('',*,*,#6094,.F.);
#8737=ORIENTED_EDGE('',*,*,#6090,.T.);
#8738=ORIENTED_EDGE('',*,*,#6095,.T.);
#8739=ORIENTED_EDGE('',*,*,#4834,.T.);
#8740=ORIENTED_EDGE('',*,*,#6096,.T.);
#8741=ORIENTED_EDGE('',*,*,#6097,.T.);
#8742=ORIENTED_EDGE('',*,*,#6098,.T.);
#8743=ORIENTED_EDGE('',*,*,#4835,.T.);
#8744=ORIENTED_EDGE('',*,*,#6095,.F.);
#8745=ORIENTED_EDGE('',*,*,#6091,.T.);
#8746=ORIENTED_EDGE('',*,*,#6099,.T.);
#8747=ORIENTED_EDGE('',*,*,#4836,.T.);
#8748=ORIENTED_EDGE('',*,*,#6098,.F.);
#8749=ORIENTED_EDGE('',*,*,#6094,.T.);
#8750=ORIENTED_EDGE('',*,*,#6096,.F.);
#8751=ORIENTED_EDGE('',*,*,#4837,.T.);
#8752=ORIENTED_EDGE('',*,*,#6099,.F.);
#8753=ORIENTED_EDGE('',*,*,#6100,.T.);
#8754=ORIENTED_EDGE('',*,*,#6088,.F.);
#8755=ORIENTED_EDGE('',*,*,#6092,.F.);
#8756=ORIENTED_EDGE('',*,*,#6097,.F.);
#8757=ORIENTED_EDGE('',*,*,#6101,.T.);
#8758=ORIENTED_EDGE('',*,*,#6089,.F.);
#8759=ORIENTED_EDGE('',*,*,#6101,.F.);
#8760=ORIENTED_EDGE('',*,*,#6100,.F.);
#8761=ORIENTED_EDGE('',*,*,#6093,.T.);
#8762=ORIENTED_EDGE('',*,*,#6102,.T.);
#8763=ORIENTED_EDGE('',*,*,#5189,.T.);
#8764=ORIENTED_EDGE('',*,*,#6103,.T.);
#8765=ORIENTED_EDGE('',*,*,#6104,.T.);
#8766=ORIENTED_EDGE('',*,*,#6105,.T.);
#8767=ORIENTED_EDGE('',*,*,#5190,.T.);
#8768=ORIENTED_EDGE('',*,*,#6102,.F.);
#8769=ORIENTED_EDGE('',*,*,#6106,.T.);
#8770=ORIENTED_EDGE('',*,*,#6107,.T.);
#8771=ORIENTED_EDGE('',*,*,#5191,.T.);
#8772=ORIENTED_EDGE('',*,*,#6105,.F.);
#8773=ORIENTED_EDGE('',*,*,#6108,.T.);
#8774=ORIENTED_EDGE('',*,*,#6103,.F.);
#8775=ORIENTED_EDGE('',*,*,#5192,.T.);
#8776=ORIENTED_EDGE('',*,*,#6107,.F.);
#8777=ORIENTED_EDGE('',*,*,#6109,.T.);
#8778=ORIENTED_EDGE('',*,*,#6106,.F.);
#8779=ORIENTED_EDGE('',*,*,#6110,.F.);
#8780=ORIENTED_EDGE('',*,*,#6111,.F.);
#8781=ORIENTED_EDGE('',*,*,#6112,.T.);
#8782=ORIENTED_EDGE('',*,*,#6104,.F.);
#8783=ORIENTED_EDGE('',*,*,#6113,.F.);
#8784=ORIENTED_EDGE('',*,*,#6114,.F.);
#8785=ORIENTED_EDGE('',*,*,#6110,.T.);
#8786=ORIENTED_EDGE('',*,*,#6115,.T.);
#8787=ORIENTED_EDGE('',*,*,#4830,.T.);
#8788=ORIENTED_EDGE('',*,*,#6116,.T.);
#8789=ORIENTED_EDGE('',*,*,#6117,.T.);
#8790=ORIENTED_EDGE('',*,*,#6118,.T.);
#8791=ORIENTED_EDGE('',*,*,#4831,.T.);
#8792=ORIENTED_EDGE('',*,*,#6115,.F.);
#8793=ORIENTED_EDGE('',*,*,#6111,.T.);
#8794=ORIENTED_EDGE('',*,*,#6119,.T.);
#8795=ORIENTED_EDGE('',*,*,#4832,.T.);
#8796=ORIENTED_EDGE('',*,*,#6118,.F.);
#8797=ORIENTED_EDGE('',*,*,#6114,.T.);
#8798=ORIENTED_EDGE('',*,*,#6116,.F.);
#8799=ORIENTED_EDGE('',*,*,#4833,.T.);
#8800=ORIENTED_EDGE('',*,*,#6119,.F.);
#8801=ORIENTED_EDGE('',*,*,#6120,.T.);
#8802=ORIENTED_EDGE('',*,*,#6108,.F.);
#8803=ORIENTED_EDGE('',*,*,#6112,.F.);
#8804=ORIENTED_EDGE('',*,*,#6117,.F.);
#8805=ORIENTED_EDGE('',*,*,#6121,.T.);
#8806=ORIENTED_EDGE('',*,*,#6109,.F.);
#8807=ORIENTED_EDGE('',*,*,#6121,.F.);
#8808=ORIENTED_EDGE('',*,*,#6120,.F.);
#8809=ORIENTED_EDGE('',*,*,#6113,.T.);
#8810=ORIENTED_EDGE('',*,*,#6122,.T.);
#8811=ORIENTED_EDGE('',*,*,#5193,.T.);
#8812=ORIENTED_EDGE('',*,*,#6123,.T.);
#8813=ORIENTED_EDGE('',*,*,#6124,.T.);
#8814=ORIENTED_EDGE('',*,*,#6125,.T.);
#8815=ORIENTED_EDGE('',*,*,#5194,.T.);
#8816=ORIENTED_EDGE('',*,*,#6122,.F.);
#8817=ORIENTED_EDGE('',*,*,#6126,.T.);
#8818=ORIENTED_EDGE('',*,*,#6127,.T.);
#8819=ORIENTED_EDGE('',*,*,#5195,.T.);
#8820=ORIENTED_EDGE('',*,*,#6125,.F.);
#8821=ORIENTED_EDGE('',*,*,#6128,.T.);
#8822=ORIENTED_EDGE('',*,*,#6123,.F.);
#8823=ORIENTED_EDGE('',*,*,#5196,.T.);
#8824=ORIENTED_EDGE('',*,*,#6127,.F.);
#8825=ORIENTED_EDGE('',*,*,#6129,.T.);
#8826=ORIENTED_EDGE('',*,*,#6126,.F.);
#8827=ORIENTED_EDGE('',*,*,#6130,.F.);
#8828=ORIENTED_EDGE('',*,*,#6131,.F.);
#8829=ORIENTED_EDGE('',*,*,#6132,.T.);
#8830=ORIENTED_EDGE('',*,*,#6124,.F.);
#8831=ORIENTED_EDGE('',*,*,#6133,.F.);
#8832=ORIENTED_EDGE('',*,*,#6134,.F.);
#8833=ORIENTED_EDGE('',*,*,#6130,.T.);
#8834=ORIENTED_EDGE('',*,*,#6135,.T.);
#8835=ORIENTED_EDGE('',*,*,#4826,.T.);
#8836=ORIENTED_EDGE('',*,*,#6136,.T.);
#8837=ORIENTED_EDGE('',*,*,#6137,.T.);
#8838=ORIENTED_EDGE('',*,*,#6138,.T.);
#8839=ORIENTED_EDGE('',*,*,#4827,.T.);
#8840=ORIENTED_EDGE('',*,*,#6135,.F.);
#8841=ORIENTED_EDGE('',*,*,#6131,.T.);
#8842=ORIENTED_EDGE('',*,*,#6139,.T.);
#8843=ORIENTED_EDGE('',*,*,#4828,.T.);
#8844=ORIENTED_EDGE('',*,*,#6138,.F.);
#8845=ORIENTED_EDGE('',*,*,#6134,.T.);
#8846=ORIENTED_EDGE('',*,*,#6136,.F.);
#8847=ORIENTED_EDGE('',*,*,#4829,.T.);
#8848=ORIENTED_EDGE('',*,*,#6139,.F.);
#8849=ORIENTED_EDGE('',*,*,#6140,.T.);
#8850=ORIENTED_EDGE('',*,*,#6128,.F.);
#8851=ORIENTED_EDGE('',*,*,#6132,.F.);
#8852=ORIENTED_EDGE('',*,*,#6137,.F.);
#8853=ORIENTED_EDGE('',*,*,#6141,.T.);
#8854=ORIENTED_EDGE('',*,*,#6129,.F.);
#8855=ORIENTED_EDGE('',*,*,#6141,.F.);
#8856=ORIENTED_EDGE('',*,*,#6140,.F.);
#8857=ORIENTED_EDGE('',*,*,#6133,.T.);
#8858=ORIENTED_EDGE('',*,*,#6142,.T.);
#8859=ORIENTED_EDGE('',*,*,#5197,.T.);
#8860=ORIENTED_EDGE('',*,*,#6143,.T.);
#8861=ORIENTED_EDGE('',*,*,#6144,.T.);
#8862=ORIENTED_EDGE('',*,*,#6145,.T.);
#8863=ORIENTED_EDGE('',*,*,#5198,.T.);
#8864=ORIENTED_EDGE('',*,*,#6142,.F.);
#8865=ORIENTED_EDGE('',*,*,#6146,.T.);
#8866=ORIENTED_EDGE('',*,*,#6147,.T.);
#8867=ORIENTED_EDGE('',*,*,#5199,.T.);
#8868=ORIENTED_EDGE('',*,*,#6145,.F.);
#8869=ORIENTED_EDGE('',*,*,#6148,.T.);
#8870=ORIENTED_EDGE('',*,*,#6143,.F.);
#8871=ORIENTED_EDGE('',*,*,#5200,.T.);
#8872=ORIENTED_EDGE('',*,*,#6147,.F.);
#8873=ORIENTED_EDGE('',*,*,#6149,.T.);
#8874=ORIENTED_EDGE('',*,*,#6146,.F.);
#8875=ORIENTED_EDGE('',*,*,#6150,.F.);
#8876=ORIENTED_EDGE('',*,*,#6151,.F.);
#8877=ORIENTED_EDGE('',*,*,#6152,.T.);
#8878=ORIENTED_EDGE('',*,*,#6144,.F.);
#8879=ORIENTED_EDGE('',*,*,#6153,.F.);
#8880=ORIENTED_EDGE('',*,*,#6154,.F.);
#8881=ORIENTED_EDGE('',*,*,#6150,.T.);
#8882=ORIENTED_EDGE('',*,*,#6155,.T.);
#8883=ORIENTED_EDGE('',*,*,#4822,.T.);
#8884=ORIENTED_EDGE('',*,*,#6156,.T.);
#8885=ORIENTED_EDGE('',*,*,#6157,.T.);
#8886=ORIENTED_EDGE('',*,*,#6158,.T.);
#8887=ORIENTED_EDGE('',*,*,#4823,.T.);
#8888=ORIENTED_EDGE('',*,*,#6155,.F.);
#8889=ORIENTED_EDGE('',*,*,#6151,.T.);
#8890=ORIENTED_EDGE('',*,*,#6159,.T.);
#8891=ORIENTED_EDGE('',*,*,#4824,.T.);
#8892=ORIENTED_EDGE('',*,*,#6158,.F.);
#8893=ORIENTED_EDGE('',*,*,#6154,.T.);
#8894=ORIENTED_EDGE('',*,*,#6156,.F.);
#8895=ORIENTED_EDGE('',*,*,#4825,.T.);
#8896=ORIENTED_EDGE('',*,*,#6159,.F.);
#8897=ORIENTED_EDGE('',*,*,#6160,.T.);
#8898=ORIENTED_EDGE('',*,*,#6148,.F.);
#8899=ORIENTED_EDGE('',*,*,#6152,.F.);
#8900=ORIENTED_EDGE('',*,*,#6157,.F.);
#8901=ORIENTED_EDGE('',*,*,#6161,.T.);
#8902=ORIENTED_EDGE('',*,*,#6149,.F.);
#8903=ORIENTED_EDGE('',*,*,#6161,.F.);
#8904=ORIENTED_EDGE('',*,*,#6160,.F.);
#8905=ORIENTED_EDGE('',*,*,#6153,.T.);
#8906=CYLINDRICAL_SURFACE('',#9647,4.);
#8907=CYLINDRICAL_SURFACE('',#9651,4.);
#8908=CYLINDRICAL_SURFACE('',#9730,4.);
#8909=CYLINDRICAL_SURFACE('',#9732,4.);
#8910=CYLINDRICAL_SURFACE('',#9735,4.);
#8911=CYLINDRICAL_SURFACE('',#9737,4.);
#8912=CYLINDRICAL_SURFACE('',#9740,4.);
#8913=CYLINDRICAL_SURFACE('',#9742,4.);
#8914=CYLINDRICAL_SURFACE('',#9761,8.99999999999995);
#8915=CYLINDRICAL_SURFACE('',#9764,9.);
#8916=CYLINDRICAL_SURFACE('',#9818,9.00000000001098);
#8917=CYLINDRICAL_SURFACE('',#9820,8.99999999999235);
#8918=CYLINDRICAL_SURFACE('',#9922,0.600000000000007);
#8919=CYLINDRICAL_SURFACE('',#9924,0.3);
#8920=CYLINDRICAL_SURFACE('',#9926,0.600000000000007);
#8921=CYLINDRICAL_SURFACE('',#9928,0.599999999999999);
#8922=CYLINDRICAL_SURFACE('',#9930,0.3);
#8923=CYLINDRICAL_SURFACE('',#9932,0.599999999999999);
#8924=CYLINDRICAL_SURFACE('',#9944,0.599999999999999);
#8925=CYLINDRICAL_SURFACE('',#9946,0.3);
#8926=CYLINDRICAL_SURFACE('',#9948,0.599999999999999);
#8927=CYLINDRICAL_SURFACE('',#9950,0.600000000000007);
#8928=CYLINDRICAL_SURFACE('',#9952,0.3);
#8929=CYLINDRICAL_SURFACE('',#9954,0.600000000000007);
#8930=CYLINDRICAL_SURFACE('',#9960,2.79999999999999);
#8931=CYLINDRICAL_SURFACE('',#9961,2.79999999999999);
#8932=CYLINDRICAL_SURFACE('',#9962,2.79999999999999);
#8933=CYLINDRICAL_SURFACE('',#9963,2.79999999999999);
#8934=CYLINDRICAL_SURFACE('',#9996,0.600000000000007);
#8935=CYLINDRICAL_SURFACE('',#9998,0.3);
#8936=CYLINDRICAL_SURFACE('',#10000,0.600000000000007);
#8937=CYLINDRICAL_SURFACE('',#10002,0.599999999999999);
#8938=CYLINDRICAL_SURFACE('',#10004,0.3);
#8939=CYLINDRICAL_SURFACE('',#10006,0.599999999999999);
#8940=CYLINDRICAL_SURFACE('',#10018,0.599999999999999);
#8941=CYLINDRICAL_SURFACE('',#10020,0.3);
#8942=CYLINDRICAL_SURFACE('',#10022,0.599999999999999);
#8943=CYLINDRICAL_SURFACE('',#10024,0.600000000000007);
#8944=CYLINDRICAL_SURFACE('',#10026,0.3);
#8945=CYLINDRICAL_SURFACE('',#10028,0.600000000000007);
#8946=CYLINDRICAL_SURFACE('',#10034,2.79999999999999);
#8947=CYLINDRICAL_SURFACE('',#10035,2.79999999999999);
#8948=CYLINDRICAL_SURFACE('',#10036,2.79999999999999);
#8949=CYLINDRICAL_SURFACE('',#10037,2.79999999999999);
#8950=CYLINDRICAL_SURFACE('',#10070,0.600000000000007);
#8951=CYLINDRICAL_SURFACE('',#10072,0.3);
#8952=CYLINDRICAL_SURFACE('',#10074,0.600000000000007);
#8953=CYLINDRICAL_SURFACE('',#10076,0.599999999999999);
#8954=CYLINDRICAL_SURFACE('',#10078,0.3);
#8955=CYLINDRICAL_SURFACE('',#10080,0.599999999999999);
#8956=CYLINDRICAL_SURFACE('',#10092,0.599999999999999);
#8957=CYLINDRICAL_SURFACE('',#10094,0.3);
#8958=CYLINDRICAL_SURFACE('',#10096,0.599999999999999);
#8959=CYLINDRICAL_SURFACE('',#10098,0.600000000000007);
#8960=CYLINDRICAL_SURFACE('',#10100,0.3);
#8961=CYLINDRICAL_SURFACE('',#10102,0.600000000000007);
#8962=CYLINDRICAL_SURFACE('',#10108,2.79999999999999);
#8963=CYLINDRICAL_SURFACE('',#10109,2.79999999999999);
#8964=CYLINDRICAL_SURFACE('',#10110,2.79999999999999);
#8965=CYLINDRICAL_SURFACE('',#10111,2.79999999999999);
#8966=CYLINDRICAL_SURFACE('',#10144,0.600000000000007);
#8967=CYLINDRICAL_SURFACE('',#10146,0.3);
#8968=CYLINDRICAL_SURFACE('',#10148,0.600000000000007);
#8969=CYLINDRICAL_SURFACE('',#10150,2.79999999999999);
#8970=CYLINDRICAL_SURFACE('',#10152,0.599999999999999);
#8971=CYLINDRICAL_SURFACE('',#10154,0.3);
#8972=CYLINDRICAL_SURFACE('',#10156,0.599999999999999);
#8973=CYLINDRICAL_SURFACE('',#10158,2.79999999999999);
#8974=CYLINDRICAL_SURFACE('',#10168,0.599999999999999);
#8975=CYLINDRICAL_SURFACE('',#10170,0.3);
#8976=CYLINDRICAL_SURFACE('',#10172,0.599999999999999);
#8977=CYLINDRICAL_SURFACE('',#10174,2.79999999999999);
#8978=CYLINDRICAL_SURFACE('',#10175,0.600000000000007);
#8979=CYLINDRICAL_SURFACE('',#10177,0.3);
#8980=CYLINDRICAL_SURFACE('',#10179,0.600000000000007);
#8981=CYLINDRICAL_SURFACE('',#10181,2.79999999999999);
#8982=CYLINDRICAL_SURFACE('',#10187,5.5);
#8983=CYLINDRICAL_SURFACE('',#10190,5.50000000000001);
#8984=CYLINDRICAL_SURFACE('',#10193,5.50000000000001);
#8985=CYLINDRICAL_SURFACE('',#10197,5.5);
#8986=CYLINDRICAL_SURFACE('',#10204,2.6);
#8987=CYLINDRICAL_SURFACE('',#10213,2.6);
#8988=CYLINDRICAL_SURFACE('',#10220,2.6);
#8989=CYLINDRICAL_SURFACE('',#10229,2.6);
#8990=CYLINDRICAL_SURFACE('',#10236,2.6);
#8991=CYLINDRICAL_SURFACE('',#10245,2.6);
#8992=CYLINDRICAL_SURFACE('',#10252,2.6);
#8993=CYLINDRICAL_SURFACE('',#10261,2.6);
#8994=CYLINDRICAL_SURFACE('',#10268,2.6);
#8995=CYLINDRICAL_SURFACE('',#10277,2.6);
#8996=CYLINDRICAL_SURFACE('',#10284,2.6);
#8997=CYLINDRICAL_SURFACE('',#10293,2.6);
#8998=CYLINDRICAL_SURFACE('',#10300,2.6);
#8999=CYLINDRICAL_SURFACE('',#10309,2.6);
#9000=CYLINDRICAL_SURFACE('',#10316,2.6);
#9001=CYLINDRICAL_SURFACE('',#10325,2.6);
#9002=CYLINDRICAL_SURFACE('',#10332,2.6);
#9003=CYLINDRICAL_SURFACE('',#10341,2.6);
#9004=CYLINDRICAL_SURFACE('',#10348,2.6);
#9005=CYLINDRICAL_SURFACE('',#10357,2.6);
#9006=CYLINDRICAL_SURFACE('',#10364,2.6);
#9007=CYLINDRICAL_SURFACE('',#10373,2.6);
#9008=CYLINDRICAL_SURFACE('',#10380,2.6);
#9009=CYLINDRICAL_SURFACE('',#10389,2.6);
#9010=CYLINDRICAL_SURFACE('',#10396,2.6);
#9011=CYLINDRICAL_SURFACE('',#10405,2.6);
#9012=CYLINDRICAL_SURFACE('',#10412,2.6);
#9013=CYLINDRICAL_SURFACE('',#10421,2.6);
#9014=CYLINDRICAL_SURFACE('',#10428,2.6);
#9015=CYLINDRICAL_SURFACE('',#10437,2.6);
#9016=CYLINDRICAL_SURFACE('',#10444,2.6);
#9017=CYLINDRICAL_SURFACE('',#10453,2.6);
#9018=CYLINDRICAL_SURFACE('',#10460,2.6);
#9019=CYLINDRICAL_SURFACE('',#10469,2.6);
#9020=CYLINDRICAL_SURFACE('',#10476,2.6);
#9021=CYLINDRICAL_SURFACE('',#10485,2.6);
#9022=CYLINDRICAL_SURFACE('',#10492,2.6);
#9023=CYLINDRICAL_SURFACE('',#10501,2.6);
#9024=CYLINDRICAL_SURFACE('',#10508,2.6);
#9025=CYLINDRICAL_SURFACE('',#10517,2.6);
#9026=CYLINDRICAL_SURFACE('',#10524,2.6);
#9027=CYLINDRICAL_SURFACE('',#10533,2.6);
#9028=CYLINDRICAL_SURFACE('',#10540,2.6);
#9029=CYLINDRICAL_SURFACE('',#10549,2.6);
#9030=CYLINDRICAL_SURFACE('',#10556,2.6);
#9031=CYLINDRICAL_SURFACE('',#10565,2.6);
#9032=CYLINDRICAL_SURFACE('',#10572,2.6);
#9033=CYLINDRICAL_SURFACE('',#10581,2.6);
#9034=CYLINDRICAL_SURFACE('',#10588,2.6);
#9035=CYLINDRICAL_SURFACE('',#10597,2.6);
#9036=CYLINDRICAL_SURFACE('',#10604,2.6);
#9037=CYLINDRICAL_SURFACE('',#10613,2.6);
#9038=CYLINDRICAL_SURFACE('',#10620,2.6);
#9039=CYLINDRICAL_SURFACE('',#10629,2.6);
#9040=CYLINDRICAL_SURFACE('',#10636,2.6);
#9041=CYLINDRICAL_SURFACE('',#10645,2.6);
#9042=CYLINDRICAL_SURFACE('',#10652,2.6);
#9043=CYLINDRICAL_SURFACE('',#10661,2.6);
#9044=CYLINDRICAL_SURFACE('',#10668,2.6);
#9045=CYLINDRICAL_SURFACE('',#10677,2.6);
#9046=CYLINDRICAL_SURFACE('',#10684,2.6);
#9047=CYLINDRICAL_SURFACE('',#10693,2.6);
#9048=CYLINDRICAL_SURFACE('',#10700,2.6);
#9049=CYLINDRICAL_SURFACE('',#10709,2.6);
#9050=ADVANCED_FACE('',(#1023),#8906,.F.);
#9051=ADVANCED_FACE('',(#1024),#788,.T.);
#9052=ADVANCED_FACE('',(#1025),#8907,.F.);
#9053=ADVANCED_FACE('',(#1026,#251,#252,#253,#254,#255,#256,#257,#258,#259,
#260,#261,#262,#263,#264,#265,#266,#267,#268,#269,#270,#271,#272,#273,#274,
#275,#276,#277,#278,#279,#280,#281,#282),#789,.F.);
#9054=ADVANCED_FACE('',(#1027),#790,.T.);
#9055=ADVANCED_FACE('',(#1028),#8908,.F.);
#9056=ADVANCED_FACE('',(#1029),#8909,.F.);
#9057=ADVANCED_FACE('',(#1030),#791,.T.);
#9058=ADVANCED_FACE('',(#1031),#8910,.F.);
#9059=ADVANCED_FACE('',(#1032),#8911,.F.);
#9060=ADVANCED_FACE('',(#1033),#792,.T.);
#9061=ADVANCED_FACE('',(#1034),#8912,.F.);
#9062=ADVANCED_FACE('',(#1035),#8913,.F.);
#9063=ADVANCED_FACE('',(#1036),#793,.T.);
#9064=ADVANCED_FACE('',(#1037),#794,.T.);
#9065=ADVANCED_FACE('',(#1038),#47,.T.);
#9066=ADVANCED_FACE('',(#1039),#795,.T.);
#9067=ADVANCED_FACE('',(#1040),#48,.T.);
#9068=ADVANCED_FACE('',(#1041),#796,.T.);
#9069=ADVANCED_FACE('',(#1042),#49,.T.);
#9070=ADVANCED_FACE('',(#1043),#797,.T.);
#9071=ADVANCED_FACE('',(#1044),#50,.T.);
#9072=ADVANCED_FACE('',(#1045),#8914,.T.);
#9073=ADVANCED_FACE('',(#1046),#798,.T.);
#9074=ADVANCED_FACE('',(#1047),#8915,.T.);
#9075=ADVANCED_FACE('',(#1048),#799,.T.);
#9076=ADVANCED_FACE('',(#1049,#283,#284,#285,#286,#287),#800,.T.);
#9077=ADVANCED_FACE('',(#1050),#801,.T.);
#9078=ADVANCED_FACE('',(#1051),#51,.T.);
#9079=ADVANCED_FACE('',(#1052),#802,.T.);
#9080=ADVANCED_FACE('',(#1053),#52,.T.);
#9081=ADVANCED_FACE('',(#1054),#803,.T.);
#9082=ADVANCED_FACE('',(#1055),#53,.T.);
#9083=ADVANCED_FACE('',(#1056),#804,.T.);
#9084=ADVANCED_FACE('',(#1057),#54,.T.);
#9085=ADVANCED_FACE('',(#1058),#8916,.T.);
#9086=ADVANCED_FACE('',(#1059),#805,.T.);
#9087=ADVANCED_FACE('',(#1060),#8917,.T.);
#9088=ADVANCED_FACE('',(#1061,#288,#289,#290,#291,#292,#293,#294,#295,#296,
#297,#298,#299,#300,#301,#302,#303,#304,#305,#306,#307,#308,#309,#310,#311,
#312,#313,#314,#315,#316,#317,#318,#319,#320,#321,#322,#323),#806,.T.);
#9089=ADVANCED_FACE('',(#1062),#55,.F.);
#9090=ADVANCED_FACE('',(#1063),#56,.F.);
#9091=ADVANCED_FACE('',(#1064),#57,.F.);
#9092=ADVANCED_FACE('',(#1065),#58,.F.);
#9093=ADVANCED_FACE('',(#1066),#59,.F.);
#9094=ADVANCED_FACE('',(#1067),#60,.F.);
#9095=ADVANCED_FACE('',(#1068),#61,.F.);
#9096=ADVANCED_FACE('',(#1069),#62,.F.);
#9097=ADVANCED_FACE('',(#1070),#63,.T.);
#9098=ADVANCED_FACE('',(#1071),#64,.T.);
#9099=ADVANCED_FACE('',(#1072),#65,.T.);
#9100=ADVANCED_FACE('',(#1073),#66,.T.);
#9101=ADVANCED_FACE('',(#1074),#67,.T.);
#9102=ADVANCED_FACE('',(#1075),#68,.T.);
#9103=ADVANCED_FACE('',(#1076),#69,.T.);
#9104=ADVANCED_FACE('',(#1077),#70,.T.);
#9105=ADVANCED_FACE('',(#1078),#8918,.T.);
#9106=ADVANCED_FACE('',(#1079),#8919,.F.);
#9107=ADVANCED_FACE('',(#1080),#8920,.T.);
#9108=ADVANCED_FACE('',(#1081),#8921,.T.);
#9109=ADVANCED_FACE('',(#1082),#8922,.F.);
#9110=ADVANCED_FACE('',(#1083),#8923,.T.);
#9111=ADVANCED_FACE('',(#1084),#71,.F.);
#9112=ADVANCED_FACE('',(#1085),#8924,.T.);
#9113=ADVANCED_FACE('',(#1086),#8925,.F.);
#9114=ADVANCED_FACE('',(#1087),#8926,.T.);
#9115=ADVANCED_FACE('',(#1088),#8927,.T.);
#9116=ADVANCED_FACE('',(#1089),#8928,.F.);
#9117=ADVANCED_FACE('',(#1090),#8929,.T.);
#9118=ADVANCED_FACE('',(#1091),#807,.T.);
#9119=ADVANCED_FACE('',(#1092),#808,.T.);
#9120=ADVANCED_FACE('',(#1093),#809,.T.);
#9121=ADVANCED_FACE('',(#1094),#810,.T.);
#9122=ADVANCED_FACE('',(#1095),#8930,.F.);
#9123=ADVANCED_FACE('',(#1096),#8931,.F.);
#9124=ADVANCED_FACE('',(#1097),#8932,.F.);
#9125=ADVANCED_FACE('',(#1098),#8933,.F.);
#9126=ADVANCED_FACE('',(#1099),#72,.F.);
#9127=ADVANCED_FACE('',(#1100),#73,.F.);
#9128=ADVANCED_FACE('',(#1101),#74,.F.);
#9129=ADVANCED_FACE('',(#1102),#75,.F.);
#9130=ADVANCED_FACE('',(#1103),#76,.F.);
#9131=ADVANCED_FACE('',(#1104),#77,.F.);
#9132=ADVANCED_FACE('',(#1105),#78,.F.);
#9133=ADVANCED_FACE('',(#1106),#79,.F.);
#9134=ADVANCED_FACE('',(#1107),#80,.T.);
#9135=ADVANCED_FACE('',(#1108),#81,.T.);
#9136=ADVANCED_FACE('',(#1109),#82,.T.);
#9137=ADVANCED_FACE('',(#1110),#83,.T.);
#9138=ADVANCED_FACE('',(#1111),#84,.T.);
#9139=ADVANCED_FACE('',(#1112),#85,.T.);
#9140=ADVANCED_FACE('',(#1113),#86,.T.);
#9141=ADVANCED_FACE('',(#1114),#87,.T.);
#9142=ADVANCED_FACE('',(#1115),#8934,.T.);
#9143=ADVANCED_FACE('',(#1116),#8935,.F.);
#9144=ADVANCED_FACE('',(#1117),#8936,.T.);
#9145=ADVANCED_FACE('',(#1118),#8937,.T.);
#9146=ADVANCED_FACE('',(#1119),#8938,.F.);
#9147=ADVANCED_FACE('',(#1120),#8939,.T.);
#9148=ADVANCED_FACE('',(#1121),#88,.F.);
#9149=ADVANCED_FACE('',(#1122),#8940,.T.);
#9150=ADVANCED_FACE('',(#1123),#8941,.F.);
#9151=ADVANCED_FACE('',(#1124),#8942,.T.);
#9152=ADVANCED_FACE('',(#1125),#8943,.T.);
#9153=ADVANCED_FACE('',(#1126),#8944,.F.);
#9154=ADVANCED_FACE('',(#1127),#8945,.T.);
#9155=ADVANCED_FACE('',(#1128),#811,.T.);
#9156=ADVANCED_FACE('',(#1129),#812,.T.);
#9157=ADVANCED_FACE('',(#1130),#813,.T.);
#9158=ADVANCED_FACE('',(#1131),#814,.T.);
#9159=ADVANCED_FACE('',(#1132),#8946,.F.);
#9160=ADVANCED_FACE('',(#1133),#8947,.F.);
#9161=ADVANCED_FACE('',(#1134),#8948,.F.);
#9162=ADVANCED_FACE('',(#1135),#8949,.F.);
#9163=ADVANCED_FACE('',(#1136),#89,.F.);
#9164=ADVANCED_FACE('',(#1137),#90,.F.);
#9165=ADVANCED_FACE('',(#1138),#91,.F.);
#9166=ADVANCED_FACE('',(#1139),#92,.F.);
#9167=ADVANCED_FACE('',(#1140),#93,.F.);
#9168=ADVANCED_FACE('',(#1141),#94,.F.);
#9169=ADVANCED_FACE('',(#1142),#95,.F.);
#9170=ADVANCED_FACE('',(#1143),#96,.F.);
#9171=ADVANCED_FACE('',(#1144),#97,.T.);
#9172=ADVANCED_FACE('',(#1145),#98,.T.);
#9173=ADVANCED_FACE('',(#1146),#99,.T.);
#9174=ADVANCED_FACE('',(#1147),#100,.T.);
#9175=ADVANCED_FACE('',(#1148),#101,.T.);
#9176=ADVANCED_FACE('',(#1149),#102,.T.);
#9177=ADVANCED_FACE('',(#1150),#103,.T.);
#9178=ADVANCED_FACE('',(#1151),#104,.T.);
#9179=ADVANCED_FACE('',(#1152),#8950,.T.);
#9180=ADVANCED_FACE('',(#1153),#8951,.F.);
#9181=ADVANCED_FACE('',(#1154),#8952,.T.);
#9182=ADVANCED_FACE('',(#1155),#8953,.T.);
#9183=ADVANCED_FACE('',(#1156),#8954,.F.);
#9184=ADVANCED_FACE('',(#1157),#8955,.T.);
#9185=ADVANCED_FACE('',(#1158),#105,.F.);
#9186=ADVANCED_FACE('',(#1159),#8956,.T.);
#9187=ADVANCED_FACE('',(#1160),#8957,.F.);
#9188=ADVANCED_FACE('',(#1161),#8958,.T.);
#9189=ADVANCED_FACE('',(#1162),#8959,.T.);
#9190=ADVANCED_FACE('',(#1163),#8960,.F.);
#9191=ADVANCED_FACE('',(#1164),#8961,.T.);
#9192=ADVANCED_FACE('',(#1165),#815,.T.);
#9193=ADVANCED_FACE('',(#1166),#816,.T.);
#9194=ADVANCED_FACE('',(#1167),#817,.T.);
#9195=ADVANCED_FACE('',(#1168),#818,.T.);
#9196=ADVANCED_FACE('',(#1169),#8962,.F.);
#9197=ADVANCED_FACE('',(#1170),#8963,.F.);
#9198=ADVANCED_FACE('',(#1171),#8964,.F.);
#9199=ADVANCED_FACE('',(#1172),#8965,.F.);
#9200=ADVANCED_FACE('',(#1173),#106,.F.);
#9201=ADVANCED_FACE('',(#1174),#107,.F.);
#9202=ADVANCED_FACE('',(#1175),#108,.F.);
#9203=ADVANCED_FACE('',(#1176),#109,.F.);
#9204=ADVANCED_FACE('',(#1177),#110,.F.);
#9205=ADVANCED_FACE('',(#1178),#111,.F.);
#9206=ADVANCED_FACE('',(#1179),#112,.F.);
#9207=ADVANCED_FACE('',(#1180),#113,.F.);
#9208=ADVANCED_FACE('',(#1181),#114,.T.);
#9209=ADVANCED_FACE('',(#1182),#115,.T.);
#9210=ADVANCED_FACE('',(#1183),#116,.T.);
#9211=ADVANCED_FACE('',(#1184),#117,.T.);
#9212=ADVANCED_FACE('',(#1185),#118,.T.);
#9213=ADVANCED_FACE('',(#1186),#119,.T.);
#9214=ADVANCED_FACE('',(#1187),#120,.T.);
#9215=ADVANCED_FACE('',(#1188),#121,.T.);
#9216=ADVANCED_FACE('',(#1189),#8966,.T.);
#9217=ADVANCED_FACE('',(#1190),#8967,.F.);
#9218=ADVANCED_FACE('',(#1191),#8968,.T.);
#9219=ADVANCED_FACE('',(#1192),#8969,.F.);
#9220=ADVANCED_FACE('',(#1193),#8970,.T.);
#9221=ADVANCED_FACE('',(#1194),#8971,.F.);
#9222=ADVANCED_FACE('',(#1195),#8972,.T.);
#9223=ADVANCED_FACE('',(#1196),#8973,.F.);
#9224=ADVANCED_FACE('',(#1197),#122,.F.);
#9225=ADVANCED_FACE('',(#1198),#8974,.T.);
#9226=ADVANCED_FACE('',(#1199),#8975,.F.);
#9227=ADVANCED_FACE('',(#1200),#8976,.T.);
#9228=ADVANCED_FACE('',(#1201),#8977,.F.);
#9229=ADVANCED_FACE('',(#1202),#8978,.T.);
#9230=ADVANCED_FACE('',(#1203),#8979,.F.);
#9231=ADVANCED_FACE('',(#1204),#8980,.T.);
#9232=ADVANCED_FACE('',(#1205),#8981,.F.);
#9233=ADVANCED_FACE('',(#1206),#819,.T.);
#9234=ADVANCED_FACE('',(#1207),#820,.T.);
#9235=ADVANCED_FACE('',(#1208),#821,.T.);
#9236=ADVANCED_FACE('',(#1209),#822,.T.);
#9237=ADVANCED_FACE('',(#1210),#823,.T.);
#9238=ADVANCED_FACE('',(#1211),#8982,.T.);
#9239=ADVANCED_FACE('',(#1212),#824,.T.);
#9240=ADVANCED_FACE('',(#1213),#825,.T.);
#9241=ADVANCED_FACE('',(#1214),#8983,.T.);
#9242=ADVANCED_FACE('',(#1215),#826,.T.);
#9243=ADVANCED_FACE('',(#1216),#827,.T.);
#9244=ADVANCED_FACE('',(#1217),#8984,.T.);
#9245=ADVANCED_FACE('',(#1218),#828,.T.);
#9246=ADVANCED_FACE('',(#1219),#829,.T.);
#9247=ADVANCED_FACE('',(#1220),#830,.T.);
#9248=ADVANCED_FACE('',(#1221),#8985,.T.);
#9249=ADVANCED_FACE('',(#1222),#831,.T.);
#9250=ADVANCED_FACE('',(#1223),#123,.F.);
#9251=ADVANCED_FACE('',(#1224),#832,.T.);
#9252=ADVANCED_FACE('',(#1225),#124,.F.);
#9253=ADVANCED_FACE('',(#1226),#8986,.F.);
#9254=ADVANCED_FACE('',(#1227),#833,.F.);
#9255=ADVANCED_FACE('',(#1228),#834,.T.);
#9256=ADVANCED_FACE('',(#1229),#125,.F.);
#9257=ADVANCED_FACE('',(#1230),#835,.T.);
#9258=ADVANCED_FACE('',(#1231),#126,.F.);
#9259=ADVANCED_FACE('',(#1232),#836,.F.);
#9260=ADVANCED_FACE('',(#1233),#8987,.F.);
#9261=ADVANCED_FACE('',(#1234),#837,.T.);
#9262=ADVANCED_FACE('',(#1235),#127,.F.);
#9263=ADVANCED_FACE('',(#1236),#838,.T.);
#9264=ADVANCED_FACE('',(#1237),#128,.F.);
#9265=ADVANCED_FACE('',(#1238),#8988,.F.);
#9266=ADVANCED_FACE('',(#1239),#839,.F.);
#9267=ADVANCED_FACE('',(#1240),#129,.F.);
#9268=ADVANCED_FACE('',(#1241),#840,.T.);
#9269=ADVANCED_FACE('',(#1242),#130,.F.);
#9270=ADVANCED_FACE('',(#1243),#841,.T.);
#9271=ADVANCED_FACE('',(#1244),#842,.F.);
#9272=ADVANCED_FACE('',(#1245),#8989,.F.);
#9273=ADVANCED_FACE('',(#1246),#843,.T.);
#9274=ADVANCED_FACE('',(#1247),#131,.F.);
#9275=ADVANCED_FACE('',(#1248),#844,.T.);
#9276=ADVANCED_FACE('',(#1249),#132,.F.);
#9277=ADVANCED_FACE('',(#1250),#8990,.F.);
#9278=ADVANCED_FACE('',(#1251),#845,.F.);
#9279=ADVANCED_FACE('',(#1252),#133,.F.);
#9280=ADVANCED_FACE('',(#1253),#846,.T.);
#9281=ADVANCED_FACE('',(#1254),#134,.F.);
#9282=ADVANCED_FACE('',(#1255),#847,.T.);
#9283=ADVANCED_FACE('',(#1256),#848,.F.);
#9284=ADVANCED_FACE('',(#1257),#8991,.F.);
#9285=ADVANCED_FACE('',(#1258),#849,.T.);
#9286=ADVANCED_FACE('',(#1259),#135,.F.);
#9287=ADVANCED_FACE('',(#1260),#850,.T.);
#9288=ADVANCED_FACE('',(#1261),#136,.F.);
#9289=ADVANCED_FACE('',(#1262),#8992,.F.);
#9290=ADVANCED_FACE('',(#1263),#851,.F.);
#9291=ADVANCED_FACE('',(#1264),#137,.F.);
#9292=ADVANCED_FACE('',(#1265),#852,.T.);
#9293=ADVANCED_FACE('',(#1266),#138,.F.);
#9294=ADVANCED_FACE('',(#1267),#853,.T.);
#9295=ADVANCED_FACE('',(#1268),#854,.F.);
#9296=ADVANCED_FACE('',(#1269),#8993,.F.);
#9297=ADVANCED_FACE('',(#1270),#855,.T.);
#9298=ADVANCED_FACE('',(#1271),#139,.F.);
#9299=ADVANCED_FACE('',(#1272),#856,.T.);
#9300=ADVANCED_FACE('',(#1273),#140,.F.);
#9301=ADVANCED_FACE('',(#1274),#8994,.F.);
#9302=ADVANCED_FACE('',(#1275),#857,.F.);
#9303=ADVANCED_FACE('',(#1276),#141,.F.);
#9304=ADVANCED_FACE('',(#1277),#858,.T.);
#9305=ADVANCED_FACE('',(#1278),#142,.F.);
#9306=ADVANCED_FACE('',(#1279),#859,.T.);
#9307=ADVANCED_FACE('',(#1280),#860,.F.);
#9308=ADVANCED_FACE('',(#1281),#8995,.F.);
#9309=ADVANCED_FACE('',(#1282),#861,.T.);
#9310=ADVANCED_FACE('',(#1283),#143,.F.);
#9311=ADVANCED_FACE('',(#1284),#862,.T.);
#9312=ADVANCED_FACE('',(#1285),#144,.F.);
#9313=ADVANCED_FACE('',(#1286),#8996,.F.);
#9314=ADVANCED_FACE('',(#1287),#863,.F.);
#9315=ADVANCED_FACE('',(#1288),#145,.F.);
#9316=ADVANCED_FACE('',(#1289),#864,.T.);
#9317=ADVANCED_FACE('',(#1290),#146,.F.);
#9318=ADVANCED_FACE('',(#1291),#865,.T.);
#9319=ADVANCED_FACE('',(#1292),#866,.F.);
#9320=ADVANCED_FACE('',(#1293),#8997,.F.);
#9321=ADVANCED_FACE('',(#1294),#867,.T.);
#9322=ADVANCED_FACE('',(#1295),#147,.F.);
#9323=ADVANCED_FACE('',(#1296),#868,.T.);
#9324=ADVANCED_FACE('',(#1297),#148,.F.);
#9325=ADVANCED_FACE('',(#1298),#8998,.F.);
#9326=ADVANCED_FACE('',(#1299),#869,.F.);
#9327=ADVANCED_FACE('',(#1300),#149,.F.);
#9328=ADVANCED_FACE('',(#1301),#870,.T.);
#9329=ADVANCED_FACE('',(#1302),#150,.F.);
#9330=ADVANCED_FACE('',(#1303),#871,.T.);
#9331=ADVANCED_FACE('',(#1304),#872,.F.);
#9332=ADVANCED_FACE('',(#1305),#8999,.F.);
#9333=ADVANCED_FACE('',(#1306),#873,.T.);
#9334=ADVANCED_FACE('',(#1307),#151,.F.);
#9335=ADVANCED_FACE('',(#1308),#874,.T.);
#9336=ADVANCED_FACE('',(#1309),#152,.F.);
#9337=ADVANCED_FACE('',(#1310),#9000,.F.);
#9338=ADVANCED_FACE('',(#1311),#875,.F.);
#9339=ADVANCED_FACE('',(#1312),#153,.F.);
#9340=ADVANCED_FACE('',(#1313),#876,.T.);
#9341=ADVANCED_FACE('',(#1314),#154,.F.);
#9342=ADVANCED_FACE('',(#1315),#877,.T.);
#9343=ADVANCED_FACE('',(#1316),#878,.F.);
#9344=ADVANCED_FACE('',(#1317),#9001,.F.);
#9345=ADVANCED_FACE('',(#1318),#879,.T.);
#9346=ADVANCED_FACE('',(#1319),#155,.F.);
#9347=ADVANCED_FACE('',(#1320),#880,.T.);
#9348=ADVANCED_FACE('',(#1321),#156,.F.);
#9349=ADVANCED_FACE('',(#1322),#9002,.F.);
#9350=ADVANCED_FACE('',(#1323),#881,.F.);
#9351=ADVANCED_FACE('',(#1324),#157,.F.);
#9352=ADVANCED_FACE('',(#1325),#882,.T.);
#9353=ADVANCED_FACE('',(#1326),#158,.F.);
#9354=ADVANCED_FACE('',(#1327),#883,.T.);
#9355=ADVANCED_FACE('',(#1328),#884,.F.);
#9356=ADVANCED_FACE('',(#1329),#9003,.F.);
#9357=ADVANCED_FACE('',(#1330),#885,.T.);
#9358=ADVANCED_FACE('',(#1331),#159,.F.);
#9359=ADVANCED_FACE('',(#1332),#886,.T.);
#9360=ADVANCED_FACE('',(#1333),#160,.F.);
#9361=ADVANCED_FACE('',(#1334),#9004,.F.);
#9362=ADVANCED_FACE('',(#1335),#887,.F.);
#9363=ADVANCED_FACE('',(#1336),#161,.F.);
#9364=ADVANCED_FACE('',(#1337),#888,.T.);
#9365=ADVANCED_FACE('',(#1338),#162,.F.);
#9366=ADVANCED_FACE('',(#1339),#889,.T.);
#9367=ADVANCED_FACE('',(#1340),#890,.F.);
#9368=ADVANCED_FACE('',(#1341),#9005,.F.);
#9369=ADVANCED_FACE('',(#1342),#891,.T.);
#9370=ADVANCED_FACE('',(#1343),#163,.F.);
#9371=ADVANCED_FACE('',(#1344),#892,.T.);
#9372=ADVANCED_FACE('',(#1345),#164,.F.);
#9373=ADVANCED_FACE('',(#1346),#9006,.F.);
#9374=ADVANCED_FACE('',(#1347),#893,.F.);
#9375=ADVANCED_FACE('',(#1348),#165,.F.);
#9376=ADVANCED_FACE('',(#1349),#894,.T.);
#9377=ADVANCED_FACE('',(#1350),#166,.F.);
#9378=ADVANCED_FACE('',(#1351),#895,.T.);
#9379=ADVANCED_FACE('',(#1352),#896,.F.);
#9380=ADVANCED_FACE('',(#1353),#9007,.F.);
#9381=ADVANCED_FACE('',(#1354),#897,.T.);
#9382=ADVANCED_FACE('',(#1355),#167,.F.);
#9383=ADVANCED_FACE('',(#1356),#898,.T.);
#9384=ADVANCED_FACE('',(#1357),#168,.F.);
#9385=ADVANCED_FACE('',(#1358),#9008,.F.);
#9386=ADVANCED_FACE('',(#1359),#899,.F.);
#9387=ADVANCED_FACE('',(#1360),#169,.F.);
#9388=ADVANCED_FACE('',(#1361),#900,.T.);
#9389=ADVANCED_FACE('',(#1362),#170,.F.);
#9390=ADVANCED_FACE('',(#1363),#901,.T.);
#9391=ADVANCED_FACE('',(#1364),#902,.F.);
#9392=ADVANCED_FACE('',(#1365),#9009,.F.);
#9393=ADVANCED_FACE('',(#1366),#903,.T.);
#9394=ADVANCED_FACE('',(#1367),#171,.F.);
#9395=ADVANCED_FACE('',(#1368),#904,.T.);
#9396=ADVANCED_FACE('',(#1369),#172,.F.);
#9397=ADVANCED_FACE('',(#1370),#9010,.F.);
#9398=ADVANCED_FACE('',(#1371),#905,.F.);
#9399=ADVANCED_FACE('',(#1372),#173,.F.);
#9400=ADVANCED_FACE('',(#1373),#906,.T.);
#9401=ADVANCED_FACE('',(#1374),#174,.F.);
#9402=ADVANCED_FACE('',(#1375),#907,.T.);
#9403=ADVANCED_FACE('',(#1376),#908,.F.);
#9404=ADVANCED_FACE('',(#1377),#9011,.F.);
#9405=ADVANCED_FACE('',(#1378),#909,.T.);
#9406=ADVANCED_FACE('',(#1379),#175,.F.);
#9407=ADVANCED_FACE('',(#1380),#910,.T.);
#9408=ADVANCED_FACE('',(#1381),#176,.F.);
#9409=ADVANCED_FACE('',(#1382),#9012,.F.);
#9410=ADVANCED_FACE('',(#1383),#911,.F.);
#9411=ADVANCED_FACE('',(#1384),#177,.F.);
#9412=ADVANCED_FACE('',(#1385),#912,.T.);
#9413=ADVANCED_FACE('',(#1386),#178,.F.);
#9414=ADVANCED_FACE('',(#1387),#913,.T.);
#9415=ADVANCED_FACE('',(#1388),#914,.F.);
#9416=ADVANCED_FACE('',(#1389),#9013,.F.);
#9417=ADVANCED_FACE('',(#1390),#915,.T.);
#9418=ADVANCED_FACE('',(#1391),#179,.F.);
#9419=ADVANCED_FACE('',(#1392),#916,.T.);
#9420=ADVANCED_FACE('',(#1393),#180,.F.);
#9421=ADVANCED_FACE('',(#1394),#9014,.F.);
#9422=ADVANCED_FACE('',(#1395),#917,.F.);
#9423=ADVANCED_FACE('',(#1396),#181,.F.);
#9424=ADVANCED_FACE('',(#1397),#918,.T.);
#9425=ADVANCED_FACE('',(#1398),#182,.F.);
#9426=ADVANCED_FACE('',(#1399),#919,.T.);
#9427=ADVANCED_FACE('',(#1400),#920,.F.);
#9428=ADVANCED_FACE('',(#1401),#9015,.F.);
#9429=ADVANCED_FACE('',(#1402),#921,.T.);
#9430=ADVANCED_FACE('',(#1403),#183,.F.);
#9431=ADVANCED_FACE('',(#1404),#922,.T.);
#9432=ADVANCED_FACE('',(#1405),#184,.F.);
#9433=ADVANCED_FACE('',(#1406),#9016,.F.);
#9434=ADVANCED_FACE('',(#1407),#923,.F.);
#9435=ADVANCED_FACE('',(#1408),#185,.F.);
#9436=ADVANCED_FACE('',(#1409),#924,.T.);
#9437=ADVANCED_FACE('',(#1410),#186,.F.);
#9438=ADVANCED_FACE('',(#1411),#925,.T.);
#9439=ADVANCED_FACE('',(#1412),#926,.F.);
#9440=ADVANCED_FACE('',(#1413),#9017,.F.);
#9441=ADVANCED_FACE('',(#1414),#927,.T.);
#9442=ADVANCED_FACE('',(#1415),#187,.F.);
#9443=ADVANCED_FACE('',(#1416),#928,.T.);
#9444=ADVANCED_FACE('',(#1417),#188,.F.);
#9445=ADVANCED_FACE('',(#1418),#9018,.F.);
#9446=ADVANCED_FACE('',(#1419),#929,.F.);
#9447=ADVANCED_FACE('',(#1420),#189,.F.);
#9448=ADVANCED_FACE('',(#1421),#930,.T.);
#9449=ADVANCED_FACE('',(#1422),#190,.F.);
#9450=ADVANCED_FACE('',(#1423),#931,.T.);
#9451=ADVANCED_FACE('',(#1424),#932,.F.);
#9452=ADVANCED_FACE('',(#1425),#9019,.F.);
#9453=ADVANCED_FACE('',(#1426),#933,.T.);
#9454=ADVANCED_FACE('',(#1427),#191,.F.);
#9455=ADVANCED_FACE('',(#1428),#934,.T.);
#9456=ADVANCED_FACE('',(#1429),#192,.F.);
#9457=ADVANCED_FACE('',(#1430),#9020,.F.);
#9458=ADVANCED_FACE('',(#1431),#935,.F.);
#9459=ADVANCED_FACE('',(#1432),#936,.T.);
#9460=ADVANCED_FACE('',(#1433),#193,.F.);
#9461=ADVANCED_FACE('',(#1434),#937,.T.);
#9462=ADVANCED_FACE('',(#1435),#194,.F.);
#9463=ADVANCED_FACE('',(#1436),#938,.F.);
#9464=ADVANCED_FACE('',(#1437),#9021,.F.);
#9465=ADVANCED_FACE('',(#1438),#939,.T.);
#9466=ADVANCED_FACE('',(#1439),#195,.F.);
#9467=ADVANCED_FACE('',(#1440),#940,.T.);
#9468=ADVANCED_FACE('',(#1441),#196,.F.);
#9469=ADVANCED_FACE('',(#1442),#9022,.F.);
#9470=ADVANCED_FACE('',(#1443),#941,.F.);
#9471=ADVANCED_FACE('',(#1444),#942,.T.);
#9472=ADVANCED_FACE('',(#1445),#197,.F.);
#9473=ADVANCED_FACE('',(#1446),#943,.T.);
#9474=ADVANCED_FACE('',(#1447),#198,.F.);
#9475=ADVANCED_FACE('',(#1448),#944,.F.);
#9476=ADVANCED_FACE('',(#1449),#9023,.F.);
#9477=ADVANCED_FACE('',(#1450),#945,.T.);
#9478=ADVANCED_FACE('',(#1451),#199,.F.);
#9479=ADVANCED_FACE('',(#1452),#946,.T.);
#9480=ADVANCED_FACE('',(#1453),#200,.F.);
#9481=ADVANCED_FACE('',(#1454),#9024,.F.);
#9482=ADVANCED_FACE('',(#1455),#947,.F.);
#9483=ADVANCED_FACE('',(#1456),#948,.T.);
#9484=ADVANCED_FACE('',(#1457),#201,.F.);
#9485=ADVANCED_FACE('',(#1458),#949,.T.);
#9486=ADVANCED_FACE('',(#1459),#202,.F.);
#9487=ADVANCED_FACE('',(#1460),#950,.F.);
#9488=ADVANCED_FACE('',(#1461),#9025,.F.);
#9489=ADVANCED_FACE('',(#1462),#951,.T.);
#9490=ADVANCED_FACE('',(#1463),#203,.F.);
#9491=ADVANCED_FACE('',(#1464),#952,.T.);
#9492=ADVANCED_FACE('',(#1465),#204,.F.);
#9493=ADVANCED_FACE('',(#1466),#9026,.F.);
#9494=ADVANCED_FACE('',(#1467),#953,.F.);
#9495=ADVANCED_FACE('',(#1468),#954,.T.);
#9496=ADVANCED_FACE('',(#1469),#205,.F.);
#9497=ADVANCED_FACE('',(#1470),#955,.T.);
#9498=ADVANCED_FACE('',(#1471),#206,.F.);
#9499=ADVANCED_FACE('',(#1472),#956,.F.);
#9500=ADVANCED_FACE('',(#1473),#9027,.F.);
#9501=ADVANCED_FACE('',(#1474),#957,.T.);
#9502=ADVANCED_FACE('',(#1475),#207,.F.);
#9503=ADVANCED_FACE('',(#1476),#958,.T.);
#9504=ADVANCED_FACE('',(#1477),#208,.F.);
#9505=ADVANCED_FACE('',(#1478),#9028,.F.);
#9506=ADVANCED_FACE('',(#1479),#959,.F.);
#9507=ADVANCED_FACE('',(#1480),#960,.T.);
#9508=ADVANCED_FACE('',(#1481),#209,.F.);
#9509=ADVANCED_FACE('',(#1482),#961,.T.);
#9510=ADVANCED_FACE('',(#1483),#210,.F.);
#9511=ADVANCED_FACE('',(#1484),#962,.F.);
#9512=ADVANCED_FACE('',(#1485),#9029,.F.);
#9513=ADVANCED_FACE('',(#1486),#963,.T.);
#9514=ADVANCED_FACE('',(#1487),#211,.F.);
#9515=ADVANCED_FACE('',(#1488),#964,.T.);
#9516=ADVANCED_FACE('',(#1489),#212,.F.);
#9517=ADVANCED_FACE('',(#1490),#9030,.F.);
#9518=ADVANCED_FACE('',(#1491),#965,.F.);
#9519=ADVANCED_FACE('',(#1492),#966,.T.);
#9520=ADVANCED_FACE('',(#1493),#213,.F.);
#9521=ADVANCED_FACE('',(#1494),#967,.T.);
#9522=ADVANCED_FACE('',(#1495),#214,.F.);
#9523=ADVANCED_FACE('',(#1496),#968,.F.);
#9524=ADVANCED_FACE('',(#1497),#9031,.F.);
#9525=ADVANCED_FACE('',(#1498),#969,.T.);
#9526=ADVANCED_FACE('',(#1499),#215,.F.);
#9527=ADVANCED_FACE('',(#1500),#970,.T.);
#9528=ADVANCED_FACE('',(#1501),#216,.F.);
#9529=ADVANCED_FACE('',(#1502),#9032,.F.);
#9530=ADVANCED_FACE('',(#1503),#971,.F.);
#9531=ADVANCED_FACE('',(#1504),#972,.T.);
#9532=ADVANCED_FACE('',(#1505),#217,.F.);
#9533=ADVANCED_FACE('',(#1506),#973,.T.);
#9534=ADVANCED_FACE('',(#1507),#218,.F.);
#9535=ADVANCED_FACE('',(#1508),#974,.F.);
#9536=ADVANCED_FACE('',(#1509),#9033,.F.);
#9537=ADVANCED_FACE('',(#1510),#975,.T.);
#9538=ADVANCED_FACE('',(#1511),#219,.F.);
#9539=ADVANCED_FACE('',(#1512),#976,.T.);
#9540=ADVANCED_FACE('',(#1513),#220,.F.);
#9541=ADVANCED_FACE('',(#1514),#9034,.F.);
#9542=ADVANCED_FACE('',(#1515),#977,.F.);
#9543=ADVANCED_FACE('',(#1516),#978,.T.);
#9544=ADVANCED_FACE('',(#1517),#221,.F.);
#9545=ADVANCED_FACE('',(#1518),#979,.T.);
#9546=ADVANCED_FACE('',(#1519),#222,.F.);
#9547=ADVANCED_FACE('',(#1520),#980,.F.);
#9548=ADVANCED_FACE('',(#1521),#9035,.F.);
#9549=ADVANCED_FACE('',(#1522),#981,.T.);
#9550=ADVANCED_FACE('',(#1523),#223,.F.);
#9551=ADVANCED_FACE('',(#1524),#982,.T.);
#9552=ADVANCED_FACE('',(#1525),#224,.F.);
#9553=ADVANCED_FACE('',(#1526),#9036,.F.);
#9554=ADVANCED_FACE('',(#1527),#983,.F.);
#9555=ADVANCED_FACE('',(#1528),#984,.T.);
#9556=ADVANCED_FACE('',(#1529),#225,.F.);
#9557=ADVANCED_FACE('',(#1530),#985,.T.);
#9558=ADVANCED_FACE('',(#1531),#226,.F.);
#9559=ADVANCED_FACE('',(#1532),#986,.F.);
#9560=ADVANCED_FACE('',(#1533),#9037,.F.);
#9561=ADVANCED_FACE('',(#1534),#987,.T.);
#9562=ADVANCED_FACE('',(#1535),#227,.F.);
#9563=ADVANCED_FACE('',(#1536),#988,.T.);
#9564=ADVANCED_FACE('',(#1537),#228,.F.);
#9565=ADVANCED_FACE('',(#1538),#9038,.F.);
#9566=ADVANCED_FACE('',(#1539),#989,.F.);
#9567=ADVANCED_FACE('',(#1540),#990,.T.);
#9568=ADVANCED_FACE('',(#1541),#229,.F.);
#9569=ADVANCED_FACE('',(#1542),#991,.T.);
#9570=ADVANCED_FACE('',(#1543),#230,.F.);
#9571=ADVANCED_FACE('',(#1544),#992,.F.);
#9572=ADVANCED_FACE('',(#1545),#9039,.F.);
#9573=ADVANCED_FACE('',(#1546),#993,.T.);
#9574=ADVANCED_FACE('',(#1547),#231,.F.);
#9575=ADVANCED_FACE('',(#1548),#994,.T.);
#9576=ADVANCED_FACE('',(#1549),#232,.F.);
#9577=ADVANCED_FACE('',(#1550),#9040,.F.);
#9578=ADVANCED_FACE('',(#1551),#995,.F.);
#9579=ADVANCED_FACE('',(#1552),#996,.T.);
#9580=ADVANCED_FACE('',(#1553),#233,.F.);
#9581=ADVANCED_FACE('',(#1554),#997,.T.);
#9582=ADVANCED_FACE('',(#1555),#234,.F.);
#9583=ADVANCED_FACE('',(#1556),#998,.F.);
#9584=ADVANCED_FACE('',(#1557),#9041,.F.);
#9585=ADVANCED_FACE('',(#1558),#999,.T.);
#9586=ADVANCED_FACE('',(#1559),#235,.F.);
#9587=ADVANCED_FACE('',(#1560),#1000,.T.);
#9588=ADVANCED_FACE('',(#1561),#236,.F.);
#9589=ADVANCED_FACE('',(#1562),#9042,.F.);
#9590=ADVANCED_FACE('',(#1563),#1001,.F.);
#9591=ADVANCED_FACE('',(#1564),#1002,.T.);
#9592=ADVANCED_FACE('',(#1565),#237,.F.);
#9593=ADVANCED_FACE('',(#1566),#1003,.T.);
#9594=ADVANCED_FACE('',(#1567),#238,.F.);
#9595=ADVANCED_FACE('',(#1568),#1004,.F.);
#9596=ADVANCED_FACE('',(#1569),#9043,.F.);
#9597=ADVANCED_FACE('',(#1570),#1005,.T.);
#9598=ADVANCED_FACE('',(#1571),#239,.F.);
#9599=ADVANCED_FACE('',(#1572),#1006,.T.);
#9600=ADVANCED_FACE('',(#1573),#240,.F.);
#9601=ADVANCED_FACE('',(#1574),#9044,.F.);
#9602=ADVANCED_FACE('',(#1575),#1007,.F.);
#9603=ADVANCED_FACE('',(#1576),#1008,.T.);
#9604=ADVANCED_FACE('',(#1577),#241,.F.);
#9605=ADVANCED_FACE('',(#1578),#1009,.T.);
#9606=ADVANCED_FACE('',(#1579),#242,.F.);
#9607=ADVANCED_FACE('',(#1580),#1010,.F.);
#9608=ADVANCED_FACE('',(#1581),#9045,.F.);
#9609=ADVANCED_FACE('',(#1582),#1011,.T.);
#9610=ADVANCED_FACE('',(#1583),#243,.F.);
#9611=ADVANCED_FACE('',(#1584),#1012,.T.);
#9612=ADVANCED_FACE('',(#1585),#244,.F.);
#9613=ADVANCED_FACE('',(#1586),#9046,.F.);
#9614=ADVANCED_FACE('',(#1587),#1013,.F.);
#9615=ADVANCED_FACE('',(#1588),#1014,.T.);
#9616=ADVANCED_FACE('',(#1589),#245,.F.);
#9617=ADVANCED_FACE('',(#1590),#1015,.T.);
#9618=ADVANCED_FACE('',(#1591),#246,.F.);
#9619=ADVANCED_FACE('',(#1592),#1016,.F.);
#9620=ADVANCED_FACE('',(#1593),#9047,.F.);
#9621=ADVANCED_FACE('',(#1594),#1017,.T.);
#9622=ADVANCED_FACE('',(#1595),#247,.F.);
#9623=ADVANCED_FACE('',(#1596),#1018,.T.);
#9624=ADVANCED_FACE('',(#1597),#248,.F.);
#9625=ADVANCED_FACE('',(#1598),#9048,.F.);
#9626=ADVANCED_FACE('',(#1599),#1019,.F.);
#9627=ADVANCED_FACE('',(#1600),#1020,.T.);
#9628=ADVANCED_FACE('',(#1601),#249,.F.);
#9629=ADVANCED_FACE('',(#1602),#1021,.T.);
#9630=ADVANCED_FACE('',(#1603),#250,.F.);
#9631=ADVANCED_FACE('',(#1604),#1022,.F.);
#9632=ADVANCED_FACE('',(#1605),#9049,.F.);
#9633=CLOSED_SHELL('',(#9050,#9051,#9052,#9053,#9054,#9055,#9056,#9057,
#9058,#9059,#9060,#9061,#9062,#9063,#9064,#9065,#9066,#9067,#9068,#9069,
#9070,#9071,#9072,#9073,#9074,#9075,#9076,#9077,#9078,#9079,#9080,#9081,
#9082,#9083,#9084,#9085,#9086,#9087,#9088,#9089,#9090,#9091,#9092,#9093,
#9094,#9095,#9096,#9097,#9098,#9099,#9100,#9101,#9102,#9103,#9104,#9105,
#9106,#9107,#9108,#9109,#9110,#9111,#9112,#9113,#9114,#9115,#9116,#9117,
#9118,#9119,#9120,#9121,#9122,#9123,#9124,#9125,#9126,#9127,#9128,#9129,
#9130,#9131,#9132,#9133,#9134,#9135,#9136,#9137,#9138,#9139,#9140,#9141,
#9142,#9143,#9144,#9145,#9146,#9147,#9148,#9149,#9150,#9151,#9152,#9153,
#9154,#9155,#9156,#9157,#9158,#9159,#9160,#9161,#9162,#9163,#9164,#9165,
#9166,#9167,#9168,#9169,#9170,#9171,#9172,#9173,#9174,#9175,#9176,#9177,
#9178,#9179,#9180,#9181,#9182,#9183,#9184,#9185,#9186,#9187,#9188,#9189,
#9190,#9191,#9192,#9193,#9194,#9195,#9196,#9197,#9198,#9199,#9200,#9201,
#9202,#9203,#9204,#9205,#9206,#9207,#9208,#9209,#9210,#9211,#9212,#9213,
#9214,#9215,#9216,#9217,#9218,#9219,#9220,#9221,#9222,#9223,#9224,#9225,
#9226,#9227,#9228,#9229,#9230,#9231,#9232,#9233,#9234,#9235,#9236,#9237,
#9238,#9239,#9240,#9241,#9242,#9243,#9244,#9245,#9246,#9247,#9248,#9249,
#9250,#9251,#9252,#9253,#9254,#9255,#9256,#9257,#9258,#9259,#9260,#9261,
#9262,#9263,#9264,#9265,#9266,#9267,#9268,#9269,#9270,#9271,#9272,#9273,
#9274,#9275,#9276,#9277,#9278,#9279,#9280,#9281,#9282,#9283,#9284,#9285,
#9286,#9287,#9288,#9289,#9290,#9291,#9292,#9293,#9294,#9295,#9296,#9297,
#9298,#9299,#9300,#9301,#9302,#9303,#9304,#9305,#9306,#9307,#9308,#9309,
#9310,#9311,#9312,#9313,#9314,#9315,#9316,#9317,#9318,#9319,#9320,#9321,
#9322,#9323,#9324,#9325,#9326,#9327,#9328,#9329,#9330,#9331,#9332,#9333,
#9334,#9335,#9336,#9337,#9338,#9339,#9340,#9341,#9342,#9343,#9344,#9345,
#9346,#9347,#9348,#9349,#9350,#9351,#9352,#9353,#9354,#9355,#9356,#9357,
#9358,#9359,#9360,#9361,#9362,#9363,#9364,#9365,#9366,#9367,#9368,#9369,
#9370,#9371,#9372,#9373,#9374,#9375,#9376,#9377,#9378,#9379,#9380,#9381,
#9382,#9383,#9384,#9385,#9386,#9387,#9388,#9389,#9390,#9391,#9392,#9393,
#9394,#9395,#9396,#9397,#9398,#9399,#9400,#9401,#9402,#9403,#9404,#9405,
#9406,#9407,#9408,#9409,#9410,#9411,#9412,#9413,#9414,#9415,#9416,#9417,
#9418,#9419,#9420,#9421,#9422,#9423,#9424,#9425,#9426,#9427,#9428,#9429,
#9430,#9431,#9432,#9433,#9434,#9435,#9436,#9437,#9438,#9439,#9440,#9441,
#9442,#9443,#9444,#9445,#9446,#9447,#9448,#9449,#9450,#9451,#9452,#9453,
#9454,#9455,#9456,#9457,#9458,#9459,#9460,#9461,#9462,#9463,#9464,#9465,
#9466,#9467,#9468,#9469,#9470,#9471,#9472,#9473,#9474,#9475,#9476,#9477,
#9478,#9479,#9480,#9481,#9482,#9483,#9484,#9485,#9486,#9487,#9488,#9489,
#9490,#9491,#9492,#9493,#9494,#9495,#9496,#9497,#9498,#9499,#9500,#9501,
#9502,#9503,#9504,#9505,#9506,#9507,#9508,#9509,#9510,#9511,#9512,#9513,
#9514,#9515,#9516,#9517,#9518,#9519,#9520,#9521,#9522,#9523,#9524,#9525,
#9526,#9527,#9528,#9529,#9530,#9531,#9532,#9533,#9534,#9535,#9536,#9537,
#9538,#9539,#9540,#9541,#9542,#9543,#9544,#9545,#9546,#9547,#9548,#9549,
#9550,#9551,#9552,#9553,#9554,#9555,#9556,#9557,#9558,#9559,#9560,#9561,
#9562,#9563,#9564,#9565,#9566,#9567,#9568,#9569,#9570,#9571,#9572,#9573,
#9574,#9575,#9576,#9577,#9578,#9579,#9580,#9581,#9582,#9583,#9584,#9585,
#9586,#9587,#9588,#9589,#9590,#9591,#9592,#9593,#9594,#9595,#9596,#9597,
#9598,#9599,#9600,#9601,#9602,#9603,#9604,#9605,#9606,#9607,#9608,#9609,
#9610,#9611,#9612,#9613,#9614,#9615,#9616,#9617,#9618,#9619,#9620,#9621,
#9622,#9623,#9624,#9625,#9626,#9627,#9628,#9629,#9630,#9631,#9632));
#9634=DERIVED_UNIT_ELEMENT(#9636,1.);
#9635=DERIVED_UNIT_ELEMENT(#16675,-3.);
#9636=(
MASS_UNIT()
NAMED_UNIT(*)
SI_UNIT(.KILO.,.GRAM.)
);
#9637=DERIVED_UNIT((#9634,#9635));
#9638=MEASURE_REPRESENTATION_ITEM('density measure',
POSITIVE_RATIO_MEASURE(952.),#9637);
#9639=PROPERTY_DEFINITION_REPRESENTATION(#9644,#9641);
#9640=PROPERTY_DEFINITION_REPRESENTATION(#9645,#9642);
#9641=REPRESENTATION('material name',(#9643),#16672);
#9642=REPRESENTATION('density',(#9638),#16672);
#9643=DESCRIPTIVE_REPRESENTATION_ITEM('Plastic, Opaque White',
'Plastic, Opaque White');
#9644=PROPERTY_DEFINITION('material property','material name',#16682);
#9645=PROPERTY_DEFINITION('material property','density of part',#16682);
#9646=AXIS2_PLACEMENT_3D('',#13698,#10710,#10711);
#9647=AXIS2_PLACEMENT_3D('',#13699,#10712,#10713);
#9648=AXIS2_PLACEMENT_3D('',#13702,#10714,#10715);
#9649=AXIS2_PLACEMENT_3D('',#13706,#10717,#10718);
#9650=AXIS2_PLACEMENT_3D('',#13708,#10720,#10721);
#9651=AXIS2_PLACEMENT_3D('',#13714,#10725,#10726);
#9652=AXIS2_PLACEMENT_3D('',#13717,#10727,#10728);
#9653=AXIS2_PLACEMENT_3D('',#13721,#10730,#10731);
#9654=AXIS2_PLACEMENT_3D('',#13723,#10733,#10734);
#9655=AXIS2_PLACEMENT_3D('',#13727,#10736,#10737);
#9656=AXIS2_PLACEMENT_3D('',#13732,#10740,#10741);
#9657=AXIS2_PLACEMENT_3D('',#13736,#10743,#10744);
#9658=AXIS2_PLACEMENT_3D('',#13740,#10746,#10747);
#9659=AXIS2_PLACEMENT_3D('',#13744,#10749,#10750);
#9660=AXIS2_PLACEMENT_3D('',#13748,#10752,#10753);
#9661=AXIS2_PLACEMENT_3D('',#13752,#10755,#10756);
#9662=AXIS2_PLACEMENT_3D('',#13756,#10758,#10759);
#9663=AXIS2_PLACEMENT_3D('',#13760,#10761,#10762);
#9664=AXIS2_PLACEMENT_3D('',#13763,#10764,#10765);
#9665=AXIS2_PLACEMENT_3D('',#13768,#10767,#10768);
#9666=AXIS2_PLACEMENT_3D('',#13771,#10770,#10771);
#9667=AXIS2_PLACEMENT_3D('',#13776,#10773,#10774);
#9668=AXIS2_PLACEMENT_3D('',#13779,#10776,#10777);
#9669=AXIS2_PLACEMENT_3D('',#13784,#10779,#10780);
#9670=AXIS2_PLACEMENT_3D('',#13787,#10782,#10783);
#9671=AXIS2_PLACEMENT_3D('',#13792,#10785,#10786);
#9672=AXIS2_PLACEMENT_3D('',#13795,#10788,#10789);
#9673=AXIS2_PLACEMENT_3D('',#13800,#10791,#10792);
#9674=AXIS2_PLACEMENT_3D('',#13803,#10794,#10795);
#9675=AXIS2_PLACEMENT_3D('',#13808,#10797,#10798);
#9676=AXIS2_PLACEMENT_3D('',#13811,#10800,#10801);
#9677=AXIS2_PLACEMENT_3D('',#13816,#10803,#10804);
#9678=AXIS2_PLACEMENT_3D('',#13819,#10806,#10807);
#9679=AXIS2_PLACEMENT_3D('',#13824,#10809,#10810);
#9680=AXIS2_PLACEMENT_3D('',#13827,#10812,#10813);
#9681=AXIS2_PLACEMENT_3D('',#13832,#10815,#10816);
#9682=AXIS2_PLACEMENT_3D('',#13835,#10818,#10819);
#9683=AXIS2_PLACEMENT_3D('',#13840,#10821,#10822);
#9684=AXIS2_PLACEMENT_3D('',#13843,#10824,#10825);
#9685=AXIS2_PLACEMENT_3D('',#13848,#10827,#10828);
#9686=AXIS2_PLACEMENT_3D('',#13851,#10830,#10831);
#9687=AXIS2_PLACEMENT_3D('',#13856,#10833,#10834);
#9688=AXIS2_PLACEMENT_3D('',#13859,#10836,#10837);
#9689=AXIS2_PLACEMENT_3D('',#13864,#10839,#10840);
#9690=AXIS2_PLACEMENT_3D('',#13867,#10842,#10843);
#9691=AXIS2_PLACEMENT_3D('',#13872,#10845,#10846);
#9692=AXIS2_PLACEMENT_3D('',#13875,#10848,#10849);
#9693=AXIS2_PLACEMENT_3D('',#13880,#10851,#10852);
#9694=AXIS2_PLACEMENT_3D('',#13883,#10854,#10855);
#9695=AXIS2_PLACEMENT_3D('',#13888,#10857,#10858);
#9696=AXIS2_PLACEMENT_3D('',#13891,#10860,#10861);
#9697=AXIS2_PLACEMENT_3D('',#13896,#10863,#10864);
#9698=AXIS2_PLACEMENT_3D('',#13899,#10866,#10867);
#9699=AXIS2_PLACEMENT_3D('',#13904,#10869,#10870);
#9700=AXIS2_PLACEMENT_3D('',#13907,#10872,#10873);
#9701=AXIS2_PLACEMENT_3D('',#13912,#10875,#10876);
#9702=AXIS2_PLACEMENT_3D('',#13915,#10878,#10879);
#9703=AXIS2_PLACEMENT_3D('',#13920,#10881,#10882);
#9704=AXIS2_PLACEMENT_3D('',#13923,#10884,#10885);
#9705=AXIS2_PLACEMENT_3D('',#13928,#10887,#10888);
#9706=AXIS2_PLACEMENT_3D('',#13931,#10890,#10891);
#9707=AXIS2_PLACEMENT_3D('',#13936,#10893,#10894);
#9708=AXIS2_PLACEMENT_3D('',#13939,#10896,#10897);
#9709=AXIS2_PLACEMENT_3D('',#13944,#10899,#10900);
#9710=AXIS2_PLACEMENT_3D('',#13947,#10902,#10903);
#9711=AXIS2_PLACEMENT_3D('',#13952,#10905,#10906);
#9712=AXIS2_PLACEMENT_3D('',#13955,#10908,#10909);
#9713=AXIS2_PLACEMENT_3D('',#13960,#10911,#10912);
#9714=AXIS2_PLACEMENT_3D('',#13963,#10914,#10915);
#9715=AXIS2_PLACEMENT_3D('',#13968,#10917,#10918);
#9716=AXIS2_PLACEMENT_3D('',#13971,#10920,#10921);
#9717=AXIS2_PLACEMENT_3D('',#13976,#10923,#10924);
#9718=AXIS2_PLACEMENT_3D('',#13979,#10926,#10927);
#9719=AXIS2_PLACEMENT_3D('',#13984,#10929,#10930);
#9720=AXIS2_PLACEMENT_3D('',#13987,#10932,#10933);
#9721=AXIS2_PLACEMENT_3D('',#13992,#10935,#10936);
#9722=AXIS2_PLACEMENT_3D('',#13995,#10938,#10939);
#9723=AXIS2_PLACEMENT_3D('',#14000,#10941,#10942);
#9724=AXIS2_PLACEMENT_3D('',#14003,#10944,#10945);
#9725=AXIS2_PLACEMENT_3D('',#14008,#10947,#10948);
#9726=AXIS2_PLACEMENT_3D('',#14011,#10950,#10951);
#9727=AXIS2_PLACEMENT_3D('',#14016,#10953,#10954);
#9728=AXIS2_PLACEMENT_3D('',#14019,#10956,#10957);
#9729=AXIS2_PLACEMENT_3D('',#14020,#10958,#10959);
#9730=AXIS2_PLACEMENT_3D('',#14024,#10962,#10963);
#9731=AXIS2_PLACEMENT_3D('',#14026,#10964,#10965);
#9732=AXIS2_PLACEMENT_3D('',#14028,#10967,#10968);
#9733=AXIS2_PLACEMENT_3D('',#14032,#10970,#10971);
#9734=AXIS2_PLACEMENT_3D('',#14034,#10973,#10974);
#9735=AXIS2_PLACEMENT_3D('',#14038,#10977,#10978);
#9736=AXIS2_PLACEMENT_3D('',#14040,#10979,#10980);
#9737=AXIS2_PLACEMENT_3D('',#14042,#10982,#10983);
#9738=AXIS2_PLACEMENT_3D('',#14046,#10985,#10986);
#9739=AXIS2_PLACEMENT_3D('',#14048,#10988,#10989);
#9740=AXIS2_PLACEMENT_3D('',#14052,#10992,#10993);
#9741=AXIS2_PLACEMENT_3D('',#14054,#10994,#10995);
#9742=AXIS2_PLACEMENT_3D('',#14056,#10997,#10998);
#9743=AXIS2_PLACEMENT_3D('',#14059,#11000,#11001);
#9744=AXIS2_PLACEMENT_3D('',#14060,#11002,#11003);
#9745=AXIS2_PLACEMENT_3D('',#14064,#11006,#11007);
#9746=AXIS2_PLACEMENT_3D('',#14073,#11012,#11013);
#9747=AXIS2_PLACEMENT_3D('',#14077,#11015,#11016);
#9748=AXIS2_PLACEMENT_3D('',#14078,#11017,#11018);
#9749=AXIS2_PLACEMENT_3D('',#14079,#11019,#11020);
#9750=AXIS2_PLACEMENT_3D('',#14085,#11024,#11025);
#9751=AXIS2_PLACEMENT_3D('',#14089,#11027,#11028);
#9752=AXIS2_PLACEMENT_3D('',#14090,#11029,#11030);
#9753=AXIS2_PLACEMENT_3D('',#14091,#11031,#11032);
#9754=AXIS2_PLACEMENT_3D('',#14097,#11036,#11037);
#9755=AXIS2_PLACEMENT_3D('',#14101,#11039,#11040);
#9756=AXIS2_PLACEMENT_3D('',#14102,#11041,#11042);
#9757=AXIS2_PLACEMENT_3D('',#14103,#11043,#11044);
#9758=AXIS2_PLACEMENT_3D('',#14109,#11048,#11049);
#9759=AXIS2_PLACEMENT_3D('',#14110,#11050,#11051);
#9760=AXIS2_PLACEMENT_3D('',#14111,#11052,#11053);
#9761=AXIS2_PLACEMENT_3D('',#14112,#11054,#11055);
#9762=AXIS2_PLACEMENT_3D('',#14116,#11057,#11058);
#9763=AXIS2_PLACEMENT_3D('',#14118,#11060,#11061);
#9764=AXIS2_PLACEMENT_3D('',#14122,#11064,#11065);
#9765=AXIS2_PLACEMENT_3D('',#14125,#11067,#11068);
#9766=AXIS2_PLACEMENT_3D('',#14126,#11069,#11070);
#9767=AXIS2_PLACEMENT_3D('',#14130,#11073,#11074);
#9768=AXIS2_PLACEMENT_3D('',#14133,#11075,#11076);
#9769=AXIS2_PLACEMENT_3D('',#14135,#11077,#11078);
#9770=AXIS2_PLACEMENT_3D('',#14137,#11079,#11080);
#9771=AXIS2_PLACEMENT_3D('',#14139,#11081,#11082);
#9772=AXIS2_PLACEMENT_3D('',#14141,#11083,#11084);
#9773=AXIS2_PLACEMENT_3D('',#14143,#11085,#11086);
#9774=AXIS2_PLACEMENT_3D('',#14145,#11087,#11088);
#9775=AXIS2_PLACEMENT_3D('',#14146,#11089,#11090);
#9776=AXIS2_PLACEMENT_3D('',#14149,#11091,#11092);
#9777=AXIS2_PLACEMENT_3D('',#14151,#11093,#11094);
#9778=AXIS2_PLACEMENT_3D('',#14153,#11095,#11096);
#9779=AXIS2_PLACEMENT_3D('',#14155,#11097,#11098);
#9780=AXIS2_PLACEMENT_3D('',#14157,#11099,#11100);
#9781=AXIS2_PLACEMENT_3D('',#14159,#11101,#11102);
#9782=AXIS2_PLACEMENT_3D('',#14161,#11103,#11104);
#9783=AXIS2_PLACEMENT_3D('',#14162,#11105,#11106);
#9784=AXIS2_PLACEMENT_3D('',#14166,#11108,#11109);
#9785=AXIS2_PLACEMENT_3D('',#14169,#11111,#11112);
#9786=AXIS2_PLACEMENT_3D('',#14174,#11115,#11116);
#9787=AXIS2_PLACEMENT_3D('',#14179,#11119,#11120);
#9788=AXIS2_PLACEMENT_3D('',#14183,#11122,#11123);
#9789=AXIS2_PLACEMENT_3D('',#14185,#11124,#11125);
#9790=AXIS2_PLACEMENT_3D('',#14187,#11126,#11127);
#9791=AXIS2_PLACEMENT_3D('',#14189,#11128,#11129);
#9792=AXIS2_PLACEMENT_3D('',#14191,#11130,#11131);
#9793=AXIS2_PLACEMENT_3D('',#14193,#11132,#11133);
#9794=AXIS2_PLACEMENT_3D('',#14195,#11134,#11135);
#9795=AXIS2_PLACEMENT_3D('',#14196,#11136,#11137);
#9796=AXIS2_PLACEMENT_3D('',#14199,#11138,#11139);
#9797=AXIS2_PLACEMENT_3D('',#14201,#11140,#11141);
#9798=AXIS2_PLACEMENT_3D('',#14203,#11142,#11143);
#9799=AXIS2_PLACEMENT_3D('',#14205,#11144,#11145);
#9800=AXIS2_PLACEMENT_3D('',#14207,#11146,#11147);
#9801=AXIS2_PLACEMENT_3D('',#14209,#11148,#11149);
#9802=AXIS2_PLACEMENT_3D('',#14211,#11150,#11151);
#9803=AXIS2_PLACEMENT_3D('',#14212,#11152,#11153);
#9804=AXIS2_PLACEMENT_3D('',#14213,#11154,#11155);
#9805=AXIS2_PLACEMENT_3D('',#14219,#11159,#11160);
#9806=AXIS2_PLACEMENT_3D('',#14223,#11162,#11163);
#9807=AXIS2_PLACEMENT_3D('',#14224,#11164,#11165);
#9808=AXIS2_PLACEMENT_3D('',#14225,#11166,#11167);
#9809=AXIS2_PLACEMENT_3D('',#14231,#11171,#11172);
#9810=AXIS2_PLACEMENT_3D('',#14235,#11174,#11175);
#9811=AXIS2_PLACEMENT_3D('',#14236,#11176,#11177);
#9812=AXIS2_PLACEMENT_3D('',#14237,#11178,#11179);
#9813=AXIS2_PLACEMENT_3D('',#14242,#11183,#11184);
#9814=AXIS2_PLACEMENT_3D('',#14245,#11186,#11187);
#9815=AXIS2_PLACEMENT_3D('',#14246,#11188,#11189);
#9816=AXIS2_PLACEMENT_3D('',#14250,#11192,#11193);
#9817=AXIS2_PLACEMENT_3D('',#14251,#11194,#11195);
#9818=AXIS2_PLACEMENT_3D('',#14252,#11196,#11197);
#9819=AXIS2_PLACEMENT_3D('',#14255,#11200,#11201);
#9820=AXIS2_PLACEMENT_3D('',#14257,#11203,#11204);
#9821=AXIS2_PLACEMENT_3D('',#14258,#11205,#11206);
#9822=AXIS2_PLACEMENT_3D('',#14260,#11207,#11208);
#9823=AXIS2_PLACEMENT_3D('',#14262,#11209,#11210);
#9824=AXIS2_PLACEMENT_3D('',#14267,#11212,#11213);
#9825=AXIS2_PLACEMENT_3D('',#14270,#11215,#11216);
#9826=AXIS2_PLACEMENT_3D('',#14273,#11217,#11218);
#9827=AXIS2_PLACEMENT_3D('',#14277,#11220,#11221);
#9828=AXIS2_PLACEMENT_3D('',#14281,#11223,#11224);
#9829=AXIS2_PLACEMENT_3D('',#14285,#11226,#11227);
#9830=AXIS2_PLACEMENT_3D('',#14289,#11229,#11230);
#9831=AXIS2_PLACEMENT_3D('',#14293,#11232,#11233);
#9832=AXIS2_PLACEMENT_3D('',#14297,#11235,#11236);
#9833=AXIS2_PLACEMENT_3D('',#14301,#11238,#11239);
#9834=AXIS2_PLACEMENT_3D('',#14305,#11241,#11242);
#9835=AXIS2_PLACEMENT_3D('',#14309,#11244,#11245);
#9836=AXIS2_PLACEMENT_3D('',#14313,#11247,#11248);
#9837=AXIS2_PLACEMENT_3D('',#14317,#11250,#11251);
#9838=AXIS2_PLACEMENT_3D('',#14321,#11253,#11254);
#9839=AXIS2_PLACEMENT_3D('',#14325,#11256,#11257);
#9840=AXIS2_PLACEMENT_3D('',#14329,#11259,#11260);
#9841=AXIS2_PLACEMENT_3D('',#14333,#11262,#11263);
#9842=AXIS2_PLACEMENT_3D('',#14337,#11265,#11266);
#9843=AXIS2_PLACEMENT_3D('',#14341,#11268,#11269);
#9844=AXIS2_PLACEMENT_3D('',#14345,#11271,#11272);
#9845=AXIS2_PLACEMENT_3D('',#14349,#11274,#11275);
#9846=AXIS2_PLACEMENT_3D('',#14353,#11277,#11278);
#9847=AXIS2_PLACEMENT_3D('',#14357,#11280,#11281);
#9848=AXIS2_PLACEMENT_3D('',#14361,#11283,#11284);
#9849=AXIS2_PLACEMENT_3D('',#14365,#11286,#11287);
#9850=AXIS2_PLACEMENT_3D('',#14369,#11289,#11290);
#9851=AXIS2_PLACEMENT_3D('',#14373,#11292,#11293);
#9852=AXIS2_PLACEMENT_3D('',#14377,#11295,#11296);
#9853=AXIS2_PLACEMENT_3D('',#14381,#11298,#11299);
#9854=AXIS2_PLACEMENT_3D('',#14385,#11301,#11302);
#9855=AXIS2_PLACEMENT_3D('',#14389,#11304,#11305);
#9856=AXIS2_PLACEMENT_3D('',#14393,#11307,#11308);
#9857=AXIS2_PLACEMENT_3D('',#14397,#11310,#11311);
#9858=AXIS2_PLACEMENT_3D('',#14403,#11314,#11315);
#9859=AXIS2_PLACEMENT_3D('',#14406,#11317,#11318);
#9860=AXIS2_PLACEMENT_3D('',#14411,#11320,#11321);
#9861=AXIS2_PLACEMENT_3D('',#14414,#11323,#11324);
#9862=AXIS2_PLACEMENT_3D('',#14419,#11326,#11327);
#9863=AXIS2_PLACEMENT_3D('',#14422,#11329,#11330);
#9864=AXIS2_PLACEMENT_3D('',#14427,#11332,#11333);
#9865=AXIS2_PLACEMENT_3D('',#14430,#11335,#11336);
#9866=AXIS2_PLACEMENT_3D('',#14435,#11338,#11339);
#9867=AXIS2_PLACEMENT_3D('',#14438,#11341,#11342);
#9868=AXIS2_PLACEMENT_3D('',#14443,#11344,#11345);
#9869=AXIS2_PLACEMENT_3D('',#14446,#11347,#11348);
#9870=AXIS2_PLACEMENT_3D('',#14451,#11350,#11351);
#9871=AXIS2_PLACEMENT_3D('',#14454,#11353,#11354);
#9872=AXIS2_PLACEMENT_3D('',#14459,#11356,#11357);
#9873=AXIS2_PLACEMENT_3D('',#14462,#11359,#11360);
#9874=AXIS2_PLACEMENT_3D('',#14467,#11362,#11363);
#9875=AXIS2_PLACEMENT_3D('',#14470,#11365,#11366);
#9876=AXIS2_PLACEMENT_3D('',#14475,#11368,#11369);
#9877=AXIS2_PLACEMENT_3D('',#14478,#11371,#11372);
#9878=AXIS2_PLACEMENT_3D('',#14483,#11374,#11375);
#9879=AXIS2_PLACEMENT_3D('',#14486,#11377,#11378);
#9880=AXIS2_PLACEMENT_3D('',#14491,#11380,#11381);
#9881=AXIS2_PLACEMENT_3D('',#14494,#11383,#11384);
#9882=AXIS2_PLACEMENT_3D('',#14499,#11386,#11387);
#9883=AXIS2_PLACEMENT_3D('',#14502,#11389,#11390);
#9884=AXIS2_PLACEMENT_3D('',#14507,#11392,#11393);
#9885=AXIS2_PLACEMENT_3D('',#14510,#11395,#11396);
#9886=AXIS2_PLACEMENT_3D('',#14515,#11398,#11399);
#9887=AXIS2_PLACEMENT_3D('',#14518,#11401,#11402);
#9888=AXIS2_PLACEMENT_3D('',#14520,#11403,#11404);
#9889=AXIS2_PLACEMENT_3D('',#14522,#11405,#11406);
#9890=AXIS2_PLACEMENT_3D('',#14523,#11407,#11408);
#9891=AXIS2_PLACEMENT_3D('',#14527,#11410,#11411);
#9892=AXIS2_PLACEMENT_3D('',#14529,#11413,#11414);
#9893=AXIS2_PLACEMENT_3D('',#14534,#11417,#11418);
#9894=AXIS2_PLACEMENT_3D('',#14535,#11419,#11420);
#9895=AXIS2_PLACEMENT_3D('',#14539,#11422,#11423);
#9896=AXIS2_PLACEMENT_3D('',#14541,#11425,#11426);
#9897=AXIS2_PLACEMENT_3D('',#14546,#11429,#11430);
#9898=AXIS2_PLACEMENT_3D('',#14547,#11431,#11432);
#9899=AXIS2_PLACEMENT_3D('',#14551,#11434,#11435);
#9900=AXIS2_PLACEMENT_3D('',#14553,#11437,#11438);
#9901=AXIS2_PLACEMENT_3D('',#14558,#11441,#11442);
#9902=AXIS2_PLACEMENT_3D('',#14559,#11443,#11444);
#9903=AXIS2_PLACEMENT_3D('',#14563,#11446,#11447);
#9904=AXIS2_PLACEMENT_3D('',#14565,#11449,#11450);
#9905=AXIS2_PLACEMENT_3D('',#14570,#11453,#11454);
#9906=AXIS2_PLACEMENT_3D('',#14571,#11455,#11456);
#9907=AXIS2_PLACEMENT_3D('',#14572,#11457,#11458);
#9908=AXIS2_PLACEMENT_3D('',#14573,#11459,#11460);
#9909=AXIS2_PLACEMENT_3D('',#14574,#11461,#11462);
#9910=AXIS2_PLACEMENT_3D('',#14575,#11463,#11464);
#9911=AXIS2_PLACEMENT_3D('',#14576,#11465,#11466);
#9912=AXIS2_PLACEMENT_3D('',#14577,#11467,#11468);
#9913=AXIS2_PLACEMENT_3D('',#14578,#11469,#11470);
#9914=AXIS2_PLACEMENT_3D('',#14579,#11471,#11472);
#9915=AXIS2_PLACEMENT_3D('',#14580,#11473,#11474);
#9916=AXIS2_PLACEMENT_3D('',#14581,#11475,#11476);
#9917=AXIS2_PLACEMENT_3D('',#14582,#11477,#11478);
#9918=AXIS2_PLACEMENT_3D('',#14583,#11479,#11480);
#9919=AXIS2_PLACEMENT_3D('',#14584,#11481,#11482);
#9920=AXIS2_PLACEMENT_3D('',#14585,#11483,#11484);
#9921=AXIS2_PLACEMENT_3D('',#14586,#11485,#11486);
#9922=AXIS2_PLACEMENT_3D('',#14587,#11487,#11488);
#9923=AXIS2_PLACEMENT_3D('',#14591,#11490,#11491);
#9924=AXIS2_PLACEMENT_3D('',#14602,#11493,#11494);
#9925=AXIS2_PLACEMENT_3D('',#14605,#11496,#11497);
#9926=AXIS2_PLACEMENT_3D('',#14606,#11498,#11499);
#9927=AXIS2_PLACEMENT_3D('',#14618,#11501,#11502);
#9928=AXIS2_PLACEMENT_3D('',#14619,#11503,#11504);
#9929=AXIS2_PLACEMENT_3D('',#14623,#11506,#11507);
#9930=AXIS2_PLACEMENT_3D('',#14634,#11509,#11510);
#9931=AXIS2_PLACEMENT_3D('',#14637,#11512,#11513);
#9932=AXIS2_PLACEMENT_3D('',#14638,#11514,#11515);
#9933=AXIS2_PLACEMENT_3D('',#14650,#11517,#11518);
#9934=AXIS2_PLACEMENT_3D('',#14651,#11519,#11520);
#9935=AXIS2_PLACEMENT_3D('',#14655,#11522,#11523);
#9936=AXIS2_PLACEMENT_3D('',#14666,#11524,#11525);
#9937=AXIS2_PLACEMENT_3D('',#14677,#11526,#11527);
#9938=AXIS2_PLACEMENT_3D('',#14687,#11528,#11529);
#9939=AXIS2_PLACEMENT_3D('',#14688,#11530,#11531);
#9940=AXIS2_PLACEMENT_3D('',#14689,#11532,#11533);
#9941=AXIS2_PLACEMENT_3D('',#14690,#11534,#11535);
#9942=AXIS2_PLACEMENT_3D('',#14692,#11536,#11537);
#9943=AXIS2_PLACEMENT_3D('',#14702,#11538,#11539);
#9944=AXIS2_PLACEMENT_3D('',#14703,#11540,#11541);
#9945=AXIS2_PLACEMENT_3D('',#14706,#11543,#11544);
#9946=AXIS2_PLACEMENT_3D('',#14708,#11546,#11547);
#9947=AXIS2_PLACEMENT_3D('',#14711,#11549,#11550);
#9948=AXIS2_PLACEMENT_3D('',#14712,#11551,#11552);
#9949=AXIS2_PLACEMENT_3D('',#14714,#11554,#11555);
#9950=AXIS2_PLACEMENT_3D('',#14715,#11556,#11557);
#9951=AXIS2_PLACEMENT_3D('',#14718,#11559,#11560);
#9952=AXIS2_PLACEMENT_3D('',#14720,#11562,#11563);
#9953=AXIS2_PLACEMENT_3D('',#14723,#11565,#11566);
#9954=AXIS2_PLACEMENT_3D('',#14724,#11567,#11568);
#9955=AXIS2_PLACEMENT_3D('',#14726,#11570,#11571);
#9956=AXIS2_PLACEMENT_3D('',#14727,#11572,#11573);
#9957=AXIS2_PLACEMENT_3D('',#14728,#11574,#11575);
#9958=AXIS2_PLACEMENT_3D('',#14729,#11576,#11577);
#9959=AXIS2_PLACEMENT_3D('',#14730,#11578,#11579);
#9960=AXIS2_PLACEMENT_3D('',#14731,#11580,#11581);
#9961=AXIS2_PLACEMENT_3D('',#14732,#11582,#11583);
#9962=AXIS2_PLACEMENT_3D('',#14733,#11584,#11585);
#9963=AXIS2_PLACEMENT_3D('',#14734,#11586,#11587);
#9964=AXIS2_PLACEMENT_3D('',#14735,#11588,#11589);
#9965=AXIS2_PLACEMENT_3D('',#14739,#11591,#11592);
#9966=AXIS2_PLACEMENT_3D('',#14741,#11594,#11595);
#9967=AXIS2_PLACEMENT_3D('',#14746,#11598,#11599);
#9968=AXIS2_PLACEMENT_3D('',#14747,#11600,#11601);
#9969=AXIS2_PLACEMENT_3D('',#14751,#11603,#11604);
#9970=AXIS2_PLACEMENT_3D('',#14753,#11606,#11607);
#9971=AXIS2_PLACEMENT_3D('',#14758,#11610,#11611);
#9972=AXIS2_PLACEMENT_3D('',#14759,#11612,#11613);
#9973=AXIS2_PLACEMENT_3D('',#14763,#11615,#11616);
#9974=AXIS2_PLACEMENT_3D('',#14765,#11618,#11619);
#9975=AXIS2_PLACEMENT_3D('',#14770,#11622,#11623);
#9976=AXIS2_PLACEMENT_3D('',#14771,#11624,#11625);
#9977=AXIS2_PLACEMENT_3D('',#14775,#11627,#11628);
#9978=AXIS2_PLACEMENT_3D('',#14777,#11630,#11631);
#9979=AXIS2_PLACEMENT_3D('',#14782,#11634,#11635);
#9980=AXIS2_PLACEMENT_3D('',#14783,#11636,#11637);
#9981=AXIS2_PLACEMENT_3D('',#14784,#11638,#11639);
#9982=AXIS2_PLACEMENT_3D('',#14785,#11640,#11641);
#9983=AXIS2_PLACEMENT_3D('',#14786,#11642,#11643);
#9984=AXIS2_PLACEMENT_3D('',#14787,#11644,#11645);
#9985=AXIS2_PLACEMENT_3D('',#14788,#11646,#11647);
#9986=AXIS2_PLACEMENT_3D('',#14789,#11648,#11649);
#9987=AXIS2_PLACEMENT_3D('',#14790,#11650,#11651);
#9988=AXIS2_PLACEMENT_3D('',#14791,#11652,#11653);
#9989=AXIS2_PLACEMENT_3D('',#14792,#11654,#11655);
#9990=AXIS2_PLACEMENT_3D('',#14793,#11656,#11657);
#9991=AXIS2_PLACEMENT_3D('',#14794,#11658,#11659);
#9992=AXIS2_PLACEMENT_3D('',#14795,#11660,#11661);
#9993=AXIS2_PLACEMENT_3D('',#14796,#11662,#11663);
#9994=AXIS2_PLACEMENT_3D('',#14797,#11664,#11665);
#9995=AXIS2_PLACEMENT_3D('',#14798,#11666,#11667);
#9996=AXIS2_PLACEMENT_3D('',#14799,#11668,#11669);
#9997=AXIS2_PLACEMENT_3D('',#14803,#11671,#11672);
#9998=AXIS2_PLACEMENT_3D('',#14814,#11674,#11675);
#9999=AXIS2_PLACEMENT_3D('',#14817,#11677,#11678);
#10000=AXIS2_PLACEMENT_3D('',#14818,#11679,#11680);
#10001=AXIS2_PLACEMENT_3D('',#14830,#11682,#11683);
#10002=AXIS2_PLACEMENT_3D('',#14831,#11684,#11685);
#10003=AXIS2_PLACEMENT_3D('',#14835,#11687,#11688);
#10004=AXIS2_PLACEMENT_3D('',#14846,#11690,#11691);
#10005=AXIS2_PLACEMENT_3D('',#14849,#11693,#11694);
#10006=AXIS2_PLACEMENT_3D('',#14850,#11695,#11696);
#10007=AXIS2_PLACEMENT_3D('',#14862,#11698,#11699);
#10008=AXIS2_PLACEMENT_3D('',#14863,#11700,#11701);
#10009=AXIS2_PLACEMENT_3D('',#14867,#11703,#11704);
#10010=AXIS2_PLACEMENT_3D('',#14878,#11705,#11706);
#10011=AXIS2_PLACEMENT_3D('',#14889,#11707,#11708);
#10012=AXIS2_PLACEMENT_3D('',#14899,#11709,#11710);
#10013=AXIS2_PLACEMENT_3D('',#14900,#11711,#11712);
#10014=AXIS2_PLACEMENT_3D('',#14901,#11713,#11714);
#10015=AXIS2_PLACEMENT_3D('',#14902,#11715,#11716);
#10016=AXIS2_PLACEMENT_3D('',#14904,#11717,#11718);
#10017=AXIS2_PLACEMENT_3D('',#14914,#11719,#11720);
#10018=AXIS2_PLACEMENT_3D('',#14915,#11721,#11722);
#10019=AXIS2_PLACEMENT_3D('',#14918,#11724,#11725);
#10020=AXIS2_PLACEMENT_3D('',#14920,#11727,#11728);
#10021=AXIS2_PLACEMENT_3D('',#14923,#11730,#11731);
#10022=AXIS2_PLACEMENT_3D('',#14924,#11732,#11733);
#10023=AXIS2_PLACEMENT_3D('',#14926,#11735,#11736);
#10024=AXIS2_PLACEMENT_3D('',#14927,#11737,#11738);
#10025=AXIS2_PLACEMENT_3D('',#14930,#11740,#11741);
#10026=AXIS2_PLACEMENT_3D('',#14932,#11743,#11744);
#10027=AXIS2_PLACEMENT_3D('',#14935,#11746,#11747);
#10028=AXIS2_PLACEMENT_3D('',#14936,#11748,#11749);
#10029=AXIS2_PLACEMENT_3D('',#14938,#11751,#11752);
#10030=AXIS2_PLACEMENT_3D('',#14939,#11753,#11754);
#10031=AXIS2_PLACEMENT_3D('',#14940,#11755,#11756);
#10032=AXIS2_PLACEMENT_3D('',#14941,#11757,#11758);
#10033=AXIS2_PLACEMENT_3D('',#14942,#11759,#11760);
#10034=AXIS2_PLACEMENT_3D('',#14943,#11761,#11762);
#10035=AXIS2_PLACEMENT_3D('',#14944,#11763,#11764);
#10036=AXIS2_PLACEMENT_3D('',#14945,#11765,#11766);
#10037=AXIS2_PLACEMENT_3D('',#14946,#11767,#11768);
#10038=AXIS2_PLACEMENT_3D('',#14947,#11769,#11770);
#10039=AXIS2_PLACEMENT_3D('',#14951,#11772,#11773);
#10040=AXIS2_PLACEMENT_3D('',#14953,#11775,#11776);
#10041=AXIS2_PLACEMENT_3D('',#14958,#11779,#11780);
#10042=AXIS2_PLACEMENT_3D('',#14959,#11781,#11782);
#10043=AXIS2_PLACEMENT_3D('',#14963,#11784,#11785);
#10044=AXIS2_PLACEMENT_3D('',#14965,#11787,#11788);
#10045=AXIS2_PLACEMENT_3D('',#14970,#11791,#11792);
#10046=AXIS2_PLACEMENT_3D('',#14971,#11793,#11794);
#10047=AXIS2_PLACEMENT_3D('',#14975,#11796,#11797);
#10048=AXIS2_PLACEMENT_3D('',#14977,#11799,#11800);
#10049=AXIS2_PLACEMENT_3D('',#14982,#11803,#11804);
#10050=AXIS2_PLACEMENT_3D('',#14983,#11805,#11806);
#10051=AXIS2_PLACEMENT_3D('',#14987,#11808,#11809);
#10052=AXIS2_PLACEMENT_3D('',#14989,#11811,#11812);
#10053=AXIS2_PLACEMENT_3D('',#14994,#11815,#11816);
#10054=AXIS2_PLACEMENT_3D('',#14995,#11817,#11818);
#10055=AXIS2_PLACEMENT_3D('',#14996,#11819,#11820);
#10056=AXIS2_PLACEMENT_3D('',#14997,#11821,#11822);
#10057=AXIS2_PLACEMENT_3D('',#14998,#11823,#11824);
#10058=AXIS2_PLACEMENT_3D('',#14999,#11825,#11826);
#10059=AXIS2_PLACEMENT_3D('',#15000,#11827,#11828);
#10060=AXIS2_PLACEMENT_3D('',#15001,#11829,#11830);
#10061=AXIS2_PLACEMENT_3D('',#15002,#11831,#11832);
#10062=AXIS2_PLACEMENT_3D('',#15003,#11833,#11834);
#10063=AXIS2_PLACEMENT_3D('',#15004,#11835,#11836);
#10064=AXIS2_PLACEMENT_3D('',#15005,#11837,#11838);
#10065=AXIS2_PLACEMENT_3D('',#15006,#11839,#11840);
#10066=AXIS2_PLACEMENT_3D('',#15007,#11841,#11842);
#10067=AXIS2_PLACEMENT_3D('',#15008,#11843,#11844);
#10068=AXIS2_PLACEMENT_3D('',#15009,#11845,#11846);
#10069=AXIS2_PLACEMENT_3D('',#15010,#11847,#11848);
#10070=AXIS2_PLACEMENT_3D('',#15011,#11849,#11850);
#10071=AXIS2_PLACEMENT_3D('',#15015,#11852,#11853);
#10072=AXIS2_PLACEMENT_3D('',#15026,#11855,#11856);
#10073=AXIS2_PLACEMENT_3D('',#15029,#11858,#11859);
#10074=AXIS2_PLACEMENT_3D('',#15030,#11860,#11861);
#10075=AXIS2_PLACEMENT_3D('',#15042,#11863,#11864);
#10076=AXIS2_PLACEMENT_3D('',#15043,#11865,#11866);
#10077=AXIS2_PLACEMENT_3D('',#15047,#11868,#11869);
#10078=AXIS2_PLACEMENT_3D('',#15058,#11871,#11872);
#10079=AXIS2_PLACEMENT_3D('',#15061,#11874,#11875);
#10080=AXIS2_PLACEMENT_3D('',#15062,#11876,#11877);
#10081=AXIS2_PLACEMENT_3D('',#15074,#11879,#11880);
#10082=AXIS2_PLACEMENT_3D('',#15075,#11881,#11882);
#10083=AXIS2_PLACEMENT_3D('',#15079,#11884,#11885);
#10084=AXIS2_PLACEMENT_3D('',#15090,#11886,#11887);
#10085=AXIS2_PLACEMENT_3D('',#15101,#11888,#11889);
#10086=AXIS2_PLACEMENT_3D('',#15111,#11890,#11891);
#10087=AXIS2_PLACEMENT_3D('',#15112,#11892,#11893);
#10088=AXIS2_PLACEMENT_3D('',#15113,#11894,#11895);
#10089=AXIS2_PLACEMENT_3D('',#15114,#11896,#11897);
#10090=AXIS2_PLACEMENT_3D('',#15116,#11898,#11899);
#10091=AXIS2_PLACEMENT_3D('',#15126,#11900,#11901);
#10092=AXIS2_PLACEMENT_3D('',#15127,#11902,#11903);
#10093=AXIS2_PLACEMENT_3D('',#15130,#11905,#11906);
#10094=AXIS2_PLACEMENT_3D('',#15132,#11908,#11909);
#10095=AXIS2_PLACEMENT_3D('',#15135,#11911,#11912);
#10096=AXIS2_PLACEMENT_3D('',#15136,#11913,#11914);
#10097=AXIS2_PLACEMENT_3D('',#15138,#11916,#11917);
#10098=AXIS2_PLACEMENT_3D('',#15139,#11918,#11919);
#10099=AXIS2_PLACEMENT_3D('',#15142,#11921,#11922);
#10100=AXIS2_PLACEMENT_3D('',#15144,#11924,#11925);
#10101=AXIS2_PLACEMENT_3D('',#15147,#11927,#11928);
#10102=AXIS2_PLACEMENT_3D('',#15148,#11929,#11930);
#10103=AXIS2_PLACEMENT_3D('',#15150,#11932,#11933);
#10104=AXIS2_PLACEMENT_3D('',#15151,#11934,#11935);
#10105=AXIS2_PLACEMENT_3D('',#15152,#11936,#11937);
#10106=AXIS2_PLACEMENT_3D('',#15153,#11938,#11939);
#10107=AXIS2_PLACEMENT_3D('',#15154,#11940,#11941);
#10108=AXIS2_PLACEMENT_3D('',#15155,#11942,#11943);
#10109=AXIS2_PLACEMENT_3D('',#15156,#11944,#11945);
#10110=AXIS2_PLACEMENT_3D('',#15157,#11946,#11947);
#10111=AXIS2_PLACEMENT_3D('',#15158,#11948,#11949);
#10112=AXIS2_PLACEMENT_3D('',#15159,#11950,#11951);
#10113=AXIS2_PLACEMENT_3D('',#15163,#11953,#11954);
#10114=AXIS2_PLACEMENT_3D('',#15165,#11956,#11957);
#10115=AXIS2_PLACEMENT_3D('',#15170,#11960,#11961);
#10116=AXIS2_PLACEMENT_3D('',#15171,#11962,#11963);
#10117=AXIS2_PLACEMENT_3D('',#15175,#11965,#11966);
#10118=AXIS2_PLACEMENT_3D('',#15177,#11968,#11969);
#10119=AXIS2_PLACEMENT_3D('',#15182,#11972,#11973);
#10120=AXIS2_PLACEMENT_3D('',#15183,#11974,#11975);
#10121=AXIS2_PLACEMENT_3D('',#15187,#11977,#11978);
#10122=AXIS2_PLACEMENT_3D('',#15189,#11980,#11981);
#10123=AXIS2_PLACEMENT_3D('',#15194,#11984,#11985);
#10124=AXIS2_PLACEMENT_3D('',#15195,#11986,#11987);
#10125=AXIS2_PLACEMENT_3D('',#15199,#11989,#11990);
#10126=AXIS2_PLACEMENT_3D('',#15201,#11992,#11993);
#10127=AXIS2_PLACEMENT_3D('',#15206,#11996,#11997);
#10128=AXIS2_PLACEMENT_3D('',#15207,#11998,#11999);
#10129=AXIS2_PLACEMENT_3D('',#15208,#12000,#12001);
#10130=AXIS2_PLACEMENT_3D('',#15209,#12002,#12003);
#10131=AXIS2_PLACEMENT_3D('',#15210,#12004,#12005);
#10132=AXIS2_PLACEMENT_3D('',#15211,#12006,#12007);
#10133=AXIS2_PLACEMENT_3D('',#15212,#12008,#12009);
#10134=AXIS2_PLACEMENT_3D('',#15213,#12010,#12011);
#10135=AXIS2_PLACEMENT_3D('',#15214,#12012,#12013);
#10136=AXIS2_PLACEMENT_3D('',#15215,#12014,#12015);
#10137=AXIS2_PLACEMENT_3D('',#15216,#12016,#12017);
#10138=AXIS2_PLACEMENT_3D('',#15217,#12018,#12019);
#10139=AXIS2_PLACEMENT_3D('',#15218,#12020,#12021);
#10140=AXIS2_PLACEMENT_3D('',#15219,#12022,#12023);
#10141=AXIS2_PLACEMENT_3D('',#15220,#12024,#12025);
#10142=AXIS2_PLACEMENT_3D('',#15221,#12026,#12027);
#10143=AXIS2_PLACEMENT_3D('',#15222,#12028,#12029);
#10144=AXIS2_PLACEMENT_3D('',#15223,#12030,#12031);
#10145=AXIS2_PLACEMENT_3D('',#15227,#12033,#12034);
#10146=AXIS2_PLACEMENT_3D('',#15238,#12036,#12037);
#10147=AXIS2_PLACEMENT_3D('',#15241,#12039,#12040);
#10148=AXIS2_PLACEMENT_3D('',#15242,#12041,#12042);
#10149=AXIS2_PLACEMENT_3D('',#15254,#12044,#12045);
#10150=AXIS2_PLACEMENT_3D('',#15255,#12046,#12047);
#10151=AXIS2_PLACEMENT_3D('',#15258,#12049,#12050);
#10152=AXIS2_PLACEMENT_3D('',#15259,#12051,#12052);
#10153=AXIS2_PLACEMENT_3D('',#15263,#12054,#12055);
#10154=AXIS2_PLACEMENT_3D('',#15272,#12056,#12057);
#10155=AXIS2_PLACEMENT_3D('',#15275,#12059,#12060);
#10156=AXIS2_PLACEMENT_3D('',#15276,#12061,#12062);
#10157=AXIS2_PLACEMENT_3D('',#15288,#12064,#12065);
#10158=AXIS2_PLACEMENT_3D('',#15289,#12066,#12067);
#10159=AXIS2_PLACEMENT_3D('',#15292,#12069,#12070);
#10160=AXIS2_PLACEMENT_3D('',#15293,#12071,#12072);
#10161=AXIS2_PLACEMENT_3D('',#15297,#12074,#12075);
#10162=AXIS2_PLACEMENT_3D('',#15308,#12076,#12077);
#10163=AXIS2_PLACEMENT_3D('',#15319,#12078,#12079);
#10164=AXIS2_PLACEMENT_3D('',#15329,#12080,#12081);
#10165=AXIS2_PLACEMENT_3D('',#15330,#12082,#12083);
#10166=AXIS2_PLACEMENT_3D('',#15331,#12084,#12085);
#10167=AXIS2_PLACEMENT_3D('',#15341,#12086,#12087);
#10168=AXIS2_PLACEMENT_3D('',#15342,#12088,#12089);
#10169=AXIS2_PLACEMENT_3D('',#15345,#12091,#12092);
#10170=AXIS2_PLACEMENT_3D('',#15346,#12093,#12094);
#10171=AXIS2_PLACEMENT_3D('',#15349,#12096,#12097);
#10172=AXIS2_PLACEMENT_3D('',#15350,#12098,#12099);
#10173=AXIS2_PLACEMENT_3D('',#15352,#12101,#12102);
#10174=AXIS2_PLACEMENT_3D('',#15353,#12103,#12104);
#10175=AXIS2_PLACEMENT_3D('',#15355,#12106,#12107);
#10176=AXIS2_PLACEMENT_3D('',#15358,#12109,#12110);
#10177=AXIS2_PLACEMENT_3D('',#15359,#12111,#12112);
#10178=AXIS2_PLACEMENT_3D('',#15362,#12114,#12115);
#10179=AXIS2_PLACEMENT_3D('',#15363,#12116,#12117);
#10180=AXIS2_PLACEMENT_3D('',#15365,#12119,#12120);
#10181=AXIS2_PLACEMENT_3D('',#15366,#12121,#12122);
#10182=AXIS2_PLACEMENT_3D('',#15367,#12123,#12124);
#10183=AXIS2_PLACEMENT_3D('',#15368,#12125,#12126);
#10184=AXIS2_PLACEMENT_3D('',#15369,#12127,#12128);
#10185=AXIS2_PLACEMENT_3D('',#15370,#12129,#12130);
#10186=AXIS2_PLACEMENT_3D('',#15371,#12131,#12132);
#10187=AXIS2_PLACEMENT_3D('',#15373,#12134,#12135);
#10188=AXIS2_PLACEMENT_3D('',#15375,#12137,#12138);
#10189=AXIS2_PLACEMENT_3D('',#15376,#12139,#12140);
#10190=AXIS2_PLACEMENT_3D('',#15378,#12142,#12143);
#10191=AXIS2_PLACEMENT_3D('',#15379,#12144,#12145);
#10192=AXIS2_PLACEMENT_3D('',#15381,#12147,#12148);
#10193=AXIS2_PLACEMENT_3D('',#15383,#12150,#12151);
#10194=AXIS2_PLACEMENT_3D('',#15384,#12152,#12153);
#10195=AXIS2_PLACEMENT_3D('',#15385,#12154,#12155);
#10196=AXIS2_PLACEMENT_3D('',#15387,#12157,#12158);
#10197=AXIS2_PLACEMENT_3D('',#15389,#12160,#12161);
#10198=AXIS2_PLACEMENT_3D('',#15390,#12162,#12163);
#10199=AXIS2_PLACEMENT_3D('',#15396,#12167,#12168);
#10200=AXIS2_PLACEMENT_3D('',#15399,#12170,#12171);
#10201=AXIS2_PLACEMENT_3D('',#15400,#12172,#12173);
#10202=AXIS2_PLACEMENT_3D('',#15404,#12176,#12177);
#10203=AXIS2_PLACEMENT_3D('',#15405,#12178,#12179);
#10204=AXIS2_PLACEMENT_3D('',#15406,#12180,#12181);
#10205=AXIS2_PLACEMENT_3D('',#15410,#12183,#12184);
#10206=AXIS2_PLACEMENT_3D('',#15412,#12186,#12187);
#10207=AXIS2_PLACEMENT_3D('',#15416,#12190,#12191);
#10208=AXIS2_PLACEMENT_3D('',#15421,#12195,#12196);
#10209=AXIS2_PLACEMENT_3D('',#15423,#12198,#12199);
#10210=AXIS2_PLACEMENT_3D('',#15425,#12201,#12202);
#10211=AXIS2_PLACEMENT_3D('',#15426,#12203,#12204);
#10212=AXIS2_PLACEMENT_3D('',#15427,#12205,#12206);
#10213=AXIS2_PLACEMENT_3D('',#15429,#12208,#12209);
#10214=AXIS2_PLACEMENT_3D('',#15430,#12210,#12211);
#10215=AXIS2_PLACEMENT_3D('',#15436,#12215,#12216);
#10216=AXIS2_PLACEMENT_3D('',#15439,#12218,#12219);
#10217=AXIS2_PLACEMENT_3D('',#15440,#12220,#12221);
#10218=AXIS2_PLACEMENT_3D('',#15444,#12224,#12225);
#10219=AXIS2_PLACEMENT_3D('',#15445,#12226,#12227);
#10220=AXIS2_PLACEMENT_3D('',#15446,#12228,#12229);
#10221=AXIS2_PLACEMENT_3D('',#15450,#12231,#12232);
#10222=AXIS2_PLACEMENT_3D('',#15452,#12234,#12235);
#10223=AXIS2_PLACEMENT_3D('',#15456,#12238,#12239);
#10224=AXIS2_PLACEMENT_3D('',#15459,#12242,#12243);
#10225=AXIS2_PLACEMENT_3D('',#15461,#12245,#12246);
#10226=AXIS2_PLACEMENT_3D('',#15464,#12248,#12249);
#10227=AXIS2_PLACEMENT_3D('',#15465,#12250,#12251);
#10228=AXIS2_PLACEMENT_3D('',#15467,#12253,#12254);
#10229=AXIS2_PLACEMENT_3D('',#15469,#12256,#12257);
#10230=AXIS2_PLACEMENT_3D('',#15470,#12258,#12259);
#10231=AXIS2_PLACEMENT_3D('',#15476,#12263,#12264);
#10232=AXIS2_PLACEMENT_3D('',#15479,#12266,#12267);
#10233=AXIS2_PLACEMENT_3D('',#15480,#12268,#12269);
#10234=AXIS2_PLACEMENT_3D('',#15484,#12272,#12273);
#10235=AXIS2_PLACEMENT_3D('',#15485,#12274,#12275);
#10236=AXIS2_PLACEMENT_3D('',#15486,#12276,#12277);
#10237=AXIS2_PLACEMENT_3D('',#15490,#12279,#12280);
#10238=AXIS2_PLACEMENT_3D('',#15492,#12282,#12283);
#10239=AXIS2_PLACEMENT_3D('',#15496,#12286,#12287);
#10240=AXIS2_PLACEMENT_3D('',#15499,#12290,#12291);
#10241=AXIS2_PLACEMENT_3D('',#15501,#12293,#12294);
#10242=AXIS2_PLACEMENT_3D('',#15504,#12296,#12297);
#10243=AXIS2_PLACEMENT_3D('',#15505,#12298,#12299);
#10244=AXIS2_PLACEMENT_3D('',#15507,#12301,#12302);
#10245=AXIS2_PLACEMENT_3D('',#15509,#12304,#12305);
#10246=AXIS2_PLACEMENT_3D('',#15510,#12306,#12307);
#10247=AXIS2_PLACEMENT_3D('',#15516,#12311,#12312);
#10248=AXIS2_PLACEMENT_3D('',#15519,#12314,#12315);
#10249=AXIS2_PLACEMENT_3D('',#15520,#12316,#12317);
#10250=AXIS2_PLACEMENT_3D('',#15524,#12320,#12321);
#10251=AXIS2_PLACEMENT_3D('',#15525,#12322,#12323);
#10252=AXIS2_PLACEMENT_3D('',#15526,#12324,#12325);
#10253=AXIS2_PLACEMENT_3D('',#15530,#12327,#12328);
#10254=AXIS2_PLACEMENT_3D('',#15532,#12330,#12331);
#10255=AXIS2_PLACEMENT_3D('',#15536,#12334,#12335);
#10256=AXIS2_PLACEMENT_3D('',#15539,#12338,#12339);
#10257=AXIS2_PLACEMENT_3D('',#15541,#12341,#12342);
#10258=AXIS2_PLACEMENT_3D('',#15544,#12344,#12345);
#10259=AXIS2_PLACEMENT_3D('',#15545,#12346,#12347);
#10260=AXIS2_PLACEMENT_3D('',#15547,#12349,#12350);
#10261=AXIS2_PLACEMENT_3D('',#15549,#12352,#12353);
#10262=AXIS2_PLACEMENT_3D('',#15550,#12354,#12355);
#10263=AXIS2_PLACEMENT_3D('',#15556,#12359,#12360);
#10264=AXIS2_PLACEMENT_3D('',#15559,#12362,#12363);
#10265=AXIS2_PLACEMENT_3D('',#15560,#12364,#12365);
#10266=AXIS2_PLACEMENT_3D('',#15564,#12368,#12369);
#10267=AXIS2_PLACEMENT_3D('',#15565,#12370,#12371);
#10268=AXIS2_PLACEMENT_3D('',#15566,#12372,#12373);
#10269=AXIS2_PLACEMENT_3D('',#15570,#12375,#12376);
#10270=AXIS2_PLACEMENT_3D('',#15572,#12378,#12379);
#10271=AXIS2_PLACEMENT_3D('',#15576,#12382,#12383);
#10272=AXIS2_PLACEMENT_3D('',#15579,#12386,#12387);
#10273=AXIS2_PLACEMENT_3D('',#15581,#12389,#12390);
#10274=AXIS2_PLACEMENT_3D('',#15584,#12392,#12393);
#10275=AXIS2_PLACEMENT_3D('',#15585,#12394,#12395);
#10276=AXIS2_PLACEMENT_3D('',#15587,#12397,#12398);
#10277=AXIS2_PLACEMENT_3D('',#15589,#12400,#12401);
#10278=AXIS2_PLACEMENT_3D('',#15590,#12402,#12403);
#10279=AXIS2_PLACEMENT_3D('',#15596,#12407,#12408);
#10280=AXIS2_PLACEMENT_3D('',#15599,#12410,#12411);
#10281=AXIS2_PLACEMENT_3D('',#15600,#12412,#12413);
#10282=AXIS2_PLACEMENT_3D('',#15604,#12416,#12417);
#10283=AXIS2_PLACEMENT_3D('',#15605,#12418,#12419);
#10284=AXIS2_PLACEMENT_3D('',#15606,#12420,#12421);
#10285=AXIS2_PLACEMENT_3D('',#15610,#12423,#12424);
#10286=AXIS2_PLACEMENT_3D('',#15612,#12426,#12427);
#10287=AXIS2_PLACEMENT_3D('',#15616,#12430,#12431);
#10288=AXIS2_PLACEMENT_3D('',#15619,#12434,#12435);
#10289=AXIS2_PLACEMENT_3D('',#15621,#12437,#12438);
#10290=AXIS2_PLACEMENT_3D('',#15624,#12440,#12441);
#10291=AXIS2_PLACEMENT_3D('',#15625,#12442,#12443);
#10292=AXIS2_PLACEMENT_3D('',#15627,#12445,#12446);
#10293=AXIS2_PLACEMENT_3D('',#15629,#12448,#12449);
#10294=AXIS2_PLACEMENT_3D('',#15630,#12450,#12451);
#10295=AXIS2_PLACEMENT_3D('',#15636,#12455,#12456);
#10296=AXIS2_PLACEMENT_3D('',#15639,#12458,#12459);
#10297=AXIS2_PLACEMENT_3D('',#15640,#12460,#12461);
#10298=AXIS2_PLACEMENT_3D('',#15644,#12464,#12465);
#10299=AXIS2_PLACEMENT_3D('',#15645,#12466,#12467);
#10300=AXIS2_PLACEMENT_3D('',#15646,#12468,#12469);
#10301=AXIS2_PLACEMENT_3D('',#15650,#12471,#12472);
#10302=AXIS2_PLACEMENT_3D('',#15652,#12474,#12475);
#10303=AXIS2_PLACEMENT_3D('',#15656,#12478,#12479);
#10304=AXIS2_PLACEMENT_3D('',#15659,#12482,#12483);
#10305=AXIS2_PLACEMENT_3D('',#15661,#12485,#12486);
#10306=AXIS2_PLACEMENT_3D('',#15664,#12488,#12489);
#10307=AXIS2_PLACEMENT_3D('',#15665,#12490,#12491);
#10308=AXIS2_PLACEMENT_3D('',#15667,#12493,#12494);
#10309=AXIS2_PLACEMENT_3D('',#15669,#12496,#12497);
#10310=AXIS2_PLACEMENT_3D('',#15670,#12498,#12499);
#10311=AXIS2_PLACEMENT_3D('',#15676,#12503,#12504);
#10312=AXIS2_PLACEMENT_3D('',#15679,#12506,#12507);
#10313=AXIS2_PLACEMENT_3D('',#15680,#12508,#12509);
#10314=AXIS2_PLACEMENT_3D('',#15684,#12512,#12513);
#10315=AXIS2_PLACEMENT_3D('',#15685,#12514,#12515);
#10316=AXIS2_PLACEMENT_3D('',#15686,#12516,#12517);
#10317=AXIS2_PLACEMENT_3D('',#15690,#12519,#12520);
#10318=AXIS2_PLACEMENT_3D('',#15692,#12522,#12523);
#10319=AXIS2_PLACEMENT_3D('',#15696,#12526,#12527);
#10320=AXIS2_PLACEMENT_3D('',#15699,#12530,#12531);
#10321=AXIS2_PLACEMENT_3D('',#15701,#12533,#12534);
#10322=AXIS2_PLACEMENT_3D('',#15704,#12536,#12537);
#10323=AXIS2_PLACEMENT_3D('',#15705,#12538,#12539);
#10324=AXIS2_PLACEMENT_3D('',#15707,#12541,#12542);
#10325=AXIS2_PLACEMENT_3D('',#15709,#12544,#12545);
#10326=AXIS2_PLACEMENT_3D('',#15710,#12546,#12547);
#10327=AXIS2_PLACEMENT_3D('',#15716,#12551,#12552);
#10328=AXIS2_PLACEMENT_3D('',#15719,#12554,#12555);
#10329=AXIS2_PLACEMENT_3D('',#15720,#12556,#12557);
#10330=AXIS2_PLACEMENT_3D('',#15724,#12560,#12561);
#10331=AXIS2_PLACEMENT_3D('',#15725,#12562,#12563);
#10332=AXIS2_PLACEMENT_3D('',#15726,#12564,#12565);
#10333=AXIS2_PLACEMENT_3D('',#15730,#12567,#12568);
#10334=AXIS2_PLACEMENT_3D('',#15732,#12570,#12571);
#10335=AXIS2_PLACEMENT_3D('',#15736,#12574,#12575);
#10336=AXIS2_PLACEMENT_3D('',#15739,#12578,#12579);
#10337=AXIS2_PLACEMENT_3D('',#15741,#12581,#12582);
#10338=AXIS2_PLACEMENT_3D('',#15744,#12584,#12585);
#10339=AXIS2_PLACEMENT_3D('',#15745,#12586,#12587);
#10340=AXIS2_PLACEMENT_3D('',#15747,#12589,#12590);
#10341=AXIS2_PLACEMENT_3D('',#15749,#12592,#12593);
#10342=AXIS2_PLACEMENT_3D('',#15750,#12594,#12595);
#10343=AXIS2_PLACEMENT_3D('',#15756,#12599,#12600);
#10344=AXIS2_PLACEMENT_3D('',#15759,#12602,#12603);
#10345=AXIS2_PLACEMENT_3D('',#15760,#12604,#12605);
#10346=AXIS2_PLACEMENT_3D('',#15764,#12608,#12609);
#10347=AXIS2_PLACEMENT_3D('',#15765,#12610,#12611);
#10348=AXIS2_PLACEMENT_3D('',#15766,#12612,#12613);
#10349=AXIS2_PLACEMENT_3D('',#15770,#12615,#12616);
#10350=AXIS2_PLACEMENT_3D('',#15772,#12618,#12619);
#10351=AXIS2_PLACEMENT_3D('',#15776,#12622,#12623);
#10352=AXIS2_PLACEMENT_3D('',#15779,#12626,#12627);
#10353=AXIS2_PLACEMENT_3D('',#15781,#12629,#12630);
#10354=AXIS2_PLACEMENT_3D('',#15784,#12632,#12633);
#10355=AXIS2_PLACEMENT_3D('',#15785,#12634,#12635);
#10356=AXIS2_PLACEMENT_3D('',#15787,#12637,#12638);
#10357=AXIS2_PLACEMENT_3D('',#15789,#12640,#12641);
#10358=AXIS2_PLACEMENT_3D('',#15790,#12642,#12643);
#10359=AXIS2_PLACEMENT_3D('',#15796,#12647,#12648);
#10360=AXIS2_PLACEMENT_3D('',#15799,#12650,#12651);
#10361=AXIS2_PLACEMENT_3D('',#15800,#12652,#12653);
#10362=AXIS2_PLACEMENT_3D('',#15804,#12656,#12657);
#10363=AXIS2_PLACEMENT_3D('',#15805,#12658,#12659);
#10364=AXIS2_PLACEMENT_3D('',#15806,#12660,#12661);
#10365=AXIS2_PLACEMENT_3D('',#15810,#12663,#12664);
#10366=AXIS2_PLACEMENT_3D('',#15812,#12666,#12667);
#10367=AXIS2_PLACEMENT_3D('',#15816,#12670,#12671);
#10368=AXIS2_PLACEMENT_3D('',#15819,#12674,#12675);
#10369=AXIS2_PLACEMENT_3D('',#15821,#12677,#12678);
#10370=AXIS2_PLACEMENT_3D('',#15824,#12680,#12681);
#10371=AXIS2_PLACEMENT_3D('',#15825,#12682,#12683);
#10372=AXIS2_PLACEMENT_3D('',#15827,#12685,#12686);
#10373=AXIS2_PLACEMENT_3D('',#15829,#12688,#12689);
#10374=AXIS2_PLACEMENT_3D('',#15830,#12690,#12691);
#10375=AXIS2_PLACEMENT_3D('',#15836,#12695,#12696);
#10376=AXIS2_PLACEMENT_3D('',#15839,#12698,#12699);
#10377=AXIS2_PLACEMENT_3D('',#15840,#12700,#12701);
#10378=AXIS2_PLACEMENT_3D('',#15844,#12704,#12705);
#10379=AXIS2_PLACEMENT_3D('',#15845,#12706,#12707);
#10380=AXIS2_PLACEMENT_3D('',#15846,#12708,#12709);
#10381=AXIS2_PLACEMENT_3D('',#15850,#12711,#12712);
#10382=AXIS2_PLACEMENT_3D('',#15852,#12714,#12715);
#10383=AXIS2_PLACEMENT_3D('',#15856,#12718,#12719);
#10384=AXIS2_PLACEMENT_3D('',#15859,#12722,#12723);
#10385=AXIS2_PLACEMENT_3D('',#15861,#12725,#12726);
#10386=AXIS2_PLACEMENT_3D('',#15864,#12728,#12729);
#10387=AXIS2_PLACEMENT_3D('',#15865,#12730,#12731);
#10388=AXIS2_PLACEMENT_3D('',#15867,#12733,#12734);
#10389=AXIS2_PLACEMENT_3D('',#15869,#12736,#12737);
#10390=AXIS2_PLACEMENT_3D('',#15870,#12738,#12739);
#10391=AXIS2_PLACEMENT_3D('',#15876,#12743,#12744);
#10392=AXIS2_PLACEMENT_3D('',#15879,#12746,#12747);
#10393=AXIS2_PLACEMENT_3D('',#15880,#12748,#12749);
#10394=AXIS2_PLACEMENT_3D('',#15884,#12752,#12753);
#10395=AXIS2_PLACEMENT_3D('',#15885,#12754,#12755);
#10396=AXIS2_PLACEMENT_3D('',#15886,#12756,#12757);
#10397=AXIS2_PLACEMENT_3D('',#15890,#12759,#12760);
#10398=AXIS2_PLACEMENT_3D('',#15892,#12762,#12763);
#10399=AXIS2_PLACEMENT_3D('',#15896,#12766,#12767);
#10400=AXIS2_PLACEMENT_3D('',#15899,#12770,#12771);
#10401=AXIS2_PLACEMENT_3D('',#15901,#12773,#12774);
#10402=AXIS2_PLACEMENT_3D('',#15904,#12776,#12777);
#10403=AXIS2_PLACEMENT_3D('',#15905,#12778,#12779);
#10404=AXIS2_PLACEMENT_3D('',#15907,#12781,#12782);
#10405=AXIS2_PLACEMENT_3D('',#15909,#12784,#12785);
#10406=AXIS2_PLACEMENT_3D('',#15910,#12786,#12787);
#10407=AXIS2_PLACEMENT_3D('',#15916,#12791,#12792);
#10408=AXIS2_PLACEMENT_3D('',#15919,#12794,#12795);
#10409=AXIS2_PLACEMENT_3D('',#15920,#12796,#12797);
#10410=AXIS2_PLACEMENT_3D('',#15924,#12800,#12801);
#10411=AXIS2_PLACEMENT_3D('',#15925,#12802,#12803);
#10412=AXIS2_PLACEMENT_3D('',#15926,#12804,#12805);
#10413=AXIS2_PLACEMENT_3D('',#15930,#12807,#12808);
#10414=AXIS2_PLACEMENT_3D('',#15932,#12810,#12811);
#10415=AXIS2_PLACEMENT_3D('',#15936,#12814,#12815);
#10416=AXIS2_PLACEMENT_3D('',#15939,#12818,#12819);
#10417=AXIS2_PLACEMENT_3D('',#15941,#12821,#12822);
#10418=AXIS2_PLACEMENT_3D('',#15944,#12824,#12825);
#10419=AXIS2_PLACEMENT_3D('',#15945,#12826,#12827);
#10420=AXIS2_PLACEMENT_3D('',#15947,#12829,#12830);
#10421=AXIS2_PLACEMENT_3D('',#15949,#12832,#12833);
#10422=AXIS2_PLACEMENT_3D('',#15950,#12834,#12835);
#10423=AXIS2_PLACEMENT_3D('',#15956,#12839,#12840);
#10424=AXIS2_PLACEMENT_3D('',#15959,#12842,#12843);
#10425=AXIS2_PLACEMENT_3D('',#15960,#12844,#12845);
#10426=AXIS2_PLACEMENT_3D('',#15964,#12848,#12849);
#10427=AXIS2_PLACEMENT_3D('',#15965,#12850,#12851);
#10428=AXIS2_PLACEMENT_3D('',#15966,#12852,#12853);
#10429=AXIS2_PLACEMENT_3D('',#15970,#12855,#12856);
#10430=AXIS2_PLACEMENT_3D('',#15972,#12858,#12859);
#10431=AXIS2_PLACEMENT_3D('',#15976,#12862,#12863);
#10432=AXIS2_PLACEMENT_3D('',#15979,#12866,#12867);
#10433=AXIS2_PLACEMENT_3D('',#15981,#12869,#12870);
#10434=AXIS2_PLACEMENT_3D('',#15984,#12872,#12873);
#10435=AXIS2_PLACEMENT_3D('',#15985,#12874,#12875);
#10436=AXIS2_PLACEMENT_3D('',#15987,#12877,#12878);
#10437=AXIS2_PLACEMENT_3D('',#15989,#12880,#12881);
#10438=AXIS2_PLACEMENT_3D('',#15990,#12882,#12883);
#10439=AXIS2_PLACEMENT_3D('',#15996,#12887,#12888);
#10440=AXIS2_PLACEMENT_3D('',#15999,#12890,#12891);
#10441=AXIS2_PLACEMENT_3D('',#16000,#12892,#12893);
#10442=AXIS2_PLACEMENT_3D('',#16004,#12896,#12897);
#10443=AXIS2_PLACEMENT_3D('',#16005,#12898,#12899);
#10444=AXIS2_PLACEMENT_3D('',#16006,#12900,#12901);
#10445=AXIS2_PLACEMENT_3D('',#16010,#12903,#12904);
#10446=AXIS2_PLACEMENT_3D('',#16012,#12906,#12907);
#10447=AXIS2_PLACEMENT_3D('',#16016,#12910,#12911);
#10448=AXIS2_PLACEMENT_3D('',#16019,#12914,#12915);
#10449=AXIS2_PLACEMENT_3D('',#16021,#12917,#12918);
#10450=AXIS2_PLACEMENT_3D('',#16024,#12920,#12921);
#10451=AXIS2_PLACEMENT_3D('',#16025,#12922,#12923);
#10452=AXIS2_PLACEMENT_3D('',#16027,#12925,#12926);
#10453=AXIS2_PLACEMENT_3D('',#16029,#12928,#12929);
#10454=AXIS2_PLACEMENT_3D('',#16030,#12930,#12931);
#10455=AXIS2_PLACEMENT_3D('',#16036,#12935,#12936);
#10456=AXIS2_PLACEMENT_3D('',#16039,#12938,#12939);
#10457=AXIS2_PLACEMENT_3D('',#16040,#12940,#12941);
#10458=AXIS2_PLACEMENT_3D('',#16044,#12944,#12945);
#10459=AXIS2_PLACEMENT_3D('',#16045,#12946,#12947);
#10460=AXIS2_PLACEMENT_3D('',#16046,#12948,#12949);
#10461=AXIS2_PLACEMENT_3D('',#16050,#12951,#12952);
#10462=AXIS2_PLACEMENT_3D('',#16052,#12954,#12955);
#10463=AXIS2_PLACEMENT_3D('',#16056,#12958,#12959);
#10464=AXIS2_PLACEMENT_3D('',#16059,#12962,#12963);
#10465=AXIS2_PLACEMENT_3D('',#16061,#12965,#12966);
#10466=AXIS2_PLACEMENT_3D('',#16064,#12968,#12969);
#10467=AXIS2_PLACEMENT_3D('',#16065,#12970,#12971);
#10468=AXIS2_PLACEMENT_3D('',#16067,#12973,#12974);
#10469=AXIS2_PLACEMENT_3D('',#16069,#12976,#12977);
#10470=AXIS2_PLACEMENT_3D('',#16070,#12978,#12979);
#10471=AXIS2_PLACEMENT_3D('',#16076,#12983,#12984);
#10472=AXIS2_PLACEMENT_3D('',#16079,#12986,#12987);
#10473=AXIS2_PLACEMENT_3D('',#16080,#12988,#12989);
#10474=AXIS2_PLACEMENT_3D('',#16084,#12992,#12993);
#10475=AXIS2_PLACEMENT_3D('',#16085,#12994,#12995);
#10476=AXIS2_PLACEMENT_3D('',#16086,#12996,#12997);
#10477=AXIS2_PLACEMENT_3D('',#16090,#12999,#13000);
#10478=AXIS2_PLACEMENT_3D('',#16092,#13002,#13003);
#10479=AXIS2_PLACEMENT_3D('',#16096,#13006,#13007);
#10480=AXIS2_PLACEMENT_3D('',#16101,#13011,#13012);
#10481=AXIS2_PLACEMENT_3D('',#16103,#13014,#13015);
#10482=AXIS2_PLACEMENT_3D('',#16105,#13017,#13018);
#10483=AXIS2_PLACEMENT_3D('',#16106,#13019,#13020);
#10484=AXIS2_PLACEMENT_3D('',#16107,#13021,#13022);
#10485=AXIS2_PLACEMENT_3D('',#16109,#13024,#13025);
#10486=AXIS2_PLACEMENT_3D('',#16110,#13026,#13027);
#10487=AXIS2_PLACEMENT_3D('',#16116,#13031,#13032);
#10488=AXIS2_PLACEMENT_3D('',#16119,#13034,#13035);
#10489=AXIS2_PLACEMENT_3D('',#16120,#13036,#13037);
#10490=AXIS2_PLACEMENT_3D('',#16124,#13040,#13041);
#10491=AXIS2_PLACEMENT_3D('',#16125,#13042,#13043);
#10492=AXIS2_PLACEMENT_3D('',#16126,#13044,#13045);
#10493=AXIS2_PLACEMENT_3D('',#16130,#13047,#13048);
#10494=AXIS2_PLACEMENT_3D('',#16132,#13050,#13051);
#10495=AXIS2_PLACEMENT_3D('',#16136,#13054,#13055);
#10496=AXIS2_PLACEMENT_3D('',#16141,#13059,#13060);
#10497=AXIS2_PLACEMENT_3D('',#16143,#13062,#13063);
#10498=AXIS2_PLACEMENT_3D('',#16145,#13065,#13066);
#10499=AXIS2_PLACEMENT_3D('',#16146,#13067,#13068);
#10500=AXIS2_PLACEMENT_3D('',#16147,#13069,#13070);
#10501=AXIS2_PLACEMENT_3D('',#16149,#13072,#13073);
#10502=AXIS2_PLACEMENT_3D('',#16150,#13074,#13075);
#10503=AXIS2_PLACEMENT_3D('',#16156,#13079,#13080);
#10504=AXIS2_PLACEMENT_3D('',#16159,#13082,#13083);
#10505=AXIS2_PLACEMENT_3D('',#16160,#13084,#13085);
#10506=AXIS2_PLACEMENT_3D('',#16164,#13088,#13089);
#10507=AXIS2_PLACEMENT_3D('',#16165,#13090,#13091);
#10508=AXIS2_PLACEMENT_3D('',#16166,#13092,#13093);
#10509=AXIS2_PLACEMENT_3D('',#16170,#13095,#13096);
#10510=AXIS2_PLACEMENT_3D('',#16172,#13098,#13099);
#10511=AXIS2_PLACEMENT_3D('',#16176,#13102,#13103);
#10512=AXIS2_PLACEMENT_3D('',#16181,#13107,#13108);
#10513=AXIS2_PLACEMENT_3D('',#16183,#13110,#13111);
#10514=AXIS2_PLACEMENT_3D('',#16185,#13113,#13114);
#10515=AXIS2_PLACEMENT_3D('',#16186,#13115,#13116);
#10516=AXIS2_PLACEMENT_3D('',#16187,#13117,#13118);
#10517=AXIS2_PLACEMENT_3D('',#16189,#13120,#13121);
#10518=AXIS2_PLACEMENT_3D('',#16190,#13122,#13123);
#10519=AXIS2_PLACEMENT_3D('',#16196,#13127,#13128);
#10520=AXIS2_PLACEMENT_3D('',#16199,#13130,#13131);
#10521=AXIS2_PLACEMENT_3D('',#16200,#13132,#13133);
#10522=AXIS2_PLACEMENT_3D('',#16204,#13136,#13137);
#10523=AXIS2_PLACEMENT_3D('',#16205,#13138,#13139);
#10524=AXIS2_PLACEMENT_3D('',#16206,#13140,#13141);
#10525=AXIS2_PLACEMENT_3D('',#16210,#13143,#13144);
#10526=AXIS2_PLACEMENT_3D('',#16212,#13146,#13147);
#10527=AXIS2_PLACEMENT_3D('',#16216,#13150,#13151);
#10528=AXIS2_PLACEMENT_3D('',#16221,#13155,#13156);
#10529=AXIS2_PLACEMENT_3D('',#16223,#13158,#13159);
#10530=AXIS2_PLACEMENT_3D('',#16225,#13161,#13162);
#10531=AXIS2_PLACEMENT_3D('',#16226,#13163,#13164);
#10532=AXIS2_PLACEMENT_3D('',#16227,#13165,#13166);
#10533=AXIS2_PLACEMENT_3D('',#16229,#13168,#13169);
#10534=AXIS2_PLACEMENT_3D('',#16230,#13170,#13171);
#10535=AXIS2_PLACEMENT_3D('',#16236,#13175,#13176);
#10536=AXIS2_PLACEMENT_3D('',#16239,#13178,#13179);
#10537=AXIS2_PLACEMENT_3D('',#16240,#13180,#13181);
#10538=AXIS2_PLACEMENT_3D('',#16244,#13184,#13185);
#10539=AXIS2_PLACEMENT_3D('',#16245,#13186,#13187);
#10540=AXIS2_PLACEMENT_3D('',#16246,#13188,#13189);
#10541=AXIS2_PLACEMENT_3D('',#16250,#13191,#13192);
#10542=AXIS2_PLACEMENT_3D('',#16252,#13194,#13195);
#10543=AXIS2_PLACEMENT_3D('',#16256,#13198,#13199);
#10544=AXIS2_PLACEMENT_3D('',#16261,#13203,#13204);
#10545=AXIS2_PLACEMENT_3D('',#16263,#13206,#13207);
#10546=AXIS2_PLACEMENT_3D('',#16265,#13209,#13210);
#10547=AXIS2_PLACEMENT_3D('',#16266,#13211,#13212);
#10548=AXIS2_PLACEMENT_3D('',#16267,#13213,#13214);
#10549=AXIS2_PLACEMENT_3D('',#16269,#13216,#13217);
#10550=AXIS2_PLACEMENT_3D('',#16270,#13218,#13219);
#10551=AXIS2_PLACEMENT_3D('',#16276,#13223,#13224);
#10552=AXIS2_PLACEMENT_3D('',#16279,#13226,#13227);
#10553=AXIS2_PLACEMENT_3D('',#16280,#13228,#13229);
#10554=AXIS2_PLACEMENT_3D('',#16284,#13232,#13233);
#10555=AXIS2_PLACEMENT_3D('',#16285,#13234,#13235);
#10556=AXIS2_PLACEMENT_3D('',#16286,#13236,#13237);
#10557=AXIS2_PLACEMENT_3D('',#16290,#13239,#13240);
#10558=AXIS2_PLACEMENT_3D('',#16292,#13242,#13243);
#10559=AXIS2_PLACEMENT_3D('',#16296,#13246,#13247);
#10560=AXIS2_PLACEMENT_3D('',#16301,#13251,#13252);
#10561=AXIS2_PLACEMENT_3D('',#16303,#13254,#13255);
#10562=AXIS2_PLACEMENT_3D('',#16305,#13257,#13258);
#10563=AXIS2_PLACEMENT_3D('',#16306,#13259,#13260);
#10564=AXIS2_PLACEMENT_3D('',#16307,#13261,#13262);
#10565=AXIS2_PLACEMENT_3D('',#16309,#13264,#13265);
#10566=AXIS2_PLACEMENT_3D('',#16310,#13266,#13267);
#10567=AXIS2_PLACEMENT_3D('',#16316,#13271,#13272);
#10568=AXIS2_PLACEMENT_3D('',#16319,#13274,#13275);
#10569=AXIS2_PLACEMENT_3D('',#16320,#13276,#13277);
#10570=AXIS2_PLACEMENT_3D('',#16324,#13280,#13281);
#10571=AXIS2_PLACEMENT_3D('',#16325,#13282,#13283);
#10572=AXIS2_PLACEMENT_3D('',#16326,#13284,#13285);
#10573=AXIS2_PLACEMENT_3D('',#16330,#13287,#13288);
#10574=AXIS2_PLACEMENT_3D('',#16332,#13290,#13291);
#10575=AXIS2_PLACEMENT_3D('',#16336,#13294,#13295);
#10576=AXIS2_PLACEMENT_3D('',#16341,#13299,#13300);
#10577=AXIS2_PLACEMENT_3D('',#16343,#13302,#13303);
#10578=AXIS2_PLACEMENT_3D('',#16345,#13305,#13306);
#10579=AXIS2_PLACEMENT_3D('',#16346,#13307,#13308);
#10580=AXIS2_PLACEMENT_3D('',#16347,#13309,#13310);
#10581=AXIS2_PLACEMENT_3D('',#16349,#13312,#13313);
#10582=AXIS2_PLACEMENT_3D('',#16350,#13314,#13315);
#10583=AXIS2_PLACEMENT_3D('',#16356,#13319,#13320);
#10584=AXIS2_PLACEMENT_3D('',#16359,#13322,#13323);
#10585=AXIS2_PLACEMENT_3D('',#16360,#13324,#13325);
#10586=AXIS2_PLACEMENT_3D('',#16364,#13328,#13329);
#10587=AXIS2_PLACEMENT_3D('',#16365,#13330,#13331);
#10588=AXIS2_PLACEMENT_3D('',#16366,#13332,#13333);
#10589=AXIS2_PLACEMENT_3D('',#16370,#13335,#13336);
#10590=AXIS2_PLACEMENT_3D('',#16372,#13338,#13339);
#10591=AXIS2_PLACEMENT_3D('',#16376,#13342,#13343);
#10592=AXIS2_PLACEMENT_3D('',#16381,#13347,#13348);
#10593=AXIS2_PLACEMENT_3D('',#16383,#13350,#13351);
#10594=AXIS2_PLACEMENT_3D('',#16385,#13353,#13354);
#10595=AXIS2_PLACEMENT_3D('',#16386,#13355,#13356);
#10596=AXIS2_PLACEMENT_3D('',#16387,#13357,#13358);
#10597=AXIS2_PLACEMENT_3D('',#16389,#13360,#13361);
#10598=AXIS2_PLACEMENT_3D('',#16390,#13362,#13363);
#10599=AXIS2_PLACEMENT_3D('',#16396,#13367,#13368);
#10600=AXIS2_PLACEMENT_3D('',#16399,#13370,#13371);
#10601=AXIS2_PLACEMENT_3D('',#16400,#13372,#13373);
#10602=AXIS2_PLACEMENT_3D('',#16404,#13376,#13377);
#10603=AXIS2_PLACEMENT_3D('',#16405,#13378,#13379);
#10604=AXIS2_PLACEMENT_3D('',#16406,#13380,#13381);
#10605=AXIS2_PLACEMENT_3D('',#16410,#13383,#13384);
#10606=AXIS2_PLACEMENT_3D('',#16412,#13386,#13387);
#10607=AXIS2_PLACEMENT_3D('',#16416,#13390,#13391);
#10608=AXIS2_PLACEMENT_3D('',#16421,#13395,#13396);
#10609=AXIS2_PLACEMENT_3D('',#16423,#13398,#13399);
#10610=AXIS2_PLACEMENT_3D('',#16425,#13401,#13402);
#10611=AXIS2_PLACEMENT_3D('',#16426,#13403,#13404);
#10612=AXIS2_PLACEMENT_3D('',#16427,#13405,#13406);
#10613=AXIS2_PLACEMENT_3D('',#16429,#13408,#13409);
#10614=AXIS2_PLACEMENT_3D('',#16430,#13410,#13411);
#10615=AXIS2_PLACEMENT_3D('',#16436,#13415,#13416);
#10616=AXIS2_PLACEMENT_3D('',#16439,#13418,#13419);
#10617=AXIS2_PLACEMENT_3D('',#16440,#13420,#13421);
#10618=AXIS2_PLACEMENT_3D('',#16444,#13424,#13425);
#10619=AXIS2_PLACEMENT_3D('',#16445,#13426,#13427);
#10620=AXIS2_PLACEMENT_3D('',#16446,#13428,#13429);
#10621=AXIS2_PLACEMENT_3D('',#16450,#13431,#13432);
#10622=AXIS2_PLACEMENT_3D('',#16452,#13434,#13435);
#10623=AXIS2_PLACEMENT_3D('',#16456,#13438,#13439);
#10624=AXIS2_PLACEMENT_3D('',#16461,#13443,#13444);
#10625=AXIS2_PLACEMENT_3D('',#16463,#13446,#13447);
#10626=AXIS2_PLACEMENT_3D('',#16465,#13449,#13450);
#10627=AXIS2_PLACEMENT_3D('',#16466,#13451,#13452);
#10628=AXIS2_PLACEMENT_3D('',#16467,#13453,#13454);
#10629=AXIS2_PLACEMENT_3D('',#16469,#13456,#13457);
#10630=AXIS2_PLACEMENT_3D('',#16470,#13458,#13459);
#10631=AXIS2_PLACEMENT_3D('',#16476,#13463,#13464);
#10632=AXIS2_PLACEMENT_3D('',#16479,#13466,#13467);
#10633=AXIS2_PLACEMENT_3D('',#16480,#13468,#13469);
#10634=AXIS2_PLACEMENT_3D('',#16484,#13472,#13473);
#10635=AXIS2_PLACEMENT_3D('',#16485,#13474,#13475);
#10636=AXIS2_PLACEMENT_3D('',#16486,#13476,#13477);
#10637=AXIS2_PLACEMENT_3D('',#16490,#13479,#13480);
#10638=AXIS2_PLACEMENT_3D('',#16492,#13482,#13483);
#10639=AXIS2_PLACEMENT_3D('',#16496,#13486,#13487);
#10640=AXIS2_PLACEMENT_3D('',#16501,#13491,#13492);
#10641=AXIS2_PLACEMENT_3D('',#16503,#13494,#13495);
#10642=AXIS2_PLACEMENT_3D('',#16505,#13497,#13498);
#10643=AXIS2_PLACEMENT_3D('',#16506,#13499,#13500);
#10644=AXIS2_PLACEMENT_3D('',#16507,#13501,#13502);
#10645=AXIS2_PLACEMENT_3D('',#16509,#13504,#13505);
#10646=AXIS2_PLACEMENT_3D('',#16510,#13506,#13507);
#10647=AXIS2_PLACEMENT_3D('',#16516,#13511,#13512);
#10648=AXIS2_PLACEMENT_3D('',#16519,#13514,#13515);
#10649=AXIS2_PLACEMENT_3D('',#16520,#13516,#13517);
#10650=AXIS2_PLACEMENT_3D('',#16524,#13520,#13521);
#10651=AXIS2_PLACEMENT_3D('',#16525,#13522,#13523);
#10652=AXIS2_PLACEMENT_3D('',#16526,#13524,#13525);
#10653=AXIS2_PLACEMENT_3D('',#16530,#13527,#13528);
#10654=AXIS2_PLACEMENT_3D('',#16532,#13530,#13531);
#10655=AXIS2_PLACEMENT_3D('',#16536,#13534,#13535);
#10656=AXIS2_PLACEMENT_3D('',#16541,#13539,#13540);
#10657=AXIS2_PLACEMENT_3D('',#16543,#13542,#13543);
#10658=AXIS2_PLACEMENT_3D('',#16545,#13545,#13546);
#10659=AXIS2_PLACEMENT_3D('',#16546,#13547,#13548);
#10660=AXIS2_PLACEMENT_3D('',#16547,#13549,#13550);
#10661=AXIS2_PLACEMENT_3D('',#16549,#13552,#13553);
#10662=AXIS2_PLACEMENT_3D('',#16550,#13554,#13555);
#10663=AXIS2_PLACEMENT_3D('',#16556,#13559,#13560);
#10664=AXIS2_PLACEMENT_3D('',#16559,#13562,#13563);
#10665=AXIS2_PLACEMENT_3D('',#16560,#13564,#13565);
#10666=AXIS2_PLACEMENT_3D('',#16564,#13568,#13569);
#10667=AXIS2_PLACEMENT_3D('',#16565,#13570,#13571);
#10668=AXIS2_PLACEMENT_3D('',#16566,#13572,#13573);
#10669=AXIS2_PLACEMENT_3D('',#16570,#13575,#13576);
#10670=AXIS2_PLACEMENT_3D('',#16572,#13578,#13579);
#10671=AXIS2_PLACEMENT_3D('',#16576,#13582,#13583);
#10672=AXIS2_PLACEMENT_3D('',#16581,#13587,#13588);
#10673=AXIS2_PLACEMENT_3D('',#16583,#13590,#13591);
#10674=AXIS2_PLACEMENT_3D('',#16585,#13593,#13594);
#10675=AXIS2_PLACEMENT_3D('',#16586,#13595,#13596);
#10676=AXIS2_PLACEMENT_3D('',#16587,#13597,#13598);
#10677=AXIS2_PLACEMENT_3D('',#16589,#13600,#13601);
#10678=AXIS2_PLACEMENT_3D('',#16590,#13602,#13603);
#10679=AXIS2_PLACEMENT_3D('',#16596,#13607,#13608);
#10680=AXIS2_PLACEMENT_3D('',#16599,#13610,#13611);
#10681=AXIS2_PLACEMENT_3D('',#16600,#13612,#13613);
#10682=AXIS2_PLACEMENT_3D('',#16604,#13616,#13617);
#10683=AXIS2_PLACEMENT_3D('',#16605,#13618,#13619);
#10684=AXIS2_PLACEMENT_3D('',#16606,#13620,#13621);
#10685=AXIS2_PLACEMENT_3D('',#16610,#13623,#13624);
#10686=AXIS2_PLACEMENT_3D('',#16612,#13626,#13627);
#10687=AXIS2_PLACEMENT_3D('',#16616,#13630,#13631);
#10688=AXIS2_PLACEMENT_3D('',#16621,#13635,#13636);
#10689=AXIS2_PLACEMENT_3D('',#16623,#13638,#13639);
#10690=AXIS2_PLACEMENT_3D('',#16625,#13641,#13642);
#10691=AXIS2_PLACEMENT_3D('',#16626,#13643,#13644);
#10692=AXIS2_PLACEMENT_3D('',#16627,#13645,#13646);
#10693=AXIS2_PLACEMENT_3D('',#16629,#13648,#13649);
#10694=AXIS2_PLACEMENT_3D('',#16630,#13650,#13651);
#10695=AXIS2_PLACEMENT_3D('',#16636,#13655,#13656);
#10696=AXIS2_PLACEMENT_3D('',#16639,#13658,#13659);
#10697=AXIS2_PLACEMENT_3D('',#16640,#13660,#13661);
#10698=AXIS2_PLACEMENT_3D('',#16644,#13664,#13665);
#10699=AXIS2_PLACEMENT_3D('',#16645,#13666,#13667);
#10700=AXIS2_PLACEMENT_3D('',#16646,#13668,#13669);
#10701=AXIS2_PLACEMENT_3D('',#16650,#13671,#13672);
#10702=AXIS2_PLACEMENT_3D('',#16652,#13674,#13675);
#10703=AXIS2_PLACEMENT_3D('',#16656,#13678,#13679);
#10704=AXIS2_PLACEMENT_3D('',#16661,#13683,#13684);
#10705=AXIS2_PLACEMENT_3D('',#16663,#13686,#13687);
#10706=AXIS2_PLACEMENT_3D('',#16665,#13689,#13690);
#10707=AXIS2_PLACEMENT_3D('',#16666,#13691,#13692);
#10708=AXIS2_PLACEMENT_3D('',#16667,#13693,#13694);
#10709=AXIS2_PLACEMENT_3D('',#16669,#13696,#13697);
#10710=DIRECTION('axis',(0.,0.,1.));
#10711=DIRECTION('refdir',(1.,0.,0.));
#10712=DIRECTION('center_axis',(0.0797452222828896,0.,0.996815278536125));
#10713=DIRECTION('ref_axis',(0.704854843043252,-0.707106781186547,-0.0563883874434599));
#10714=DIRECTION('center_axis',(0.,0.,-1.));
#10715=DIRECTION('ref_axis',(1.,5.53343636764472E-16,0.));
#10716=DIRECTION('',(-0.0797452222828896,0.,-0.996815278536125));
#10717=DIRECTION('center_axis',(-4.75809867696496E-15,4.17386722339188E-30,
-1.));
#10718=DIRECTION('ref_axis',(1.,1.41794306920896E-14,-4.768640149194E-15));
#10719=DIRECTION('',(0.0797452222828896,0.,0.996815278536125));
#10720=DIRECTION('center_axis',(-0.996815278536125,8.74419574146386E-16,
0.0797452222828896));
#10721=DIRECTION('ref_axis',(-0.0797452222828896,-1.64245953948969E-16,
-0.996815278536125));
#10722=DIRECTION('',(-8.77213254024875E-16,-1.,0.));
#10723=DIRECTION('',(0.0797452222828896,0.,0.996815278536125));
#10724=DIRECTION('',(-8.77213254024875E-16,-1.,0.));
#10725=DIRECTION('center_axis',(0.,0.0797452222828896,-0.996815278536125));
#10726=DIRECTION('ref_axis',(0.70710678118655,-0.704854843043249,-0.0563883874434599));
#10727=DIRECTION('center_axis',(0.,0.,-1.));
#10728=DIRECTION('ref_axis',(3.80423750275575E-15,-1.,0.));
#10729=DIRECTION('',(0.,0.0797452222828896,-0.996815278536125));
#10730=DIRECTION('center_axis',(-4.75809867696496E-15,4.17386722339188E-30,
-1.));
#10731=DIRECTION('ref_axis',(-5.02159350363758E-14,-1.,2.57529167470757E-28));
#10732=DIRECTION('',(0.,-0.0797452222828896,0.996815278536125));
#10733=DIRECTION('center_axis',(0.,0.,1.));
#10734=DIRECTION('ref_axis',(1.,0.,0.));
#10735=DIRECTION('',(-1.,0.,0.));
#10736=DIRECTION('center_axis',(0.,0.,1.));
#10737=DIRECTION('ref_axis',(1.,0.,0.));
#10738=DIRECTION('',(0.,-1.,0.));
#10739=DIRECTION('',(-1.,-9.86864910777937E-16,0.));
#10740=DIRECTION('center_axis',(0.,0.,-1.));
#10741=DIRECTION('ref_axis',(-3.80423750275575E-15,-1.,0.));
#10742=DIRECTION('',(0.,1.,0.));
#10743=DIRECTION('center_axis',(0.,0.,1.));
#10744=DIRECTION('ref_axis',(1.,0.,0.));
#10745=DIRECTION('',(-1.,0.,0.));
#10746=DIRECTION('center_axis',(0.,0.,-1.));
#10747=DIRECTION('ref_axis',(-1.,5.53343636764472E-16,0.));
#10748=DIRECTION('',(-4.38606627012387E-16,1.,0.));
#10749=DIRECTION('center_axis',(0.,0.,-1.));
#10750=DIRECTION('ref_axis',(-1.,-5.53343636764472E-16,0.));
#10751=DIRECTION('',(1.,0.,0.));
#10752=DIRECTION('center_axis',(0.,0.,1.));
#10753=DIRECTION('ref_axis',(1.,0.,0.));
#10754=DIRECTION('',(0.,1.,0.));
#10755=DIRECTION('center_axis',(0.,0.,-1.));
#10756=DIRECTION('ref_axis',(2.83588613841792E-15,1.,0.));
#10757=DIRECTION('',(1.,4.38606627012407E-16,0.));
#10758=DIRECTION('center_axis',(0.,0.,-1.));
#10759=DIRECTION('ref_axis',(1.96436991051388E-14,1.,0.));
#10760=DIRECTION('',(0.,-1.,0.));
#10761=DIRECTION('center_axis',(0.,0.,1.));
#10762=DIRECTION('ref_axis',(1.,0.,0.));
#10763=DIRECTION('',(1.,0.,0.));
#10764=DIRECTION('center_axis',(0.,0.,-1.));
#10765=DIRECTION('ref_axis',(1.,-5.53343636764472E-16,0.));
#10766=DIRECTION('',(0.,1.,0.));
#10767=DIRECTION('center_axis',(0.,0.,-1.));
#10768=DIRECTION('ref_axis',(-1.,0.,0.));
#10769=DIRECTION('',(0.,-1.,0.));
#10770=DIRECTION('center_axis',(0.,0.,-1.));
#10771=DIRECTION('ref_axis',(1.,0.,0.));
#10772=DIRECTION('',(0.,1.,0.));
#10773=DIRECTION('center_axis',(0.,0.,-1.));
#10774=DIRECTION('ref_axis',(-1.,0.,0.));
#10775=DIRECTION('',(0.,-1.,0.));
#10776=DIRECTION('center_axis',(0.,0.,-1.));
#10777=DIRECTION('ref_axis',(1.,0.,0.));
#10778=DIRECTION('',(0.,1.,0.));
#10779=DIRECTION('center_axis',(0.,0.,-1.));
#10780=DIRECTION('ref_axis',(-1.,0.,0.));
#10781=DIRECTION('',(0.,-1.,0.));
#10782=DIRECTION('center_axis',(0.,0.,-1.));
#10783=DIRECTION('ref_axis',(1.,0.,0.));
#10784=DIRECTION('',(0.,1.,0.));
#10785=DIRECTION('center_axis',(0.,0.,-1.));
#10786=DIRECTION('ref_axis',(-1.,0.,0.));
#10787=DIRECTION('',(0.,-1.,0.));
#10788=DIRECTION('center_axis',(0.,0.,-1.));
#10789=DIRECTION('ref_axis',(1.,0.,0.));
#10790=DIRECTION('',(0.,1.,0.));
#10791=DIRECTION('center_axis',(0.,0.,-1.));
#10792=DIRECTION('ref_axis',(-1.,0.,0.));
#10793=DIRECTION('',(0.,-1.,0.));
#10794=DIRECTION('center_axis',(0.,0.,-1.));
#10795=DIRECTION('ref_axis',(1.,0.,0.));
#10796=DIRECTION('',(0.,1.,0.));
#10797=DIRECTION('center_axis',(0.,0.,-1.));
#10798=DIRECTION('ref_axis',(-1.,0.,0.));
#10799=DIRECTION('',(0.,-1.,0.));
#10800=DIRECTION('center_axis',(0.,0.,-1.));
#10801=DIRECTION('ref_axis',(1.,0.,0.));
#10802=DIRECTION('',(0.,1.,0.));
#10803=DIRECTION('center_axis',(0.,0.,-1.));
#10804=DIRECTION('ref_axis',(-1.,0.,0.));
#10805=DIRECTION('',(0.,-1.,0.));
#10806=DIRECTION('center_axis',(0.,0.,-1.));
#10807=DIRECTION('ref_axis',(1.,0.,0.));
#10808=DIRECTION('',(0.,1.,0.));
#10809=DIRECTION('center_axis',(0.,0.,-1.));
#10810=DIRECTION('ref_axis',(-1.,0.,0.));
#10811=DIRECTION('',(0.,-1.,0.));
#10812=DIRECTION('center_axis',(0.,0.,-1.));
#10813=DIRECTION('ref_axis',(1.,0.,0.));
#10814=DIRECTION('',(0.,1.,0.));
#10815=DIRECTION('center_axis',(0.,0.,-1.));
#10816=DIRECTION('ref_axis',(-1.,0.,0.));
#10817=DIRECTION('',(0.,-1.,0.));
#10818=DIRECTION('center_axis',(0.,0.,-1.));
#10819=DIRECTION('ref_axis',(1.,0.,0.));
#10820=DIRECTION('',(0.,1.,0.));
#10821=DIRECTION('center_axis',(0.,0.,-1.));
#10822=DIRECTION('ref_axis',(-1.,0.,0.));
#10823=DIRECTION('',(0.,-1.,0.));
#10824=DIRECTION('center_axis',(0.,0.,-1.));
#10825=DIRECTION('ref_axis',(1.,0.,0.));
#10826=DIRECTION('',(0.,1.,0.));
#10827=DIRECTION('center_axis',(0.,0.,-1.));
#10828=DIRECTION('ref_axis',(-1.,0.,0.));
#10829=DIRECTION('',(0.,-1.,0.));
#10830=DIRECTION('center_axis',(0.,0.,-1.));
#10831=DIRECTION('ref_axis',(1.,0.,0.));
#10832=DIRECTION('',(0.,1.,0.));
#10833=DIRECTION('center_axis',(0.,0.,-1.));
#10834=DIRECTION('ref_axis',(-1.,0.,0.));
#10835=DIRECTION('',(0.,-1.,0.));
#10836=DIRECTION('center_axis',(0.,0.,-1.));
#10837=DIRECTION('ref_axis',(1.,0.,0.));
#10838=DIRECTION('',(0.,1.,0.));
#10839=DIRECTION('center_axis',(0.,0.,-1.));
#10840=DIRECTION('ref_axis',(-1.,0.,0.));
#10841=DIRECTION('',(0.,-1.,0.));
#10842=DIRECTION('center_axis',(0.,0.,-1.));
#10843=DIRECTION('ref_axis',(1.,0.,0.));
#10844=DIRECTION('',(0.,1.,0.));
#10845=DIRECTION('center_axis',(0.,0.,-1.));
#10846=DIRECTION('ref_axis',(-1.,0.,0.));
#10847=DIRECTION('',(0.,-1.,0.));
#10848=DIRECTION('center_axis',(0.,0.,-1.));
#10849=DIRECTION('ref_axis',(1.,0.,0.));
#10850=DIRECTION('',(0.,1.,0.));
#10851=DIRECTION('center_axis',(0.,0.,-1.));
#10852=DIRECTION('ref_axis',(-1.,0.,0.));
#10853=DIRECTION('',(0.,-1.,0.));
#10854=DIRECTION('center_axis',(0.,0.,-1.));
#10855=DIRECTION('ref_axis',(1.,0.,0.));
#10856=DIRECTION('',(0.,1.,0.));
#10857=DIRECTION('center_axis',(0.,0.,-1.));
#10858=DIRECTION('ref_axis',(-1.,0.,0.));
#10859=DIRECTION('',(0.,-1.,0.));
#10860=DIRECTION('center_axis',(0.,0.,-1.));
#10861=DIRECTION('ref_axis',(1.,0.,0.));
#10862=DIRECTION('',(0.,1.,0.));
#10863=DIRECTION('center_axis',(0.,0.,-1.));
#10864=DIRECTION('ref_axis',(-1.,0.,0.));
#10865=DIRECTION('',(0.,-1.,0.));
#10866=DIRECTION('center_axis',(0.,0.,-1.));
#10867=DIRECTION('ref_axis',(1.,0.,0.));
#10868=DIRECTION('',(0.,1.,0.));
#10869=DIRECTION('center_axis',(0.,0.,-1.));
#10870=DIRECTION('ref_axis',(-1.,0.,0.));
#10871=DIRECTION('',(0.,-1.,0.));
#10872=DIRECTION('center_axis',(0.,0.,-1.));
#10873=DIRECTION('ref_axis',(1.,0.,0.));
#10874=DIRECTION('',(0.,1.,0.));
#10875=DIRECTION('center_axis',(0.,0.,-1.));
#10876=DIRECTION('ref_axis',(-1.,0.,0.));
#10877=DIRECTION('',(0.,-1.,0.));
#10878=DIRECTION('center_axis',(0.,0.,-1.));
#10879=DIRECTION('ref_axis',(1.,0.,0.));
#10880=DIRECTION('',(0.,1.,0.));
#10881=DIRECTION('center_axis',(0.,0.,-1.));
#10882=DIRECTION('ref_axis',(-1.,0.,0.));
#10883=DIRECTION('',(0.,-1.,0.));
#10884=DIRECTION('center_axis',(0.,0.,-1.));
#10885=DIRECTION('ref_axis',(1.,0.,0.));
#10886=DIRECTION('',(0.,1.,0.));
#10887=DIRECTION('center_axis',(0.,0.,-1.));
#10888=DIRECTION('ref_axis',(-1.,0.,0.));
#10889=DIRECTION('',(0.,-1.,0.));
#10890=DIRECTION('center_axis',(0.,0.,-1.));
#10891=DIRECTION('ref_axis',(1.,0.,0.));
#10892=DIRECTION('',(0.,1.,0.));
#10893=DIRECTION('center_axis',(0.,0.,-1.));
#10894=DIRECTION('ref_axis',(-1.,0.,0.));
#10895=DIRECTION('',(0.,-1.,0.));
#10896=DIRECTION('center_axis',(0.,0.,-1.));
#10897=DIRECTION('ref_axis',(1.,0.,0.));
#10898=DIRECTION('',(0.,1.,0.));
#10899=DIRECTION('center_axis',(0.,0.,-1.));
#10900=DIRECTION('ref_axis',(-1.,0.,0.));
#10901=DIRECTION('',(0.,-1.,0.));
#10902=DIRECTION('center_axis',(0.,0.,-1.));
#10903=DIRECTION('ref_axis',(1.,0.,0.));
#10904=DIRECTION('',(0.,1.,0.));
#10905=DIRECTION('center_axis',(0.,0.,-1.));
#10906=DIRECTION('ref_axis',(-1.,0.,0.));
#10907=DIRECTION('',(0.,-1.,0.));
#10908=DIRECTION('center_axis',(0.,0.,-1.));
#10909=DIRECTION('ref_axis',(1.,0.,0.));
#10910=DIRECTION('',(0.,1.,0.));
#10911=DIRECTION('center_axis',(0.,0.,-1.));
#10912=DIRECTION('ref_axis',(-1.,0.,0.));
#10913=DIRECTION('',(0.,-1.,0.));
#10914=DIRECTION('center_axis',(0.,0.,-1.));
#10915=DIRECTION('ref_axis',(1.,0.,0.));
#10916=DIRECTION('',(0.,1.,0.));
#10917=DIRECTION('center_axis',(0.,0.,-1.));
#10918=DIRECTION('ref_axis',(-1.,0.,0.));
#10919=DIRECTION('',(0.,-1.,0.));
#10920=DIRECTION('center_axis',(0.,0.,-1.));
#10921=DIRECTION('ref_axis',(1.,0.,0.));
#10922=DIRECTION('',(0.,1.,0.));
#10923=DIRECTION('center_axis',(0.,0.,-1.));
#10924=DIRECTION('ref_axis',(-1.,0.,0.));
#10925=DIRECTION('',(0.,-1.,0.));
#10926=DIRECTION('center_axis',(0.,0.,-1.));
#10927=DIRECTION('ref_axis',(1.,0.,0.));
#10928=DIRECTION('',(0.,1.,0.));
#10929=DIRECTION('center_axis',(0.,0.,-1.));
#10930=DIRECTION('ref_axis',(-1.,0.,0.));
#10931=DIRECTION('',(0.,-1.,0.));
#10932=DIRECTION('center_axis',(0.,0.,-1.));
#10933=DIRECTION('ref_axis',(1.,0.,0.));
#10934=DIRECTION('',(0.,1.,0.));
#10935=DIRECTION('center_axis',(0.,0.,-1.));
#10936=DIRECTION('ref_axis',(-1.,0.,0.));
#10937=DIRECTION('',(0.,-1.,0.));
#10938=DIRECTION('center_axis',(0.,0.,-1.));
#10939=DIRECTION('ref_axis',(1.,0.,0.));
#10940=DIRECTION('',(0.,1.,0.));
#10941=DIRECTION('center_axis',(0.,0.,-1.));
#10942=DIRECTION('ref_axis',(-1.,0.,0.));
#10943=DIRECTION('',(0.,-1.,0.));
#10944=DIRECTION('center_axis',(0.,0.,-1.));
#10945=DIRECTION('ref_axis',(1.,0.,0.));
#10946=DIRECTION('',(0.,1.,0.));
#10947=DIRECTION('center_axis',(0.,0.,-1.));
#10948=DIRECTION('ref_axis',(-1.,0.,0.));
#10949=DIRECTION('',(0.,-1.,0.));
#10950=DIRECTION('center_axis',(0.,0.,-1.));
#10951=DIRECTION('ref_axis',(1.,0.,0.));
#10952=DIRECTION('',(0.,1.,0.));
#10953=DIRECTION('center_axis',(0.,0.,-1.));
#10954=DIRECTION('ref_axis',(-1.,0.,0.));
#10955=DIRECTION('',(0.,-1.,0.));
#10956=DIRECTION('center_axis',(0.,0.,-1.));
#10957=DIRECTION('ref_axis',(1.,0.,0.));
#10958=DIRECTION('center_axis',(-9.83722020914638E-16,0.996815278536125,
0.0797452222828896));
#10959=DIRECTION('ref_axis',(-3.28491907897938E-16,0.0797452222828896,-0.996815278536125));
#10960=DIRECTION('',(-1.,-9.86864910777937E-16,0.));
#10961=DIRECTION('',(0.,0.0797452222828896,-0.996815278536125));
#10962=DIRECTION('center_axis',(0.,-0.0797452222828896,0.996815278536125));
#10963=DIRECTION('ref_axis',(-0.70710678118655,-0.704854843043249,-0.0563883874434599));
#10964=DIRECTION('center_axis',(-4.75809867696496E-15,4.17386722339188E-30,
-1.));
#10965=DIRECTION('ref_axis',(-5.78935779964829E-14,-1.,2.57529167470757E-28));
#10966=DIRECTION('',(0.,-0.0797452222828896,0.996815278536125));
#10967=DIRECTION('center_axis',(0.0797452222828896,0.,-0.996815278536125));
#10968=DIRECTION('ref_axis',(-0.704854843043252,-0.707106781186547,-0.0563883874434599));
#10969=DIRECTION('',(0.0797452222828896,0.,-0.996815278536125));
#10970=DIRECTION('center_axis',(-4.75809867696496E-15,4.17386722339188E-30,
-1.));
#10971=DIRECTION('ref_axis',(-1.,1.41794306920896E-14,4.75641286676016E-15));
#10972=DIRECTION('',(-0.0797452222828896,0.,0.996815278536125));
#10973=DIRECTION('center_axis',(0.996815278536125,4.37209787073143E-16,
0.0797452222828896));
#10974=DIRECTION('ref_axis',(0.0797452222828896,3.3337489445874E-16,-0.996815278536125));
#10975=DIRECTION('',(-4.38606627012387E-16,1.,0.));
#10976=DIRECTION('',(0.0797452222828896,0.,-0.996815278536125));
#10977=DIRECTION('center_axis',(-0.0797452222828896,0.,0.996815278536125));
#10978=DIRECTION('ref_axis',(-0.704854843043252,0.707106781186547,-0.0563883874434599));
#10979=DIRECTION('center_axis',(-4.75809867696496E-15,4.17386722339188E-30,
-1.));
#10980=DIRECTION('ref_axis',(-1.,-1.41794306920896E-14,4.75641286676016E-15));
#10981=DIRECTION('',(-0.0797452222828896,0.,0.996815278536125));
#10982=DIRECTION('center_axis',(0.,-0.0797452222828896,-0.996815278536125));
#10983=DIRECTION('ref_axis',(-0.707106781186545,0.704854843043253,-0.05638838744346));
#10984=DIRECTION('',(0.,-0.0797452222828896,-0.996815278536125));
#10985=DIRECTION('center_axis',(-4.75809867696496E-15,4.17386722339188E-30,
-1.));
#10986=DIRECTION('ref_axis',(-6.46720375468477E-14,1.,3.21419991461593E-28));
#10987=DIRECTION('',(0.,0.0797452222828896,0.996815278536125));
#10988=DIRECTION('center_axis',(4.37209787073162E-16,-0.996815278536125,
0.0797452222828896));
#10989=DIRECTION('ref_axis',(0.,-0.0797452222828896,-0.996815278536125));
#10990=DIRECTION('',(1.,4.38606627012407E-16,0.));
#10991=DIRECTION('',(0.,-0.0797452222828896,-0.996815278536125));
#10992=DIRECTION('center_axis',(0.,0.0797452222828896,0.996815278536125));
#10993=DIRECTION('ref_axis',(0.707106781186542,0.704854843043257,-0.05638838744346));
#10994=DIRECTION('center_axis',(-4.75809867696496E-15,4.17386722339188E-30,
-1.));
#10995=DIRECTION('ref_axis',(-3.43073054793973E-14,1.,1.28764583735378E-28));
#10996=DIRECTION('',(0.,0.0797452222828896,0.996815278536125));
#10997=DIRECTION('center_axis',(-0.0797452222828896,0.,-0.996815278536125));
#10998=DIRECTION('ref_axis',(0.704854843043252,0.707106781186547,-0.0563883874434596));
#10999=DIRECTION('',(-0.0797452222828896,0.,-0.996815278536125));
#11000=DIRECTION('center_axis',(-4.75809867696496E-15,4.17386722339188E-30,
-1.));
#11001=DIRECTION('ref_axis',(1.,-1.41794306920896E-14,-4.768640149194E-15));
#11002=DIRECTION('center_axis',(0.,-1.,0.));
#11003=DIRECTION('ref_axis',(-1.,0.,0.));
#11004=DIRECTION('',(0.,0.,-1.));
#11005=DIRECTION('',(1.,0.,-4.75809867696496E-15));
#11006=DIRECTION('center_axis',(-0.70710678118626,-2.79127548210331E-16,
-0.707106781186835));
#11007=DIRECTION('ref_axis',(-0.707106781186835,0.,0.70710678118626));
#11008=DIRECTION('',(0.707106781186835,0.,-0.70710678118626));
#11009=DIRECTION('',(3.94745964311167E-16,-1.,-6.0521074739181E-30));
#11010=DIRECTION('',(-0.707106781186835,-1.25607396694758E-14,0.70710678118626));
#11011=DIRECTION('',(-3.94745964311167E-16,1.,6.0521074739181E-30));
#11012=DIRECTION('center_axis',(0.,0.,1.));
#11013=DIRECTION('ref_axis',(9.34572805338752E-45,1.,1.96417281100796E-30));
#11014=DIRECTION('',(0.,-0.70710678118708,-0.707106781186015));
#11015=DIRECTION('center_axis',(4.75809867696496E-15,-4.17386722339188E-30,
1.));
#11016=DIRECTION('ref_axis',(1.98596721134483E-44,1.,4.17386722339188E-30));
#11017=DIRECTION('center_axis',(-4.75809867696496E-15,4.17386722339188E-30,
-1.));
#11018=DIRECTION('ref_axis',(0.,1.,0.));
#11019=DIRECTION('center_axis',(-3.57382950119522E-15,0.707106781186385,
-0.70710678118671));
#11020=DIRECTION('ref_axis',(-1.,0.,5.0541581501982E-15));
#11021=DIRECTION('',(0.,-0.70710678118671,-0.707106781186385));
#11022=DIRECTION('',(-1.,-2.96059473233375E-16,4.75809867696496E-15));
#11023=DIRECTION('',(1.,2.96059473233375E-16,-4.75809867696496E-15));
#11024=DIRECTION('center_axis',(0.,0.,1.));
#11025=DIRECTION('ref_axis',(1.,9.34572805338746E-45,-2.23910525974822E-15));
#11026=DIRECTION('',(-0.707106781186561,0.,-0.707106781186534));
#11027=DIRECTION('center_axis',(4.75809867696496E-15,-4.17386722339188E-30,
1.));
#11028=DIRECTION('ref_axis',(1.,1.98596721134483E-44,-4.75809867696496E-15));
#11029=DIRECTION('center_axis',(-4.75809867696496E-15,4.17386722339188E-30,
-1.));
#11030=DIRECTION('ref_axis',(1.,0.,0.));
#11031=DIRECTION('center_axis',(0.707106781186566,-6.97818870526142E-16,
-0.707106781186529));
#11032=DIRECTION('ref_axis',(-0.707106781186529,0.,-0.707106781186566));
#11033=DIRECTION('',(-0.707106781186529,0.,-0.707106781186566));
#11034=DIRECTION('',(9.86864910777918E-16,1.,-5.21733402923668E-31));
#11035=DIRECTION('',(-9.86864910777918E-16,-1.,5.21733402923668E-31));
#11036=DIRECTION('center_axis',(0.,0.,1.));
#11037=DIRECTION('ref_axis',(-9.34572805338812E-45,-1.,-1.96417281100809E-30));
#11038=DIRECTION('',(0.,0.707106781186603,-0.707106781186492));
#11039=DIRECTION('center_axis',(4.75809867696496E-15,-4.17386722339188E-30,
1.));
#11040=DIRECTION('ref_axis',(-1.98596721134483E-44,-1.,-4.17386722339188E-30));
#11041=DIRECTION('center_axis',(-4.75809867696496E-15,4.17386722339188E-30,
-1.));
#11042=DIRECTION('ref_axis',(0.,-1.,0.));
#11043=DIRECTION('center_axis',(-2.73644685656425E-15,-0.707106781186354,
-0.707106781186741));
#11044=DIRECTION('ref_axis',(-1.,0.,3.86992025726532E-15));
#11045=DIRECTION('',(0.,0.707106781186741,-0.707106781186354));
#11046=DIRECTION('',(1.,8.88178419700126E-16,-4.75809867696496E-15));
#11047=DIRECTION('',(-1.,-8.88178419700126E-16,4.75809867696496E-15));
#11048=DIRECTION('center_axis',(0.,0.,1.));
#11049=DIRECTION('ref_axis',(-1.,-9.34572805338693E-45,2.23910525974809E-15));
#11050=DIRECTION('center_axis',(4.75809867696496E-15,-4.17386722339188E-30,
1.));
#11051=DIRECTION('ref_axis',(-1.,-1.98596721134483E-44,4.75809867696496E-15));
#11052=DIRECTION('center_axis',(-4.75809867696496E-15,4.17386722339188E-30,
-1.));
#11053=DIRECTION('ref_axis',(-1.,0.,0.));
#11054=DIRECTION('center_axis',(0.,0.,1.));
#11055=DIRECTION('ref_axis',(1.,0.,0.));
#11056=DIRECTION('',(0.,0.,1.));
#11057=DIRECTION('center_axis',(0.,0.,1.));
#11058=DIRECTION('ref_axis',(1.,0.,0.));
#11059=DIRECTION('',(0.,0.,1.));
#11060=DIRECTION('center_axis',(-2.96059473233375E-16,1.,0.));
#11061=DIRECTION('ref_axis',(-1.,-2.96059473233375E-16,0.));
#11062=DIRECTION('',(0.,0.,1.));
#11063=DIRECTION('',(-1.,-2.96059473233375E-16,0.));
#11064=DIRECTION('center_axis',(0.,0.,1.));
#11065=DIRECTION('ref_axis',(0.,1.,0.));
#11066=DIRECTION('',(0.,0.,1.));
#11067=DIRECTION('center_axis',(0.,0.,1.));
#11068=DIRECTION('ref_axis',(0.,1.,0.));
#11069=DIRECTION('center_axis',(-1.,-3.94745964311167E-16,0.));
#11070=DIRECTION('ref_axis',(3.94745964311167E-16,-1.,0.));
#11071=DIRECTION('',(0.,0.,1.));
#11072=DIRECTION('',(3.94745964311167E-16,-1.,0.));
#11073=DIRECTION('center_axis',(-4.75809867696496E-15,4.17386722339188E-30,
-1.));
#11074=DIRECTION('ref_axis',(1.,2.05963378428265E-15,-4.75809867696496E-15));
#11075=DIRECTION('center_axis',(-4.75809867696496E-15,4.17386722339188E-30,
-1.));
#11076=DIRECTION('ref_axis',(-0.707106781186589,0.707106781186506,2.52336288002764E-15));
#11077=DIRECTION('center_axis',(-4.75809867696496E-15,4.17386722339188E-30,
-1.));
#11078=DIRECTION('ref_axis',(-1.,-1.08907879331813E-44,2.60927991962594E-15));
#11079=DIRECTION('center_axis',(-4.75809867696496E-15,4.17386722339188E-30,
-1.));
#11080=DIRECTION('ref_axis',(0.707106781186547,-0.707106781186547,-2.52336288002749E-15));
#11081=DIRECTION('center_axis',(-4.75809867696496E-15,4.17386722339188E-30,
-1.));
#11082=DIRECTION('ref_axis',(1.,1.08907879331814E-44,-2.60927991962595E-15));
#11083=DIRECTION('center_axis',(-4.75809867696496E-15,4.17386722339188E-30,
-1.));
#11084=DIRECTION('ref_axis',(0.707106781186589,0.707106781186506,-2.52336288002766E-15));
#11085=DIRECTION('center_axis',(-4.75809867696496E-15,4.17386722339188E-30,
-1.));
#11086=DIRECTION('ref_axis',(1.,1.08907879331814E-44,-2.60927991962595E-15));
#11087=DIRECTION('center_axis',(-4.75809867696496E-15,4.17386722339188E-30,
-1.));
#11088=DIRECTION('ref_axis',(0.707106781186589,0.707106781186506,-2.52336288002765E-15));
#11089=DIRECTION('center_axis',(-4.75809867696496E-15,4.17386722339188E-30,
-1.));
#11090=DIRECTION('ref_axis',(-1.,-1.08907879331813E-44,2.60927991962594E-15));
#11091=DIRECTION('center_axis',(-4.75809867696496E-15,4.17386722339188E-30,
-1.));
#11092=DIRECTION('ref_axis',(-0.707106781186589,0.707106781186506,2.52336288002764E-15));
#11093=DIRECTION('center_axis',(-4.75809867696496E-15,4.17386722339188E-30,
-1.));
#11094=DIRECTION('ref_axis',(-1.,-1.08907879331813E-44,2.60927991962594E-15));
#11095=DIRECTION('center_axis',(-4.75809867696496E-15,4.17386722339188E-30,
-1.));
#11096=DIRECTION('ref_axis',(0.707106781186547,-0.707106781186547,-2.52336288002749E-15));
#11097=DIRECTION('center_axis',(-4.75809867696496E-15,4.17386722339188E-30,
-1.));
#11098=DIRECTION('ref_axis',(1.,1.08907879331814E-44,-2.60927991962595E-15));
#11099=DIRECTION('center_axis',(-4.75809867696496E-15,4.17386722339188E-30,
-1.));
#11100=DIRECTION('ref_axis',(0.707106781186589,0.707106781186506,-2.52336288002766E-15));
#11101=DIRECTION('center_axis',(-4.75809867696496E-15,4.17386722339188E-30,
-1.));
#11102=DIRECTION('ref_axis',(1.,1.08907879331814E-44,-2.60927991962595E-15));
#11103=DIRECTION('center_axis',(-4.75809867696496E-15,4.17386722339188E-30,
-1.));
#11104=DIRECTION('ref_axis',(0.707106781186589,0.707106781186506,-2.52336288002765E-15));
#11105=DIRECTION('center_axis',(-4.75809867696496E-15,4.17386722339188E-30,
-1.));
#11106=DIRECTION('ref_axis',(-1.,-1.08907879331813E-44,2.60927991962594E-15));
#11107=DIRECTION('',(0.,-1.,-4.17386722339188E-30));
#11108=DIRECTION('center_axis',(4.75809867696496E-15,-4.17386722339188E-30,
1.));
#11109=DIRECTION('ref_axis',(1.,0.,0.));
#11110=DIRECTION('',(-1.,0.,4.75809867696496E-15));
#11111=DIRECTION('center_axis',(4.75809867696496E-15,-4.17386722339188E-30,
1.));
#11112=DIRECTION('ref_axis',(1.,0.,0.));
#11113=DIRECTION('',(0.,-1.,-4.17386722339188E-30));
#11114=DIRECTION('',(0.,1.,4.17386722339188E-30));
#11115=DIRECTION('center_axis',(4.75809867696496E-15,-4.17386722339188E-30,
1.));
#11116=DIRECTION('ref_axis',(1.,0.,0.));
#11117=DIRECTION('',(1.,0.,-4.75809867696496E-15));
#11118=DIRECTION('',(-1.,0.,4.75809867696496E-15));
#11119=DIRECTION('center_axis',(4.75809867696496E-15,-4.17386722339188E-30,
1.));
#11120=DIRECTION('ref_axis',(1.,0.,0.));
#11121=DIRECTION('',(0.,1.,4.17386722339188E-30));
#11122=DIRECTION('center_axis',(-4.75809867696496E-15,4.17386722339188E-30,
-1.));
#11123=DIRECTION('ref_axis',(-0.707106781186589,0.707106781186506,3.36448384003686E-15));
#11124=DIRECTION('center_axis',(-4.75809867696496E-15,4.17386722339188E-30,
-1.));
#11125=DIRECTION('ref_axis',(-1.,-1.98596721134483E-44,4.75809867696496E-15));
#11126=DIRECTION('center_axis',(-4.75809867696496E-15,4.17386722339188E-30,
-1.));
#11127=DIRECTION('ref_axis',(0.707106781186547,-0.707106781186547,-3.36448384003666E-15));
#11128=DIRECTION('center_axis',(-4.75809867696496E-15,4.17386722339188E-30,
-1.));
#11129=DIRECTION('ref_axis',(1.,1.98596721134483E-44,-4.75809867696496E-15));
#11130=DIRECTION('center_axis',(-4.75809867696496E-15,4.17386722339188E-30,
-1.));
#11131=DIRECTION('ref_axis',(0.707106781186589,0.707106781186506,-3.36448384003686E-15));
#11132=DIRECTION('center_axis',(-4.75809867696496E-15,4.17386722339188E-30,
-1.));
#11133=DIRECTION('ref_axis',(1.,1.98596721134483E-44,-4.75809867696496E-15));
#11134=DIRECTION('center_axis',(-4.75809867696496E-15,4.17386722339188E-30,
-1.));
#11135=DIRECTION('ref_axis',(0.707106781186589,0.707106781186506,-3.36448384003686E-15));
#11136=DIRECTION('center_axis',(-4.75809867696496E-15,4.17386722339188E-30,
-1.));
#11137=DIRECTION('ref_axis',(-1.,-1.98596721134483E-44,4.75809867696496E-15));
#11138=DIRECTION('center_axis',(-4.75809867696496E-15,4.17386722339188E-30,
-1.));
#11139=DIRECTION('ref_axis',(-0.707106781186589,0.707106781186506,2.52336288002764E-15));
#11140=DIRECTION('center_axis',(-4.75809867696496E-15,4.17386722339188E-30,
-1.));
#11141=DIRECTION('ref_axis',(-1.,-1.08907879331813E-44,2.60927991962594E-15));
#11142=DIRECTION('center_axis',(-4.75809867696496E-15,4.17386722339188E-30,
-1.));
#11143=DIRECTION('ref_axis',(0.707106781186547,-0.707106781186547,-2.52336288002749E-15));
#11144=DIRECTION('center_axis',(-4.75809867696496E-15,4.17386722339188E-30,
-1.));
#11145=DIRECTION('ref_axis',(1.,1.08907879331814E-44,-2.60927991962595E-15));
#11146=DIRECTION('center_axis',(-4.75809867696496E-15,4.17386722339188E-30,
-1.));
#11147=DIRECTION('ref_axis',(0.707106781186589,0.707106781186506,-2.52336288002766E-15));
#11148=DIRECTION('center_axis',(-4.75809867696496E-15,4.17386722339188E-30,
-1.));
#11149=DIRECTION('ref_axis',(1.,1.08907879331814E-44,-2.60927991962595E-15));
#11150=DIRECTION('center_axis',(-4.75809867696496E-15,4.17386722339188E-30,
-1.));
#11151=DIRECTION('ref_axis',(0.707106781186589,0.707106781186506,-2.52336288002765E-15));
#11152=DIRECTION('center_axis',(-4.75809867696496E-15,4.17386722339188E-30,
-1.));
#11153=DIRECTION('ref_axis',(-1.,-1.08907879331813E-44,2.60927991962594E-15));
#11154=DIRECTION('center_axis',(-0.707106781186549,-2.79127548210449E-16,
0.707106781186546));
#11155=DIRECTION('ref_axis',(0.707106781186546,0.,0.707106781186549));
#11156=DIRECTION('',(0.707106781186546,0.,0.707106781186549));
#11157=DIRECTION('',(-3.94745964311167E-16,1.,0.));
#11158=DIRECTION('',(-0.707106781186546,0.,-0.707106781186549));
#11159=DIRECTION('center_axis',(0.,0.,-1.));
#11160=DIRECTION('ref_axis',(-1.,0.,0.));
#11161=DIRECTION('',(0.,0.707106781186597,0.707106781186498));
#11162=DIRECTION('center_axis',(0.,0.,-1.));
#11163=DIRECTION('ref_axis',(-1.,0.,0.));
#11164=DIRECTION('center_axis',(0.,0.,1.));
#11165=DIRECTION('ref_axis',(-1.,0.,0.));
#11166=DIRECTION('center_axis',(6.28036983473512E-16,-0.707106781186549,
0.707106781186546));
#11167=DIRECTION('ref_axis',(1.,0.,-8.88178419700129E-16));
#11168=DIRECTION('',(0.,0.70710678118654,0.707106781186555));
#11169=DIRECTION('',(-1.,-8.88178419700126E-16,0.));
#11170=DIRECTION('',(1.,8.88178419700126E-16,0.));
#11171=DIRECTION('center_axis',(0.,0.,-1.));
#11172=DIRECTION('ref_axis',(0.,-1.,0.));
#11173=DIRECTION('',(-0.70710678118649,0.,0.707106781186605));
#11174=DIRECTION('center_axis',(0.,0.,-1.));
#11175=DIRECTION('ref_axis',(0.,-1.,0.));
#11176=DIRECTION('center_axis',(0.,0.,1.));
#11177=DIRECTION('ref_axis',(0.,-1.,0.));
#11178=DIRECTION('center_axis',(0.707106781186549,-6.97818870526124E-16,
0.707106781186546));
#11179=DIRECTION('ref_axis',(0.707106781186546,0.,-0.707106781186549));
#11180=DIRECTION('',(-0.707106781186559,0.,0.707106781186536));
#11181=DIRECTION('',(-9.86864910777918E-16,-1.,0.));
#11182=DIRECTION('',(9.86864910777918E-16,1.,0.));
#11183=DIRECTION('center_axis',(0.,0.,-1.));
#11184=DIRECTION('ref_axis',(1.,0.,0.));
#11185=DIRECTION('',(0.,-0.707106781186565,0.70710678118653));
#11186=DIRECTION('center_axis',(0.,0.,-1.));
#11187=DIRECTION('ref_axis',(1.,0.,0.));
#11188=DIRECTION('center_axis',(-2.09345661157839E-16,0.707106781186555,
0.70710678118654));
#11189=DIRECTION('ref_axis',(1.,0.,2.96059473233381E-16));
#11190=DIRECTION('',(0.,-0.70710678118654,0.707106781186555));
#11191=DIRECTION('',(1.,2.96059473233375E-16,0.));
#11192=DIRECTION('center_axis',(0.,0.,-1.));
#11193=DIRECTION('ref_axis',(0.,1.,0.));
#11194=DIRECTION('center_axis',(0.,0.,-1.));
#11195=DIRECTION('ref_axis',(0.,1.,0.));
#11196=DIRECTION('center_axis',(0.,0.,1.));
#11197=DIRECTION('ref_axis',(0.,-1.,0.));
#11198=DIRECTION('',(0.,0.,1.));
#11199=DIRECTION('',(0.,0.,1.));
#11200=DIRECTION('center_axis',(8.88178419700126E-16,-1.,0.));
#11201=DIRECTION('ref_axis',(1.,8.88178419700126E-16,0.));
#11202=DIRECTION('',(0.,0.,1.));
#11203=DIRECTION('center_axis',(0.,0.,1.));
#11204=DIRECTION('ref_axis',(-1.,0.,0.));
#11205=DIRECTION('center_axis',(0.,0.,1.));
#11206=DIRECTION('ref_axis',(1.,0.,0.));
#11207=DIRECTION('center_axis',(0.,0.,1.));
#11208=DIRECTION('ref_axis',(1.,0.,0.));
#11209=DIRECTION('center_axis',(0.,0.,1.));
#11210=DIRECTION('ref_axis',(1.,0.,0.));
#11211=DIRECTION('',(0.,1.,0.));
#11212=DIRECTION('center_axis',(0.,0.,1.));
#11213=DIRECTION('ref_axis',(-1.,0.,0.));
#11214=DIRECTION('',(0.,-1.,0.));
#11215=DIRECTION('center_axis',(0.,0.,1.));
#11216=DIRECTION('ref_axis',(1.,0.,0.));
#11217=DIRECTION('center_axis',(0.,0.,1.));
#11218=DIRECTION('ref_axis',(-1.,0.,0.));
#11219=DIRECTION('',(0.,-1.,0.));
#11220=DIRECTION('center_axis',(0.,0.,1.));
#11221=DIRECTION('ref_axis',(1.,0.,0.));
#11222=DIRECTION('',(0.,1.,0.));
#11223=DIRECTION('center_axis',(0.,0.,1.));
#11224=DIRECTION('ref_axis',(-1.,0.,0.));
#11225=DIRECTION('',(0.,-1.,0.));
#11226=DIRECTION('center_axis',(0.,0.,1.));
#11227=DIRECTION('ref_axis',(1.,0.,0.));
#11228=DIRECTION('',(0.,1.,0.));
#11229=DIRECTION('center_axis',(0.,0.,1.));
#11230=DIRECTION('ref_axis',(-1.,0.,0.));
#11231=DIRECTION('',(0.,-1.,0.));
#11232=DIRECTION('center_axis',(0.,0.,1.));
#11233=DIRECTION('ref_axis',(1.,0.,0.));
#11234=DIRECTION('',(0.,1.,0.));
#11235=DIRECTION('center_axis',(0.,0.,1.));
#11236=DIRECTION('ref_axis',(-1.,0.,0.));
#11237=DIRECTION('',(0.,-1.,0.));
#11238=DIRECTION('center_axis',(0.,0.,1.));
#11239=DIRECTION('ref_axis',(1.,0.,0.));
#11240=DIRECTION('',(0.,1.,0.));
#11241=DIRECTION('center_axis',(0.,0.,1.));
#11242=DIRECTION('ref_axis',(-1.,0.,0.));
#11243=DIRECTION('',(0.,-1.,0.));
#11244=DIRECTION('center_axis',(0.,0.,1.));
#11245=DIRECTION('ref_axis',(1.,0.,0.));
#11246=DIRECTION('',(0.,1.,0.));
#11247=DIRECTION('center_axis',(0.,0.,1.));
#11248=DIRECTION('ref_axis',(-1.,0.,0.));
#11249=DIRECTION('',(0.,-1.,0.));
#11250=DIRECTION('center_axis',(0.,0.,1.));
#11251=DIRECTION('ref_axis',(1.,0.,0.));
#11252=DIRECTION('',(0.,1.,0.));
#11253=DIRECTION('center_axis',(0.,0.,1.));
#11254=DIRECTION('ref_axis',(-1.,0.,0.));
#11255=DIRECTION('',(0.,-1.,0.));
#11256=DIRECTION('center_axis',(0.,0.,1.));
#11257=DIRECTION('ref_axis',(1.,0.,0.));
#11258=DIRECTION('',(0.,1.,0.));
#11259=DIRECTION('center_axis',(0.,0.,1.));
#11260=DIRECTION('ref_axis',(-1.,0.,0.));
#11261=DIRECTION('',(0.,-1.,0.));
#11262=DIRECTION('center_axis',(0.,0.,1.));
#11263=DIRECTION('ref_axis',(1.,0.,0.));
#11264=DIRECTION('',(0.,1.,0.));
#11265=DIRECTION('center_axis',(0.,0.,1.));
#11266=DIRECTION('ref_axis',(-1.,0.,0.));
#11267=DIRECTION('',(0.,-1.,0.));
#11268=DIRECTION('center_axis',(0.,0.,1.));
#11269=DIRECTION('ref_axis',(1.,0.,0.));
#11270=DIRECTION('',(0.,1.,0.));
#11271=DIRECTION('center_axis',(0.,0.,1.));
#11272=DIRECTION('ref_axis',(-1.,0.,0.));
#11273=DIRECTION('',(0.,-1.,0.));
#11274=DIRECTION('center_axis',(0.,0.,1.));
#11275=DIRECTION('ref_axis',(1.,0.,0.));
#11276=DIRECTION('',(0.,1.,0.));
#11277=DIRECTION('center_axis',(0.,0.,1.));
#11278=DIRECTION('ref_axis',(-1.,0.,0.));
#11279=DIRECTION('',(0.,-1.,0.));
#11280=DIRECTION('center_axis',(0.,0.,1.));
#11281=DIRECTION('ref_axis',(1.,0.,0.));
#11282=DIRECTION('',(0.,1.,0.));
#11283=DIRECTION('center_axis',(0.,0.,1.));
#11284=DIRECTION('ref_axis',(-1.,0.,0.));
#11285=DIRECTION('',(0.,-1.,0.));
#11286=DIRECTION('center_axis',(0.,0.,1.));
#11287=DIRECTION('ref_axis',(1.,0.,0.));
#11288=DIRECTION('',(0.,1.,0.));
#11289=DIRECTION('center_axis',(0.,0.,1.));
#11290=DIRECTION('ref_axis',(-1.,0.,0.));
#11291=DIRECTION('',(0.,-1.,0.));
#11292=DIRECTION('center_axis',(0.,0.,1.));
#11293=DIRECTION('ref_axis',(1.,0.,0.));
#11294=DIRECTION('',(0.,1.,0.));
#11295=DIRECTION('center_axis',(0.,0.,1.));
#11296=DIRECTION('ref_axis',(-1.,0.,0.));
#11297=DIRECTION('',(0.,-1.,0.));
#11298=DIRECTION('center_axis',(0.,0.,1.));
#11299=DIRECTION('ref_axis',(1.,0.,0.));
#11300=DIRECTION('',(0.,1.,0.));
#11301=DIRECTION('center_axis',(0.,0.,1.));
#11302=DIRECTION('ref_axis',(-1.,0.,0.));
#11303=DIRECTION('',(0.,-1.,0.));
#11304=DIRECTION('center_axis',(0.,0.,1.));
#11305=DIRECTION('ref_axis',(1.,0.,0.));
#11306=DIRECTION('',(0.,1.,0.));
#11307=DIRECTION('center_axis',(0.,0.,1.));
#11308=DIRECTION('ref_axis',(-1.,0.,0.));
#11309=DIRECTION('',(0.,-1.,0.));
#11310=DIRECTION('center_axis',(0.,0.,1.));
#11311=DIRECTION('ref_axis',(1.,0.,0.));
#11312=DIRECTION('',(0.,1.,0.));
#11313=DIRECTION('',(0.,1.,0.));
#11314=DIRECTION('center_axis',(0.,0.,1.));
#11315=DIRECTION('ref_axis',(-1.,0.,0.));
#11316=DIRECTION('',(0.,-1.,0.));
#11317=DIRECTION('center_axis',(0.,0.,1.));
#11318=DIRECTION('ref_axis',(1.,0.,0.));
#11319=DIRECTION('',(0.,1.,0.));
#11320=DIRECTION('center_axis',(0.,0.,1.));
#11321=DIRECTION('ref_axis',(-1.,0.,0.));
#11322=DIRECTION('',(0.,-1.,0.));
#11323=DIRECTION('center_axis',(0.,0.,1.));
#11324=DIRECTION('ref_axis',(1.,0.,0.));
#11325=DIRECTION('',(0.,1.,0.));
#11326=DIRECTION('center_axis',(0.,0.,1.));
#11327=DIRECTION('ref_axis',(-1.,0.,0.));
#11328=DIRECTION('',(0.,-1.,0.));
#11329=DIRECTION('center_axis',(0.,0.,1.));
#11330=DIRECTION('ref_axis',(1.,0.,0.));
#11331=DIRECTION('',(0.,1.,0.));
#11332=DIRECTION('center_axis',(0.,0.,1.));
#11333=DIRECTION('ref_axis',(-1.,0.,0.));
#11334=DIRECTION('',(0.,-1.,0.));
#11335=DIRECTION('center_axis',(0.,0.,1.));
#11336=DIRECTION('ref_axis',(1.,0.,0.));
#11337=DIRECTION('',(0.,1.,0.));
#11338=DIRECTION('center_axis',(0.,0.,1.));
#11339=DIRECTION('ref_axis',(-1.,0.,0.));
#11340=DIRECTION('',(0.,-1.,0.));
#11341=DIRECTION('center_axis',(0.,0.,1.));
#11342=DIRECTION('ref_axis',(1.,0.,0.));
#11343=DIRECTION('',(0.,1.,0.));
#11344=DIRECTION('center_axis',(0.,0.,1.));
#11345=DIRECTION('ref_axis',(-1.,0.,0.));
#11346=DIRECTION('',(0.,-1.,0.));
#11347=DIRECTION('center_axis',(0.,0.,1.));
#11348=DIRECTION('ref_axis',(1.,0.,0.));
#11349=DIRECTION('',(0.,1.,0.));
#11350=DIRECTION('center_axis',(0.,0.,1.));
#11351=DIRECTION('ref_axis',(-1.,0.,0.));
#11352=DIRECTION('',(0.,-1.,0.));
#11353=DIRECTION('center_axis',(0.,0.,1.));
#11354=DIRECTION('ref_axis',(1.,0.,0.));
#11355=DIRECTION('',(0.,1.,0.));
#11356=DIRECTION('center_axis',(0.,0.,1.));
#11357=DIRECTION('ref_axis',(-1.,0.,0.));
#11358=DIRECTION('',(0.,-1.,0.));
#11359=DIRECTION('center_axis',(0.,0.,1.));
#11360=DIRECTION('ref_axis',(1.,0.,0.));
#11361=DIRECTION('',(0.,1.,0.));
#11362=DIRECTION('center_axis',(0.,0.,1.));
#11363=DIRECTION('ref_axis',(-1.,0.,0.));
#11364=DIRECTION('',(0.,-1.,0.));
#11365=DIRECTION('center_axis',(0.,0.,1.));
#11366=DIRECTION('ref_axis',(1.,0.,0.));
#11367=DIRECTION('',(0.,1.,0.));
#11368=DIRECTION('center_axis',(0.,0.,1.));
#11369=DIRECTION('ref_axis',(-1.,0.,0.));
#11370=DIRECTION('',(0.,-1.,0.));
#11371=DIRECTION('center_axis',(0.,0.,1.));
#11372=DIRECTION('ref_axis',(1.,0.,0.));
#11373=DIRECTION('',(0.,1.,0.));
#11374=DIRECTION('center_axis',(0.,0.,1.));
#11375=DIRECTION('ref_axis',(-1.,0.,0.));
#11376=DIRECTION('',(0.,-1.,0.));
#11377=DIRECTION('center_axis',(0.,0.,1.));
#11378=DIRECTION('ref_axis',(1.,0.,0.));
#11379=DIRECTION('',(0.,1.,0.));
#11380=DIRECTION('center_axis',(0.,0.,1.));
#11381=DIRECTION('ref_axis',(-1.,0.,0.));
#11382=DIRECTION('',(0.,-1.,0.));
#11383=DIRECTION('center_axis',(0.,0.,1.));
#11384=DIRECTION('ref_axis',(1.,0.,0.));
#11385=DIRECTION('',(0.,1.,0.));
#11386=DIRECTION('center_axis',(0.,0.,1.));
#11387=DIRECTION('ref_axis',(-1.,0.,0.));
#11388=DIRECTION('',(0.,-1.,0.));
#11389=DIRECTION('center_axis',(0.,0.,1.));
#11390=DIRECTION('ref_axis',(1.,0.,0.));
#11391=DIRECTION('',(0.,1.,0.));
#11392=DIRECTION('center_axis',(0.,0.,1.));
#11393=DIRECTION('ref_axis',(-1.,0.,0.));
#11394=DIRECTION('',(0.,-1.,0.));
#11395=DIRECTION('center_axis',(0.,0.,1.));
#11396=DIRECTION('ref_axis',(1.,0.,0.));
#11397=DIRECTION('',(0.,1.,0.));
#11398=DIRECTION('center_axis',(0.,0.,1.));
#11399=DIRECTION('ref_axis',(-1.,0.,0.));
#11400=DIRECTION('',(0.,-1.,0.));
#11401=DIRECTION('center_axis',(0.,0.,1.));
#11402=DIRECTION('ref_axis',(1.,0.,0.));
#11403=DIRECTION('center_axis',(0.,0.,1.));
#11404=DIRECTION('ref_axis',(1.,0.,0.));
#11405=DIRECTION('center_axis',(0.,0.,1.));
#11406=DIRECTION('ref_axis',(1.,0.,0.));
#11407=DIRECTION('center_axis',(0.,0.,-1.));
#11408=DIRECTION('ref_axis',(-0.707106781186589,0.707106781186506,2.52336288002764E-15));
#11409=DIRECTION('',(0.0626084129175698,-0.70432960084892,0.707106781186508));
#11410=DIRECTION('center_axis',(4.75809867696496E-15,-4.17386722339188E-30,
1.));
#11411=DIRECTION('ref_axis',(-0.707106781186589,0.707106781186506,0.));
#11412=DIRECTION('',(-0.0626084129175698,-0.70432960084892,-0.707106781186508));
#11413=DIRECTION('center_axis',(0.,0.,-1.));
#11414=DIRECTION('ref_axis',(-1.,-1.08907879331813E-44,2.60927991962594E-15));
#11415=DIRECTION('',(-0.682085079830252,0.186440188460012,-0.707106781186514));
#11416=DIRECTION('',(0.18644018846001,-0.682085079830257,0.707106781186511));
#11417=DIRECTION('center_axis',(0.,0.,1.));
#11418=DIRECTION('ref_axis',(1.,0.,0.));
#11419=DIRECTION('center_axis',(0.,0.,-1.));
#11420=DIRECTION('ref_axis',(0.707106781186589,0.707106781186506,-2.52336288002765E-15));
#11421=DIRECTION('',(-0.704329600848919,-0.062608412917545,0.707106781186511));
#11422=DIRECTION('center_axis',(4.75809867696496E-15,-4.17386722339188E-30,
1.));
#11423=DIRECTION('ref_axis',(0.707106781186589,0.707106781186506,0.));
#11424=DIRECTION('',(-0.704329600848921,0.0626084129175452,-0.707106781186509));
#11425=DIRECTION('center_axis',(0.,0.,-1.));
#11426=DIRECTION('ref_axis',(1.,1.08907879331813E-44,-2.60927991962595E-15));
#11427=DIRECTION('',(0.186440188460007,0.682085079830244,-0.707106781186524));
#11428=DIRECTION('',(-0.682085079830243,-0.186440188460006,0.707106781186525));
#11429=DIRECTION('center_axis',(0.,0.,1.));
#11430=DIRECTION('ref_axis',(1.,0.,0.));
#11431=DIRECTION('center_axis',(0.,0.,-1.));
#11432=DIRECTION('ref_axis',(0.707106781186589,0.707106781186506,-2.52336288002766E-15));
#11433=DIRECTION('',(-0.0626084129175433,0.704329600848901,0.70710678118653));
#11434=DIRECTION('center_axis',(4.75809867696496E-15,-4.17386722339188E-30,
1.));
#11435=DIRECTION('ref_axis',(0.707106781186589,0.707106781186506,0.));
#11436=DIRECTION('',(0.0626084129175433,0.704329600848901,-0.70710678118653));
#11437=DIRECTION('center_axis',(0.,0.,-1.));
#11438=DIRECTION('ref_axis',(1.,1.08907879331813E-44,-2.60927991962595E-15));
#11439=DIRECTION('',(0.682085079830243,-0.186440188460006,-0.707106781186525));
#11440=DIRECTION('',(-0.186440188460007,0.682085079830244,0.707106781186524));
#11441=DIRECTION('center_axis',(0.,0.,1.));
#11442=DIRECTION('ref_axis',(1.,0.,0.));
#11443=DIRECTION('center_axis',(0.,0.,-1.));
#11444=DIRECTION('ref_axis',(0.707106781186548,-0.707106781186548,-2.52336288002749E-15));
#11445=DIRECTION('',(0.7043296008489,0.0626084129175575,0.707106781186529));
#11446=DIRECTION('center_axis',(4.75809867696496E-15,-4.17386722339188E-30,
1.));
#11447=DIRECTION('ref_axis',(0.707106781186547,-0.707106781186547,0.));
#11448=DIRECTION('',(0.704329600848897,-0.0626084129175572,-0.707106781186532));
#11449=DIRECTION('center_axis',(0.,0.,-1.));
#11450=DIRECTION('ref_axis',(-1.,-1.08907879331813E-44,2.60927991962594E-15));
#11451=DIRECTION('',(-0.186440188460013,-0.682085079830246,-0.707106781186521));
#11452=DIRECTION('',(0.682085079830247,0.186440188460013,0.70710678118652));
#11453=DIRECTION('center_axis',(0.,0.,1.));
#11454=DIRECTION('ref_axis',(1.,0.,0.));
#11455=DIRECTION('center_axis',(0.,0.,1.));
#11456=DIRECTION('ref_axis',(-0.263666243091532,-0.964613970588233,0.));
#11457=DIRECTION('center_axis',(0.,0.,-1.));
#11458=DIRECTION('ref_axis',(-0.263666243091532,-0.964613970588233,0.));
#11459=DIRECTION('center_axis',(0.,0.,1.));
#11460=DIRECTION('ref_axis',(0.263666243091532,-0.964613970588233,0.));
#11461=DIRECTION('center_axis',(0.,0.,-1.));
#11462=DIRECTION('ref_axis',(0.263666243091532,-0.964613970588233,0.));
#11463=DIRECTION('center_axis',(0.,0.,1.));
#11464=DIRECTION('ref_axis',(0.964613970588234,-0.263666243091528,0.));
#11465=DIRECTION('center_axis',(0.,0.,-1.));
#11466=DIRECTION('ref_axis',(0.964613970588234,-0.263666243091528,0.));
#11467=DIRECTION('center_axis',(0.,0.,1.));
#11468=DIRECTION('ref_axis',(0.964613970588234,0.263666243091528,0.));
#11469=DIRECTION('center_axis',(0.,0.,-1.));
#11470=DIRECTION('ref_axis',(0.964613970588234,0.263666243091528,0.));
#11471=DIRECTION('center_axis',(0.,0.,1.));
#11472=DIRECTION('ref_axis',(0.263666243091528,0.964613970588234,0.));
#11473=DIRECTION('center_axis',(0.,0.,-1.));
#11474=DIRECTION('ref_axis',(0.263666243091528,0.964613970588234,0.));
#11475=DIRECTION('center_axis',(0.,0.,1.));
#11476=DIRECTION('ref_axis',(-0.263666243091528,0.964613970588234,0.));
#11477=DIRECTION('center_axis',(0.,0.,-1.));
#11478=DIRECTION('ref_axis',(-0.263666243091528,0.964613970588234,0.));
#11479=DIRECTION('center_axis',(0.,0.,1.));
#11480=DIRECTION('ref_axis',(-0.964613970588233,0.263666243091532,0.));
#11481=DIRECTION('center_axis',(0.,0.,-1.));
#11482=DIRECTION('ref_axis',(-0.964613970588233,0.263666243091532,0.));
#11483=DIRECTION('center_axis',(0.,0.,1.));
#11484=DIRECTION('ref_axis',(-0.964613970588233,-0.263666243091532,0.));
#11485=DIRECTION('center_axis',(0.,0.,-1.));
#11486=DIRECTION('ref_axis',(-0.964613970588233,-0.263666243091532,0.));
#11487=DIRECTION('center_axis',(0.,0.,1.));
#11488=DIRECTION('ref_axis',(0.964613970588234,0.263666243091528,0.));
#11489=DIRECTION('',(0.,0.,1.));
#11490=DIRECTION('center_axis',(0.,0.,1.));
#11491=DIRECTION('ref_axis',(0.964613970588234,0.263666243091528,0.));
#11492=DIRECTION('',(0.,0.,1.));
#11493=DIRECTION('center_axis',(0.,0.,-1.));
#11494=DIRECTION('ref_axis',(0.707106781186589,0.707106781186506,0.));
#11495=DIRECTION('',(0.,0.,-1.));
#11496=DIRECTION('center_axis',(0.,0.,-1.));
#11497=DIRECTION('ref_axis',(0.707106781186589,-0.707106781186506,0.));
#11498=DIRECTION('center_axis',(0.,0.,-1.));
#11499=DIRECTION('ref_axis',(0.964613970588234,-0.263666243091528,0.));
#11500=DIRECTION('',(0.,0.,-1.));
#11501=DIRECTION('center_axis',(0.,0.,1.));
#11502=DIRECTION('ref_axis',(0.964613970588234,-0.263666243091528,0.));
#11503=DIRECTION('center_axis',(0.,0.,1.));
#11504=DIRECTION('ref_axis',(0.263666243091532,-0.964613970588233,0.));
#11505=DIRECTION('',(0.,0.,1.));
#11506=DIRECTION('center_axis',(0.,0.,1.));
#11507=DIRECTION('ref_axis',(0.263666243091532,-0.964613970588233,0.));
#11508=DIRECTION('',(0.,0.,1.));
#11509=DIRECTION('center_axis',(0.,0.,-1.));
#11510=DIRECTION('ref_axis',(0.707106781186547,-0.707106781186547,0.));
#11511=DIRECTION('',(0.,0.,-1.));
#11512=DIRECTION('center_axis',(0.,0.,-1.));
#11513=DIRECTION('ref_axis',(0.707106781186547,-0.707106781186547,0.));
#11514=DIRECTION('center_axis',(0.,0.,-1.));
#11515=DIRECTION('ref_axis',(-0.263666243091532,-0.964613970588233,0.));
#11516=DIRECTION('',(0.,0.,-1.));
#11517=DIRECTION('center_axis',(0.,0.,1.));
#11518=DIRECTION('ref_axis',(-0.263666243091532,-0.964613970588233,0.));
#11519=DIRECTION('center_axis',(0.,0.,1.));
#11520=DIRECTION('ref_axis',(1.,0.,0.));
#11521=DIRECTION('',(0.70710678118655,8.65956056235496E-17,-0.707106781186545));
#11522=DIRECTION('center_axis',(0.,0.,1.));
#11523=DIRECTION('ref_axis',(1.,0.,0.));
#11524=DIRECTION('center_axis',(0.,0.,-1.));
#11525=DIRECTION('ref_axis',(1.,0.,0.));
#11526=DIRECTION('center_axis',(0.,0.,1.));
#11527=DIRECTION('ref_axis',(1.,0.,0.));
#11528=DIRECTION('center_axis',(0.,0.,-1.));
#11529=DIRECTION('ref_axis',(1.,0.,0.));
#11530=DIRECTION('center_axis',(0.,0.,1.));
#11531=DIRECTION('ref_axis',(1.,0.,0.));
#11532=DIRECTION('center_axis',(0.,0.,-1.));
#11533=DIRECTION('ref_axis',(1.,0.,0.));
#11534=DIRECTION('center_axis',(0.,0.,1.));
#11535=DIRECTION('ref_axis',(1.,0.,0.));
#11536=DIRECTION('center_axis',(0.,0.,-1.));
#11537=DIRECTION('ref_axis',(1.,0.,0.));
#11538=DIRECTION('center_axis',(0.,0.,1.));
#11539=DIRECTION('ref_axis',(1.,0.,0.));
#11540=DIRECTION('center_axis',(0.,0.,1.));
#11541=DIRECTION('ref_axis',(-0.964613970588233,-0.263666243091532,0.));
#11542=DIRECTION('',(0.,0.,1.));
#11543=DIRECTION('center_axis',(0.,0.,1.));
#11544=DIRECTION('ref_axis',(-0.964613970588233,-0.263666243091532,0.));
#11545=DIRECTION('',(0.,0.,1.));
#11546=DIRECTION('center_axis',(0.,0.,-1.));
#11547=DIRECTION('ref_axis',(-0.707106781186589,0.707106781186506,0.));
#11548=DIRECTION('',(0.,0.,-1.));
#11549=DIRECTION('center_axis',(0.,0.,-1.));
#11550=DIRECTION('ref_axis',(-0.707106781186589,-0.707106781186506,0.));
#11551=DIRECTION('center_axis',(0.,0.,-1.));
#11552=DIRECTION('ref_axis',(-0.964613970588233,0.263666243091532,0.));
#11553=DIRECTION('',(0.,0.,-1.));
#11554=DIRECTION('center_axis',(0.,0.,1.));
#11555=DIRECTION('ref_axis',(-0.964613970588233,0.263666243091532,0.));
#11556=DIRECTION('center_axis',(0.,0.,1.));
#11557=DIRECTION('ref_axis',(-0.263666243091528,0.964613970588234,0.));
#11558=DIRECTION('',(0.,0.,1.));
#11559=DIRECTION('center_axis',(0.,0.,1.));
#11560=DIRECTION('ref_axis',(-0.263666243091528,0.964613970588234,0.));
#11561=DIRECTION('',(0.,0.,1.));
#11562=DIRECTION('center_axis',(0.,0.,-1.));
#11563=DIRECTION('ref_axis',(0.707106781186589,0.707106781186506,0.));
#11564=DIRECTION('',(0.,0.,-1.));
#11565=DIRECTION('center_axis',(0.,0.,-1.));
#11566=DIRECTION('ref_axis',(0.707106781186589,0.707106781186506,0.));
#11567=DIRECTION('center_axis',(0.,0.,-1.));
#11568=DIRECTION('ref_axis',(0.263666243091528,0.964613970588234,0.));
#11569=DIRECTION('',(0.,0.,-1.));
#11570=DIRECTION('center_axis',(0.,0.,1.));
#11571=DIRECTION('ref_axis',(0.263666243091528,0.964613970588234,0.));
#11572=DIRECTION('center_axis',(0.,0.,-1.));
#11573=DIRECTION('ref_axis',(-1.,0.,0.));
#11574=DIRECTION('center_axis',(0.,0.,-1.));
#11575=DIRECTION('ref_axis',(-1.,0.,0.));
#11576=DIRECTION('center_axis',(0.,0.,-1.));
#11577=DIRECTION('ref_axis',(-1.,0.,0.));
#11578=DIRECTION('center_axis',(0.,0.,-1.));
#11579=DIRECTION('ref_axis',(-1.,0.,0.));
#11580=DIRECTION('center_axis',(0.,0.,-1.));
#11581=DIRECTION('ref_axis',(1.,0.,0.));
#11582=DIRECTION('center_axis',(0.,0.,-1.));
#11583=DIRECTION('ref_axis',(1.,0.,0.));
#11584=DIRECTION('center_axis',(0.,0.,-1.));
#11585=DIRECTION('ref_axis',(1.,0.,0.));
#11586=DIRECTION('center_axis',(0.,0.,-1.));
#11587=DIRECTION('ref_axis',(1.,0.,0.));
#11588=DIRECTION('center_axis',(0.,0.,-1.));
#11589=DIRECTION('ref_axis',(-0.707106781186589,0.707106781186506,2.52336288002764E-15));
#11590=DIRECTION('',(0.0626084129175698,-0.70432960084892,0.707106781186508));
#11591=DIRECTION('center_axis',(4.75809867696496E-15,-4.17386722339188E-30,
1.));
#11592=DIRECTION('ref_axis',(-0.707106781186589,0.707106781186506,0.));
#11593=DIRECTION('',(-0.0626084129175698,-0.70432960084892,-0.707106781186508));
#11594=DIRECTION('center_axis',(0.,0.,-1.));
#11595=DIRECTION('ref_axis',(-1.,-1.08907879331813E-44,2.60927991962594E-15));
#11596=DIRECTION('',(-0.682085079830252,0.186440188460012,-0.707106781186514));
#11597=DIRECTION('',(0.18644018846001,-0.682085079830257,0.707106781186511));
#11598=DIRECTION('center_axis',(0.,0.,1.));
#11599=DIRECTION('ref_axis',(1.,0.,0.));
#11600=DIRECTION('center_axis',(0.,0.,-1.));
#11601=DIRECTION('ref_axis',(0.707106781186589,0.707106781186506,-2.52336288002765E-15));
#11602=DIRECTION('',(-0.704329600848919,-0.062608412917545,0.707106781186511));
#11603=DIRECTION('center_axis',(4.75809867696496E-15,-4.17386722339188E-30,
1.));
#11604=DIRECTION('ref_axis',(0.707106781186589,0.707106781186506,0.));
#11605=DIRECTION('',(-0.704329600848921,0.0626084129175452,-0.707106781186509));
#11606=DIRECTION('center_axis',(0.,0.,-1.));
#11607=DIRECTION('ref_axis',(1.,1.08907879331813E-44,-2.60927991962595E-15));
#11608=DIRECTION('',(0.186440188460007,0.682085079830244,-0.707106781186524));
#11609=DIRECTION('',(-0.682085079830243,-0.186440188460006,0.707106781186525));
#11610=DIRECTION('center_axis',(0.,0.,1.));
#11611=DIRECTION('ref_axis',(1.,0.,0.));
#11612=DIRECTION('center_axis',(0.,0.,-1.));
#11613=DIRECTION('ref_axis',(0.707106781186589,0.707106781186506,-2.52336288002766E-15));
#11614=DIRECTION('',(-0.0626084129175433,0.704329600848901,0.70710678118653));
#11615=DIRECTION('center_axis',(4.75809867696496E-15,-4.17386722339188E-30,
1.));
#11616=DIRECTION('ref_axis',(0.707106781186589,0.707106781186506,0.));
#11617=DIRECTION('',(0.0626084129175433,0.704329600848901,-0.70710678118653));
#11618=DIRECTION('center_axis',(0.,0.,-1.));
#11619=DIRECTION('ref_axis',(1.,1.08907879331813E-44,-2.60927991962595E-15));
#11620=DIRECTION('',(0.682085079830243,-0.186440188460006,-0.707106781186525));
#11621=DIRECTION('',(-0.186440188460007,0.682085079830244,0.707106781186524));
#11622=DIRECTION('center_axis',(0.,0.,1.));
#11623=DIRECTION('ref_axis',(1.,0.,0.));
#11624=DIRECTION('center_axis',(0.,0.,-1.));
#11625=DIRECTION('ref_axis',(0.707106781186548,-0.707106781186548,-2.52336288002749E-15));
#11626=DIRECTION('',(0.7043296008489,0.0626084129175575,0.707106781186529));
#11627=DIRECTION('center_axis',(4.75809867696496E-15,-4.17386722339188E-30,
1.));
#11628=DIRECTION('ref_axis',(0.707106781186547,-0.707106781186547,0.));
#11629=DIRECTION('',(0.704329600848897,-0.0626084129175572,-0.707106781186532));
#11630=DIRECTION('center_axis',(0.,0.,-1.));
#11631=DIRECTION('ref_axis',(-1.,-1.08907879331813E-44,2.60927991962594E-15));
#11632=DIRECTION('',(-0.186440188460013,-0.682085079830246,-0.707106781186521));
#11633=DIRECTION('',(0.682085079830247,0.186440188460013,0.70710678118652));
#11634=DIRECTION('center_axis',(0.,0.,1.));
#11635=DIRECTION('ref_axis',(1.,0.,0.));
#11636=DIRECTION('center_axis',(0.,0.,1.));
#11637=DIRECTION('ref_axis',(-0.263666243091532,-0.964613970588233,0.));
#11638=DIRECTION('center_axis',(0.,0.,-1.));
#11639=DIRECTION('ref_axis',(-0.263666243091532,-0.964613970588233,0.));
#11640=DIRECTION('center_axis',(0.,0.,1.));
#11641=DIRECTION('ref_axis',(0.263666243091532,-0.964613970588233,0.));
#11642=DIRECTION('center_axis',(0.,0.,-1.));
#11643=DIRECTION('ref_axis',(0.263666243091532,-0.964613970588233,0.));
#11644=DIRECTION('center_axis',(0.,0.,1.));
#11645=DIRECTION('ref_axis',(0.964613970588234,-0.263666243091528,0.));
#11646=DIRECTION('center_axis',(0.,0.,-1.));
#11647=DIRECTION('ref_axis',(0.964613970588234,-0.263666243091528,0.));
#11648=DIRECTION('center_axis',(0.,0.,1.));
#11649=DIRECTION('ref_axis',(0.964613970588234,0.263666243091528,0.));
#11650=DIRECTION('center_axis',(0.,0.,-1.));
#11651=DIRECTION('ref_axis',(0.964613970588234,0.263666243091528,0.));
#11652=DIRECTION('center_axis',(0.,0.,1.));
#11653=DIRECTION('ref_axis',(0.263666243091528,0.964613970588234,0.));
#11654=DIRECTION('center_axis',(0.,0.,-1.));
#11655=DIRECTION('ref_axis',(0.263666243091528,0.964613970588234,0.));
#11656=DIRECTION('center_axis',(0.,0.,1.));
#11657=DIRECTION('ref_axis',(-0.263666243091528,0.964613970588234,0.));
#11658=DIRECTION('center_axis',(0.,0.,-1.));
#11659=DIRECTION('ref_axis',(-0.263666243091528,0.964613970588234,0.));
#11660=DIRECTION('center_axis',(0.,0.,1.));
#11661=DIRECTION('ref_axis',(-0.964613970588233,0.263666243091532,0.));
#11662=DIRECTION('center_axis',(0.,0.,-1.));
#11663=DIRECTION('ref_axis',(-0.964613970588233,0.263666243091532,0.));
#11664=DIRECTION('center_axis',(0.,0.,1.));
#11665=DIRECTION('ref_axis',(-0.964613970588233,-0.263666243091532,0.));
#11666=DIRECTION('center_axis',(0.,0.,-1.));
#11667=DIRECTION('ref_axis',(-0.964613970588233,-0.263666243091532,0.));
#11668=DIRECTION('center_axis',(0.,0.,1.));
#11669=DIRECTION('ref_axis',(0.964613970588234,0.263666243091528,0.));
#11670=DIRECTION('',(0.,0.,1.));
#11671=DIRECTION('center_axis',(0.,0.,1.));
#11672=DIRECTION('ref_axis',(0.964613970588234,0.263666243091528,0.));
#11673=DIRECTION('',(0.,0.,1.));
#11674=DIRECTION('center_axis',(0.,0.,-1.));
#11675=DIRECTION('ref_axis',(0.707106781186589,0.707106781186506,0.));
#11676=DIRECTION('',(0.,0.,-1.));
#11677=DIRECTION('center_axis',(0.,0.,-1.));
#11678=DIRECTION('ref_axis',(0.707106781186589,-0.707106781186506,0.));
#11679=DIRECTION('center_axis',(0.,0.,-1.));
#11680=DIRECTION('ref_axis',(0.964613970588234,-0.263666243091528,0.));
#11681=DIRECTION('',(0.,0.,-1.));
#11682=DIRECTION('center_axis',(0.,0.,1.));
#11683=DIRECTION('ref_axis',(0.964613970588234,-0.263666243091528,0.));
#11684=DIRECTION('center_axis',(0.,0.,1.));
#11685=DIRECTION('ref_axis',(0.263666243091532,-0.964613970588233,0.));
#11686=DIRECTION('',(0.,0.,1.));
#11687=DIRECTION('center_axis',(0.,0.,1.));
#11688=DIRECTION('ref_axis',(0.263666243091532,-0.964613970588233,0.));
#11689=DIRECTION('',(0.,0.,1.));
#11690=DIRECTION('center_axis',(0.,0.,-1.));
#11691=DIRECTION('ref_axis',(0.707106781186547,-0.707106781186547,0.));
#11692=DIRECTION('',(0.,0.,-1.));
#11693=DIRECTION('center_axis',(0.,0.,-1.));
#11694=DIRECTION('ref_axis',(0.707106781186547,-0.707106781186547,0.));
#11695=DIRECTION('center_axis',(0.,0.,-1.));
#11696=DIRECTION('ref_axis',(-0.263666243091532,-0.964613970588233,0.));
#11697=DIRECTION('',(0.,0.,-1.));
#11698=DIRECTION('center_axis',(0.,0.,1.));
#11699=DIRECTION('ref_axis',(-0.263666243091532,-0.964613970588233,0.));
#11700=DIRECTION('center_axis',(0.,0.,1.));
#11701=DIRECTION('ref_axis',(1.,0.,0.));
#11702=DIRECTION('',(0.70710678118655,8.65956056235496E-17,-0.707106781186545));
#11703=DIRECTION('center_axis',(0.,0.,1.));
#11704=DIRECTION('ref_axis',(1.,0.,0.));
#11705=DIRECTION('center_axis',(0.,0.,-1.));
#11706=DIRECTION('ref_axis',(1.,0.,0.));
#11707=DIRECTION('center_axis',(0.,0.,1.));
#11708=DIRECTION('ref_axis',(1.,0.,0.));
#11709=DIRECTION('center_axis',(0.,0.,-1.));
#11710=DIRECTION('ref_axis',(1.,0.,0.));
#11711=DIRECTION('center_axis',(0.,0.,1.));
#11712=DIRECTION('ref_axis',(1.,0.,0.));
#11713=DIRECTION('center_axis',(0.,0.,-1.));
#11714=DIRECTION('ref_axis',(1.,0.,0.));
#11715=DIRECTION('center_axis',(0.,0.,1.));
#11716=DIRECTION('ref_axis',(1.,0.,0.));
#11717=DIRECTION('center_axis',(0.,0.,-1.));
#11718=DIRECTION('ref_axis',(1.,0.,0.));
#11719=DIRECTION('center_axis',(0.,0.,1.));
#11720=DIRECTION('ref_axis',(1.,0.,0.));
#11721=DIRECTION('center_axis',(0.,0.,1.));
#11722=DIRECTION('ref_axis',(-0.964613970588233,-0.263666243091532,0.));
#11723=DIRECTION('',(0.,0.,1.));
#11724=DIRECTION('center_axis',(0.,0.,1.));
#11725=DIRECTION('ref_axis',(-0.964613970588233,-0.263666243091532,0.));
#11726=DIRECTION('',(0.,0.,1.));
#11727=DIRECTION('center_axis',(0.,0.,-1.));
#11728=DIRECTION('ref_axis',(-0.707106781186589,0.707106781186506,0.));
#11729=DIRECTION('',(0.,0.,-1.));
#11730=DIRECTION('center_axis',(0.,0.,-1.));
#11731=DIRECTION('ref_axis',(-0.707106781186589,-0.707106781186506,0.));
#11732=DIRECTION('center_axis',(0.,0.,-1.));
#11733=DIRECTION('ref_axis',(-0.964613970588233,0.263666243091532,0.));
#11734=DIRECTION('',(0.,0.,-1.));
#11735=DIRECTION('center_axis',(0.,0.,1.));
#11736=DIRECTION('ref_axis',(-0.964613970588233,0.263666243091532,0.));
#11737=DIRECTION('center_axis',(0.,0.,1.));
#11738=DIRECTION('ref_axis',(-0.263666243091528,0.964613970588234,0.));
#11739=DIRECTION('',(0.,0.,1.));
#11740=DIRECTION('center_axis',(0.,0.,1.));
#11741=DIRECTION('ref_axis',(-0.263666243091528,0.964613970588234,0.));
#11742=DIRECTION('',(0.,0.,1.));
#11743=DIRECTION('center_axis',(0.,0.,-1.));
#11744=DIRECTION('ref_axis',(0.707106781186589,0.707106781186506,0.));
#11745=DIRECTION('',(0.,0.,-1.));
#11746=DIRECTION('center_axis',(0.,0.,-1.));
#11747=DIRECTION('ref_axis',(0.707106781186589,0.707106781186506,0.));
#11748=DIRECTION('center_axis',(0.,0.,-1.));
#11749=DIRECTION('ref_axis',(0.263666243091528,0.964613970588234,0.));
#11750=DIRECTION('',(0.,0.,-1.));
#11751=DIRECTION('center_axis',(0.,0.,1.));
#11752=DIRECTION('ref_axis',(0.263666243091528,0.964613970588234,0.));
#11753=DIRECTION('center_axis',(0.,0.,-1.));
#11754=DIRECTION('ref_axis',(-1.,0.,0.));
#11755=DIRECTION('center_axis',(0.,0.,-1.));
#11756=DIRECTION('ref_axis',(-1.,0.,0.));
#11757=DIRECTION('center_axis',(0.,0.,-1.));
#11758=DIRECTION('ref_axis',(-1.,0.,0.));
#11759=DIRECTION('center_axis',(0.,0.,-1.));
#11760=DIRECTION('ref_axis',(-1.,0.,0.));
#11761=DIRECTION('center_axis',(0.,0.,-1.));
#11762=DIRECTION('ref_axis',(1.,0.,0.));
#11763=DIRECTION('center_axis',(0.,0.,-1.));
#11764=DIRECTION('ref_axis',(1.,0.,0.));
#11765=DIRECTION('center_axis',(0.,0.,-1.));
#11766=DIRECTION('ref_axis',(1.,0.,0.));
#11767=DIRECTION('center_axis',(0.,0.,-1.));
#11768=DIRECTION('ref_axis',(1.,0.,0.));
#11769=DIRECTION('center_axis',(0.,0.,-1.));
#11770=DIRECTION('ref_axis',(-0.707106781186589,0.707106781186506,2.52336288002764E-15));
#11771=DIRECTION('',(0.0626084129175698,-0.70432960084892,0.707106781186508));
#11772=DIRECTION('center_axis',(4.75809867696496E-15,-4.17386722339188E-30,
1.));
#11773=DIRECTION('ref_axis',(-0.707106781186589,0.707106781186506,0.));
#11774=DIRECTION('',(-0.0626084129175698,-0.70432960084892,-0.707106781186508));
#11775=DIRECTION('center_axis',(0.,0.,-1.));
#11776=DIRECTION('ref_axis',(-1.,-1.08907879331813E-44,2.60927991962594E-15));
#11777=DIRECTION('',(-0.682085079830252,0.186440188460012,-0.707106781186514));
#11778=DIRECTION('',(0.18644018846001,-0.682085079830257,0.707106781186511));
#11779=DIRECTION('center_axis',(0.,0.,1.));
#11780=DIRECTION('ref_axis',(1.,0.,0.));
#11781=DIRECTION('center_axis',(0.,0.,-1.));
#11782=DIRECTION('ref_axis',(0.707106781186589,0.707106781186506,-2.52336288002765E-15));
#11783=DIRECTION('',(-0.704329600848919,-0.062608412917545,0.707106781186511));
#11784=DIRECTION('center_axis',(4.75809867696496E-15,-4.17386722339188E-30,
1.));
#11785=DIRECTION('ref_axis',(0.707106781186589,0.707106781186506,0.));
#11786=DIRECTION('',(-0.704329600848921,0.0626084129175452,-0.707106781186509));
#11787=DIRECTION('center_axis',(0.,0.,-1.));
#11788=DIRECTION('ref_axis',(1.,1.08907879331813E-44,-2.60927991962595E-15));
#11789=DIRECTION('',(0.186440188460007,0.682085079830244,-0.707106781186524));
#11790=DIRECTION('',(-0.682085079830243,-0.186440188460006,0.707106781186525));
#11791=DIRECTION('center_axis',(0.,0.,1.));
#11792=DIRECTION('ref_axis',(1.,0.,0.));
#11793=DIRECTION('center_axis',(0.,0.,-1.));
#11794=DIRECTION('ref_axis',(0.707106781186589,0.707106781186506,-2.52336288002766E-15));
#11795=DIRECTION('',(-0.0626084129175433,0.704329600848901,0.70710678118653));
#11796=DIRECTION('center_axis',(4.75809867696496E-15,-4.17386722339188E-30,
1.));
#11797=DIRECTION('ref_axis',(0.707106781186589,0.707106781186506,0.));
#11798=DIRECTION('',(0.0626084129175433,0.704329600848901,-0.70710678118653));
#11799=DIRECTION('center_axis',(0.,0.,-1.));
#11800=DIRECTION('ref_axis',(1.,1.08907879331813E-44,-2.60927991962595E-15));
#11801=DIRECTION('',(0.682085079830243,-0.186440188460006,-0.707106781186525));
#11802=DIRECTION('',(-0.186440188460007,0.682085079830244,0.707106781186524));
#11803=DIRECTION('center_axis',(0.,0.,1.));
#11804=DIRECTION('ref_axis',(1.,0.,0.));
#11805=DIRECTION('center_axis',(0.,0.,-1.));
#11806=DIRECTION('ref_axis',(0.707106781186548,-0.707106781186548,-2.52336288002749E-15));
#11807=DIRECTION('',(0.7043296008489,0.0626084129175575,0.707106781186529));
#11808=DIRECTION('center_axis',(4.75809867696496E-15,-4.17386722339188E-30,
1.));
#11809=DIRECTION('ref_axis',(0.707106781186547,-0.707106781186547,0.));
#11810=DIRECTION('',(0.704329600848897,-0.0626084129175572,-0.707106781186532));
#11811=DIRECTION('center_axis',(0.,0.,-1.));
#11812=DIRECTION('ref_axis',(-1.,-1.08907879331813E-44,2.60927991962594E-15));
#11813=DIRECTION('',(-0.186440188460013,-0.682085079830246,-0.707106781186521));
#11814=DIRECTION('',(0.682085079830247,0.186440188460013,0.70710678118652));
#11815=DIRECTION('center_axis',(0.,0.,1.));
#11816=DIRECTION('ref_axis',(1.,0.,0.));
#11817=DIRECTION('center_axis',(0.,0.,1.));
#11818=DIRECTION('ref_axis',(-0.263666243091532,-0.964613970588233,0.));
#11819=DIRECTION('center_axis',(0.,0.,-1.));
#11820=DIRECTION('ref_axis',(-0.263666243091532,-0.964613970588233,0.));
#11821=DIRECTION('center_axis',(0.,0.,1.));
#11822=DIRECTION('ref_axis',(0.263666243091532,-0.964613970588233,0.));
#11823=DIRECTION('center_axis',(0.,0.,-1.));
#11824=DIRECTION('ref_axis',(0.263666243091532,-0.964613970588233,0.));
#11825=DIRECTION('center_axis',(0.,0.,1.));
#11826=DIRECTION('ref_axis',(0.964613970588234,-0.263666243091528,0.));
#11827=DIRECTION('center_axis',(0.,0.,-1.));
#11828=DIRECTION('ref_axis',(0.964613970588234,-0.263666243091528,0.));
#11829=DIRECTION('center_axis',(0.,0.,1.));
#11830=DIRECTION('ref_axis',(0.964613970588234,0.263666243091528,0.));
#11831=DIRECTION('center_axis',(0.,0.,-1.));
#11832=DIRECTION('ref_axis',(0.964613970588234,0.263666243091528,0.));
#11833=DIRECTION('center_axis',(0.,0.,1.));
#11834=DIRECTION('ref_axis',(0.263666243091528,0.964613970588234,0.));
#11835=DIRECTION('center_axis',(0.,0.,-1.));
#11836=DIRECTION('ref_axis',(0.263666243091528,0.964613970588234,0.));
#11837=DIRECTION('center_axis',(0.,0.,1.));
#11838=DIRECTION('ref_axis',(-0.263666243091528,0.964613970588234,0.));
#11839=DIRECTION('center_axis',(0.,0.,-1.));
#11840=DIRECTION('ref_axis',(-0.263666243091528,0.964613970588234,0.));
#11841=DIRECTION('center_axis',(0.,0.,1.));
#11842=DIRECTION('ref_axis',(-0.964613970588233,0.263666243091532,0.));
#11843=DIRECTION('center_axis',(0.,0.,-1.));
#11844=DIRECTION('ref_axis',(-0.964613970588233,0.263666243091532,0.));
#11845=DIRECTION('center_axis',(0.,0.,1.));
#11846=DIRECTION('ref_axis',(-0.964613970588233,-0.263666243091532,0.));
#11847=DIRECTION('center_axis',(0.,0.,-1.));
#11848=DIRECTION('ref_axis',(-0.964613970588233,-0.263666243091532,0.));
#11849=DIRECTION('center_axis',(0.,0.,1.));
#11850=DIRECTION('ref_axis',(0.964613970588234,0.263666243091528,0.));
#11851=DIRECTION('',(0.,0.,1.));
#11852=DIRECTION('center_axis',(0.,0.,1.));
#11853=DIRECTION('ref_axis',(0.964613970588234,0.263666243091528,0.));
#11854=DIRECTION('',(0.,0.,1.));
#11855=DIRECTION('center_axis',(0.,0.,-1.));
#11856=DIRECTION('ref_axis',(0.707106781186589,0.707106781186506,0.));
#11857=DIRECTION('',(0.,0.,-1.));
#11858=DIRECTION('center_axis',(0.,0.,-1.));
#11859=DIRECTION('ref_axis',(0.707106781186589,-0.707106781186506,0.));
#11860=DIRECTION('center_axis',(0.,0.,-1.));
#11861=DIRECTION('ref_axis',(0.964613970588234,-0.263666243091528,0.));
#11862=DIRECTION('',(0.,0.,-1.));
#11863=DIRECTION('center_axis',(0.,0.,1.));
#11864=DIRECTION('ref_axis',(0.964613970588234,-0.263666243091528,0.));
#11865=DIRECTION('center_axis',(0.,0.,1.));
#11866=DIRECTION('ref_axis',(0.263666243091532,-0.964613970588233,0.));
#11867=DIRECTION('',(0.,0.,1.));
#11868=DIRECTION('center_axis',(0.,0.,1.));
#11869=DIRECTION('ref_axis',(0.263666243091532,-0.964613970588233,0.));
#11870=DIRECTION('',(0.,0.,1.));
#11871=DIRECTION('center_axis',(0.,0.,-1.));
#11872=DIRECTION('ref_axis',(0.707106781186547,-0.707106781186547,0.));
#11873=DIRECTION('',(0.,0.,-1.));
#11874=DIRECTION('center_axis',(0.,0.,-1.));
#11875=DIRECTION('ref_axis',(0.707106781186547,-0.707106781186547,0.));
#11876=DIRECTION('center_axis',(0.,0.,-1.));
#11877=DIRECTION('ref_axis',(-0.263666243091532,-0.964613970588233,0.));
#11878=DIRECTION('',(0.,0.,-1.));
#11879=DIRECTION('center_axis',(0.,0.,1.));
#11880=DIRECTION('ref_axis',(-0.263666243091532,-0.964613970588233,0.));
#11881=DIRECTION('center_axis',(0.,0.,1.));
#11882=DIRECTION('ref_axis',(1.,0.,0.));
#11883=DIRECTION('',(0.70710678118655,8.65956056235496E-17,-0.707106781186545));
#11884=DIRECTION('center_axis',(0.,0.,1.));
#11885=DIRECTION('ref_axis',(1.,0.,0.));
#11886=DIRECTION('center_axis',(0.,0.,-1.));
#11887=DIRECTION('ref_axis',(1.,0.,0.));
#11888=DIRECTION('center_axis',(0.,0.,1.));
#11889=DIRECTION('ref_axis',(1.,0.,0.));
#11890=DIRECTION('center_axis',(0.,0.,-1.));
#11891=DIRECTION('ref_axis',(1.,0.,0.));
#11892=DIRECTION('center_axis',(0.,0.,1.));
#11893=DIRECTION('ref_axis',(1.,0.,0.));
#11894=DIRECTION('center_axis',(0.,0.,-1.));
#11895=DIRECTION('ref_axis',(1.,0.,0.));
#11896=DIRECTION('center_axis',(0.,0.,1.));
#11897=DIRECTION('ref_axis',(1.,0.,0.));
#11898=DIRECTION('center_axis',(0.,0.,-1.));
#11899=DIRECTION('ref_axis',(1.,0.,0.));
#11900=DIRECTION('center_axis',(0.,0.,1.));
#11901=DIRECTION('ref_axis',(1.,0.,0.));
#11902=DIRECTION('center_axis',(0.,0.,1.));
#11903=DIRECTION('ref_axis',(-0.964613970588233,-0.263666243091532,0.));
#11904=DIRECTION('',(0.,0.,1.));
#11905=DIRECTION('center_axis',(0.,0.,1.));
#11906=DIRECTION('ref_axis',(-0.964613970588233,-0.263666243091532,0.));
#11907=DIRECTION('',(0.,0.,1.));
#11908=DIRECTION('center_axis',(0.,0.,-1.));
#11909=DIRECTION('ref_axis',(-0.707106781186589,0.707106781186506,0.));
#11910=DIRECTION('',(0.,0.,-1.));
#11911=DIRECTION('center_axis',(0.,0.,-1.));
#11912=DIRECTION('ref_axis',(-0.707106781186589,-0.707106781186506,0.));
#11913=DIRECTION('center_axis',(0.,0.,-1.));
#11914=DIRECTION('ref_axis',(-0.964613970588233,0.263666243091532,0.));
#11915=DIRECTION('',(0.,0.,-1.));
#11916=DIRECTION('center_axis',(0.,0.,1.));
#11917=DIRECTION('ref_axis',(-0.964613970588233,0.263666243091532,0.));
#11918=DIRECTION('center_axis',(0.,0.,1.));
#11919=DIRECTION('ref_axis',(-0.263666243091528,0.964613970588234,0.));
#11920=DIRECTION('',(0.,0.,1.));
#11921=DIRECTION('center_axis',(0.,0.,1.));
#11922=DIRECTION('ref_axis',(-0.263666243091528,0.964613970588234,0.));
#11923=DIRECTION('',(0.,0.,1.));
#11924=DIRECTION('center_axis',(0.,0.,-1.));
#11925=DIRECTION('ref_axis',(0.707106781186589,0.707106781186506,0.));
#11926=DIRECTION('',(0.,0.,-1.));
#11927=DIRECTION('center_axis',(0.,0.,-1.));
#11928=DIRECTION('ref_axis',(0.707106781186589,0.707106781186506,0.));
#11929=DIRECTION('center_axis',(0.,0.,-1.));
#11930=DIRECTION('ref_axis',(0.263666243091528,0.964613970588234,0.));
#11931=DIRECTION('',(0.,0.,-1.));
#11932=DIRECTION('center_axis',(0.,0.,1.));
#11933=DIRECTION('ref_axis',(0.263666243091528,0.964613970588234,0.));
#11934=DIRECTION('center_axis',(0.,0.,-1.));
#11935=DIRECTION('ref_axis',(-1.,0.,0.));
#11936=DIRECTION('center_axis',(0.,0.,-1.));
#11937=DIRECTION('ref_axis',(-1.,0.,0.));
#11938=DIRECTION('center_axis',(0.,0.,-1.));
#11939=DIRECTION('ref_axis',(-1.,0.,0.));
#11940=DIRECTION('center_axis',(0.,0.,-1.));
#11941=DIRECTION('ref_axis',(-1.,0.,0.));
#11942=DIRECTION('center_axis',(0.,0.,-1.));
#11943=DIRECTION('ref_axis',(1.,0.,0.));
#11944=DIRECTION('center_axis',(0.,0.,-1.));
#11945=DIRECTION('ref_axis',(1.,0.,0.));
#11946=DIRECTION('center_axis',(0.,0.,-1.));
#11947=DIRECTION('ref_axis',(1.,0.,0.));
#11948=DIRECTION('center_axis',(0.,0.,-1.));
#11949=DIRECTION('ref_axis',(1.,0.,0.));
#11950=DIRECTION('center_axis',(0.,0.,-1.));
#11951=DIRECTION('ref_axis',(-0.707106781186589,0.707106781186506,2.52336288002764E-15));
#11952=DIRECTION('',(0.0626084129175698,-0.70432960084892,0.707106781186508));
#11953=DIRECTION('center_axis',(4.75809867696496E-15,-4.17386722339188E-30,
1.));
#11954=DIRECTION('ref_axis',(-0.707106781186589,0.707106781186506,0.));
#11955=DIRECTION('',(-0.0626084129175698,-0.70432960084892,-0.707106781186508));
#11956=DIRECTION('center_axis',(0.,0.,-1.));
#11957=DIRECTION('ref_axis',(-1.,-1.08907879331813E-44,2.60927991962594E-15));
#11958=DIRECTION('',(-0.682085079830252,0.186440188460012,-0.707106781186514));
#11959=DIRECTION('',(0.18644018846001,-0.682085079830257,0.707106781186511));
#11960=DIRECTION('center_axis',(4.75809867696496E-15,-4.17386722339188E-30,
1.));
#11961=DIRECTION('ref_axis',(-1.,0.,0.));
#11962=DIRECTION('center_axis',(0.,0.,-1.));
#11963=DIRECTION('ref_axis',(0.707106781186589,0.707106781186506,-2.52336288002765E-15));
#11964=DIRECTION('',(-0.704329600848919,-0.062608412917545,0.707106781186511));
#11965=DIRECTION('center_axis',(4.75809867696496E-15,-4.17386722339188E-30,
1.));
#11966=DIRECTION('ref_axis',(0.707106781186589,0.707106781186506,0.));
#11967=DIRECTION('',(-0.704329600848921,0.0626084129175452,-0.707106781186509));
#11968=DIRECTION('center_axis',(0.,0.,-1.));
#11969=DIRECTION('ref_axis',(1.,1.08907879331813E-44,-2.60927991962595E-15));
#11970=DIRECTION('',(0.186440188460007,0.682085079830244,-0.707106781186524));
#11971=DIRECTION('',(-0.682085079830243,-0.186440188460006,0.707106781186525));
#11972=DIRECTION('center_axis',(4.75809867696496E-15,-4.17386722339188E-30,
1.));
#11973=DIRECTION('ref_axis',(1.,0.,0.));
#11974=DIRECTION('center_axis',(0.,0.,-1.));
#11975=DIRECTION('ref_axis',(0.707106781186589,0.707106781186506,-2.52336288002766E-15));
#11976=DIRECTION('',(-0.0626084129175433,0.704329600848901,0.70710678118653));
#11977=DIRECTION('center_axis',(4.75809867696496E-15,-4.17386722339188E-30,
1.));
#11978=DIRECTION('ref_axis',(0.707106781186589,0.707106781186506,0.));
#11979=DIRECTION('',(0.0626084129175433,0.704329600848901,-0.70710678118653));
#11980=DIRECTION('center_axis',(0.,0.,-1.));
#11981=DIRECTION('ref_axis',(1.,1.08907879331813E-44,-2.60927991962595E-15));
#11982=DIRECTION('',(0.682085079830243,-0.186440188460006,-0.707106781186525));
#11983=DIRECTION('',(-0.186440188460007,0.682085079830244,0.707106781186524));
#11984=DIRECTION('center_axis',(4.75809867696496E-15,-4.17386722339188E-30,
1.));
#11985=DIRECTION('ref_axis',(1.,0.,0.));
#11986=DIRECTION('center_axis',(0.,0.,-1.));
#11987=DIRECTION('ref_axis',(0.707106781186548,-0.707106781186548,-2.52336288002749E-15));
#11988=DIRECTION('',(0.7043296008489,0.0626084129175575,0.707106781186529));
#11989=DIRECTION('center_axis',(4.75809867696496E-15,-4.17386722339188E-30,
1.));
#11990=DIRECTION('ref_axis',(0.707106781186547,-0.707106781186547,0.));
#11991=DIRECTION('',(0.704329600848897,-0.0626084129175572,-0.707106781186532));
#11992=DIRECTION('center_axis',(0.,0.,-1.));
#11993=DIRECTION('ref_axis',(-1.,-1.08907879331813E-44,2.60927991962594E-15));
#11994=DIRECTION('',(-0.186440188460013,-0.682085079830246,-0.707106781186521));
#11995=DIRECTION('',(0.682085079830247,0.186440188460013,0.70710678118652));
#11996=DIRECTION('center_axis',(4.75809867696496E-15,-4.17386722339188E-30,
1.));
#11997=DIRECTION('ref_axis',(-1.,0.,0.));
#11998=DIRECTION('center_axis',(0.,0.,1.));
#11999=DIRECTION('ref_axis',(-0.263666243091532,-0.964613970588233,0.));
#12000=DIRECTION('center_axis',(0.,0.,-1.));
#12001=DIRECTION('ref_axis',(-0.263666243091532,-0.964613970588233,0.));
#12002=DIRECTION('center_axis',(0.,0.,1.));
#12003=DIRECTION('ref_axis',(0.263666243091532,-0.964613970588233,0.));
#12004=DIRECTION('center_axis',(0.,0.,-1.));
#12005=DIRECTION('ref_axis',(0.263666243091532,-0.964613970588233,0.));
#12006=DIRECTION('center_axis',(0.,0.,1.));
#12007=DIRECTION('ref_axis',(0.964613970588234,-0.263666243091528,0.));
#12008=DIRECTION('center_axis',(0.,0.,-1.));
#12009=DIRECTION('ref_axis',(0.964613970588234,-0.263666243091528,0.));
#12010=DIRECTION('center_axis',(0.,0.,1.));
#12011=DIRECTION('ref_axis',(0.964613970588234,0.263666243091528,0.));
#12012=DIRECTION('center_axis',(0.,0.,-1.));
#12013=DIRECTION('ref_axis',(0.964613970588234,0.263666243091528,0.));
#12014=DIRECTION('center_axis',(0.,0.,1.));
#12015=DIRECTION('ref_axis',(0.263666243091528,0.964613970588234,0.));
#12016=DIRECTION('center_axis',(0.,0.,-1.));
#12017=DIRECTION('ref_axis',(0.263666243091528,0.964613970588234,0.));
#12018=DIRECTION('center_axis',(0.,0.,1.));
#12019=DIRECTION('ref_axis',(-0.263666243091528,0.964613970588234,0.));
#12020=DIRECTION('center_axis',(0.,0.,-1.));
#12021=DIRECTION('ref_axis',(-0.263666243091528,0.964613970588234,0.));
#12022=DIRECTION('center_axis',(0.,0.,1.));
#12023=DIRECTION('ref_axis',(-0.964613970588233,0.263666243091532,0.));
#12024=DIRECTION('center_axis',(0.,0.,-1.));
#12025=DIRECTION('ref_axis',(-0.964613970588233,0.263666243091532,0.));
#12026=DIRECTION('center_axis',(0.,0.,1.));
#12027=DIRECTION('ref_axis',(-0.964613970588233,-0.263666243091532,0.));
#12028=DIRECTION('center_axis',(0.,0.,-1.));
#12029=DIRECTION('ref_axis',(-0.964613970588233,-0.263666243091532,0.));
#12030=DIRECTION('center_axis',(0.,0.,1.));
#12031=DIRECTION('ref_axis',(0.964613970588234,0.263666243091528,0.));
#12032=DIRECTION('',(0.,0.,1.));
#12033=DIRECTION('center_axis',(0.,0.,1.));
#12034=DIRECTION('ref_axis',(0.964613970588234,0.263666243091528,0.));
#12035=DIRECTION('',(0.,0.,-1.));
#12036=DIRECTION('center_axis',(0.,0.,-1.));
#12037=DIRECTION('ref_axis',(0.707106781186589,0.707106781186506,0.));
#12038=DIRECTION('',(0.,0.,-1.));
#12039=DIRECTION('center_axis',(0.,0.,-1.));
#12040=DIRECTION('ref_axis',(0.707106781186589,-0.707106781186506,0.));
#12041=DIRECTION('center_axis',(0.,0.,-1.));
#12042=DIRECTION('ref_axis',(0.964613970588234,-0.263666243091528,0.));
#12043=DIRECTION('',(0.,0.,1.));
#12044=DIRECTION('center_axis',(0.,0.,1.));
#12045=DIRECTION('ref_axis',(0.964613970588234,-0.263666243091528,0.));
#12046=DIRECTION('center_axis',(0.,0.,-1.));
#12047=DIRECTION('ref_axis',(1.,0.,0.));
#12048=DIRECTION('',(0.,0.,-1.));
#12049=DIRECTION('center_axis',(0.,0.,-1.));
#12050=DIRECTION('ref_axis',(1.,0.,0.));
#12051=DIRECTION('center_axis',(0.,0.,1.));
#12052=DIRECTION('ref_axis',(0.263666243091532,-0.964613970588233,0.));
#12053=DIRECTION('',(0.,0.,1.));
#12054=DIRECTION('center_axis',(0.,0.,1.));
#12055=DIRECTION('ref_axis',(0.263666243091532,-0.964613970588233,0.));
#12056=DIRECTION('center_axis',(0.,0.,-1.));
#12057=DIRECTION('ref_axis',(0.707106781186547,-0.707106781186547,0.));
#12058=DIRECTION('',(0.,0.,-1.));
#12059=DIRECTION('center_axis',(0.,0.,-1.));
#12060=DIRECTION('ref_axis',(0.707106781186547,-0.707106781186547,0.));
#12061=DIRECTION('center_axis',(0.,0.,-1.));
#12062=DIRECTION('ref_axis',(-0.263666243091532,-0.964613970588233,0.));
#12063=DIRECTION('',(0.,0.,1.));
#12064=DIRECTION('center_axis',(0.,0.,1.));
#12065=DIRECTION('ref_axis',(-0.263666243091532,-0.964613970588233,0.));
#12066=DIRECTION('center_axis',(0.,0.,-1.));
#12067=DIRECTION('ref_axis',(1.,0.,0.));
#12068=DIRECTION('',(0.,0.,-1.));
#12069=DIRECTION('center_axis',(0.,0.,-1.));
#12070=DIRECTION('ref_axis',(1.,0.,0.));
#12071=DIRECTION('center_axis',(0.,0.,1.));
#12072=DIRECTION('ref_axis',(1.,0.,0.));
#12073=DIRECTION('',(0.70710678118655,8.65956056235496E-17,-0.707106781186545));
#12074=DIRECTION('center_axis',(0.,0.,1.));
#12075=DIRECTION('ref_axis',(1.,0.,0.));
#12076=DIRECTION('center_axis',(0.,0.,-1.));
#12077=DIRECTION('ref_axis',(1.,0.,0.));
#12078=DIRECTION('center_axis',(0.,0.,1.));
#12079=DIRECTION('ref_axis',(1.,0.,0.));
#12080=DIRECTION('center_axis',(0.,0.,-1.));
#12081=DIRECTION('ref_axis',(1.,0.,0.));
#12082=DIRECTION('center_axis',(0.,0.,1.));
#12083=DIRECTION('ref_axis',(1.,0.,0.));
#12084=DIRECTION('center_axis',(0.,0.,1.));
#12085=DIRECTION('ref_axis',(1.,0.,0.));
#12086=DIRECTION('center_axis',(0.,0.,1.));
#12087=DIRECTION('ref_axis',(1.,0.,0.));
#12088=DIRECTION('center_axis',(0.,0.,1.));
#12089=DIRECTION('ref_axis',(-0.964613970588233,-0.263666243091532,0.));
#12090=DIRECTION('',(0.,0.,1.));
#12091=DIRECTION('center_axis',(0.,0.,1.));
#12092=DIRECTION('ref_axis',(-0.964613970588233,-0.263666243091532,0.));
#12093=DIRECTION('center_axis',(0.,0.,-1.));
#12094=DIRECTION('ref_axis',(-0.707106781186589,0.707106781186506,0.));
#12095=DIRECTION('',(0.,0.,-1.));
#12096=DIRECTION('center_axis',(0.,0.,-1.));
#12097=DIRECTION('ref_axis',(-0.707106781186589,-0.707106781186506,0.));
#12098=DIRECTION('center_axis',(0.,0.,-1.));
#12099=DIRECTION('ref_axis',(-0.964613970588233,0.263666243091532,0.));
#12100=DIRECTION('',(0.,0.,1.));
#12101=DIRECTION('center_axis',(0.,0.,1.));
#12102=DIRECTION('ref_axis',(-0.964613970588233,0.263666243091532,0.));
#12103=DIRECTION('center_axis',(0.,0.,-1.));
#12104=DIRECTION('ref_axis',(1.,0.,0.));
#12105=DIRECTION('',(0.,0.,-1.));
#12106=DIRECTION('center_axis',(0.,0.,1.));
#12107=DIRECTION('ref_axis',(-0.263666243091528,0.964613970588234,0.));
#12108=DIRECTION('',(0.,0.,1.));
#12109=DIRECTION('center_axis',(0.,0.,1.));
#12110=DIRECTION('ref_axis',(-0.263666243091528,0.964613970588234,0.));
#12111=DIRECTION('center_axis',(0.,0.,-1.));
#12112=DIRECTION('ref_axis',(0.707106781186589,0.707106781186506,0.));
#12113=DIRECTION('',(0.,0.,-1.));
#12114=DIRECTION('center_axis',(0.,0.,-1.));
#12115=DIRECTION('ref_axis',(0.707106781186589,0.707106781186506,0.));
#12116=DIRECTION('center_axis',(0.,0.,-1.));
#12117=DIRECTION('ref_axis',(0.263666243091528,0.964613970588234,0.));
#12118=DIRECTION('',(0.,0.,1.));
#12119=DIRECTION('center_axis',(0.,0.,1.));
#12120=DIRECTION('ref_axis',(0.263666243091528,0.964613970588234,0.));
#12121=DIRECTION('center_axis',(0.,0.,-1.));
#12122=DIRECTION('ref_axis',(1.,0.,0.));
#12123=DIRECTION('center_axis',(0.,0.,-1.));
#12124=DIRECTION('ref_axis',(-1.,0.,0.));
#12125=DIRECTION('center_axis',(0.,0.,-1.));
#12126=DIRECTION('ref_axis',(-1.,0.,0.));
#12127=DIRECTION('center_axis',(0.,0.,-1.));
#12128=DIRECTION('ref_axis',(-1.,0.,0.));
#12129=DIRECTION('center_axis',(0.,0.,-1.));
#12130=DIRECTION('ref_axis',(-1.,0.,0.));
#12131=DIRECTION('center_axis',(1.,0.,0.));
#12132=DIRECTION('ref_axis',(0.,-1.,0.));
#12133=DIRECTION('',(0.,0.,-1.));
#12134=DIRECTION('center_axis',(0.,0.,-1.));
#12135=DIRECTION('ref_axis',(1.,0.,0.));
#12136=DIRECTION('',(0.,0.,-1.));
#12137=DIRECTION('center_axis',(0.,1.,0.));
#12138=DIRECTION('ref_axis',(1.,0.,0.));
#12139=DIRECTION('center_axis',(-1.,0.,0.));
#12140=DIRECTION('ref_axis',(0.,1.,0.));
#12141=DIRECTION('',(0.,0.,-1.));
#12142=DIRECTION('center_axis',(0.,0.,-1.));
#12143=DIRECTION('ref_axis',(1.,0.,0.));
#12144=DIRECTION('center_axis',(-1.,0.,0.));
#12145=DIRECTION('ref_axis',(0.,1.,0.));
#12146=DIRECTION('',(0.,0.,-1.));
#12147=DIRECTION('center_axis',(0.,1.,0.));
#12148=DIRECTION('ref_axis',(1.,0.,0.));
#12149=DIRECTION('',(0.,0.,-1.));
#12150=DIRECTION('center_axis',(0.,0.,-1.));
#12151=DIRECTION('ref_axis',(1.,0.,0.));
#12152=DIRECTION('center_axis',(1.,-9.86864910777918E-16,0.));
#12153=DIRECTION('ref_axis',(9.86864910777918E-16,1.,0.));
#12154=DIRECTION('center_axis',(0.,-1.,0.));
#12155=DIRECTION('ref_axis',(-1.,0.,0.));
#12156=DIRECTION('',(0.,0.,-1.));
#12157=DIRECTION('center_axis',(1.,0.,0.));
#12158=DIRECTION('ref_axis',(0.,-1.,0.));
#12159=DIRECTION('',(0.,0.,-1.));
#12160=DIRECTION('center_axis',(0.,0.,-1.));
#12161=DIRECTION('ref_axis',(1.,0.,0.));
#12162=DIRECTION('center_axis',(-0.707106781186547,0.,0.707106781186548));
#12163=DIRECTION('ref_axis',(0.707106781186548,0.,0.707106781186547));
#12164=DIRECTION('',(0.707106781186548,0.,0.707106781186547));
#12165=DIRECTION('',(-0.707106781186548,0.,-0.707106781186547));
#12166=DIRECTION('',(0.,-1.,0.));
#12167=DIRECTION('center_axis',(0.,0.,1.));
#12168=DIRECTION('ref_axis',(-1.,0.,0.));
#12169=DIRECTION('',(-0.707106781186548,0.,0.707106781186547));
#12170=DIRECTION('center_axis',(0.,0.,-1.));
#12171=DIRECTION('ref_axis',(-1.,0.,0.));
#12172=DIRECTION('center_axis',(0.707106781186547,0.,0.707106781186548));
#12173=DIRECTION('ref_axis',(0.707106781186548,0.,-0.707106781186547));
#12174=DIRECTION('',(-0.707106781186548,0.,0.707106781186547));
#12175=DIRECTION('',(0.,1.,0.));
#12176=DIRECTION('center_axis',(0.,0.,1.));
#12177=DIRECTION('ref_axis',(1.,0.,0.));
#12178=DIRECTION('center_axis',(0.,0.,-1.));
#12179=DIRECTION('ref_axis',(1.,0.,0.));
#12180=DIRECTION('center_axis',(0.,0.,1.));
#12181=DIRECTION('ref_axis',(-1.,0.,0.));
#12182=DIRECTION('',(0.,0.,1.));
#12183=DIRECTION('center_axis',(0.,0.,1.));
#12184=DIRECTION('ref_axis',(-1.,0.,0.));
#12185=DIRECTION('',(0.,0.,1.));
#12186=DIRECTION('center_axis',(1.,0.,0.));
#12187=DIRECTION('ref_axis',(0.,1.,0.));
#12188=DIRECTION('',(0.,0.,1.));
#12189=DIRECTION('',(0.,1.,0.));
#12190=DIRECTION('center_axis',(0.707106781186547,0.,-0.707106781186548));
#12191=DIRECTION('ref_axis',(-0.707106781186548,0.,-0.707106781186547));
#12192=DIRECTION('',(-0.707106781186548,0.,-0.707106781186547));
#12193=DIRECTION('',(0.707106781186548,0.,0.707106781186547));
#12194=DIRECTION('',(0.,-1.,0.));
#12195=DIRECTION('center_axis',(0.,0.,-1.));
#12196=DIRECTION('ref_axis',(-1.,0.,0.));
#12197=DIRECTION('',(0.707106781186548,0.,-0.707106781186547));
#12198=DIRECTION('center_axis',(-0.707106781186547,0.,-0.707106781186548));
#12199=DIRECTION('ref_axis',(-0.707106781186548,0.,0.707106781186547));
#12200=DIRECTION('',(0.707106781186548,0.,-0.707106781186547));
#12201=DIRECTION('center_axis',(0.,0.,-1.));
#12202=DIRECTION('ref_axis',(1.,0.,0.));
#12203=DIRECTION('center_axis',(0.,0.,1.));
#12204=DIRECTION('ref_axis',(1.,0.,0.));
#12205=DIRECTION('center_axis',(-1.,0.,0.));
#12206=DIRECTION('ref_axis',(0.,-1.,0.));
#12207=DIRECTION('',(0.,0.,1.));
#12208=DIRECTION('center_axis',(0.,0.,1.));
#12209=DIRECTION('ref_axis',(1.,0.,0.));
#12210=DIRECTION('center_axis',(0.707106781186547,0.,-0.707106781186548));
#12211=DIRECTION('ref_axis',(-0.707106781186548,0.,-0.707106781186547));
#12212=DIRECTION('',(-0.707106781186548,0.,-0.707106781186547));
#12213=DIRECTION('',(0.707106781186548,0.,0.707106781186547));
#12214=DIRECTION('',(0.,-1.,0.));
#12215=DIRECTION('center_axis',(0.,0.,-1.));
#12216=DIRECTION('ref_axis',(-1.,0.,0.));
#12217=DIRECTION('',(0.707106781186548,0.,-0.707106781186547));
#12218=DIRECTION('center_axis',(0.,0.,1.));
#12219=DIRECTION('ref_axis',(-1.,0.,0.));
#12220=DIRECTION('center_axis',(-0.707106781186547,0.,-0.707106781186548));
#12221=DIRECTION('ref_axis',(-0.707106781186548,0.,0.707106781186547));
#12222=DIRECTION('',(0.707106781186548,0.,-0.707106781186547));
#12223=DIRECTION('',(0.,1.,0.));
#12224=DIRECTION('center_axis',(0.,0.,-1.));
#12225=DIRECTION('ref_axis',(1.,0.,0.));
#12226=DIRECTION('center_axis',(0.,0.,1.));
#12227=DIRECTION('ref_axis',(1.,0.,0.));
#12228=DIRECTION('center_axis',(0.,0.,1.));
#12229=DIRECTION('ref_axis',(-1.,0.,0.));
#12230=DIRECTION('',(0.,0.,1.));
#12231=DIRECTION('center_axis',(0.,0.,-1.));
#12232=DIRECTION('ref_axis',(-1.,0.,0.));
#12233=DIRECTION('',(0.,0.,1.));
#12234=DIRECTION('center_axis',(-1.,0.,0.));
#12235=DIRECTION('ref_axis',(0.,-1.,0.));
#12236=DIRECTION('',(0.,0.,1.));
#12237=DIRECTION('',(0.,1.,0.));
#12238=DIRECTION('center_axis',(0.,0.,1.));
#12239=DIRECTION('ref_axis',(-1.,0.,0.));
#12240=DIRECTION('',(-0.707106781186548,0.,0.707106781186547));
#12241=DIRECTION('',(-0.707106781186548,0.,-0.707106781186547));
#12242=DIRECTION('center_axis',(0.707106781186547,0.,0.707106781186548));
#12243=DIRECTION('ref_axis',(0.707106781186548,0.,-0.707106781186547));
#12244=DIRECTION('',(-0.707106781186548,0.,0.707106781186547));
#12245=DIRECTION('center_axis',(0.,0.,1.));
#12246=DIRECTION('ref_axis',(1.,0.,0.));
#12247=DIRECTION('',(0.707106781186548,0.,0.707106781186547));
#12248=DIRECTION('center_axis',(0.,0.,-1.));
#12249=DIRECTION('ref_axis',(1.,0.,0.));
#12250=DIRECTION('center_axis',(-0.707106781186547,0.,0.707106781186548));
#12251=DIRECTION('ref_axis',(0.707106781186548,0.,0.707106781186547));
#12252=DIRECTION('',(0.,-1.,0.));
#12253=DIRECTION('center_axis',(1.,0.,0.));
#12254=DIRECTION('ref_axis',(0.,1.,0.));
#12255=DIRECTION('',(0.,0.,1.));
#12256=DIRECTION('center_axis',(0.,0.,1.));
#12257=DIRECTION('ref_axis',(1.,0.,0.));
#12258=DIRECTION('center_axis',(0.707106781186547,0.,-0.707106781186548));
#12259=DIRECTION('ref_axis',(-0.707106781186548,0.,-0.707106781186547));
#12260=DIRECTION('',(-0.707106781186548,0.,-0.707106781186547));
#12261=DIRECTION('',(0.707106781186548,0.,0.707106781186547));
#12262=DIRECTION('',(0.,-1.,0.));
#12263=DIRECTION('center_axis',(0.,0.,-1.));
#12264=DIRECTION('ref_axis',(-1.,0.,0.));
#12265=DIRECTION('',(0.707106781186548,0.,-0.707106781186547));
#12266=DIRECTION('center_axis',(0.,0.,1.));
#12267=DIRECTION('ref_axis',(-1.,0.,0.));
#12268=DIRECTION('center_axis',(-0.707106781186547,0.,-0.707106781186548));
#12269=DIRECTION('ref_axis',(-0.707106781186548,0.,0.707106781186547));
#12270=DIRECTION('',(0.707106781186548,0.,-0.707106781186547));
#12271=DIRECTION('',(0.,1.,0.));
#12272=DIRECTION('center_axis',(0.,0.,-1.));
#12273=DIRECTION('ref_axis',(1.,0.,0.));
#12274=DIRECTION('center_axis',(0.,0.,1.));
#12275=DIRECTION('ref_axis',(1.,0.,0.));
#12276=DIRECTION('center_axis',(0.,0.,1.));
#12277=DIRECTION('ref_axis',(-1.,0.,0.));
#12278=DIRECTION('',(0.,0.,1.));
#12279=DIRECTION('center_axis',(0.,0.,-1.));
#12280=DIRECTION('ref_axis',(-1.,0.,0.));
#12281=DIRECTION('',(0.,0.,1.));
#12282=DIRECTION('center_axis',(-1.,0.,0.));
#12283=DIRECTION('ref_axis',(0.,-1.,0.));
#12284=DIRECTION('',(0.,0.,1.));
#12285=DIRECTION('',(0.,1.,0.));
#12286=DIRECTION('center_axis',(0.,0.,1.));
#12287=DIRECTION('ref_axis',(-1.,0.,0.));
#12288=DIRECTION('',(-0.707106781186548,0.,0.707106781186547));
#12289=DIRECTION('',(-0.707106781186548,0.,-0.707106781186547));
#12290=DIRECTION('center_axis',(0.707106781186547,0.,0.707106781186548));
#12291=DIRECTION('ref_axis',(0.707106781186548,0.,-0.707106781186547));
#12292=DIRECTION('',(-0.707106781186548,0.,0.707106781186547));
#12293=DIRECTION('center_axis',(0.,0.,1.));
#12294=DIRECTION('ref_axis',(1.,0.,0.));
#12295=DIRECTION('',(0.707106781186548,0.,0.707106781186547));
#12296=DIRECTION('center_axis',(0.,0.,-1.));
#12297=DIRECTION('ref_axis',(1.,0.,0.));
#12298=DIRECTION('center_axis',(-0.707106781186547,0.,0.707106781186548));
#12299=DIRECTION('ref_axis',(0.707106781186548,0.,0.707106781186547));
#12300=DIRECTION('',(0.,-1.,0.));
#12301=DIRECTION('center_axis',(1.,0.,0.));
#12302=DIRECTION('ref_axis',(0.,1.,0.));
#12303=DIRECTION('',(0.,0.,1.));
#12304=DIRECTION('center_axis',(0.,0.,1.));
#12305=DIRECTION('ref_axis',(1.,0.,0.));
#12306=DIRECTION('center_axis',(0.707106781186547,0.,-0.707106781186548));
#12307=DIRECTION('ref_axis',(-0.707106781186548,0.,-0.707106781186547));
#12308=DIRECTION('',(-0.707106781186548,0.,-0.707106781186547));
#12309=DIRECTION('',(0.707106781186548,0.,0.707106781186547));
#12310=DIRECTION('',(0.,-1.,0.));
#12311=DIRECTION('center_axis',(0.,0.,-1.));
#12312=DIRECTION('ref_axis',(-1.,0.,0.));
#12313=DIRECTION('',(0.707106781186548,0.,-0.707106781186547));
#12314=DIRECTION('center_axis',(0.,0.,1.));
#12315=DIRECTION('ref_axis',(-1.,0.,0.));
#12316=DIRECTION('center_axis',(-0.707106781186547,0.,-0.707106781186548));
#12317=DIRECTION('ref_axis',(-0.707106781186548,0.,0.707106781186547));
#12318=DIRECTION('',(0.707106781186548,0.,-0.707106781186547));
#12319=DIRECTION('',(0.,1.,0.));
#12320=DIRECTION('center_axis',(0.,0.,-1.));
#12321=DIRECTION('ref_axis',(1.,0.,0.));
#12322=DIRECTION('center_axis',(0.,0.,1.));
#12323=DIRECTION('ref_axis',(1.,0.,0.));
#12324=DIRECTION('center_axis',(0.,0.,1.));
#12325=DIRECTION('ref_axis',(-1.,0.,0.));
#12326=DIRECTION('',(0.,0.,1.));
#12327=DIRECTION('center_axis',(0.,0.,-1.));
#12328=DIRECTION('ref_axis',(-1.,0.,0.));
#12329=DIRECTION('',(0.,0.,1.));
#12330=DIRECTION('center_axis',(-1.,0.,0.));
#12331=DIRECTION('ref_axis',(0.,-1.,0.));
#12332=DIRECTION('',(0.,0.,1.));
#12333=DIRECTION('',(0.,1.,0.));
#12334=DIRECTION('center_axis',(0.,0.,1.));
#12335=DIRECTION('ref_axis',(-1.,0.,0.));
#12336=DIRECTION('',(-0.707106781186548,0.,0.707106781186547));
#12337=DIRECTION('',(-0.707106781186548,0.,-0.707106781186547));
#12338=DIRECTION('center_axis',(0.707106781186547,0.,0.707106781186548));
#12339=DIRECTION('ref_axis',(0.707106781186548,0.,-0.707106781186547));
#12340=DIRECTION('',(-0.707106781186548,0.,0.707106781186547));
#12341=DIRECTION('center_axis',(0.,0.,1.));
#12342=DIRECTION('ref_axis',(1.,0.,0.));
#12343=DIRECTION('',(0.707106781186548,0.,0.707106781186547));
#12344=DIRECTION('center_axis',(0.,0.,-1.));
#12345=DIRECTION('ref_axis',(1.,0.,0.));
#12346=DIRECTION('center_axis',(-0.707106781186547,0.,0.707106781186548));
#12347=DIRECTION('ref_axis',(0.707106781186548,0.,0.707106781186547));
#12348=DIRECTION('',(0.,-1.,0.));
#12349=DIRECTION('center_axis',(1.,0.,0.));
#12350=DIRECTION('ref_axis',(0.,1.,0.));
#12351=DIRECTION('',(0.,0.,1.));
#12352=DIRECTION('center_axis',(0.,0.,1.));
#12353=DIRECTION('ref_axis',(1.,0.,0.));
#12354=DIRECTION('center_axis',(0.707106781186547,0.,-0.707106781186548));
#12355=DIRECTION('ref_axis',(-0.707106781186548,0.,-0.707106781186547));
#12356=DIRECTION('',(-0.707106781186548,0.,-0.707106781186547));
#12357=DIRECTION('',(0.707106781186548,0.,0.707106781186547));
#12358=DIRECTION('',(0.,-1.,0.));
#12359=DIRECTION('center_axis',(0.,0.,-1.));
#12360=DIRECTION('ref_axis',(-1.,0.,0.));
#12361=DIRECTION('',(0.707106781186548,0.,-0.707106781186547));
#12362=DIRECTION('center_axis',(0.,0.,1.));
#12363=DIRECTION('ref_axis',(-1.,0.,0.));
#12364=DIRECTION('center_axis',(-0.707106781186547,0.,-0.707106781186548));
#12365=DIRECTION('ref_axis',(-0.707106781186548,0.,0.707106781186547));
#12366=DIRECTION('',(0.707106781186548,0.,-0.707106781186547));
#12367=DIRECTION('',(0.,1.,0.));
#12368=DIRECTION('center_axis',(0.,0.,-1.));
#12369=DIRECTION('ref_axis',(1.,0.,0.));
#12370=DIRECTION('center_axis',(0.,0.,1.));
#12371=DIRECTION('ref_axis',(1.,0.,0.));
#12372=DIRECTION('center_axis',(0.,0.,1.));
#12373=DIRECTION('ref_axis',(-1.,0.,0.));
#12374=DIRECTION('',(0.,0.,1.));
#12375=DIRECTION('center_axis',(0.,0.,-1.));
#12376=DIRECTION('ref_axis',(-1.,0.,0.));
#12377=DIRECTION('',(0.,0.,1.));
#12378=DIRECTION('center_axis',(-1.,0.,0.));
#12379=DIRECTION('ref_axis',(0.,-1.,0.));
#12380=DIRECTION('',(0.,0.,1.));
#12381=DIRECTION('',(0.,1.,0.));
#12382=DIRECTION('center_axis',(0.,0.,1.));
#12383=DIRECTION('ref_axis',(-1.,0.,0.));
#12384=DIRECTION('',(-0.707106781186548,0.,0.707106781186547));
#12385=DIRECTION('',(-0.707106781186548,0.,-0.707106781186547));
#12386=DIRECTION('center_axis',(0.707106781186547,0.,0.707106781186548));
#12387=DIRECTION('ref_axis',(0.707106781186548,0.,-0.707106781186547));
#12388=DIRECTION('',(-0.707106781186548,0.,0.707106781186547));
#12389=DIRECTION('center_axis',(0.,0.,1.));
#12390=DIRECTION('ref_axis',(1.,0.,0.));
#12391=DIRECTION('',(0.707106781186548,0.,0.707106781186547));
#12392=DIRECTION('center_axis',(0.,0.,-1.));
#12393=DIRECTION('ref_axis',(1.,0.,0.));
#12394=DIRECTION('center_axis',(-0.707106781186547,0.,0.707106781186548));
#12395=DIRECTION('ref_axis',(0.707106781186548,0.,0.707106781186547));
#12396=DIRECTION('',(0.,-1.,0.));
#12397=DIRECTION('center_axis',(1.,0.,0.));
#12398=DIRECTION('ref_axis',(0.,1.,0.));
#12399=DIRECTION('',(0.,0.,1.));
#12400=DIRECTION('center_axis',(0.,0.,1.));
#12401=DIRECTION('ref_axis',(1.,0.,0.));
#12402=DIRECTION('center_axis',(0.707106781186547,0.,-0.707106781186548));
#12403=DIRECTION('ref_axis',(-0.707106781186548,0.,-0.707106781186547));
#12404=DIRECTION('',(-0.707106781186548,0.,-0.707106781186547));
#12405=DIRECTION('',(0.707106781186548,0.,0.707106781186547));
#12406=DIRECTION('',(0.,-1.,0.));
#12407=DIRECTION('center_axis',(0.,0.,-1.));
#12408=DIRECTION('ref_axis',(-1.,0.,0.));
#12409=DIRECTION('',(0.707106781186548,0.,-0.707106781186547));
#12410=DIRECTION('center_axis',(0.,0.,1.));
#12411=DIRECTION('ref_axis',(-1.,0.,0.));
#12412=DIRECTION('center_axis',(-0.707106781186547,0.,-0.707106781186548));
#12413=DIRECTION('ref_axis',(-0.707106781186548,0.,0.707106781186547));
#12414=DIRECTION('',(0.707106781186548,0.,-0.707106781186547));
#12415=DIRECTION('',(0.,1.,0.));
#12416=DIRECTION('center_axis',(0.,0.,-1.));
#12417=DIRECTION('ref_axis',(1.,0.,0.));
#12418=DIRECTION('center_axis',(0.,0.,1.));
#12419=DIRECTION('ref_axis',(1.,0.,0.));
#12420=DIRECTION('center_axis',(0.,0.,1.));
#12421=DIRECTION('ref_axis',(-1.,0.,0.));
#12422=DIRECTION('',(0.,0.,1.));
#12423=DIRECTION('center_axis',(0.,0.,-1.));
#12424=DIRECTION('ref_axis',(-1.,0.,0.));
#12425=DIRECTION('',(0.,0.,1.));
#12426=DIRECTION('center_axis',(-1.,0.,0.));
#12427=DIRECTION('ref_axis',(0.,-1.,0.));
#12428=DIRECTION('',(0.,0.,1.));
#12429=DIRECTION('',(0.,1.,0.));
#12430=DIRECTION('center_axis',(0.,0.,1.));
#12431=DIRECTION('ref_axis',(-1.,0.,0.));
#12432=DIRECTION('',(-0.707106781186548,0.,0.707106781186547));
#12433=DIRECTION('',(-0.707106781186548,0.,-0.707106781186547));
#12434=DIRECTION('center_axis',(0.707106781186547,0.,0.707106781186548));
#12435=DIRECTION('ref_axis',(0.707106781186548,0.,-0.707106781186547));
#12436=DIRECTION('',(-0.707106781186548,0.,0.707106781186547));
#12437=DIRECTION('center_axis',(0.,0.,1.));
#12438=DIRECTION('ref_axis',(1.,0.,0.));
#12439=DIRECTION('',(0.707106781186548,0.,0.707106781186547));
#12440=DIRECTION('center_axis',(0.,0.,-1.));
#12441=DIRECTION('ref_axis',(1.,0.,0.));
#12442=DIRECTION('center_axis',(-0.707106781186547,0.,0.707106781186548));
#12443=DIRECTION('ref_axis',(0.707106781186548,0.,0.707106781186547));
#12444=DIRECTION('',(0.,-1.,0.));
#12445=DIRECTION('center_axis',(1.,0.,0.));
#12446=DIRECTION('ref_axis',(0.,1.,0.));
#12447=DIRECTION('',(0.,0.,1.));
#12448=DIRECTION('center_axis',(0.,0.,1.));
#12449=DIRECTION('ref_axis',(1.,0.,0.));
#12450=DIRECTION('center_axis',(0.707106781186547,0.,-0.707106781186548));
#12451=DIRECTION('ref_axis',(-0.707106781186548,0.,-0.707106781186547));
#12452=DIRECTION('',(-0.707106781186548,0.,-0.707106781186547));
#12453=DIRECTION('',(0.707106781186548,0.,0.707106781186547));
#12454=DIRECTION('',(0.,-1.,0.));
#12455=DIRECTION('center_axis',(0.,0.,-1.));
#12456=DIRECTION('ref_axis',(-1.,0.,0.));
#12457=DIRECTION('',(0.707106781186548,0.,-0.707106781186547));
#12458=DIRECTION('center_axis',(0.,0.,1.));
#12459=DIRECTION('ref_axis',(-1.,0.,0.));
#12460=DIRECTION('center_axis',(-0.707106781186547,0.,-0.707106781186548));
#12461=DIRECTION('ref_axis',(-0.707106781186548,0.,0.707106781186547));
#12462=DIRECTION('',(0.707106781186548,0.,-0.707106781186547));
#12463=DIRECTION('',(0.,1.,0.));
#12464=DIRECTION('center_axis',(0.,0.,-1.));
#12465=DIRECTION('ref_axis',(1.,0.,0.));
#12466=DIRECTION('center_axis',(0.,0.,1.));
#12467=DIRECTION('ref_axis',(1.,0.,0.));
#12468=DIRECTION('center_axis',(0.,0.,1.));
#12469=DIRECTION('ref_axis',(-1.,0.,0.));
#12470=DIRECTION('',(0.,0.,1.));
#12471=DIRECTION('center_axis',(0.,0.,-1.));
#12472=DIRECTION('ref_axis',(-1.,0.,0.));
#12473=DIRECTION('',(0.,0.,1.));
#12474=DIRECTION('center_axis',(-1.,0.,0.));
#12475=DIRECTION('ref_axis',(0.,-1.,0.));
#12476=DIRECTION('',(0.,0.,1.));
#12477=DIRECTION('',(0.,1.,0.));
#12478=DIRECTION('center_axis',(0.,0.,1.));
#12479=DIRECTION('ref_axis',(-1.,0.,0.));
#12480=DIRECTION('',(-0.707106781186548,0.,0.707106781186547));
#12481=DIRECTION('',(-0.707106781186548,0.,-0.707106781186547));
#12482=DIRECTION('center_axis',(0.707106781186547,0.,0.707106781186548));
#12483=DIRECTION('ref_axis',(0.707106781186548,0.,-0.707106781186547));
#12484=DIRECTION('',(-0.707106781186548,0.,0.707106781186547));
#12485=DIRECTION('center_axis',(0.,0.,1.));
#12486=DIRECTION('ref_axis',(1.,0.,0.));
#12487=DIRECTION('',(0.707106781186548,0.,0.707106781186547));
#12488=DIRECTION('center_axis',(0.,0.,-1.));
#12489=DIRECTION('ref_axis',(1.,0.,0.));
#12490=DIRECTION('center_axis',(-0.707106781186547,0.,0.707106781186548));
#12491=DIRECTION('ref_axis',(0.707106781186548,0.,0.707106781186547));
#12492=DIRECTION('',(0.,-1.,0.));
#12493=DIRECTION('center_axis',(1.,0.,0.));
#12494=DIRECTION('ref_axis',(0.,1.,0.));
#12495=DIRECTION('',(0.,0.,1.));
#12496=DIRECTION('center_axis',(0.,0.,1.));
#12497=DIRECTION('ref_axis',(1.,0.,0.));
#12498=DIRECTION('center_axis',(0.707106781186547,0.,-0.707106781186548));
#12499=DIRECTION('ref_axis',(-0.707106781186548,0.,-0.707106781186547));
#12500=DIRECTION('',(-0.707106781186548,0.,-0.707106781186547));
#12501=DIRECTION('',(0.707106781186548,0.,0.707106781186547));
#12502=DIRECTION('',(0.,-1.,0.));
#12503=DIRECTION('center_axis',(0.,0.,-1.));
#12504=DIRECTION('ref_axis',(-1.,0.,0.));
#12505=DIRECTION('',(0.707106781186548,0.,-0.707106781186547));
#12506=DIRECTION('center_axis',(0.,0.,1.));
#12507=DIRECTION('ref_axis',(-1.,0.,0.));
#12508=DIRECTION('center_axis',(-0.707106781186547,0.,-0.707106781186548));
#12509=DIRECTION('ref_axis',(-0.707106781186548,0.,0.707106781186547));
#12510=DIRECTION('',(0.707106781186548,0.,-0.707106781186547));
#12511=DIRECTION('',(0.,1.,0.));
#12512=DIRECTION('center_axis',(0.,0.,-1.));
#12513=DIRECTION('ref_axis',(1.,0.,0.));
#12514=DIRECTION('center_axis',(0.,0.,1.));
#12515=DIRECTION('ref_axis',(1.,0.,0.));
#12516=DIRECTION('center_axis',(0.,0.,1.));
#12517=DIRECTION('ref_axis',(-1.,0.,0.));
#12518=DIRECTION('',(0.,0.,1.));
#12519=DIRECTION('center_axis',(0.,0.,-1.));
#12520=DIRECTION('ref_axis',(-1.,0.,0.));
#12521=DIRECTION('',(0.,0.,1.));
#12522=DIRECTION('center_axis',(-1.,0.,0.));
#12523=DIRECTION('ref_axis',(0.,-1.,0.));
#12524=DIRECTION('',(0.,0.,1.));
#12525=DIRECTION('',(0.,1.,0.));
#12526=DIRECTION('center_axis',(0.,0.,1.));
#12527=DIRECTION('ref_axis',(-1.,0.,0.));
#12528=DIRECTION('',(-0.707106781186548,0.,0.707106781186547));
#12529=DIRECTION('',(-0.707106781186548,0.,-0.707106781186547));
#12530=DIRECTION('center_axis',(0.707106781186547,0.,0.707106781186548));
#12531=DIRECTION('ref_axis',(0.707106781186548,0.,-0.707106781186547));
#12532=DIRECTION('',(-0.707106781186548,0.,0.707106781186547));
#12533=DIRECTION('center_axis',(0.,0.,1.));
#12534=DIRECTION('ref_axis',(1.,0.,0.));
#12535=DIRECTION('',(0.707106781186548,0.,0.707106781186547));
#12536=DIRECTION('center_axis',(0.,0.,-1.));
#12537=DIRECTION('ref_axis',(1.,0.,0.));
#12538=DIRECTION('center_axis',(-0.707106781186547,0.,0.707106781186548));
#12539=DIRECTION('ref_axis',(0.707106781186548,0.,0.707106781186547));
#12540=DIRECTION('',(0.,-1.,0.));
#12541=DIRECTION('center_axis',(1.,0.,0.));
#12542=DIRECTION('ref_axis',(0.,1.,0.));
#12543=DIRECTION('',(0.,0.,1.));
#12544=DIRECTION('center_axis',(0.,0.,1.));
#12545=DIRECTION('ref_axis',(1.,0.,0.));
#12546=DIRECTION('center_axis',(0.707106781186547,0.,-0.707106781186548));
#12547=DIRECTION('ref_axis',(-0.707106781186548,0.,-0.707106781186547));
#12548=DIRECTION('',(-0.707106781186548,0.,-0.707106781186547));
#12549=DIRECTION('',(0.707106781186548,0.,0.707106781186547));
#12550=DIRECTION('',(0.,-1.,0.));
#12551=DIRECTION('center_axis',(0.,0.,-1.));
#12552=DIRECTION('ref_axis',(-1.,0.,0.));
#12553=DIRECTION('',(0.707106781186548,0.,-0.707106781186547));
#12554=DIRECTION('center_axis',(0.,0.,1.));
#12555=DIRECTION('ref_axis',(-1.,0.,0.));
#12556=DIRECTION('center_axis',(-0.707106781186547,0.,-0.707106781186548));
#12557=DIRECTION('ref_axis',(-0.707106781186548,0.,0.707106781186547));
#12558=DIRECTION('',(0.707106781186548,0.,-0.707106781186547));
#12559=DIRECTION('',(0.,1.,0.));
#12560=DIRECTION('center_axis',(0.,0.,-1.));
#12561=DIRECTION('ref_axis',(1.,0.,0.));
#12562=DIRECTION('center_axis',(0.,0.,1.));
#12563=DIRECTION('ref_axis',(1.,0.,0.));
#12564=DIRECTION('center_axis',(0.,0.,1.));
#12565=DIRECTION('ref_axis',(-1.,0.,0.));
#12566=DIRECTION('',(0.,0.,1.));
#12567=DIRECTION('center_axis',(0.,0.,-1.));
#12568=DIRECTION('ref_axis',(-1.,0.,0.));
#12569=DIRECTION('',(0.,0.,1.));
#12570=DIRECTION('center_axis',(-1.,0.,0.));
#12571=DIRECTION('ref_axis',(0.,-1.,0.));
#12572=DIRECTION('',(0.,0.,1.));
#12573=DIRECTION('',(0.,1.,0.));
#12574=DIRECTION('center_axis',(0.,0.,1.));
#12575=DIRECTION('ref_axis',(-1.,0.,0.));
#12576=DIRECTION('',(-0.707106781186548,0.,0.707106781186547));
#12577=DIRECTION('',(-0.707106781186548,0.,-0.707106781186547));
#12578=DIRECTION('center_axis',(0.707106781186547,0.,0.707106781186548));
#12579=DIRECTION('ref_axis',(0.707106781186548,0.,-0.707106781186547));
#12580=DIRECTION('',(-0.707106781186548,0.,0.707106781186547));
#12581=DIRECTION('center_axis',(0.,0.,1.));
#12582=DIRECTION('ref_axis',(1.,0.,0.));
#12583=DIRECTION('',(0.707106781186548,0.,0.707106781186547));
#12584=DIRECTION('center_axis',(0.,0.,-1.));
#12585=DIRECTION('ref_axis',(1.,0.,0.));
#12586=DIRECTION('center_axis',(-0.707106781186547,0.,0.707106781186548));
#12587=DIRECTION('ref_axis',(0.707106781186548,0.,0.707106781186547));
#12588=DIRECTION('',(0.,-1.,0.));
#12589=DIRECTION('center_axis',(1.,0.,0.));
#12590=DIRECTION('ref_axis',(0.,1.,0.));
#12591=DIRECTION('',(0.,0.,1.));
#12592=DIRECTION('center_axis',(0.,0.,1.));
#12593=DIRECTION('ref_axis',(1.,0.,0.));
#12594=DIRECTION('center_axis',(0.707106781186547,0.,-0.707106781186548));
#12595=DIRECTION('ref_axis',(-0.707106781186548,0.,-0.707106781186547));
#12596=DIRECTION('',(-0.707106781186548,0.,-0.707106781186547));
#12597=DIRECTION('',(0.707106781186548,0.,0.707106781186547));
#12598=DIRECTION('',(0.,-1.,0.));
#12599=DIRECTION('center_axis',(0.,0.,-1.));
#12600=DIRECTION('ref_axis',(-1.,0.,0.));
#12601=DIRECTION('',(0.707106781186548,0.,-0.707106781186547));
#12602=DIRECTION('center_axis',(0.,0.,1.));
#12603=DIRECTION('ref_axis',(-1.,0.,0.));
#12604=DIRECTION('center_axis',(-0.707106781186547,0.,-0.707106781186548));
#12605=DIRECTION('ref_axis',(-0.707106781186548,0.,0.707106781186547));
#12606=DIRECTION('',(0.707106781186548,0.,-0.707106781186547));
#12607=DIRECTION('',(0.,1.,0.));
#12608=DIRECTION('center_axis',(0.,0.,-1.));
#12609=DIRECTION('ref_axis',(1.,0.,0.));
#12610=DIRECTION('center_axis',(0.,0.,1.));
#12611=DIRECTION('ref_axis',(1.,0.,0.));
#12612=DIRECTION('center_axis',(0.,0.,1.));
#12613=DIRECTION('ref_axis',(-1.,0.,0.));
#12614=DIRECTION('',(0.,0.,1.));
#12615=DIRECTION('center_axis',(0.,0.,-1.));
#12616=DIRECTION('ref_axis',(-1.,0.,0.));
#12617=DIRECTION('',(0.,0.,1.));
#12618=DIRECTION('center_axis',(-1.,0.,0.));
#12619=DIRECTION('ref_axis',(0.,-1.,0.));
#12620=DIRECTION('',(0.,0.,1.));
#12621=DIRECTION('',(0.,1.,0.));
#12622=DIRECTION('center_axis',(0.,0.,1.));
#12623=DIRECTION('ref_axis',(-1.,0.,0.));
#12624=DIRECTION('',(-0.707106781186548,0.,0.707106781186547));
#12625=DIRECTION('',(-0.707106781186548,0.,-0.707106781186547));
#12626=DIRECTION('center_axis',(0.707106781186547,0.,0.707106781186548));
#12627=DIRECTION('ref_axis',(0.707106781186548,0.,-0.707106781186547));
#12628=DIRECTION('',(-0.707106781186548,0.,0.707106781186547));
#12629=DIRECTION('center_axis',(0.,0.,1.));
#12630=DIRECTION('ref_axis',(1.,0.,0.));
#12631=DIRECTION('',(0.707106781186548,0.,0.707106781186547));
#12632=DIRECTION('center_axis',(0.,0.,-1.));
#12633=DIRECTION('ref_axis',(1.,0.,0.));
#12634=DIRECTION('center_axis',(-0.707106781186547,0.,0.707106781186548));
#12635=DIRECTION('ref_axis',(0.707106781186548,0.,0.707106781186547));
#12636=DIRECTION('',(0.,-1.,0.));
#12637=DIRECTION('center_axis',(1.,0.,0.));
#12638=DIRECTION('ref_axis',(0.,1.,0.));
#12639=DIRECTION('',(0.,0.,1.));
#12640=DIRECTION('center_axis',(0.,0.,1.));
#12641=DIRECTION('ref_axis',(1.,0.,0.));
#12642=DIRECTION('center_axis',(0.707106781186547,0.,-0.707106781186548));
#12643=DIRECTION('ref_axis',(-0.707106781186548,0.,-0.707106781186547));
#12644=DIRECTION('',(-0.707106781186548,0.,-0.707106781186547));
#12645=DIRECTION('',(0.707106781186548,0.,0.707106781186547));
#12646=DIRECTION('',(0.,-1.,0.));
#12647=DIRECTION('center_axis',(0.,0.,-1.));
#12648=DIRECTION('ref_axis',(-1.,0.,0.));
#12649=DIRECTION('',(0.707106781186548,0.,-0.707106781186547));
#12650=DIRECTION('center_axis',(0.,0.,1.));
#12651=DIRECTION('ref_axis',(-1.,0.,0.));
#12652=DIRECTION('center_axis',(-0.707106781186547,0.,-0.707106781186548));
#12653=DIRECTION('ref_axis',(-0.707106781186548,0.,0.707106781186547));
#12654=DIRECTION('',(0.707106781186548,0.,-0.707106781186547));
#12655=DIRECTION('',(0.,1.,0.));
#12656=DIRECTION('center_axis',(0.,0.,-1.));
#12657=DIRECTION('ref_axis',(1.,0.,0.));
#12658=DIRECTION('center_axis',(0.,0.,1.));
#12659=DIRECTION('ref_axis',(1.,0.,0.));
#12660=DIRECTION('center_axis',(0.,0.,1.));
#12661=DIRECTION('ref_axis',(-1.,0.,0.));
#12662=DIRECTION('',(0.,0.,1.));
#12663=DIRECTION('center_axis',(0.,0.,-1.));
#12664=DIRECTION('ref_axis',(-1.,0.,0.));
#12665=DIRECTION('',(0.,0.,1.));
#12666=DIRECTION('center_axis',(-1.,0.,0.));
#12667=DIRECTION('ref_axis',(0.,-1.,0.));
#12668=DIRECTION('',(0.,0.,1.));
#12669=DIRECTION('',(0.,1.,0.));
#12670=DIRECTION('center_axis',(0.,0.,1.));
#12671=DIRECTION('ref_axis',(-1.,0.,0.));
#12672=DIRECTION('',(-0.707106781186548,0.,0.707106781186547));
#12673=DIRECTION('',(-0.707106781186548,0.,-0.707106781186547));
#12674=DIRECTION('center_axis',(0.707106781186547,0.,0.707106781186548));
#12675=DIRECTION('ref_axis',(0.707106781186548,0.,-0.707106781186547));
#12676=DIRECTION('',(-0.707106781186548,0.,0.707106781186547));
#12677=DIRECTION('center_axis',(0.,0.,1.));
#12678=DIRECTION('ref_axis',(1.,0.,0.));
#12679=DIRECTION('',(0.707106781186548,0.,0.707106781186547));
#12680=DIRECTION('center_axis',(0.,0.,-1.));
#12681=DIRECTION('ref_axis',(1.,0.,0.));
#12682=DIRECTION('center_axis',(-0.707106781186547,0.,0.707106781186548));
#12683=DIRECTION('ref_axis',(0.707106781186548,0.,0.707106781186547));
#12684=DIRECTION('',(0.,-1.,0.));
#12685=DIRECTION('center_axis',(1.,0.,0.));
#12686=DIRECTION('ref_axis',(0.,1.,0.));
#12687=DIRECTION('',(0.,0.,1.));
#12688=DIRECTION('center_axis',(0.,0.,1.));
#12689=DIRECTION('ref_axis',(1.,0.,0.));
#12690=DIRECTION('center_axis',(0.707106781186547,0.,-0.707106781186548));
#12691=DIRECTION('ref_axis',(-0.707106781186548,0.,-0.707106781186547));
#12692=DIRECTION('',(-0.707106781186548,0.,-0.707106781186547));
#12693=DIRECTION('',(0.707106781186548,0.,0.707106781186547));
#12694=DIRECTION('',(0.,-1.,0.));
#12695=DIRECTION('center_axis',(0.,0.,-1.));
#12696=DIRECTION('ref_axis',(-1.,0.,0.));
#12697=DIRECTION('',(0.707106781186548,0.,-0.707106781186547));
#12698=DIRECTION('center_axis',(0.,0.,1.));
#12699=DIRECTION('ref_axis',(-1.,0.,0.));
#12700=DIRECTION('center_axis',(-0.707106781186547,0.,-0.707106781186548));
#12701=DIRECTION('ref_axis',(-0.707106781186548,0.,0.707106781186547));
#12702=DIRECTION('',(0.707106781186548,0.,-0.707106781186547));
#12703=DIRECTION('',(0.,1.,0.));
#12704=DIRECTION('center_axis',(0.,0.,-1.));
#12705=DIRECTION('ref_axis',(1.,0.,0.));
#12706=DIRECTION('center_axis',(0.,0.,1.));
#12707=DIRECTION('ref_axis',(1.,0.,0.));
#12708=DIRECTION('center_axis',(0.,0.,1.));
#12709=DIRECTION('ref_axis',(-1.,0.,0.));
#12710=DIRECTION('',(0.,0.,1.));
#12711=DIRECTION('center_axis',(0.,0.,-1.));
#12712=DIRECTION('ref_axis',(-1.,0.,0.));
#12713=DIRECTION('',(0.,0.,1.));
#12714=DIRECTION('center_axis',(-1.,0.,0.));
#12715=DIRECTION('ref_axis',(0.,-1.,0.));
#12716=DIRECTION('',(0.,0.,1.));
#12717=DIRECTION('',(0.,1.,0.));
#12718=DIRECTION('center_axis',(0.,0.,1.));
#12719=DIRECTION('ref_axis',(-1.,0.,0.));
#12720=DIRECTION('',(-0.707106781186548,0.,0.707106781186547));
#12721=DIRECTION('',(-0.707106781186548,0.,-0.707106781186547));
#12722=DIRECTION('center_axis',(0.707106781186547,0.,0.707106781186548));
#12723=DIRECTION('ref_axis',(0.707106781186548,0.,-0.707106781186547));
#12724=DIRECTION('',(-0.707106781186548,0.,0.707106781186547));
#12725=DIRECTION('center_axis',(0.,0.,1.));
#12726=DIRECTION('ref_axis',(1.,0.,0.));
#12727=DIRECTION('',(0.707106781186548,0.,0.707106781186547));
#12728=DIRECTION('center_axis',(0.,0.,-1.));
#12729=DIRECTION('ref_axis',(1.,0.,0.));
#12730=DIRECTION('center_axis',(-0.707106781186547,0.,0.707106781186548));
#12731=DIRECTION('ref_axis',(0.707106781186548,0.,0.707106781186547));
#12732=DIRECTION('',(0.,-1.,0.));
#12733=DIRECTION('center_axis',(1.,0.,0.));
#12734=DIRECTION('ref_axis',(0.,1.,0.));
#12735=DIRECTION('',(0.,0.,1.));
#12736=DIRECTION('center_axis',(0.,0.,1.));
#12737=DIRECTION('ref_axis',(1.,0.,0.));
#12738=DIRECTION('center_axis',(0.707106781186547,0.,-0.707106781186548));
#12739=DIRECTION('ref_axis',(-0.707106781186548,0.,-0.707106781186547));
#12740=DIRECTION('',(-0.707106781186548,0.,-0.707106781186547));
#12741=DIRECTION('',(0.707106781186548,0.,0.707106781186547));
#12742=DIRECTION('',(0.,-1.,0.));
#12743=DIRECTION('center_axis',(0.,0.,-1.));
#12744=DIRECTION('ref_axis',(-1.,0.,0.));
#12745=DIRECTION('',(0.707106781186548,0.,-0.707106781186547));
#12746=DIRECTION('center_axis',(0.,0.,1.));
#12747=DIRECTION('ref_axis',(-1.,0.,0.));
#12748=DIRECTION('center_axis',(-0.707106781186547,0.,-0.707106781186548));
#12749=DIRECTION('ref_axis',(-0.707106781186548,0.,0.707106781186547));
#12750=DIRECTION('',(0.707106781186548,0.,-0.707106781186547));
#12751=DIRECTION('',(0.,1.,0.));
#12752=DIRECTION('center_axis',(0.,0.,-1.));
#12753=DIRECTION('ref_axis',(1.,0.,0.));
#12754=DIRECTION('center_axis',(0.,0.,1.));
#12755=DIRECTION('ref_axis',(1.,0.,0.));
#12756=DIRECTION('center_axis',(0.,0.,1.));
#12757=DIRECTION('ref_axis',(-1.,0.,0.));
#12758=DIRECTION('',(0.,0.,1.));
#12759=DIRECTION('center_axis',(0.,0.,-1.));
#12760=DIRECTION('ref_axis',(-1.,0.,0.));
#12761=DIRECTION('',(0.,0.,1.));
#12762=DIRECTION('center_axis',(-1.,0.,0.));
#12763=DIRECTION('ref_axis',(0.,-1.,0.));
#12764=DIRECTION('',(0.,0.,1.));
#12765=DIRECTION('',(0.,1.,0.));
#12766=DIRECTION('center_axis',(0.,0.,1.));
#12767=DIRECTION('ref_axis',(-1.,0.,0.));
#12768=DIRECTION('',(-0.707106781186548,0.,0.707106781186547));
#12769=DIRECTION('',(-0.707106781186548,0.,-0.707106781186547));
#12770=DIRECTION('center_axis',(0.707106781186547,0.,0.707106781186548));
#12771=DIRECTION('ref_axis',(0.707106781186548,0.,-0.707106781186547));
#12772=DIRECTION('',(-0.707106781186548,0.,0.707106781186547));
#12773=DIRECTION('center_axis',(0.,0.,1.));
#12774=DIRECTION('ref_axis',(1.,0.,0.));
#12775=DIRECTION('',(0.707106781186548,0.,0.707106781186547));
#12776=DIRECTION('center_axis',(0.,0.,-1.));
#12777=DIRECTION('ref_axis',(1.,0.,0.));
#12778=DIRECTION('center_axis',(-0.707106781186547,0.,0.707106781186548));
#12779=DIRECTION('ref_axis',(0.707106781186548,0.,0.707106781186547));
#12780=DIRECTION('',(0.,-1.,0.));
#12781=DIRECTION('center_axis',(1.,0.,0.));
#12782=DIRECTION('ref_axis',(0.,1.,0.));
#12783=DIRECTION('',(0.,0.,1.));
#12784=DIRECTION('center_axis',(0.,0.,1.));
#12785=DIRECTION('ref_axis',(1.,0.,0.));
#12786=DIRECTION('center_axis',(0.707106781186547,0.,-0.707106781186548));
#12787=DIRECTION('ref_axis',(-0.707106781186548,0.,-0.707106781186547));
#12788=DIRECTION('',(-0.707106781186548,0.,-0.707106781186547));
#12789=DIRECTION('',(0.707106781186548,0.,0.707106781186547));
#12790=DIRECTION('',(0.,-1.,0.));
#12791=DIRECTION('center_axis',(0.,0.,-1.));
#12792=DIRECTION('ref_axis',(-1.,0.,0.));
#12793=DIRECTION('',(0.707106781186548,0.,-0.707106781186547));
#12794=DIRECTION('center_axis',(0.,0.,1.));
#12795=DIRECTION('ref_axis',(-1.,0.,0.));
#12796=DIRECTION('center_axis',(-0.707106781186547,0.,-0.707106781186548));
#12797=DIRECTION('ref_axis',(-0.707106781186548,0.,0.707106781186547));
#12798=DIRECTION('',(0.707106781186548,0.,-0.707106781186547));
#12799=DIRECTION('',(0.,1.,0.));
#12800=DIRECTION('center_axis',(0.,0.,-1.));
#12801=DIRECTION('ref_axis',(1.,0.,0.));
#12802=DIRECTION('center_axis',(0.,0.,1.));
#12803=DIRECTION('ref_axis',(1.,0.,0.));
#12804=DIRECTION('center_axis',(0.,0.,1.));
#12805=DIRECTION('ref_axis',(-1.,0.,0.));
#12806=DIRECTION('',(0.,0.,1.));
#12807=DIRECTION('center_axis',(0.,0.,-1.));
#12808=DIRECTION('ref_axis',(-1.,0.,0.));
#12809=DIRECTION('',(0.,0.,1.));
#12810=DIRECTION('center_axis',(-1.,0.,0.));
#12811=DIRECTION('ref_axis',(0.,-1.,0.));
#12812=DIRECTION('',(0.,0.,1.));
#12813=DIRECTION('',(0.,1.,0.));
#12814=DIRECTION('center_axis',(0.,0.,1.));
#12815=DIRECTION('ref_axis',(-1.,0.,0.));
#12816=DIRECTION('',(-0.707106781186548,0.,0.707106781186547));
#12817=DIRECTION('',(-0.707106781186548,0.,-0.707106781186547));
#12818=DIRECTION('center_axis',(0.707106781186547,0.,0.707106781186548));
#12819=DIRECTION('ref_axis',(0.707106781186548,0.,-0.707106781186547));
#12820=DIRECTION('',(-0.707106781186548,0.,0.707106781186547));
#12821=DIRECTION('center_axis',(0.,0.,1.));
#12822=DIRECTION('ref_axis',(1.,0.,0.));
#12823=DIRECTION('',(0.707106781186548,0.,0.707106781186547));
#12824=DIRECTION('center_axis',(0.,0.,-1.));
#12825=DIRECTION('ref_axis',(1.,0.,0.));
#12826=DIRECTION('center_axis',(-0.707106781186547,0.,0.707106781186548));
#12827=DIRECTION('ref_axis',(0.707106781186548,0.,0.707106781186547));
#12828=DIRECTION('',(0.,-1.,0.));
#12829=DIRECTION('center_axis',(1.,0.,0.));
#12830=DIRECTION('ref_axis',(0.,1.,0.));
#12831=DIRECTION('',(0.,0.,1.));
#12832=DIRECTION('center_axis',(0.,0.,1.));
#12833=DIRECTION('ref_axis',(1.,0.,0.));
#12834=DIRECTION('center_axis',(0.707106781186547,0.,-0.707106781186548));
#12835=DIRECTION('ref_axis',(-0.707106781186548,0.,-0.707106781186547));
#12836=DIRECTION('',(-0.707106781186548,0.,-0.707106781186547));
#12837=DIRECTION('',(0.707106781186548,0.,0.707106781186547));
#12838=DIRECTION('',(0.,-1.,0.));
#12839=DIRECTION('center_axis',(0.,0.,-1.));
#12840=DIRECTION('ref_axis',(-1.,0.,0.));
#12841=DIRECTION('',(0.707106781186548,0.,-0.707106781186547));
#12842=DIRECTION('center_axis',(0.,0.,1.));
#12843=DIRECTION('ref_axis',(-1.,0.,0.));
#12844=DIRECTION('center_axis',(-0.707106781186547,0.,-0.707106781186548));
#12845=DIRECTION('ref_axis',(-0.707106781186548,0.,0.707106781186547));
#12846=DIRECTION('',(0.707106781186548,0.,-0.707106781186547));
#12847=DIRECTION('',(0.,1.,0.));
#12848=DIRECTION('center_axis',(0.,0.,-1.));
#12849=DIRECTION('ref_axis',(1.,0.,0.));
#12850=DIRECTION('center_axis',(0.,0.,1.));
#12851=DIRECTION('ref_axis',(1.,0.,0.));
#12852=DIRECTION('center_axis',(0.,0.,1.));
#12853=DIRECTION('ref_axis',(-1.,0.,0.));
#12854=DIRECTION('',(0.,0.,1.));
#12855=DIRECTION('center_axis',(0.,0.,-1.));
#12856=DIRECTION('ref_axis',(-1.,0.,0.));
#12857=DIRECTION('',(0.,0.,1.));
#12858=DIRECTION('center_axis',(-1.,0.,0.));
#12859=DIRECTION('ref_axis',(0.,-1.,0.));
#12860=DIRECTION('',(0.,0.,1.));
#12861=DIRECTION('',(0.,1.,0.));
#12862=DIRECTION('center_axis',(0.,0.,1.));
#12863=DIRECTION('ref_axis',(-1.,0.,0.));
#12864=DIRECTION('',(-0.707106781186548,0.,0.707106781186547));
#12865=DIRECTION('',(-0.707106781186548,0.,-0.707106781186547));
#12866=DIRECTION('center_axis',(0.707106781186547,0.,0.707106781186548));
#12867=DIRECTION('ref_axis',(0.707106781186548,0.,-0.707106781186547));
#12868=DIRECTION('',(-0.707106781186548,0.,0.707106781186547));
#12869=DIRECTION('center_axis',(0.,0.,1.));
#12870=DIRECTION('ref_axis',(1.,0.,0.));
#12871=DIRECTION('',(0.707106781186548,0.,0.707106781186547));
#12872=DIRECTION('center_axis',(0.,0.,-1.));
#12873=DIRECTION('ref_axis',(1.,0.,0.));
#12874=DIRECTION('center_axis',(-0.707106781186547,0.,0.707106781186548));
#12875=DIRECTION('ref_axis',(0.707106781186548,0.,0.707106781186547));
#12876=DIRECTION('',(0.,-1.,0.));
#12877=DIRECTION('center_axis',(1.,0.,0.));
#12878=DIRECTION('ref_axis',(0.,1.,0.));
#12879=DIRECTION('',(0.,0.,1.));
#12880=DIRECTION('center_axis',(0.,0.,1.));
#12881=DIRECTION('ref_axis',(1.,0.,0.));
#12882=DIRECTION('center_axis',(0.707106781186547,0.,-0.707106781186548));
#12883=DIRECTION('ref_axis',(-0.707106781186548,0.,-0.707106781186547));
#12884=DIRECTION('',(-0.707106781186548,0.,-0.707106781186547));
#12885=DIRECTION('',(0.707106781186548,0.,0.707106781186547));
#12886=DIRECTION('',(0.,-1.,0.));
#12887=DIRECTION('center_axis',(0.,0.,-1.));
#12888=DIRECTION('ref_axis',(-1.,0.,0.));
#12889=DIRECTION('',(0.707106781186548,0.,-0.707106781186547));
#12890=DIRECTION('center_axis',(0.,0.,1.));
#12891=DIRECTION('ref_axis',(-1.,0.,0.));
#12892=DIRECTION('center_axis',(-0.707106781186547,0.,-0.707106781186548));
#12893=DIRECTION('ref_axis',(-0.707106781186548,0.,0.707106781186547));
#12894=DIRECTION('',(0.707106781186548,0.,-0.707106781186547));
#12895=DIRECTION('',(0.,1.,0.));
#12896=DIRECTION('center_axis',(0.,0.,-1.));
#12897=DIRECTION('ref_axis',(1.,0.,0.));
#12898=DIRECTION('center_axis',(0.,0.,1.));
#12899=DIRECTION('ref_axis',(1.,0.,0.));
#12900=DIRECTION('center_axis',(0.,0.,1.));
#12901=DIRECTION('ref_axis',(-1.,0.,0.));
#12902=DIRECTION('',(0.,0.,1.));
#12903=DIRECTION('center_axis',(0.,0.,-1.));
#12904=DIRECTION('ref_axis',(-1.,0.,0.));
#12905=DIRECTION('',(0.,0.,1.));
#12906=DIRECTION('center_axis',(-1.,0.,0.));
#12907=DIRECTION('ref_axis',(0.,-1.,0.));
#12908=DIRECTION('',(0.,0.,1.));
#12909=DIRECTION('',(0.,1.,0.));
#12910=DIRECTION('center_axis',(0.,0.,1.));
#12911=DIRECTION('ref_axis',(-1.,0.,0.));
#12912=DIRECTION('',(-0.707106781186548,0.,0.707106781186547));
#12913=DIRECTION('',(-0.707106781186548,0.,-0.707106781186547));
#12914=DIRECTION('center_axis',(0.707106781186547,0.,0.707106781186548));
#12915=DIRECTION('ref_axis',(0.707106781186548,0.,-0.707106781186547));
#12916=DIRECTION('',(-0.707106781186548,0.,0.707106781186547));
#12917=DIRECTION('center_axis',(0.,0.,1.));
#12918=DIRECTION('ref_axis',(1.,0.,0.));
#12919=DIRECTION('',(0.707106781186548,0.,0.707106781186547));
#12920=DIRECTION('center_axis',(0.,0.,-1.));
#12921=DIRECTION('ref_axis',(1.,0.,0.));
#12922=DIRECTION('center_axis',(-0.707106781186547,0.,0.707106781186548));
#12923=DIRECTION('ref_axis',(0.707106781186548,0.,0.707106781186547));
#12924=DIRECTION('',(0.,-1.,0.));
#12925=DIRECTION('center_axis',(1.,0.,0.));
#12926=DIRECTION('ref_axis',(0.,1.,0.));
#12927=DIRECTION('',(0.,0.,1.));
#12928=DIRECTION('center_axis',(0.,0.,1.));
#12929=DIRECTION('ref_axis',(1.,0.,0.));
#12930=DIRECTION('center_axis',(0.707106781186547,0.,-0.707106781186548));
#12931=DIRECTION('ref_axis',(-0.707106781186548,0.,-0.707106781186547));
#12932=DIRECTION('',(-0.707106781186548,0.,-0.707106781186547));
#12933=DIRECTION('',(0.707106781186548,0.,0.707106781186547));
#12934=DIRECTION('',(0.,-1.,0.));
#12935=DIRECTION('center_axis',(0.,0.,-1.));
#12936=DIRECTION('ref_axis',(-1.,0.,0.));
#12937=DIRECTION('',(0.707106781186548,0.,-0.707106781186547));
#12938=DIRECTION('center_axis',(0.,0.,1.));
#12939=DIRECTION('ref_axis',(-1.,0.,0.));
#12940=DIRECTION('center_axis',(-0.707106781186547,0.,-0.707106781186548));
#12941=DIRECTION('ref_axis',(-0.707106781186548,0.,0.707106781186547));
#12942=DIRECTION('',(0.707106781186548,0.,-0.707106781186547));
#12943=DIRECTION('',(0.,1.,0.));
#12944=DIRECTION('center_axis',(0.,0.,-1.));
#12945=DIRECTION('ref_axis',(1.,0.,0.));
#12946=DIRECTION('center_axis',(0.,0.,1.));
#12947=DIRECTION('ref_axis',(1.,0.,0.));
#12948=DIRECTION('center_axis',(0.,0.,1.));
#12949=DIRECTION('ref_axis',(-1.,0.,0.));
#12950=DIRECTION('',(0.,0.,1.));
#12951=DIRECTION('center_axis',(0.,0.,-1.));
#12952=DIRECTION('ref_axis',(-1.,0.,0.));
#12953=DIRECTION('',(0.,0.,1.));
#12954=DIRECTION('center_axis',(-1.,0.,0.));
#12955=DIRECTION('ref_axis',(0.,-1.,0.));
#12956=DIRECTION('',(0.,0.,1.));
#12957=DIRECTION('',(0.,1.,0.));
#12958=DIRECTION('center_axis',(0.,0.,1.));
#12959=DIRECTION('ref_axis',(-1.,0.,0.));
#12960=DIRECTION('',(-0.707106781186548,0.,0.707106781186547));
#12961=DIRECTION('',(-0.707106781186548,0.,-0.707106781186547));
#12962=DIRECTION('center_axis',(0.707106781186547,0.,0.707106781186548));
#12963=DIRECTION('ref_axis',(0.707106781186548,0.,-0.707106781186547));
#12964=DIRECTION('',(-0.707106781186548,0.,0.707106781186547));
#12965=DIRECTION('center_axis',(0.,0.,1.));
#12966=DIRECTION('ref_axis',(1.,0.,0.));
#12967=DIRECTION('',(0.707106781186548,0.,0.707106781186547));
#12968=DIRECTION('center_axis',(0.,0.,-1.));
#12969=DIRECTION('ref_axis',(1.,0.,0.));
#12970=DIRECTION('center_axis',(-0.707106781186547,0.,0.707106781186548));
#12971=DIRECTION('ref_axis',(0.707106781186548,0.,0.707106781186547));
#12972=DIRECTION('',(0.,-1.,0.));
#12973=DIRECTION('center_axis',(1.,0.,0.));
#12974=DIRECTION('ref_axis',(0.,1.,0.));
#12975=DIRECTION('',(0.,0.,1.));
#12976=DIRECTION('center_axis',(0.,0.,1.));
#12977=DIRECTION('ref_axis',(1.,0.,0.));
#12978=DIRECTION('center_axis',(-0.707106781186547,0.,0.707106781186548));
#12979=DIRECTION('ref_axis',(0.707106781186548,0.,0.707106781186547));
#12980=DIRECTION('',(0.707106781186548,0.,0.707106781186547));
#12981=DIRECTION('',(-0.707106781186548,0.,-0.707106781186547));
#12982=DIRECTION('',(0.,-1.,0.));
#12983=DIRECTION('center_axis',(0.,0.,1.));
#12984=DIRECTION('ref_axis',(-1.,0.,0.));
#12985=DIRECTION('',(-0.707106781186548,0.,0.707106781186547));
#12986=DIRECTION('center_axis',(0.,0.,-1.));
#12987=DIRECTION('ref_axis',(-1.,0.,0.));
#12988=DIRECTION('center_axis',(0.707106781186547,0.,0.707106781186548));
#12989=DIRECTION('ref_axis',(0.707106781186548,0.,-0.707106781186547));
#12990=DIRECTION('',(-0.707106781186548,0.,0.707106781186547));
#12991=DIRECTION('',(0.,1.,0.));
#12992=DIRECTION('center_axis',(0.,0.,1.));
#12993=DIRECTION('ref_axis',(1.,0.,0.));
#12994=DIRECTION('center_axis',(0.,0.,-1.));
#12995=DIRECTION('ref_axis',(1.,0.,0.));
#12996=DIRECTION('center_axis',(0.,0.,1.));
#12997=DIRECTION('ref_axis',(-1.,0.,0.));
#12998=DIRECTION('',(0.,0.,1.));
#12999=DIRECTION('center_axis',(0.,0.,1.));
#13000=DIRECTION('ref_axis',(-1.,0.,0.));
#13001=DIRECTION('',(0.,0.,1.));
#13002=DIRECTION('center_axis',(1.,0.,0.));
#13003=DIRECTION('ref_axis',(0.,1.,0.));
#13004=DIRECTION('',(0.,0.,1.));
#13005=DIRECTION('',(0.,1.,0.));
#13006=DIRECTION('center_axis',(0.707106781186547,0.,-0.707106781186548));
#13007=DIRECTION('ref_axis',(-0.707106781186548,0.,-0.707106781186547));
#13008=DIRECTION('',(-0.707106781186548,0.,-0.707106781186547));
#13009=DIRECTION('',(0.707106781186548,0.,0.707106781186547));
#13010=DIRECTION('',(0.,-1.,0.));
#13011=DIRECTION('center_axis',(0.,0.,-1.));
#13012=DIRECTION('ref_axis',(-1.,0.,0.));
#13013=DIRECTION('',(0.707106781186548,0.,-0.707106781186547));
#13014=DIRECTION('center_axis',(-0.707106781186547,0.,-0.707106781186548));
#13015=DIRECTION('ref_axis',(-0.707106781186548,0.,0.707106781186547));
#13016=DIRECTION('',(0.707106781186548,0.,-0.707106781186547));
#13017=DIRECTION('center_axis',(0.,0.,-1.));
#13018=DIRECTION('ref_axis',(1.,0.,0.));
#13019=DIRECTION('center_axis',(0.,0.,1.));
#13020=DIRECTION('ref_axis',(1.,0.,0.));
#13021=DIRECTION('center_axis',(-1.,0.,0.));
#13022=DIRECTION('ref_axis',(0.,-1.,0.));
#13023=DIRECTION('',(0.,0.,1.));
#13024=DIRECTION('center_axis',(0.,0.,1.));
#13025=DIRECTION('ref_axis',(1.,0.,0.));
#13026=DIRECTION('center_axis',(-0.707106781186547,0.,0.707106781186548));
#13027=DIRECTION('ref_axis',(0.707106781186548,0.,0.707106781186547));
#13028=DIRECTION('',(0.707106781186548,0.,0.707106781186547));
#13029=DIRECTION('',(-0.707106781186548,0.,-0.707106781186547));
#13030=DIRECTION('',(0.,-1.,0.));
#13031=DIRECTION('center_axis',(0.,0.,1.));
#13032=DIRECTION('ref_axis',(-1.,0.,0.));
#13033=DIRECTION('',(-0.707106781186548,0.,0.707106781186547));
#13034=DIRECTION('center_axis',(0.,0.,-1.));
#13035=DIRECTION('ref_axis',(-1.,0.,0.));
#13036=DIRECTION('center_axis',(0.707106781186547,0.,0.707106781186548));
#13037=DIRECTION('ref_axis',(0.707106781186548,0.,-0.707106781186547));
#13038=DIRECTION('',(-0.707106781186548,0.,0.707106781186547));
#13039=DIRECTION('',(0.,1.,0.));
#13040=DIRECTION('center_axis',(0.,0.,1.));
#13041=DIRECTION('ref_axis',(1.,0.,0.));
#13042=DIRECTION('center_axis',(0.,0.,-1.));
#13043=DIRECTION('ref_axis',(1.,0.,0.));
#13044=DIRECTION('center_axis',(0.,0.,1.));
#13045=DIRECTION('ref_axis',(-1.,0.,0.));
#13046=DIRECTION('',(0.,0.,1.));
#13047=DIRECTION('center_axis',(0.,0.,1.));
#13048=DIRECTION('ref_axis',(-1.,0.,0.));
#13049=DIRECTION('',(0.,0.,1.));
#13050=DIRECTION('center_axis',(1.,0.,0.));
#13051=DIRECTION('ref_axis',(0.,1.,0.));
#13052=DIRECTION('',(0.,0.,1.));
#13053=DIRECTION('',(0.,1.,0.));
#13054=DIRECTION('center_axis',(0.707106781186547,0.,-0.707106781186548));
#13055=DIRECTION('ref_axis',(-0.707106781186548,0.,-0.707106781186547));
#13056=DIRECTION('',(-0.707106781186548,0.,-0.707106781186547));
#13057=DIRECTION('',(0.707106781186548,0.,0.707106781186547));
#13058=DIRECTION('',(0.,-1.,0.));
#13059=DIRECTION('center_axis',(0.,0.,-1.));
#13060=DIRECTION('ref_axis',(-1.,0.,0.));
#13061=DIRECTION('',(0.707106781186548,0.,-0.707106781186547));
#13062=DIRECTION('center_axis',(-0.707106781186547,0.,-0.707106781186548));
#13063=DIRECTION('ref_axis',(-0.707106781186548,0.,0.707106781186547));
#13064=DIRECTION('',(0.707106781186548,0.,-0.707106781186547));
#13065=DIRECTION('center_axis',(0.,0.,-1.));
#13066=DIRECTION('ref_axis',(1.,0.,0.));
#13067=DIRECTION('center_axis',(0.,0.,1.));
#13068=DIRECTION('ref_axis',(1.,0.,0.));
#13069=DIRECTION('center_axis',(-1.,0.,0.));
#13070=DIRECTION('ref_axis',(0.,-1.,0.));
#13071=DIRECTION('',(0.,0.,1.));
#13072=DIRECTION('center_axis',(0.,0.,1.));
#13073=DIRECTION('ref_axis',(1.,0.,0.));
#13074=DIRECTION('center_axis',(-0.707106781186547,0.,0.707106781186548));
#13075=DIRECTION('ref_axis',(0.707106781186548,0.,0.707106781186547));
#13076=DIRECTION('',(0.707106781186548,0.,0.707106781186547));
#13077=DIRECTION('',(-0.707106781186548,0.,-0.707106781186547));
#13078=DIRECTION('',(0.,-1.,0.));
#13079=DIRECTION('center_axis',(0.,0.,1.));
#13080=DIRECTION('ref_axis',(-1.,0.,0.));
#13081=DIRECTION('',(-0.707106781186548,0.,0.707106781186547));
#13082=DIRECTION('center_axis',(0.,0.,-1.));
#13083=DIRECTION('ref_axis',(-1.,0.,0.));
#13084=DIRECTION('center_axis',(0.707106781186547,0.,0.707106781186548));
#13085=DIRECTION('ref_axis',(0.707106781186548,0.,-0.707106781186547));
#13086=DIRECTION('',(-0.707106781186548,0.,0.707106781186547));
#13087=DIRECTION('',(0.,1.,0.));
#13088=DIRECTION('center_axis',(0.,0.,1.));
#13089=DIRECTION('ref_axis',(1.,0.,0.));
#13090=DIRECTION('center_axis',(0.,0.,-1.));
#13091=DIRECTION('ref_axis',(1.,0.,0.));
#13092=DIRECTION('center_axis',(0.,0.,1.));
#13093=DIRECTION('ref_axis',(-1.,0.,0.));
#13094=DIRECTION('',(0.,0.,1.));
#13095=DIRECTION('center_axis',(0.,0.,1.));
#13096=DIRECTION('ref_axis',(-1.,0.,0.));
#13097=DIRECTION('',(0.,0.,1.));
#13098=DIRECTION('center_axis',(1.,0.,0.));
#13099=DIRECTION('ref_axis',(0.,1.,0.));
#13100=DIRECTION('',(0.,0.,1.));
#13101=DIRECTION('',(0.,1.,0.));
#13102=DIRECTION('center_axis',(0.707106781186547,0.,-0.707106781186548));
#13103=DIRECTION('ref_axis',(-0.707106781186548,0.,-0.707106781186547));
#13104=DIRECTION('',(-0.707106781186548,0.,-0.707106781186547));
#13105=DIRECTION('',(0.707106781186548,0.,0.707106781186547));
#13106=DIRECTION('',(0.,-1.,0.));
#13107=DIRECTION('center_axis',(0.,0.,-1.));
#13108=DIRECTION('ref_axis',(-1.,0.,0.));
#13109=DIRECTION('',(0.707106781186548,0.,-0.707106781186547));
#13110=DIRECTION('center_axis',(-0.707106781186547,0.,-0.707106781186548));
#13111=DIRECTION('ref_axis',(-0.707106781186548,0.,0.707106781186547));
#13112=DIRECTION('',(0.707106781186548,0.,-0.707106781186547));
#13113=DIRECTION('center_axis',(0.,0.,-1.));
#13114=DIRECTION('ref_axis',(1.,0.,0.));
#13115=DIRECTION('center_axis',(0.,0.,1.));
#13116=DIRECTION('ref_axis',(1.,0.,0.));
#13117=DIRECTION('center_axis',(-1.,0.,0.));
#13118=DIRECTION('ref_axis',(0.,-1.,0.));
#13119=DIRECTION('',(0.,0.,1.));
#13120=DIRECTION('center_axis',(0.,0.,1.));
#13121=DIRECTION('ref_axis',(1.,0.,0.));
#13122=DIRECTION('center_axis',(-0.707106781186547,0.,0.707106781186548));
#13123=DIRECTION('ref_axis',(0.707106781186548,0.,0.707106781186547));
#13124=DIRECTION('',(0.707106781186548,0.,0.707106781186547));
#13125=DIRECTION('',(-0.707106781186548,0.,-0.707106781186547));
#13126=DIRECTION('',(0.,-1.,0.));
#13127=DIRECTION('center_axis',(0.,0.,1.));
#13128=DIRECTION('ref_axis',(-1.,0.,0.));
#13129=DIRECTION('',(-0.707106781186548,0.,0.707106781186547));
#13130=DIRECTION('center_axis',(0.,0.,-1.));
#13131=DIRECTION('ref_axis',(-1.,0.,0.));
#13132=DIRECTION('center_axis',(0.707106781186547,0.,0.707106781186548));
#13133=DIRECTION('ref_axis',(0.707106781186548,0.,-0.707106781186547));
#13134=DIRECTION('',(-0.707106781186548,0.,0.707106781186547));
#13135=DIRECTION('',(0.,1.,0.));
#13136=DIRECTION('center_axis',(0.,0.,1.));
#13137=DIRECTION('ref_axis',(1.,0.,0.));
#13138=DIRECTION('center_axis',(0.,0.,-1.));
#13139=DIRECTION('ref_axis',(1.,0.,0.));
#13140=DIRECTION('center_axis',(0.,0.,1.));
#13141=DIRECTION('ref_axis',(-1.,0.,0.));
#13142=DIRECTION('',(0.,0.,1.));
#13143=DIRECTION('center_axis',(0.,0.,1.));
#13144=DIRECTION('ref_axis',(-1.,0.,0.));
#13145=DIRECTION('',(0.,0.,1.));
#13146=DIRECTION('center_axis',(1.,0.,0.));
#13147=DIRECTION('ref_axis',(0.,1.,0.));
#13148=DIRECTION('',(0.,0.,1.));
#13149=DIRECTION('',(0.,1.,0.));
#13150=DIRECTION('center_axis',(0.707106781186547,0.,-0.707106781186548));
#13151=DIRECTION('ref_axis',(-0.707106781186548,0.,-0.707106781186547));
#13152=DIRECTION('',(-0.707106781186548,0.,-0.707106781186547));
#13153=DIRECTION('',(0.707106781186548,0.,0.707106781186547));
#13154=DIRECTION('',(0.,-1.,0.));
#13155=DIRECTION('center_axis',(0.,0.,-1.));
#13156=DIRECTION('ref_axis',(-1.,0.,0.));
#13157=DIRECTION('',(0.707106781186548,0.,-0.707106781186547));
#13158=DIRECTION('center_axis',(-0.707106781186547,0.,-0.707106781186548));
#13159=DIRECTION('ref_axis',(-0.707106781186548,0.,0.707106781186547));
#13160=DIRECTION('',(0.707106781186548,0.,-0.707106781186547));
#13161=DIRECTION('center_axis',(0.,0.,-1.));
#13162=DIRECTION('ref_axis',(1.,0.,0.));
#13163=DIRECTION('center_axis',(0.,0.,1.));
#13164=DIRECTION('ref_axis',(1.,0.,0.));
#13165=DIRECTION('center_axis',(-1.,0.,0.));
#13166=DIRECTION('ref_axis',(0.,-1.,0.));
#13167=DIRECTION('',(0.,0.,1.));
#13168=DIRECTION('center_axis',(0.,0.,1.));
#13169=DIRECTION('ref_axis',(1.,0.,0.));
#13170=DIRECTION('center_axis',(-0.707106781186547,0.,0.707106781186548));
#13171=DIRECTION('ref_axis',(0.707106781186548,0.,0.707106781186547));
#13172=DIRECTION('',(0.707106781186548,0.,0.707106781186547));
#13173=DIRECTION('',(-0.707106781186548,0.,-0.707106781186547));
#13174=DIRECTION('',(0.,-1.,0.));
#13175=DIRECTION('center_axis',(0.,0.,1.));
#13176=DIRECTION('ref_axis',(-1.,0.,0.));
#13177=DIRECTION('',(-0.707106781186548,0.,0.707106781186547));
#13178=DIRECTION('center_axis',(0.,0.,-1.));
#13179=DIRECTION('ref_axis',(-1.,0.,0.));
#13180=DIRECTION('center_axis',(0.707106781186547,0.,0.707106781186548));
#13181=DIRECTION('ref_axis',(0.707106781186548,0.,-0.707106781186547));
#13182=DIRECTION('',(-0.707106781186548,0.,0.707106781186547));
#13183=DIRECTION('',(0.,1.,0.));
#13184=DIRECTION('center_axis',(0.,0.,1.));
#13185=DIRECTION('ref_axis',(1.,0.,0.));
#13186=DIRECTION('center_axis',(0.,0.,-1.));
#13187=DIRECTION('ref_axis',(1.,0.,0.));
#13188=DIRECTION('center_axis',(0.,0.,1.));
#13189=DIRECTION('ref_axis',(-1.,0.,0.));
#13190=DIRECTION('',(0.,0.,1.));
#13191=DIRECTION('center_axis',(0.,0.,1.));
#13192=DIRECTION('ref_axis',(-1.,0.,0.));
#13193=DIRECTION('',(0.,0.,1.));
#13194=DIRECTION('center_axis',(1.,0.,0.));
#13195=DIRECTION('ref_axis',(0.,1.,0.));
#13196=DIRECTION('',(0.,0.,1.));
#13197=DIRECTION('',(0.,1.,0.));
#13198=DIRECTION('center_axis',(0.707106781186547,0.,-0.707106781186548));
#13199=DIRECTION('ref_axis',(-0.707106781186548,0.,-0.707106781186547));
#13200=DIRECTION('',(-0.707106781186548,0.,-0.707106781186547));
#13201=DIRECTION('',(0.707106781186548,0.,0.707106781186547));
#13202=DIRECTION('',(0.,-1.,0.));
#13203=DIRECTION('center_axis',(0.,0.,-1.));
#13204=DIRECTION('ref_axis',(-1.,0.,0.));
#13205=DIRECTION('',(0.707106781186548,0.,-0.707106781186547));
#13206=DIRECTION('center_axis',(-0.707106781186547,0.,-0.707106781186548));
#13207=DIRECTION('ref_axis',(-0.707106781186548,0.,0.707106781186547));
#13208=DIRECTION('',(0.707106781186548,0.,-0.707106781186547));
#13209=DIRECTION('center_axis',(0.,0.,-1.));
#13210=DIRECTION('ref_axis',(1.,0.,0.));
#13211=DIRECTION('center_axis',(0.,0.,1.));
#13212=DIRECTION('ref_axis',(1.,0.,0.));
#13213=DIRECTION('center_axis',(-1.,0.,0.));
#13214=DIRECTION('ref_axis',(0.,-1.,0.));
#13215=DIRECTION('',(0.,0.,1.));
#13216=DIRECTION('center_axis',(0.,0.,1.));
#13217=DIRECTION('ref_axis',(1.,0.,0.));
#13218=DIRECTION('center_axis',(-0.707106781186547,0.,0.707106781186548));
#13219=DIRECTION('ref_axis',(0.707106781186548,0.,0.707106781186547));
#13220=DIRECTION('',(0.707106781186548,0.,0.707106781186547));
#13221=DIRECTION('',(-0.707106781186548,0.,-0.707106781186547));
#13222=DIRECTION('',(0.,-1.,0.));
#13223=DIRECTION('center_axis',(0.,0.,1.));
#13224=DIRECTION('ref_axis',(-1.,0.,0.));
#13225=DIRECTION('',(-0.707106781186548,0.,0.707106781186547));
#13226=DIRECTION('center_axis',(0.,0.,-1.));
#13227=DIRECTION('ref_axis',(-1.,0.,0.));
#13228=DIRECTION('center_axis',(0.707106781186547,0.,0.707106781186548));
#13229=DIRECTION('ref_axis',(0.707106781186548,0.,-0.707106781186547));
#13230=DIRECTION('',(-0.707106781186548,0.,0.707106781186547));
#13231=DIRECTION('',(0.,1.,0.));
#13232=DIRECTION('center_axis',(0.,0.,1.));
#13233=DIRECTION('ref_axis',(1.,0.,0.));
#13234=DIRECTION('center_axis',(0.,0.,-1.));
#13235=DIRECTION('ref_axis',(1.,0.,0.));
#13236=DIRECTION('center_axis',(0.,0.,1.));
#13237=DIRECTION('ref_axis',(-1.,0.,0.));
#13238=DIRECTION('',(0.,0.,1.));
#13239=DIRECTION('center_axis',(0.,0.,1.));
#13240=DIRECTION('ref_axis',(-1.,0.,0.));
#13241=DIRECTION('',(0.,0.,1.));
#13242=DIRECTION('center_axis',(1.,0.,0.));
#13243=DIRECTION('ref_axis',(0.,1.,0.));
#13244=DIRECTION('',(0.,0.,1.));
#13245=DIRECTION('',(0.,1.,0.));
#13246=DIRECTION('center_axis',(0.707106781186547,0.,-0.707106781186548));
#13247=DIRECTION('ref_axis',(-0.707106781186548,0.,-0.707106781186547));
#13248=DIRECTION('',(-0.707106781186548,0.,-0.707106781186547));
#13249=DIRECTION('',(0.707106781186548,0.,0.707106781186547));
#13250=DIRECTION('',(0.,-1.,0.));
#13251=DIRECTION('center_axis',(0.,0.,-1.));
#13252=DIRECTION('ref_axis',(-1.,0.,0.));
#13253=DIRECTION('',(0.707106781186548,0.,-0.707106781186547));
#13254=DIRECTION('center_axis',(-0.707106781186547,0.,-0.707106781186548));
#13255=DIRECTION('ref_axis',(-0.707106781186548,0.,0.707106781186547));
#13256=DIRECTION('',(0.707106781186548,0.,-0.707106781186547));
#13257=DIRECTION('center_axis',(0.,0.,-1.));
#13258=DIRECTION('ref_axis',(1.,0.,0.));
#13259=DIRECTION('center_axis',(0.,0.,1.));
#13260=DIRECTION('ref_axis',(1.,0.,0.));
#13261=DIRECTION('center_axis',(-1.,0.,0.));
#13262=DIRECTION('ref_axis',(0.,-1.,0.));
#13263=DIRECTION('',(0.,0.,1.));
#13264=DIRECTION('center_axis',(0.,0.,1.));
#13265=DIRECTION('ref_axis',(1.,0.,0.));
#13266=DIRECTION('center_axis',(-0.707106781186547,0.,0.707106781186548));
#13267=DIRECTION('ref_axis',(0.707106781186548,0.,0.707106781186547));
#13268=DIRECTION('',(0.707106781186548,0.,0.707106781186547));
#13269=DIRECTION('',(-0.707106781186548,0.,-0.707106781186547));
#13270=DIRECTION('',(0.,-1.,0.));
#13271=DIRECTION('center_axis',(0.,0.,1.));
#13272=DIRECTION('ref_axis',(-1.,0.,0.));
#13273=DIRECTION('',(-0.707106781186548,0.,0.707106781186547));
#13274=DIRECTION('center_axis',(0.,0.,-1.));
#13275=DIRECTION('ref_axis',(-1.,0.,0.));
#13276=DIRECTION('center_axis',(0.707106781186547,0.,0.707106781186548));
#13277=DIRECTION('ref_axis',(0.707106781186548,0.,-0.707106781186547));
#13278=DIRECTION('',(-0.707106781186548,0.,0.707106781186547));
#13279=DIRECTION('',(0.,1.,0.));
#13280=DIRECTION('center_axis',(0.,0.,1.));
#13281=DIRECTION('ref_axis',(1.,0.,0.));
#13282=DIRECTION('center_axis',(0.,0.,-1.));
#13283=DIRECTION('ref_axis',(1.,0.,0.));
#13284=DIRECTION('center_axis',(0.,0.,1.));
#13285=DIRECTION('ref_axis',(-1.,0.,0.));
#13286=DIRECTION('',(0.,0.,1.));
#13287=DIRECTION('center_axis',(0.,0.,1.));
#13288=DIRECTION('ref_axis',(-1.,0.,0.));
#13289=DIRECTION('',(0.,0.,1.));
#13290=DIRECTION('center_axis',(1.,0.,0.));
#13291=DIRECTION('ref_axis',(0.,1.,0.));
#13292=DIRECTION('',(0.,0.,1.));
#13293=DIRECTION('',(0.,1.,0.));
#13294=DIRECTION('center_axis',(0.707106781186547,0.,-0.707106781186548));
#13295=DIRECTION('ref_axis',(-0.707106781186548,0.,-0.707106781186547));
#13296=DIRECTION('',(-0.707106781186548,0.,-0.707106781186547));
#13297=DIRECTION('',(0.707106781186548,0.,0.707106781186547));
#13298=DIRECTION('',(0.,-1.,0.));
#13299=DIRECTION('center_axis',(0.,0.,-1.));
#13300=DIRECTION('ref_axis',(-1.,0.,0.));
#13301=DIRECTION('',(0.707106781186548,0.,-0.707106781186547));
#13302=DIRECTION('center_axis',(-0.707106781186547,0.,-0.707106781186548));
#13303=DIRECTION('ref_axis',(-0.707106781186548,0.,0.707106781186547));
#13304=DIRECTION('',(0.707106781186548,0.,-0.707106781186547));
#13305=DIRECTION('center_axis',(0.,0.,-1.));
#13306=DIRECTION('ref_axis',(1.,0.,0.));
#13307=DIRECTION('center_axis',(0.,0.,1.));
#13308=DIRECTION('ref_axis',(1.,0.,0.));
#13309=DIRECTION('center_axis',(-1.,0.,0.));
#13310=DIRECTION('ref_axis',(0.,-1.,0.));
#13311=DIRECTION('',(0.,0.,1.));
#13312=DIRECTION('center_axis',(0.,0.,1.));
#13313=DIRECTION('ref_axis',(1.,0.,0.));
#13314=DIRECTION('center_axis',(-0.707106781186547,0.,0.707106781186548));
#13315=DIRECTION('ref_axis',(0.707106781186548,0.,0.707106781186547));
#13316=DIRECTION('',(0.707106781186548,0.,0.707106781186547));
#13317=DIRECTION('',(-0.707106781186548,0.,-0.707106781186547));
#13318=DIRECTION('',(0.,-1.,0.));
#13319=DIRECTION('center_axis',(0.,0.,1.));
#13320=DIRECTION('ref_axis',(-1.,0.,0.));
#13321=DIRECTION('',(-0.707106781186548,0.,0.707106781186547));
#13322=DIRECTION('center_axis',(0.,0.,-1.));
#13323=DIRECTION('ref_axis',(-1.,0.,0.));
#13324=DIRECTION('center_axis',(0.707106781186547,0.,0.707106781186548));
#13325=DIRECTION('ref_axis',(0.707106781186548,0.,-0.707106781186547));
#13326=DIRECTION('',(-0.707106781186548,0.,0.707106781186547));
#13327=DIRECTION('',(0.,1.,0.));
#13328=DIRECTION('center_axis',(0.,0.,1.));
#13329=DIRECTION('ref_axis',(1.,0.,0.));
#13330=DIRECTION('center_axis',(0.,0.,-1.));
#13331=DIRECTION('ref_axis',(1.,0.,0.));
#13332=DIRECTION('center_axis',(0.,0.,1.));
#13333=DIRECTION('ref_axis',(-1.,0.,0.));
#13334=DIRECTION('',(0.,0.,1.));
#13335=DIRECTION('center_axis',(0.,0.,1.));
#13336=DIRECTION('ref_axis',(-1.,0.,0.));
#13337=DIRECTION('',(0.,0.,1.));
#13338=DIRECTION('center_axis',(1.,0.,0.));
#13339=DIRECTION('ref_axis',(0.,1.,0.));
#13340=DIRECTION('',(0.,0.,1.));
#13341=DIRECTION('',(0.,1.,0.));
#13342=DIRECTION('center_axis',(0.707106781186547,0.,-0.707106781186548));
#13343=DIRECTION('ref_axis',(-0.707106781186548,0.,-0.707106781186547));
#13344=DIRECTION('',(-0.707106781186548,0.,-0.707106781186547));
#13345=DIRECTION('',(0.707106781186548,0.,0.707106781186547));
#13346=DIRECTION('',(0.,-1.,0.));
#13347=DIRECTION('center_axis',(0.,0.,-1.));
#13348=DIRECTION('ref_axis',(-1.,0.,0.));
#13349=DIRECTION('',(0.707106781186548,0.,-0.707106781186547));
#13350=DIRECTION('center_axis',(-0.707106781186547,0.,-0.707106781186548));
#13351=DIRECTION('ref_axis',(-0.707106781186548,0.,0.707106781186547));
#13352=DIRECTION('',(0.707106781186548,0.,-0.707106781186547));
#13353=DIRECTION('center_axis',(0.,0.,-1.));
#13354=DIRECTION('ref_axis',(1.,0.,0.));
#13355=DIRECTION('center_axis',(0.,0.,1.));
#13356=DIRECTION('ref_axis',(1.,0.,0.));
#13357=DIRECTION('center_axis',(-1.,0.,0.));
#13358=DIRECTION('ref_axis',(0.,-1.,0.));
#13359=DIRECTION('',(0.,0.,1.));
#13360=DIRECTION('center_axis',(0.,0.,1.));
#13361=DIRECTION('ref_axis',(1.,0.,0.));
#13362=DIRECTION('center_axis',(-0.707106781186547,0.,0.707106781186548));
#13363=DIRECTION('ref_axis',(0.707106781186548,0.,0.707106781186547));
#13364=DIRECTION('',(0.707106781186548,0.,0.707106781186547));
#13365=DIRECTION('',(-0.707106781186548,0.,-0.707106781186547));
#13366=DIRECTION('',(0.,-1.,0.));
#13367=DIRECTION('center_axis',(0.,0.,1.));
#13368=DIRECTION('ref_axis',(-1.,0.,0.));
#13369=DIRECTION('',(-0.707106781186548,0.,0.707106781186547));
#13370=DIRECTION('center_axis',(0.,0.,-1.));
#13371=DIRECTION('ref_axis',(-1.,0.,0.));
#13372=DIRECTION('center_axis',(0.707106781186547,0.,0.707106781186548));
#13373=DIRECTION('ref_axis',(0.707106781186548,0.,-0.707106781186547));
#13374=DIRECTION('',(-0.707106781186548,0.,0.707106781186547));
#13375=DIRECTION('',(0.,1.,0.));
#13376=DIRECTION('center_axis',(0.,0.,1.));
#13377=DIRECTION('ref_axis',(1.,0.,0.));
#13378=DIRECTION('center_axis',(0.,0.,-1.));
#13379=DIRECTION('ref_axis',(1.,0.,0.));
#13380=DIRECTION('center_axis',(0.,0.,1.));
#13381=DIRECTION('ref_axis',(-1.,0.,0.));
#13382=DIRECTION('',(0.,0.,1.));
#13383=DIRECTION('center_axis',(0.,0.,1.));
#13384=DIRECTION('ref_axis',(-1.,0.,0.));
#13385=DIRECTION('',(0.,0.,1.));
#13386=DIRECTION('center_axis',(1.,0.,0.));
#13387=DIRECTION('ref_axis',(0.,1.,0.));
#13388=DIRECTION('',(0.,0.,1.));
#13389=DIRECTION('',(0.,1.,0.));
#13390=DIRECTION('center_axis',(0.707106781186547,0.,-0.707106781186548));
#13391=DIRECTION('ref_axis',(-0.707106781186548,0.,-0.707106781186547));
#13392=DIRECTION('',(-0.707106781186548,0.,-0.707106781186547));
#13393=DIRECTION('',(0.707106781186548,0.,0.707106781186547));
#13394=DIRECTION('',(0.,-1.,0.));
#13395=DIRECTION('center_axis',(0.,0.,-1.));
#13396=DIRECTION('ref_axis',(-1.,0.,0.));
#13397=DIRECTION('',(0.707106781186548,0.,-0.707106781186547));
#13398=DIRECTION('center_axis',(-0.707106781186547,0.,-0.707106781186548));
#13399=DIRECTION('ref_axis',(-0.707106781186548,0.,0.707106781186547));
#13400=DIRECTION('',(0.707106781186548,0.,-0.707106781186547));
#13401=DIRECTION('center_axis',(0.,0.,-1.));
#13402=DIRECTION('ref_axis',(1.,0.,0.));
#13403=DIRECTION('center_axis',(0.,0.,1.));
#13404=DIRECTION('ref_axis',(1.,0.,0.));
#13405=DIRECTION('center_axis',(-1.,0.,0.));
#13406=DIRECTION('ref_axis',(0.,-1.,0.));
#13407=DIRECTION('',(0.,0.,1.));
#13408=DIRECTION('center_axis',(0.,0.,1.));
#13409=DIRECTION('ref_axis',(1.,0.,0.));
#13410=DIRECTION('center_axis',(-0.707106781186547,0.,0.707106781186548));
#13411=DIRECTION('ref_axis',(0.707106781186548,0.,0.707106781186547));
#13412=DIRECTION('',(0.707106781186548,0.,0.707106781186547));
#13413=DIRECTION('',(-0.707106781186548,0.,-0.707106781186547));
#13414=DIRECTION('',(0.,-1.,0.));
#13415=DIRECTION('center_axis',(0.,0.,1.));
#13416=DIRECTION('ref_axis',(-1.,0.,0.));
#13417=DIRECTION('',(-0.707106781186548,0.,0.707106781186547));
#13418=DIRECTION('center_axis',(0.,0.,-1.));
#13419=DIRECTION('ref_axis',(-1.,0.,0.));
#13420=DIRECTION('center_axis',(0.707106781186547,0.,0.707106781186548));
#13421=DIRECTION('ref_axis',(0.707106781186548,0.,-0.707106781186547));
#13422=DIRECTION('',(-0.707106781186548,0.,0.707106781186547));
#13423=DIRECTION('',(0.,1.,0.));
#13424=DIRECTION('center_axis',(0.,0.,1.));
#13425=DIRECTION('ref_axis',(1.,0.,0.));
#13426=DIRECTION('center_axis',(0.,0.,-1.));
#13427=DIRECTION('ref_axis',(1.,0.,0.));
#13428=DIRECTION('center_axis',(0.,0.,1.));
#13429=DIRECTION('ref_axis',(-1.,0.,0.));
#13430=DIRECTION('',(0.,0.,1.));
#13431=DIRECTION('center_axis',(0.,0.,1.));
#13432=DIRECTION('ref_axis',(-1.,0.,0.));
#13433=DIRECTION('',(0.,0.,1.));
#13434=DIRECTION('center_axis',(1.,0.,0.));
#13435=DIRECTION('ref_axis',(0.,1.,0.));
#13436=DIRECTION('',(0.,0.,1.));
#13437=DIRECTION('',(0.,1.,0.));
#13438=DIRECTION('center_axis',(0.707106781186547,0.,-0.707106781186548));
#13439=DIRECTION('ref_axis',(-0.707106781186548,0.,-0.707106781186547));
#13440=DIRECTION('',(-0.707106781186548,0.,-0.707106781186547));
#13441=DIRECTION('',(0.707106781186548,0.,0.707106781186547));
#13442=DIRECTION('',(0.,-1.,0.));
#13443=DIRECTION('center_axis',(0.,0.,-1.));
#13444=DIRECTION('ref_axis',(-1.,0.,0.));
#13445=DIRECTION('',(0.707106781186548,0.,-0.707106781186547));
#13446=DIRECTION('center_axis',(-0.707106781186547,0.,-0.707106781186548));
#13447=DIRECTION('ref_axis',(-0.707106781186548,0.,0.707106781186547));
#13448=DIRECTION('',(0.707106781186548,0.,-0.707106781186547));
#13449=DIRECTION('center_axis',(0.,0.,-1.));
#13450=DIRECTION('ref_axis',(1.,0.,0.));
#13451=DIRECTION('center_axis',(0.,0.,1.));
#13452=DIRECTION('ref_axis',(1.,0.,0.));
#13453=DIRECTION('center_axis',(-1.,0.,0.));
#13454=DIRECTION('ref_axis',(0.,-1.,0.));
#13455=DIRECTION('',(0.,0.,1.));
#13456=DIRECTION('center_axis',(0.,0.,1.));
#13457=DIRECTION('ref_axis',(1.,0.,0.));
#13458=DIRECTION('center_axis',(-0.707106781186547,0.,0.707106781186548));
#13459=DIRECTION('ref_axis',(0.707106781186548,0.,0.707106781186547));
#13460=DIRECTION('',(0.707106781186548,0.,0.707106781186547));
#13461=DIRECTION('',(-0.707106781186548,0.,-0.707106781186547));
#13462=DIRECTION('',(0.,-1.,0.));
#13463=DIRECTION('center_axis',(0.,0.,1.));
#13464=DIRECTION('ref_axis',(-1.,0.,0.));
#13465=DIRECTION('',(-0.707106781186548,0.,0.707106781186547));
#13466=DIRECTION('center_axis',(0.,0.,-1.));
#13467=DIRECTION('ref_axis',(-1.,0.,0.));
#13468=DIRECTION('center_axis',(0.707106781186547,0.,0.707106781186548));
#13469=DIRECTION('ref_axis',(0.707106781186548,0.,-0.707106781186547));
#13470=DIRECTION('',(-0.707106781186548,0.,0.707106781186547));
#13471=DIRECTION('',(0.,1.,0.));
#13472=DIRECTION('center_axis',(0.,0.,1.));
#13473=DIRECTION('ref_axis',(1.,0.,0.));
#13474=DIRECTION('center_axis',(0.,0.,-1.));
#13475=DIRECTION('ref_axis',(1.,0.,0.));
#13476=DIRECTION('center_axis',(0.,0.,1.));
#13477=DIRECTION('ref_axis',(-1.,0.,0.));
#13478=DIRECTION('',(0.,0.,1.));
#13479=DIRECTION('center_axis',(0.,0.,1.));
#13480=DIRECTION('ref_axis',(-1.,0.,0.));
#13481=DIRECTION('',(0.,0.,1.));
#13482=DIRECTION('center_axis',(1.,0.,0.));
#13483=DIRECTION('ref_axis',(0.,1.,0.));
#13484=DIRECTION('',(0.,0.,1.));
#13485=DIRECTION('',(0.,1.,0.));
#13486=DIRECTION('center_axis',(0.707106781186547,0.,-0.707106781186548));
#13487=DIRECTION('ref_axis',(-0.707106781186548,0.,-0.707106781186547));
#13488=DIRECTION('',(-0.707106781186548,0.,-0.707106781186547));
#13489=DIRECTION('',(0.707106781186548,0.,0.707106781186547));
#13490=DIRECTION('',(0.,-1.,0.));
#13491=DIRECTION('center_axis',(0.,0.,-1.));
#13492=DIRECTION('ref_axis',(-1.,0.,0.));
#13493=DIRECTION('',(0.707106781186548,0.,-0.707106781186547));
#13494=DIRECTION('center_axis',(-0.707106781186547,0.,-0.707106781186548));
#13495=DIRECTION('ref_axis',(-0.707106781186548,0.,0.707106781186547));
#13496=DIRECTION('',(0.707106781186548,0.,-0.707106781186547));
#13497=DIRECTION('center_axis',(0.,0.,-1.));
#13498=DIRECTION('ref_axis',(1.,0.,0.));
#13499=DIRECTION('center_axis',(0.,0.,1.));
#13500=DIRECTION('ref_axis',(1.,0.,0.));
#13501=DIRECTION('center_axis',(-1.,0.,0.));
#13502=DIRECTION('ref_axis',(0.,-1.,0.));
#13503=DIRECTION('',(0.,0.,1.));
#13504=DIRECTION('center_axis',(0.,0.,1.));
#13505=DIRECTION('ref_axis',(1.,0.,0.));
#13506=DIRECTION('center_axis',(-0.707106781186547,0.,0.707106781186548));
#13507=DIRECTION('ref_axis',(0.707106781186548,0.,0.707106781186547));
#13508=DIRECTION('',(0.707106781186548,0.,0.707106781186547));
#13509=DIRECTION('',(-0.707106781186548,0.,-0.707106781186547));
#13510=DIRECTION('',(0.,-1.,0.));
#13511=DIRECTION('center_axis',(0.,0.,1.));
#13512=DIRECTION('ref_axis',(-1.,0.,0.));
#13513=DIRECTION('',(-0.707106781186548,0.,0.707106781186547));
#13514=DIRECTION('center_axis',(0.,0.,-1.));
#13515=DIRECTION('ref_axis',(-1.,0.,0.));
#13516=DIRECTION('center_axis',(0.707106781186547,0.,0.707106781186548));
#13517=DIRECTION('ref_axis',(0.707106781186548,0.,-0.707106781186547));
#13518=DIRECTION('',(-0.707106781186548,0.,0.707106781186547));
#13519=DIRECTION('',(0.,1.,0.));
#13520=DIRECTION('center_axis',(0.,0.,1.));
#13521=DIRECTION('ref_axis',(1.,0.,0.));
#13522=DIRECTION('center_axis',(0.,0.,-1.));
#13523=DIRECTION('ref_axis',(1.,0.,0.));
#13524=DIRECTION('center_axis',(0.,0.,1.));
#13525=DIRECTION('ref_axis',(-1.,0.,0.));
#13526=DIRECTION('',(0.,0.,1.));
#13527=DIRECTION('center_axis',(0.,0.,1.));
#13528=DIRECTION('ref_axis',(-1.,0.,0.));
#13529=DIRECTION('',(0.,0.,1.));
#13530=DIRECTION('center_axis',(1.,0.,0.));
#13531=DIRECTION('ref_axis',(0.,1.,0.));
#13532=DIRECTION('',(0.,0.,1.));
#13533=DIRECTION('',(0.,1.,0.));
#13534=DIRECTION('center_axis',(0.707106781186547,0.,-0.707106781186548));
#13535=DIRECTION('ref_axis',(-0.707106781186548,0.,-0.707106781186547));
#13536=DIRECTION('',(-0.707106781186548,0.,-0.707106781186547));
#13537=DIRECTION('',(0.707106781186548,0.,0.707106781186547));
#13538=DIRECTION('',(0.,-1.,0.));
#13539=DIRECTION('center_axis',(0.,0.,-1.));
#13540=DIRECTION('ref_axis',(-1.,0.,0.));
#13541=DIRECTION('',(0.707106781186548,0.,-0.707106781186547));
#13542=DIRECTION('center_axis',(-0.707106781186547,0.,-0.707106781186548));
#13543=DIRECTION('ref_axis',(-0.707106781186548,0.,0.707106781186547));
#13544=DIRECTION('',(0.707106781186548,0.,-0.707106781186547));
#13545=DIRECTION('center_axis',(0.,0.,-1.));
#13546=DIRECTION('ref_axis',(1.,0.,0.));
#13547=DIRECTION('center_axis',(0.,0.,1.));
#13548=DIRECTION('ref_axis',(1.,0.,0.));
#13549=DIRECTION('center_axis',(-1.,0.,0.));
#13550=DIRECTION('ref_axis',(0.,-1.,0.));
#13551=DIRECTION('',(0.,0.,1.));
#13552=DIRECTION('center_axis',(0.,0.,1.));
#13553=DIRECTION('ref_axis',(1.,0.,0.));
#13554=DIRECTION('center_axis',(-0.707106781186547,0.,0.707106781186548));
#13555=DIRECTION('ref_axis',(0.707106781186548,0.,0.707106781186547));
#13556=DIRECTION('',(0.707106781186548,0.,0.707106781186547));
#13557=DIRECTION('',(-0.707106781186548,0.,-0.707106781186547));
#13558=DIRECTION('',(0.,-1.,0.));
#13559=DIRECTION('center_axis',(0.,0.,1.));
#13560=DIRECTION('ref_axis',(-1.,0.,0.));
#13561=DIRECTION('',(-0.707106781186548,0.,0.707106781186547));
#13562=DIRECTION('center_axis',(0.,0.,-1.));
#13563=DIRECTION('ref_axis',(-1.,0.,0.));
#13564=DIRECTION('center_axis',(0.707106781186547,0.,0.707106781186548));
#13565=DIRECTION('ref_axis',(0.707106781186548,0.,-0.707106781186547));
#13566=DIRECTION('',(-0.707106781186548,0.,0.707106781186547));
#13567=DIRECTION('',(0.,1.,0.));
#13568=DIRECTION('center_axis',(0.,0.,1.));
#13569=DIRECTION('ref_axis',(1.,0.,0.));
#13570=DIRECTION('center_axis',(0.,0.,-1.));
#13571=DIRECTION('ref_axis',(1.,0.,0.));
#13572=DIRECTION('center_axis',(0.,0.,1.));
#13573=DIRECTION('ref_axis',(-1.,0.,0.));
#13574=DIRECTION('',(0.,0.,1.));
#13575=DIRECTION('center_axis',(0.,0.,1.));
#13576=DIRECTION('ref_axis',(-1.,0.,0.));
#13577=DIRECTION('',(0.,0.,1.));
#13578=DIRECTION('center_axis',(1.,0.,0.));
#13579=DIRECTION('ref_axis',(0.,1.,0.));
#13580=DIRECTION('',(0.,0.,1.));
#13581=DIRECTION('',(0.,1.,0.));
#13582=DIRECTION('center_axis',(0.707106781186547,0.,-0.707106781186548));
#13583=DIRECTION('ref_axis',(-0.707106781186548,0.,-0.707106781186547));
#13584=DIRECTION('',(-0.707106781186548,0.,-0.707106781186547));
#13585=DIRECTION('',(0.707106781186548,0.,0.707106781186547));
#13586=DIRECTION('',(0.,-1.,0.));
#13587=DIRECTION('center_axis',(0.,0.,-1.));
#13588=DIRECTION('ref_axis',(-1.,0.,0.));
#13589=DIRECTION('',(0.707106781186548,0.,-0.707106781186547));
#13590=DIRECTION('center_axis',(-0.707106781186547,0.,-0.707106781186548));
#13591=DIRECTION('ref_axis',(-0.707106781186548,0.,0.707106781186547));
#13592=DIRECTION('',(0.707106781186548,0.,-0.707106781186547));
#13593=DIRECTION('center_axis',(0.,0.,-1.));
#13594=DIRECTION('ref_axis',(1.,0.,0.));
#13595=DIRECTION('center_axis',(0.,0.,1.));
#13596=DIRECTION('ref_axis',(1.,0.,0.));
#13597=DIRECTION('center_axis',(-1.,0.,0.));
#13598=DIRECTION('ref_axis',(0.,-1.,0.));
#13599=DIRECTION('',(0.,0.,1.));
#13600=DIRECTION('center_axis',(0.,0.,1.));
#13601=DIRECTION('ref_axis',(1.,0.,0.));
#13602=DIRECTION('center_axis',(-0.707106781186547,0.,0.707106781186548));
#13603=DIRECTION('ref_axis',(0.707106781186548,0.,0.707106781186547));
#13604=DIRECTION('',(0.707106781186548,0.,0.707106781186547));
#13605=DIRECTION('',(-0.707106781186548,0.,-0.707106781186547));
#13606=DIRECTION('',(0.,-1.,0.));
#13607=DIRECTION('center_axis',(0.,0.,1.));
#13608=DIRECTION('ref_axis',(-1.,0.,0.));
#13609=DIRECTION('',(-0.707106781186548,0.,0.707106781186547));
#13610=DIRECTION('center_axis',(0.,0.,-1.));
#13611=DIRECTION('ref_axis',(-1.,0.,0.));
#13612=DIRECTION('center_axis',(0.707106781186547,0.,0.707106781186548));
#13613=DIRECTION('ref_axis',(0.707106781186548,0.,-0.707106781186547));
#13614=DIRECTION('',(-0.707106781186548,0.,0.707106781186547));
#13615=DIRECTION('',(0.,1.,0.));
#13616=DIRECTION('center_axis',(0.,0.,1.));
#13617=DIRECTION('ref_axis',(1.,0.,0.));
#13618=DIRECTION('center_axis',(0.,0.,-1.));
#13619=DIRECTION('ref_axis',(1.,0.,0.));
#13620=DIRECTION('center_axis',(0.,0.,1.));
#13621=DIRECTION('ref_axis',(-1.,0.,0.));
#13622=DIRECTION('',(0.,0.,1.));
#13623=DIRECTION('center_axis',(0.,0.,1.));
#13624=DIRECTION('ref_axis',(-1.,0.,0.));
#13625=DIRECTION('',(0.,0.,1.));
#13626=DIRECTION('center_axis',(1.,0.,0.));
#13627=DIRECTION('ref_axis',(0.,1.,0.));
#13628=DIRECTION('',(0.,0.,1.));
#13629=DIRECTION('',(0.,1.,0.));
#13630=DIRECTION('center_axis',(0.707106781186547,0.,-0.707106781186548));
#13631=DIRECTION('ref_axis',(-0.707106781186548,0.,-0.707106781186547));
#13632=DIRECTION('',(-0.707106781186548,0.,-0.707106781186547));
#13633=DIRECTION('',(0.707106781186548,0.,0.707106781186547));
#13634=DIRECTION('',(0.,-1.,0.));
#13635=DIRECTION('center_axis',(0.,0.,-1.));
#13636=DIRECTION('ref_axis',(-1.,0.,0.));
#13637=DIRECTION('',(0.707106781186548,0.,-0.707106781186547));
#13638=DIRECTION('center_axis',(-0.707106781186547,0.,-0.707106781186548));
#13639=DIRECTION('ref_axis',(-0.707106781186548,0.,0.707106781186547));
#13640=DIRECTION('',(0.707106781186548,0.,-0.707106781186547));
#13641=DIRECTION('center_axis',(0.,0.,-1.));
#13642=DIRECTION('ref_axis',(1.,0.,0.));
#13643=DIRECTION('center_axis',(0.,0.,1.));
#13644=DIRECTION('ref_axis',(1.,0.,0.));
#13645=DIRECTION('center_axis',(-1.,0.,0.));
#13646=DIRECTION('ref_axis',(0.,-1.,0.));
#13647=DIRECTION('',(0.,0.,1.));
#13648=DIRECTION('center_axis',(0.,0.,1.));
#13649=DIRECTION('ref_axis',(1.,0.,0.));
#13650=DIRECTION('center_axis',(-0.707106781186547,0.,0.707106781186548));
#13651=DIRECTION('ref_axis',(0.707106781186548,0.,0.707106781186547));
#13652=DIRECTION('',(0.707106781186548,0.,0.707106781186547));
#13653=DIRECTION('',(-0.707106781186548,0.,-0.707106781186547));
#13654=DIRECTION('',(0.,-1.,0.));
#13655=DIRECTION('center_axis',(0.,0.,1.));
#13656=DIRECTION('ref_axis',(-1.,0.,0.));
#13657=DIRECTION('',(-0.707106781186548,0.,0.707106781186547));
#13658=DIRECTION('center_axis',(0.,0.,-1.));
#13659=DIRECTION('ref_axis',(-1.,0.,0.));
#13660=DIRECTION('center_axis',(0.707106781186547,0.,0.707106781186548));
#13661=DIRECTION('ref_axis',(0.707106781186548,0.,-0.707106781186547));
#13662=DIRECTION('',(-0.707106781186548,0.,0.707106781186547));
#13663=DIRECTION('',(0.,1.,0.));
#13664=DIRECTION('center_axis',(0.,0.,1.));
#13665=DIRECTION('ref_axis',(1.,0.,0.));
#13666=DIRECTION('center_axis',(0.,0.,-1.));
#13667=DIRECTION('ref_axis',(1.,0.,0.));
#13668=DIRECTION('center_axis',(0.,0.,1.));
#13669=DIRECTION('ref_axis',(-1.,0.,0.));
#13670=DIRECTION('',(0.,0.,1.));
#13671=DIRECTION('center_axis',(0.,0.,1.));
#13672=DIRECTION('ref_axis',(-1.,0.,0.));
#13673=DIRECTION('',(0.,0.,1.));
#13674=DIRECTION('center_axis',(1.,0.,0.));
#13675=DIRECTION('ref_axis',(0.,1.,0.));
#13676=DIRECTION('',(0.,0.,1.));
#13677=DIRECTION('',(0.,1.,0.));
#13678=DIRECTION('center_axis',(0.707106781186547,0.,-0.707106781186548));
#13679=DIRECTION('ref_axis',(-0.707106781186548,0.,-0.707106781186547));
#13680=DIRECTION('',(-0.707106781186548,0.,-0.707106781186547));
#13681=DIRECTION('',(0.707106781186548,0.,0.707106781186547));
#13682=DIRECTION('',(0.,-1.,0.));
#13683=DIRECTION('center_axis',(0.,0.,-1.));
#13684=DIRECTION('ref_axis',(-1.,0.,0.));
#13685=DIRECTION('',(0.707106781186548,0.,-0.707106781186547));
#13686=DIRECTION('center_axis',(-0.707106781186547,0.,-0.707106781186548));
#13687=DIRECTION('ref_axis',(-0.707106781186548,0.,0.707106781186547));
#13688=DIRECTION('',(0.707106781186548,0.,-0.707106781186547));
#13689=DIRECTION('center_axis',(0.,0.,-1.));
#13690=DIRECTION('ref_axis',(1.,0.,0.));
#13691=DIRECTION('center_axis',(0.,0.,1.));
#13692=DIRECTION('ref_axis',(1.,0.,0.));
#13693=DIRECTION('center_axis',(-1.,0.,0.));
#13694=DIRECTION('ref_axis',(0.,-1.,0.));
#13695=DIRECTION('',(0.,0.,1.));
#13696=DIRECTION('center_axis',(0.,0.,1.));
#13697=DIRECTION('ref_axis',(1.,0.,0.));
#13698=CARTESIAN_POINT('',(0.,0.,0.));
#13699=CARTESIAN_POINT('Origin',(82.9936609844246,-71.4999999999999,0.0805071212460375));
#13700=CARTESIAN_POINT('',(87.,-71.4999999999999,0.));
#13701=CARTESIAN_POINT('',(82.9872204147249,-75.5,0.));
#13702=CARTESIAN_POINT('Origin',(82.987220414725,-71.4999999999999,0.));
#13703=CARTESIAN_POINT('',(85.8,-71.4999999999999,-15.));
#13704=CARTESIAN_POINT('',(86.9809220985692,-71.4999999999999,-0.238473767885521));
#13705=CARTESIAN_POINT('',(81.787220414725,-75.5,-15.));
#13706=CARTESIAN_POINT('Origin',(81.787220414725,-71.4999999999999,-15.));
#13707=CARTESIAN_POINT('',(82.9936609844246,-75.5,0.0805071212460375));
#13708=CARTESIAN_POINT('Origin',(87.0000000000001,81.,0.));
#13709=CARTESIAN_POINT('',(87.0000000000001,71.4999999999999,0.));
#13710=CARTESIAN_POINT('',(87.0000000000001,40.4999999999999,0.));
#13711=CARTESIAN_POINT('',(85.8000000000001,71.4999999999999,-15.));
#13712=CARTESIAN_POINT('',(87.0095389507155,71.4999999999999,0.119236883942765));
#13713=CARTESIAN_POINT('',(85.8000000000001,81.,-15.));
#13714=CARTESIAN_POINT('Origin',(71.5000000000001,-83.0222778365707,0.438217773074328));
#13715=CARTESIAN_POINT('',(75.5000000000001,-82.9872204147248,0.));
#13716=CARTESIAN_POINT('',(71.5000000000001,-86.9999999999998,5.55111512312578E-16));
#13717=CARTESIAN_POINT('Origin',(71.5000000000001,-82.9872204147248,0.));
#13718=CARTESIAN_POINT('',(75.5000000000001,-81.7872204147248,-14.9999999999999));
#13719=CARTESIAN_POINT('',(75.5000000000001,-83.0222778365707,0.438217773074328));
#13720=CARTESIAN_POINT('',(71.5000000000001,-85.7999999999998,-15.));
#13721=CARTESIAN_POINT('Origin',(71.5000000000001,-81.7872204147248,-14.9999999999999));
#13722=CARTESIAN_POINT('',(71.5000000000001,-87.0095389507152,0.119236883942771));
#13723=CARTESIAN_POINT('Origin',(7.105427357601E-14,-3.5527136788005E-14,
0.));
#13724=CARTESIAN_POINT('',(81.0000000000001,-75.5,0.));
#13725=CARTESIAN_POINT('',(40.5000000000001,-75.5,0.));
#13726=CARTESIAN_POINT('',(75.5000000000001,-81.,0.));
#13727=CARTESIAN_POINT('Origin',(81.0000000000001,-81.,0.));
#13728=CARTESIAN_POINT('',(75.5000000000001,-45.,0.));
#13729=CARTESIAN_POINT('',(-71.5000000000001,-86.9999999999999,5.55111512312578E-16));
#13730=CARTESIAN_POINT('',(40.4999999999946,-86.9999999999998,5.55111512312578E-16));
#13731=CARTESIAN_POINT('',(-75.5000000000001,-82.9872204147249,0.));
#13732=CARTESIAN_POINT('Origin',(-71.5000000000001,-82.9872204147249,0.));
#13733=CARTESIAN_POINT('',(-75.5000000000001,-81.,0.));
#13734=CARTESIAN_POINT('',(-75.5000000000001,-40.5,0.));
#13735=CARTESIAN_POINT('',(-81.0000000000001,-75.5,0.));
#13736=CARTESIAN_POINT('Origin',(-81.0000000000001,-81.,0.));
#13737=CARTESIAN_POINT('',(-82.9872204147249,-75.5,0.));
#13738=CARTESIAN_POINT('',(-45.,-75.5,0.));
#13739=CARTESIAN_POINT('',(-86.9999999999999,-71.4999999999999,0.));
#13740=CARTESIAN_POINT('Origin',(-82.9872204147249,-71.4999999999999,0.));
#13741=CARTESIAN_POINT('',(-87.,71.4999999999999,0.));
#13742=CARTESIAN_POINT('',(-86.9999999999999,-40.5000000000038,0.));
#13743=CARTESIAN_POINT('',(-82.9872204147249,75.5,0.));
#13744=CARTESIAN_POINT('Origin',(-82.9872204147249,71.5,0.));
#13745=CARTESIAN_POINT('',(-81.0000000000001,75.5,0.));
#13746=CARTESIAN_POINT('',(-40.5,75.5,0.));
#13747=CARTESIAN_POINT('',(-75.5000000000001,81.,0.));
#13748=CARTESIAN_POINT('Origin',(-81.0000000000001,81.,0.));
#13749=CARTESIAN_POINT('',(-75.5000000000001,82.9872204147249,0.));
#13750=CARTESIAN_POINT('',(-75.5000000000001,44.9999999999999,0.));
#13751=CARTESIAN_POINT('',(-71.5000000000001,86.9999999999999,0.));
#13752=CARTESIAN_POINT('Origin',(-71.5000000000001,82.9872204147249,0.));
#13753=CARTESIAN_POINT('',(71.5000000000001,87.,0.));
#13754=CARTESIAN_POINT('',(1.64477485129653E-14,86.9999999999999,0.));
#13755=CARTESIAN_POINT('',(75.5000000000001,82.9872204147249,0.));
#13756=CARTESIAN_POINT('Origin',(71.5000000000001,82.9872204147249,0.));
#13757=CARTESIAN_POINT('',(75.5000000000001,81.,0.));
#13758=CARTESIAN_POINT('',(75.5000000000001,40.5,0.));
#13759=CARTESIAN_POINT('',(81.0000000000001,75.5,0.));
#13760=CARTESIAN_POINT('Origin',(81.0000000000001,81.,0.));
#13761=CARTESIAN_POINT('',(82.9872204147251,75.5,0.));
#13762=CARTESIAN_POINT('',(45.0000000000001,75.5,0.));
#13763=CARTESIAN_POINT('Origin',(82.9872204147251,71.4999999999999,0.));
#13764=CARTESIAN_POINT('',(66.6000000000001,-75.4500000000001,0.));
#13765=CARTESIAN_POINT('',(66.6000000000001,-64.5500000000001,0.));
#13766=CARTESIAN_POINT('',(66.6000000000001,-92.2750000000001,0.));
#13767=CARTESIAN_POINT('',(73.4000000000001,-75.4500000000001,0.));
#13768=CARTESIAN_POINT('Origin',(70.0000000000001,-75.4500000000001,0.));
#13769=CARTESIAN_POINT('',(73.4000000000001,-64.5500000000001,0.));
#13770=CARTESIAN_POINT('',(73.4000000000001,-97.7250000000001,0.));
#13771=CARTESIAN_POINT('Origin',(70.0000000000001,-64.5500000000001,0.));
#13772=CARTESIAN_POINT('',(26.6000000000001,-75.4500000000001,0.));
#13773=CARTESIAN_POINT('',(26.6000000000001,-64.5500000000001,0.));
#13774=CARTESIAN_POINT('',(26.6000000000001,-92.2750000000001,0.));
#13775=CARTESIAN_POINT('',(33.4000000000001,-75.4500000000001,0.));
#13776=CARTESIAN_POINT('Origin',(30.0000000000001,-75.4500000000001,0.));
#13777=CARTESIAN_POINT('',(33.4000000000001,-64.5500000000001,0.));
#13778=CARTESIAN_POINT('',(33.4000000000001,-97.7250000000001,0.));
#13779=CARTESIAN_POINT('Origin',(30.0000000000001,-64.5500000000001,0.));
#13780=CARTESIAN_POINT('',(-13.3999999999999,-75.4500000000001,0.));
#13781=CARTESIAN_POINT('',(-13.3999999999999,-64.5500000000001,0.));
#13782=CARTESIAN_POINT('',(-13.3999999999999,-92.2750000000001,0.));
#13783=CARTESIAN_POINT('',(-6.59999999999986,-75.4500000000001,0.));
#13784=CARTESIAN_POINT('Origin',(-9.99999999999986,-75.4500000000001,0.));
#13785=CARTESIAN_POINT('',(-6.59999999999986,-64.5500000000001,0.));
#13786=CARTESIAN_POINT('',(-6.59999999999986,-97.7250000000001,0.));
#13787=CARTESIAN_POINT('Origin',(-9.99999999999986,-64.5500000000001,0.));
#13788=CARTESIAN_POINT('',(-53.3999999999999,-75.4500000000001,0.));
#13789=CARTESIAN_POINT('',(-53.3999999999999,-64.5500000000001,0.));
#13790=CARTESIAN_POINT('',(-53.3999999999999,-92.2750000000001,0.));
#13791=CARTESIAN_POINT('',(-46.5999999999999,-75.4500000000001,0.));
#13792=CARTESIAN_POINT('Origin',(-49.9999999999999,-75.4500000000001,0.));
#13793=CARTESIAN_POINT('',(-46.5999999999999,-64.5500000000001,0.));
#13794=CARTESIAN_POINT('',(-46.5999999999999,-97.7250000000001,0.));
#13795=CARTESIAN_POINT('Origin',(-49.9999999999999,-64.5500000000001,0.));
#13796=CARTESIAN_POINT('',(66.6000000000001,-35.4500000000001,0.));
#13797=CARTESIAN_POINT('',(66.6000000000001,-24.5500000000001,0.));
#13798=CARTESIAN_POINT('',(66.6000000000001,-52.2750000000001,0.));
#13799=CARTESIAN_POINT('',(73.4000000000001,-35.4500000000001,0.));
#13800=CARTESIAN_POINT('Origin',(70.0000000000001,-35.4500000000001,0.));
#13801=CARTESIAN_POINT('',(73.4000000000001,-24.5500000000001,0.));
#13802=CARTESIAN_POINT('',(73.4000000000001,-57.7250000000001,0.));
#13803=CARTESIAN_POINT('Origin',(70.0000000000001,-24.5500000000001,0.));
#13804=CARTESIAN_POINT('',(26.6000000000001,-35.4500000000001,0.));
#13805=CARTESIAN_POINT('',(26.6000000000001,-24.5500000000001,0.));
#13806=CARTESIAN_POINT('',(26.6000000000001,-52.2750000000001,0.));
#13807=CARTESIAN_POINT('',(33.4000000000001,-35.4500000000001,0.));
#13808=CARTESIAN_POINT('Origin',(30.0000000000001,-35.4500000000001,0.));
#13809=CARTESIAN_POINT('',(33.4000000000001,-24.5500000000001,0.));
#13810=CARTESIAN_POINT('',(33.4000000000001,-57.7250000000001,0.));
#13811=CARTESIAN_POINT('Origin',(30.0000000000001,-24.5500000000001,0.));
#13812=CARTESIAN_POINT('',(-13.3999999999999,-35.4500000000001,0.));
#13813=CARTESIAN_POINT('',(-13.3999999999999,-24.5500000000001,0.));
#13814=CARTESIAN_POINT('',(-13.3999999999999,-52.2750000000001,0.));
#13815=CARTESIAN_POINT('',(-6.59999999999986,-35.4500000000001,0.));
#13816=CARTESIAN_POINT('Origin',(-9.99999999999986,-35.4500000000001,0.));
#13817=CARTESIAN_POINT('',(-6.59999999999986,-24.5500000000001,0.));
#13818=CARTESIAN_POINT('',(-6.59999999999986,-57.7250000000001,0.));
#13819=CARTESIAN_POINT('Origin',(-9.99999999999986,-24.5500000000001,0.));
#13820=CARTESIAN_POINT('',(-53.3999999999999,-35.4500000000001,0.));
#13821=CARTESIAN_POINT('',(-53.3999999999999,-24.5500000000001,0.));
#13822=CARTESIAN_POINT('',(-53.3999999999999,-52.2750000000001,0.));
#13823=CARTESIAN_POINT('',(-46.5999999999999,-35.4500000000001,0.));
#13824=CARTESIAN_POINT('Origin',(-49.9999999999999,-35.4500000000001,0.));
#13825=CARTESIAN_POINT('',(-46.5999999999999,-24.5500000000001,0.));
#13826=CARTESIAN_POINT('',(-46.5999999999999,-57.7250000000001,0.));
#13827=CARTESIAN_POINT('Origin',(-49.9999999999999,-24.5500000000001,0.));
#13828=CARTESIAN_POINT('',(66.6000000000001,4.54999999999993,0.));
#13829=CARTESIAN_POINT('',(66.6000000000001,15.4499999999999,0.));
#13830=CARTESIAN_POINT('',(66.6000000000001,-12.2750000000001,0.));
#13831=CARTESIAN_POINT('',(73.4000000000001,4.54999999999993,0.));
#13832=CARTESIAN_POINT('Origin',(70.0000000000001,4.54999999999993,0.));
#13833=CARTESIAN_POINT('',(73.4000000000001,15.4499999999999,0.));
#13834=CARTESIAN_POINT('',(73.4000000000001,-17.7250000000001,0.));
#13835=CARTESIAN_POINT('Origin',(70.0000000000001,15.4499999999999,0.));
#13836=CARTESIAN_POINT('',(26.6000000000001,4.54999999999993,0.));
#13837=CARTESIAN_POINT('',(26.6000000000001,15.4499999999999,0.));
#13838=CARTESIAN_POINT('',(26.6000000000001,-12.2750000000001,0.));
#13839=CARTESIAN_POINT('',(33.4000000000001,4.54999999999993,0.));
#13840=CARTESIAN_POINT('Origin',(30.0000000000001,4.54999999999993,0.));
#13841=CARTESIAN_POINT('',(33.4000000000001,15.4499999999999,0.));
#13842=CARTESIAN_POINT('',(33.4000000000001,-17.7250000000001,0.));
#13843=CARTESIAN_POINT('Origin',(30.0000000000001,15.4499999999999,0.));
#13844=CARTESIAN_POINT('',(-13.3999999999999,4.54999999999993,0.));
#13845=CARTESIAN_POINT('',(-13.3999999999999,15.4499999999999,0.));
#13846=CARTESIAN_POINT('',(-13.3999999999999,-12.2750000000001,0.));
#13847=CARTESIAN_POINT('',(-6.59999999999986,4.54999999999993,0.));
#13848=CARTESIAN_POINT('Origin',(-9.99999999999986,4.54999999999993,0.));
#13849=CARTESIAN_POINT('',(-6.59999999999986,15.4499999999999,0.));
#13850=CARTESIAN_POINT('',(-6.59999999999986,-17.7250000000001,0.));
#13851=CARTESIAN_POINT('Origin',(-9.99999999999986,15.4499999999999,0.));
#13852=CARTESIAN_POINT('',(-53.3999999999999,4.54999999999993,0.));
#13853=CARTESIAN_POINT('',(-53.3999999999999,15.4499999999999,0.));
#13854=CARTESIAN_POINT('',(-53.3999999999999,-12.2750000000001,0.));
#13855=CARTESIAN_POINT('',(-46.5999999999999,4.54999999999993,0.));
#13856=CARTESIAN_POINT('Origin',(-49.9999999999999,4.54999999999993,0.));
#13857=CARTESIAN_POINT('',(-46.5999999999999,15.4499999999999,0.));
#13858=CARTESIAN_POINT('',(-46.5999999999999,-17.7250000000001,0.));
#13859=CARTESIAN_POINT('Origin',(-49.9999999999999,15.4499999999999,0.));
#13860=CARTESIAN_POINT('',(66.6000000000001,44.5499999999999,0.));
#13861=CARTESIAN_POINT('',(66.6000000000001,55.4499999999999,0.));
#13862=CARTESIAN_POINT('',(66.6000000000001,27.7249999999999,0.));
#13863=CARTESIAN_POINT('',(73.4000000000001,44.5499999999999,0.));
#13864=CARTESIAN_POINT('Origin',(70.0000000000001,44.5499999999999,0.));
#13865=CARTESIAN_POINT('',(73.4000000000001,55.4499999999999,0.));
#13866=CARTESIAN_POINT('',(73.4000000000001,22.2749999999999,0.));
#13867=CARTESIAN_POINT('Origin',(70.0000000000001,55.4499999999999,0.));
#13868=CARTESIAN_POINT('',(26.6000000000001,44.5499999999999,0.));
#13869=CARTESIAN_POINT('',(26.6000000000001,55.4499999999999,0.));
#13870=CARTESIAN_POINT('',(26.6000000000001,27.7249999999999,0.));
#13871=CARTESIAN_POINT('',(33.4000000000001,44.5499999999999,0.));
#13872=CARTESIAN_POINT('Origin',(30.0000000000001,44.5499999999999,0.));
#13873=CARTESIAN_POINT('',(33.4000000000001,55.4499999999999,0.));
#13874=CARTESIAN_POINT('',(33.4000000000001,22.2749999999999,0.));
#13875=CARTESIAN_POINT('Origin',(30.0000000000001,55.4499999999999,0.));
#13876=CARTESIAN_POINT('',(-13.3999999999999,44.5499999999999,0.));
#13877=CARTESIAN_POINT('',(-13.3999999999999,55.4499999999999,0.));
#13878=CARTESIAN_POINT('',(-13.3999999999999,27.7249999999999,0.));
#13879=CARTESIAN_POINT('',(-6.59999999999986,44.5499999999999,0.));
#13880=CARTESIAN_POINT('Origin',(-9.99999999999986,44.5499999999999,0.));
#13881=CARTESIAN_POINT('',(-6.59999999999986,55.4499999999999,0.));
#13882=CARTESIAN_POINT('',(-6.59999999999986,22.2749999999999,0.));
#13883=CARTESIAN_POINT('Origin',(-9.99999999999986,55.4499999999999,0.));
#13884=CARTESIAN_POINT('',(-73.3999999999999,64.5499999999999,0.));
#13885=CARTESIAN_POINT('',(-73.3999999999999,75.4499999999999,0.));
#13886=CARTESIAN_POINT('',(-73.3999999999999,37.7249999999999,0.));
#13887=CARTESIAN_POINT('',(-66.5999999999999,64.5499999999999,0.));
#13888=CARTESIAN_POINT('Origin',(-69.9999999999999,64.5499999999999,0.));
#13889=CARTESIAN_POINT('',(-66.5999999999999,75.4499999999999,0.));
#13890=CARTESIAN_POINT('',(-66.5999999999999,32.2749999999999,0.));
#13891=CARTESIAN_POINT('Origin',(-69.9999999999999,75.4499999999999,0.));
#13892=CARTESIAN_POINT('',(-33.3999999999999,64.5499999999999,0.));
#13893=CARTESIAN_POINT('',(-33.3999999999999,75.4499999999999,0.));
#13894=CARTESIAN_POINT('',(-33.3999999999999,37.7249999999999,0.));
#13895=CARTESIAN_POINT('',(-26.5999999999999,64.5499999999999,0.));
#13896=CARTESIAN_POINT('Origin',(-29.9999999999999,64.5499999999999,0.));
#13897=CARTESIAN_POINT('',(-26.5999999999999,75.4499999999999,0.));
#13898=CARTESIAN_POINT('',(-26.5999999999999,32.2749999999999,0.));
#13899=CARTESIAN_POINT('Origin',(-29.9999999999999,75.4499999999999,0.));
#13900=CARTESIAN_POINT('',(6.60000000000014,64.5499999999999,0.));
#13901=CARTESIAN_POINT('',(6.60000000000014,75.4499999999999,0.));
#13902=CARTESIAN_POINT('',(6.60000000000014,37.7249999999999,0.));
#13903=CARTESIAN_POINT('',(13.4000000000001,64.5499999999999,0.));
#13904=CARTESIAN_POINT('Origin',(10.0000000000001,64.5499999999999,0.));
#13905=CARTESIAN_POINT('',(13.4000000000001,75.4499999999999,0.));
#13906=CARTESIAN_POINT('',(13.4000000000001,32.2749999999999,0.));
#13907=CARTESIAN_POINT('Origin',(10.0000000000001,75.4499999999999,0.));
#13908=CARTESIAN_POINT('',(46.6000000000001,64.5499999999999,0.));
#13909=CARTESIAN_POINT('',(46.6000000000001,75.4499999999999,0.));
#13910=CARTESIAN_POINT('',(46.6000000000001,37.7249999999999,0.));
#13911=CARTESIAN_POINT('',(53.4000000000001,64.5499999999999,0.));
#13912=CARTESIAN_POINT('Origin',(50.0000000000001,64.5499999999999,0.));
#13913=CARTESIAN_POINT('',(53.4000000000001,75.4499999999999,0.));
#13914=CARTESIAN_POINT('',(53.4000000000001,32.2749999999999,0.));
#13915=CARTESIAN_POINT('Origin',(50.0000000000001,75.4499999999999,0.));
#13916=CARTESIAN_POINT('',(-73.3999999999999,24.5499999999999,0.));
#13917=CARTESIAN_POINT('',(-73.3999999999999,35.4499999999999,0.));
#13918=CARTESIAN_POINT('',(-73.3999999999999,-2.27500000000005,0.));
#13919=CARTESIAN_POINT('',(-66.5999999999999,24.5499999999999,0.));
#13920=CARTESIAN_POINT('Origin',(-69.9999999999999,24.5499999999999,0.));
#13921=CARTESIAN_POINT('',(-66.5999999999999,35.4499999999999,0.));
#13922=CARTESIAN_POINT('',(-66.5999999999999,-7.72500000000005,0.));
#13923=CARTESIAN_POINT('Origin',(-69.9999999999999,35.4499999999999,0.));
#13924=CARTESIAN_POINT('',(-33.3999999999999,24.5499999999999,0.));
#13925=CARTESIAN_POINT('',(-33.3999999999999,35.4499999999999,0.));
#13926=CARTESIAN_POINT('',(-33.3999999999999,-2.27500000000005,0.));
#13927=CARTESIAN_POINT('',(-26.5999999999999,24.5499999999999,0.));
#13928=CARTESIAN_POINT('Origin',(-29.9999999999999,24.5499999999999,0.));
#13929=CARTESIAN_POINT('',(-26.5999999999999,35.4499999999999,0.));
#13930=CARTESIAN_POINT('',(-26.5999999999999,-7.72500000000005,0.));
#13931=CARTESIAN_POINT('Origin',(-29.9999999999999,35.4499999999999,0.));
#13932=CARTESIAN_POINT('',(6.60000000000014,24.5499999999999,0.));
#13933=CARTESIAN_POINT('',(6.60000000000014,35.4499999999999,0.));
#13934=CARTESIAN_POINT('',(6.60000000000014,-2.27500000000005,0.));
#13935=CARTESIAN_POINT('',(13.4000000000001,24.5499999999999,0.));
#13936=CARTESIAN_POINT('Origin',(10.0000000000001,24.5499999999999,0.));
#13937=CARTESIAN_POINT('',(13.4000000000001,35.4499999999999,0.));
#13938=CARTESIAN_POINT('',(13.4000000000001,-7.72500000000005,0.));
#13939=CARTESIAN_POINT('Origin',(10.0000000000001,35.4499999999999,0.));
#13940=CARTESIAN_POINT('',(46.6000000000001,24.5499999999999,0.));
#13941=CARTESIAN_POINT('',(46.6000000000001,35.4499999999999,0.));
#13942=CARTESIAN_POINT('',(46.6000000000001,-2.27500000000005,0.));
#13943=CARTESIAN_POINT('',(53.4000000000001,24.5499999999999,0.));
#13944=CARTESIAN_POINT('Origin',(50.0000000000001,24.5499999999999,0.));
#13945=CARTESIAN_POINT('',(53.4000000000001,35.4499999999999,0.));
#13946=CARTESIAN_POINT('',(53.4000000000001,-7.72500000000005,0.));
#13947=CARTESIAN_POINT('Origin',(50.0000000000001,35.4499999999999,0.));
#13948=CARTESIAN_POINT('',(-73.3999999999999,-15.4500000000001,0.));
#13949=CARTESIAN_POINT('',(-73.3999999999999,-4.55000000000007,0.));
#13950=CARTESIAN_POINT('',(-73.3999999999999,-42.2750000000001,0.));
#13951=CARTESIAN_POINT('',(-66.5999999999999,-15.4500000000001,0.));
#13952=CARTESIAN_POINT('Origin',(-69.9999999999999,-15.4500000000001,0.));
#13953=CARTESIAN_POINT('',(-66.5999999999999,-4.55000000000007,0.));
#13954=CARTESIAN_POINT('',(-66.5999999999999,-47.7250000000001,0.));
#13955=CARTESIAN_POINT('Origin',(-69.9999999999999,-4.55000000000007,0.));
#13956=CARTESIAN_POINT('',(-33.3999999999999,-15.4500000000001,0.));
#13957=CARTESIAN_POINT('',(-33.3999999999999,-4.55000000000007,0.));
#13958=CARTESIAN_POINT('',(-33.3999999999999,-42.2750000000001,0.));
#13959=CARTESIAN_POINT('',(-26.5999999999999,-15.4500000000001,0.));
#13960=CARTESIAN_POINT('Origin',(-29.9999999999999,-15.4500000000001,0.));
#13961=CARTESIAN_POINT('',(-26.5999999999999,-4.55000000000007,0.));
#13962=CARTESIAN_POINT('',(-26.5999999999999,-47.7250000000001,0.));
#13963=CARTESIAN_POINT('Origin',(-29.9999999999999,-4.55000000000007,0.));
#13964=CARTESIAN_POINT('',(6.60000000000014,-15.4500000000001,0.));
#13965=CARTESIAN_POINT('',(6.60000000000014,-4.55000000000007,0.));
#13966=CARTESIAN_POINT('',(6.60000000000014,-42.2750000000001,0.));
#13967=CARTESIAN_POINT('',(13.4000000000001,-15.4500000000001,0.));
#13968=CARTESIAN_POINT('Origin',(10.0000000000001,-15.4500000000001,0.));
#13969=CARTESIAN_POINT('',(13.4000000000001,-4.55000000000007,0.));
#13970=CARTESIAN_POINT('',(13.4000000000001,-47.7250000000001,0.));
#13971=CARTESIAN_POINT('Origin',(10.0000000000001,-4.55000000000007,0.));
#13972=CARTESIAN_POINT('',(46.6000000000001,-15.4500000000001,0.));
#13973=CARTESIAN_POINT('',(46.6000000000001,-4.55000000000007,0.));
#13974=CARTESIAN_POINT('',(46.6000000000001,-42.2750000000001,0.));
#13975=CARTESIAN_POINT('',(53.4000000000001,-15.4500000000001,0.));
#13976=CARTESIAN_POINT('Origin',(50.0000000000001,-15.4500000000001,0.));
#13977=CARTESIAN_POINT('',(53.4000000000001,-4.55000000000007,0.));
#13978=CARTESIAN_POINT('',(53.4000000000001,-47.7250000000001,0.));
#13979=CARTESIAN_POINT('Origin',(50.0000000000001,-4.55000000000007,0.));
#13980=CARTESIAN_POINT('',(-73.3999999999999,-55.4500000000001,0.));
#13981=CARTESIAN_POINT('',(-73.3999999999999,-44.5500000000001,0.));
#13982=CARTESIAN_POINT('',(-73.3999999999999,-82.2750000000001,0.));
#13983=CARTESIAN_POINT('',(-66.5999999999999,-55.4500000000001,0.));
#13984=CARTESIAN_POINT('Origin',(-69.9999999999999,-55.4500000000001,0.));
#13985=CARTESIAN_POINT('',(-66.5999999999999,-44.5500000000001,0.));
#13986=CARTESIAN_POINT('',(-66.5999999999999,-87.7250000000001,0.));
#13987=CARTESIAN_POINT('Origin',(-69.9999999999999,-44.5500000000001,0.));
#13988=CARTESIAN_POINT('',(-33.3999999999999,-55.4500000000001,0.));
#13989=CARTESIAN_POINT('',(-33.3999999999999,-44.5500000000001,0.));
#13990=CARTESIAN_POINT('',(-33.3999999999999,-82.2750000000001,0.));
#13991=CARTESIAN_POINT('',(-26.5999999999999,-55.4500000000001,0.));
#13992=CARTESIAN_POINT('Origin',(-29.9999999999999,-55.4500000000001,0.));
#13993=CARTESIAN_POINT('',(-26.5999999999999,-44.5500000000001,0.));
#13994=CARTESIAN_POINT('',(-26.5999999999999,-87.7250000000001,0.));
#13995=CARTESIAN_POINT('Origin',(-29.9999999999999,-44.5500000000001,0.));
#13996=CARTESIAN_POINT('',(6.60000000000014,-55.4500000000001,0.));
#13997=CARTESIAN_POINT('',(6.60000000000014,-44.5500000000001,0.));
#13998=CARTESIAN_POINT('',(6.60000000000014,-82.2750000000001,0.));
#13999=CARTESIAN_POINT('',(13.4000000000001,-55.4500000000001,0.));
#14000=CARTESIAN_POINT('Origin',(10.0000000000001,-55.4500000000001,0.));
#14001=CARTESIAN_POINT('',(13.4000000000001,-44.5500000000001,0.));
#14002=CARTESIAN_POINT('',(13.4000000000001,-87.7250000000001,0.));
#14003=CARTESIAN_POINT('Origin',(10.0000000000001,-44.5500000000001,0.));
#14004=CARTESIAN_POINT('',(46.6000000000001,-55.4500000000001,0.));
#14005=CARTESIAN_POINT('',(46.6000000000001,-44.5500000000001,0.));
#14006=CARTESIAN_POINT('',(46.6000000000001,-82.2750000000001,0.));
#14007=CARTESIAN_POINT('',(53.4000000000001,-55.4500000000001,0.));
#14008=CARTESIAN_POINT('Origin',(50.0000000000001,-55.4500000000001,0.));
#14009=CARTESIAN_POINT('',(53.4000000000001,-44.5500000000001,0.));
#14010=CARTESIAN_POINT('',(53.4000000000001,-87.7250000000001,0.));
#14011=CARTESIAN_POINT('Origin',(50.0000000000001,-44.5500000000001,0.));
#14012=CARTESIAN_POINT('',(-53.3999999999999,44.5499999999999,0.));
#14013=CARTESIAN_POINT('',(-53.3999999999999,55.4499999999999,0.));
#14014=CARTESIAN_POINT('',(-53.3999999999999,27.7249999999999,0.));
#14015=CARTESIAN_POINT('',(-46.5999999999999,44.5499999999999,0.));
#14016=CARTESIAN_POINT('Origin',(-49.9999999999999,44.5499999999999,0.));
#14017=CARTESIAN_POINT('',(-46.5999999999999,55.4499999999999,0.));
#14018=CARTESIAN_POINT('',(-46.5999999999999,22.2749999999999,0.));
#14019=CARTESIAN_POINT('Origin',(-49.9999999999999,55.4499999999999,0.));
#14020=CARTESIAN_POINT('Origin',(80.9999999999891,-86.9999999999998,0.));
#14021=CARTESIAN_POINT('',(-71.5000000000001,-85.8,-15.));
#14022=CARTESIAN_POINT('',(80.9999999999891,-85.7999999999998,-15.));
#14023=CARTESIAN_POINT('',(-71.5000000000001,-86.9809220985691,-0.238473767885536));
#14024=CARTESIAN_POINT('Origin',(-71.5000000000001,-82.9936609844246,0.0805071212460212));
#14025=CARTESIAN_POINT('',(-75.5000000000001,-81.787220414725,-14.9999999999992));
#14026=CARTESIAN_POINT('Origin',(-71.5000000000001,-81.787220414725,-14.9999999999992));
#14027=CARTESIAN_POINT('',(-75.5000000000001,-82.9936609844246,0.0805071212460212));
#14028=CARTESIAN_POINT('Origin',(-83.0222778365708,-71.4999999999999,0.438217773074332));
#14029=CARTESIAN_POINT('',(-81.7872204147249,-75.5,-14.9999999999992));
#14030=CARTESIAN_POINT('',(-83.0222778365708,-75.5,0.438217773074332));
#14031=CARTESIAN_POINT('',(-85.7999999999999,-71.4999999999999,-15.));
#14032=CARTESIAN_POINT('Origin',(-81.7872204147249,-71.4999999999999,-14.9999999999992));
#14033=CARTESIAN_POINT('',(-87.0095389507153,-71.4999999999999,0.119236883942773));
#14034=CARTESIAN_POINT('Origin',(-86.9999999999999,-81.0000000000075,0.));
#14035=CARTESIAN_POINT('',(-85.8,71.5,-15.));
#14036=CARTESIAN_POINT('',(-85.7999999999999,-81.0000000000076,-15.));
#14037=CARTESIAN_POINT('',(-86.9809220985691,71.5,-0.238473767885528));
#14038=CARTESIAN_POINT('Origin',(-82.9936609844246,71.5,0.0805071212460314));
#14039=CARTESIAN_POINT('',(-81.787220414725,75.5,-14.9999999999992));
#14040=CARTESIAN_POINT('Origin',(-81.787220414725,71.5,-14.9999999999992));
#14041=CARTESIAN_POINT('',(-82.9936609844246,75.5,0.0805071212460314));
#14042=CARTESIAN_POINT('Origin',(-71.5000000000001,83.0222778365708,0.438217773074327));
#14043=CARTESIAN_POINT('',(-75.5000000000001,81.7872204147249,-14.9999999999992));
#14044=CARTESIAN_POINT('',(-75.5000000000001,83.0222778365708,0.438217773074327));
#14045=CARTESIAN_POINT('',(-71.5000000000001,85.7999999999999,-15.));
#14046=CARTESIAN_POINT('Origin',(-71.5000000000001,81.7872204147249,-14.9999999999992));
#14047=CARTESIAN_POINT('',(-71.5000000000001,87.0095389507153,0.119236883942768));
#14048=CARTESIAN_POINT('Origin',(0.,86.9999999999999,0.));
#14049=CARTESIAN_POINT('',(71.5000000000001,85.8,-15.));
#14050=CARTESIAN_POINT('',(0.,85.7999999999999,-15.));
#14051=CARTESIAN_POINT('',(71.5000000000001,86.9809220985691,-0.238473767885534));
#14052=CARTESIAN_POINT('Origin',(71.5000000000001,82.9936609844246,0.0805071212460265));
#14053=CARTESIAN_POINT('',(75.5000000000001,81.7872204147249,-14.9999999999999));
#14054=CARTESIAN_POINT('Origin',(71.5000000000001,81.7872204147249,-14.9999999999999));
#14055=CARTESIAN_POINT('',(75.5000000000001,82.9936609844246,0.0805071212460265));
#14056=CARTESIAN_POINT('Origin',(83.022277836571,71.4999999999999,0.438217773074323));
#14057=CARTESIAN_POINT('',(81.7872204147251,75.5,-15.));
#14058=CARTESIAN_POINT('',(83.022277836571,75.5,0.438217773074323));
#14059=CARTESIAN_POINT('Origin',(81.7872204147251,71.4999999999999,-15.));
#14060=CARTESIAN_POINT('Origin',(90.0000000000001,75.5,0.));
#14061=CARTESIAN_POINT('',(81.0000000000001,75.5,-15.));
#14062=CARTESIAN_POINT('',(81.0000000000001,75.5,0.));
#14063=CARTESIAN_POINT('',(45.,75.5,-14.9999999999998));
#14064=CARTESIAN_POINT('Origin',(-89.5,80.9999999999999,-14.4999999999996));
#14065=CARTESIAN_POINT('',(-89.9999999999999,80.9999999999999,-14.));
#14066=CARTESIAN_POINT('',(-89.,80.9999999999999,-14.9999999999991));
#14067=CARTESIAN_POINT('',(-89.9999999999999,80.9999999999999,-14.));
#14068=CARTESIAN_POINT('',(-88.9999999999999,-81.0000000000076,-14.9999999999991));
#14069=CARTESIAN_POINT('',(-89.,80.9999999999999,-14.9999999999991));
#14070=CARTESIAN_POINT('',(-89.9999999999999,-81.0000000000076,-14.));
#14071=CARTESIAN_POINT('',(-88.9999999999999,-81.0000000000076,-14.9999999999991));
#14072=CARTESIAN_POINT('',(-89.9999999999999,80.9999999999999,-14.));
#14073=CARTESIAN_POINT('Origin',(-80.9999999999998,80.9999999999999,-14.5));
#14074=CARTESIAN_POINT('',(-80.9999999999998,89.9999999999999,-14.0000000000008));
#14075=CARTESIAN_POINT('',(-80.9999999999998,89.0000000000001,-14.9999999999992));
#14076=CARTESIAN_POINT('',(-80.9999999999998,89.9999999999999,-14.0000000000008));
#14077=CARTESIAN_POINT('Origin',(-80.9999999999998,80.9999999999999,-14.9999999999992));
#14078=CARTESIAN_POINT('Origin',(-80.9999999999998,80.9999999999999,-14.0000000000008));
#14079=CARTESIAN_POINT('Origin',(83.4000000000001,89.5,-14.5000000000002));
#14080=CARTESIAN_POINT('',(81.0000000000002,90.,-14.0000000000004));
#14081=CARTESIAN_POINT('',(81.0000000000002,88.9999999999999,-15.));
#14082=CARTESIAN_POINT('',(81.0000000000002,90.,-14.0000000000004));
#14083=CARTESIAN_POINT('',(83.4000000000001,88.9999999999999,-15.));
#14084=CARTESIAN_POINT('',(83.4000000000001,90.,-14.0000000000004));
#14085=CARTESIAN_POINT('Origin',(81.0000000000001,81.,-14.5));
#14086=CARTESIAN_POINT('',(90.0000000000001,81.,-14.));
#14087=CARTESIAN_POINT('',(89.0000000000001,81.,-15.));
#14088=CARTESIAN_POINT('',(90.0000000000001,81.,-14.));
#14089=CARTESIAN_POINT('Origin',(81.0000000000001,81.,-15.));
#14090=CARTESIAN_POINT('Origin',(81.0000000000001,81.,-14.));
#14091=CARTESIAN_POINT('Origin',(89.5,5.51351557002514E-12,-14.5));
#14092=CARTESIAN_POINT('',(89.9999999999999,-80.9999999999889,-14.));
#14093=CARTESIAN_POINT('',(89.,-80.9999999999889,-15.));
#14094=CARTESIAN_POINT('',(89.9999999999999,-80.9999999999889,-14.));
#14095=CARTESIAN_POINT('',(89.0000000000001,5.51400900248053E-12,-15.));
#14096=CARTESIAN_POINT('',(90.,5.51302213756976E-12,-14.));
#14097=CARTESIAN_POINT('Origin',(80.9999999999891,-80.9999999999889,-14.5));
#14098=CARTESIAN_POINT('',(80.9999999999891,-89.9999999999999,-14.));
#14099=CARTESIAN_POINT('',(80.9999999999891,-88.9999999999998,-15.));
#14100=CARTESIAN_POINT('',(80.9999999999891,-89.9999999999999,-14.));
#14101=CARTESIAN_POINT('Origin',(80.9999999999891,-80.9999999999889,-15.));
#14102=CARTESIAN_POINT('Origin',(80.9999999999891,-80.9999999999889,-14.));
#14103=CARTESIAN_POINT('Origin',(2.39999999999636,-89.4999999999999,-14.4999999999998));
#14104=CARTESIAN_POINT('',(-81.0000000000075,-90.0000000000001,-13.9999999999996));
#14105=CARTESIAN_POINT('',(-81.0000000000075,-88.9999999999999,-14.9999999999992));
#14106=CARTESIAN_POINT('',(-81.0000000000075,-90.0000000000001,-13.9999999999996));
#14107=CARTESIAN_POINT('',(2.39999999999635,-88.9999999999999,-14.9999999999996));
#14108=CARTESIAN_POINT('',(2.39999999999636,-90.,-14.));
#14109=CARTESIAN_POINT('Origin',(-81.0000000000075,-81.0000000000076,-14.5));
#14110=CARTESIAN_POINT('Origin',(-81.0000000000075,-81.0000000000076,-14.9999999999992));
#14111=CARTESIAN_POINT('Origin',(-81.0000000000075,-81.0000000000076,-14.0000000000008));
#14112=CARTESIAN_POINT('Origin',(81.0000000000001,81.,0.));
#14113=CARTESIAN_POINT('',(81.0000000000002,90.,4.));
#14114=CARTESIAN_POINT('',(81.0000000000002,90.,0.));
#14115=CARTESIAN_POINT('',(90.0000000000001,81.,4.));
#14116=CARTESIAN_POINT('Origin',(81.0000000000001,81.,4.));
#14117=CARTESIAN_POINT('',(90.0000000000001,81.,0.));
#14118=CARTESIAN_POINT('Origin',(81.0000000000002,90.,0.));
#14119=CARTESIAN_POINT('',(-80.9999999999998,89.9999999999999,4.));
#14120=CARTESIAN_POINT('',(-80.9999999999998,89.9999999999999,0.));
#14121=CARTESIAN_POINT('',(40.5000000000001,90.,4.));
#14122=CARTESIAN_POINT('Origin',(-80.9999999999998,80.9999999999999,0.));
#14123=CARTESIAN_POINT('',(-89.9999999999999,80.9999999999999,4.));
#14124=CARTESIAN_POINT('',(-89.9999999999999,80.9999999999999,0.));
#14125=CARTESIAN_POINT('Origin',(-80.9999999999998,80.9999999999999,4.));
#14126=CARTESIAN_POINT('Origin',(-89.9999999999999,80.9999999999999,0.));
#14127=CARTESIAN_POINT('',(-89.9999999999999,-81.0000000000076,4.));
#14128=CARTESIAN_POINT('',(-89.9999999999999,-81.0000000000076,0.));
#14129=CARTESIAN_POINT('',(-89.9999999999999,40.4999999999999,4.));
#14130=CARTESIAN_POINT('Origin',(85.8000000000001,81.,-15.));
#14131=CARTESIAN_POINT('',(-84.2796874999999,-81.8964652265112,-14.9999999999999));
#14132=CARTESIAN_POINT('',(-84.2796874999999,-80.1035347734889,-14.9999999999999));
#14133=CARTESIAN_POINT('Origin',(-84.1999999999999,-81.,-15.));
#14134=CARTESIAN_POINT('',(-81.896465226511,-84.2796875,-14.9999999999999));
#14135=CARTESIAN_POINT('Origin',(-80.9999999999999,-81.,-15.));
#14136=CARTESIAN_POINT('',(-80.1035347734887,-84.2796875,-15.));
#14137=CARTESIAN_POINT('Origin',(-80.9999999999999,-84.2,-15.));
#14138=CARTESIAN_POINT('',(-77.7203124999999,-81.8964652265112,-15.));
#14139=CARTESIAN_POINT('Origin',(-80.9999999999999,-81.,-15.));
#14140=CARTESIAN_POINT('',(-77.7203124999999,-80.1035347734888,-15.));
#14141=CARTESIAN_POINT('Origin',(-77.7999999999999,-81.,-15.));
#14142=CARTESIAN_POINT('',(-80.1035347734887,-77.7203125,-15.));
#14143=CARTESIAN_POINT('Origin',(-80.9999999999999,-81.,-15.));
#14144=CARTESIAN_POINT('',(-81.8964652265111,-77.7203125,-14.9999999999999));
#14145=CARTESIAN_POINT('Origin',(-80.9999999999999,-77.8,-15.));
#14146=CARTESIAN_POINT('Origin',(-80.9999999999999,-81.,-15.));
#14147=CARTESIAN_POINT('',(-84.2796874999999,80.1035347734888,-14.9999999999999));
#14148=CARTESIAN_POINT('',(-84.2796874999999,81.8964652265111,-14.9999999999999));
#14149=CARTESIAN_POINT('Origin',(-84.1999999999999,81.,-15.));
#14150=CARTESIAN_POINT('',(-81.896465226511,77.7203125,-14.9999999999999));
#14151=CARTESIAN_POINT('Origin',(-80.9999999999999,81.,-15.));
#14152=CARTESIAN_POINT('',(-80.1035347734887,77.7203125,-15.));
#14153=CARTESIAN_POINT('Origin',(-80.9999999999999,77.8,-15.));
#14154=CARTESIAN_POINT('',(-77.7203124999999,80.1035347734887,-15.));
#14155=CARTESIAN_POINT('Origin',(-80.9999999999999,81.,-15.));
#14156=CARTESIAN_POINT('',(-77.7203124999999,81.8964652265112,-15.));
#14157=CARTESIAN_POINT('Origin',(-77.7999999999999,81.,-15.));
#14158=CARTESIAN_POINT('',(-80.1035347734887,84.2796874999999,-15.));
#14159=CARTESIAN_POINT('Origin',(-80.9999999999999,81.,-15.));
#14160=CARTESIAN_POINT('',(-81.8964652265111,84.2796875,-14.9999999999999));
#14161=CARTESIAN_POINT('Origin',(-80.9999999999999,84.2,-15.));
#14162=CARTESIAN_POINT('Origin',(-80.9999999999999,81.,-15.));
#14163=CARTESIAN_POINT('',(75.5000000000001,-81.,-14.9999999999999));
#14164=CARTESIAN_POINT('',(75.5000000000001,-45.,-14.9999999999999));
#14165=CARTESIAN_POINT('',(81.0000000000001,-75.5,-15.));
#14166=CARTESIAN_POINT('Origin',(81.0000000000001,-81.,-14.9999999999996));
#14167=CARTESIAN_POINT('',(40.5,-75.5,-14.9999999999998));
#14168=CARTESIAN_POINT('',(75.5000000000001,81.,-14.9999999999999));
#14169=CARTESIAN_POINT('Origin',(81.0000000000001,81.,-14.9999999999996));
#14170=CARTESIAN_POINT('',(75.5000000000001,40.5,-14.9999999999999));
#14171=CARTESIAN_POINT('',(-75.5000000000001,81.,-14.9999999999992));
#14172=CARTESIAN_POINT('',(-75.5000000000001,44.9999999999999,-14.9999999999992));
#14173=CARTESIAN_POINT('',(-81.0000000000001,75.5,-14.9999999999992));
#14174=CARTESIAN_POINT('Origin',(-81.0000000000001,81.,-14.9999999999996));
#14175=CARTESIAN_POINT('',(-40.5000000000001,75.5,-14.9999999999994));
#14176=CARTESIAN_POINT('',(-81.0000000000001,-75.5,-14.9999999999992));
#14177=CARTESIAN_POINT('',(-45.0000000000001,-75.5,-14.9999999999994));
#14178=CARTESIAN_POINT('',(-75.5000000000001,-81.,-14.9999999999992));
#14179=CARTESIAN_POINT('Origin',(-81.0000000000001,-81.,-14.9999999999996));
#14180=CARTESIAN_POINT('',(-75.5000000000001,-40.5,-14.9999999999992));
#14181=CARTESIAN_POINT('',(77.7203125000001,80.1035347734888,-14.9999999999999));
#14182=CARTESIAN_POINT('',(77.7203125000001,81.8964652265111,-14.9999999999999));
#14183=CARTESIAN_POINT('Origin',(77.8000000000001,81.,-14.9999999999999));
#14184=CARTESIAN_POINT('',(80.1035347734889,77.7203125,-14.9999999999999));
#14185=CARTESIAN_POINT('Origin',(81.0000000000001,81.,-15.));
#14186=CARTESIAN_POINT('',(81.8964652265113,77.7203125,-15.));
#14187=CARTESIAN_POINT('Origin',(81.0000000000001,77.8,-15.));
#14188=CARTESIAN_POINT('',(84.2796875000001,80.1035347734887,-15.));
#14189=CARTESIAN_POINT('Origin',(81.0000000000001,81.,-15.));
#14190=CARTESIAN_POINT('',(84.2796875000001,81.8964652265112,-15.));
#14191=CARTESIAN_POINT('Origin',(84.2000000000001,81.,-15.));
#14192=CARTESIAN_POINT('',(81.8964652265113,84.2796874999999,-15.));
#14193=CARTESIAN_POINT('Origin',(81.0000000000001,81.,-15.));
#14194=CARTESIAN_POINT('',(80.1035347734889,84.2796875,-14.9999999999999));
#14195=CARTESIAN_POINT('Origin',(81.0000000000001,84.2,-15.));
#14196=CARTESIAN_POINT('Origin',(81.0000000000001,81.,-15.));
#14197=CARTESIAN_POINT('',(77.7203125000001,-81.8964652265112,-14.9999999999999));
#14198=CARTESIAN_POINT('',(77.7203125000001,-80.1035347734889,-14.9999999999999));
#14199=CARTESIAN_POINT('Origin',(77.8000000000001,-81.,-15.));
#14200=CARTESIAN_POINT('',(80.1035347734889,-84.2796875,-14.9999999999999));
#14201=CARTESIAN_POINT('Origin',(81.0000000000001,-81.,-15.));
#14202=CARTESIAN_POINT('',(81.8964652265113,-84.2796875,-15.));
#14203=CARTESIAN_POINT('Origin',(81.0000000000001,-84.2,-15.));
#14204=CARTESIAN_POINT('',(84.2796875000001,-81.8964652265112,-15.));
#14205=CARTESIAN_POINT('Origin',(81.0000000000001,-81.,-15.));
#14206=CARTESIAN_POINT('',(84.2796875000001,-80.1035347734888,-15.));
#14207=CARTESIAN_POINT('Origin',(84.2000000000001,-81.,-15.));
#14208=CARTESIAN_POINT('',(81.8964652265113,-77.7203125,-15.));
#14209=CARTESIAN_POINT('Origin',(81.0000000000001,-81.,-15.));
#14210=CARTESIAN_POINT('',(80.1035347734889,-77.7203125,-14.9999999999999));
#14211=CARTESIAN_POINT('Origin',(81.0000000000001,-77.8,-15.));
#14212=CARTESIAN_POINT('Origin',(81.0000000000001,-81.,-15.));
#14213=CARTESIAN_POINT('Origin',(-89.4999999999999,40.4999999999999,4.5));
#14214=CARTESIAN_POINT('',(-88.9999999999999,-81.0000000000076,5.));
#14215=CARTESIAN_POINT('',(-89.9999999999999,-81.0000000000076,4.));
#14216=CARTESIAN_POINT('',(-88.9999999999999,80.9999999999999,5.));
#14217=CARTESIAN_POINT('',(-88.9999999999999,40.4999999999999,5.));
#14218=CARTESIAN_POINT('',(-88.9999999999999,80.9999999999999,5.));
#14219=CARTESIAN_POINT('Origin',(-81.0000000000075,-81.0000000000076,4.5));
#14220=CARTESIAN_POINT('',(-81.0000000000075,-90.0000000000001,4.));
#14221=CARTESIAN_POINT('',(-81.0000000000075,-88.9999999999999,5.));
#14222=CARTESIAN_POINT('',(-81.0000000000075,-90.0000000000001,4.));
#14223=CARTESIAN_POINT('Origin',(-81.0000000000075,-81.0000000000076,5.));
#14224=CARTESIAN_POINT('Origin',(-81.0000000000075,-81.0000000000076,4.));
#14225=CARTESIAN_POINT('Origin',(-40.5000000000037,-89.5,4.5));
#14226=CARTESIAN_POINT('',(80.9999999999891,-89.9999999999999,4.));
#14227=CARTESIAN_POINT('',(80.9999999999891,-88.9999999999999,5.));
#14228=CARTESIAN_POINT('',(80.9999999999891,-89.9999999999999,4.));
#14229=CARTESIAN_POINT('',(-40.5000000000037,-89.,5.));
#14230=CARTESIAN_POINT('',(-40.5000000000037,-90.,4.));
#14231=CARTESIAN_POINT('Origin',(80.9999999999891,-80.9999999999889,4.5));
#14232=CARTESIAN_POINT('',(89.9999999999999,-80.9999999999889,4.));
#14233=CARTESIAN_POINT('',(89.0000000000001,-80.9999999999889,5.));
#14234=CARTESIAN_POINT('',(89.9999999999999,-80.9999999999889,4.));
#14235=CARTESIAN_POINT('Origin',(80.9999999999891,-80.9999999999889,5.));
#14236=CARTESIAN_POINT('Origin',(80.9999999999891,-80.9999999999889,4.));
#14237=CARTESIAN_POINT('Origin',(89.5,-40.4999999999945,4.5));
#14238=CARTESIAN_POINT('',(89.0000000000001,81.,5.));
#14239=CARTESIAN_POINT('',(90.0000000000001,81.,4.));
#14240=CARTESIAN_POINT('',(89.,-40.4999999999945,5.));
#14241=CARTESIAN_POINT('',(90.,-40.4999999999945,4.));
#14242=CARTESIAN_POINT('Origin',(81.0000000000001,81.,4.5));
#14243=CARTESIAN_POINT('',(81.0000000000002,88.9999999999999,5.));
#14244=CARTESIAN_POINT('',(81.0000000000002,90.,4.));
#14245=CARTESIAN_POINT('Origin',(81.0000000000001,81.,5.));
#14246=CARTESIAN_POINT('Origin',(40.5000000000001,89.5,4.5));
#14247=CARTESIAN_POINT('',(-80.9999999999998,88.9999999999999,5.));
#14248=CARTESIAN_POINT('',(-80.9999999999998,89.9999999999999,4.));
#14249=CARTESIAN_POINT('',(40.5000000000001,89.,5.));
#14250=CARTESIAN_POINT('Origin',(-80.9999999999998,80.9999999999999,4.5));
#14251=CARTESIAN_POINT('Origin',(-80.9999999999998,80.9999999999999,5.));
#14252=CARTESIAN_POINT('Origin',(80.9999999999891,-80.9999999999889,0.));
#14253=CARTESIAN_POINT('',(89.9999999999999,-80.9999999999889,0.));
#14254=CARTESIAN_POINT('',(80.9999999999891,-89.9999999999999,0.));
#14255=CARTESIAN_POINT('Origin',(-81.0000000000075,-90.0000000000001,0.));
#14256=CARTESIAN_POINT('',(-81.0000000000075,-90.0000000000001,0.));
#14257=CARTESIAN_POINT('Origin',(-81.0000000000075,-81.0000000000076,0.));
#14258=CARTESIAN_POINT('Origin',(7.105427357601E-14,-3.5527136788005E-14,
5.));
#14259=CARTESIAN_POINT('',(-85.0999999999999,-81.,5.));
#14260=CARTESIAN_POINT('Origin',(-80.9999999999999,-81.,5.));
#14261=CARTESIAN_POINT('',(-85.0999999999999,81.,5.));
#14262=CARTESIAN_POINT('Origin',(-80.9999999999999,81.,5.));
#14263=CARTESIAN_POINT('',(-46.5999999999999,44.5499999999999,5.));
#14264=CARTESIAN_POINT('',(-46.5999999999999,55.4499999999999,5.));
#14265=CARTESIAN_POINT('',(-46.5999999999999,22.2749999999999,5.));
#14266=CARTESIAN_POINT('',(-53.3999999999999,44.5499999999999,5.));
#14267=CARTESIAN_POINT('Origin',(-49.9999999999999,44.5499999999999,5.));
#14268=CARTESIAN_POINT('',(-53.3999999999999,55.4499999999999,5.));
#14269=CARTESIAN_POINT('',(-53.3999999999999,27.7249999999999,5.));
#14270=CARTESIAN_POINT('Origin',(-49.9999999999999,55.4499999999999,5.));
#14271=CARTESIAN_POINT('',(46.6000000000001,-55.4500000000001,5.));
#14272=CARTESIAN_POINT('',(53.4000000000001,-55.4500000000001,5.));
#14273=CARTESIAN_POINT('Origin',(50.0000000000001,-55.4500000000001,5.));
#14274=CARTESIAN_POINT('',(46.6000000000001,-44.5500000000001,5.));
#14275=CARTESIAN_POINT('',(46.6000000000001,-82.2750000000001,5.));
#14276=CARTESIAN_POINT('',(53.4000000000001,-44.5500000000001,5.));
#14277=CARTESIAN_POINT('Origin',(50.0000000000001,-44.5500000000001,5.));
#14278=CARTESIAN_POINT('',(53.4000000000001,-87.7250000000001,5.));
#14279=CARTESIAN_POINT('',(6.60000000000014,-55.4500000000001,5.));
#14280=CARTESIAN_POINT('',(13.4000000000001,-55.4500000000001,5.));
#14281=CARTESIAN_POINT('Origin',(10.0000000000001,-55.4500000000001,5.));
#14282=CARTESIAN_POINT('',(6.60000000000014,-44.5500000000001,5.));
#14283=CARTESIAN_POINT('',(6.60000000000014,-82.2750000000001,5.));
#14284=CARTESIAN_POINT('',(13.4000000000001,-44.5500000000001,5.));
#14285=CARTESIAN_POINT('Origin',(10.0000000000001,-44.5500000000001,5.));
#14286=CARTESIAN_POINT('',(13.4000000000001,-87.7250000000001,5.));
#14287=CARTESIAN_POINT('',(-33.3999999999999,-55.4500000000001,5.));
#14288=CARTESIAN_POINT('',(-26.5999999999999,-55.4500000000001,5.));
#14289=CARTESIAN_POINT('Origin',(-29.9999999999999,-55.4500000000001,5.));
#14290=CARTESIAN_POINT('',(-33.3999999999999,-44.5500000000001,5.));
#14291=CARTESIAN_POINT('',(-33.3999999999999,-82.2750000000001,5.));
#14292=CARTESIAN_POINT('',(-26.5999999999999,-44.5500000000001,5.));
#14293=CARTESIAN_POINT('Origin',(-29.9999999999999,-44.5500000000001,5.));
#14294=CARTESIAN_POINT('',(-26.5999999999999,-87.7250000000001,5.));
#14295=CARTESIAN_POINT('',(-73.3999999999999,-55.4500000000001,5.));
#14296=CARTESIAN_POINT('',(-66.5999999999999,-55.4500000000001,5.));
#14297=CARTESIAN_POINT('Origin',(-69.9999999999999,-55.4500000000001,5.));
#14298=CARTESIAN_POINT('',(-73.3999999999999,-44.5500000000001,5.));
#14299=CARTESIAN_POINT('',(-73.3999999999999,-82.2750000000001,5.));
#14300=CARTESIAN_POINT('',(-66.5999999999999,-44.5500000000001,5.));
#14301=CARTESIAN_POINT('Origin',(-69.9999999999999,-44.5500000000001,5.));
#14302=CARTESIAN_POINT('',(-66.5999999999999,-87.7250000000001,5.));
#14303=CARTESIAN_POINT('',(46.6000000000001,-15.4500000000001,5.));
#14304=CARTESIAN_POINT('',(53.4000000000001,-15.4500000000001,5.));
#14305=CARTESIAN_POINT('Origin',(50.0000000000001,-15.4500000000001,5.));
#14306=CARTESIAN_POINT('',(46.6000000000001,-4.55000000000007,5.));
#14307=CARTESIAN_POINT('',(46.6000000000001,-42.2750000000001,5.));
#14308=CARTESIAN_POINT('',(53.4000000000001,-4.55000000000007,5.));
#14309=CARTESIAN_POINT('Origin',(50.0000000000001,-4.55000000000007,5.));
#14310=CARTESIAN_POINT('',(53.4000000000001,-47.7250000000001,5.));
#14311=CARTESIAN_POINT('',(6.60000000000014,-15.4500000000001,5.));
#14312=CARTESIAN_POINT('',(13.4000000000001,-15.4500000000001,5.));
#14313=CARTESIAN_POINT('Origin',(10.0000000000001,-15.4500000000001,5.));
#14314=CARTESIAN_POINT('',(6.60000000000014,-4.55000000000007,5.));
#14315=CARTESIAN_POINT('',(6.60000000000014,-42.2750000000001,5.));
#14316=CARTESIAN_POINT('',(13.4000000000001,-4.55000000000007,5.));
#14317=CARTESIAN_POINT('Origin',(10.0000000000001,-4.55000000000007,5.));
#14318=CARTESIAN_POINT('',(13.4000000000001,-47.7250000000001,5.));
#14319=CARTESIAN_POINT('',(-33.3999999999999,-15.4500000000001,5.));
#14320=CARTESIAN_POINT('',(-26.5999999999999,-15.4500000000001,5.));
#14321=CARTESIAN_POINT('Origin',(-29.9999999999999,-15.4500000000001,5.));
#14322=CARTESIAN_POINT('',(-33.3999999999999,-4.55000000000007,5.));
#14323=CARTESIAN_POINT('',(-33.3999999999999,-42.2750000000001,5.));
#14324=CARTESIAN_POINT('',(-26.5999999999999,-4.55000000000007,5.));
#14325=CARTESIAN_POINT('Origin',(-29.9999999999999,-4.55000000000007,5.));
#14326=CARTESIAN_POINT('',(-26.5999999999999,-47.7250000000001,5.));
#14327=CARTESIAN_POINT('',(-73.3999999999999,-15.4500000000001,5.));
#14328=CARTESIAN_POINT('',(-66.5999999999999,-15.4500000000001,5.));
#14329=CARTESIAN_POINT('Origin',(-69.9999999999999,-15.4500000000001,5.));
#14330=CARTESIAN_POINT('',(-73.3999999999999,-4.55000000000007,5.));
#14331=CARTESIAN_POINT('',(-73.3999999999999,-42.2750000000001,5.));
#14332=CARTESIAN_POINT('',(-66.5999999999999,-4.55000000000007,5.));
#14333=CARTESIAN_POINT('Origin',(-69.9999999999999,-4.55000000000007,5.));
#14334=CARTESIAN_POINT('',(-66.5999999999999,-47.7250000000001,5.));
#14335=CARTESIAN_POINT('',(46.6000000000001,24.5499999999999,5.));
#14336=CARTESIAN_POINT('',(53.4000000000001,24.5499999999999,5.));
#14337=CARTESIAN_POINT('Origin',(50.0000000000001,24.5499999999999,5.));
#14338=CARTESIAN_POINT('',(46.6000000000001,35.4499999999999,5.));
#14339=CARTESIAN_POINT('',(46.6000000000001,-2.27500000000005,5.));
#14340=CARTESIAN_POINT('',(53.4000000000001,35.4499999999999,5.));
#14341=CARTESIAN_POINT('Origin',(50.0000000000001,35.4499999999999,5.));
#14342=CARTESIAN_POINT('',(53.4000000000001,-7.72500000000005,5.));
#14343=CARTESIAN_POINT('',(6.60000000000014,24.5499999999999,5.));
#14344=CARTESIAN_POINT('',(13.4000000000001,24.5499999999999,5.));
#14345=CARTESIAN_POINT('Origin',(10.0000000000001,24.5499999999999,5.));
#14346=CARTESIAN_POINT('',(6.60000000000014,35.4499999999999,5.));
#14347=CARTESIAN_POINT('',(6.60000000000014,-2.27500000000005,5.));
#14348=CARTESIAN_POINT('',(13.4000000000001,35.4499999999999,5.));
#14349=CARTESIAN_POINT('Origin',(10.0000000000001,35.4499999999999,5.));
#14350=CARTESIAN_POINT('',(13.4000000000001,-7.72500000000005,5.));
#14351=CARTESIAN_POINT('',(-33.3999999999999,24.5499999999999,5.));
#14352=CARTESIAN_POINT('',(-26.5999999999999,24.5499999999999,5.));
#14353=CARTESIAN_POINT('Origin',(-29.9999999999999,24.5499999999999,5.));
#14354=CARTESIAN_POINT('',(-33.3999999999999,35.4499999999999,5.));
#14355=CARTESIAN_POINT('',(-33.3999999999999,-2.27500000000005,5.));
#14356=CARTESIAN_POINT('',(-26.5999999999999,35.4499999999999,5.));
#14357=CARTESIAN_POINT('Origin',(-29.9999999999999,35.4499999999999,5.));
#14358=CARTESIAN_POINT('',(-26.5999999999999,-7.72500000000005,5.));
#14359=CARTESIAN_POINT('',(-73.3999999999999,24.5499999999999,5.));
#14360=CARTESIAN_POINT('',(-66.5999999999999,24.5499999999999,5.));
#14361=CARTESIAN_POINT('Origin',(-69.9999999999999,24.5499999999999,5.));
#14362=CARTESIAN_POINT('',(-73.3999999999999,35.4499999999999,5.));
#14363=CARTESIAN_POINT('',(-73.3999999999999,-2.27500000000005,5.));
#14364=CARTESIAN_POINT('',(-66.5999999999999,35.4499999999999,5.));
#14365=CARTESIAN_POINT('Origin',(-69.9999999999999,35.4499999999999,5.));
#14366=CARTESIAN_POINT('',(-66.5999999999999,-7.72500000000005,5.));
#14367=CARTESIAN_POINT('',(46.6000000000001,64.5499999999999,5.));
#14368=CARTESIAN_POINT('',(53.4000000000001,64.5499999999999,5.));
#14369=CARTESIAN_POINT('Origin',(50.0000000000001,64.5499999999999,5.));
#14370=CARTESIAN_POINT('',(46.6000000000001,75.4499999999999,5.));
#14371=CARTESIAN_POINT('',(46.6000000000001,37.7249999999999,5.));
#14372=CARTESIAN_POINT('',(53.4000000000001,75.4499999999999,5.));
#14373=CARTESIAN_POINT('Origin',(50.0000000000001,75.4499999999999,5.));
#14374=CARTESIAN_POINT('',(53.4000000000001,32.2749999999999,5.));
#14375=CARTESIAN_POINT('',(6.60000000000014,64.5499999999999,5.));
#14376=CARTESIAN_POINT('',(13.4000000000001,64.5499999999999,5.));
#14377=CARTESIAN_POINT('Origin',(10.0000000000001,64.5499999999999,5.));
#14378=CARTESIAN_POINT('',(6.60000000000014,75.4499999999999,5.));
#14379=CARTESIAN_POINT('',(6.60000000000014,37.7249999999999,5.));
#14380=CARTESIAN_POINT('',(13.4000000000001,75.4499999999999,5.));
#14381=CARTESIAN_POINT('Origin',(10.0000000000001,75.4499999999999,5.));
#14382=CARTESIAN_POINT('',(13.4000000000001,32.2749999999999,5.));
#14383=CARTESIAN_POINT('',(-33.3999999999999,64.5499999999999,5.));
#14384=CARTESIAN_POINT('',(-26.5999999999999,64.5499999999999,5.));
#14385=CARTESIAN_POINT('Origin',(-29.9999999999999,64.5499999999999,5.));
#14386=CARTESIAN_POINT('',(-33.3999999999999,75.4499999999999,5.));
#14387=CARTESIAN_POINT('',(-33.3999999999999,37.7249999999999,5.));
#14388=CARTESIAN_POINT('',(-26.5999999999999,75.4499999999999,5.));
#14389=CARTESIAN_POINT('Origin',(-29.9999999999999,75.4499999999999,5.));
#14390=CARTESIAN_POINT('',(-26.5999999999999,32.2749999999999,5.));
#14391=CARTESIAN_POINT('',(-73.3999999999999,64.5499999999999,5.));
#14392=CARTESIAN_POINT('',(-66.5999999999999,64.5499999999999,5.));
#14393=CARTESIAN_POINT('Origin',(-69.9999999999999,64.5499999999999,5.));
#14394=CARTESIAN_POINT('',(-73.3999999999999,75.4499999999999,5.));
#14395=CARTESIAN_POINT('',(-73.3999999999999,37.7249999999999,5.));
#14396=CARTESIAN_POINT('',(-66.5999999999999,75.4499999999999,5.));
#14397=CARTESIAN_POINT('Origin',(-69.9999999999999,75.4499999999999,5.));
#14398=CARTESIAN_POINT('',(-66.5999999999999,32.2749999999999,5.));
#14399=CARTESIAN_POINT('',(-6.59999999999986,44.5499999999999,5.));
#14400=CARTESIAN_POINT('',(-6.59999999999986,55.4499999999999,5.));
#14401=CARTESIAN_POINT('',(-6.59999999999986,22.2749999999999,5.));
#14402=CARTESIAN_POINT('',(-13.3999999999999,44.5499999999999,5.));
#14403=CARTESIAN_POINT('Origin',(-9.99999999999986,44.5499999999999,5.));
#14404=CARTESIAN_POINT('',(-13.3999999999999,55.4499999999999,5.));
#14405=CARTESIAN_POINT('',(-13.3999999999999,27.7249999999999,5.));
#14406=CARTESIAN_POINT('Origin',(-9.99999999999986,55.4499999999999,5.));
#14407=CARTESIAN_POINT('',(33.4000000000001,44.5499999999999,5.));
#14408=CARTESIAN_POINT('',(33.4000000000001,55.4499999999999,5.));
#14409=CARTESIAN_POINT('',(33.4000000000001,22.2749999999999,5.));
#14410=CARTESIAN_POINT('',(26.6000000000001,44.5499999999999,5.));
#14411=CARTESIAN_POINT('Origin',(30.0000000000001,44.5499999999999,5.));
#14412=CARTESIAN_POINT('',(26.6000000000001,55.4499999999999,5.));
#14413=CARTESIAN_POINT('',(26.6000000000001,27.7249999999999,5.));
#14414=CARTESIAN_POINT('Origin',(30.0000000000001,55.4499999999999,5.));
#14415=CARTESIAN_POINT('',(73.4000000000001,44.5499999999999,5.));
#14416=CARTESIAN_POINT('',(73.4000000000001,55.4499999999999,5.));
#14417=CARTESIAN_POINT('',(73.4000000000001,22.2749999999999,5.));
#14418=CARTESIAN_POINT('',(66.6000000000001,44.5499999999999,5.));
#14419=CARTESIAN_POINT('Origin',(70.0000000000001,44.5499999999999,5.));
#14420=CARTESIAN_POINT('',(66.6000000000001,55.4499999999999,5.));
#14421=CARTESIAN_POINT('',(66.6000000000001,27.7249999999999,5.));
#14422=CARTESIAN_POINT('Origin',(70.0000000000001,55.4499999999999,5.));
#14423=CARTESIAN_POINT('',(-46.5999999999999,4.54999999999993,5.));
#14424=CARTESIAN_POINT('',(-46.5999999999999,15.4499999999999,5.));
#14425=CARTESIAN_POINT('',(-46.5999999999999,-17.7250000000001,5.));
#14426=CARTESIAN_POINT('',(-53.3999999999999,4.54999999999993,5.));
#14427=CARTESIAN_POINT('Origin',(-49.9999999999999,4.54999999999993,5.));
#14428=CARTESIAN_POINT('',(-53.3999999999999,15.4499999999999,5.));
#14429=CARTESIAN_POINT('',(-53.3999999999999,-12.2750000000001,5.));
#14430=CARTESIAN_POINT('Origin',(-49.9999999999999,15.4499999999999,5.));
#14431=CARTESIAN_POINT('',(-6.59999999999986,4.54999999999993,5.));
#14432=CARTESIAN_POINT('',(-6.59999999999986,15.4499999999999,5.));
#14433=CARTESIAN_POINT('',(-6.59999999999986,-17.7250000000001,5.));
#14434=CARTESIAN_POINT('',(-13.3999999999999,4.54999999999993,5.));
#14435=CARTESIAN_POINT('Origin',(-9.99999999999986,4.54999999999993,5.));
#14436=CARTESIAN_POINT('',(-13.3999999999999,15.4499999999999,5.));
#14437=CARTESIAN_POINT('',(-13.3999999999999,-12.2750000000001,5.));
#14438=CARTESIAN_POINT('Origin',(-9.99999999999986,15.4499999999999,5.));
#14439=CARTESIAN_POINT('',(33.4000000000001,4.54999999999993,5.));
#14440=CARTESIAN_POINT('',(33.4000000000001,15.4499999999999,5.));
#14441=CARTESIAN_POINT('',(33.4000000000001,-17.7250000000001,5.));
#14442=CARTESIAN_POINT('',(26.6000000000001,4.54999999999993,5.));
#14443=CARTESIAN_POINT('Origin',(30.0000000000001,4.54999999999993,5.));
#14444=CARTESIAN_POINT('',(26.6000000000001,15.4499999999999,5.));
#14445=CARTESIAN_POINT('',(26.6000000000001,-12.2750000000001,5.));
#14446=CARTESIAN_POINT('Origin',(30.0000000000001,15.4499999999999,5.));
#14447=CARTESIAN_POINT('',(73.4000000000001,4.54999999999993,5.));
#14448=CARTESIAN_POINT('',(73.4000000000001,15.4499999999999,5.));
#14449=CARTESIAN_POINT('',(73.4000000000001,-17.7250000000001,5.));
#14450=CARTESIAN_POINT('',(66.6000000000001,4.54999999999993,5.));
#14451=CARTESIAN_POINT('Origin',(70.0000000000001,4.54999999999993,5.));
#14452=CARTESIAN_POINT('',(66.6000000000001,15.4499999999999,5.));
#14453=CARTESIAN_POINT('',(66.6000000000001,-12.2750000000001,5.));
#14454=CARTESIAN_POINT('Origin',(70.0000000000001,15.4499999999999,5.));
#14455=CARTESIAN_POINT('',(-46.5999999999999,-35.4500000000001,5.));
#14456=CARTESIAN_POINT('',(-46.5999999999999,-24.5500000000001,5.));
#14457=CARTESIAN_POINT('',(-46.5999999999999,-57.7250000000001,5.));
#14458=CARTESIAN_POINT('',(-53.3999999999999,-35.4500000000001,5.));
#14459=CARTESIAN_POINT('Origin',(-49.9999999999999,-35.4500000000001,5.));
#14460=CARTESIAN_POINT('',(-53.3999999999999,-24.5500000000001,5.));
#14461=CARTESIAN_POINT('',(-53.3999999999999,-52.2750000000001,5.));
#14462=CARTESIAN_POINT('Origin',(-49.9999999999999,-24.5500000000001,5.));
#14463=CARTESIAN_POINT('',(-6.59999999999986,-35.4500000000001,5.));
#14464=CARTESIAN_POINT('',(-6.59999999999986,-24.5500000000001,5.));
#14465=CARTESIAN_POINT('',(-6.59999999999986,-57.7250000000001,5.));
#14466=CARTESIAN_POINT('',(-13.3999999999999,-35.4500000000001,5.));
#14467=CARTESIAN_POINT('Origin',(-9.99999999999986,-35.4500000000001,5.));
#14468=CARTESIAN_POINT('',(-13.3999999999999,-24.5500000000001,5.));
#14469=CARTESIAN_POINT('',(-13.3999999999999,-52.2750000000001,5.));
#14470=CARTESIAN_POINT('Origin',(-9.99999999999986,-24.5500000000001,5.));
#14471=CARTESIAN_POINT('',(33.4000000000001,-35.4500000000001,5.));
#14472=CARTESIAN_POINT('',(33.4000000000001,-24.5500000000001,5.));
#14473=CARTESIAN_POINT('',(33.4000000000001,-57.7250000000001,5.));
#14474=CARTESIAN_POINT('',(26.6000000000001,-35.4500000000001,5.));
#14475=CARTESIAN_POINT('Origin',(30.0000000000001,-35.4500000000001,5.));
#14476=CARTESIAN_POINT('',(26.6000000000001,-24.5500000000001,5.));
#14477=CARTESIAN_POINT('',(26.6000000000001,-52.2750000000001,5.));
#14478=CARTESIAN_POINT('Origin',(30.0000000000001,-24.5500000000001,5.));
#14479=CARTESIAN_POINT('',(73.4000000000001,-35.4500000000001,5.));
#14480=CARTESIAN_POINT('',(73.4000000000001,-24.5500000000001,5.));
#14481=CARTESIAN_POINT('',(73.4000000000001,-57.7250000000001,5.));
#14482=CARTESIAN_POINT('',(66.6000000000001,-35.4500000000001,5.));
#14483=CARTESIAN_POINT('Origin',(70.0000000000001,-35.4500000000001,5.));
#14484=CARTESIAN_POINT('',(66.6000000000001,-24.5500000000001,5.));
#14485=CARTESIAN_POINT('',(66.6000000000001,-52.2750000000001,5.));
#14486=CARTESIAN_POINT('Origin',(70.0000000000001,-24.5500000000001,5.));
#14487=CARTESIAN_POINT('',(-46.5999999999999,-75.4500000000001,5.));
#14488=CARTESIAN_POINT('',(-46.5999999999999,-64.5500000000001,5.));
#14489=CARTESIAN_POINT('',(-46.5999999999999,-97.7250000000001,5.));
#14490=CARTESIAN_POINT('',(-53.3999999999999,-75.4500000000001,5.));
#14491=CARTESIAN_POINT('Origin',(-49.9999999999999,-75.4500000000001,5.));
#14492=CARTESIAN_POINT('',(-53.3999999999999,-64.5500000000001,5.));
#14493=CARTESIAN_POINT('',(-53.3999999999999,-92.2750000000001,5.));
#14494=CARTESIAN_POINT('Origin',(-49.9999999999999,-64.5500000000001,5.));
#14495=CARTESIAN_POINT('',(-6.59999999999986,-75.4500000000001,5.));
#14496=CARTESIAN_POINT('',(-6.59999999999986,-64.5500000000001,5.));
#14497=CARTESIAN_POINT('',(-6.59999999999986,-97.7250000000001,5.));
#14498=CARTESIAN_POINT('',(-13.3999999999999,-75.4500000000001,5.));
#14499=CARTESIAN_POINT('Origin',(-9.99999999999986,-75.4500000000001,5.));
#14500=CARTESIAN_POINT('',(-13.3999999999999,-64.5500000000001,5.));
#14501=CARTESIAN_POINT('',(-13.3999999999999,-92.2750000000001,5.));
#14502=CARTESIAN_POINT('Origin',(-9.99999999999986,-64.5500000000001,5.));
#14503=CARTESIAN_POINT('',(33.4000000000001,-75.4500000000001,5.));
#14504=CARTESIAN_POINT('',(33.4000000000001,-64.5500000000001,5.));
#14505=CARTESIAN_POINT('',(33.4000000000001,-97.7250000000001,5.));
#14506=CARTESIAN_POINT('',(26.6000000000001,-75.4500000000001,5.));
#14507=CARTESIAN_POINT('Origin',(30.0000000000001,-75.4500000000001,5.));
#14508=CARTESIAN_POINT('',(26.6000000000001,-64.5500000000001,5.));
#14509=CARTESIAN_POINT('',(26.6000000000001,-92.2750000000001,5.));
#14510=CARTESIAN_POINT('Origin',(30.0000000000001,-64.5500000000001,5.));
#14511=CARTESIAN_POINT('',(73.4000000000001,-75.4500000000001,5.));
#14512=CARTESIAN_POINT('',(73.4000000000001,-64.5500000000001,5.));
#14513=CARTESIAN_POINT('',(73.4000000000001,-97.7250000000001,5.));
#14514=CARTESIAN_POINT('',(66.6000000000001,-75.4500000000001,5.));
#14515=CARTESIAN_POINT('Origin',(70.0000000000001,-75.4500000000001,5.));
#14516=CARTESIAN_POINT('',(66.6000000000001,-64.5500000000001,5.));
#14517=CARTESIAN_POINT('',(66.6000000000001,-92.2750000000001,5.));
#14518=CARTESIAN_POINT('Origin',(70.0000000000001,-64.5500000000001,5.));
#14519=CARTESIAN_POINT('',(76.9000000000001,81.,5.));
#14520=CARTESIAN_POINT('Origin',(81.0000000000001,81.,5.));
#14521=CARTESIAN_POINT('',(76.9000000000001,-81.,5.));
#14522=CARTESIAN_POINT('Origin',(81.0000000000001,-81.,5.));
#14523=CARTESIAN_POINT('Origin',(-84.1999999999999,-81.,-14.7));
#14524=CARTESIAN_POINT('',(-84.2265624999999,-80.7011782578296,-14.4));
#14525=CARTESIAN_POINT('',(-84.2796874999999,-80.1035347734889,-14.9999999999999));
#14526=CARTESIAN_POINT('',(-84.2265624999999,-81.2988217421704,-14.4));
#14527=CARTESIAN_POINT('Origin',(-84.1999999999999,-81.,-14.4));
#14528=CARTESIAN_POINT('',(-84.2265624999999,-81.2988217421704,-14.4));
#14529=CARTESIAN_POINT('Origin',(-80.9999999999999,-81.,-14.7));
#14530=CARTESIAN_POINT('',(-83.7009191176469,-80.2617345193438,-14.4));
#14531=CARTESIAN_POINT('',(-83.7009191176469,-80.2617345193438,-14.4));
#14532=CARTESIAN_POINT('',(-81.7382654806561,-78.299080882353,-14.4));
#14533=CARTESIAN_POINT('',(-81.8964652265111,-77.7203125,-14.9999999999999));
#14534=CARTESIAN_POINT('Origin',(-80.9999999999999,-81.,-14.4));
#14535=CARTESIAN_POINT('Origin',(-80.9999999999999,-77.8,-14.7));
#14536=CARTESIAN_POINT('',(-80.7011782578295,-77.7734375,-14.4));
#14537=CARTESIAN_POINT('',(-80.1035347734887,-77.7203125,-15.));
#14538=CARTESIAN_POINT('',(-81.2988217421703,-77.7734375,-14.4));
#14539=CARTESIAN_POINT('Origin',(-80.9999999999999,-77.8,-14.4));
#14540=CARTESIAN_POINT('',(-81.2988217421703,-77.7734375,-14.4));
#14541=CARTESIAN_POINT('Origin',(-80.9999999999999,-81.,-14.7));
#14542=CARTESIAN_POINT('',(-80.2617345193436,-78.299080882353,-14.4));
#14543=CARTESIAN_POINT('',(-80.2617345193436,-78.299080882353,-14.4));
#14544=CARTESIAN_POINT('',(-78.2990808823528,-80.2617345193438,-14.4));
#14545=CARTESIAN_POINT('',(-77.7203124999999,-80.1035347734888,-15.));
#14546=CARTESIAN_POINT('Origin',(-80.9999999999999,-81.,-14.4));
#14547=CARTESIAN_POINT('Origin',(-77.7999999999999,-81.,-14.7));
#14548=CARTESIAN_POINT('',(-77.7734374999999,-81.2988217421704,-14.4));
#14549=CARTESIAN_POINT('',(-77.7203124999999,-81.8964652265112,-15.));
#14550=CARTESIAN_POINT('',(-77.7734374999999,-80.7011782578296,-14.4));
#14551=CARTESIAN_POINT('Origin',(-77.7999999999999,-81.,-14.4));
#14552=CARTESIAN_POINT('',(-77.7734374999999,-80.7011782578296,-14.4));
#14553=CARTESIAN_POINT('Origin',(-80.9999999999999,-81.,-14.7));
#14554=CARTESIAN_POINT('',(-78.2990808823528,-81.7382654806563,-14.4));
#14555=CARTESIAN_POINT('',(-78.2990808823528,-81.7382654806563,-14.4));
#14556=CARTESIAN_POINT('',(-80.2617345193436,-83.7009191176471,-14.4));
#14557=CARTESIAN_POINT('',(-80.1035347734887,-84.2796875,-15.));
#14558=CARTESIAN_POINT('Origin',(-80.9999999999999,-81.,-14.4));
#14559=CARTESIAN_POINT('Origin',(-80.9999999999999,-84.2,-14.7));
#14560=CARTESIAN_POINT('',(-81.2988217421703,-84.2265625,-14.4));
#14561=CARTESIAN_POINT('',(-81.896465226511,-84.2796875,-14.9999999999999));
#14562=CARTESIAN_POINT('',(-80.7011782578295,-84.2265625,-14.4));
#14563=CARTESIAN_POINT('Origin',(-80.9999999999999,-84.2,-14.4));
#14564=CARTESIAN_POINT('',(-80.7011782578295,-84.2265625,-14.4));
#14565=CARTESIAN_POINT('Origin',(-80.9999999999999,-81.,-14.7));
#14566=CARTESIAN_POINT('',(-81.7382654806561,-83.7009191176471,-14.4));
#14567=CARTESIAN_POINT('',(-81.7382654806561,-83.7009191176471,-14.4));
#14568=CARTESIAN_POINT('',(-83.7009191176469,-81.7382654806563,-14.4));
#14569=CARTESIAN_POINT('',(-84.2796874999999,-81.8964652265112,-14.9999999999999));
#14570=CARTESIAN_POINT('Origin',(-80.9999999999999,-81.,-14.4));
#14571=CARTESIAN_POINT('Origin',(-81.8964652265111,-84.2796875,-14.4));
#14572=CARTESIAN_POINT('Origin',(-81.8964652265111,-84.2796875,-14.4));
#14573=CARTESIAN_POINT('Origin',(-80.1035347734887,-84.2796875,-14.4));
#14574=CARTESIAN_POINT('Origin',(-80.1035347734887,-84.2796875,-14.4));
#14575=CARTESIAN_POINT('Origin',(-77.7203124999999,-81.8964652265112,-14.4));
#14576=CARTESIAN_POINT('Origin',(-77.7203124999999,-81.8964652265112,-14.4));
#14577=CARTESIAN_POINT('Origin',(-77.7203124999999,-80.1035347734888,-14.4));
#14578=CARTESIAN_POINT('Origin',(-77.7203124999999,-80.1035347734888,-14.4));
#14579=CARTESIAN_POINT('Origin',(-80.1035347734887,-77.7203125,-14.4));
#14580=CARTESIAN_POINT('Origin',(-80.1035347734887,-77.7203125,-14.4));
#14581=CARTESIAN_POINT('Origin',(-81.8964652265111,-77.7203125,-14.4));
#14582=CARTESIAN_POINT('Origin',(-81.8964652265111,-77.7203125,-14.4));
#14583=CARTESIAN_POINT('Origin',(-84.2796874999999,-80.1035347734888,-14.4));
#14584=CARTESIAN_POINT('Origin',(-84.2796874999999,-80.1035347734888,-14.4));
#14585=CARTESIAN_POINT('Origin',(-84.2796874999999,-81.8964652265112,-14.4));
#14586=CARTESIAN_POINT('Origin',(-84.2796874999999,-81.8964652265112,-14.4));
#14587=CARTESIAN_POINT('Origin',(-77.7203124999999,-80.1035347734888,-7.30856426896017E-28));
#14588=CARTESIAN_POINT('',(-77.7734374999999,-80.7011782578296,4.));
#14589=CARTESIAN_POINT('',(-77.7734374999999,-80.7011782578296,-7.30856426896017E-28));
#14590=CARTESIAN_POINT('',(-77.9175960119161,-80.6701732966463,4.));
#14591=CARTESIAN_POINT('Origin',(-77.7203124999999,-80.1035347734888,4.));
#14592=CARTESIAN_POINT('',(-78.2990808823528,-80.2617345193438,3.7));
#14593=CARTESIAN_POINT('Ctrl Pts',(-77.9175960119161,-80.6701732966463,
4.));
#14594=CARTESIAN_POINT('Ctrl Pts',(-77.9806219796764,-80.6482298816585,
3.93966646124143));
#14595=CARTESIAN_POINT('Ctrl Pts',(-78.041540748134,-80.6150187893972,3.8829705512687));
#14596=CARTESIAN_POINT('Ctrl Pts',(-78.1377566646575,-80.5378821465533,
3.79903844700658));
#14597=CARTESIAN_POINT('Ctrl Pts',(-78.1809953982668,-80.4932827088522,
3.76357026359984));
#14598=CARTESIAN_POINT('Ctrl Pts',(-78.2531049007049,-80.3868446590686,
3.71387231153764));
#14599=CARTESIAN_POINT('Ctrl Pts',(-78.2818542967862,-80.324757395948,3.70000000000001));
#14600=CARTESIAN_POINT('Ctrl Pts',(-78.2990808823528,-80.2617345193438,
3.70000000000001));
#14601=CARTESIAN_POINT('',(-78.2990808823528,-80.2617345193438,-7.30856426896017E-28));
#14602=CARTESIAN_POINT('Origin',(-77.7999999999999,-81.,-1.22499999999999));
#14603=CARTESIAN_POINT('',(-77.7734374999999,-81.2988217421704,4.));
#14604=CARTESIAN_POINT('',(-77.7734374999999,-81.2988217421704,-7.30856426896017E-28));
#14605=CARTESIAN_POINT('Origin',(-77.7999999999999,-81.,4.));
#14606=CARTESIAN_POINT('Origin',(-77.7203124999999,-81.8964652265112,-7.30856426896017E-28));
#14607=CARTESIAN_POINT('',(-78.2990808823528,-81.7382654806563,3.7));
#14608=CARTESIAN_POINT('',(-78.2990808823528,-81.7382654806563,-7.30856426896017E-28));
#14609=CARTESIAN_POINT('',(-77.9175960119161,-81.3298267033538,4.));
#14610=CARTESIAN_POINT('Ctrl Pts',(-78.2990808823528,-81.7382654806563,
3.7));
#14611=CARTESIAN_POINT('Ctrl Pts',(-78.2818542967862,-81.675242604052,3.7));
#14612=CARTESIAN_POINT('Ctrl Pts',(-78.2531049007049,-81.6131553409315,
3.71387231153764));
#14613=CARTESIAN_POINT('Ctrl Pts',(-78.1809953982668,-81.5067172911478,
3.76357026359984));
#14614=CARTESIAN_POINT('Ctrl Pts',(-78.1377566646575,-81.4621178534468,
3.79903844700658));
#14615=CARTESIAN_POINT('Ctrl Pts',(-78.041540748134,-81.3849812106029,3.88297055126869));
#14616=CARTESIAN_POINT('Ctrl Pts',(-77.9806219796764,-81.3517701183415,
3.93966646124143));
#14617=CARTESIAN_POINT('Ctrl Pts',(-77.9175960119161,-81.3298267033538,
4.));
#14618=CARTESIAN_POINT('Origin',(-77.7203124999999,-81.8964652265112,4.));
#14619=CARTESIAN_POINT('Origin',(-80.1035347734887,-84.2796875,-7.30856426896017E-28));
#14620=CARTESIAN_POINT('',(-80.7011782578295,-84.2265625,4.));
#14621=CARTESIAN_POINT('',(-80.7011782578295,-84.2265625,-7.30856426896017E-28));
#14622=CARTESIAN_POINT('',(-80.6701732966461,-84.0824039880838,4.));
#14623=CARTESIAN_POINT('Origin',(-80.1035347734887,-84.2796875,4.));
#14624=CARTESIAN_POINT('',(-80.2617345193436,-83.7009191176471,3.7));
#14625=CARTESIAN_POINT('Ctrl Pts',(-80.6701732966461,-84.0824039880838,
4.));
#14626=CARTESIAN_POINT('Ctrl Pts',(-80.6482298816584,-84.0193780203235,
3.93966646124145));
#14627=CARTESIAN_POINT('Ctrl Pts',(-80.615018789397,-83.9584592518659,3.88297055126868));
#14628=CARTESIAN_POINT('Ctrl Pts',(-80.5378821465532,-83.8622433353424,
3.79903844700657));
#14629=CARTESIAN_POINT('Ctrl Pts',(-80.4932827088521,-83.8190046017331,
3.76357026359984));
#14630=CARTESIAN_POINT('Ctrl Pts',(-80.3868446590684,-83.746895099295,3.71387231153765));
#14631=CARTESIAN_POINT('Ctrl Pts',(-80.3247573959479,-83.7181457032137,
3.7));
#14632=CARTESIAN_POINT('Ctrl Pts',(-80.2617345193436,-83.7009191176471,
3.7));
#14633=CARTESIAN_POINT('',(-80.2617345193436,-83.7009191176471,-7.30856426896017E-28));
#14634=CARTESIAN_POINT('Origin',(-80.9999999999999,-84.2,-1.22499999999999));
#14635=CARTESIAN_POINT('',(-81.2988217421703,-84.2265625,4.));
#14636=CARTESIAN_POINT('',(-81.2988217421703,-84.2265625,-7.30856426896017E-28));
#14637=CARTESIAN_POINT('Origin',(-80.9999999999999,-84.2,4.));
#14638=CARTESIAN_POINT('Origin',(-81.8964652265111,-84.2796875,-7.30856426896017E-28));
#14639=CARTESIAN_POINT('',(-81.7382654806561,-83.7009191176471,3.7));
#14640=CARTESIAN_POINT('',(-81.7382654806561,-83.7009191176471,-7.30856426896017E-28));
#14641=CARTESIAN_POINT('',(-81.3298267033537,-84.0824039880838,4.));
#14642=CARTESIAN_POINT('Ctrl Pts',(-81.7382654806561,-83.7009191176471,
3.69999999999998));
#14643=CARTESIAN_POINT('Ctrl Pts',(-81.6752426040519,-83.7181457032137,
3.69999999999998));
#14644=CARTESIAN_POINT('Ctrl Pts',(-81.6131553409314,-83.746895099295,3.71387231153764));
#14645=CARTESIAN_POINT('Ctrl Pts',(-81.5067172911477,-83.8190046017331,
3.76357026359983));
#14646=CARTESIAN_POINT('Ctrl Pts',(-81.4621178534466,-83.8622433353424,
3.79903844700657));
#14647=CARTESIAN_POINT('Ctrl Pts',(-81.3849812106027,-83.9584592518659,
3.88297055126868));
#14648=CARTESIAN_POINT('Ctrl Pts',(-81.3517701183414,-84.0193780203235,
3.93966646124145));
#14649=CARTESIAN_POINT('Ctrl Pts',(-81.3298267033537,-84.0824039880838,
4.));
#14650=CARTESIAN_POINT('Origin',(-81.8964652265111,-84.2796875,4.));
#14651=CARTESIAN_POINT('Origin',(-80.9999999999999,-81.,4.35));
#14652=CARTESIAN_POINT('',(-84.0999999999999,-81.,4.));
#14653=CARTESIAN_POINT('',(-84.4499999999999,-81.,4.35));
#14654=CARTESIAN_POINT('',(-84.0824039880836,-80.6701732966462,4.));
#14655=CARTESIAN_POINT('Origin',(-80.9999999999999,-81.,4.));
#14656=CARTESIAN_POINT('',(-83.7009191176469,-80.2617345193438,3.7));
#14657=CARTESIAN_POINT('Ctrl Pts',(-83.7009191176469,-80.2617345193438,
3.7));
#14658=CARTESIAN_POINT('Ctrl Pts',(-83.7181457032135,-80.324757395948,3.7));
#14659=CARTESIAN_POINT('Ctrl Pts',(-83.7468950992949,-80.3868446590686,
3.71387231153765));
#14660=CARTESIAN_POINT('Ctrl Pts',(-83.8190046017329,-80.4932827088523,
3.76357026359985));
#14661=CARTESIAN_POINT('Ctrl Pts',(-83.8622433353422,-80.5378821465533,
3.79903844700657));
#14662=CARTESIAN_POINT('Ctrl Pts',(-83.9584592518657,-80.6150187893972,
3.88297055126869));
#14663=CARTESIAN_POINT('Ctrl Pts',(-84.0193780203233,-80.6482298816585,
3.93966646124145));
#14664=CARTESIAN_POINT('Ctrl Pts',(-84.0824039880836,-80.6701732966462,
4.));
#14665=CARTESIAN_POINT('',(-81.7382654806561,-78.299080882353,3.7));
#14666=CARTESIAN_POINT('Origin',(-80.9999999999999,-81.,3.7));
#14667=CARTESIAN_POINT('',(-81.3298267033536,-77.9175960119163,4.));
#14668=CARTESIAN_POINT('Ctrl Pts',(-81.3298267033537,-77.9175960119163,
4.));
#14669=CARTESIAN_POINT('Ctrl Pts',(-81.3517701183414,-77.9806219796766,
3.93966646124146));
#14670=CARTESIAN_POINT('Ctrl Pts',(-81.3849812106027,-78.0415407481341,
3.88297055126869));
#14671=CARTESIAN_POINT('Ctrl Pts',(-81.4621178534466,-78.1377566646577,
3.79903844700658));
#14672=CARTESIAN_POINT('Ctrl Pts',(-81.5067172911477,-78.180995398267,3.76357026359984));
#14673=CARTESIAN_POINT('Ctrl Pts',(-81.6131553409313,-78.253104900705,3.71387231153765));
#14674=CARTESIAN_POINT('Ctrl Pts',(-81.6752426040519,-78.2818542967864,
3.70000000000001));
#14675=CARTESIAN_POINT('Ctrl Pts',(-81.7382654806561,-78.299080882353,3.70000000000001));
#14676=CARTESIAN_POINT('',(-80.6701732966461,-77.9175960119163,4.));
#14677=CARTESIAN_POINT('Origin',(-80.9999999999999,-81.,4.));
#14678=CARTESIAN_POINT('',(-80.2617345193436,-78.299080882353,3.7));
#14679=CARTESIAN_POINT('Ctrl Pts',(-80.2617345193436,-78.299080882353,3.70000000000001));
#14680=CARTESIAN_POINT('Ctrl Pts',(-80.3247573959479,-78.2818542967864,
3.70000000000001));
#14681=CARTESIAN_POINT('Ctrl Pts',(-80.3868446590684,-78.253104900705,3.71387231153764));
#14682=CARTESIAN_POINT('Ctrl Pts',(-80.4932827088521,-78.180995398267,3.76357026359984));
#14683=CARTESIAN_POINT('Ctrl Pts',(-80.5378821465532,-78.1377566646577,
3.79903844700658));
#14684=CARTESIAN_POINT('Ctrl Pts',(-80.615018789397,-78.0415407481341,3.88297055126869));
#14685=CARTESIAN_POINT('Ctrl Pts',(-80.6482298816584,-77.9806219796766,
3.93966646124145));
#14686=CARTESIAN_POINT('Ctrl Pts',(-80.6701732966461,-77.9175960119163,
4.));
#14687=CARTESIAN_POINT('Origin',(-80.9999999999999,-81.,3.7));
#14688=CARTESIAN_POINT('Origin',(-80.9999999999999,-81.,4.));
#14689=CARTESIAN_POINT('Origin',(-80.9999999999999,-81.,3.7));
#14690=CARTESIAN_POINT('Origin',(-80.9999999999999,-81.,4.));
#14691=CARTESIAN_POINT('',(-83.7009191176469,-81.7382654806563,3.7));
#14692=CARTESIAN_POINT('Origin',(-80.9999999999999,-81.,3.7));
#14693=CARTESIAN_POINT('',(-84.0824039880836,-81.3298267033538,4.));
#14694=CARTESIAN_POINT('Ctrl Pts',(-84.0824039880836,-81.3298267033538,
4.));
#14695=CARTESIAN_POINT('Ctrl Pts',(-84.0193780203233,-81.3517701183415,
3.93966646124145));
#14696=CARTESIAN_POINT('Ctrl Pts',(-83.9584592518657,-81.3849812106029,
3.88297055126869));
#14697=CARTESIAN_POINT('Ctrl Pts',(-83.8622433353422,-81.4621178534468,
3.79903844700657));
#14698=CARTESIAN_POINT('Ctrl Pts',(-83.8190046017329,-81.5067172911478,
3.76357026359984));
#14699=CARTESIAN_POINT('Ctrl Pts',(-83.7468950992949,-81.6131553409315,
3.71387231153764));
#14700=CARTESIAN_POINT('Ctrl Pts',(-83.7181457032135,-81.675242604052,3.7));
#14701=CARTESIAN_POINT('Ctrl Pts',(-83.7009191176469,-81.7382654806563,
3.7));
#14702=CARTESIAN_POINT('Origin',(-80.9999999999999,-81.,4.));
#14703=CARTESIAN_POINT('Origin',(-84.2796874999999,-81.8964652265112,-7.30856426896017E-28));
#14704=CARTESIAN_POINT('',(-84.2265624999999,-81.2988217421704,4.));
#14705=CARTESIAN_POINT('',(-84.2265624999999,-81.2988217421704,-7.30856426896017E-28));
#14706=CARTESIAN_POINT('Origin',(-84.2796874999999,-81.8964652265112,4.));
#14707=CARTESIAN_POINT('',(-83.7009191176469,-81.7382654806563,-7.30856426896017E-28));
#14708=CARTESIAN_POINT('Origin',(-84.1999999999999,-81.,-1.22499999999999));
#14709=CARTESIAN_POINT('',(-84.2265624999999,-80.7011782578296,4.));
#14710=CARTESIAN_POINT('',(-84.2265624999999,-80.7011782578296,-7.30856426896017E-28));
#14711=CARTESIAN_POINT('Origin',(-84.1999999999999,-81.,4.));
#14712=CARTESIAN_POINT('Origin',(-84.2796874999999,-80.1035347734888,-7.30856426896017E-28));
#14713=CARTESIAN_POINT('',(-83.7009191176469,-80.2617345193438,-7.30856426896017E-28));
#14714=CARTESIAN_POINT('Origin',(-84.2796874999999,-80.1035347734888,4.));
#14715=CARTESIAN_POINT('Origin',(-81.8964652265111,-77.7203125,-7.30856426896017E-28));
#14716=CARTESIAN_POINT('',(-81.2988217421703,-77.7734375,4.));
#14717=CARTESIAN_POINT('',(-81.2988217421703,-77.7734375,-7.30856426896017E-28));
#14718=CARTESIAN_POINT('Origin',(-81.8964652265111,-77.7203125,4.));
#14719=CARTESIAN_POINT('',(-81.7382654806561,-78.299080882353,-7.30856426896017E-28));
#14720=CARTESIAN_POINT('Origin',(-80.9999999999999,-77.8,-1.22499999999999));
#14721=CARTESIAN_POINT('',(-80.7011782578295,-77.7734375,4.));
#14722=CARTESIAN_POINT('',(-80.7011782578295,-77.7734375,-7.30856426896017E-28));
#14723=CARTESIAN_POINT('Origin',(-80.9999999999999,-77.8,4.));
#14724=CARTESIAN_POINT('Origin',(-80.1035347734887,-77.7203125,-7.30856426896017E-28));
#14725=CARTESIAN_POINT('',(-80.2617345193436,-78.299080882353,-7.30856426896017E-28));
#14726=CARTESIAN_POINT('Origin',(-80.1035347734887,-77.7203125,4.));
#14727=CARTESIAN_POINT('Origin',(-80.9999999999999,-81.,4.));
#14728=CARTESIAN_POINT('Origin',(-80.9999999999999,-81.,4.));
#14729=CARTESIAN_POINT('Origin',(-80.9999999999999,-81.,4.));
#14730=CARTESIAN_POINT('Origin',(-80.9999999999999,-81.,4.));
#14731=CARTESIAN_POINT('Origin',(-80.9999999999999,-81.,0.));
#14732=CARTESIAN_POINT('Origin',(-80.9999999999999,-81.,0.));
#14733=CARTESIAN_POINT('Origin',(-80.9999999999999,-81.,0.));
#14734=CARTESIAN_POINT('Origin',(-80.9999999999999,-81.,0.));
#14735=CARTESIAN_POINT('Origin',(77.8000000000001,-81.,-14.7));
#14736=CARTESIAN_POINT('',(77.7734375000001,-80.7011782578296,-14.4));
#14737=CARTESIAN_POINT('',(77.7203125000001,-80.1035347734889,-14.9999999999999));
#14738=CARTESIAN_POINT('',(77.7734375000001,-81.2988217421704,-14.4));
#14739=CARTESIAN_POINT('Origin',(77.8000000000001,-81.,-14.4));
#14740=CARTESIAN_POINT('',(77.7734375000001,-81.2988217421704,-14.4));
#14741=CARTESIAN_POINT('Origin',(81.0000000000001,-81.,-14.7));
#14742=CARTESIAN_POINT('',(78.2990808823531,-80.2617345193438,-14.4));
#14743=CARTESIAN_POINT('',(78.2990808823531,-80.2617345193438,-14.4));
#14744=CARTESIAN_POINT('',(80.2617345193438,-78.299080882353,-14.4));
#14745=CARTESIAN_POINT('',(80.1035347734889,-77.7203125,-14.9999999999999));
#14746=CARTESIAN_POINT('Origin',(81.0000000000001,-81.,-14.4));
#14747=CARTESIAN_POINT('Origin',(81.0000000000001,-77.8,-14.7));
#14748=CARTESIAN_POINT('',(81.2988217421705,-77.7734375,-14.4));
#14749=CARTESIAN_POINT('',(81.8964652265113,-77.7203125,-15.));
#14750=CARTESIAN_POINT('',(80.7011782578297,-77.7734375,-14.4));
#14751=CARTESIAN_POINT('Origin',(81.0000000000001,-77.8,-14.4));
#14752=CARTESIAN_POINT('',(80.7011782578297,-77.7734375,-14.4));
#14753=CARTESIAN_POINT('Origin',(81.0000000000001,-81.,-14.7));
#14754=CARTESIAN_POINT('',(81.7382654806564,-78.299080882353,-14.4));
#14755=CARTESIAN_POINT('',(81.7382654806564,-78.299080882353,-14.4));
#14756=CARTESIAN_POINT('',(83.7009191176472,-80.2617345193438,-14.4));
#14757=CARTESIAN_POINT('',(84.2796875000001,-80.1035347734888,-15.));
#14758=CARTESIAN_POINT('Origin',(81.0000000000001,-81.,-14.4));
#14759=CARTESIAN_POINT('Origin',(84.2000000000001,-81.,-14.7));
#14760=CARTESIAN_POINT('',(84.2265625000001,-81.2988217421704,-14.4));
#14761=CARTESIAN_POINT('',(84.2796875000001,-81.8964652265112,-15.));
#14762=CARTESIAN_POINT('',(84.2265625000001,-80.7011782578296,-14.4));
#14763=CARTESIAN_POINT('Origin',(84.2000000000001,-81.,-14.4));
#14764=CARTESIAN_POINT('',(84.2265625000001,-80.7011782578296,-14.4));
#14765=CARTESIAN_POINT('Origin',(81.0000000000001,-81.,-14.7));
#14766=CARTESIAN_POINT('',(83.7009191176472,-81.7382654806563,-14.4));
#14767=CARTESIAN_POINT('',(83.7009191176472,-81.7382654806563,-14.4));
#14768=CARTESIAN_POINT('',(81.7382654806564,-83.7009191176471,-14.4));
#14769=CARTESIAN_POINT('',(81.8964652265113,-84.2796875,-15.));
#14770=CARTESIAN_POINT('Origin',(81.0000000000001,-81.,-14.4));
#14771=CARTESIAN_POINT('Origin',(81.0000000000001,-84.2,-14.7));
#14772=CARTESIAN_POINT('',(80.7011782578297,-84.2265625,-14.4));
#14773=CARTESIAN_POINT('',(80.1035347734889,-84.2796875,-14.9999999999999));
#14774=CARTESIAN_POINT('',(81.2988217421705,-84.2265625,-14.4));
#14775=CARTESIAN_POINT('Origin',(81.0000000000001,-84.2,-14.4));
#14776=CARTESIAN_POINT('',(81.2988217421705,-84.2265625,-14.4));
#14777=CARTESIAN_POINT('Origin',(81.0000000000001,-81.,-14.7));
#14778=CARTESIAN_POINT('',(80.2617345193438,-83.7009191176471,-14.4));
#14779=CARTESIAN_POINT('',(80.2617345193438,-83.7009191176471,-14.4));
#14780=CARTESIAN_POINT('',(78.2990808823531,-81.7382654806563,-14.4));
#14781=CARTESIAN_POINT('',(77.7203125000001,-81.8964652265112,-14.9999999999999));
#14782=CARTESIAN_POINT('Origin',(81.0000000000001,-81.,-14.4));
#14783=CARTESIAN_POINT('Origin',(80.1035347734889,-84.2796875,-14.4));
#14784=CARTESIAN_POINT('Origin',(80.1035347734889,-84.2796875,-14.4));
#14785=CARTESIAN_POINT('Origin',(81.8964652265113,-84.2796875,-14.4));
#14786=CARTESIAN_POINT('Origin',(81.8964652265113,-84.2796875,-14.4));
#14787=CARTESIAN_POINT('Origin',(84.2796875000001,-81.8964652265112,-14.4));
#14788=CARTESIAN_POINT('Origin',(84.2796875000001,-81.8964652265112,-14.4));
#14789=CARTESIAN_POINT('Origin',(84.2796875000001,-80.1035347734888,-14.4));
#14790=CARTESIAN_POINT('Origin',(84.2796875000001,-80.1035347734888,-14.4));
#14791=CARTESIAN_POINT('Origin',(81.8964652265113,-77.7203125,-14.4));
#14792=CARTESIAN_POINT('Origin',(81.8964652265113,-77.7203125,-14.4));
#14793=CARTESIAN_POINT('Origin',(80.1035347734889,-77.7203125,-14.4));
#14794=CARTESIAN_POINT('Origin',(80.1035347734889,-77.7203125,-14.4));
#14795=CARTESIAN_POINT('Origin',(77.7203125000001,-80.1035347734888,-14.4));
#14796=CARTESIAN_POINT('Origin',(77.7203125000001,-80.1035347734888,-14.4));
#14797=CARTESIAN_POINT('Origin',(77.7203125000001,-81.8964652265112,-14.4));
#14798=CARTESIAN_POINT('Origin',(77.7203125000001,-81.8964652265112,-14.4));
#14799=CARTESIAN_POINT('Origin',(84.2796875000001,-80.1035347734888,-7.30856426896017E-28));
#14800=CARTESIAN_POINT('',(84.2265625000001,-80.7011782578296,4.));
#14801=CARTESIAN_POINT('',(84.2265625000001,-80.7011782578296,-7.30856426896017E-28));
#14802=CARTESIAN_POINT('',(84.0824039880839,-80.6701732966463,4.));
#14803=CARTESIAN_POINT('Origin',(84.2796875000001,-80.1035347734888,4.));
#14804=CARTESIAN_POINT('',(83.7009191176472,-80.2617345193438,3.7));
#14805=CARTESIAN_POINT('Ctrl Pts',(84.0824039880839,-80.6701732966463,4.));
#14806=CARTESIAN_POINT('Ctrl Pts',(84.0193780203236,-80.6482298816585,3.93966646124144));
#14807=CARTESIAN_POINT('Ctrl Pts',(83.958459251866,-80.6150187893972,3.8829705512687));
#14808=CARTESIAN_POINT('Ctrl Pts',(83.8622433353425,-80.5378821465533,3.79903844700658));
#14809=CARTESIAN_POINT('Ctrl Pts',(83.8190046017331,-80.4932827088522,3.76357026359984));
#14810=CARTESIAN_POINT('Ctrl Pts',(83.7468950992951,-80.3868446590686,3.71387231153764));
#14811=CARTESIAN_POINT('Ctrl Pts',(83.7181457032138,-80.324757395948,3.7));
#14812=CARTESIAN_POINT('Ctrl Pts',(83.7009191176472,-80.2617345193438,3.7));
#14813=CARTESIAN_POINT('',(83.7009191176472,-80.2617345193438,-7.30856426896017E-28));
#14814=CARTESIAN_POINT('Origin',(84.2000000000001,-81.,-1.22499999999999));
#14815=CARTESIAN_POINT('',(84.2265625000001,-81.2988217421704,4.));
#14816=CARTESIAN_POINT('',(84.2265625000001,-81.2988217421704,-7.30856426896017E-28));
#14817=CARTESIAN_POINT('Origin',(84.2000000000001,-81.,4.));
#14818=CARTESIAN_POINT('Origin',(84.2796875000001,-81.8964652265112,-7.30856426896017E-28));
#14819=CARTESIAN_POINT('',(83.7009191176472,-81.7382654806563,3.7));
#14820=CARTESIAN_POINT('',(83.7009191176472,-81.7382654806563,-7.30856426896017E-28));
#14821=CARTESIAN_POINT('',(84.0824039880839,-81.3298267033538,4.));
#14822=CARTESIAN_POINT('Ctrl Pts',(83.7009191176472,-81.7382654806563,3.7));
#14823=CARTESIAN_POINT('Ctrl Pts',(83.7181457032138,-81.675242604052,3.7));
#14824=CARTESIAN_POINT('Ctrl Pts',(83.7468950992951,-81.6131553409315,3.71387231153764));
#14825=CARTESIAN_POINT('Ctrl Pts',(83.8190046017331,-81.5067172911478,3.76357026359984));
#14826=CARTESIAN_POINT('Ctrl Pts',(83.8622433353425,-81.4621178534468,3.79903844700658));
#14827=CARTESIAN_POINT('Ctrl Pts',(83.958459251866,-81.3849812106029,3.88297055126869));
#14828=CARTESIAN_POINT('Ctrl Pts',(84.0193780203236,-81.3517701183415,3.93966646124144));
#14829=CARTESIAN_POINT('Ctrl Pts',(84.0824039880839,-81.3298267033538,4.));
#14830=CARTESIAN_POINT('Origin',(84.2796875000001,-81.8964652265112,4.));
#14831=CARTESIAN_POINT('Origin',(81.8964652265113,-84.2796875,-7.30856426896017E-28));
#14832=CARTESIAN_POINT('',(81.2988217421705,-84.2265625,4.));
#14833=CARTESIAN_POINT('',(81.2988217421705,-84.2265625,-7.30856426896017E-28));
#14834=CARTESIAN_POINT('',(81.3298267033539,-84.0824039880838,4.));
#14835=CARTESIAN_POINT('Origin',(81.8964652265113,-84.2796875,4.));
#14836=CARTESIAN_POINT('',(81.7382654806564,-83.7009191176471,3.7));
#14837=CARTESIAN_POINT('Ctrl Pts',(81.3298267033539,-84.0824039880838,4.));
#14838=CARTESIAN_POINT('Ctrl Pts',(81.3517701183416,-84.0193780203235,3.93966646124145));
#14839=CARTESIAN_POINT('Ctrl Pts',(81.384981210603,-83.9584592518659,3.88297055126868));
#14840=CARTESIAN_POINT('Ctrl Pts',(81.4621178534468,-83.8622433353424,3.79903844700657));
#14841=CARTESIAN_POINT('Ctrl Pts',(81.5067172911479,-83.8190046017331,3.76357026359984));
#14842=CARTESIAN_POINT('Ctrl Pts',(81.6131553409316,-83.746895099295,3.71387231153765));
#14843=CARTESIAN_POINT('Ctrl Pts',(81.6752426040521,-83.7181457032137,3.7));
#14844=CARTESIAN_POINT('Ctrl Pts',(81.7382654806564,-83.7009191176471,3.7));
#14845=CARTESIAN_POINT('',(81.7382654806564,-83.7009191176471,-7.30856426896017E-28));
#14846=CARTESIAN_POINT('Origin',(81.0000000000001,-84.2,-1.22499999999999));
#14847=CARTESIAN_POINT('',(80.7011782578297,-84.2265625,4.));
#14848=CARTESIAN_POINT('',(80.7011782578297,-84.2265625,-7.30856426896017E-28));
#14849=CARTESIAN_POINT('Origin',(81.0000000000001,-84.2,4.));
#14850=CARTESIAN_POINT('Origin',(80.1035347734889,-84.2796875,-7.30856426896017E-28));
#14851=CARTESIAN_POINT('',(80.2617345193438,-83.7009191176471,3.7));
#14852=CARTESIAN_POINT('',(80.2617345193438,-83.7009191176471,-7.30856426896017E-28));
#14853=CARTESIAN_POINT('',(80.6701732966463,-84.0824039880838,4.));
#14854=CARTESIAN_POINT('Ctrl Pts',(80.2617345193438,-83.7009191176471,3.69999999999998));
#14855=CARTESIAN_POINT('Ctrl Pts',(80.3247573959481,-83.7181457032137,3.69999999999998));
#14856=CARTESIAN_POINT('Ctrl Pts',(80.3868446590686,-83.746895099295,3.71387231153764));
#14857=CARTESIAN_POINT('Ctrl Pts',(80.4932827088523,-83.8190046017331,3.76357026359983));
#14858=CARTESIAN_POINT('Ctrl Pts',(80.5378821465534,-83.8622433353424,3.79903844700657));
#14859=CARTESIAN_POINT('Ctrl Pts',(80.6150187893972,-83.9584592518659,3.88297055126868));
#14860=CARTESIAN_POINT('Ctrl Pts',(80.6482298816586,-84.0193780203235,3.93966646124145));
#14861=CARTESIAN_POINT('Ctrl Pts',(80.6701732966463,-84.0824039880838,4.));
#14862=CARTESIAN_POINT('Origin',(80.1035347734889,-84.2796875,4.));
#14863=CARTESIAN_POINT('Origin',(81.0000000000001,-81.,4.35));
#14864=CARTESIAN_POINT('',(77.9000000000001,-81.,4.));
#14865=CARTESIAN_POINT('',(77.5500000000001,-81.,4.35));
#14866=CARTESIAN_POINT('',(77.9175960119163,-80.6701732966462,4.));
#14867=CARTESIAN_POINT('Origin',(81.0000000000001,-81.,4.));
#14868=CARTESIAN_POINT('',(78.2990808823531,-80.2617345193438,3.7));
#14869=CARTESIAN_POINT('Ctrl Pts',(78.2990808823531,-80.2617345193438,3.7));
#14870=CARTESIAN_POINT('Ctrl Pts',(78.2818542967865,-80.324757395948,3.7));
#14871=CARTESIAN_POINT('Ctrl Pts',(78.2531049007051,-80.3868446590686,3.71387231153765));
#14872=CARTESIAN_POINT('Ctrl Pts',(78.1809953982671,-80.4932827088523,3.76357026359985));
#14873=CARTESIAN_POINT('Ctrl Pts',(78.1377566646578,-80.5378821465533,3.79903844700657));
#14874=CARTESIAN_POINT('Ctrl Pts',(78.0415407481342,-80.6150187893972,3.88297055126869));
#14875=CARTESIAN_POINT('Ctrl Pts',(77.9806219796767,-80.6482298816585,3.93966646124145));
#14876=CARTESIAN_POINT('Ctrl Pts',(77.9175960119163,-80.6701732966462,4.));
#14877=CARTESIAN_POINT('',(80.2617345193438,-78.299080882353,3.7));
#14878=CARTESIAN_POINT('Origin',(81.0000000000001,-81.,3.7));
#14879=CARTESIAN_POINT('',(80.6701732966464,-77.9175960119163,4.));
#14880=CARTESIAN_POINT('Ctrl Pts',(80.6701732966463,-77.9175960119163,4.));
#14881=CARTESIAN_POINT('Ctrl Pts',(80.6482298816586,-77.9806219796766,3.93966646124146));
#14882=CARTESIAN_POINT('Ctrl Pts',(80.6150187893972,-78.0415407481341,3.88297055126869));
#14883=CARTESIAN_POINT('Ctrl Pts',(80.5378821465534,-78.1377566646577,3.79903844700658));
#14884=CARTESIAN_POINT('Ctrl Pts',(80.4932827088523,-78.180995398267,3.76357026359984));
#14885=CARTESIAN_POINT('Ctrl Pts',(80.3868446590687,-78.253104900705,3.71387231153765));
#14886=CARTESIAN_POINT('Ctrl Pts',(80.3247573959481,-78.2818542967864,3.70000000000001));
#14887=CARTESIAN_POINT('Ctrl Pts',(80.2617345193438,-78.299080882353,3.70000000000001));
#14888=CARTESIAN_POINT('',(81.3298267033539,-77.9175960119163,4.));
#14889=CARTESIAN_POINT('Origin',(81.0000000000001,-81.,4.));
#14890=CARTESIAN_POINT('',(81.7382654806564,-78.299080882353,3.7));
#14891=CARTESIAN_POINT('Ctrl Pts',(81.7382654806564,-78.299080882353,3.70000000000001));
#14892=CARTESIAN_POINT('Ctrl Pts',(81.6752426040521,-78.2818542967864,3.70000000000001));
#14893=CARTESIAN_POINT('Ctrl Pts',(81.6131553409316,-78.253104900705,3.71387231153764));
#14894=CARTESIAN_POINT('Ctrl Pts',(81.5067172911479,-78.180995398267,3.76357026359984));
#14895=CARTESIAN_POINT('Ctrl Pts',(81.4621178534468,-78.1377566646577,3.79903844700658));
#14896=CARTESIAN_POINT('Ctrl Pts',(81.384981210603,-78.0415407481341,3.88297055126869));
#14897=CARTESIAN_POINT('Ctrl Pts',(81.3517701183416,-77.9806219796766,3.93966646124145));
#14898=CARTESIAN_POINT('Ctrl Pts',(81.3298267033539,-77.9175960119163,4.));
#14899=CARTESIAN_POINT('Origin',(81.0000000000001,-81.,3.7));
#14900=CARTESIAN_POINT('Origin',(81.0000000000001,-81.,4.));
#14901=CARTESIAN_POINT('Origin',(81.0000000000001,-81.,3.7));
#14902=CARTESIAN_POINT('Origin',(81.0000000000001,-81.,4.));
#14903=CARTESIAN_POINT('',(78.2990808823531,-81.7382654806563,3.7));
#14904=CARTESIAN_POINT('Origin',(81.0000000000001,-81.,3.7));
#14905=CARTESIAN_POINT('',(77.9175960119163,-81.3298267033538,4.));
#14906=CARTESIAN_POINT('Ctrl Pts',(77.9175960119163,-81.3298267033538,4.));
#14907=CARTESIAN_POINT('Ctrl Pts',(77.9806219796767,-81.3517701183415,3.93966646124145));
#14908=CARTESIAN_POINT('Ctrl Pts',(78.0415407481342,-81.3849812106029,3.88297055126869));
#14909=CARTESIAN_POINT('Ctrl Pts',(78.1377566646578,-81.4621178534468,3.79903844700657));
#14910=CARTESIAN_POINT('Ctrl Pts',(78.1809953982671,-81.5067172911478,3.76357026359984));
#14911=CARTESIAN_POINT('Ctrl Pts',(78.2531049007051,-81.6131553409315,3.71387231153764));
#14912=CARTESIAN_POINT('Ctrl Pts',(78.2818542967865,-81.675242604052,3.7));
#14913=CARTESIAN_POINT('Ctrl Pts',(78.2990808823531,-81.7382654806563,3.7));
#14914=CARTESIAN_POINT('Origin',(81.0000000000001,-81.,4.));
#14915=CARTESIAN_POINT('Origin',(77.7203125000001,-81.8964652265112,-7.30856426896017E-28));
#14916=CARTESIAN_POINT('',(77.7734375000001,-81.2988217421704,4.));
#14917=CARTESIAN_POINT('',(77.7734375000001,-81.2988217421704,-7.30856426896017E-28));
#14918=CARTESIAN_POINT('Origin',(77.7203125000001,-81.8964652265112,4.));
#14919=CARTESIAN_POINT('',(78.2990808823531,-81.7382654806563,-7.30856426896017E-28));
#14920=CARTESIAN_POINT('Origin',(77.8000000000001,-81.,-1.22499999999999));
#14921=CARTESIAN_POINT('',(77.7734375000001,-80.7011782578296,4.));
#14922=CARTESIAN_POINT('',(77.7734375000001,-80.7011782578296,-7.30856426896017E-28));
#14923=CARTESIAN_POINT('Origin',(77.8000000000001,-81.,4.));
#14924=CARTESIAN_POINT('Origin',(77.7203125000001,-80.1035347734888,-7.30856426896017E-28));
#14925=CARTESIAN_POINT('',(78.2990808823531,-80.2617345193438,-7.30856426896017E-28));
#14926=CARTESIAN_POINT('Origin',(77.7203125000001,-80.1035347734888,4.));
#14927=CARTESIAN_POINT('Origin',(80.1035347734889,-77.7203125,-7.30856426896017E-28));
#14928=CARTESIAN_POINT('',(80.7011782578297,-77.7734375,4.));
#14929=CARTESIAN_POINT('',(80.7011782578297,-77.7734375,-7.30856426896017E-28));
#14930=CARTESIAN_POINT('Origin',(80.1035347734889,-77.7203125,4.));
#14931=CARTESIAN_POINT('',(80.2617345193438,-78.299080882353,-7.30856426896017E-28));
#14932=CARTESIAN_POINT('Origin',(81.0000000000001,-77.8,-1.22499999999999));
#14933=CARTESIAN_POINT('',(81.2988217421705,-77.7734375,4.));
#14934=CARTESIAN_POINT('',(81.2988217421705,-77.7734375,-7.30856426896017E-28));
#14935=CARTESIAN_POINT('Origin',(81.0000000000001,-77.8,4.));
#14936=CARTESIAN_POINT('Origin',(81.8964652265113,-77.7203125,-7.30856426896017E-28));
#14937=CARTESIAN_POINT('',(81.7382654806564,-78.299080882353,-7.30856426896017E-28));
#14938=CARTESIAN_POINT('Origin',(81.8964652265113,-77.7203125,4.));
#14939=CARTESIAN_POINT('Origin',(81.0000000000001,-81.,4.));
#14940=CARTESIAN_POINT('Origin',(81.0000000000001,-81.,4.));
#14941=CARTESIAN_POINT('Origin',(81.0000000000001,-81.,4.));
#14942=CARTESIAN_POINT('Origin',(81.0000000000001,-81.,4.));
#14943=CARTESIAN_POINT('Origin',(81.0000000000001,-81.,0.));
#14944=CARTESIAN_POINT('Origin',(81.0000000000001,-81.,0.));
#14945=CARTESIAN_POINT('Origin',(81.0000000000001,-81.,0.));
#14946=CARTESIAN_POINT('Origin',(81.0000000000001,-81.,0.));
#14947=CARTESIAN_POINT('Origin',(-84.1999999999999,81.,-14.7));
#14948=CARTESIAN_POINT('',(-84.2265624999999,81.2988217421704,-14.4));
#14949=CARTESIAN_POINT('',(-84.2796874999999,81.8964652265111,-14.9999999999999));
#14950=CARTESIAN_POINT('',(-84.2265624999999,80.7011782578296,-14.4));
#14951=CARTESIAN_POINT('Origin',(-84.1999999999999,81.,-14.4));
#14952=CARTESIAN_POINT('',(-84.2265624999999,80.7011782578296,-14.4));
#14953=CARTESIAN_POINT('Origin',(-80.9999999999999,81.,-14.7));
#14954=CARTESIAN_POINT('',(-83.7009191176469,81.7382654806562,-14.4));
#14955=CARTESIAN_POINT('',(-83.7009191176469,81.7382654806562,-14.4));
#14956=CARTESIAN_POINT('',(-81.7382654806561,83.700919117647,-14.4));
#14957=CARTESIAN_POINT('',(-81.8964652265111,84.2796875,-14.9999999999999));
#14958=CARTESIAN_POINT('Origin',(-80.9999999999999,81.,-14.4));
#14959=CARTESIAN_POINT('Origin',(-80.9999999999999,84.2,-14.7));
#14960=CARTESIAN_POINT('',(-80.7011782578295,84.2265625,-14.4));
#14961=CARTESIAN_POINT('',(-80.1035347734887,84.2796874999999,-15.));
#14962=CARTESIAN_POINT('',(-81.2988217421703,84.2265625,-14.4));
#14963=CARTESIAN_POINT('Origin',(-80.9999999999999,84.2,-14.4));
#14964=CARTESIAN_POINT('',(-81.2988217421703,84.2265625,-14.4));
#14965=CARTESIAN_POINT('Origin',(-80.9999999999999,81.,-14.7));
#14966=CARTESIAN_POINT('',(-80.2617345193436,83.700919117647,-14.4));
#14967=CARTESIAN_POINT('',(-80.2617345193436,83.700919117647,-14.4));
#14968=CARTESIAN_POINT('',(-78.2990808823528,81.7382654806562,-14.4));
#14969=CARTESIAN_POINT('',(-77.7203124999999,81.8964652265112,-15.));
#14970=CARTESIAN_POINT('Origin',(-80.9999999999999,81.,-14.4));
#14971=CARTESIAN_POINT('Origin',(-77.7999999999999,81.,-14.7));
#14972=CARTESIAN_POINT('',(-77.7734374999999,80.7011782578296,-14.4));
#14973=CARTESIAN_POINT('',(-77.7203124999999,80.1035347734887,-15.));
#14974=CARTESIAN_POINT('',(-77.7734374999999,81.2988217421704,-14.4));
#14975=CARTESIAN_POINT('Origin',(-77.7999999999999,81.,-14.4));
#14976=CARTESIAN_POINT('',(-77.7734374999999,81.2988217421704,-14.4));
#14977=CARTESIAN_POINT('Origin',(-80.9999999999999,81.,-14.7));
#14978=CARTESIAN_POINT('',(-78.2990808823528,80.2617345193437,-14.4));
#14979=CARTESIAN_POINT('',(-78.2990808823528,80.2617345193437,-14.4));
#14980=CARTESIAN_POINT('',(-80.2617345193436,78.2990808823529,-14.4));
#14981=CARTESIAN_POINT('',(-80.1035347734887,77.7203125,-15.));
#14982=CARTESIAN_POINT('Origin',(-80.9999999999999,81.,-14.4));
#14983=CARTESIAN_POINT('Origin',(-80.9999999999999,77.8,-14.7));
#14984=CARTESIAN_POINT('',(-81.2988217421703,77.7734375,-14.4));
#14985=CARTESIAN_POINT('',(-81.896465226511,77.7203125,-14.9999999999999));
#14986=CARTESIAN_POINT('',(-80.7011782578295,77.7734375,-14.4));
#14987=CARTESIAN_POINT('Origin',(-80.9999999999999,77.8,-14.4));
#14988=CARTESIAN_POINT('',(-80.7011782578295,77.7734375,-14.4));
#14989=CARTESIAN_POINT('Origin',(-80.9999999999999,81.,-14.7));
#14990=CARTESIAN_POINT('',(-81.7382654806561,78.2990808823529,-14.4));
#14991=CARTESIAN_POINT('',(-81.7382654806561,78.2990808823529,-14.4));
#14992=CARTESIAN_POINT('',(-83.7009191176469,80.2617345193437,-14.4));
#14993=CARTESIAN_POINT('',(-84.2796874999999,80.1035347734888,-14.9999999999999));
#14994=CARTESIAN_POINT('Origin',(-80.9999999999999,81.,-14.4));
#14995=CARTESIAN_POINT('Origin',(-81.8964652265111,77.7203125,-14.4));
#14996=CARTESIAN_POINT('Origin',(-81.8964652265111,77.7203125,-14.4));
#14997=CARTESIAN_POINT('Origin',(-80.1035347734887,77.7203125,-14.4));
#14998=CARTESIAN_POINT('Origin',(-80.1035347734887,77.7203125,-14.4));
#14999=CARTESIAN_POINT('Origin',(-77.7203124999999,80.1035347734888,-14.4));
#15000=CARTESIAN_POINT('Origin',(-77.7203124999999,80.1035347734888,-14.4));
#15001=CARTESIAN_POINT('Origin',(-77.7203124999999,81.8964652265112,-14.4));
#15002=CARTESIAN_POINT('Origin',(-77.7203124999999,81.8964652265112,-14.4));
#15003=CARTESIAN_POINT('Origin',(-80.1035347734887,84.2796875,-14.4));
#15004=CARTESIAN_POINT('Origin',(-80.1035347734887,84.2796875,-14.4));
#15005=CARTESIAN_POINT('Origin',(-81.8964652265111,84.2796875,-14.4));
#15006=CARTESIAN_POINT('Origin',(-81.8964652265111,84.2796875,-14.4));
#15007=CARTESIAN_POINT('Origin',(-84.2796874999999,81.8964652265112,-14.4));
#15008=CARTESIAN_POINT('Origin',(-84.2796874999999,81.8964652265112,-14.4));
#15009=CARTESIAN_POINT('Origin',(-84.2796874999999,80.1035347734888,-14.4));
#15010=CARTESIAN_POINT('Origin',(-84.2796874999999,80.1035347734888,-14.4));
#15011=CARTESIAN_POINT('Origin',(-77.7203124999999,81.8964652265112,0.));
#15012=CARTESIAN_POINT('',(-77.7734374999999,81.2988217421704,4.));
#15013=CARTESIAN_POINT('',(-77.7734374999999,81.2988217421704,0.));
#15014=CARTESIAN_POINT('',(-77.9175960119161,81.3298267033537,4.));
#15015=CARTESIAN_POINT('Origin',(-77.7203124999999,81.8964652265112,4.));
#15016=CARTESIAN_POINT('',(-78.2990808823528,81.7382654806562,3.7));
#15017=CARTESIAN_POINT('Ctrl Pts',(-77.9175960119161,81.3298267033537,4.));
#15018=CARTESIAN_POINT('Ctrl Pts',(-77.9806219796764,81.3517701183415,3.93966646124143));
#15019=CARTESIAN_POINT('Ctrl Pts',(-78.041540748134,81.3849812106028,3.8829705512687));
#15020=CARTESIAN_POINT('Ctrl Pts',(-78.1377566646575,81.4621178534467,3.79903844700658));
#15021=CARTESIAN_POINT('Ctrl Pts',(-78.1809953982668,81.5067172911478,3.76357026359984));
#15022=CARTESIAN_POINT('Ctrl Pts',(-78.2531049007049,81.6131553409314,3.71387231153764));
#15023=CARTESIAN_POINT('Ctrl Pts',(-78.2818542967862,81.675242604052,3.70000000000001));
#15024=CARTESIAN_POINT('Ctrl Pts',(-78.2990808823528,81.7382654806562,3.70000000000001));
#15025=CARTESIAN_POINT('',(-78.2990808823528,81.7382654806562,0.));
#15026=CARTESIAN_POINT('Origin',(-77.7999999999999,81.,-1.22499999999999));
#15027=CARTESIAN_POINT('',(-77.7734374999999,80.7011782578296,4.));
#15028=CARTESIAN_POINT('',(-77.7734374999999,80.7011782578296,0.));
#15029=CARTESIAN_POINT('Origin',(-77.7999999999999,81.,4.));
#15030=CARTESIAN_POINT('Origin',(-77.7203124999999,80.1035347734888,0.));
#15031=CARTESIAN_POINT('',(-78.2990808823528,80.2617345193437,3.7));
#15032=CARTESIAN_POINT('',(-78.2990808823528,80.2617345193437,0.));
#15033=CARTESIAN_POINT('',(-77.9175960119161,80.6701732966462,4.));
#15034=CARTESIAN_POINT('Ctrl Pts',(-78.2990808823528,80.2617345193437,3.7));
#15035=CARTESIAN_POINT('Ctrl Pts',(-78.2818542967862,80.324757395948,3.7));
#15036=CARTESIAN_POINT('Ctrl Pts',(-78.2531049007049,80.3868446590685,3.71387231153764));
#15037=CARTESIAN_POINT('Ctrl Pts',(-78.1809953982668,80.4932827088522,3.76357026359984));
#15038=CARTESIAN_POINT('Ctrl Pts',(-78.1377566646575,80.5378821465532,3.79903844700658));
#15039=CARTESIAN_POINT('Ctrl Pts',(-78.041540748134,80.6150187893971,3.88297055126869));
#15040=CARTESIAN_POINT('Ctrl Pts',(-77.9806219796764,80.6482298816585,3.93966646124143));
#15041=CARTESIAN_POINT('Ctrl Pts',(-77.9175960119161,80.6701732966462,4.));
#15042=CARTESIAN_POINT('Origin',(-77.7203124999999,80.1035347734888,4.));
#15043=CARTESIAN_POINT('Origin',(-80.1035347734887,77.7203125,0.));
#15044=CARTESIAN_POINT('',(-80.7011782578295,77.7734375,4.));
#15045=CARTESIAN_POINT('',(-80.7011782578295,77.7734375,0.));
#15046=CARTESIAN_POINT('',(-80.6701732966461,77.9175960119162,4.));
#15047=CARTESIAN_POINT('Origin',(-80.1035347734887,77.7203125,4.));
#15048=CARTESIAN_POINT('',(-80.2617345193436,78.2990808823529,3.7));
#15049=CARTESIAN_POINT('Ctrl Pts',(-80.6701732966461,77.9175960119162,4.00000000000001));
#15050=CARTESIAN_POINT('Ctrl Pts',(-80.6482298816584,77.9806219796765,3.93966646124145));
#15051=CARTESIAN_POINT('Ctrl Pts',(-80.615018789397,78.0415407481341,3.88297055126868));
#15052=CARTESIAN_POINT('Ctrl Pts',(-80.5378821465532,78.1377566646576,3.79903844700657));
#15053=CARTESIAN_POINT('Ctrl Pts',(-80.4932827088521,78.1809953982669,3.76357026359984));
#15054=CARTESIAN_POINT('Ctrl Pts',(-80.3868446590684,78.253104900705,3.71387231153765));
#15055=CARTESIAN_POINT('Ctrl Pts',(-80.3247573959479,78.2818542967863,3.7));
#15056=CARTESIAN_POINT('Ctrl Pts',(-80.2617345193436,78.2990808823529,3.7));
#15057=CARTESIAN_POINT('',(-80.2617345193436,78.2990808823529,0.));
#15058=CARTESIAN_POINT('Origin',(-80.9999999999999,77.8,-1.22499999999999));
#15059=CARTESIAN_POINT('',(-81.2988217421703,77.7734375,4.));
#15060=CARTESIAN_POINT('',(-81.2988217421703,77.7734375,0.));
#15061=CARTESIAN_POINT('Origin',(-80.9999999999999,77.8,4.));
#15062=CARTESIAN_POINT('Origin',(-81.8964652265111,77.7203125,0.));
#15063=CARTESIAN_POINT('',(-81.7382654806561,78.2990808823529,3.7));
#15064=CARTESIAN_POINT('',(-81.7382654806561,78.2990808823529,0.));
#15065=CARTESIAN_POINT('',(-81.3298267033537,77.9175960119162,4.));
#15066=CARTESIAN_POINT('Ctrl Pts',(-81.7382654806562,78.2990808823529,3.70000000000001));
#15067=CARTESIAN_POINT('Ctrl Pts',(-81.6752426040519,78.2818542967863,3.70000000000001));
#15068=CARTESIAN_POINT('Ctrl Pts',(-81.6131553409314,78.253104900705,3.71387231153764));
#15069=CARTESIAN_POINT('Ctrl Pts',(-81.5067172911477,78.1809953982669,3.76357026359983));
#15070=CARTESIAN_POINT('Ctrl Pts',(-81.4621178534466,78.1377566646576,3.79903844700657));
#15071=CARTESIAN_POINT('Ctrl Pts',(-81.3849812106027,78.0415407481341,3.88297055126868));
#15072=CARTESIAN_POINT('Ctrl Pts',(-81.3517701183414,77.9806219796765,3.93966646124145));
#15073=CARTESIAN_POINT('Ctrl Pts',(-81.3298267033537,77.9175960119162,4.00000000000001));
#15074=CARTESIAN_POINT('Origin',(-81.8964652265111,77.7203125,4.));
#15075=CARTESIAN_POINT('Origin',(-80.9999999999999,81.,4.35));
#15076=CARTESIAN_POINT('',(-84.0999999999999,81.,4.));
#15077=CARTESIAN_POINT('',(-84.4499999999999,81.,4.35));
#15078=CARTESIAN_POINT('',(-84.0824039880836,81.3298267033537,4.));
#15079=CARTESIAN_POINT('Origin',(-80.9999999999999,81.,4.));
#15080=CARTESIAN_POINT('',(-83.7009191176469,81.7382654806562,3.7));
#15081=CARTESIAN_POINT('Ctrl Pts',(-83.7009191176469,81.7382654806562,3.7));
#15082=CARTESIAN_POINT('Ctrl Pts',(-83.7181457032135,81.675242604052,3.7));
#15083=CARTESIAN_POINT('Ctrl Pts',(-83.7468950992949,81.6131553409314,3.71387231153765));
#15084=CARTESIAN_POINT('Ctrl Pts',(-83.8190046017329,81.5067172911477,3.76357026359985));
#15085=CARTESIAN_POINT('Ctrl Pts',(-83.8622433353422,81.4621178534467,3.79903844700657));
#15086=CARTESIAN_POINT('Ctrl Pts',(-83.9584592518657,81.3849812106028,3.88297055126869));
#15087=CARTESIAN_POINT('Ctrl Pts',(-84.0193780203233,81.3517701183415,3.93966646124145));
#15088=CARTESIAN_POINT('Ctrl Pts',(-84.0824039880836,81.3298267033537,4.));
#15089=CARTESIAN_POINT('',(-81.7382654806561,83.700919117647,3.7));
#15090=CARTESIAN_POINT('Origin',(-80.9999999999999,81.,3.7));
#15091=CARTESIAN_POINT('',(-81.3298267033536,84.0824039880837,4.));
#15092=CARTESIAN_POINT('Ctrl Pts',(-81.3298267033537,84.0824039880837,4.));
#15093=CARTESIAN_POINT('Ctrl Pts',(-81.3517701183414,84.0193780203234,3.93966646124146));
#15094=CARTESIAN_POINT('Ctrl Pts',(-81.3849812106027,83.9584592518658,3.88297055126869));
#15095=CARTESIAN_POINT('Ctrl Pts',(-81.4621178534466,83.8622433353423,3.79903844700658));
#15096=CARTESIAN_POINT('Ctrl Pts',(-81.5067172911477,83.819004601733,3.76357026359984));
#15097=CARTESIAN_POINT('Ctrl Pts',(-81.6131553409313,83.746895099295,3.71387231153765));
#15098=CARTESIAN_POINT('Ctrl Pts',(-81.6752426040519,83.7181457032136,3.7));
#15099=CARTESIAN_POINT('Ctrl Pts',(-81.7382654806561,83.700919117647,3.7));
#15100=CARTESIAN_POINT('',(-80.6701732966461,84.0824039880837,4.));
#15101=CARTESIAN_POINT('Origin',(-80.9999999999999,81.,4.));
#15102=CARTESIAN_POINT('',(-80.2617345193436,83.700919117647,3.7));
#15103=CARTESIAN_POINT('Ctrl Pts',(-80.2617345193436,83.700919117647,3.7));
#15104=CARTESIAN_POINT('Ctrl Pts',(-80.3247573959479,83.7181457032136,3.7));
#15105=CARTESIAN_POINT('Ctrl Pts',(-80.3868446590684,83.746895099295,3.71387231153764));
#15106=CARTESIAN_POINT('Ctrl Pts',(-80.4932827088521,83.819004601733,3.76357026359984));
#15107=CARTESIAN_POINT('Ctrl Pts',(-80.5378821465532,83.8622433353423,3.79903844700658));
#15108=CARTESIAN_POINT('Ctrl Pts',(-80.615018789397,83.9584592518658,3.88297055126869));
#15109=CARTESIAN_POINT('Ctrl Pts',(-80.6482298816584,84.0193780203234,3.93966646124145));
#15110=CARTESIAN_POINT('Ctrl Pts',(-80.6701732966461,84.0824039880837,4.));
#15111=CARTESIAN_POINT('Origin',(-80.9999999999999,81.,3.7));
#15112=CARTESIAN_POINT('Origin',(-80.9999999999999,81.,4.));
#15113=CARTESIAN_POINT('Origin',(-80.9999999999999,81.,3.7));
#15114=CARTESIAN_POINT('Origin',(-80.9999999999999,81.,4.));
#15115=CARTESIAN_POINT('',(-83.7009191176469,80.2617345193437,3.7));
#15116=CARTESIAN_POINT('Origin',(-80.9999999999999,81.,3.7));
#15117=CARTESIAN_POINT('',(-84.0824039880836,80.6701732966462,4.));
#15118=CARTESIAN_POINT('Ctrl Pts',(-84.0824039880836,80.6701732966462,4.));
#15119=CARTESIAN_POINT('Ctrl Pts',(-84.0193780203233,80.6482298816585,3.93966646124145));
#15120=CARTESIAN_POINT('Ctrl Pts',(-83.9584592518657,80.6150187893971,3.88297055126869));
#15121=CARTESIAN_POINT('Ctrl Pts',(-83.8622433353422,80.5378821465532,3.79903844700657));
#15122=CARTESIAN_POINT('Ctrl Pts',(-83.8190046017329,80.4932827088522,3.76357026359984));
#15123=CARTESIAN_POINT('Ctrl Pts',(-83.7468950992949,80.3868446590685,3.71387231153764));
#15124=CARTESIAN_POINT('Ctrl Pts',(-83.7181457032135,80.324757395948,3.7));
#15125=CARTESIAN_POINT('Ctrl Pts',(-83.7009191176469,80.2617345193437,3.7));
#15126=CARTESIAN_POINT('Origin',(-80.9999999999999,81.,4.));
#15127=CARTESIAN_POINT('Origin',(-84.2796874999999,80.1035347734888,0.));
#15128=CARTESIAN_POINT('',(-84.2265624999999,80.7011782578296,4.));
#15129=CARTESIAN_POINT('',(-84.2265624999999,80.7011782578296,0.));
#15130=CARTESIAN_POINT('Origin',(-84.2796874999999,80.1035347734888,4.));
#15131=CARTESIAN_POINT('',(-83.7009191176469,80.2617345193437,0.));
#15132=CARTESIAN_POINT('Origin',(-84.1999999999999,81.,-1.22499999999999));
#15133=CARTESIAN_POINT('',(-84.2265624999999,81.2988217421704,4.));
#15134=CARTESIAN_POINT('',(-84.2265624999999,81.2988217421704,0.));
#15135=CARTESIAN_POINT('Origin',(-84.1999999999999,81.,4.));
#15136=CARTESIAN_POINT('Origin',(-84.2796874999999,81.8964652265112,0.));
#15137=CARTESIAN_POINT('',(-83.7009191176469,81.7382654806562,0.));
#15138=CARTESIAN_POINT('Origin',(-84.2796874999999,81.8964652265112,4.));
#15139=CARTESIAN_POINT('Origin',(-81.8964652265111,84.2796875,0.));
#15140=CARTESIAN_POINT('',(-81.2988217421703,84.2265625,4.));
#15141=CARTESIAN_POINT('',(-81.2988217421703,84.2265625,0.));
#15142=CARTESIAN_POINT('Origin',(-81.8964652265111,84.2796875,4.));
#15143=CARTESIAN_POINT('',(-81.7382654806561,83.700919117647,0.));
#15144=CARTESIAN_POINT('Origin',(-80.9999999999999,84.2,-1.22499999999999));
#15145=CARTESIAN_POINT('',(-80.7011782578295,84.2265625,4.));
#15146=CARTESIAN_POINT('',(-80.7011782578295,84.2265625,0.));
#15147=CARTESIAN_POINT('Origin',(-80.9999999999999,84.2,4.));
#15148=CARTESIAN_POINT('Origin',(-80.1035347734887,84.2796875,0.));
#15149=CARTESIAN_POINT('',(-80.2617345193436,83.700919117647,0.));
#15150=CARTESIAN_POINT('Origin',(-80.1035347734887,84.2796875,4.));
#15151=CARTESIAN_POINT('Origin',(-80.9999999999999,81.,4.));
#15152=CARTESIAN_POINT('Origin',(-80.9999999999999,81.,4.));
#15153=CARTESIAN_POINT('Origin',(-80.9999999999999,81.,4.));
#15154=CARTESIAN_POINT('Origin',(-80.9999999999999,81.,4.));
#15155=CARTESIAN_POINT('Origin',(-80.9999999999999,81.,0.));
#15156=CARTESIAN_POINT('Origin',(-80.9999999999999,81.,0.));
#15157=CARTESIAN_POINT('Origin',(-80.9999999999999,81.,0.));
#15158=CARTESIAN_POINT('Origin',(-80.9999999999999,81.,0.));
#15159=CARTESIAN_POINT('Origin',(77.8000000000001,81.,-14.7));
#15160=CARTESIAN_POINT('',(77.7734375000001,81.2988217421704,-14.4));
#15161=CARTESIAN_POINT('',(77.7203125000001,81.8964652265111,-14.9999999999999));
#15162=CARTESIAN_POINT('',(77.7734375000001,80.7011782578296,-14.4));
#15163=CARTESIAN_POINT('Origin',(77.8000000000001,81.,-14.4));
#15164=CARTESIAN_POINT('',(77.7734375000001,80.7011782578296,-14.4));
#15165=CARTESIAN_POINT('Origin',(81.0000000000001,81.,-14.7));
#15166=CARTESIAN_POINT('',(78.2990808823531,81.7382654806562,-14.4));
#15167=CARTESIAN_POINT('',(78.2990808823531,81.7382654806562,-14.4));
#15168=CARTESIAN_POINT('',(80.2617345193438,83.700919117647,-14.4));
#15169=CARTESIAN_POINT('',(80.1035347734889,84.2796875,-14.9999999999999));
#15170=CARTESIAN_POINT('Origin',(81.0000000000001,81.,-14.4));
#15171=CARTESIAN_POINT('Origin',(81.0000000000001,84.2,-14.7));
#15172=CARTESIAN_POINT('',(81.2988217421705,84.2265625,-14.4));
#15173=CARTESIAN_POINT('',(81.8964652265113,84.2796874999999,-15.));
#15174=CARTESIAN_POINT('',(80.7011782578297,84.2265625,-14.4));
#15175=CARTESIAN_POINT('Origin',(81.0000000000001,84.2,-14.4));
#15176=CARTESIAN_POINT('',(80.7011782578297,84.2265625,-14.4));
#15177=CARTESIAN_POINT('Origin',(81.0000000000001,81.,-14.7));
#15178=CARTESIAN_POINT('',(81.7382654806564,83.700919117647,-14.4));
#15179=CARTESIAN_POINT('',(81.7382654806564,83.700919117647,-14.4));
#15180=CARTESIAN_POINT('',(83.7009191176472,81.7382654806562,-14.4));
#15181=CARTESIAN_POINT('',(84.2796875000001,81.8964652265112,-15.));
#15182=CARTESIAN_POINT('Origin',(81.0000000000001,81.,-14.4));
#15183=CARTESIAN_POINT('Origin',(84.2000000000001,81.,-14.7));
#15184=CARTESIAN_POINT('',(84.2265625000001,80.7011782578296,-14.4));
#15185=CARTESIAN_POINT('',(84.2796875000001,80.1035347734887,-15.));
#15186=CARTESIAN_POINT('',(84.2265625000001,81.2988217421704,-14.4));
#15187=CARTESIAN_POINT('Origin',(84.2000000000001,81.,-14.4));
#15188=CARTESIAN_POINT('',(84.2265625000001,81.2988217421704,-14.4));
#15189=CARTESIAN_POINT('Origin',(81.0000000000001,81.,-14.7));
#15190=CARTESIAN_POINT('',(83.7009191176472,80.2617345193437,-14.4));
#15191=CARTESIAN_POINT('',(83.7009191176472,80.2617345193437,-14.4));
#15192=CARTESIAN_POINT('',(81.7382654806564,78.2990808823529,-14.4));
#15193=CARTESIAN_POINT('',(81.8964652265113,77.7203125,-15.));
#15194=CARTESIAN_POINT('Origin',(81.0000000000001,81.,-14.4));
#15195=CARTESIAN_POINT('Origin',(81.0000000000001,77.8,-14.7));
#15196=CARTESIAN_POINT('',(80.7011782578297,77.7734375,-14.4));
#15197=CARTESIAN_POINT('',(80.1035347734889,77.7203125,-14.9999999999999));
#15198=CARTESIAN_POINT('',(81.2988217421705,77.7734375,-14.4));
#15199=CARTESIAN_POINT('Origin',(81.0000000000001,77.8,-14.4));
#15200=CARTESIAN_POINT('',(81.2988217421705,77.7734375,-14.4));
#15201=CARTESIAN_POINT('Origin',(81.0000000000001,81.,-14.7));
#15202=CARTESIAN_POINT('',(80.2617345193438,78.2990808823529,-14.4));
#15203=CARTESIAN_POINT('',(80.2617345193438,78.2990808823529,-14.4));
#15204=CARTESIAN_POINT('',(78.2990808823531,80.2617345193437,-14.4));
#15205=CARTESIAN_POINT('',(77.7203125000001,80.1035347734888,-14.9999999999999));
#15206=CARTESIAN_POINT('Origin',(81.0000000000001,81.,-14.4));
#15207=CARTESIAN_POINT('Origin',(80.1035347734889,77.7203125,-14.4));
#15208=CARTESIAN_POINT('Origin',(80.1035347734889,77.7203125,-14.4));
#15209=CARTESIAN_POINT('Origin',(81.8964652265113,77.7203125,-14.4));
#15210=CARTESIAN_POINT('Origin',(81.8964652265113,77.7203125,-14.4));
#15211=CARTESIAN_POINT('Origin',(84.2796875000001,80.1035347734888,-14.4));
#15212=CARTESIAN_POINT('Origin',(84.2796875000001,80.1035347734888,-14.4));
#15213=CARTESIAN_POINT('Origin',(84.2796875000001,81.8964652265112,-14.4));
#15214=CARTESIAN_POINT('Origin',(84.2796875000001,81.8964652265112,-14.4));
#15215=CARTESIAN_POINT('Origin',(81.8964652265113,84.2796875,-14.4));
#15216=CARTESIAN_POINT('Origin',(81.8964652265113,84.2796875,-14.4));
#15217=CARTESIAN_POINT('Origin',(80.1035347734889,84.2796875,-14.4));
#15218=CARTESIAN_POINT('Origin',(80.1035347734889,84.2796875,-14.4));
#15219=CARTESIAN_POINT('Origin',(77.7203125000001,81.8964652265112,-14.4));
#15220=CARTESIAN_POINT('Origin',(77.7203125000001,81.8964652265112,-14.4));
#15221=CARTESIAN_POINT('Origin',(77.7203125000001,80.1035347734888,-14.4));
#15222=CARTESIAN_POINT('Origin',(77.7203125000001,80.1035347734888,-14.4));
#15223=CARTESIAN_POINT('Origin',(84.2796875000001,81.8964652265112,0.));
#15224=CARTESIAN_POINT('',(84.2265625000001,81.2988217421704,4.));
#15225=CARTESIAN_POINT('',(84.2265625000001,81.2988217421704,0.));
#15226=CARTESIAN_POINT('',(84.0824039880839,81.3298267033537,4.));
#15227=CARTESIAN_POINT('Origin',(84.2796875000001,81.8964652265112,4.));
#15228=CARTESIAN_POINT('',(83.7009191176472,81.7382654806562,3.7));
#15229=CARTESIAN_POINT('Ctrl Pts',(84.0824039880839,81.3298267033537,4.));
#15230=CARTESIAN_POINT('Ctrl Pts',(84.0193780203236,81.3517701183415,3.93966646124144));
#15231=CARTESIAN_POINT('Ctrl Pts',(83.958459251866,81.3849812106028,3.8829705512687));
#15232=CARTESIAN_POINT('Ctrl Pts',(83.8622433353425,81.4621178534467,3.79903844700658));
#15233=CARTESIAN_POINT('Ctrl Pts',(83.8190046017331,81.5067172911478,3.76357026359984));
#15234=CARTESIAN_POINT('Ctrl Pts',(83.7468950992951,81.6131553409314,3.71387231153764));
#15235=CARTESIAN_POINT('Ctrl Pts',(83.7181457032138,81.675242604052,3.7));
#15236=CARTESIAN_POINT('Ctrl Pts',(83.7009191176472,81.7382654806562,3.7));
#15237=CARTESIAN_POINT('',(83.7009191176472,81.7382654806562,0.));
#15238=CARTESIAN_POINT('Origin',(84.2000000000001,81.,-1.22499999999999));
#15239=CARTESIAN_POINT('',(84.2265625000001,80.7011782578296,4.));
#15240=CARTESIAN_POINT('',(84.2265625000001,80.7011782578296,0.));
#15241=CARTESIAN_POINT('Origin',(84.2000000000001,81.,4.));
#15242=CARTESIAN_POINT('Origin',(84.2796875000001,80.1035347734888,0.));
#15243=CARTESIAN_POINT('',(83.7009191176472,80.2617345193437,3.7));
#15244=CARTESIAN_POINT('',(83.7009191176472,80.2617345193437,0.));
#15245=CARTESIAN_POINT('',(84.0824039880839,80.6701732966462,4.));
#15246=CARTESIAN_POINT('Ctrl Pts',(83.7009191176472,80.2617345193437,3.7));
#15247=CARTESIAN_POINT('Ctrl Pts',(83.7181457032138,80.324757395948,3.7));
#15248=CARTESIAN_POINT('Ctrl Pts',(83.7468950992951,80.3868446590685,3.71387231153764));
#15249=CARTESIAN_POINT('Ctrl Pts',(83.8190046017331,80.4932827088522,3.76357026359984));
#15250=CARTESIAN_POINT('Ctrl Pts',(83.8622433353425,80.5378821465532,3.79903844700658));
#15251=CARTESIAN_POINT('Ctrl Pts',(83.958459251866,80.6150187893971,3.88297055126869));
#15252=CARTESIAN_POINT('Ctrl Pts',(84.0193780203236,80.6482298816585,3.93966646124144));
#15253=CARTESIAN_POINT('Ctrl Pts',(84.0824039880839,80.6701732966462,4.));
#15254=CARTESIAN_POINT('Origin',(84.2796875000001,80.1035347734888,4.));
#15255=CARTESIAN_POINT('Origin',(81.0000000000001,81.,0.));
#15256=CARTESIAN_POINT('',(81.7382654806564,78.2990808823529,3.7));
#15257=CARTESIAN_POINT('',(81.7382654806564,78.2990808823529,0.));
#15258=CARTESIAN_POINT('Origin',(81.0000000000001,81.,3.7));
#15259=CARTESIAN_POINT('Origin',(81.8964652265113,77.7203125,0.));
#15260=CARTESIAN_POINT('',(81.2988217421705,77.7734375,4.));
#15261=CARTESIAN_POINT('',(81.2988217421705,77.7734375,0.));
#15262=CARTESIAN_POINT('',(81.3298267033539,77.9175960119162,4.));
#15263=CARTESIAN_POINT('Origin',(81.8964652265113,77.7203125,4.));
#15264=CARTESIAN_POINT('Ctrl Pts',(81.3298267033539,77.9175960119162,4.00000000000001));
#15265=CARTESIAN_POINT('Ctrl Pts',(81.3517701183416,77.9806219796765,3.93966646124145));
#15266=CARTESIAN_POINT('Ctrl Pts',(81.384981210603,78.0415407481341,3.88297055126868));
#15267=CARTESIAN_POINT('Ctrl Pts',(81.4621178534468,78.1377566646576,3.79903844700657));
#15268=CARTESIAN_POINT('Ctrl Pts',(81.5067172911479,78.1809953982669,3.76357026359984));
#15269=CARTESIAN_POINT('Ctrl Pts',(81.6131553409316,78.253104900705,3.71387231153765));
#15270=CARTESIAN_POINT('Ctrl Pts',(81.6752426040521,78.2818542967863,3.7));
#15271=CARTESIAN_POINT('Ctrl Pts',(81.7382654806564,78.2990808823529,3.7));
#15272=CARTESIAN_POINT('Origin',(81.0000000000001,77.8,-1.22499999999999));
#15273=CARTESIAN_POINT('',(80.7011782578297,77.7734375,4.));
#15274=CARTESIAN_POINT('',(80.7011782578297,77.7734375,0.));
#15275=CARTESIAN_POINT('Origin',(81.0000000000001,77.8,4.));
#15276=CARTESIAN_POINT('Origin',(80.1035347734889,77.7203125,0.));
#15277=CARTESIAN_POINT('',(80.2617345193438,78.2990808823529,3.7));
#15278=CARTESIAN_POINT('',(80.2617345193438,78.2990808823529,0.));
#15279=CARTESIAN_POINT('',(80.6701732966463,77.9175960119162,4.));
#15280=CARTESIAN_POINT('Ctrl Pts',(80.2617345193438,78.2990808823529,3.70000000000001));
#15281=CARTESIAN_POINT('Ctrl Pts',(80.3247573959481,78.2818542967863,3.70000000000001));
#15282=CARTESIAN_POINT('Ctrl Pts',(80.3868446590686,78.253104900705,3.71387231153764));
#15283=CARTESIAN_POINT('Ctrl Pts',(80.4932827088523,78.1809953982669,3.76357026359983));
#15284=CARTESIAN_POINT('Ctrl Pts',(80.5378821465534,78.1377566646576,3.79903844700657));
#15285=CARTESIAN_POINT('Ctrl Pts',(80.6150187893972,78.0415407481341,3.88297055126868));
#15286=CARTESIAN_POINT('Ctrl Pts',(80.6482298816586,77.9806219796765,3.93966646124145));
#15287=CARTESIAN_POINT('Ctrl Pts',(80.6701732966463,77.9175960119162,4.00000000000001));
#15288=CARTESIAN_POINT('Origin',(80.1035347734889,77.7203125,4.));
#15289=CARTESIAN_POINT('Origin',(81.0000000000001,81.,0.));
#15290=CARTESIAN_POINT('',(78.2990808823531,80.2617345193437,3.7));
#15291=CARTESIAN_POINT('',(78.2990808823531,80.2617345193437,0.));
#15292=CARTESIAN_POINT('Origin',(81.0000000000001,81.,3.7));
#15293=CARTESIAN_POINT('Origin',(81.0000000000001,81.,4.35));
#15294=CARTESIAN_POINT('',(77.9000000000001,81.,4.));
#15295=CARTESIAN_POINT('',(77.5500000000001,81.,4.35));
#15296=CARTESIAN_POINT('',(77.9175960119163,81.3298267033537,4.));
#15297=CARTESIAN_POINT('Origin',(81.0000000000001,81.,4.));
#15298=CARTESIAN_POINT('',(78.2990808823531,81.7382654806562,3.7));
#15299=CARTESIAN_POINT('Ctrl Pts',(78.2990808823531,81.7382654806562,3.7));
#15300=CARTESIAN_POINT('Ctrl Pts',(78.2818542967865,81.675242604052,3.7));
#15301=CARTESIAN_POINT('Ctrl Pts',(78.2531049007051,81.6131553409314,3.71387231153765));
#15302=CARTESIAN_POINT('Ctrl Pts',(78.1809953982671,81.5067172911477,3.76357026359985));
#15303=CARTESIAN_POINT('Ctrl Pts',(78.1377566646578,81.4621178534467,3.79903844700657));
#15304=CARTESIAN_POINT('Ctrl Pts',(78.0415407481342,81.3849812106028,3.88297055126869));
#15305=CARTESIAN_POINT('Ctrl Pts',(77.9806219796767,81.3517701183415,3.93966646124145));
#15306=CARTESIAN_POINT('Ctrl Pts',(77.9175960119163,81.3298267033537,4.));
#15307=CARTESIAN_POINT('',(80.2617345193438,83.700919117647,3.7));
#15308=CARTESIAN_POINT('Origin',(81.0000000000001,81.,3.7));
#15309=CARTESIAN_POINT('',(80.6701732966464,84.0824039880837,4.));
#15310=CARTESIAN_POINT('Ctrl Pts',(80.6701732966463,84.0824039880837,4.));
#15311=CARTESIAN_POINT('Ctrl Pts',(80.6482298816586,84.0193780203234,3.93966646124146));
#15312=CARTESIAN_POINT('Ctrl Pts',(80.6150187893972,83.9584592518658,3.88297055126869));
#15313=CARTESIAN_POINT('Ctrl Pts',(80.5378821465534,83.8622433353423,3.79903844700658));
#15314=CARTESIAN_POINT('Ctrl Pts',(80.4932827088523,83.819004601733,3.76357026359984));
#15315=CARTESIAN_POINT('Ctrl Pts',(80.3868446590687,83.746895099295,3.71387231153765));
#15316=CARTESIAN_POINT('Ctrl Pts',(80.3247573959481,83.7181457032136,3.7));
#15317=CARTESIAN_POINT('Ctrl Pts',(80.2617345193438,83.700919117647,3.7));
#15318=CARTESIAN_POINT('',(81.3298267033539,84.0824039880837,4.));
#15319=CARTESIAN_POINT('Origin',(81.0000000000001,81.,4.));
#15320=CARTESIAN_POINT('',(81.7382654806564,83.700919117647,3.7));
#15321=CARTESIAN_POINT('Ctrl Pts',(81.7382654806564,83.700919117647,3.7));
#15322=CARTESIAN_POINT('Ctrl Pts',(81.6752426040521,83.7181457032136,3.7));
#15323=CARTESIAN_POINT('Ctrl Pts',(81.6131553409316,83.746895099295,3.71387231153764));
#15324=CARTESIAN_POINT('Ctrl Pts',(81.5067172911479,83.819004601733,3.76357026359984));
#15325=CARTESIAN_POINT('Ctrl Pts',(81.4621178534468,83.8622433353423,3.79903844700658));
#15326=CARTESIAN_POINT('Ctrl Pts',(81.384981210603,83.9584592518658,3.88297055126869));
#15327=CARTESIAN_POINT('Ctrl Pts',(81.3517701183416,84.0193780203234,3.93966646124145));
#15328=CARTESIAN_POINT('Ctrl Pts',(81.3298267033539,84.0824039880837,4.));
#15329=CARTESIAN_POINT('Origin',(81.0000000000001,81.,3.7));
#15330=CARTESIAN_POINT('Origin',(81.0000000000001,81.,4.));
#15331=CARTESIAN_POINT('Origin',(81.0000000000001,81.,4.));
#15332=CARTESIAN_POINT('',(77.9175960119163,80.6701732966462,4.));
#15333=CARTESIAN_POINT('Ctrl Pts',(77.9175960119163,80.6701732966462,4.));
#15334=CARTESIAN_POINT('Ctrl Pts',(77.9806219796767,80.6482298816585,3.93966646124145));
#15335=CARTESIAN_POINT('Ctrl Pts',(78.0415407481342,80.6150187893971,3.88297055126869));
#15336=CARTESIAN_POINT('Ctrl Pts',(78.1377566646578,80.5378821465532,3.79903844700657));
#15337=CARTESIAN_POINT('Ctrl Pts',(78.1809953982671,80.4932827088522,3.76357026359984));
#15338=CARTESIAN_POINT('Ctrl Pts',(78.2531049007051,80.3868446590685,3.71387231153764));
#15339=CARTESIAN_POINT('Ctrl Pts',(78.2818542967865,80.324757395948,3.7));
#15340=CARTESIAN_POINT('Ctrl Pts',(78.2990808823531,80.2617345193437,3.7));
#15341=CARTESIAN_POINT('Origin',(81.0000000000001,81.,4.));
#15342=CARTESIAN_POINT('Origin',(77.7203125000001,80.1035347734888,0.));
#15343=CARTESIAN_POINT('',(77.7734375000001,80.7011782578296,4.));
#15344=CARTESIAN_POINT('',(77.7734375000001,80.7011782578296,0.));
#15345=CARTESIAN_POINT('Origin',(77.7203125000001,80.1035347734888,4.));
#15346=CARTESIAN_POINT('Origin',(77.8000000000001,81.,-1.22499999999999));
#15347=CARTESIAN_POINT('',(77.7734375000001,81.2988217421704,4.));
#15348=CARTESIAN_POINT('',(77.7734375000001,81.2988217421704,0.));
#15349=CARTESIAN_POINT('Origin',(77.8000000000001,81.,4.));
#15350=CARTESIAN_POINT('Origin',(77.7203125000001,81.8964652265112,0.));
#15351=CARTESIAN_POINT('',(78.2990808823531,81.7382654806562,0.));
#15352=CARTESIAN_POINT('Origin',(77.7203125000001,81.8964652265112,4.));
#15353=CARTESIAN_POINT('Origin',(81.0000000000001,81.,0.));
#15354=CARTESIAN_POINT('',(80.2617345193438,83.700919117647,0.));
#15355=CARTESIAN_POINT('Origin',(80.1035347734889,84.2796875,0.));
#15356=CARTESIAN_POINT('',(80.7011782578297,84.2265625,4.));
#15357=CARTESIAN_POINT('',(80.7011782578297,84.2265625,0.));
#15358=CARTESIAN_POINT('Origin',(80.1035347734889,84.2796875,4.));
#15359=CARTESIAN_POINT('Origin',(81.0000000000001,84.2,-1.22499999999999));
#15360=CARTESIAN_POINT('',(81.2988217421705,84.2265625,4.));
#15361=CARTESIAN_POINT('',(81.2988217421705,84.2265625,0.));
#15362=CARTESIAN_POINT('Origin',(81.0000000000001,84.2,4.));
#15363=CARTESIAN_POINT('Origin',(81.8964652265113,84.2796875,0.));
#15364=CARTESIAN_POINT('',(81.7382654806564,83.700919117647,0.));
#15365=CARTESIAN_POINT('Origin',(81.8964652265113,84.2796875,4.));
#15366=CARTESIAN_POINT('Origin',(81.0000000000001,81.,0.));
#15367=CARTESIAN_POINT('Origin',(81.0000000000001,81.,4.));
#15368=CARTESIAN_POINT('Origin',(81.0000000000001,81.,4.));
#15369=CARTESIAN_POINT('Origin',(81.0000000000001,81.,4.));
#15370=CARTESIAN_POINT('Origin',(81.0000000000001,81.,4.));
#15371=CARTESIAN_POINT('Origin',(-75.5000000000001,-81.,0.));
#15372=CARTESIAN_POINT('',(-75.5000000000001,-81.,0.));
#15373=CARTESIAN_POINT('Origin',(-81.0000000000001,-81.,0.));
#15374=CARTESIAN_POINT('',(-81.0000000000001,-75.5,0.));
#15375=CARTESIAN_POINT('Origin',(-90.0000000000001,-75.5,0.));
#15376=CARTESIAN_POINT('Origin',(75.5000000000001,81.,0.));
#15377=CARTESIAN_POINT('',(75.5000000000001,81.,0.));
#15378=CARTESIAN_POINT('Origin',(81.0000000000001,81.,0.));
#15379=CARTESIAN_POINT('Origin',(75.5000000000001,-89.9999999999999,0.));
#15380=CARTESIAN_POINT('',(75.5000000000001,-81.,0.));
#15381=CARTESIAN_POINT('Origin',(81.0000000000001,-75.5,0.));
#15382=CARTESIAN_POINT('',(81.0000000000001,-75.5,0.));
#15383=CARTESIAN_POINT('Origin',(81.0000000000001,-81.,0.));
#15384=CARTESIAN_POINT('Origin',(89.9999999999999,-80.9999999999889,0.));
#15385=CARTESIAN_POINT('Origin',(-81.0000000000001,75.5,0.));
#15386=CARTESIAN_POINT('',(-81.0000000000001,75.5,0.));
#15387=CARTESIAN_POINT('Origin',(-75.5000000000001,89.9999999999999,0.));
#15388=CARTESIAN_POINT('',(-75.5000000000001,81.,0.));
#15389=CARTESIAN_POINT('Origin',(-81.0000000000001,81.,0.));
#15390=CARTESIAN_POINT('Origin',(-46.9999999999999,22.2749999999999,4.6));
#15391=CARTESIAN_POINT('',(-47.3999999999999,44.5499999999999,4.2));
#15392=CARTESIAN_POINT('',(-47.3999999999999,44.5499999999999,4.2));
#15393=CARTESIAN_POINT('',(-47.3999999999999,55.4499999999999,4.2));
#15394=CARTESIAN_POINT('',(-46.5999999999999,55.4499999999999,5.));
#15395=CARTESIAN_POINT('',(-47.3999999999999,22.2749999999999,4.2));
#15396=CARTESIAN_POINT('Origin',(-49.9999999999999,44.5499999999999,4.6));
#15397=CARTESIAN_POINT('',(-52.5999999999999,44.5499999999999,4.2));
#15398=CARTESIAN_POINT('',(-52.5999999999999,44.5499999999999,4.2));
#15399=CARTESIAN_POINT('Origin',(-49.9999999999999,44.5499999999999,4.2));
#15400=CARTESIAN_POINT('Origin',(-52.9999999999999,27.7249999999999,4.6));
#15401=CARTESIAN_POINT('',(-52.5999999999999,55.4499999999999,4.2));
#15402=CARTESIAN_POINT('',(-52.5999999999999,55.4499999999999,4.2));
#15403=CARTESIAN_POINT('',(-52.5999999999999,27.7249999999999,4.2));
#15404=CARTESIAN_POINT('Origin',(-49.9999999999999,55.4499999999999,4.6));
#15405=CARTESIAN_POINT('Origin',(-49.9999999999999,55.4499999999999,4.2));
#15406=CARTESIAN_POINT('Origin',(-49.9999999999999,44.5499999999999,0.));
#15407=CARTESIAN_POINT('',(-47.3999999999999,44.5499999999999,0.8));
#15408=CARTESIAN_POINT('',(-47.3999999999999,44.5499999999999,0.));
#15409=CARTESIAN_POINT('',(-52.5999999999999,44.5499999999999,0.8));
#15410=CARTESIAN_POINT('Origin',(-49.9999999999999,44.5499999999999,0.8));
#15411=CARTESIAN_POINT('',(-52.5999999999999,44.5499999999999,0.));
#15412=CARTESIAN_POINT('Origin',(-47.3999999999999,44.5499999999999,0.));
#15413=CARTESIAN_POINT('',(-47.3999999999999,55.4499999999999,0.8));
#15414=CARTESIAN_POINT('',(-47.3999999999999,55.4499999999999,0.));
#15415=CARTESIAN_POINT('',(-47.3999999999999,22.2749999999999,0.8));
#15416=CARTESIAN_POINT('Origin',(-52.9999999999999,27.7249999999999,0.4));
#15417=CARTESIAN_POINT('',(-52.5999999999999,44.5499999999999,0.8));
#15418=CARTESIAN_POINT('',(-52.5999999999999,55.4499999999999,0.8));
#15419=CARTESIAN_POINT('',(-53.3999999999999,55.4499999999999,0.));
#15420=CARTESIAN_POINT('',(-52.5999999999999,27.7249999999999,0.8));
#15421=CARTESIAN_POINT('Origin',(-49.9999999999999,44.5499999999999,0.4));
#15422=CARTESIAN_POINT('',(-47.3999999999999,44.5499999999999,0.8));
#15423=CARTESIAN_POINT('Origin',(-46.9999999999999,22.2749999999999,0.4));
#15424=CARTESIAN_POINT('',(-47.3999999999999,55.4499999999999,0.8));
#15425=CARTESIAN_POINT('Origin',(-49.9999999999999,55.4499999999999,0.4));
#15426=CARTESIAN_POINT('Origin',(-49.9999999999999,55.4499999999999,0.8));
#15427=CARTESIAN_POINT('Origin',(-52.5999999999999,55.4499999999999,0.));
#15428=CARTESIAN_POINT('',(-52.5999999999999,55.4499999999999,0.));
#15429=CARTESIAN_POINT('Origin',(-49.9999999999999,55.4499999999999,0.));
#15430=CARTESIAN_POINT('Origin',(-72.9999999999999,37.7249999999999,0.4));
#15431=CARTESIAN_POINT('',(-72.5999999999999,64.5499999999999,0.8));
#15432=CARTESIAN_POINT('',(-72.5999999999999,64.5499999999999,0.8));
#15433=CARTESIAN_POINT('',(-72.5999999999999,75.4499999999999,0.8));
#15434=CARTESIAN_POINT('',(-73.3999999999999,75.4499999999999,0.));
#15435=CARTESIAN_POINT('',(-72.5999999999999,37.7249999999999,0.8));
#15436=CARTESIAN_POINT('Origin',(-69.9999999999999,64.5499999999999,0.4));
#15437=CARTESIAN_POINT('',(-67.3999999999999,64.5499999999999,0.8));
#15438=CARTESIAN_POINT('',(-67.3999999999999,64.5499999999999,0.8));
#15439=CARTESIAN_POINT('Origin',(-69.9999999999999,64.5499999999999,0.8));
#15440=CARTESIAN_POINT('Origin',(-66.9999999999999,32.2749999999999,0.4));
#15441=CARTESIAN_POINT('',(-67.3999999999999,75.4499999999999,0.8));
#15442=CARTESIAN_POINT('',(-67.3999999999999,75.4499999999999,0.8));
#15443=CARTESIAN_POINT('',(-67.3999999999999,32.2749999999999,0.8));
#15444=CARTESIAN_POINT('Origin',(-69.9999999999999,75.4499999999999,0.4));
#15445=CARTESIAN_POINT('Origin',(-69.9999999999999,75.4499999999999,0.8));
#15446=CARTESIAN_POINT('Origin',(-69.9999999999999,64.5499999999999,0.));
#15447=CARTESIAN_POINT('',(-72.5999999999999,64.5499999999999,4.2));
#15448=CARTESIAN_POINT('',(-72.5999999999999,64.5499999999999,0.));
#15449=CARTESIAN_POINT('',(-67.3999999999999,64.5499999999999,4.2));
#15450=CARTESIAN_POINT('Origin',(-69.9999999999999,64.5499999999999,4.2));
#15451=CARTESIAN_POINT('',(-67.3999999999999,64.5499999999999,0.));
#15452=CARTESIAN_POINT('Origin',(-72.5999999999999,75.4499999999999,0.));
#15453=CARTESIAN_POINT('',(-72.5999999999999,75.4499999999999,4.2));
#15454=CARTESIAN_POINT('',(-72.5999999999999,75.4499999999999,0.));
#15455=CARTESIAN_POINT('',(-72.5999999999999,37.7249999999999,4.2));
#15456=CARTESIAN_POINT('Origin',(-69.9999999999999,64.5499999999999,4.6));
#15457=CARTESIAN_POINT('',(-72.5999999999999,64.5499999999999,4.2));
#15458=CARTESIAN_POINT('',(-66.5999999999999,64.5499999999999,5.));
#15459=CARTESIAN_POINT('Origin',(-72.9999999999999,37.7249999999999,4.6));
#15460=CARTESIAN_POINT('',(-72.5999999999999,75.4499999999999,4.2));
#15461=CARTESIAN_POINT('Origin',(-69.9999999999999,75.4499999999999,4.6));
#15462=CARTESIAN_POINT('',(-67.3999999999999,75.4499999999999,4.2));
#15463=CARTESIAN_POINT('',(-67.3999999999999,75.4499999999999,4.2));
#15464=CARTESIAN_POINT('Origin',(-69.9999999999999,75.4499999999999,4.2));
#15465=CARTESIAN_POINT('Origin',(-66.9999999999999,32.2749999999999,4.6));
#15466=CARTESIAN_POINT('',(-67.3999999999999,32.2749999999999,4.2));
#15467=CARTESIAN_POINT('Origin',(-67.3999999999999,64.5499999999999,0.));
#15468=CARTESIAN_POINT('',(-67.3999999999999,75.4499999999999,0.));
#15469=CARTESIAN_POINT('Origin',(-69.9999999999999,75.4499999999999,0.));
#15470=CARTESIAN_POINT('Origin',(-32.9999999999999,37.7249999999999,0.4));
#15471=CARTESIAN_POINT('',(-32.5999999999999,64.5499999999999,0.8));
#15472=CARTESIAN_POINT('',(-32.5999999999999,64.5499999999999,0.8));
#15473=CARTESIAN_POINT('',(-32.5999999999999,75.4499999999999,0.8));
#15474=CARTESIAN_POINT('',(-33.3999999999999,75.4499999999999,0.));
#15475=CARTESIAN_POINT('',(-32.5999999999999,37.7249999999999,0.8));
#15476=CARTESIAN_POINT('Origin',(-29.9999999999999,64.5499999999999,0.4));
#15477=CARTESIAN_POINT('',(-27.3999999999999,64.5499999999999,0.8));
#15478=CARTESIAN_POINT('',(-27.3999999999999,64.5499999999999,0.8));
#15479=CARTESIAN_POINT('Origin',(-29.9999999999999,64.5499999999999,0.8));
#15480=CARTESIAN_POINT('Origin',(-26.9999999999999,32.2749999999999,0.4));
#15481=CARTESIAN_POINT('',(-27.3999999999999,75.4499999999999,0.8));
#15482=CARTESIAN_POINT('',(-27.3999999999999,75.4499999999999,0.8));
#15483=CARTESIAN_POINT('',(-27.3999999999999,32.2749999999999,0.8));
#15484=CARTESIAN_POINT('Origin',(-29.9999999999999,75.4499999999999,0.4));
#15485=CARTESIAN_POINT('Origin',(-29.9999999999999,75.4499999999999,0.8));
#15486=CARTESIAN_POINT('Origin',(-29.9999999999999,64.5499999999999,0.));
#15487=CARTESIAN_POINT('',(-32.5999999999999,64.5499999999999,4.2));
#15488=CARTESIAN_POINT('',(-32.5999999999999,64.5499999999999,0.));
#15489=CARTESIAN_POINT('',(-27.3999999999999,64.5499999999999,4.2));
#15490=CARTESIAN_POINT('Origin',(-29.9999999999999,64.5499999999999,4.2));
#15491=CARTESIAN_POINT('',(-27.3999999999999,64.5499999999999,0.));
#15492=CARTESIAN_POINT('Origin',(-32.5999999999999,75.4499999999999,0.));
#15493=CARTESIAN_POINT('',(-32.5999999999999,75.4499999999999,4.2));
#15494=CARTESIAN_POINT('',(-32.5999999999999,75.4499999999999,0.));
#15495=CARTESIAN_POINT('',(-32.5999999999999,37.7249999999999,4.2));
#15496=CARTESIAN_POINT('Origin',(-29.9999999999999,64.5499999999999,4.6));
#15497=CARTESIAN_POINT('',(-32.5999999999999,64.5499999999999,4.2));
#15498=CARTESIAN_POINT('',(-26.5999999999999,64.5499999999999,5.));
#15499=CARTESIAN_POINT('Origin',(-32.9999999999999,37.7249999999999,4.6));
#15500=CARTESIAN_POINT('',(-32.5999999999999,75.4499999999999,4.2));
#15501=CARTESIAN_POINT('Origin',(-29.9999999999999,75.4499999999999,4.6));
#15502=CARTESIAN_POINT('',(-27.3999999999999,75.4499999999999,4.2));
#15503=CARTESIAN_POINT('',(-27.3999999999999,75.4499999999999,4.2));
#15504=CARTESIAN_POINT('Origin',(-29.9999999999999,75.4499999999999,4.2));
#15505=CARTESIAN_POINT('Origin',(-26.9999999999999,32.2749999999999,4.6));
#15506=CARTESIAN_POINT('',(-27.3999999999999,32.2749999999999,4.2));
#15507=CARTESIAN_POINT('Origin',(-27.3999999999999,64.5499999999999,0.));
#15508=CARTESIAN_POINT('',(-27.3999999999999,75.4499999999999,0.));
#15509=CARTESIAN_POINT('Origin',(-29.9999999999999,75.4499999999999,0.));
#15510=CARTESIAN_POINT('Origin',(7.00000000000014,37.7249999999999,0.4));
#15511=CARTESIAN_POINT('',(7.40000000000014,64.5499999999999,0.8));
#15512=CARTESIAN_POINT('',(7.40000000000014,64.5499999999999,0.8));
#15513=CARTESIAN_POINT('',(7.40000000000014,75.4499999999999,0.8));
#15514=CARTESIAN_POINT('',(6.60000000000014,75.4499999999999,0.));
#15515=CARTESIAN_POINT('',(7.40000000000014,37.7249999999999,0.8));
#15516=CARTESIAN_POINT('Origin',(10.0000000000001,64.5499999999999,0.4));
#15517=CARTESIAN_POINT('',(12.6000000000001,64.5499999999999,0.8));
#15518=CARTESIAN_POINT('',(12.6000000000001,64.5499999999999,0.8));
#15519=CARTESIAN_POINT('Origin',(10.0000000000001,64.5499999999999,0.8));
#15520=CARTESIAN_POINT('Origin',(13.0000000000001,32.2749999999999,0.4));
#15521=CARTESIAN_POINT('',(12.6000000000001,75.4499999999999,0.8));
#15522=CARTESIAN_POINT('',(12.6000000000001,75.4499999999999,0.8));
#15523=CARTESIAN_POINT('',(12.6000000000001,32.2749999999999,0.8));
#15524=CARTESIAN_POINT('Origin',(10.0000000000001,75.4499999999999,0.4));
#15525=CARTESIAN_POINT('Origin',(10.0000000000001,75.4499999999999,0.8));
#15526=CARTESIAN_POINT('Origin',(10.0000000000001,64.5499999999999,0.));
#15527=CARTESIAN_POINT('',(7.40000000000014,64.5499999999999,4.2));
#15528=CARTESIAN_POINT('',(7.40000000000014,64.5499999999999,0.));
#15529=CARTESIAN_POINT('',(12.6000000000001,64.5499999999999,4.2));
#15530=CARTESIAN_POINT('Origin',(10.0000000000001,64.5499999999999,4.2));
#15531=CARTESIAN_POINT('',(12.6000000000001,64.5499999999999,0.));
#15532=CARTESIAN_POINT('Origin',(7.40000000000014,75.4499999999999,0.));
#15533=CARTESIAN_POINT('',(7.40000000000014,75.4499999999999,4.2));
#15534=CARTESIAN_POINT('',(7.40000000000014,75.4499999999999,0.));
#15535=CARTESIAN_POINT('',(7.40000000000014,37.7249999999999,4.2));
#15536=CARTESIAN_POINT('Origin',(10.0000000000001,64.5499999999999,4.6));
#15537=CARTESIAN_POINT('',(7.40000000000014,64.5499999999999,4.2));
#15538=CARTESIAN_POINT('',(13.4000000000001,64.5499999999999,5.));
#15539=CARTESIAN_POINT('Origin',(7.00000000000014,37.7249999999999,4.6));
#15540=CARTESIAN_POINT('',(7.40000000000014,75.4499999999999,4.2));
#15541=CARTESIAN_POINT('Origin',(10.0000000000001,75.4499999999999,4.6));
#15542=CARTESIAN_POINT('',(12.6000000000001,75.4499999999999,4.2));
#15543=CARTESIAN_POINT('',(12.6000000000001,75.4499999999999,4.2));
#15544=CARTESIAN_POINT('Origin',(10.0000000000001,75.4499999999999,4.2));
#15545=CARTESIAN_POINT('Origin',(13.0000000000001,32.2749999999999,4.6));
#15546=CARTESIAN_POINT('',(12.6000000000001,32.2749999999999,4.2));
#15547=CARTESIAN_POINT('Origin',(12.6000000000001,64.5499999999999,0.));
#15548=CARTESIAN_POINT('',(12.6000000000001,75.4499999999999,0.));
#15549=CARTESIAN_POINT('Origin',(10.0000000000001,75.4499999999999,0.));
#15550=CARTESIAN_POINT('Origin',(47.0000000000001,37.7249999999999,0.4));
#15551=CARTESIAN_POINT('',(47.4000000000001,64.5499999999999,0.8));
#15552=CARTESIAN_POINT('',(47.4000000000001,64.5499999999999,0.8));
#15553=CARTESIAN_POINT('',(47.4000000000001,75.4499999999999,0.8));
#15554=CARTESIAN_POINT('',(46.6000000000001,75.4499999999999,0.));
#15555=CARTESIAN_POINT('',(47.4000000000001,37.7249999999999,0.8));
#15556=CARTESIAN_POINT('Origin',(50.0000000000001,64.5499999999999,0.4));
#15557=CARTESIAN_POINT('',(52.6000000000001,64.5499999999999,0.8));
#15558=CARTESIAN_POINT('',(52.6000000000001,64.5499999999999,0.8));
#15559=CARTESIAN_POINT('Origin',(50.0000000000001,64.5499999999999,0.8));
#15560=CARTESIAN_POINT('Origin',(53.0000000000001,32.2749999999999,0.4));
#15561=CARTESIAN_POINT('',(52.6000000000001,75.4499999999999,0.8));
#15562=CARTESIAN_POINT('',(52.6000000000001,75.4499999999999,0.8));
#15563=CARTESIAN_POINT('',(52.6000000000001,32.2749999999999,0.8));
#15564=CARTESIAN_POINT('Origin',(50.0000000000001,75.4499999999999,0.4));
#15565=CARTESIAN_POINT('Origin',(50.0000000000001,75.4499999999999,0.8));
#15566=CARTESIAN_POINT('Origin',(50.0000000000001,64.5499999999999,0.));
#15567=CARTESIAN_POINT('',(47.4000000000001,64.5499999999999,4.2));
#15568=CARTESIAN_POINT('',(47.4000000000001,64.5499999999999,0.));
#15569=CARTESIAN_POINT('',(52.6000000000001,64.5499999999999,4.2));
#15570=CARTESIAN_POINT('Origin',(50.0000000000001,64.5499999999999,4.2));
#15571=CARTESIAN_POINT('',(52.6000000000001,64.5499999999999,0.));
#15572=CARTESIAN_POINT('Origin',(47.4000000000001,75.4499999999999,0.));
#15573=CARTESIAN_POINT('',(47.4000000000001,75.4499999999999,4.2));
#15574=CARTESIAN_POINT('',(47.4000000000001,75.4499999999999,0.));
#15575=CARTESIAN_POINT('',(47.4000000000001,37.7249999999999,4.2));
#15576=CARTESIAN_POINT('Origin',(50.0000000000001,64.5499999999999,4.6));
#15577=CARTESIAN_POINT('',(47.4000000000001,64.5499999999999,4.2));
#15578=CARTESIAN_POINT('',(53.4000000000001,64.5499999999999,5.));
#15579=CARTESIAN_POINT('Origin',(47.0000000000001,37.7249999999999,4.6));
#15580=CARTESIAN_POINT('',(47.4000000000001,75.4499999999999,4.2));
#15581=CARTESIAN_POINT('Origin',(50.0000000000001,75.4499999999999,4.6));
#15582=CARTESIAN_POINT('',(52.6000000000001,75.4499999999999,4.2));
#15583=CARTESIAN_POINT('',(52.6000000000001,75.4499999999999,4.2));
#15584=CARTESIAN_POINT('Origin',(50.0000000000001,75.4499999999999,4.2));
#15585=CARTESIAN_POINT('Origin',(53.0000000000001,32.2749999999999,4.6));
#15586=CARTESIAN_POINT('',(52.6000000000001,32.2749999999999,4.2));
#15587=CARTESIAN_POINT('Origin',(52.6000000000001,64.5499999999999,0.));
#15588=CARTESIAN_POINT('',(52.6000000000001,75.4499999999999,0.));
#15589=CARTESIAN_POINT('Origin',(50.0000000000001,75.4499999999999,0.));
#15590=CARTESIAN_POINT('Origin',(-72.9999999999999,-2.27500000000005,0.4));
#15591=CARTESIAN_POINT('',(-72.5999999999999,24.5499999999999,0.8));
#15592=CARTESIAN_POINT('',(-72.5999999999999,24.5499999999999,0.8));
#15593=CARTESIAN_POINT('',(-72.5999999999999,35.4499999999999,0.8));
#15594=CARTESIAN_POINT('',(-73.3999999999999,35.4499999999999,0.));
#15595=CARTESIAN_POINT('',(-72.5999999999999,-2.27500000000005,0.8));
#15596=CARTESIAN_POINT('Origin',(-69.9999999999999,24.5499999999999,0.4));
#15597=CARTESIAN_POINT('',(-67.3999999999999,24.5499999999999,0.8));
#15598=CARTESIAN_POINT('',(-67.3999999999999,24.5499999999999,0.8));
#15599=CARTESIAN_POINT('Origin',(-69.9999999999999,24.5499999999999,0.8));
#15600=CARTESIAN_POINT('Origin',(-66.9999999999999,-7.72500000000005,0.4));
#15601=CARTESIAN_POINT('',(-67.3999999999999,35.4499999999999,0.8));
#15602=CARTESIAN_POINT('',(-67.3999999999999,35.4499999999999,0.8));
#15603=CARTESIAN_POINT('',(-67.3999999999999,-7.72500000000005,0.8));
#15604=CARTESIAN_POINT('Origin',(-69.9999999999999,35.4499999999999,0.4));
#15605=CARTESIAN_POINT('Origin',(-69.9999999999999,35.4499999999999,0.8));
#15606=CARTESIAN_POINT('Origin',(-69.9999999999999,24.5499999999999,0.));
#15607=CARTESIAN_POINT('',(-72.5999999999999,24.5499999999999,4.2));
#15608=CARTESIAN_POINT('',(-72.5999999999999,24.5499999999999,0.));
#15609=CARTESIAN_POINT('',(-67.3999999999999,24.5499999999999,4.2));
#15610=CARTESIAN_POINT('Origin',(-69.9999999999999,24.5499999999999,4.2));
#15611=CARTESIAN_POINT('',(-67.3999999999999,24.5499999999999,0.));
#15612=CARTESIAN_POINT('Origin',(-72.5999999999999,35.4499999999999,0.));
#15613=CARTESIAN_POINT('',(-72.5999999999999,35.4499999999999,4.2));
#15614=CARTESIAN_POINT('',(-72.5999999999999,35.4499999999999,0.));
#15615=CARTESIAN_POINT('',(-72.5999999999999,-2.27500000000005,4.2));
#15616=CARTESIAN_POINT('Origin',(-69.9999999999999,24.5499999999999,4.6));
#15617=CARTESIAN_POINT('',(-72.5999999999999,24.5499999999999,4.2));
#15618=CARTESIAN_POINT('',(-66.5999999999999,24.5499999999999,5.));
#15619=CARTESIAN_POINT('Origin',(-72.9999999999999,-2.27500000000005,4.6));
#15620=CARTESIAN_POINT('',(-72.5999999999999,35.4499999999999,4.2));
#15621=CARTESIAN_POINT('Origin',(-69.9999999999999,35.4499999999999,4.6));
#15622=CARTESIAN_POINT('',(-67.3999999999999,35.4499999999999,4.2));
#15623=CARTESIAN_POINT('',(-67.3999999999999,35.4499999999999,4.2));
#15624=CARTESIAN_POINT('Origin',(-69.9999999999999,35.4499999999999,4.2));
#15625=CARTESIAN_POINT('Origin',(-66.9999999999999,-7.72500000000005,4.6));
#15626=CARTESIAN_POINT('',(-67.3999999999999,-7.72500000000005,4.2));
#15627=CARTESIAN_POINT('Origin',(-67.3999999999999,24.5499999999999,0.));
#15628=CARTESIAN_POINT('',(-67.3999999999999,35.4499999999999,0.));
#15629=CARTESIAN_POINT('Origin',(-69.9999999999999,35.4499999999999,0.));
#15630=CARTESIAN_POINT('Origin',(-32.9999999999999,-2.27500000000005,0.4));
#15631=CARTESIAN_POINT('',(-32.5999999999999,24.5499999999999,0.8));
#15632=CARTESIAN_POINT('',(-32.5999999999999,24.5499999999999,0.8));
#15633=CARTESIAN_POINT('',(-32.5999999999999,35.4499999999999,0.8));
#15634=CARTESIAN_POINT('',(-33.3999999999999,35.4499999999999,0.));
#15635=CARTESIAN_POINT('',(-32.5999999999999,-2.27500000000005,0.8));
#15636=CARTESIAN_POINT('Origin',(-29.9999999999999,24.5499999999999,0.4));
#15637=CARTESIAN_POINT('',(-27.3999999999999,24.5499999999999,0.8));
#15638=CARTESIAN_POINT('',(-27.3999999999999,24.5499999999999,0.8));
#15639=CARTESIAN_POINT('Origin',(-29.9999999999999,24.5499999999999,0.8));
#15640=CARTESIAN_POINT('Origin',(-26.9999999999999,-7.72500000000005,0.4));
#15641=CARTESIAN_POINT('',(-27.3999999999999,35.4499999999999,0.8));
#15642=CARTESIAN_POINT('',(-27.3999999999999,35.4499999999999,0.8));
#15643=CARTESIAN_POINT('',(-27.3999999999999,-7.72500000000005,0.8));
#15644=CARTESIAN_POINT('Origin',(-29.9999999999999,35.4499999999999,0.4));
#15645=CARTESIAN_POINT('Origin',(-29.9999999999999,35.4499999999999,0.8));
#15646=CARTESIAN_POINT('Origin',(-29.9999999999999,24.5499999999999,0.));
#15647=CARTESIAN_POINT('',(-32.5999999999999,24.5499999999999,4.2));
#15648=CARTESIAN_POINT('',(-32.5999999999999,24.5499999999999,0.));
#15649=CARTESIAN_POINT('',(-27.3999999999999,24.5499999999999,4.2));
#15650=CARTESIAN_POINT('Origin',(-29.9999999999999,24.5499999999999,4.2));
#15651=CARTESIAN_POINT('',(-27.3999999999999,24.5499999999999,0.));
#15652=CARTESIAN_POINT('Origin',(-32.5999999999999,35.4499999999999,0.));
#15653=CARTESIAN_POINT('',(-32.5999999999999,35.4499999999999,4.2));
#15654=CARTESIAN_POINT('',(-32.5999999999999,35.4499999999999,0.));
#15655=CARTESIAN_POINT('',(-32.5999999999999,-2.27500000000005,4.2));
#15656=CARTESIAN_POINT('Origin',(-29.9999999999999,24.5499999999999,4.6));
#15657=CARTESIAN_POINT('',(-32.5999999999999,24.5499999999999,4.2));
#15658=CARTESIAN_POINT('',(-26.5999999999999,24.5499999999999,5.));
#15659=CARTESIAN_POINT('Origin',(-32.9999999999999,-2.27500000000005,4.6));
#15660=CARTESIAN_POINT('',(-32.5999999999999,35.4499999999999,4.2));
#15661=CARTESIAN_POINT('Origin',(-29.9999999999999,35.4499999999999,4.6));
#15662=CARTESIAN_POINT('',(-27.3999999999999,35.4499999999999,4.2));
#15663=CARTESIAN_POINT('',(-27.3999999999999,35.4499999999999,4.2));
#15664=CARTESIAN_POINT('Origin',(-29.9999999999999,35.4499999999999,4.2));
#15665=CARTESIAN_POINT('Origin',(-26.9999999999999,-7.72500000000005,4.6));
#15666=CARTESIAN_POINT('',(-27.3999999999999,-7.72500000000005,4.2));
#15667=CARTESIAN_POINT('Origin',(-27.3999999999999,24.5499999999999,0.));
#15668=CARTESIAN_POINT('',(-27.3999999999999,35.4499999999999,0.));
#15669=CARTESIAN_POINT('Origin',(-29.9999999999999,35.4499999999999,0.));
#15670=CARTESIAN_POINT('Origin',(7.00000000000014,-2.27500000000005,0.4));
#15671=CARTESIAN_POINT('',(7.40000000000014,24.5499999999999,0.8));
#15672=CARTESIAN_POINT('',(7.40000000000014,24.5499999999999,0.8));
#15673=CARTESIAN_POINT('',(7.40000000000014,35.4499999999999,0.8));
#15674=CARTESIAN_POINT('',(6.60000000000014,35.4499999999999,0.));
#15675=CARTESIAN_POINT('',(7.40000000000014,-2.27500000000005,0.8));
#15676=CARTESIAN_POINT('Origin',(10.0000000000001,24.5499999999999,0.4));
#15677=CARTESIAN_POINT('',(12.6000000000001,24.5499999999999,0.8));
#15678=CARTESIAN_POINT('',(12.6000000000001,24.5499999999999,0.8));
#15679=CARTESIAN_POINT('Origin',(10.0000000000001,24.5499999999999,0.8));
#15680=CARTESIAN_POINT('Origin',(13.0000000000001,-7.72500000000005,0.4));
#15681=CARTESIAN_POINT('',(12.6000000000001,35.4499999999999,0.8));
#15682=CARTESIAN_POINT('',(12.6000000000001,35.4499999999999,0.8));
#15683=CARTESIAN_POINT('',(12.6000000000001,-7.72500000000005,0.8));
#15684=CARTESIAN_POINT('Origin',(10.0000000000001,35.4499999999999,0.4));
#15685=CARTESIAN_POINT('Origin',(10.0000000000001,35.4499999999999,0.8));
#15686=CARTESIAN_POINT('Origin',(10.0000000000001,24.5499999999999,0.));
#15687=CARTESIAN_POINT('',(7.40000000000014,24.5499999999999,4.2));
#15688=CARTESIAN_POINT('',(7.40000000000014,24.5499999999999,0.));
#15689=CARTESIAN_POINT('',(12.6000000000001,24.5499999999999,4.2));
#15690=CARTESIAN_POINT('Origin',(10.0000000000001,24.5499999999999,4.2));
#15691=CARTESIAN_POINT('',(12.6000000000001,24.5499999999999,0.));
#15692=CARTESIAN_POINT('Origin',(7.40000000000014,35.4499999999999,0.));
#15693=CARTESIAN_POINT('',(7.40000000000014,35.4499999999999,4.2));
#15694=CARTESIAN_POINT('',(7.40000000000014,35.4499999999999,0.));
#15695=CARTESIAN_POINT('',(7.40000000000014,-2.27500000000005,4.2));
#15696=CARTESIAN_POINT('Origin',(10.0000000000001,24.5499999999999,4.6));
#15697=CARTESIAN_POINT('',(7.40000000000014,24.5499999999999,4.2));
#15698=CARTESIAN_POINT('',(13.4000000000001,24.5499999999999,5.));
#15699=CARTESIAN_POINT('Origin',(7.00000000000014,-2.27500000000005,4.6));
#15700=CARTESIAN_POINT('',(7.40000000000014,35.4499999999999,4.2));
#15701=CARTESIAN_POINT('Origin',(10.0000000000001,35.4499999999999,4.6));
#15702=CARTESIAN_POINT('',(12.6000000000001,35.4499999999999,4.2));
#15703=CARTESIAN_POINT('',(12.6000000000001,35.4499999999999,4.2));
#15704=CARTESIAN_POINT('Origin',(10.0000000000001,35.4499999999999,4.2));
#15705=CARTESIAN_POINT('Origin',(13.0000000000001,-7.72500000000005,4.6));
#15706=CARTESIAN_POINT('',(12.6000000000001,-7.72500000000005,4.2));
#15707=CARTESIAN_POINT('Origin',(12.6000000000001,24.5499999999999,0.));
#15708=CARTESIAN_POINT('',(12.6000000000001,35.4499999999999,0.));
#15709=CARTESIAN_POINT('Origin',(10.0000000000001,35.4499999999999,0.));
#15710=CARTESIAN_POINT('Origin',(47.0000000000001,-2.27500000000005,0.4));
#15711=CARTESIAN_POINT('',(47.4000000000001,24.5499999999999,0.8));
#15712=CARTESIAN_POINT('',(47.4000000000001,24.5499999999999,0.8));
#15713=CARTESIAN_POINT('',(47.4000000000001,35.4499999999999,0.8));
#15714=CARTESIAN_POINT('',(46.6000000000001,35.4499999999999,0.));
#15715=CARTESIAN_POINT('',(47.4000000000001,-2.27500000000005,0.8));
#15716=CARTESIAN_POINT('Origin',(50.0000000000001,24.5499999999999,0.4));
#15717=CARTESIAN_POINT('',(52.6000000000001,24.5499999999999,0.8));
#15718=CARTESIAN_POINT('',(52.6000000000001,24.5499999999999,0.8));
#15719=CARTESIAN_POINT('Origin',(50.0000000000001,24.5499999999999,0.8));
#15720=CARTESIAN_POINT('Origin',(53.0000000000001,-7.72500000000005,0.4));
#15721=CARTESIAN_POINT('',(52.6000000000001,35.4499999999999,0.8));
#15722=CARTESIAN_POINT('',(52.6000000000001,35.4499999999999,0.8));
#15723=CARTESIAN_POINT('',(52.6000000000001,-7.72500000000005,0.8));
#15724=CARTESIAN_POINT('Origin',(50.0000000000001,35.4499999999999,0.4));
#15725=CARTESIAN_POINT('Origin',(50.0000000000001,35.4499999999999,0.8));
#15726=CARTESIAN_POINT('Origin',(50.0000000000001,24.5499999999999,0.));
#15727=CARTESIAN_POINT('',(47.4000000000001,24.5499999999999,4.2));
#15728=CARTESIAN_POINT('',(47.4000000000001,24.5499999999999,0.));
#15729=CARTESIAN_POINT('',(52.6000000000001,24.5499999999999,4.2));
#15730=CARTESIAN_POINT('Origin',(50.0000000000001,24.5499999999999,4.2));
#15731=CARTESIAN_POINT('',(52.6000000000001,24.5499999999999,0.));
#15732=CARTESIAN_POINT('Origin',(47.4000000000001,35.4499999999999,0.));
#15733=CARTESIAN_POINT('',(47.4000000000001,35.4499999999999,4.2));
#15734=CARTESIAN_POINT('',(47.4000000000001,35.4499999999999,0.));
#15735=CARTESIAN_POINT('',(47.4000000000001,-2.27500000000005,4.2));
#15736=CARTESIAN_POINT('Origin',(50.0000000000001,24.5499999999999,4.6));
#15737=CARTESIAN_POINT('',(47.4000000000001,24.5499999999999,4.2));
#15738=CARTESIAN_POINT('',(53.4000000000001,24.5499999999999,5.));
#15739=CARTESIAN_POINT('Origin',(47.0000000000001,-2.27500000000005,4.6));
#15740=CARTESIAN_POINT('',(47.4000000000001,35.4499999999999,4.2));
#15741=CARTESIAN_POINT('Origin',(50.0000000000001,35.4499999999999,4.6));
#15742=CARTESIAN_POINT('',(52.6000000000001,35.4499999999999,4.2));
#15743=CARTESIAN_POINT('',(52.6000000000001,35.4499999999999,4.2));
#15744=CARTESIAN_POINT('Origin',(50.0000000000001,35.4499999999999,4.2));
#15745=CARTESIAN_POINT('Origin',(53.0000000000001,-7.72500000000005,4.6));
#15746=CARTESIAN_POINT('',(52.6000000000001,-7.72500000000005,4.2));
#15747=CARTESIAN_POINT('Origin',(52.6000000000001,24.5499999999999,0.));
#15748=CARTESIAN_POINT('',(52.6000000000001,35.4499999999999,0.));
#15749=CARTESIAN_POINT('Origin',(50.0000000000001,35.4499999999999,0.));
#15750=CARTESIAN_POINT('Origin',(-72.9999999999999,-42.2750000000001,0.4));
#15751=CARTESIAN_POINT('',(-72.5999999999999,-15.4500000000001,0.8));
#15752=CARTESIAN_POINT('',(-72.5999999999999,-15.4500000000001,0.8));
#15753=CARTESIAN_POINT('',(-72.5999999999999,-4.55000000000007,0.8));
#15754=CARTESIAN_POINT('',(-73.3999999999999,-4.55000000000007,0.));
#15755=CARTESIAN_POINT('',(-72.5999999999999,-42.2750000000001,0.8));
#15756=CARTESIAN_POINT('Origin',(-69.9999999999999,-15.4500000000001,0.4));
#15757=CARTESIAN_POINT('',(-67.3999999999999,-15.4500000000001,0.8));
#15758=CARTESIAN_POINT('',(-67.3999999999999,-15.4500000000001,0.8));
#15759=CARTESIAN_POINT('Origin',(-69.9999999999999,-15.4500000000001,0.8));
#15760=CARTESIAN_POINT('Origin',(-66.9999999999999,-47.7250000000001,0.4));
#15761=CARTESIAN_POINT('',(-67.3999999999999,-4.55000000000007,0.8));
#15762=CARTESIAN_POINT('',(-67.3999999999999,-4.55000000000007,0.8));
#15763=CARTESIAN_POINT('',(-67.3999999999999,-47.7250000000001,0.8));
#15764=CARTESIAN_POINT('Origin',(-69.9999999999999,-4.55000000000007,0.4));
#15765=CARTESIAN_POINT('Origin',(-69.9999999999999,-4.55000000000007,0.8));
#15766=CARTESIAN_POINT('Origin',(-69.9999999999999,-15.4500000000001,0.));
#15767=CARTESIAN_POINT('',(-72.5999999999999,-15.4500000000001,4.2));
#15768=CARTESIAN_POINT('',(-72.5999999999999,-15.4500000000001,0.));
#15769=CARTESIAN_POINT('',(-67.3999999999999,-15.4500000000001,4.2));
#15770=CARTESIAN_POINT('Origin',(-69.9999999999999,-15.4500000000001,4.2));
#15771=CARTESIAN_POINT('',(-67.3999999999999,-15.4500000000001,0.));
#15772=CARTESIAN_POINT('Origin',(-72.5999999999999,-4.55000000000007,0.));
#15773=CARTESIAN_POINT('',(-72.5999999999999,-4.55000000000007,4.2));
#15774=CARTESIAN_POINT('',(-72.5999999999999,-4.55000000000007,0.));
#15775=CARTESIAN_POINT('',(-72.5999999999999,-42.2750000000001,4.2));
#15776=CARTESIAN_POINT('Origin',(-69.9999999999999,-15.4500000000001,4.6));
#15777=CARTESIAN_POINT('',(-72.5999999999999,-15.4500000000001,4.2));
#15778=CARTESIAN_POINT('',(-66.5999999999999,-15.4500000000001,5.));
#15779=CARTESIAN_POINT('Origin',(-72.9999999999999,-42.2750000000001,4.6));
#15780=CARTESIAN_POINT('',(-72.5999999999999,-4.55000000000007,4.2));
#15781=CARTESIAN_POINT('Origin',(-69.9999999999999,-4.55000000000007,4.6));
#15782=CARTESIAN_POINT('',(-67.3999999999999,-4.55000000000007,4.2));
#15783=CARTESIAN_POINT('',(-67.3999999999999,-4.55000000000007,4.2));
#15784=CARTESIAN_POINT('Origin',(-69.9999999999999,-4.55000000000007,4.2));
#15785=CARTESIAN_POINT('Origin',(-66.9999999999999,-47.7250000000001,4.6));
#15786=CARTESIAN_POINT('',(-67.3999999999999,-47.7250000000001,4.2));
#15787=CARTESIAN_POINT('Origin',(-67.3999999999999,-15.4500000000001,0.));
#15788=CARTESIAN_POINT('',(-67.3999999999999,-4.55000000000007,0.));
#15789=CARTESIAN_POINT('Origin',(-69.9999999999999,-4.55000000000007,0.));
#15790=CARTESIAN_POINT('Origin',(-32.9999999999999,-42.2750000000001,0.4));
#15791=CARTESIAN_POINT('',(-32.5999999999999,-15.4500000000001,0.8));
#15792=CARTESIAN_POINT('',(-32.5999999999999,-15.4500000000001,0.8));
#15793=CARTESIAN_POINT('',(-32.5999999999999,-4.55000000000007,0.8));
#15794=CARTESIAN_POINT('',(-33.3999999999999,-4.55000000000007,0.));
#15795=CARTESIAN_POINT('',(-32.5999999999999,-42.2750000000001,0.8));
#15796=CARTESIAN_POINT('Origin',(-29.9999999999999,-15.4500000000001,0.4));
#15797=CARTESIAN_POINT('',(-27.3999999999999,-15.4500000000001,0.8));
#15798=CARTESIAN_POINT('',(-27.3999999999999,-15.4500000000001,0.8));
#15799=CARTESIAN_POINT('Origin',(-29.9999999999999,-15.4500000000001,0.8));
#15800=CARTESIAN_POINT('Origin',(-26.9999999999999,-47.7250000000001,0.4));
#15801=CARTESIAN_POINT('',(-27.3999999999999,-4.55000000000007,0.8));
#15802=CARTESIAN_POINT('',(-27.3999999999999,-4.55000000000007,0.8));
#15803=CARTESIAN_POINT('',(-27.3999999999999,-47.7250000000001,0.8));
#15804=CARTESIAN_POINT('Origin',(-29.9999999999999,-4.55000000000007,0.4));
#15805=CARTESIAN_POINT('Origin',(-29.9999999999999,-4.55000000000007,0.8));
#15806=CARTESIAN_POINT('Origin',(-29.9999999999999,-15.4500000000001,0.));
#15807=CARTESIAN_POINT('',(-32.5999999999999,-15.4500000000001,4.2));
#15808=CARTESIAN_POINT('',(-32.5999999999999,-15.4500000000001,0.));
#15809=CARTESIAN_POINT('',(-27.3999999999999,-15.4500000000001,4.2));
#15810=CARTESIAN_POINT('Origin',(-29.9999999999999,-15.4500000000001,4.2));
#15811=CARTESIAN_POINT('',(-27.3999999999999,-15.4500000000001,0.));
#15812=CARTESIAN_POINT('Origin',(-32.5999999999999,-4.55000000000007,0.));
#15813=CARTESIAN_POINT('',(-32.5999999999999,-4.55000000000007,4.2));
#15814=CARTESIAN_POINT('',(-32.5999999999999,-4.55000000000007,0.));
#15815=CARTESIAN_POINT('',(-32.5999999999999,-42.2750000000001,4.2));
#15816=CARTESIAN_POINT('Origin',(-29.9999999999999,-15.4500000000001,4.6));
#15817=CARTESIAN_POINT('',(-32.5999999999999,-15.4500000000001,4.2));
#15818=CARTESIAN_POINT('',(-26.5999999999999,-15.4500000000001,5.));
#15819=CARTESIAN_POINT('Origin',(-32.9999999999999,-42.2750000000001,4.6));
#15820=CARTESIAN_POINT('',(-32.5999999999999,-4.55000000000007,4.2));
#15821=CARTESIAN_POINT('Origin',(-29.9999999999999,-4.55000000000007,4.6));
#15822=CARTESIAN_POINT('',(-27.3999999999999,-4.55000000000007,4.2));
#15823=CARTESIAN_POINT('',(-27.3999999999999,-4.55000000000007,4.2));
#15824=CARTESIAN_POINT('Origin',(-29.9999999999999,-4.55000000000007,4.2));
#15825=CARTESIAN_POINT('Origin',(-26.9999999999999,-47.7250000000001,4.6));
#15826=CARTESIAN_POINT('',(-27.3999999999999,-47.7250000000001,4.2));
#15827=CARTESIAN_POINT('Origin',(-27.3999999999999,-15.4500000000001,0.));
#15828=CARTESIAN_POINT('',(-27.3999999999999,-4.55000000000007,0.));
#15829=CARTESIAN_POINT('Origin',(-29.9999999999999,-4.55000000000007,0.));
#15830=CARTESIAN_POINT('Origin',(7.00000000000014,-42.2750000000001,0.4));
#15831=CARTESIAN_POINT('',(7.40000000000014,-15.4500000000001,0.8));
#15832=CARTESIAN_POINT('',(7.40000000000014,-15.4500000000001,0.8));
#15833=CARTESIAN_POINT('',(7.40000000000014,-4.55000000000007,0.8));
#15834=CARTESIAN_POINT('',(6.60000000000014,-4.55000000000007,0.));
#15835=CARTESIAN_POINT('',(7.40000000000014,-42.2750000000001,0.8));
#15836=CARTESIAN_POINT('Origin',(10.0000000000001,-15.4500000000001,0.4));
#15837=CARTESIAN_POINT('',(12.6000000000001,-15.4500000000001,0.8));
#15838=CARTESIAN_POINT('',(12.6000000000001,-15.4500000000001,0.8));
#15839=CARTESIAN_POINT('Origin',(10.0000000000001,-15.4500000000001,0.8));
#15840=CARTESIAN_POINT('Origin',(13.0000000000001,-47.7250000000001,0.4));
#15841=CARTESIAN_POINT('',(12.6000000000001,-4.55000000000007,0.8));
#15842=CARTESIAN_POINT('',(12.6000000000001,-4.55000000000007,0.8));
#15843=CARTESIAN_POINT('',(12.6000000000001,-47.7250000000001,0.8));
#15844=CARTESIAN_POINT('Origin',(10.0000000000001,-4.55000000000007,0.4));
#15845=CARTESIAN_POINT('Origin',(10.0000000000001,-4.55000000000007,0.8));
#15846=CARTESIAN_POINT('Origin',(10.0000000000001,-15.4500000000001,0.));
#15847=CARTESIAN_POINT('',(7.40000000000014,-15.4500000000001,4.2));
#15848=CARTESIAN_POINT('',(7.40000000000014,-15.4500000000001,0.));
#15849=CARTESIAN_POINT('',(12.6000000000001,-15.4500000000001,4.2));
#15850=CARTESIAN_POINT('Origin',(10.0000000000001,-15.4500000000001,4.2));
#15851=CARTESIAN_POINT('',(12.6000000000001,-15.4500000000001,0.));
#15852=CARTESIAN_POINT('Origin',(7.40000000000014,-4.55000000000007,0.));
#15853=CARTESIAN_POINT('',(7.40000000000014,-4.55000000000007,4.2));
#15854=CARTESIAN_POINT('',(7.40000000000014,-4.55000000000007,0.));
#15855=CARTESIAN_POINT('',(7.40000000000014,-42.2750000000001,4.2));
#15856=CARTESIAN_POINT('Origin',(10.0000000000001,-15.4500000000001,4.6));
#15857=CARTESIAN_POINT('',(7.40000000000014,-15.4500000000001,4.2));
#15858=CARTESIAN_POINT('',(13.4000000000001,-15.4500000000001,5.));
#15859=CARTESIAN_POINT('Origin',(7.00000000000014,-42.2750000000001,4.6));
#15860=CARTESIAN_POINT('',(7.40000000000014,-4.55000000000007,4.2));
#15861=CARTESIAN_POINT('Origin',(10.0000000000001,-4.55000000000007,4.6));
#15862=CARTESIAN_POINT('',(12.6000000000001,-4.55000000000007,4.2));
#15863=CARTESIAN_POINT('',(12.6000000000001,-4.55000000000007,4.2));
#15864=CARTESIAN_POINT('Origin',(10.0000000000001,-4.55000000000007,4.2));
#15865=CARTESIAN_POINT('Origin',(13.0000000000001,-47.7250000000001,4.6));
#15866=CARTESIAN_POINT('',(12.6000000000001,-47.7250000000001,4.2));
#15867=CARTESIAN_POINT('Origin',(12.6000000000001,-15.4500000000001,0.));
#15868=CARTESIAN_POINT('',(12.6000000000001,-4.55000000000007,0.));
#15869=CARTESIAN_POINT('Origin',(10.0000000000001,-4.55000000000007,0.));
#15870=CARTESIAN_POINT('Origin',(47.0000000000001,-42.2750000000001,0.4));
#15871=CARTESIAN_POINT('',(47.4000000000001,-15.4500000000001,0.8));
#15872=CARTESIAN_POINT('',(47.4000000000001,-15.4500000000001,0.8));
#15873=CARTESIAN_POINT('',(47.4000000000001,-4.55000000000007,0.8));
#15874=CARTESIAN_POINT('',(46.6000000000001,-4.55000000000007,0.));
#15875=CARTESIAN_POINT('',(47.4000000000001,-42.2750000000001,0.8));
#15876=CARTESIAN_POINT('Origin',(50.0000000000001,-15.4500000000001,0.4));
#15877=CARTESIAN_POINT('',(52.6000000000001,-15.4500000000001,0.8));
#15878=CARTESIAN_POINT('',(52.6000000000001,-15.4500000000001,0.8));
#15879=CARTESIAN_POINT('Origin',(50.0000000000001,-15.4500000000001,0.8));
#15880=CARTESIAN_POINT('Origin',(53.0000000000001,-47.7250000000001,0.4));
#15881=CARTESIAN_POINT('',(52.6000000000001,-4.55000000000007,0.8));
#15882=CARTESIAN_POINT('',(52.6000000000001,-4.55000000000007,0.8));
#15883=CARTESIAN_POINT('',(52.6000000000001,-47.7250000000001,0.8));
#15884=CARTESIAN_POINT('Origin',(50.0000000000001,-4.55000000000007,0.4));
#15885=CARTESIAN_POINT('Origin',(50.0000000000001,-4.55000000000007,0.8));
#15886=CARTESIAN_POINT('Origin',(50.0000000000001,-15.4500000000001,0.));
#15887=CARTESIAN_POINT('',(47.4000000000001,-15.4500000000001,4.2));
#15888=CARTESIAN_POINT('',(47.4000000000001,-15.4500000000001,0.));
#15889=CARTESIAN_POINT('',(52.6000000000001,-15.4500000000001,4.2));
#15890=CARTESIAN_POINT('Origin',(50.0000000000001,-15.4500000000001,4.2));
#15891=CARTESIAN_POINT('',(52.6000000000001,-15.4500000000001,0.));
#15892=CARTESIAN_POINT('Origin',(47.4000000000001,-4.55000000000007,0.));
#15893=CARTESIAN_POINT('',(47.4000000000001,-4.55000000000007,4.2));
#15894=CARTESIAN_POINT('',(47.4000000000001,-4.55000000000007,0.));
#15895=CARTESIAN_POINT('',(47.4000000000001,-42.2750000000001,4.2));
#15896=CARTESIAN_POINT('Origin',(50.0000000000001,-15.4500000000001,4.6));
#15897=CARTESIAN_POINT('',(47.4000000000001,-15.4500000000001,4.2));
#15898=CARTESIAN_POINT('',(53.4000000000001,-15.4500000000001,5.));
#15899=CARTESIAN_POINT('Origin',(47.0000000000001,-42.2750000000001,4.6));
#15900=CARTESIAN_POINT('',(47.4000000000001,-4.55000000000007,4.2));
#15901=CARTESIAN_POINT('Origin',(50.0000000000001,-4.55000000000007,4.6));
#15902=CARTESIAN_POINT('',(52.6000000000001,-4.55000000000007,4.2));
#15903=CARTESIAN_POINT('',(52.6000000000001,-4.55000000000007,4.2));
#15904=CARTESIAN_POINT('Origin',(50.0000000000001,-4.55000000000007,4.2));
#15905=CARTESIAN_POINT('Origin',(53.0000000000001,-47.7250000000001,4.6));
#15906=CARTESIAN_POINT('',(52.6000000000001,-47.7250000000001,4.2));
#15907=CARTESIAN_POINT('Origin',(52.6000000000001,-15.4500000000001,0.));
#15908=CARTESIAN_POINT('',(52.6000000000001,-4.55000000000007,0.));
#15909=CARTESIAN_POINT('Origin',(50.0000000000001,-4.55000000000007,0.));
#15910=CARTESIAN_POINT('Origin',(-72.9999999999999,-82.2750000000001,0.4));
#15911=CARTESIAN_POINT('',(-72.5999999999999,-55.4500000000001,0.8));
#15912=CARTESIAN_POINT('',(-72.5999999999999,-55.4500000000001,0.8));
#15913=CARTESIAN_POINT('',(-72.5999999999999,-44.5500000000001,0.8));
#15914=CARTESIAN_POINT('',(-73.3999999999999,-44.5500000000001,0.));
#15915=CARTESIAN_POINT('',(-72.5999999999999,-82.2750000000001,0.8));
#15916=CARTESIAN_POINT('Origin',(-69.9999999999999,-55.4500000000001,0.4));
#15917=CARTESIAN_POINT('',(-67.3999999999999,-55.4500000000001,0.8));
#15918=CARTESIAN_POINT('',(-67.3999999999999,-55.4500000000001,0.8));
#15919=CARTESIAN_POINT('Origin',(-69.9999999999999,-55.4500000000001,0.8));
#15920=CARTESIAN_POINT('Origin',(-66.9999999999999,-87.7250000000001,0.4));
#15921=CARTESIAN_POINT('',(-67.3999999999999,-44.5500000000001,0.8));
#15922=CARTESIAN_POINT('',(-67.3999999999999,-44.5500000000001,0.8));
#15923=CARTESIAN_POINT('',(-67.3999999999999,-87.7250000000001,0.8));
#15924=CARTESIAN_POINT('Origin',(-69.9999999999999,-44.5500000000001,0.4));
#15925=CARTESIAN_POINT('Origin',(-69.9999999999999,-44.5500000000001,0.8));
#15926=CARTESIAN_POINT('Origin',(-69.9999999999999,-55.4500000000001,0.));
#15927=CARTESIAN_POINT('',(-72.5999999999999,-55.4500000000001,4.2));
#15928=CARTESIAN_POINT('',(-72.5999999999999,-55.4500000000001,0.));
#15929=CARTESIAN_POINT('',(-67.3999999999999,-55.4500000000001,4.2));
#15930=CARTESIAN_POINT('Origin',(-69.9999999999999,-55.4500000000001,4.2));
#15931=CARTESIAN_POINT('',(-67.3999999999999,-55.4500000000001,0.));
#15932=CARTESIAN_POINT('Origin',(-72.5999999999999,-44.5500000000001,0.));
#15933=CARTESIAN_POINT('',(-72.5999999999999,-44.5500000000001,4.2));
#15934=CARTESIAN_POINT('',(-72.5999999999999,-44.5500000000001,0.));
#15935=CARTESIAN_POINT('',(-72.5999999999999,-82.2750000000001,4.2));
#15936=CARTESIAN_POINT('Origin',(-69.9999999999999,-55.4500000000001,4.6));
#15937=CARTESIAN_POINT('',(-72.5999999999999,-55.4500000000001,4.2));
#15938=CARTESIAN_POINT('',(-66.5999999999999,-55.4500000000001,5.));
#15939=CARTESIAN_POINT('Origin',(-72.9999999999999,-82.2750000000001,4.6));
#15940=CARTESIAN_POINT('',(-72.5999999999999,-44.5500000000001,4.2));
#15941=CARTESIAN_POINT('Origin',(-69.9999999999999,-44.5500000000001,4.6));
#15942=CARTESIAN_POINT('',(-67.3999999999999,-44.5500000000001,4.2));
#15943=CARTESIAN_POINT('',(-67.3999999999999,-44.5500000000001,4.2));
#15944=CARTESIAN_POINT('Origin',(-69.9999999999999,-44.5500000000001,4.2));
#15945=CARTESIAN_POINT('Origin',(-66.9999999999999,-87.7250000000001,4.6));
#15946=CARTESIAN_POINT('',(-67.3999999999999,-87.7250000000001,4.2));
#15947=CARTESIAN_POINT('Origin',(-67.3999999999999,-55.4500000000001,0.));
#15948=CARTESIAN_POINT('',(-67.3999999999999,-44.5500000000001,0.));
#15949=CARTESIAN_POINT('Origin',(-69.9999999999999,-44.5500000000001,0.));
#15950=CARTESIAN_POINT('Origin',(-32.9999999999999,-82.2750000000001,0.4));
#15951=CARTESIAN_POINT('',(-32.5999999999999,-55.4500000000001,0.8));
#15952=CARTESIAN_POINT('',(-32.5999999999999,-55.4500000000001,0.8));
#15953=CARTESIAN_POINT('',(-32.5999999999999,-44.5500000000001,0.8));
#15954=CARTESIAN_POINT('',(-33.3999999999999,-44.5500000000001,0.));
#15955=CARTESIAN_POINT('',(-32.5999999999999,-82.2750000000001,0.8));
#15956=CARTESIAN_POINT('Origin',(-29.9999999999999,-55.4500000000001,0.4));
#15957=CARTESIAN_POINT('',(-27.3999999999999,-55.4500000000001,0.8));
#15958=CARTESIAN_POINT('',(-27.3999999999999,-55.4500000000001,0.8));
#15959=CARTESIAN_POINT('Origin',(-29.9999999999999,-55.4500000000001,0.8));
#15960=CARTESIAN_POINT('Origin',(-26.9999999999999,-87.7250000000001,0.4));
#15961=CARTESIAN_POINT('',(-27.3999999999999,-44.5500000000001,0.8));
#15962=CARTESIAN_POINT('',(-27.3999999999999,-44.5500000000001,0.8));
#15963=CARTESIAN_POINT('',(-27.3999999999999,-87.7250000000001,0.8));
#15964=CARTESIAN_POINT('Origin',(-29.9999999999999,-44.5500000000001,0.4));
#15965=CARTESIAN_POINT('Origin',(-29.9999999999999,-44.5500000000001,0.8));
#15966=CARTESIAN_POINT('Origin',(-29.9999999999999,-55.4500000000001,0.));
#15967=CARTESIAN_POINT('',(-32.5999999999999,-55.4500000000001,4.2));
#15968=CARTESIAN_POINT('',(-32.5999999999999,-55.4500000000001,0.));
#15969=CARTESIAN_POINT('',(-27.3999999999999,-55.4500000000001,4.2));
#15970=CARTESIAN_POINT('Origin',(-29.9999999999999,-55.4500000000001,4.2));
#15971=CARTESIAN_POINT('',(-27.3999999999999,-55.4500000000001,0.));
#15972=CARTESIAN_POINT('Origin',(-32.5999999999999,-44.5500000000001,0.));
#15973=CARTESIAN_POINT('',(-32.5999999999999,-44.5500000000001,4.2));
#15974=CARTESIAN_POINT('',(-32.5999999999999,-44.5500000000001,0.));
#15975=CARTESIAN_POINT('',(-32.5999999999999,-82.2750000000001,4.2));
#15976=CARTESIAN_POINT('Origin',(-29.9999999999999,-55.4500000000001,4.6));
#15977=CARTESIAN_POINT('',(-32.5999999999999,-55.4500000000001,4.2));
#15978=CARTESIAN_POINT('',(-26.5999999999999,-55.4500000000001,5.));
#15979=CARTESIAN_POINT('Origin',(-32.9999999999999,-82.2750000000001,4.6));
#15980=CARTESIAN_POINT('',(-32.5999999999999,-44.5500000000001,4.2));
#15981=CARTESIAN_POINT('Origin',(-29.9999999999999,-44.5500000000001,4.6));
#15982=CARTESIAN_POINT('',(-27.3999999999999,-44.5500000000001,4.2));
#15983=CARTESIAN_POINT('',(-27.3999999999999,-44.5500000000001,4.2));
#15984=CARTESIAN_POINT('Origin',(-29.9999999999999,-44.5500000000001,4.2));
#15985=CARTESIAN_POINT('Origin',(-26.9999999999999,-87.7250000000001,4.6));
#15986=CARTESIAN_POINT('',(-27.3999999999999,-87.7250000000001,4.2));
#15987=CARTESIAN_POINT('Origin',(-27.3999999999999,-55.4500000000001,0.));
#15988=CARTESIAN_POINT('',(-27.3999999999999,-44.5500000000001,0.));
#15989=CARTESIAN_POINT('Origin',(-29.9999999999999,-44.5500000000001,0.));
#15990=CARTESIAN_POINT('Origin',(7.00000000000014,-82.2750000000001,0.4));
#15991=CARTESIAN_POINT('',(7.40000000000014,-55.4500000000001,0.8));
#15992=CARTESIAN_POINT('',(7.40000000000014,-55.4500000000001,0.8));
#15993=CARTESIAN_POINT('',(7.40000000000014,-44.5500000000001,0.8));
#15994=CARTESIAN_POINT('',(6.60000000000014,-44.5500000000001,0.));
#15995=CARTESIAN_POINT('',(7.40000000000014,-82.2750000000001,0.8));
#15996=CARTESIAN_POINT('Origin',(10.0000000000001,-55.4500000000001,0.4));
#15997=CARTESIAN_POINT('',(12.6000000000001,-55.4500000000001,0.8));
#15998=CARTESIAN_POINT('',(12.6000000000001,-55.4500000000001,0.8));
#15999=CARTESIAN_POINT('Origin',(10.0000000000001,-55.4500000000001,0.8));
#16000=CARTESIAN_POINT('Origin',(13.0000000000001,-87.7250000000001,0.4));
#16001=CARTESIAN_POINT('',(12.6000000000001,-44.5500000000001,0.8));
#16002=CARTESIAN_POINT('',(12.6000000000001,-44.5500000000001,0.8));
#16003=CARTESIAN_POINT('',(12.6000000000001,-87.7250000000001,0.8));
#16004=CARTESIAN_POINT('Origin',(10.0000000000001,-44.5500000000001,0.4));
#16005=CARTESIAN_POINT('Origin',(10.0000000000001,-44.5500000000001,0.8));
#16006=CARTESIAN_POINT('Origin',(10.0000000000001,-55.4500000000001,0.));
#16007=CARTESIAN_POINT('',(7.40000000000014,-55.4500000000001,4.2));
#16008=CARTESIAN_POINT('',(7.40000000000014,-55.4500000000001,0.));
#16009=CARTESIAN_POINT('',(12.6000000000001,-55.4500000000001,4.2));
#16010=CARTESIAN_POINT('Origin',(10.0000000000001,-55.4500000000001,4.2));
#16011=CARTESIAN_POINT('',(12.6000000000001,-55.4500000000001,0.));
#16012=CARTESIAN_POINT('Origin',(7.40000000000014,-44.5500000000001,0.));
#16013=CARTESIAN_POINT('',(7.40000000000014,-44.5500000000001,4.2));
#16014=CARTESIAN_POINT('',(7.40000000000014,-44.5500000000001,0.));
#16015=CARTESIAN_POINT('',(7.40000000000014,-82.2750000000001,4.2));
#16016=CARTESIAN_POINT('Origin',(10.0000000000001,-55.4500000000001,4.6));
#16017=CARTESIAN_POINT('',(7.40000000000014,-55.4500000000001,4.2));
#16018=CARTESIAN_POINT('',(13.4000000000001,-55.4500000000001,5.));
#16019=CARTESIAN_POINT('Origin',(7.00000000000014,-82.2750000000001,4.6));
#16020=CARTESIAN_POINT('',(7.40000000000014,-44.5500000000001,4.2));
#16021=CARTESIAN_POINT('Origin',(10.0000000000001,-44.5500000000001,4.6));
#16022=CARTESIAN_POINT('',(12.6000000000001,-44.5500000000001,4.2));
#16023=CARTESIAN_POINT('',(12.6000000000001,-44.5500000000001,4.2));
#16024=CARTESIAN_POINT('Origin',(10.0000000000001,-44.5500000000001,4.2));
#16025=CARTESIAN_POINT('Origin',(13.0000000000001,-87.7250000000001,4.6));
#16026=CARTESIAN_POINT('',(12.6000000000001,-87.7250000000001,4.2));
#16027=CARTESIAN_POINT('Origin',(12.6000000000001,-55.4500000000001,0.));
#16028=CARTESIAN_POINT('',(12.6000000000001,-44.5500000000001,0.));
#16029=CARTESIAN_POINT('Origin',(10.0000000000001,-44.5500000000001,0.));
#16030=CARTESIAN_POINT('Origin',(47.0000000000001,-82.2750000000001,0.4));
#16031=CARTESIAN_POINT('',(47.4000000000001,-55.4500000000001,0.8));
#16032=CARTESIAN_POINT('',(47.4000000000001,-55.4500000000001,0.8));
#16033=CARTESIAN_POINT('',(47.4000000000001,-44.5500000000001,0.8));
#16034=CARTESIAN_POINT('',(46.6000000000001,-44.5500000000001,0.));
#16035=CARTESIAN_POINT('',(47.4000000000001,-82.2750000000001,0.8));
#16036=CARTESIAN_POINT('Origin',(50.0000000000001,-55.4500000000001,0.4));
#16037=CARTESIAN_POINT('',(52.6000000000001,-55.4500000000001,0.8));
#16038=CARTESIAN_POINT('',(52.6000000000001,-55.4500000000001,0.8));
#16039=CARTESIAN_POINT('Origin',(50.0000000000001,-55.4500000000001,0.8));
#16040=CARTESIAN_POINT('Origin',(53.0000000000001,-87.7250000000001,0.4));
#16041=CARTESIAN_POINT('',(52.6000000000001,-44.5500000000001,0.8));
#16042=CARTESIAN_POINT('',(52.6000000000001,-44.5500000000001,0.8));
#16043=CARTESIAN_POINT('',(52.6000000000001,-87.7250000000001,0.8));
#16044=CARTESIAN_POINT('Origin',(50.0000000000001,-44.5500000000001,0.4));
#16045=CARTESIAN_POINT('Origin',(50.0000000000001,-44.5500000000001,0.8));
#16046=CARTESIAN_POINT('Origin',(50.0000000000001,-55.4500000000001,0.));
#16047=CARTESIAN_POINT('',(47.4000000000001,-55.4500000000001,4.2));
#16048=CARTESIAN_POINT('',(47.4000000000001,-55.4500000000001,0.));
#16049=CARTESIAN_POINT('',(52.6000000000001,-55.4500000000001,4.2));
#16050=CARTESIAN_POINT('Origin',(50.0000000000001,-55.4500000000001,4.2));
#16051=CARTESIAN_POINT('',(52.6000000000001,-55.4500000000001,0.));
#16052=CARTESIAN_POINT('Origin',(47.4000000000001,-44.5500000000001,0.));
#16053=CARTESIAN_POINT('',(47.4000000000001,-44.5500000000001,4.2));
#16054=CARTESIAN_POINT('',(47.4000000000001,-44.5500000000001,0.));
#16055=CARTESIAN_POINT('',(47.4000000000001,-82.2750000000001,4.2));
#16056=CARTESIAN_POINT('Origin',(50.0000000000001,-55.4500000000001,4.6));
#16057=CARTESIAN_POINT('',(47.4000000000001,-55.4500000000001,4.2));
#16058=CARTESIAN_POINT('',(53.4000000000001,-55.4500000000001,5.));
#16059=CARTESIAN_POINT('Origin',(47.0000000000001,-82.2750000000001,4.6));
#16060=CARTESIAN_POINT('',(47.4000000000001,-44.5500000000001,4.2));
#16061=CARTESIAN_POINT('Origin',(50.0000000000001,-44.5500000000001,4.6));
#16062=CARTESIAN_POINT('',(52.6000000000001,-44.5500000000001,4.2));
#16063=CARTESIAN_POINT('',(52.6000000000001,-44.5500000000001,4.2));
#16064=CARTESIAN_POINT('Origin',(50.0000000000001,-44.5500000000001,4.2));
#16065=CARTESIAN_POINT('Origin',(53.0000000000001,-87.7250000000001,4.6));
#16066=CARTESIAN_POINT('',(52.6000000000001,-87.7250000000001,4.2));
#16067=CARTESIAN_POINT('Origin',(52.6000000000001,-55.4500000000001,0.));
#16068=CARTESIAN_POINT('',(52.6000000000001,-44.5500000000001,0.));
#16069=CARTESIAN_POINT('Origin',(50.0000000000001,-44.5500000000001,0.));
#16070=CARTESIAN_POINT('Origin',(-6.99999999999986,22.2749999999999,4.6));
#16071=CARTESIAN_POINT('',(-7.39999999999986,44.5499999999999,4.2));
#16072=CARTESIAN_POINT('',(-7.39999999999986,44.5499999999999,4.2));
#16073=CARTESIAN_POINT('',(-7.39999999999986,55.4499999999999,4.2));
#16074=CARTESIAN_POINT('',(-6.59999999999986,55.4499999999999,5.));
#16075=CARTESIAN_POINT('',(-7.39999999999986,22.2749999999999,4.2));
#16076=CARTESIAN_POINT('Origin',(-9.99999999999986,44.5499999999999,4.6));
#16077=CARTESIAN_POINT('',(-12.5999999999999,44.5499999999999,4.2));
#16078=CARTESIAN_POINT('',(-12.5999999999999,44.5499999999999,4.2));
#16079=CARTESIAN_POINT('Origin',(-9.99999999999986,44.5499999999999,4.2));
#16080=CARTESIAN_POINT('Origin',(-12.9999999999999,27.7249999999999,4.6));
#16081=CARTESIAN_POINT('',(-12.5999999999999,55.4499999999999,4.2));
#16082=CARTESIAN_POINT('',(-12.5999999999999,55.4499999999999,4.2));
#16083=CARTESIAN_POINT('',(-12.5999999999999,27.7249999999999,4.2));
#16084=CARTESIAN_POINT('Origin',(-9.99999999999986,55.4499999999999,4.6));
#16085=CARTESIAN_POINT('Origin',(-9.99999999999986,55.4499999999999,4.2));
#16086=CARTESIAN_POINT('Origin',(-9.99999999999986,44.5499999999999,0.));
#16087=CARTESIAN_POINT('',(-7.39999999999986,44.5499999999999,0.8));
#16088=CARTESIAN_POINT('',(-7.39999999999986,44.5499999999999,0.));
#16089=CARTESIAN_POINT('',(-12.5999999999999,44.5499999999999,0.8));
#16090=CARTESIAN_POINT('Origin',(-9.99999999999986,44.5499999999999,0.8));
#16091=CARTESIAN_POINT('',(-12.5999999999999,44.5499999999999,0.));
#16092=CARTESIAN_POINT('Origin',(-7.39999999999986,44.5499999999999,0.));
#16093=CARTESIAN_POINT('',(-7.39999999999986,55.4499999999999,0.8));
#16094=CARTESIAN_POINT('',(-7.39999999999986,55.4499999999999,0.));
#16095=CARTESIAN_POINT('',(-7.39999999999986,22.2749999999999,0.8));
#16096=CARTESIAN_POINT('Origin',(-12.9999999999999,27.7249999999999,0.4));
#16097=CARTESIAN_POINT('',(-12.5999999999999,44.5499999999999,0.8));
#16098=CARTESIAN_POINT('',(-12.5999999999999,55.4499999999999,0.8));
#16099=CARTESIAN_POINT('',(-13.3999999999999,55.4499999999999,0.));
#16100=CARTESIAN_POINT('',(-12.5999999999999,27.7249999999999,0.8));
#16101=CARTESIAN_POINT('Origin',(-9.99999999999986,44.5499999999999,0.4));
#16102=CARTESIAN_POINT('',(-7.39999999999986,44.5499999999999,0.8));
#16103=CARTESIAN_POINT('Origin',(-6.99999999999986,22.2749999999999,0.4));
#16104=CARTESIAN_POINT('',(-7.39999999999986,55.4499999999999,0.8));
#16105=CARTESIAN_POINT('Origin',(-9.99999999999986,55.4499999999999,0.4));
#16106=CARTESIAN_POINT('Origin',(-9.99999999999986,55.4499999999999,0.8));
#16107=CARTESIAN_POINT('Origin',(-12.5999999999999,55.4499999999999,0.));
#16108=CARTESIAN_POINT('',(-12.5999999999999,55.4499999999999,0.));
#16109=CARTESIAN_POINT('Origin',(-9.99999999999986,55.4499999999999,0.));
#16110=CARTESIAN_POINT('Origin',(33.0000000000001,22.2749999999999,4.6));
#16111=CARTESIAN_POINT('',(32.6000000000001,44.5499999999999,4.2));
#16112=CARTESIAN_POINT('',(32.6000000000001,44.5499999999999,4.2));
#16113=CARTESIAN_POINT('',(32.6000000000001,55.4499999999999,4.2));
#16114=CARTESIAN_POINT('',(33.4000000000001,55.4499999999999,5.));
#16115=CARTESIAN_POINT('',(32.6000000000001,22.2749999999999,4.2));
#16116=CARTESIAN_POINT('Origin',(30.0000000000001,44.5499999999999,4.6));
#16117=CARTESIAN_POINT('',(27.4000000000001,44.5499999999999,4.2));
#16118=CARTESIAN_POINT('',(27.4000000000001,44.5499999999999,4.2));
#16119=CARTESIAN_POINT('Origin',(30.0000000000001,44.5499999999999,4.2));
#16120=CARTESIAN_POINT('Origin',(27.0000000000001,27.7249999999999,4.6));
#16121=CARTESIAN_POINT('',(27.4000000000001,55.4499999999999,4.2));
#16122=CARTESIAN_POINT('',(27.4000000000001,55.4499999999999,4.2));
#16123=CARTESIAN_POINT('',(27.4000000000001,27.7249999999999,4.2));
#16124=CARTESIAN_POINT('Origin',(30.0000000000001,55.4499999999999,4.6));
#16125=CARTESIAN_POINT('Origin',(30.0000000000001,55.4499999999999,4.2));
#16126=CARTESIAN_POINT('Origin',(30.0000000000001,44.5499999999999,0.));
#16127=CARTESIAN_POINT('',(32.6000000000001,44.5499999999999,0.8));
#16128=CARTESIAN_POINT('',(32.6000000000001,44.5499999999999,0.));
#16129=CARTESIAN_POINT('',(27.4000000000001,44.5499999999999,0.8));
#16130=CARTESIAN_POINT('Origin',(30.0000000000001,44.5499999999999,0.8));
#16131=CARTESIAN_POINT('',(27.4000000000001,44.5499999999999,0.));
#16132=CARTESIAN_POINT('Origin',(32.6000000000001,44.5499999999999,0.));
#16133=CARTESIAN_POINT('',(32.6000000000001,55.4499999999999,0.8));
#16134=CARTESIAN_POINT('',(32.6000000000001,55.4499999999999,0.));
#16135=CARTESIAN_POINT('',(32.6000000000001,22.2749999999999,0.8));
#16136=CARTESIAN_POINT('Origin',(27.0000000000001,27.7249999999999,0.4));
#16137=CARTESIAN_POINT('',(27.4000000000001,44.5499999999999,0.8));
#16138=CARTESIAN_POINT('',(27.4000000000001,55.4499999999999,0.8));
#16139=CARTESIAN_POINT('',(26.6000000000001,55.4499999999999,0.));
#16140=CARTESIAN_POINT('',(27.4000000000001,27.7249999999999,0.8));
#16141=CARTESIAN_POINT('Origin',(30.0000000000001,44.5499999999999,0.4));
#16142=CARTESIAN_POINT('',(32.6000000000001,44.5499999999999,0.8));
#16143=CARTESIAN_POINT('Origin',(33.0000000000001,22.2749999999999,0.4));
#16144=CARTESIAN_POINT('',(32.6000000000001,55.4499999999999,0.8));
#16145=CARTESIAN_POINT('Origin',(30.0000000000001,55.4499999999999,0.4));
#16146=CARTESIAN_POINT('Origin',(30.0000000000001,55.4499999999999,0.8));
#16147=CARTESIAN_POINT('Origin',(27.4000000000001,55.4499999999999,0.));
#16148=CARTESIAN_POINT('',(27.4000000000001,55.4499999999999,0.));
#16149=CARTESIAN_POINT('Origin',(30.0000000000001,55.4499999999999,0.));
#16150=CARTESIAN_POINT('Origin',(73.0000000000001,22.2749999999999,4.6));
#16151=CARTESIAN_POINT('',(72.6000000000001,44.5499999999999,4.2));
#16152=CARTESIAN_POINT('',(72.6000000000001,44.5499999999999,4.2));
#16153=CARTESIAN_POINT('',(72.6000000000001,55.4499999999999,4.2));
#16154=CARTESIAN_POINT('',(73.4000000000001,55.4499999999999,5.));
#16155=CARTESIAN_POINT('',(72.6000000000001,22.2749999999999,4.2));
#16156=CARTESIAN_POINT('Origin',(70.0000000000001,44.5499999999999,4.6));
#16157=CARTESIAN_POINT('',(67.4000000000001,44.5499999999999,4.2));
#16158=CARTESIAN_POINT('',(67.4000000000001,44.5499999999999,4.2));
#16159=CARTESIAN_POINT('Origin',(70.0000000000001,44.5499999999999,4.2));
#16160=CARTESIAN_POINT('Origin',(67.0000000000001,27.7249999999999,4.6));
#16161=CARTESIAN_POINT('',(67.4000000000001,55.4499999999999,4.2));
#16162=CARTESIAN_POINT('',(67.4000000000001,55.4499999999999,4.2));
#16163=CARTESIAN_POINT('',(67.4000000000001,27.7249999999999,4.2));
#16164=CARTESIAN_POINT('Origin',(70.0000000000001,55.4499999999999,4.6));
#16165=CARTESIAN_POINT('Origin',(70.0000000000001,55.4499999999999,4.2));
#16166=CARTESIAN_POINT('Origin',(70.0000000000001,44.5499999999999,0.));
#16167=CARTESIAN_POINT('',(72.6000000000001,44.5499999999999,0.8));
#16168=CARTESIAN_POINT('',(72.6000000000001,44.5499999999999,0.));
#16169=CARTESIAN_POINT('',(67.4000000000001,44.5499999999999,0.8));
#16170=CARTESIAN_POINT('Origin',(70.0000000000001,44.5499999999999,0.8));
#16171=CARTESIAN_POINT('',(67.4000000000001,44.5499999999999,0.));
#16172=CARTESIAN_POINT('Origin',(72.6000000000001,44.5499999999999,0.));
#16173=CARTESIAN_POINT('',(72.6000000000001,55.4499999999999,0.8));
#16174=CARTESIAN_POINT('',(72.6000000000001,55.4499999999999,0.));
#16175=CARTESIAN_POINT('',(72.6000000000001,22.2749999999999,0.8));
#16176=CARTESIAN_POINT('Origin',(67.0000000000001,27.7249999999999,0.4));
#16177=CARTESIAN_POINT('',(67.4000000000001,44.5499999999999,0.8));
#16178=CARTESIAN_POINT('',(67.4000000000001,55.4499999999999,0.8));
#16179=CARTESIAN_POINT('',(66.6000000000001,55.4499999999999,0.));
#16180=CARTESIAN_POINT('',(67.4000000000001,27.7249999999999,0.8));
#16181=CARTESIAN_POINT('Origin',(70.0000000000001,44.5499999999999,0.4));
#16182=CARTESIAN_POINT('',(72.6000000000001,44.5499999999999,0.8));
#16183=CARTESIAN_POINT('Origin',(73.0000000000001,22.2749999999999,0.4));
#16184=CARTESIAN_POINT('',(72.6000000000001,55.4499999999999,0.8));
#16185=CARTESIAN_POINT('Origin',(70.0000000000001,55.4499999999999,0.4));
#16186=CARTESIAN_POINT('Origin',(70.0000000000001,55.4499999999999,0.8));
#16187=CARTESIAN_POINT('Origin',(67.4000000000001,55.4499999999999,0.));
#16188=CARTESIAN_POINT('',(67.4000000000001,55.4499999999999,0.));
#16189=CARTESIAN_POINT('Origin',(70.0000000000001,55.4499999999999,0.));
#16190=CARTESIAN_POINT('Origin',(-46.9999999999999,-17.7250000000001,4.6));
#16191=CARTESIAN_POINT('',(-47.3999999999999,4.54999999999993,4.2));
#16192=CARTESIAN_POINT('',(-47.3999999999999,4.54999999999993,4.2));
#16193=CARTESIAN_POINT('',(-47.3999999999999,15.4499999999999,4.2));
#16194=CARTESIAN_POINT('',(-46.5999999999999,15.4499999999999,5.));
#16195=CARTESIAN_POINT('',(-47.3999999999999,-17.7250000000001,4.2));
#16196=CARTESIAN_POINT('Origin',(-49.9999999999999,4.54999999999993,4.6));
#16197=CARTESIAN_POINT('',(-52.5999999999999,4.54999999999993,4.2));
#16198=CARTESIAN_POINT('',(-52.5999999999999,4.54999999999993,4.2));
#16199=CARTESIAN_POINT('Origin',(-49.9999999999999,4.54999999999993,4.2));
#16200=CARTESIAN_POINT('Origin',(-52.9999999999999,-12.2750000000001,4.6));
#16201=CARTESIAN_POINT('',(-52.5999999999999,15.4499999999999,4.2));
#16202=CARTESIAN_POINT('',(-52.5999999999999,15.4499999999999,4.2));
#16203=CARTESIAN_POINT('',(-52.5999999999999,-12.2750000000001,4.2));
#16204=CARTESIAN_POINT('Origin',(-49.9999999999999,15.4499999999999,4.6));
#16205=CARTESIAN_POINT('Origin',(-49.9999999999999,15.4499999999999,4.2));
#16206=CARTESIAN_POINT('Origin',(-49.9999999999999,4.54999999999993,0.));
#16207=CARTESIAN_POINT('',(-47.3999999999999,4.54999999999993,0.8));
#16208=CARTESIAN_POINT('',(-47.3999999999999,4.54999999999993,0.));
#16209=CARTESIAN_POINT('',(-52.5999999999999,4.54999999999993,0.8));
#16210=CARTESIAN_POINT('Origin',(-49.9999999999999,4.54999999999993,0.8));
#16211=CARTESIAN_POINT('',(-52.5999999999999,4.54999999999993,0.));
#16212=CARTESIAN_POINT('Origin',(-47.3999999999999,4.54999999999993,0.));
#16213=CARTESIAN_POINT('',(-47.3999999999999,15.4499999999999,0.8));
#16214=CARTESIAN_POINT('',(-47.3999999999999,15.4499999999999,0.));
#16215=CARTESIAN_POINT('',(-47.3999999999999,-17.7250000000001,0.8));
#16216=CARTESIAN_POINT('Origin',(-52.9999999999999,-12.2750000000001,0.4));
#16217=CARTESIAN_POINT('',(-52.5999999999999,4.54999999999993,0.8));
#16218=CARTESIAN_POINT('',(-52.5999999999999,15.4499999999999,0.8));
#16219=CARTESIAN_POINT('',(-53.3999999999999,15.4499999999999,0.));
#16220=CARTESIAN_POINT('',(-52.5999999999999,-12.2750000000001,0.8));
#16221=CARTESIAN_POINT('Origin',(-49.9999999999999,4.54999999999993,0.4));
#16222=CARTESIAN_POINT('',(-47.3999999999999,4.54999999999993,0.8));
#16223=CARTESIAN_POINT('Origin',(-46.9999999999999,-17.7250000000001,0.4));
#16224=CARTESIAN_POINT('',(-47.3999999999999,15.4499999999999,0.8));
#16225=CARTESIAN_POINT('Origin',(-49.9999999999999,15.4499999999999,0.4));
#16226=CARTESIAN_POINT('Origin',(-49.9999999999999,15.4499999999999,0.8));
#16227=CARTESIAN_POINT('Origin',(-52.5999999999999,15.4499999999999,0.));
#16228=CARTESIAN_POINT('',(-52.5999999999999,15.4499999999999,0.));
#16229=CARTESIAN_POINT('Origin',(-49.9999999999999,15.4499999999999,0.));
#16230=CARTESIAN_POINT('Origin',(-6.99999999999986,-17.7250000000001,4.6));
#16231=CARTESIAN_POINT('',(-7.39999999999986,4.54999999999993,4.2));
#16232=CARTESIAN_POINT('',(-7.39999999999986,4.54999999999993,4.2));
#16233=CARTESIAN_POINT('',(-7.39999999999986,15.4499999999999,4.2));
#16234=CARTESIAN_POINT('',(-6.59999999999986,15.4499999999999,5.));
#16235=CARTESIAN_POINT('',(-7.39999999999986,-17.7250000000001,4.2));
#16236=CARTESIAN_POINT('Origin',(-9.99999999999986,4.54999999999993,4.6));
#16237=CARTESIAN_POINT('',(-12.5999999999999,4.54999999999993,4.2));
#16238=CARTESIAN_POINT('',(-12.5999999999999,4.54999999999993,4.2));
#16239=CARTESIAN_POINT('Origin',(-9.99999999999986,4.54999999999993,4.2));
#16240=CARTESIAN_POINT('Origin',(-12.9999999999999,-12.2750000000001,4.6));
#16241=CARTESIAN_POINT('',(-12.5999999999999,15.4499999999999,4.2));
#16242=CARTESIAN_POINT('',(-12.5999999999999,15.4499999999999,4.2));
#16243=CARTESIAN_POINT('',(-12.5999999999999,-12.2750000000001,4.2));
#16244=CARTESIAN_POINT('Origin',(-9.99999999999986,15.4499999999999,4.6));
#16245=CARTESIAN_POINT('Origin',(-9.99999999999986,15.4499999999999,4.2));
#16246=CARTESIAN_POINT('Origin',(-9.99999999999986,4.54999999999993,0.));
#16247=CARTESIAN_POINT('',(-7.39999999999986,4.54999999999993,0.8));
#16248=CARTESIAN_POINT('',(-7.39999999999986,4.54999999999993,0.));
#16249=CARTESIAN_POINT('',(-12.5999999999999,4.54999999999993,0.8));
#16250=CARTESIAN_POINT('Origin',(-9.99999999999986,4.54999999999993,0.8));
#16251=CARTESIAN_POINT('',(-12.5999999999999,4.54999999999993,0.));
#16252=CARTESIAN_POINT('Origin',(-7.39999999999986,4.54999999999993,0.));
#16253=CARTESIAN_POINT('',(-7.39999999999986,15.4499999999999,0.8));
#16254=CARTESIAN_POINT('',(-7.39999999999986,15.4499999999999,0.));
#16255=CARTESIAN_POINT('',(-7.39999999999986,-17.7250000000001,0.8));
#16256=CARTESIAN_POINT('Origin',(-12.9999999999999,-12.2750000000001,0.4));
#16257=CARTESIAN_POINT('',(-12.5999999999999,4.54999999999993,0.8));
#16258=CARTESIAN_POINT('',(-12.5999999999999,15.4499999999999,0.8));
#16259=CARTESIAN_POINT('',(-13.3999999999999,15.4499999999999,0.));
#16260=CARTESIAN_POINT('',(-12.5999999999999,-12.2750000000001,0.8));
#16261=CARTESIAN_POINT('Origin',(-9.99999999999986,4.54999999999993,0.4));
#16262=CARTESIAN_POINT('',(-7.39999999999986,4.54999999999993,0.8));
#16263=CARTESIAN_POINT('Origin',(-6.99999999999986,-17.7250000000001,0.4));
#16264=CARTESIAN_POINT('',(-7.39999999999986,15.4499999999999,0.8));
#16265=CARTESIAN_POINT('Origin',(-9.99999999999986,15.4499999999999,0.4));
#16266=CARTESIAN_POINT('Origin',(-9.99999999999986,15.4499999999999,0.8));
#16267=CARTESIAN_POINT('Origin',(-12.5999999999999,15.4499999999999,0.));
#16268=CARTESIAN_POINT('',(-12.5999999999999,15.4499999999999,0.));
#16269=CARTESIAN_POINT('Origin',(-9.99999999999986,15.4499999999999,0.));
#16270=CARTESIAN_POINT('Origin',(33.0000000000001,-17.7250000000001,4.6));
#16271=CARTESIAN_POINT('',(32.6000000000001,4.54999999999993,4.2));
#16272=CARTESIAN_POINT('',(32.6000000000001,4.54999999999993,4.2));
#16273=CARTESIAN_POINT('',(32.6000000000001,15.4499999999999,4.2));
#16274=CARTESIAN_POINT('',(33.4000000000001,15.4499999999999,5.));
#16275=CARTESIAN_POINT('',(32.6000000000001,-17.7250000000001,4.2));
#16276=CARTESIAN_POINT('Origin',(30.0000000000001,4.54999999999993,4.6));
#16277=CARTESIAN_POINT('',(27.4000000000001,4.54999999999993,4.2));
#16278=CARTESIAN_POINT('',(27.4000000000001,4.54999999999993,4.2));
#16279=CARTESIAN_POINT('Origin',(30.0000000000001,4.54999999999993,4.2));
#16280=CARTESIAN_POINT('Origin',(27.0000000000001,-12.2750000000001,4.6));
#16281=CARTESIAN_POINT('',(27.4000000000001,15.4499999999999,4.2));
#16282=CARTESIAN_POINT('',(27.4000000000001,15.4499999999999,4.2));
#16283=CARTESIAN_POINT('',(27.4000000000001,-12.2750000000001,4.2));
#16284=CARTESIAN_POINT('Origin',(30.0000000000001,15.4499999999999,4.6));
#16285=CARTESIAN_POINT('Origin',(30.0000000000001,15.4499999999999,4.2));
#16286=CARTESIAN_POINT('Origin',(30.0000000000001,4.54999999999993,0.));
#16287=CARTESIAN_POINT('',(32.6000000000001,4.54999999999993,0.8));
#16288=CARTESIAN_POINT('',(32.6000000000001,4.54999999999993,0.));
#16289=CARTESIAN_POINT('',(27.4000000000001,4.54999999999993,0.8));
#16290=CARTESIAN_POINT('Origin',(30.0000000000001,4.54999999999993,0.8));
#16291=CARTESIAN_POINT('',(27.4000000000001,4.54999999999993,0.));
#16292=CARTESIAN_POINT('Origin',(32.6000000000001,4.54999999999993,0.));
#16293=CARTESIAN_POINT('',(32.6000000000001,15.4499999999999,0.8));
#16294=CARTESIAN_POINT('',(32.6000000000001,15.4499999999999,0.));
#16295=CARTESIAN_POINT('',(32.6000000000001,-17.7250000000001,0.8));
#16296=CARTESIAN_POINT('Origin',(27.0000000000001,-12.2750000000001,0.4));
#16297=CARTESIAN_POINT('',(27.4000000000001,4.54999999999993,0.8));
#16298=CARTESIAN_POINT('',(27.4000000000001,15.4499999999999,0.8));
#16299=CARTESIAN_POINT('',(26.6000000000001,15.4499999999999,0.));
#16300=CARTESIAN_POINT('',(27.4000000000001,-12.2750000000001,0.8));
#16301=CARTESIAN_POINT('Origin',(30.0000000000001,4.54999999999993,0.4));
#16302=CARTESIAN_POINT('',(32.6000000000001,4.54999999999993,0.8));
#16303=CARTESIAN_POINT('Origin',(33.0000000000001,-17.7250000000001,0.4));
#16304=CARTESIAN_POINT('',(32.6000000000001,15.4499999999999,0.8));
#16305=CARTESIAN_POINT('Origin',(30.0000000000001,15.4499999999999,0.4));
#16306=CARTESIAN_POINT('Origin',(30.0000000000001,15.4499999999999,0.8));
#16307=CARTESIAN_POINT('Origin',(27.4000000000001,15.4499999999999,0.));
#16308=CARTESIAN_POINT('',(27.4000000000001,15.4499999999999,0.));
#16309=CARTESIAN_POINT('Origin',(30.0000000000001,15.4499999999999,0.));
#16310=CARTESIAN_POINT('Origin',(73.0000000000001,-17.7250000000001,4.6));
#16311=CARTESIAN_POINT('',(72.6000000000001,4.54999999999993,4.2));
#16312=CARTESIAN_POINT('',(72.6000000000001,4.54999999999993,4.2));
#16313=CARTESIAN_POINT('',(72.6000000000001,15.4499999999999,4.2));
#16314=CARTESIAN_POINT('',(73.4000000000001,15.4499999999999,5.));
#16315=CARTESIAN_POINT('',(72.6000000000001,-17.7250000000001,4.2));
#16316=CARTESIAN_POINT('Origin',(70.0000000000001,4.54999999999993,4.6));
#16317=CARTESIAN_POINT('',(67.4000000000001,4.54999999999993,4.2));
#16318=CARTESIAN_POINT('',(67.4000000000001,4.54999999999993,4.2));
#16319=CARTESIAN_POINT('Origin',(70.0000000000001,4.54999999999993,4.2));
#16320=CARTESIAN_POINT('Origin',(67.0000000000001,-12.2750000000001,4.6));
#16321=CARTESIAN_POINT('',(67.4000000000001,15.4499999999999,4.2));
#16322=CARTESIAN_POINT('',(67.4000000000001,15.4499999999999,4.2));
#16323=CARTESIAN_POINT('',(67.4000000000001,-12.2750000000001,4.2));
#16324=CARTESIAN_POINT('Origin',(70.0000000000001,15.4499999999999,4.6));
#16325=CARTESIAN_POINT('Origin',(70.0000000000001,15.4499999999999,4.2));
#16326=CARTESIAN_POINT('Origin',(70.0000000000001,4.54999999999993,0.));
#16327=CARTESIAN_POINT('',(72.6000000000001,4.54999999999993,0.8));
#16328=CARTESIAN_POINT('',(72.6000000000001,4.54999999999993,0.));
#16329=CARTESIAN_POINT('',(67.4000000000001,4.54999999999993,0.8));
#16330=CARTESIAN_POINT('Origin',(70.0000000000001,4.54999999999993,0.8));
#16331=CARTESIAN_POINT('',(67.4000000000001,4.54999999999993,0.));
#16332=CARTESIAN_POINT('Origin',(72.6000000000001,4.54999999999993,0.));
#16333=CARTESIAN_POINT('',(72.6000000000001,15.4499999999999,0.8));
#16334=CARTESIAN_POINT('',(72.6000000000001,15.4499999999999,0.));
#16335=CARTESIAN_POINT('',(72.6000000000001,-17.7250000000001,0.8));
#16336=CARTESIAN_POINT('Origin',(67.0000000000001,-12.2750000000001,0.4));
#16337=CARTESIAN_POINT('',(67.4000000000001,4.54999999999993,0.8));
#16338=CARTESIAN_POINT('',(67.4000000000001,15.4499999999999,0.8));
#16339=CARTESIAN_POINT('',(66.6000000000001,15.4499999999999,0.));
#16340=CARTESIAN_POINT('',(67.4000000000001,-12.2750000000001,0.8));
#16341=CARTESIAN_POINT('Origin',(70.0000000000001,4.54999999999993,0.4));
#16342=CARTESIAN_POINT('',(72.6000000000001,4.54999999999993,0.8));
#16343=CARTESIAN_POINT('Origin',(73.0000000000001,-17.7250000000001,0.4));
#16344=CARTESIAN_POINT('',(72.6000000000001,15.4499999999999,0.8));
#16345=CARTESIAN_POINT('Origin',(70.0000000000001,15.4499999999999,0.4));
#16346=CARTESIAN_POINT('Origin',(70.0000000000001,15.4499999999999,0.8));
#16347=CARTESIAN_POINT('Origin',(67.4000000000001,15.4499999999999,0.));
#16348=CARTESIAN_POINT('',(67.4000000000001,15.4499999999999,0.));
#16349=CARTESIAN_POINT('Origin',(70.0000000000001,15.4499999999999,0.));
#16350=CARTESIAN_POINT('Origin',(-46.9999999999999,-57.7250000000001,4.6));
#16351=CARTESIAN_POINT('',(-47.3999999999999,-35.4500000000001,4.2));
#16352=CARTESIAN_POINT('',(-47.3999999999999,-35.4500000000001,4.2));
#16353=CARTESIAN_POINT('',(-47.3999999999999,-24.5500000000001,4.2));
#16354=CARTESIAN_POINT('',(-46.5999999999999,-24.5500000000001,5.));
#16355=CARTESIAN_POINT('',(-47.3999999999999,-57.7250000000001,4.2));
#16356=CARTESIAN_POINT('Origin',(-49.9999999999999,-35.4500000000001,4.6));
#16357=CARTESIAN_POINT('',(-52.5999999999999,-35.4500000000001,4.2));
#16358=CARTESIAN_POINT('',(-52.5999999999999,-35.4500000000001,4.2));
#16359=CARTESIAN_POINT('Origin',(-49.9999999999999,-35.4500000000001,4.2));
#16360=CARTESIAN_POINT('Origin',(-52.9999999999999,-52.2750000000001,4.6));
#16361=CARTESIAN_POINT('',(-52.5999999999999,-24.5500000000001,4.2));
#16362=CARTESIAN_POINT('',(-52.5999999999999,-24.5500000000001,4.2));
#16363=CARTESIAN_POINT('',(-52.5999999999999,-52.2750000000001,4.2));
#16364=CARTESIAN_POINT('Origin',(-49.9999999999999,-24.5500000000001,4.6));
#16365=CARTESIAN_POINT('Origin',(-49.9999999999999,-24.5500000000001,4.2));
#16366=CARTESIAN_POINT('Origin',(-49.9999999999999,-35.4500000000001,0.));
#16367=CARTESIAN_POINT('',(-47.3999999999999,-35.4500000000001,0.8));
#16368=CARTESIAN_POINT('',(-47.3999999999999,-35.4500000000001,0.));
#16369=CARTESIAN_POINT('',(-52.5999999999999,-35.4500000000001,0.8));
#16370=CARTESIAN_POINT('Origin',(-49.9999999999999,-35.4500000000001,0.8));
#16371=CARTESIAN_POINT('',(-52.5999999999999,-35.4500000000001,0.));
#16372=CARTESIAN_POINT('Origin',(-47.3999999999999,-35.4500000000001,0.));
#16373=CARTESIAN_POINT('',(-47.3999999999999,-24.5500000000001,0.8));
#16374=CARTESIAN_POINT('',(-47.3999999999999,-24.5500000000001,0.));
#16375=CARTESIAN_POINT('',(-47.3999999999999,-57.7250000000001,0.8));
#16376=CARTESIAN_POINT('Origin',(-52.9999999999999,-52.2750000000001,0.4));
#16377=CARTESIAN_POINT('',(-52.5999999999999,-35.4500000000001,0.8));
#16378=CARTESIAN_POINT('',(-52.5999999999999,-24.5500000000001,0.8));
#16379=CARTESIAN_POINT('',(-53.3999999999999,-24.5500000000001,0.));
#16380=CARTESIAN_POINT('',(-52.5999999999999,-52.2750000000001,0.8));
#16381=CARTESIAN_POINT('Origin',(-49.9999999999999,-35.4500000000001,0.4));
#16382=CARTESIAN_POINT('',(-47.3999999999999,-35.4500000000001,0.8));
#16383=CARTESIAN_POINT('Origin',(-46.9999999999999,-57.7250000000001,0.4));
#16384=CARTESIAN_POINT('',(-47.3999999999999,-24.5500000000001,0.8));
#16385=CARTESIAN_POINT('Origin',(-49.9999999999999,-24.5500000000001,0.4));
#16386=CARTESIAN_POINT('Origin',(-49.9999999999999,-24.5500000000001,0.8));
#16387=CARTESIAN_POINT('Origin',(-52.5999999999999,-24.5500000000001,0.));
#16388=CARTESIAN_POINT('',(-52.5999999999999,-24.5500000000001,0.));
#16389=CARTESIAN_POINT('Origin',(-49.9999999999999,-24.5500000000001,0.));
#16390=CARTESIAN_POINT('Origin',(-6.99999999999986,-57.7250000000001,4.6));
#16391=CARTESIAN_POINT('',(-7.39999999999986,-35.4500000000001,4.2));
#16392=CARTESIAN_POINT('',(-7.39999999999986,-35.4500000000001,4.2));
#16393=CARTESIAN_POINT('',(-7.39999999999986,-24.5500000000001,4.2));
#16394=CARTESIAN_POINT('',(-6.59999999999986,-24.5500000000001,5.));
#16395=CARTESIAN_POINT('',(-7.39999999999986,-57.7250000000001,4.2));
#16396=CARTESIAN_POINT('Origin',(-9.99999999999986,-35.4500000000001,4.6));
#16397=CARTESIAN_POINT('',(-12.5999999999999,-35.4500000000001,4.2));
#16398=CARTESIAN_POINT('',(-12.5999999999999,-35.4500000000001,4.2));
#16399=CARTESIAN_POINT('Origin',(-9.99999999999986,-35.4500000000001,4.2));
#16400=CARTESIAN_POINT('Origin',(-12.9999999999999,-52.2750000000001,4.6));
#16401=CARTESIAN_POINT('',(-12.5999999999999,-24.5500000000001,4.2));
#16402=CARTESIAN_POINT('',(-12.5999999999999,-24.5500000000001,4.2));
#16403=CARTESIAN_POINT('',(-12.5999999999999,-52.2750000000001,4.2));
#16404=CARTESIAN_POINT('Origin',(-9.99999999999986,-24.5500000000001,4.6));
#16405=CARTESIAN_POINT('Origin',(-9.99999999999986,-24.5500000000001,4.2));
#16406=CARTESIAN_POINT('Origin',(-9.99999999999986,-35.4500000000001,0.));
#16407=CARTESIAN_POINT('',(-7.39999999999986,-35.4500000000001,0.8));
#16408=CARTESIAN_POINT('',(-7.39999999999986,-35.4500000000001,0.));
#16409=CARTESIAN_POINT('',(-12.5999999999999,-35.4500000000001,0.8));
#16410=CARTESIAN_POINT('Origin',(-9.99999999999986,-35.4500000000001,0.8));
#16411=CARTESIAN_POINT('',(-12.5999999999999,-35.4500000000001,0.));
#16412=CARTESIAN_POINT('Origin',(-7.39999999999986,-35.4500000000001,0.));
#16413=CARTESIAN_POINT('',(-7.39999999999986,-24.5500000000001,0.8));
#16414=CARTESIAN_POINT('',(-7.39999999999986,-24.5500000000001,0.));
#16415=CARTESIAN_POINT('',(-7.39999999999986,-57.7250000000001,0.8));
#16416=CARTESIAN_POINT('Origin',(-12.9999999999999,-52.2750000000001,0.4));
#16417=CARTESIAN_POINT('',(-12.5999999999999,-35.4500000000001,0.8));
#16418=CARTESIAN_POINT('',(-12.5999999999999,-24.5500000000001,0.8));
#16419=CARTESIAN_POINT('',(-13.3999999999999,-24.5500000000001,0.));
#16420=CARTESIAN_POINT('',(-12.5999999999999,-52.2750000000001,0.8));
#16421=CARTESIAN_POINT('Origin',(-9.99999999999986,-35.4500000000001,0.4));
#16422=CARTESIAN_POINT('',(-7.39999999999986,-35.4500000000001,0.8));
#16423=CARTESIAN_POINT('Origin',(-6.99999999999986,-57.7250000000001,0.4));
#16424=CARTESIAN_POINT('',(-7.39999999999986,-24.5500000000001,0.8));
#16425=CARTESIAN_POINT('Origin',(-9.99999999999986,-24.5500000000001,0.4));
#16426=CARTESIAN_POINT('Origin',(-9.99999999999986,-24.5500000000001,0.8));
#16427=CARTESIAN_POINT('Origin',(-12.5999999999999,-24.5500000000001,0.));
#16428=CARTESIAN_POINT('',(-12.5999999999999,-24.5500000000001,0.));
#16429=CARTESIAN_POINT('Origin',(-9.99999999999986,-24.5500000000001,0.));
#16430=CARTESIAN_POINT('Origin',(33.0000000000001,-57.7250000000001,4.6));
#16431=CARTESIAN_POINT('',(32.6000000000001,-35.4500000000001,4.2));
#16432=CARTESIAN_POINT('',(32.6000000000001,-35.4500000000001,4.2));
#16433=CARTESIAN_POINT('',(32.6000000000001,-24.5500000000001,4.2));
#16434=CARTESIAN_POINT('',(33.4000000000001,-24.5500000000001,5.));
#16435=CARTESIAN_POINT('',(32.6000000000001,-57.7250000000001,4.2));
#16436=CARTESIAN_POINT('Origin',(30.0000000000001,-35.4500000000001,4.6));
#16437=CARTESIAN_POINT('',(27.4000000000001,-35.4500000000001,4.2));
#16438=CARTESIAN_POINT('',(27.4000000000001,-35.4500000000001,4.2));
#16439=CARTESIAN_POINT('Origin',(30.0000000000001,-35.4500000000001,4.2));
#16440=CARTESIAN_POINT('Origin',(27.0000000000001,-52.2750000000001,4.6));
#16441=CARTESIAN_POINT('',(27.4000000000001,-24.5500000000001,4.2));
#16442=CARTESIAN_POINT('',(27.4000000000001,-24.5500000000001,4.2));
#16443=CARTESIAN_POINT('',(27.4000000000001,-52.2750000000001,4.2));
#16444=CARTESIAN_POINT('Origin',(30.0000000000001,-24.5500000000001,4.6));
#16445=CARTESIAN_POINT('Origin',(30.0000000000001,-24.5500000000001,4.2));
#16446=CARTESIAN_POINT('Origin',(30.0000000000001,-35.4500000000001,0.));
#16447=CARTESIAN_POINT('',(32.6000000000001,-35.4500000000001,0.8));
#16448=CARTESIAN_POINT('',(32.6000000000001,-35.4500000000001,0.));
#16449=CARTESIAN_POINT('',(27.4000000000001,-35.4500000000001,0.8));
#16450=CARTESIAN_POINT('Origin',(30.0000000000001,-35.4500000000001,0.8));
#16451=CARTESIAN_POINT('',(27.4000000000001,-35.4500000000001,0.));
#16452=CARTESIAN_POINT('Origin',(32.6000000000001,-35.4500000000001,0.));
#16453=CARTESIAN_POINT('',(32.6000000000001,-24.5500000000001,0.8));
#16454=CARTESIAN_POINT('',(32.6000000000001,-24.5500000000001,0.));
#16455=CARTESIAN_POINT('',(32.6000000000001,-57.7250000000001,0.8));
#16456=CARTESIAN_POINT('Origin',(27.0000000000001,-52.2750000000001,0.4));
#16457=CARTESIAN_POINT('',(27.4000000000001,-35.4500000000001,0.8));
#16458=CARTESIAN_POINT('',(27.4000000000001,-24.5500000000001,0.8));
#16459=CARTESIAN_POINT('',(26.6000000000001,-24.5500000000001,0.));
#16460=CARTESIAN_POINT('',(27.4000000000001,-52.2750000000001,0.8));
#16461=CARTESIAN_POINT('Origin',(30.0000000000001,-35.4500000000001,0.4));
#16462=CARTESIAN_POINT('',(32.6000000000001,-35.4500000000001,0.8));
#16463=CARTESIAN_POINT('Origin',(33.0000000000001,-57.7250000000001,0.4));
#16464=CARTESIAN_POINT('',(32.6000000000001,-24.5500000000001,0.8));
#16465=CARTESIAN_POINT('Origin',(30.0000000000001,-24.5500000000001,0.4));
#16466=CARTESIAN_POINT('Origin',(30.0000000000001,-24.5500000000001,0.8));
#16467=CARTESIAN_POINT('Origin',(27.4000000000001,-24.5500000000001,0.));
#16468=CARTESIAN_POINT('',(27.4000000000001,-24.5500000000001,0.));
#16469=CARTESIAN_POINT('Origin',(30.0000000000001,-24.5500000000001,0.));
#16470=CARTESIAN_POINT('Origin',(73.0000000000001,-57.7250000000001,4.6));
#16471=CARTESIAN_POINT('',(72.6000000000001,-35.4500000000001,4.2));
#16472=CARTESIAN_POINT('',(72.6000000000001,-35.4500000000001,4.2));
#16473=CARTESIAN_POINT('',(72.6000000000001,-24.5500000000001,4.2));
#16474=CARTESIAN_POINT('',(73.4000000000001,-24.5500000000001,5.));
#16475=CARTESIAN_POINT('',(72.6000000000001,-57.7250000000001,4.2));
#16476=CARTESIAN_POINT('Origin',(70.0000000000001,-35.4500000000001,4.6));
#16477=CARTESIAN_POINT('',(67.4000000000001,-35.4500000000001,4.2));
#16478=CARTESIAN_POINT('',(67.4000000000001,-35.4500000000001,4.2));
#16479=CARTESIAN_POINT('Origin',(70.0000000000001,-35.4500000000001,4.2));
#16480=CARTESIAN_POINT('Origin',(67.0000000000001,-52.2750000000001,4.6));
#16481=CARTESIAN_POINT('',(67.4000000000001,-24.5500000000001,4.2));
#16482=CARTESIAN_POINT('',(67.4000000000001,-24.5500000000001,4.2));
#16483=CARTESIAN_POINT('',(67.4000000000001,-52.2750000000001,4.2));
#16484=CARTESIAN_POINT('Origin',(70.0000000000001,-24.5500000000001,4.6));
#16485=CARTESIAN_POINT('Origin',(70.0000000000001,-24.5500000000001,4.2));
#16486=CARTESIAN_POINT('Origin',(70.0000000000001,-35.4500000000001,0.));
#16487=CARTESIAN_POINT('',(72.6000000000001,-35.4500000000001,0.8));
#16488=CARTESIAN_POINT('',(72.6000000000001,-35.4500000000001,0.));
#16489=CARTESIAN_POINT('',(67.4000000000001,-35.4500000000001,0.8));
#16490=CARTESIAN_POINT('Origin',(70.0000000000001,-35.4500000000001,0.8));
#16491=CARTESIAN_POINT('',(67.4000000000001,-35.4500000000001,0.));
#16492=CARTESIAN_POINT('Origin',(72.6000000000001,-35.4500000000001,0.));
#16493=CARTESIAN_POINT('',(72.6000000000001,-24.5500000000001,0.8));
#16494=CARTESIAN_POINT('',(72.6000000000001,-24.5500000000001,0.));
#16495=CARTESIAN_POINT('',(72.6000000000001,-57.7250000000001,0.8));
#16496=CARTESIAN_POINT('Origin',(67.0000000000001,-52.2750000000001,0.4));
#16497=CARTESIAN_POINT('',(67.4000000000001,-35.4500000000001,0.8));
#16498=CARTESIAN_POINT('',(67.4000000000001,-24.5500000000001,0.8));
#16499=CARTESIAN_POINT('',(66.6000000000001,-24.5500000000001,0.));
#16500=CARTESIAN_POINT('',(67.4000000000001,-52.2750000000001,0.8));
#16501=CARTESIAN_POINT('Origin',(70.0000000000001,-35.4500000000001,0.4));
#16502=CARTESIAN_POINT('',(72.6000000000001,-35.4500000000001,0.8));
#16503=CARTESIAN_POINT('Origin',(73.0000000000001,-57.7250000000001,0.4));
#16504=CARTESIAN_POINT('',(72.6000000000001,-24.5500000000001,0.8));
#16505=CARTESIAN_POINT('Origin',(70.0000000000001,-24.5500000000001,0.4));
#16506=CARTESIAN_POINT('Origin',(70.0000000000001,-24.5500000000001,0.8));
#16507=CARTESIAN_POINT('Origin',(67.4000000000001,-24.5500000000001,0.));
#16508=CARTESIAN_POINT('',(67.4000000000001,-24.5500000000001,0.));
#16509=CARTESIAN_POINT('Origin',(70.0000000000001,-24.5500000000001,0.));
#16510=CARTESIAN_POINT('Origin',(-46.9999999999999,-97.7250000000001,4.6));
#16511=CARTESIAN_POINT('',(-47.3999999999999,-75.4500000000001,4.2));
#16512=CARTESIAN_POINT('',(-47.3999999999999,-75.4500000000001,4.2));
#16513=CARTESIAN_POINT('',(-47.3999999999999,-64.5500000000001,4.2));
#16514=CARTESIAN_POINT('',(-46.5999999999999,-64.5500000000001,5.));
#16515=CARTESIAN_POINT('',(-47.3999999999999,-97.7250000000001,4.2));
#16516=CARTESIAN_POINT('Origin',(-49.9999999999999,-75.4500000000001,4.6));
#16517=CARTESIAN_POINT('',(-52.5999999999999,-75.4500000000001,4.2));
#16518=CARTESIAN_POINT('',(-52.5999999999999,-75.4500000000001,4.2));
#16519=CARTESIAN_POINT('Origin',(-49.9999999999999,-75.4500000000001,4.2));
#16520=CARTESIAN_POINT('Origin',(-52.9999999999999,-92.2750000000001,4.6));
#16521=CARTESIAN_POINT('',(-52.5999999999999,-64.5500000000001,4.2));
#16522=CARTESIAN_POINT('',(-52.5999999999999,-64.5500000000001,4.2));
#16523=CARTESIAN_POINT('',(-52.5999999999999,-92.2750000000001,4.2));
#16524=CARTESIAN_POINT('Origin',(-49.9999999999999,-64.5500000000001,4.6));
#16525=CARTESIAN_POINT('Origin',(-49.9999999999999,-64.5500000000001,4.2));
#16526=CARTESIAN_POINT('Origin',(-49.9999999999999,-75.4500000000001,0.));
#16527=CARTESIAN_POINT('',(-47.3999999999999,-75.4500000000001,0.8));
#16528=CARTESIAN_POINT('',(-47.3999999999999,-75.4500000000001,0.));
#16529=CARTESIAN_POINT('',(-52.5999999999999,-75.4500000000001,0.8));
#16530=CARTESIAN_POINT('Origin',(-49.9999999999999,-75.4500000000001,0.8));
#16531=CARTESIAN_POINT('',(-52.5999999999999,-75.4500000000001,0.));
#16532=CARTESIAN_POINT('Origin',(-47.3999999999999,-75.4500000000001,0.));
#16533=CARTESIAN_POINT('',(-47.3999999999999,-64.5500000000001,0.8));
#16534=CARTESIAN_POINT('',(-47.3999999999999,-64.5500000000001,0.));
#16535=CARTESIAN_POINT('',(-47.3999999999999,-97.7250000000001,0.8));
#16536=CARTESIAN_POINT('Origin',(-52.9999999999999,-92.2750000000001,0.4));
#16537=CARTESIAN_POINT('',(-52.5999999999999,-75.4500000000001,0.8));
#16538=CARTESIAN_POINT('',(-52.5999999999999,-64.5500000000001,0.8));
#16539=CARTESIAN_POINT('',(-53.3999999999999,-64.5500000000001,0.));
#16540=CARTESIAN_POINT('',(-52.5999999999999,-92.2750000000001,0.8));
#16541=CARTESIAN_POINT('Origin',(-49.9999999999999,-75.4500000000001,0.4));
#16542=CARTESIAN_POINT('',(-47.3999999999999,-75.4500000000001,0.8));
#16543=CARTESIAN_POINT('Origin',(-46.9999999999999,-97.7250000000001,0.4));
#16544=CARTESIAN_POINT('',(-47.3999999999999,-64.5500000000001,0.8));
#16545=CARTESIAN_POINT('Origin',(-49.9999999999999,-64.5500000000001,0.4));
#16546=CARTESIAN_POINT('Origin',(-49.9999999999999,-64.5500000000001,0.8));
#16547=CARTESIAN_POINT('Origin',(-52.5999999999999,-64.5500000000001,0.));
#16548=CARTESIAN_POINT('',(-52.5999999999999,-64.5500000000001,0.));
#16549=CARTESIAN_POINT('Origin',(-49.9999999999999,-64.5500000000001,0.));
#16550=CARTESIAN_POINT('Origin',(-6.99999999999986,-97.7250000000001,4.6));
#16551=CARTESIAN_POINT('',(-7.39999999999986,-75.4500000000001,4.2));
#16552=CARTESIAN_POINT('',(-7.39999999999986,-75.4500000000001,4.2));
#16553=CARTESIAN_POINT('',(-7.39999999999986,-64.5500000000001,4.2));
#16554=CARTESIAN_POINT('',(-6.59999999999986,-64.5500000000001,5.));
#16555=CARTESIAN_POINT('',(-7.39999999999986,-97.7250000000001,4.2));
#16556=CARTESIAN_POINT('Origin',(-9.99999999999986,-75.4500000000001,4.6));
#16557=CARTESIAN_POINT('',(-12.5999999999999,-75.4500000000001,4.2));
#16558=CARTESIAN_POINT('',(-12.5999999999999,-75.4500000000001,4.2));
#16559=CARTESIAN_POINT('Origin',(-9.99999999999986,-75.4500000000001,4.2));
#16560=CARTESIAN_POINT('Origin',(-12.9999999999999,-92.2750000000001,4.6));
#16561=CARTESIAN_POINT('',(-12.5999999999999,-64.5500000000001,4.2));
#16562=CARTESIAN_POINT('',(-12.5999999999999,-64.5500000000001,4.2));
#16563=CARTESIAN_POINT('',(-12.5999999999999,-92.2750000000001,4.2));
#16564=CARTESIAN_POINT('Origin',(-9.99999999999986,-64.5500000000001,4.6));
#16565=CARTESIAN_POINT('Origin',(-9.99999999999986,-64.5500000000001,4.2));
#16566=CARTESIAN_POINT('Origin',(-9.99999999999986,-75.4500000000001,0.));
#16567=CARTESIAN_POINT('',(-7.39999999999986,-75.4500000000001,0.8));
#16568=CARTESIAN_POINT('',(-7.39999999999986,-75.4500000000001,0.));
#16569=CARTESIAN_POINT('',(-12.5999999999999,-75.4500000000001,0.8));
#16570=CARTESIAN_POINT('Origin',(-9.99999999999986,-75.4500000000001,0.8));
#16571=CARTESIAN_POINT('',(-12.5999999999999,-75.4500000000001,0.));
#16572=CARTESIAN_POINT('Origin',(-7.39999999999986,-75.4500000000001,0.));
#16573=CARTESIAN_POINT('',(-7.39999999999986,-64.5500000000001,0.8));
#16574=CARTESIAN_POINT('',(-7.39999999999986,-64.5500000000001,0.));
#16575=CARTESIAN_POINT('',(-7.39999999999986,-97.7250000000001,0.8));
#16576=CARTESIAN_POINT('Origin',(-12.9999999999999,-92.2750000000001,0.4));
#16577=CARTESIAN_POINT('',(-12.5999999999999,-75.4500000000001,0.8));
#16578=CARTESIAN_POINT('',(-12.5999999999999,-64.5500000000001,0.8));
#16579=CARTESIAN_POINT('',(-13.3999999999999,-64.5500000000001,0.));
#16580=CARTESIAN_POINT('',(-12.5999999999999,-92.2750000000001,0.8));
#16581=CARTESIAN_POINT('Origin',(-9.99999999999986,-75.4500000000001,0.4));
#16582=CARTESIAN_POINT('',(-7.39999999999986,-75.4500000000001,0.8));
#16583=CARTESIAN_POINT('Origin',(-6.99999999999986,-97.7250000000001,0.4));
#16584=CARTESIAN_POINT('',(-7.39999999999986,-64.5500000000001,0.8));
#16585=CARTESIAN_POINT('Origin',(-9.99999999999986,-64.5500000000001,0.4));
#16586=CARTESIAN_POINT('Origin',(-9.99999999999986,-64.5500000000001,0.8));
#16587=CARTESIAN_POINT('Origin',(-12.5999999999999,-64.5500000000001,0.));
#16588=CARTESIAN_POINT('',(-12.5999999999999,-64.5500000000001,0.));
#16589=CARTESIAN_POINT('Origin',(-9.99999999999986,-64.5500000000001,0.));
#16590=CARTESIAN_POINT('Origin',(33.0000000000001,-97.7250000000001,4.6));
#16591=CARTESIAN_POINT('',(32.6000000000001,-75.4500000000001,4.2));
#16592=CARTESIAN_POINT('',(32.6000000000001,-75.4500000000001,4.2));
#16593=CARTESIAN_POINT('',(32.6000000000001,-64.5500000000001,4.2));
#16594=CARTESIAN_POINT('',(33.4000000000001,-64.5500000000001,5.));
#16595=CARTESIAN_POINT('',(32.6000000000001,-97.7250000000001,4.2));
#16596=CARTESIAN_POINT('Origin',(30.0000000000001,-75.4500000000001,4.6));
#16597=CARTESIAN_POINT('',(27.4000000000001,-75.4500000000001,4.2));
#16598=CARTESIAN_POINT('',(27.4000000000001,-75.4500000000001,4.2));
#16599=CARTESIAN_POINT('Origin',(30.0000000000001,-75.4500000000001,4.2));
#16600=CARTESIAN_POINT('Origin',(27.0000000000001,-92.2750000000001,4.6));
#16601=CARTESIAN_POINT('',(27.4000000000001,-64.5500000000001,4.2));
#16602=CARTESIAN_POINT('',(27.4000000000001,-64.5500000000001,4.2));
#16603=CARTESIAN_POINT('',(27.4000000000001,-92.2750000000001,4.2));
#16604=CARTESIAN_POINT('Origin',(30.0000000000001,-64.5500000000001,4.6));
#16605=CARTESIAN_POINT('Origin',(30.0000000000001,-64.5500000000001,4.2));
#16606=CARTESIAN_POINT('Origin',(30.0000000000001,-75.4500000000001,0.));
#16607=CARTESIAN_POINT('',(32.6000000000001,-75.4500000000001,0.8));
#16608=CARTESIAN_POINT('',(32.6000000000001,-75.4500000000001,0.));
#16609=CARTESIAN_POINT('',(27.4000000000001,-75.4500000000001,0.8));
#16610=CARTESIAN_POINT('Origin',(30.0000000000001,-75.4500000000001,0.8));
#16611=CARTESIAN_POINT('',(27.4000000000001,-75.4500000000001,0.));
#16612=CARTESIAN_POINT('Origin',(32.6000000000001,-75.4500000000001,0.));
#16613=CARTESIAN_POINT('',(32.6000000000001,-64.5500000000001,0.8));
#16614=CARTESIAN_POINT('',(32.6000000000001,-64.5500000000001,0.));
#16615=CARTESIAN_POINT('',(32.6000000000001,-97.7250000000001,0.8));
#16616=CARTESIAN_POINT('Origin',(27.0000000000001,-92.2750000000001,0.4));
#16617=CARTESIAN_POINT('',(27.4000000000001,-75.4500000000001,0.8));
#16618=CARTESIAN_POINT('',(27.4000000000001,-64.5500000000001,0.8));
#16619=CARTESIAN_POINT('',(26.6000000000001,-64.5500000000001,0.));
#16620=CARTESIAN_POINT('',(27.4000000000001,-92.2750000000001,0.8));
#16621=CARTESIAN_POINT('Origin',(30.0000000000001,-75.4500000000001,0.4));
#16622=CARTESIAN_POINT('',(32.6000000000001,-75.4500000000001,0.8));
#16623=CARTESIAN_POINT('Origin',(33.0000000000001,-97.7250000000001,0.4));
#16624=CARTESIAN_POINT('',(32.6000000000001,-64.5500000000001,0.8));
#16625=CARTESIAN_POINT('Origin',(30.0000000000001,-64.5500000000001,0.4));
#16626=CARTESIAN_POINT('Origin',(30.0000000000001,-64.5500000000001,0.8));
#16627=CARTESIAN_POINT('Origin',(27.4000000000001,-64.5500000000001,0.));
#16628=CARTESIAN_POINT('',(27.4000000000001,-64.5500000000001,0.));
#16629=CARTESIAN_POINT('Origin',(30.0000000000001,-64.5500000000001,0.));
#16630=CARTESIAN_POINT('Origin',(73.0000000000001,-97.7250000000001,4.6));
#16631=CARTESIAN_POINT('',(72.6000000000001,-75.4500000000001,4.2));
#16632=CARTESIAN_POINT('',(72.6000000000001,-75.4500000000001,4.2));
#16633=CARTESIAN_POINT('',(72.6000000000001,-64.5500000000001,4.2));
#16634=CARTESIAN_POINT('',(73.4000000000001,-64.5500000000001,5.));
#16635=CARTESIAN_POINT('',(72.6000000000001,-97.7250000000001,4.2));
#16636=CARTESIAN_POINT('Origin',(70.0000000000001,-75.4500000000001,4.6));
#16637=CARTESIAN_POINT('',(67.4000000000001,-75.4500000000001,4.2));
#16638=CARTESIAN_POINT('',(67.4000000000001,-75.4500000000001,4.2));
#16639=CARTESIAN_POINT('Origin',(70.0000000000001,-75.4500000000001,4.2));
#16640=CARTESIAN_POINT('Origin',(67.0000000000001,-92.2750000000001,4.6));
#16641=CARTESIAN_POINT('',(67.4000000000001,-64.5500000000001,4.2));
#16642=CARTESIAN_POINT('',(67.4000000000001,-64.5500000000001,4.2));
#16643=CARTESIAN_POINT('',(67.4000000000001,-92.2750000000001,4.2));
#16644=CARTESIAN_POINT('Origin',(70.0000000000001,-64.5500000000001,4.6));
#16645=CARTESIAN_POINT('Origin',(70.0000000000001,-64.5500000000001,4.2));
#16646=CARTESIAN_POINT('Origin',(70.0000000000001,-75.4500000000001,0.));
#16647=CARTESIAN_POINT('',(72.6000000000001,-75.4500000000001,0.8));
#16648=CARTESIAN_POINT('',(72.6000000000001,-75.4500000000001,0.));
#16649=CARTESIAN_POINT('',(67.4000000000001,-75.4500000000001,0.8));
#16650=CARTESIAN_POINT('Origin',(70.0000000000001,-75.4500000000001,0.8));
#16651=CARTESIAN_POINT('',(67.4000000000001,-75.4500000000001,0.));
#16652=CARTESIAN_POINT('Origin',(72.6000000000001,-75.4500000000001,0.));
#16653=CARTESIAN_POINT('',(72.6000000000001,-64.5500000000001,0.8));
#16654=CARTESIAN_POINT('',(72.6000000000001,-64.5500000000001,0.));
#16655=CARTESIAN_POINT('',(72.6000000000001,-97.7250000000001,0.8));
#16656=CARTESIAN_POINT('Origin',(67.0000000000001,-92.2750000000001,0.4));
#16657=CARTESIAN_POINT('',(67.4000000000001,-75.4500000000001,0.8));
#16658=CARTESIAN_POINT('',(67.4000000000001,-64.5500000000001,0.8));
#16659=CARTESIAN_POINT('',(66.6000000000001,-64.5500000000001,0.));
#16660=CARTESIAN_POINT('',(67.4000000000001,-92.2750000000001,0.8));
#16661=CARTESIAN_POINT('Origin',(70.0000000000001,-75.4500000000001,0.4));
#16662=CARTESIAN_POINT('',(72.6000000000001,-75.4500000000001,0.8));
#16663=CARTESIAN_POINT('Origin',(73.0000000000001,-97.7250000000001,0.4));
#16664=CARTESIAN_POINT('',(72.6000000000001,-64.5500000000001,0.8));
#16665=CARTESIAN_POINT('Origin',(70.0000000000001,-64.5500000000001,0.4));
#16666=CARTESIAN_POINT('Origin',(70.0000000000001,-64.5500000000001,0.8));
#16667=CARTESIAN_POINT('Origin',(67.4000000000001,-64.5500000000001,0.));
#16668=CARTESIAN_POINT('',(67.4000000000001,-64.5500000000001,0.));
#16669=CARTESIAN_POINT('Origin',(70.0000000000001,-64.5500000000001,0.));
#16670=UNCERTAINTY_MEASURE_WITH_UNIT(LENGTH_MEASURE(0.01),#16674,
'DISTANCE_ACCURACY_VALUE',
'Maximum model space distance between geometric entities at asserted c
onnectivities');
#16671=UNCERTAINTY_MEASURE_WITH_UNIT(LENGTH_MEASURE(0.01),#16674,
'DISTANCE_ACCURACY_VALUE',
'Maximum model space distance between geometric entities at asserted c
onnectivities');
#16672=(
GEOMETRIC_REPRESENTATION_CONTEXT(3)
GLOBAL_UNCERTAINTY_ASSIGNED_CONTEXT((#16670))
GLOBAL_UNIT_ASSIGNED_CONTEXT((#16674,#16676,#16677))
REPRESENTATION_CONTEXT('','3D')
);
#16673=(
GEOMETRIC_REPRESENTATION_CONTEXT(3)
GLOBAL_UNCERTAINTY_ASSIGNED_CONTEXT((#16671))
GLOBAL_UNIT_ASSIGNED_CONTEXT((#16674,#16676,#16677))
REPRESENTATION_CONTEXT('','3D')
);
#16674=(
LENGTH_UNIT()
NAMED_UNIT(*)
SI_UNIT(.MILLI.,.METRE.)
);
#16675=(
LENGTH_UNIT()
NAMED_UNIT(*)
SI_UNIT($,.METRE.)
);
#16676=(
NAMED_UNIT(*)
PLANE_ANGLE_UNIT()
SI_UNIT($,.RADIAN.)
);
#16677=(
NAMED_UNIT(*)
SI_UNIT($,.STERADIAN.)
SOLID_ANGLE_UNIT()
);
#16678=SHAPE_DEFINITION_REPRESENTATION(#16679,#16680);
#16679=PRODUCT_DEFINITION_SHAPE('',$,#16682);
#16680=SHAPE_REPRESENTATION('',(#9646),#16672);
#16681=PRODUCT_DEFINITION_CONTEXT('part definition',#16686,'design');
#16682=PRODUCT_DEFINITION('Skadis Board with Rim',
'Skadis Board with Rim',#16683,#16681);
#16683=PRODUCT_DEFINITION_FORMATION('',$,#16688);
#16684=PRODUCT_RELATED_PRODUCT_CATEGORY('Skadis Board with Rim',
'Skadis Board with Rim',(#16688));
#16685=APPLICATION_PROTOCOL_DEFINITION('international standard',
'automotive_design',2009,#16686);
#16686=APPLICATION_CONTEXT(
'Core Data for Automotive Mechanical Design Process');
#16687=PRODUCT_CONTEXT('part definition',#16686,'mechanical');
#16688=PRODUCT('Skadis Board with Rim','Skadis Board with Rim',$,(#16687));
#16689=PRESENTATION_STYLE_ASSIGNMENT((#16691));
#16690=PRESENTATION_STYLE_ASSIGNMENT((#16692));
#16691=SURFACE_STYLE_USAGE(.BOTH.,#16693);
#16692=SURFACE_STYLE_USAGE(.BOTH.,#16694);
#16693=SURFACE_SIDE_STYLE('',(#16695));
#16694=SURFACE_SIDE_STYLE('',(#16696));
#16695=SURFACE_STYLE_FILL_AREA(#16697);
#16696=SURFACE_STYLE_FILL_AREA(#16698);
#16697=FILL_AREA_STYLE('Plastic - Glossy (White)',(#16699));
#16698=FILL_AREA_STYLE('MDF Board',(#16700));
#16699=FILL_AREA_STYLE_COLOUR('Plastic - Glossy (White)',#16701);
#16700=FILL_AREA_STYLE_COLOUR('MDF Board',#16702);
#16701=COLOUR_RGB('Plastic - Glossy (White)',0.964705882352941,0.964705882352941,
0.952941176470588);
#16702=COLOUR_RGB('MDF Board',0.,0.,0.);
ENDSEC;
END-ISO-10303-21;
