ISO-10303-21;
HEADER;
/* Generated by software containing ST-Developer
 * from STEP Tools, Inc. (www.steptools.com) 
 */

FILE_DESCRIPTION(
/* description */ (''),
/* implementation_level */ '2;1');

FILE_NAME(
/* name */ 'SkaTile  B11 Regular 9x9 200x200mm 11mmSkirt.step',
/* time_stamp */ '2025-12-06T05:28:08-07:00',
/* author */ (''),
/* organization */ (''),
/* preprocessor_version */ 'ST-DEVELOPER v20.1',
/* originating_system */ 'Autodesk Translation Framework v14.21.0.0',
/* authorisation */ '');

FILE_SCHEMA (('AUTOMOTIVE_DESIGN { 1 0 10303 214 3 1 1 }'));
ENDSEC;

DATA;
#10=MECHANICAL_DESIGN_GEOMETRIC_PRESENTATION_REPRESENTATION('',(#13),#19721);
#11=SHAPE_REPRESENTATION_RELATIONSHIP('SRR','None',#19728,#12);
#12=ADVANCED_BREP_SHAPE_REPRESENTATION('',(#14),#19720);
#13=STYLED_ITEM('',(#19738),#14);
#14=MANIFOLD_SOLID_BREP('Skadis Board',#11441);
#15=B_SPLINE_CURVE_WITH_KNOTS('',3,(#17281,#17282,#17283,#17284,#17285,
#17286,#17287,#17288),.UNSPECIFIED.,.F.,.F.,(4,2,2,4),(0.0335645187467835,
0.0587155499653033,0.0783159948663364,0.0979164397673696),.UNSPECIFIED.);
#16=B_SPLINE_CURVE_WITH_KNOTS('',3,(#17298,#17299,#17300,#17301,#17302,
#17303,#17304,#17305),.UNSPECIFIED.,.F.,.F.,(4,2,2,4),(0.342469742940903,
0.362070187841937,0.38167063274297,0.40682166396149),.UNSPECIFIED.);
#17=B_SPLINE_CURVE_WITH_KNOTS('',3,(#17313,#17314,#17315,#17316,#17317,
#17318,#17319,#17320),.UNSPECIFIED.,.F.,.F.,(4,2,2,4),(0.0335645187467815,
0.0587155499653033,0.0783159948663364,0.0979164397673696),.UNSPECIFIED.);
#18=B_SPLINE_CURVE_WITH_KNOTS('',3,(#17330,#17331,#17332,#17333,#17334,
#17335,#17336,#17337),.UNSPECIFIED.,.F.,.F.,(4,2,2,4),(0.342469742940903,
0.362070187841937,0.38167063274297,0.406821663961489),.UNSPECIFIED.);
#19=B_SPLINE_CURVE_WITH_KNOTS('',3,(#17345,#17346,#17347,#17348,#17349,
#17350,#17351,#17352),.UNSPECIFIED.,.F.,.F.,(4,2,2,4),(0.342469742940903,
0.362070187841937,0.38167063274297,0.40682166396149),.UNSPECIFIED.);
#20=B_SPLINE_CURVE_WITH_KNOTS('',3,(#17356,#17357,#17358,#17359,#17360,
#17361,#17362,#17363),.UNSPECIFIED.,.F.,.F.,(4,2,2,4),(0.033564518746784,
0.0587155499653033,0.0783159948663364,0.0979164397673696),.UNSPECIFIED.);
#21=B_SPLINE_CURVE_WITH_KNOTS('',3,(#17367,#17368,#17369,#17370,#17371,
#17372,#17373,#17374),.UNSPECIFIED.,.F.,.F.,(4,2,2,4),(0.342469742940903,
0.362070187841937,0.38167063274297,0.40682166396149),.UNSPECIFIED.);
#22=B_SPLINE_CURVE_WITH_KNOTS('',3,(#17382,#17383,#17384,#17385,#17386,
#17387,#17388,#17389),.UNSPECIFIED.,.F.,.F.,(4,2,2,4),(0.033564518746783,
0.0587155499653033,0.0783159948663364,0.0979164397673696),.UNSPECIFIED.);
#23=B_SPLINE_CURVE_WITH_KNOTS('',3,(#17493,#17494,#17495,#17496,#17497,
#17498,#17499,#17500),.UNSPECIFIED.,.F.,.F.,(4,2,2,4),(0.0335645187467835,
0.0587155499653033,0.0783159948663364,0.0979164397673696),.UNSPECIFIED.);
#24=B_SPLINE_CURVE_WITH_KNOTS('',3,(#17510,#17511,#17512,#17513,#17514,
#17515,#17516,#17517),.UNSPECIFIED.,.F.,.F.,(4,2,2,4),(0.342469742940903,
0.362070187841937,0.38167063274297,0.40682166396149),.UNSPECIFIED.);
#25=B_SPLINE_CURVE_WITH_KNOTS('',3,(#17525,#17526,#17527,#17528,#17529,
#17530,#17531,#17532),.UNSPECIFIED.,.F.,.F.,(4,2,2,4),(0.0335645187467815,
0.0587155499653033,0.0783159948663364,0.0979164397673696),.UNSPECIFIED.);
#26=B_SPLINE_CURVE_WITH_KNOTS('',3,(#17542,#17543,#17544,#17545,#17546,
#17547,#17548,#17549),.UNSPECIFIED.,.F.,.F.,(4,2,2,4),(0.342469742940903,
0.362070187841937,0.38167063274297,0.406821663961489),.UNSPECIFIED.);
#27=B_SPLINE_CURVE_WITH_KNOTS('',3,(#17557,#17558,#17559,#17560,#17561,
#17562,#17563,#17564),.UNSPECIFIED.,.F.,.F.,(4,2,2,4),(0.342469742940903,
0.362070187841937,0.38167063274297,0.40682166396149),.UNSPECIFIED.);
#28=B_SPLINE_CURVE_WITH_KNOTS('',3,(#17568,#17569,#17570,#17571,#17572,
#17573,#17574,#17575),.UNSPECIFIED.,.F.,.F.,(4,2,2,4),(0.033564518746784,
0.0587155499653033,0.0783159948663364,0.0979164397673696),.UNSPECIFIED.);
#29=B_SPLINE_CURVE_WITH_KNOTS('',3,(#17579,#17580,#17581,#17582,#17583,
#17584,#17585,#17586),.UNSPECIFIED.,.F.,.F.,(4,2,2,4),(0.342469742940903,
0.362070187841937,0.38167063274297,0.40682166396149),.UNSPECIFIED.);
#30=B_SPLINE_CURVE_WITH_KNOTS('',3,(#17594,#17595,#17596,#17597,#17598,
#17599,#17600,#17601),.UNSPECIFIED.,.F.,.F.,(4,2,2,4),(0.033564518746783,
0.0587155499653033,0.0783159948663364,0.0979164397673696),.UNSPECIFIED.);
#31=B_SPLINE_CURVE_WITH_KNOTS('',3,(#17705,#17706,#17707,#17708,#17709,
#17710,#17711,#17712),.UNSPECIFIED.,.F.,.F.,(4,2,2,4),(0.0335645187467835,
0.0587155499653033,0.0783159948663364,0.0979164397673696),.UNSPECIFIED.);
#32=B_SPLINE_CURVE_WITH_KNOTS('',3,(#17722,#17723,#17724,#17725,#17726,
#17727,#17728,#17729),.UNSPECIFIED.,.F.,.F.,(4,2,2,4),(0.342469742940903,
0.362070187841937,0.38167063274297,0.40682166396149),.UNSPECIFIED.);
#33=B_SPLINE_CURVE_WITH_KNOTS('',3,(#17737,#17738,#17739,#17740,#17741,
#17742,#17743,#17744),.UNSPECIFIED.,.F.,.F.,(4,2,2,4),(0.0335645187467815,
0.0587155499653033,0.0783159948663364,0.0979164397673696),.UNSPECIFIED.);
#34=B_SPLINE_CURVE_WITH_KNOTS('',3,(#17754,#17755,#17756,#17757,#17758,
#17759,#17760,#17761),.UNSPECIFIED.,.F.,.F.,(4,2,2,4),(0.342469742940903,
0.362070187841937,0.38167063274297,0.406821663961489),.UNSPECIFIED.);
#35=B_SPLINE_CURVE_WITH_KNOTS('',3,(#17769,#17770,#17771,#17772,#17773,
#17774,#17775,#17776),.UNSPECIFIED.,.F.,.F.,(4,2,2,4),(0.342469742940903,
0.362070187841937,0.38167063274297,0.40682166396149),.UNSPECIFIED.);
#36=B_SPLINE_CURVE_WITH_KNOTS('',3,(#17780,#17781,#17782,#17783,#17784,
#17785,#17786,#17787),.UNSPECIFIED.,.F.,.F.,(4,2,2,4),(0.033564518746784,
0.0587155499653033,0.0783159948663364,0.0979164397673696),.UNSPECIFIED.);
#37=B_SPLINE_CURVE_WITH_KNOTS('',3,(#17791,#17792,#17793,#17794,#17795,
#17796,#17797,#17798),.UNSPECIFIED.,.F.,.F.,(4,2,2,4),(0.342469742940903,
0.362070187841937,0.38167063274297,0.40682166396149),.UNSPECIFIED.);
#38=B_SPLINE_CURVE_WITH_KNOTS('',3,(#17806,#17807,#17808,#17809,#17810,
#17811,#17812,#17813),.UNSPECIFIED.,.F.,.F.,(4,2,2,4),(0.033564518746783,
0.0587155499653033,0.0783159948663364,0.0979164397673696),.UNSPECIFIED.);
#39=B_SPLINE_CURVE_WITH_KNOTS('',3,(#17917,#17918,#17919,#17920,#17921,
#17922,#17923,#17924),.UNSPECIFIED.,.F.,.F.,(4,2,2,4),(0.0335645187467835,
0.0587155499653033,0.0783159948663364,0.0979164397673696),.UNSPECIFIED.);
#40=B_SPLINE_CURVE_WITH_KNOTS('',3,(#17934,#17935,#17936,#17937,#17938,
#17939,#17940,#17941),.UNSPECIFIED.,.F.,.F.,(4,2,2,4),(0.342469742940903,
0.362070187841937,0.38167063274297,0.40682166396149),.UNSPECIFIED.);
#41=B_SPLINE_CURVE_WITH_KNOTS('',3,(#17952,#17953,#17954,#17955,#17956,
#17957,#17958,#17959),.UNSPECIFIED.,.F.,.F.,(4,2,2,4),(0.0335645187467815,
0.0587155499653033,0.0783159948663364,0.0979164397673696),.UNSPECIFIED.);
#42=B_SPLINE_CURVE_WITH_KNOTS('',3,(#17968,#17969,#17970,#17971,#17972,
#17973,#17974,#17975),.UNSPECIFIED.,.F.,.F.,(4,2,2,4),(0.342469742940903,
0.362070187841937,0.38167063274297,0.406821663961489),.UNSPECIFIED.);
#43=B_SPLINE_CURVE_WITH_KNOTS('',3,(#17987,#17988,#17989,#17990,#17991,
#17992,#17993,#17994),.UNSPECIFIED.,.F.,.F.,(4,2,2,4),(0.342469742940903,
0.362070187841937,0.38167063274297,0.40682166396149),.UNSPECIFIED.);
#44=B_SPLINE_CURVE_WITH_KNOTS('',3,(#17998,#17999,#18000,#18001,#18002,
#18003,#18004,#18005),.UNSPECIFIED.,.F.,.F.,(4,2,2,4),(0.033564518746784,
0.0587155499653033,0.0783159948663364,0.0979164397673696),.UNSPECIFIED.);
#45=B_SPLINE_CURVE_WITH_KNOTS('',3,(#18009,#18010,#18011,#18012,#18013,
#18014,#18015,#18016),.UNSPECIFIED.,.F.,.F.,(4,2,2,4),(0.342469742940903,
0.362070187841937,0.38167063274297,0.40682166396149),.UNSPECIFIED.);
#46=B_SPLINE_CURVE_WITH_KNOTS('',3,(#18021,#18022,#18023,#18024,#18025,
#18026,#18027,#18028),.UNSPECIFIED.,.F.,.F.,(4,2,2,4),(0.033564518746783,
0.0587155499653033,0.0783159948663364,0.0979164397673696),.UNSPECIFIED.);
#47=CONICAL_SURFACE('',#11572,8.50000000000012,0.785398163398756);
#48=CONICAL_SURFACE('',#11576,8.49999999999998,0.785398163397479);
#49=CONICAL_SURFACE('',#11580,8.50000000001094,0.785398163397538);
#50=CONICAL_SURFACE('',#11584,8.49999999999234,0.785398163398815);
#51=CONICAL_SURFACE('',#11631,8.49999999999231,0.785398163397447);
#52=CONICAL_SURFACE('',#11635,8.50000000001101,0.785398163397441);
#53=CONICAL_SURFACE('',#11639,8.49999999999995,0.785398163397447);
#54=CONICAL_SURFACE('',#11642,8.5,0.785398163397448);
#55=CONICAL_SURFACE('',#11738,0.600000000000018,0.785398163397578);
#56=CONICAL_SURFACE('',#11740,3.1,0.785398163397506);
#57=CONICAL_SURFACE('',#11742,0.600000000000011,0.78539816339753);
#58=CONICAL_SURFACE('',#11744,3.1,0.785398163397523);
#59=CONICAL_SURFACE('',#11746,0.600000000000014,0.785398163397489);
#60=CONICAL_SURFACE('',#11748,3.1,0.785398163397523);
#61=CONICAL_SURFACE('',#11750,0.600000000000011,0.78539816339753);
#62=CONICAL_SURFACE('',#11752,3.1,0.785398163397506);
#63=CONICAL_SURFACE('',#11754,0.600000000000007,0.785398163397491);
#64=CONICAL_SURFACE('',#11756,0.600000000000007,0.785398163397476);
#65=CONICAL_SURFACE('',#11758,0.600000000000007,0.785398163397463);
#66=CONICAL_SURFACE('',#11760,0.600000000000007,0.785398163397463);
#67=CONICAL_SURFACE('',#11762,0.600000000000007,0.785398163397476);
#68=CONICAL_SURFACE('',#11764,0.600000000000007,0.785398163397491);
#69=CONICAL_SURFACE('',#11766,0.600000000000007,0.785398163397504);
#70=CONICAL_SURFACE('',#11768,0.600000000000007,0.785398163397504);
#71=CONICAL_SURFACE('',#11782,3.45,0.785398163397451);
#72=CONICAL_SURFACE('',#11812,0.600000000000018,0.785398163397578);
#73=CONICAL_SURFACE('',#11814,3.1,0.785398163397506);
#74=CONICAL_SURFACE('',#11816,0.600000000000011,0.78539816339753);
#75=CONICAL_SURFACE('',#11818,3.1,0.785398163397523);
#76=CONICAL_SURFACE('',#11820,0.600000000000014,0.785398163397489);
#77=CONICAL_SURFACE('',#11822,3.1,0.785398163397523);
#78=CONICAL_SURFACE('',#11824,0.600000000000011,0.78539816339753);
#79=CONICAL_SURFACE('',#11826,3.1,0.785398163397506);
#80=CONICAL_SURFACE('',#11828,0.600000000000007,0.785398163397491);
#81=CONICAL_SURFACE('',#11830,0.600000000000007,0.785398163397476);
#82=CONICAL_SURFACE('',#11832,0.600000000000007,0.785398163397463);
#83=CONICAL_SURFACE('',#11834,0.600000000000007,0.785398163397463);
#84=CONICAL_SURFACE('',#11836,0.600000000000007,0.785398163397476);
#85=CONICAL_SURFACE('',#11838,0.600000000000007,0.785398163397491);
#86=CONICAL_SURFACE('',#11840,0.600000000000007,0.785398163397504);
#87=CONICAL_SURFACE('',#11842,0.600000000000007,0.785398163397504);
#88=CONICAL_SURFACE('',#11856,3.45,0.785398163397451);
#89=CONICAL_SURFACE('',#11886,0.600000000000018,0.785398163397578);
#90=CONICAL_SURFACE('',#11888,3.1,0.785398163397506);
#91=CONICAL_SURFACE('',#11890,0.600000000000011,0.78539816339753);
#92=CONICAL_SURFACE('',#11892,3.1,0.785398163397523);
#93=CONICAL_SURFACE('',#11894,0.600000000000014,0.785398163397489);
#94=CONICAL_SURFACE('',#11896,3.1,0.785398163397523);
#95=CONICAL_SURFACE('',#11898,0.600000000000011,0.78539816339753);
#96=CONICAL_SURFACE('',#11900,3.1,0.785398163397506);
#97=CONICAL_SURFACE('',#11902,0.600000000000007,0.785398163397491);
#98=CONICAL_SURFACE('',#11904,0.600000000000007,0.785398163397476);
#99=CONICAL_SURFACE('',#11906,0.600000000000007,0.785398163397463);
#100=CONICAL_SURFACE('',#11908,0.600000000000007,0.785398163397463);
#101=CONICAL_SURFACE('',#11910,0.600000000000007,0.785398163397476);
#102=CONICAL_SURFACE('',#11912,0.600000000000007,0.785398163397491);
#103=CONICAL_SURFACE('',#11914,0.600000000000007,0.785398163397504);
#104=CONICAL_SURFACE('',#11916,0.600000000000007,0.785398163397504);
#105=CONICAL_SURFACE('',#11930,3.45,0.785398163397451);
#106=CONICAL_SURFACE('',#11960,0.600000000000018,0.785398163397578);
#107=CONICAL_SURFACE('',#11962,3.1,0.785398163397506);
#108=CONICAL_SURFACE('',#11964,0.600000000000011,0.78539816339753);
#109=CONICAL_SURFACE('',#11966,3.1,0.785398163397523);
#110=CONICAL_SURFACE('',#11968,0.600000000000014,0.785398163397489);
#111=CONICAL_SURFACE('',#11970,3.1,0.785398163397523);
#112=CONICAL_SURFACE('',#11972,0.600000000000011,0.78539816339753);
#113=CONICAL_SURFACE('',#11974,3.1,0.785398163397506);
#114=CONICAL_SURFACE('',#11976,0.600000000000007,0.785398163397491);
#115=CONICAL_SURFACE('',#11978,0.600000000000007,0.785398163397476);
#116=CONICAL_SURFACE('',#11980,0.600000000000007,0.785398163397463);
#117=CONICAL_SURFACE('',#11982,0.600000000000007,0.785398163397463);
#118=CONICAL_SURFACE('',#11984,0.600000000000007,0.785398163397476);
#119=CONICAL_SURFACE('',#11986,0.600000000000007,0.785398163397491);
#120=CONICAL_SURFACE('',#11988,0.600000000000007,0.785398163397504);
#121=CONICAL_SURFACE('',#11990,0.600000000000007,0.785398163397504);
#122=CONICAL_SURFACE('',#12008,3.45,0.785398163397451);
#123=CONICAL_SURFACE('',#12047,3.,0.785398163397449);
#124=CONICAL_SURFACE('',#12050,3.,0.785398163397449);
#125=CONICAL_SURFACE('',#12056,3.,0.785398163397449);
#126=CONICAL_SURFACE('',#12058,3.,0.785398163397449);
#127=CONICAL_SURFACE('',#12063,3.,0.785398163397449);
#128=CONICAL_SURFACE('',#12066,3.,0.785398163397449);
#129=CONICAL_SURFACE('',#12071,3.,0.785398163397449);
#130=CONICAL_SURFACE('',#12073,3.,0.785398163397449);
#131=CONICAL_SURFACE('',#12079,3.,0.785398163397449);
#132=CONICAL_SURFACE('',#12082,3.,0.785398163397449);
#133=CONICAL_SURFACE('',#12087,3.,0.785398163397449);
#134=CONICAL_SURFACE('',#12089,3.,0.785398163397449);
#135=CONICAL_SURFACE('',#12095,3.,0.785398163397449);
#136=CONICAL_SURFACE('',#12098,3.,0.785398163397449);
#137=CONICAL_SURFACE('',#12103,3.,0.785398163397449);
#138=CONICAL_SURFACE('',#12105,3.,0.785398163397449);
#139=CONICAL_SURFACE('',#12111,3.,0.785398163397449);
#140=CONICAL_SURFACE('',#12114,3.,0.785398163397449);
#141=CONICAL_SURFACE('',#12119,3.,0.785398163397449);
#142=CONICAL_SURFACE('',#12121,3.,0.785398163397449);
#143=CONICAL_SURFACE('',#12127,3.,0.785398163397449);
#144=CONICAL_SURFACE('',#12130,3.,0.785398163397449);
#145=CONICAL_SURFACE('',#12135,3.,0.785398163397449);
#146=CONICAL_SURFACE('',#12137,3.,0.785398163397449);
#147=CONICAL_SURFACE('',#12143,3.,0.785398163397449);
#148=CONICAL_SURFACE('',#12146,3.,0.785398163397449);
#149=CONICAL_SURFACE('',#12151,3.,0.785398163397449);
#150=CONICAL_SURFACE('',#12153,3.,0.785398163397449);
#151=CONICAL_SURFACE('',#12159,3.,0.785398163397449);
#152=CONICAL_SURFACE('',#12162,3.,0.785398163397449);
#153=CONICAL_SURFACE('',#12167,3.,0.785398163397449);
#154=CONICAL_SURFACE('',#12169,3.,0.785398163397449);
#155=CONICAL_SURFACE('',#12175,3.,0.785398163397449);
#156=CONICAL_SURFACE('',#12178,3.,0.785398163397449);
#157=CONICAL_SURFACE('',#12183,3.,0.785398163397449);
#158=CONICAL_SURFACE('',#12185,3.,0.785398163397449);
#159=CONICAL_SURFACE('',#12191,3.,0.785398163397449);
#160=CONICAL_SURFACE('',#12194,3.,0.785398163397449);
#161=CONICAL_SURFACE('',#12199,3.,0.785398163397449);
#162=CONICAL_SURFACE('',#12201,3.,0.785398163397449);
#163=CONICAL_SURFACE('',#12207,3.,0.785398163397449);
#164=CONICAL_SURFACE('',#12210,3.,0.785398163397449);
#165=CONICAL_SURFACE('',#12215,3.,0.785398163397449);
#166=CONICAL_SURFACE('',#12217,3.,0.785398163397449);
#167=CONICAL_SURFACE('',#12223,3.,0.785398163397449);
#168=CONICAL_SURFACE('',#12226,3.,0.785398163397449);
#169=CONICAL_SURFACE('',#12231,3.,0.785398163397449);
#170=CONICAL_SURFACE('',#12233,3.,0.785398163397449);
#171=CONICAL_SURFACE('',#12239,3.,0.785398163397449);
#172=CONICAL_SURFACE('',#12242,3.,0.785398163397449);
#173=CONICAL_SURFACE('',#12247,3.,0.785398163397449);
#174=CONICAL_SURFACE('',#12249,3.,0.785398163397449);
#175=CONICAL_SURFACE('',#12255,3.,0.785398163397449);
#176=CONICAL_SURFACE('',#12258,3.,0.785398163397449);
#177=CONICAL_SURFACE('',#12263,3.,0.785398163397449);
#178=CONICAL_SURFACE('',#12265,3.,0.785398163397449);
#179=CONICAL_SURFACE('',#12271,3.,0.785398163397449);
#180=CONICAL_SURFACE('',#12274,3.,0.785398163397449);
#181=CONICAL_SURFACE('',#12279,3.,0.785398163397449);
#182=CONICAL_SURFACE('',#12281,3.,0.785398163397449);
#183=CONICAL_SURFACE('',#12287,3.,0.785398163397449);
#184=CONICAL_SURFACE('',#12290,3.,0.785398163397449);
#185=CONICAL_SURFACE('',#12295,3.,0.785398163397449);
#186=CONICAL_SURFACE('',#12297,3.,0.785398163397449);
#187=CONICAL_SURFACE('',#12303,3.,0.785398163397449);
#188=CONICAL_SURFACE('',#12306,3.,0.785398163397449);
#189=CONICAL_SURFACE('',#12311,3.,0.785398163397449);
#190=CONICAL_SURFACE('',#12313,3.,0.785398163397449);
#191=CONICAL_SURFACE('',#12319,3.,0.785398163397449);
#192=CONICAL_SURFACE('',#12322,3.,0.785398163397449);
#193=CONICAL_SURFACE('',#12327,3.,0.785398163397449);
#194=CONICAL_SURFACE('',#12329,3.,0.785398163397449);
#195=CONICAL_SURFACE('',#12335,3.,0.785398163397449);
#196=CONICAL_SURFACE('',#12338,3.,0.785398163397449);
#197=CONICAL_SURFACE('',#12343,3.,0.785398163397449);
#198=CONICAL_SURFACE('',#12345,3.,0.785398163397449);
#199=CONICAL_SURFACE('',#12351,3.,0.785398163397449);
#200=CONICAL_SURFACE('',#12354,3.,0.785398163397449);
#201=CONICAL_SURFACE('',#12359,3.,0.785398163397449);
#202=CONICAL_SURFACE('',#12361,3.,0.785398163397449);
#203=CONICAL_SURFACE('',#12367,3.,0.785398163397449);
#204=CONICAL_SURFACE('',#12370,3.,0.785398163397449);
#205=CONICAL_SURFACE('',#12375,3.,0.785398163397449);
#206=CONICAL_SURFACE('',#12377,3.,0.785398163397449);
#207=CONICAL_SURFACE('',#12383,3.,0.785398163397449);
#208=CONICAL_SURFACE('',#12386,3.,0.785398163397449);
#209=CONICAL_SURFACE('',#12391,3.,0.785398163397449);
#210=CONICAL_SURFACE('',#12393,3.,0.785398163397449);
#211=CONICAL_SURFACE('',#12399,3.,0.785398163397449);
#212=CONICAL_SURFACE('',#12402,3.,0.785398163397449);
#213=CONICAL_SURFACE('',#12407,3.,0.785398163397449);
#214=CONICAL_SURFACE('',#12409,3.,0.785398163397449);
#215=CONICAL_SURFACE('',#12415,3.,0.785398163397449);
#216=CONICAL_SURFACE('',#12418,3.,0.785398163397449);
#217=CONICAL_SURFACE('',#12423,3.,0.785398163397449);
#218=CONICAL_SURFACE('',#12425,3.,0.785398163397449);
#219=CONICAL_SURFACE('',#12431,3.,0.785398163397449);
#220=CONICAL_SURFACE('',#12434,3.,0.785398163397449);
#221=CONICAL_SURFACE('',#12439,3.,0.785398163397449);
#222=CONICAL_SURFACE('',#12441,3.,0.785398163397449);
#223=CONICAL_SURFACE('',#12447,3.,0.785398163397449);
#224=CONICAL_SURFACE('',#12450,3.,0.785398163397449);
#225=CONICAL_SURFACE('',#12455,3.,0.785398163397449);
#226=CONICAL_SURFACE('',#12457,3.,0.785398163397449);
#227=CONICAL_SURFACE('',#12463,3.,0.785398163397449);
#228=CONICAL_SURFACE('',#12466,3.,0.785398163397449);
#229=CONICAL_SURFACE('',#12472,3.,0.785398163397449);
#230=CONICAL_SURFACE('',#12474,3.,0.785398163397449);
#231=CONICAL_SURFACE('',#12479,3.,0.785398163397449);
#232=CONICAL_SURFACE('',#12482,3.,0.785398163397449);
#233=CONICAL_SURFACE('',#12488,3.,0.785398163397449);
#234=CONICAL_SURFACE('',#12490,3.,0.785398163397449);
#235=CONICAL_SURFACE('',#12495,3.,0.785398163397449);
#236=CONICAL_SURFACE('',#12498,3.,0.785398163397449);
#237=CONICAL_SURFACE('',#12504,3.,0.785398163397449);
#238=CONICAL_SURFACE('',#12506,3.,0.785398163397449);
#239=CONICAL_SURFACE('',#12511,3.,0.785398163397449);
#240=CONICAL_SURFACE('',#12514,3.,0.785398163397449);
#241=CONICAL_SURFACE('',#12520,3.,0.785398163397449);
#242=CONICAL_SURFACE('',#12522,3.,0.785398163397449);
#243=CONICAL_SURFACE('',#12527,3.,0.785398163397449);
#244=CONICAL_SURFACE('',#12530,3.,0.785398163397449);
#245=CONICAL_SURFACE('',#12536,3.,0.785398163397449);
#246=CONICAL_SURFACE('',#12538,3.,0.785398163397449);
#247=CONICAL_SURFACE('',#12543,3.,0.785398163397449);
#248=CONICAL_SURFACE('',#12546,3.,0.785398163397449);
#249=CONICAL_SURFACE('',#12552,3.,0.785398163397449);
#250=CONICAL_SURFACE('',#12554,3.,0.785398163397449);
#251=CONICAL_SURFACE('',#12559,3.,0.785398163397449);
#252=CONICAL_SURFACE('',#12562,3.,0.785398163397449);
#253=CONICAL_SURFACE('',#12568,3.,0.785398163397449);
#254=CONICAL_SURFACE('',#12570,3.,0.785398163397449);
#255=CONICAL_SURFACE('',#12575,3.,0.785398163397449);
#256=CONICAL_SURFACE('',#12578,3.,0.785398163397449);
#257=CONICAL_SURFACE('',#12584,3.,0.785398163397449);
#258=CONICAL_SURFACE('',#12586,3.,0.785398163397449);
#259=CONICAL_SURFACE('',#12591,3.,0.785398163397449);
#260=CONICAL_SURFACE('',#12594,3.,0.785398163397449);
#261=CONICAL_SURFACE('',#12600,3.,0.785398163397449);
#262=CONICAL_SURFACE('',#12602,3.,0.785398163397449);
#263=CONICAL_SURFACE('',#12607,3.,0.785398163397449);
#264=CONICAL_SURFACE('',#12610,3.,0.785398163397449);
#265=CONICAL_SURFACE('',#12616,3.,0.785398163397449);
#266=CONICAL_SURFACE('',#12618,3.,0.785398163397449);
#267=CONICAL_SURFACE('',#12623,3.,0.785398163397449);
#268=CONICAL_SURFACE('',#12626,3.,0.785398163397449);
#269=CONICAL_SURFACE('',#12632,3.,0.785398163397449);
#270=CONICAL_SURFACE('',#12634,3.,0.785398163397449);
#271=CONICAL_SURFACE('',#12639,3.,0.785398163397449);
#272=CONICAL_SURFACE('',#12642,3.,0.785398163397449);
#273=CONICAL_SURFACE('',#12648,3.,0.785398163397449);
#274=CONICAL_SURFACE('',#12650,3.,0.785398163397449);
#275=CONICAL_SURFACE('',#12655,3.,0.785398163397449);
#276=CONICAL_SURFACE('',#12658,3.,0.785398163397449);
#277=CONICAL_SURFACE('',#12664,3.,0.785398163397449);
#278=CONICAL_SURFACE('',#12666,3.,0.785398163397449);
#279=CONICAL_SURFACE('',#12671,3.,0.785398163397449);
#280=CONICAL_SURFACE('',#12674,3.,0.785398163397449);
#281=CONICAL_SURFACE('',#12680,3.,0.785398163397449);
#282=CONICAL_SURFACE('',#12682,3.,0.785398163397449);
#283=CONICAL_SURFACE('',#12687,3.,0.785398163397449);
#284=CONICAL_SURFACE('',#12690,3.,0.785398163397449);
#285=CONICAL_SURFACE('',#12696,3.,0.785398163397449);
#286=CONICAL_SURFACE('',#12698,3.,0.785398163397449);
#287=FACE_BOUND('',#1902,.T.);
#288=FACE_BOUND('',#1903,.T.);
#289=FACE_BOUND('',#1904,.T.);
#290=FACE_BOUND('',#1905,.T.);
#291=FACE_BOUND('',#1906,.T.);
#292=FACE_BOUND('',#1907,.T.);
#293=FACE_BOUND('',#1908,.T.);
#294=FACE_BOUND('',#1909,.T.);
#295=FACE_BOUND('',#1910,.T.);
#296=FACE_BOUND('',#1911,.T.);
#297=FACE_BOUND('',#1912,.T.);
#298=FACE_BOUND('',#1913,.T.);
#299=FACE_BOUND('',#1914,.T.);
#300=FACE_BOUND('',#1915,.T.);
#301=FACE_BOUND('',#1916,.T.);
#302=FACE_BOUND('',#1917,.T.);
#303=FACE_BOUND('',#1918,.T.);
#304=FACE_BOUND('',#1919,.T.);
#305=FACE_BOUND('',#1920,.T.);
#306=FACE_BOUND('',#1921,.T.);
#307=FACE_BOUND('',#1922,.T.);
#308=FACE_BOUND('',#1923,.T.);
#309=FACE_BOUND('',#1924,.T.);
#310=FACE_BOUND('',#1925,.T.);
#311=FACE_BOUND('',#1926,.T.);
#312=FACE_BOUND('',#1927,.T.);
#313=FACE_BOUND('',#1928,.T.);
#314=FACE_BOUND('',#1929,.T.);
#315=FACE_BOUND('',#1930,.T.);
#316=FACE_BOUND('',#1931,.T.);
#317=FACE_BOUND('',#1932,.T.);
#318=FACE_BOUND('',#1933,.T.);
#319=FACE_BOUND('',#1934,.T.);
#320=FACE_BOUND('',#1935,.T.);
#321=FACE_BOUND('',#1936,.T.);
#322=FACE_BOUND('',#1937,.T.);
#323=FACE_BOUND('',#1938,.T.);
#324=FACE_BOUND('',#1939,.T.);
#325=FACE_BOUND('',#1940,.T.);
#326=FACE_BOUND('',#1941,.T.);
#327=FACE_BOUND('',#1942,.T.);
#328=FACE_BOUND('',#1966,.T.);
#329=FACE_BOUND('',#1967,.T.);
#330=FACE_BOUND('',#1968,.T.);
#331=FACE_BOUND('',#1969,.T.);
#332=FACE_BOUND('',#1970,.T.);
#333=FACE_BOUND('',#1983,.T.);
#334=FACE_BOUND('',#1984,.T.);
#335=FACE_BOUND('',#1985,.T.);
#336=FACE_BOUND('',#1986,.T.);
#337=FACE_BOUND('',#1987,.T.);
#338=FACE_BOUND('',#1988,.T.);
#339=FACE_BOUND('',#1989,.T.);
#340=FACE_BOUND('',#1990,.T.);
#341=FACE_BOUND('',#1991,.T.);
#342=FACE_BOUND('',#1992,.T.);
#343=FACE_BOUND('',#1993,.T.);
#344=FACE_BOUND('',#1994,.T.);
#345=FACE_BOUND('',#1995,.T.);
#346=FACE_BOUND('',#1996,.T.);
#347=FACE_BOUND('',#1997,.T.);
#348=FACE_BOUND('',#1998,.T.);
#349=FACE_BOUND('',#1999,.T.);
#350=FACE_BOUND('',#2000,.T.);
#351=FACE_BOUND('',#2001,.T.);
#352=FACE_BOUND('',#2002,.T.);
#353=FACE_BOUND('',#2003,.T.);
#354=FACE_BOUND('',#2004,.T.);
#355=FACE_BOUND('',#2005,.T.);
#356=FACE_BOUND('',#2006,.T.);
#357=FACE_BOUND('',#2007,.T.);
#358=FACE_BOUND('',#2008,.T.);
#359=FACE_BOUND('',#2009,.T.);
#360=FACE_BOUND('',#2010,.T.);
#361=FACE_BOUND('',#2011,.T.);
#362=FACE_BOUND('',#2012,.T.);
#363=FACE_BOUND('',#2013,.T.);
#364=FACE_BOUND('',#2014,.T.);
#365=FACE_BOUND('',#2015,.T.);
#366=FACE_BOUND('',#2016,.T.);
#367=FACE_BOUND('',#2017,.T.);
#368=FACE_BOUND('',#2018,.T.);
#369=FACE_BOUND('',#2019,.T.);
#370=FACE_BOUND('',#2020,.T.);
#371=FACE_BOUND('',#2021,.T.);
#372=FACE_BOUND('',#2022,.T.);
#373=FACE_BOUND('',#2023,.T.);
#374=CIRCLE('',#11463,5.50000000000001);
#375=CIRCLE('',#11465,5.50000000000001);
#376=CIRCLE('',#11468,5.50000000000001);
#377=CIRCLE('',#11471,5.50000000000001);
#378=CIRCLE('',#11473,3.4);
#379=CIRCLE('',#11474,3.4);
#380=CIRCLE('',#11475,3.4);
#381=CIRCLE('',#11476,3.4);
#382=CIRCLE('',#11477,3.4);
#383=CIRCLE('',#11478,3.4);
#384=CIRCLE('',#11479,3.4);
#385=CIRCLE('',#11480,3.4);
#386=CIRCLE('',#11481,3.4);
#387=CIRCLE('',#11482,3.4);
#388=CIRCLE('',#11483,3.4);
#389=CIRCLE('',#11484,3.4);
#390=CIRCLE('',#11485,3.4);
#391=CIRCLE('',#11486,3.4);
#392=CIRCLE('',#11487,3.4);
#393=CIRCLE('',#11488,3.4);
#394=CIRCLE('',#11489,3.4);
#395=CIRCLE('',#11490,3.4);
#396=CIRCLE('',#11491,3.4);
#397=CIRCLE('',#11492,3.4);
#398=CIRCLE('',#11493,3.4);
#399=CIRCLE('',#11494,3.4);
#400=CIRCLE('',#11495,3.4);
#401=CIRCLE('',#11496,3.4);
#402=CIRCLE('',#11497,3.4);
#403=CIRCLE('',#11498,3.4);
#404=CIRCLE('',#11499,3.4);
#405=CIRCLE('',#11500,3.4);
#406=CIRCLE('',#11501,3.4);
#407=CIRCLE('',#11502,3.4);
#408=CIRCLE('',#11503,3.4);
#409=CIRCLE('',#11504,3.4);
#410=CIRCLE('',#11505,3.4);
#411=CIRCLE('',#11506,3.4);
#412=CIRCLE('',#11507,3.4);
#413=CIRCLE('',#11508,3.4);
#414=CIRCLE('',#11509,3.4);
#415=CIRCLE('',#11510,3.4);
#416=CIRCLE('',#11511,3.4);
#417=CIRCLE('',#11512,3.4);
#418=CIRCLE('',#11513,3.4);
#419=CIRCLE('',#11514,3.4);
#420=CIRCLE('',#11515,3.4);
#421=CIRCLE('',#11516,3.4);
#422=CIRCLE('',#11517,3.4);
#423=CIRCLE('',#11518,3.4);
#424=CIRCLE('',#11519,3.4);
#425=CIRCLE('',#11520,3.4);
#426=CIRCLE('',#11521,3.4);
#427=CIRCLE('',#11522,3.4);
#428=CIRCLE('',#11523,3.4);
#429=CIRCLE('',#11524,3.4);
#430=CIRCLE('',#11525,3.4);
#431=CIRCLE('',#11526,3.4);
#432=CIRCLE('',#11527,3.4);
#433=CIRCLE('',#11528,3.4);
#434=CIRCLE('',#11529,3.4);
#435=CIRCLE('',#11530,3.4);
#436=CIRCLE('',#11531,3.4);
#437=CIRCLE('',#11532,3.4);
#438=CIRCLE('',#11533,3.4);
#439=CIRCLE('',#11534,3.4);
#440=CIRCLE('',#11535,3.4);
#441=CIRCLE('',#11536,3.4);
#442=CIRCLE('',#11537,3.4);
#443=CIRCLE('',#11538,3.4);
#444=CIRCLE('',#11539,3.4);
#445=CIRCLE('',#11540,3.4);
#446=CIRCLE('',#11541,3.4);
#447=CIRCLE('',#11542,3.4);
#448=CIRCLE('',#11543,3.4);
#449=CIRCLE('',#11544,3.4);
#450=CIRCLE('',#11545,3.4);
#451=CIRCLE('',#11546,3.4);
#452=CIRCLE('',#11547,3.4);
#453=CIRCLE('',#11548,3.4);
#454=CIRCLE('',#11549,3.4);
#455=CIRCLE('',#11550,3.4);
#456=CIRCLE('',#11551,3.4);
#457=CIRCLE('',#11552,3.4);
#458=CIRCLE('',#11553,3.4);
#459=CIRCLE('',#11554,3.4);
#460=CIRCLE('',#11573,8.00000000000023);
#461=CIRCLE('',#11574,9.);
#462=CIRCLE('',#11577,8.00000000000001);
#463=CIRCLE('',#11578,8.99999999999995);
#464=CIRCLE('',#11581,8.00000000001088);
#465=CIRCLE('',#11582,9.000000000011);
#466=CIRCLE('',#11585,7.99999999999236);
#467=CIRCLE('',#11586,8.99999999999231);
#468=CIRCLE('',#11588,8.99999999999995);
#469=CIRCLE('',#11591,9.);
#470=CIRCLE('',#11594,0.900000000000096);
#471=CIRCLE('',#11595,3.40000000000003);
#472=CIRCLE('',#11596,0.900000000000058);
#473=CIRCLE('',#11597,3.40000000000004);
#474=CIRCLE('',#11598,0.900000000000038);
#475=CIRCLE('',#11599,3.40000000000004);
#476=CIRCLE('',#11600,0.900000000000058);
#477=CIRCLE('',#11601,3.40000000000003);
#478=CIRCLE('',#11602,0.900000000000096);
#479=CIRCLE('',#11603,3.40000000000003);
#480=CIRCLE('',#11604,0.900000000000058);
#481=CIRCLE('',#11605,3.40000000000004);
#482=CIRCLE('',#11606,0.900000000000038);
#483=CIRCLE('',#11607,3.40000000000004);
#484=CIRCLE('',#11608,0.900000000000058);
#485=CIRCLE('',#11609,3.40000000000003);
#486=CIRCLE('',#11610,5.50000000000001);
#487=CIRCLE('',#11611,5.50000000000001);
#488=CIRCLE('',#11612,5.50000000000001);
#489=CIRCLE('',#11613,5.50000000000001);
#490=CIRCLE('',#11614,0.900000000000036);
#491=CIRCLE('',#11615,3.4);
#492=CIRCLE('',#11616,0.900000000000023);
#493=CIRCLE('',#11617,3.40000000000001);
#494=CIRCLE('',#11618,0.900000000000027);
#495=CIRCLE('',#11619,3.40000000000001);
#496=CIRCLE('',#11620,0.900000000000023);
#497=CIRCLE('',#11621,3.4);
#498=CIRCLE('',#11622,0.900000000000096);
#499=CIRCLE('',#11623,3.40000000000003);
#500=CIRCLE('',#11624,0.900000000000058);
#501=CIRCLE('',#11625,3.40000000000004);
#502=CIRCLE('',#11626,0.900000000000038);
#503=CIRCLE('',#11627,3.40000000000004);
#504=CIRCLE('',#11628,0.900000000000058);
#505=CIRCLE('',#11629,3.40000000000003);
#506=CIRCLE('',#11632,7.99999999999231);
#507=CIRCLE('',#11633,8.99999999999231);
#508=CIRCLE('',#11636,8.00000000001101);
#509=CIRCLE('',#11637,9.000000000011);
#510=CIRCLE('',#11640,7.99999999999995);
#511=CIRCLE('',#11643,8.00000000000001);
#512=CIRCLE('',#11648,3.4);
#513=CIRCLE('',#11649,3.4);
#514=CIRCLE('',#11650,3.4);
#515=CIRCLE('',#11651,3.4);
#516=CIRCLE('',#11652,3.4);
#517=CIRCLE('',#11653,3.4);
#518=CIRCLE('',#11654,3.4);
#519=CIRCLE('',#11655,3.4);
#520=CIRCLE('',#11656,3.4);
#521=CIRCLE('',#11657,3.4);
#522=CIRCLE('',#11658,3.4);
#523=CIRCLE('',#11659,3.4);
#524=CIRCLE('',#11660,3.4);
#525=CIRCLE('',#11661,3.4);
#526=CIRCLE('',#11662,3.4);
#527=CIRCLE('',#11663,3.4);
#528=CIRCLE('',#11664,3.4);
#529=CIRCLE('',#11665,3.4);
#530=CIRCLE('',#11666,3.4);
#531=CIRCLE('',#11667,3.4);
#532=CIRCLE('',#11668,3.4);
#533=CIRCLE('',#11669,3.4);
#534=CIRCLE('',#11670,3.4);
#535=CIRCLE('',#11671,3.4);
#536=CIRCLE('',#11672,3.4);
#537=CIRCLE('',#11673,3.4);
#538=CIRCLE('',#11674,3.4);
#539=CIRCLE('',#11675,3.4);
#540=CIRCLE('',#11676,3.4);
#541=CIRCLE('',#11677,3.4);
#542=CIRCLE('',#11678,3.4);
#543=CIRCLE('',#11679,3.4);
#544=CIRCLE('',#11680,3.4);
#545=CIRCLE('',#11681,3.4);
#546=CIRCLE('',#11682,3.4);
#547=CIRCLE('',#11683,3.4);
#548=CIRCLE('',#11684,3.4);
#549=CIRCLE('',#11685,3.4);
#550=CIRCLE('',#11686,3.4);
#551=CIRCLE('',#11687,3.4);
#552=CIRCLE('',#11688,3.4);
#553=CIRCLE('',#11689,3.4);
#554=CIRCLE('',#11690,3.4);
#555=CIRCLE('',#11691,3.4);
#556=CIRCLE('',#11692,3.4);
#557=CIRCLE('',#11693,3.4);
#558=CIRCLE('',#11694,3.4);
#559=CIRCLE('',#11695,3.4);
#560=CIRCLE('',#11696,3.4);
#561=CIRCLE('',#11697,3.4);
#562=CIRCLE('',#11698,3.4);
#563=CIRCLE('',#11699,3.4);
#564=CIRCLE('',#11700,3.4);
#565=CIRCLE('',#11701,3.4);
#566=CIRCLE('',#11702,3.4);
#567=CIRCLE('',#11703,3.4);
#568=CIRCLE('',#11704,3.4);
#569=CIRCLE('',#11705,3.4);
#570=CIRCLE('',#11706,3.4);
#571=CIRCLE('',#11707,3.4);
#572=CIRCLE('',#11708,3.4);
#573=CIRCLE('',#11709,3.4);
#574=CIRCLE('',#11710,3.4);
#575=CIRCLE('',#11711,3.4);
#576=CIRCLE('',#11712,3.4);
#577=CIRCLE('',#11713,3.4);
#578=CIRCLE('',#11714,3.4);
#579=CIRCLE('',#11715,3.4);
#580=CIRCLE('',#11716,3.4);
#581=CIRCLE('',#11717,3.4);
#582=CIRCLE('',#11718,3.4);
#583=CIRCLE('',#11719,3.4);
#584=CIRCLE('',#11720,3.4);
#585=CIRCLE('',#11721,3.4);
#586=CIRCLE('',#11722,3.4);
#587=CIRCLE('',#11723,3.4);
#588=CIRCLE('',#11724,3.4);
#589=CIRCLE('',#11725,3.4);
#590=CIRCLE('',#11726,3.4);
#591=CIRCLE('',#11727,3.4);
#592=CIRCLE('',#11728,3.4);
#593=CIRCLE('',#11729,3.4);
#594=CIRCLE('',#11731,3.5);
#595=CIRCLE('',#11733,3.5);
#596=CIRCLE('',#11735,3.5);
#597=CIRCLE('',#11737,3.5);
#598=CIRCLE('',#11739,0.3);
#599=CIRCLE('',#11741,2.79999999999999);
#600=CIRCLE('',#11743,0.3);
#601=CIRCLE('',#11745,2.79999999999999);
#602=CIRCLE('',#11747,0.3);
#603=CIRCLE('',#11749,2.79999999999999);
#604=CIRCLE('',#11751,0.3);
#605=CIRCLE('',#11753,2.79999999999999);
#606=CIRCLE('',#11755,0.600000000000007);
#607=CIRCLE('',#11757,0.600000000000007);
#608=CIRCLE('',#11759,0.600000000000007);
#609=CIRCLE('',#11761,0.600000000000007);
#610=CIRCLE('',#11763,0.600000000000007);
#611=CIRCLE('',#11765,0.600000000000007);
#612=CIRCLE('',#11767,0.600000000000007);
#613=CIRCLE('',#11769,0.600000000000007);
#614=CIRCLE('',#11771,0.600000000000007);
#615=CIRCLE('',#11773,0.3);
#616=CIRCLE('',#11775,0.600000000000007);
#617=CIRCLE('',#11777,0.600000000000007);
#618=CIRCLE('',#11779,0.3);
#619=CIRCLE('',#11781,0.600000000000007);
#620=CIRCLE('',#11783,3.1);
#621=CIRCLE('',#11784,2.79999999999999);
#622=CIRCLE('',#11785,3.1);
#623=CIRCLE('',#11786,2.79999999999999);
#624=CIRCLE('',#11787,3.1);
#625=CIRCLE('',#11788,2.79999999999999);
#626=CIRCLE('',#11789,3.1);
#627=CIRCLE('',#11790,2.79999999999999);
#628=CIRCLE('',#11791,3.1);
#629=CIRCLE('',#11793,0.600000000000007);
#630=CIRCLE('',#11795,0.3);
#631=CIRCLE('',#11797,0.600000000000007);
#632=CIRCLE('',#11799,0.600000000000007);
#633=CIRCLE('',#11801,0.3);
#634=CIRCLE('',#11803,0.600000000000007);
#635=CIRCLE('',#11813,0.3);
#636=CIRCLE('',#11815,2.79999999999999);
#637=CIRCLE('',#11817,0.3);
#638=CIRCLE('',#11819,2.79999999999999);
#639=CIRCLE('',#11821,0.3);
#640=CIRCLE('',#11823,2.79999999999999);
#641=CIRCLE('',#11825,0.3);
#642=CIRCLE('',#11827,2.79999999999999);
#643=CIRCLE('',#11829,0.600000000000007);
#644=CIRCLE('',#11831,0.600000000000007);
#645=CIRCLE('',#11833,0.600000000000007);
#646=CIRCLE('',#11835,0.600000000000007);
#647=CIRCLE('',#11837,0.600000000000007);
#648=CIRCLE('',#11839,0.600000000000007);
#649=CIRCLE('',#11841,0.600000000000007);
#650=CIRCLE('',#11843,0.600000000000007);
#651=CIRCLE('',#11845,0.600000000000007);
#652=CIRCLE('',#11847,0.3);
#653=CIRCLE('',#11849,0.600000000000007);
#654=CIRCLE('',#11851,0.600000000000007);
#655=CIRCLE('',#11853,0.3);
#656=CIRCLE('',#11855,0.600000000000007);
#657=CIRCLE('',#11857,3.1);
#658=CIRCLE('',#11858,2.79999999999999);
#659=CIRCLE('',#11859,3.1);
#660=CIRCLE('',#11860,2.79999999999999);
#661=CIRCLE('',#11861,3.1);
#662=CIRCLE('',#11862,2.79999999999999);
#663=CIRCLE('',#11863,3.1);
#664=CIRCLE('',#11864,2.79999999999999);
#665=CIRCLE('',#11865,3.1);
#666=CIRCLE('',#11867,0.600000000000007);
#667=CIRCLE('',#11869,0.3);
#668=CIRCLE('',#11871,0.600000000000007);
#669=CIRCLE('',#11873,0.600000000000007);
#670=CIRCLE('',#11875,0.3);
#671=CIRCLE('',#11877,0.600000000000007);
#672=CIRCLE('',#11887,0.3);
#673=CIRCLE('',#11889,2.79999999999999);
#674=CIRCLE('',#11891,0.3);
#675=CIRCLE('',#11893,2.79999999999999);
#676=CIRCLE('',#11895,0.3);
#677=CIRCLE('',#11897,2.79999999999999);
#678=CIRCLE('',#11899,0.3);
#679=CIRCLE('',#11901,2.79999999999999);
#680=CIRCLE('',#11903,0.600000000000007);
#681=CIRCLE('',#11905,0.600000000000007);
#682=CIRCLE('',#11907,0.600000000000007);
#683=CIRCLE('',#11909,0.600000000000007);
#684=CIRCLE('',#11911,0.600000000000007);
#685=CIRCLE('',#11913,0.600000000000007);
#686=CIRCLE('',#11915,0.600000000000007);
#687=CIRCLE('',#11917,0.600000000000007);
#688=CIRCLE('',#11919,0.600000000000007);
#689=CIRCLE('',#11921,0.3);
#690=CIRCLE('',#11923,0.600000000000007);
#691=CIRCLE('',#11925,0.600000000000007);
#692=CIRCLE('',#11927,0.3);
#693=CIRCLE('',#11929,0.600000000000007);
#694=CIRCLE('',#11931,3.1);
#695=CIRCLE('',#11932,2.79999999999999);
#696=CIRCLE('',#11933,3.1);
#697=CIRCLE('',#11934,2.79999999999999);
#698=CIRCLE('',#11935,3.1);
#699=CIRCLE('',#11936,2.79999999999999);
#700=CIRCLE('',#11937,3.1);
#701=CIRCLE('',#11938,2.79999999999999);
#702=CIRCLE('',#11939,3.1);
#703=CIRCLE('',#11941,0.600000000000007);
#704=CIRCLE('',#11943,0.3);
#705=CIRCLE('',#11945,0.600000000000007);
#706=CIRCLE('',#11947,0.600000000000007);
#707=CIRCLE('',#11949,0.3);
#708=CIRCLE('',#11951,0.600000000000007);
#709=CIRCLE('',#11961,0.3);
#710=CIRCLE('',#11963,2.79999999999999);
#711=CIRCLE('',#11965,0.3);
#712=CIRCLE('',#11967,2.79999999999999);
#713=CIRCLE('',#11969,0.3);
#714=CIRCLE('',#11971,2.79999999999999);
#715=CIRCLE('',#11973,0.3);
#716=CIRCLE('',#11975,2.79999999999999);
#717=CIRCLE('',#11977,0.600000000000007);
#718=CIRCLE('',#11979,0.600000000000007);
#719=CIRCLE('',#11981,0.600000000000007);
#720=CIRCLE('',#11983,0.600000000000007);
#721=CIRCLE('',#11985,0.600000000000007);
#722=CIRCLE('',#11987,0.600000000000007);
#723=CIRCLE('',#11989,0.600000000000007);
#724=CIRCLE('',#11991,0.600000000000007);
#725=CIRCLE('',#11993,0.600000000000007);
#726=CIRCLE('',#11995,0.3);
#727=CIRCLE('',#11997,0.600000000000007);
#728=CIRCLE('',#11999,2.79999999999999);
#729=CIRCLE('',#12001,0.600000000000007);
#730=CIRCLE('',#12003,0.3);
#731=CIRCLE('',#12005,0.600000000000007);
#732=CIRCLE('',#12007,2.79999999999999);
#733=CIRCLE('',#12009,3.1);
#734=CIRCLE('',#12010,2.79999999999999);
#735=CIRCLE('',#12011,3.1);
#736=CIRCLE('',#12012,2.79999999999999);
#737=CIRCLE('',#12013,3.1);
#738=CIRCLE('',#12014,3.1);
#739=CIRCLE('',#12015,3.1);
#740=CIRCLE('',#12017,0.600000000000007);
#741=CIRCLE('',#12019,0.3);
#742=CIRCLE('',#12021,0.600000000000007);
#743=CIRCLE('',#12024,0.600000000000007);
#744=CIRCLE('',#12026,0.3);
#745=CIRCLE('',#12028,0.600000000000007);
#746=CIRCLE('',#12048,2.6);
#747=CIRCLE('',#12051,2.6);
#748=CIRCLE('',#12053,2.6);
#749=CIRCLE('',#12059,2.6);
#750=CIRCLE('',#12064,2.6);
#751=CIRCLE('',#12067,2.6);
#752=CIRCLE('',#12069,2.6);
#753=CIRCLE('',#12074,2.6);
#754=CIRCLE('',#12080,2.6);
#755=CIRCLE('',#12083,2.6);
#756=CIRCLE('',#12085,2.6);
#757=CIRCLE('',#12090,2.6);
#758=CIRCLE('',#12096,2.6);
#759=CIRCLE('',#12099,2.6);
#760=CIRCLE('',#12101,2.6);
#761=CIRCLE('',#12106,2.6);
#762=CIRCLE('',#12112,2.6);
#763=CIRCLE('',#12115,2.6);
#764=CIRCLE('',#12117,2.6);
#765=CIRCLE('',#12122,2.6);
#766=CIRCLE('',#12128,2.6);
#767=CIRCLE('',#12131,2.6);
#768=CIRCLE('',#12133,2.6);
#769=CIRCLE('',#12138,2.6);
#770=CIRCLE('',#12144,2.6);
#771=CIRCLE('',#12147,2.6);
#772=CIRCLE('',#12149,2.6);
#773=CIRCLE('',#12154,2.6);
#774=CIRCLE('',#12160,2.6);
#775=CIRCLE('',#12163,2.6);
#776=CIRCLE('',#12165,2.6);
#777=CIRCLE('',#12170,2.6);
#778=CIRCLE('',#12176,2.6);
#779=CIRCLE('',#12179,2.6);
#780=CIRCLE('',#12181,2.6);
#781=CIRCLE('',#12186,2.6);
#782=CIRCLE('',#12192,2.6);
#783=CIRCLE('',#12195,2.6);
#784=CIRCLE('',#12197,2.6);
#785=CIRCLE('',#12202,2.6);
#786=CIRCLE('',#12208,2.6);
#787=CIRCLE('',#12211,2.6);
#788=CIRCLE('',#12213,2.6);
#789=CIRCLE('',#12218,2.6);
#790=CIRCLE('',#12224,2.6);
#791=CIRCLE('',#12227,2.6);
#792=CIRCLE('',#12229,2.6);
#793=CIRCLE('',#12234,2.6);
#794=CIRCLE('',#12240,2.6);
#795=CIRCLE('',#12243,2.6);
#796=CIRCLE('',#12245,2.6);
#797=CIRCLE('',#12250,2.6);
#798=CIRCLE('',#12256,2.6);
#799=CIRCLE('',#12259,2.6);
#800=CIRCLE('',#12261,2.6);
#801=CIRCLE('',#12266,2.6);
#802=CIRCLE('',#12272,2.6);
#803=CIRCLE('',#12275,2.6);
#804=CIRCLE('',#12277,2.6);
#805=CIRCLE('',#12282,2.6);
#806=CIRCLE('',#12288,2.6);
#807=CIRCLE('',#12291,2.6);
#808=CIRCLE('',#12293,2.6);
#809=CIRCLE('',#12298,2.6);
#810=CIRCLE('',#12304,2.6);
#811=CIRCLE('',#12307,2.6);
#812=CIRCLE('',#12309,2.6);
#813=CIRCLE('',#12314,2.6);
#814=CIRCLE('',#12320,2.6);
#815=CIRCLE('',#12323,2.6);
#816=CIRCLE('',#12325,2.6);
#817=CIRCLE('',#12330,2.6);
#818=CIRCLE('',#12336,2.6);
#819=CIRCLE('',#12339,2.6);
#820=CIRCLE('',#12341,2.6);
#821=CIRCLE('',#12346,2.6);
#822=CIRCLE('',#12352,2.6);
#823=CIRCLE('',#12355,2.6);
#824=CIRCLE('',#12357,2.6);
#825=CIRCLE('',#12362,2.6);
#826=CIRCLE('',#12368,2.6);
#827=CIRCLE('',#12371,2.6);
#828=CIRCLE('',#12373,2.6);
#829=CIRCLE('',#12378,2.6);
#830=CIRCLE('',#12384,2.6);
#831=CIRCLE('',#12387,2.6);
#832=CIRCLE('',#12389,2.6);
#833=CIRCLE('',#12394,2.6);
#834=CIRCLE('',#12400,2.6);
#835=CIRCLE('',#12403,2.6);
#836=CIRCLE('',#12405,2.6);
#837=CIRCLE('',#12410,2.6);
#838=CIRCLE('',#12416,2.6);
#839=CIRCLE('',#12419,2.6);
#840=CIRCLE('',#12421,2.6);
#841=CIRCLE('',#12426,2.6);
#842=CIRCLE('',#12432,2.6);
#843=CIRCLE('',#12435,2.6);
#844=CIRCLE('',#12437,2.6);
#845=CIRCLE('',#12442,2.6);
#846=CIRCLE('',#12448,2.6);
#847=CIRCLE('',#12451,2.6);
#848=CIRCLE('',#12453,2.6);
#849=CIRCLE('',#12458,2.6);
#850=CIRCLE('',#12464,2.6);
#851=CIRCLE('',#12467,2.6);
#852=CIRCLE('',#12469,2.6);
#853=CIRCLE('',#12475,2.6);
#854=CIRCLE('',#12480,2.6);
#855=CIRCLE('',#12483,2.6);
#856=CIRCLE('',#12485,2.6);
#857=CIRCLE('',#12491,2.6);
#858=CIRCLE('',#12496,2.6);
#859=CIRCLE('',#12499,2.6);
#860=CIRCLE('',#12501,2.6);
#861=CIRCLE('',#12507,2.6);
#862=CIRCLE('',#12512,2.6);
#863=CIRCLE('',#12515,2.6);
#864=CIRCLE('',#12517,2.6);
#865=CIRCLE('',#12523,2.6);
#866=CIRCLE('',#12528,2.6);
#867=CIRCLE('',#12531,2.6);
#868=CIRCLE('',#12533,2.6);
#869=CIRCLE('',#12539,2.6);
#870=CIRCLE('',#12544,2.6);
#871=CIRCLE('',#12547,2.6);
#872=CIRCLE('',#12549,2.6);
#873=CIRCLE('',#12555,2.6);
#874=CIRCLE('',#12560,2.6);
#875=CIRCLE('',#12563,2.6);
#876=CIRCLE('',#12565,2.6);
#877=CIRCLE('',#12571,2.6);
#878=CIRCLE('',#12576,2.6);
#879=CIRCLE('',#12579,2.6);
#880=CIRCLE('',#12581,2.6);
#881=CIRCLE('',#12587,2.6);
#882=CIRCLE('',#12592,2.6);
#883=CIRCLE('',#12595,2.6);
#884=CIRCLE('',#12597,2.6);
#885=CIRCLE('',#12603,2.6);
#886=CIRCLE('',#12608,2.6);
#887=CIRCLE('',#12611,2.6);
#888=CIRCLE('',#12613,2.6);
#889=CIRCLE('',#12619,2.6);
#890=CIRCLE('',#12624,2.6);
#891=CIRCLE('',#12627,2.6);
#892=CIRCLE('',#12629,2.6);
#893=CIRCLE('',#12635,2.6);
#894=CIRCLE('',#12640,2.6);
#895=CIRCLE('',#12643,2.6);
#896=CIRCLE('',#12645,2.6);
#897=CIRCLE('',#12651,2.6);
#898=CIRCLE('',#12656,2.6);
#899=CIRCLE('',#12659,2.6);
#900=CIRCLE('',#12661,2.6);
#901=CIRCLE('',#12667,2.6);
#902=CIRCLE('',#12672,2.6);
#903=CIRCLE('',#12675,2.6);
#904=CIRCLE('',#12677,2.6);
#905=CIRCLE('',#12683,2.6);
#906=CIRCLE('',#12688,2.6);
#907=CIRCLE('',#12691,2.6);
#908=CIRCLE('',#12693,2.6);
#909=CIRCLE('',#12699,2.6);
#910=PLANE('',#11458);
#911=PLANE('',#11462);
#912=PLANE('',#11555);
#913=PLANE('',#11560);
#914=PLANE('',#11565);
#915=PLANE('',#11570);
#916=PLANE('',#11571);
#917=PLANE('',#11575);
#918=PLANE('',#11579);
#919=PLANE('',#11583);
#920=PLANE('',#11589);
#921=PLANE('',#11592);
#922=PLANE('',#11593);
#923=PLANE('',#11630);
#924=PLANE('',#11634);
#925=PLANE('',#11638);
#926=PLANE('',#11641);
#927=PLANE('',#11645);
#928=PLANE('',#11647);
#929=PLANE('',#11730);
#930=PLANE('',#11732);
#931=PLANE('',#11734);
#932=PLANE('',#11736);
#933=PLANE('',#11804);
#934=PLANE('',#11805);
#935=PLANE('',#11806);
#936=PLANE('',#11807);
#937=PLANE('',#11878);
#938=PLANE('',#11879);
#939=PLANE('',#11880);
#940=PLANE('',#11881);
#941=PLANE('',#11952);
#942=PLANE('',#11953);
#943=PLANE('',#11954);
#944=PLANE('',#11955);
#945=PLANE('',#12030);
#946=PLANE('',#12031);
#947=PLANE('',#12032);
#948=PLANE('',#12033);
#949=PLANE('',#12034);
#950=PLANE('',#12036);
#951=PLANE('',#12037);
#952=PLANE('',#12039);
#953=PLANE('',#12040);
#954=PLANE('',#12042);
#955=PLANE('',#12043);
#956=PLANE('',#12044);
#957=PLANE('',#12046);
#958=PLANE('',#12049);
#959=PLANE('',#12054);
#960=PLANE('',#12055);
#961=PLANE('',#12057);
#962=PLANE('',#12060);
#963=PLANE('',#12062);
#964=PLANE('',#12065);
#965=PLANE('',#12070);
#966=PLANE('',#12072);
#967=PLANE('',#12075);
#968=PLANE('',#12076);
#969=PLANE('',#12078);
#970=PLANE('',#12081);
#971=PLANE('',#12086);
#972=PLANE('',#12088);
#973=PLANE('',#12091);
#974=PLANE('',#12092);
#975=PLANE('',#12094);
#976=PLANE('',#12097);
#977=PLANE('',#12102);
#978=PLANE('',#12104);
#979=PLANE('',#12107);
#980=PLANE('',#12108);
#981=PLANE('',#12110);
#982=PLANE('',#12113);
#983=PLANE('',#12118);
#984=PLANE('',#12120);
#985=PLANE('',#12123);
#986=PLANE('',#12124);
#987=PLANE('',#12126);
#988=PLANE('',#12129);
#989=PLANE('',#12134);
#990=PLANE('',#12136);
#991=PLANE('',#12139);
#992=PLANE('',#12140);
#993=PLANE('',#12142);
#994=PLANE('',#12145);
#995=PLANE('',#12150);
#996=PLANE('',#12152);
#997=PLANE('',#12155);
#998=PLANE('',#12156);
#999=PLANE('',#12158);
#1000=PLANE('',#12161);
#1001=PLANE('',#12166);
#1002=PLANE('',#12168);
#1003=PLANE('',#12171);
#1004=PLANE('',#12172);
#1005=PLANE('',#12174);
#1006=PLANE('',#12177);
#1007=PLANE('',#12182);
#1008=PLANE('',#12184);
#1009=PLANE('',#12187);
#1010=PLANE('',#12188);
#1011=PLANE('',#12190);
#1012=PLANE('',#12193);
#1013=PLANE('',#12198);
#1014=PLANE('',#12200);
#1015=PLANE('',#12203);
#1016=PLANE('',#12204);
#1017=PLANE('',#12206);
#1018=PLANE('',#12209);
#1019=PLANE('',#12214);
#1020=PLANE('',#12216);
#1021=PLANE('',#12219);
#1022=PLANE('',#12220);
#1023=PLANE('',#12222);
#1024=PLANE('',#12225);
#1025=PLANE('',#12230);
#1026=PLANE('',#12232);
#1027=PLANE('',#12235);
#1028=PLANE('',#12236);
#1029=PLANE('',#12238);
#1030=PLANE('',#12241);
#1031=PLANE('',#12246);
#1032=PLANE('',#12248);
#1033=PLANE('',#12251);
#1034=PLANE('',#12252);
#1035=PLANE('',#12254);
#1036=PLANE('',#12257);
#1037=PLANE('',#12262);
#1038=PLANE('',#12264);
#1039=PLANE('',#12267);
#1040=PLANE('',#12268);
#1041=PLANE('',#12270);
#1042=PLANE('',#12273);
#1043=PLANE('',#12278);
#1044=PLANE('',#12280);
#1045=PLANE('',#12283);
#1046=PLANE('',#12284);
#1047=PLANE('',#12286);
#1048=PLANE('',#12289);
#1049=PLANE('',#12294);
#1050=PLANE('',#12296);
#1051=PLANE('',#12299);
#1052=PLANE('',#12300);
#1053=PLANE('',#12302);
#1054=PLANE('',#12305);
#1055=PLANE('',#12310);
#1056=PLANE('',#12312);
#1057=PLANE('',#12315);
#1058=PLANE('',#12316);
#1059=PLANE('',#12318);
#1060=PLANE('',#12321);
#1061=PLANE('',#12326);
#1062=PLANE('',#12328);
#1063=PLANE('',#12331);
#1064=PLANE('',#12332);
#1065=PLANE('',#12334);
#1066=PLANE('',#12337);
#1067=PLANE('',#12342);
#1068=PLANE('',#12344);
#1069=PLANE('',#12347);
#1070=PLANE('',#12348);
#1071=PLANE('',#12350);
#1072=PLANE('',#12353);
#1073=PLANE('',#12358);
#1074=PLANE('',#12360);
#1075=PLANE('',#12363);
#1076=PLANE('',#12364);
#1077=PLANE('',#12366);
#1078=PLANE('',#12369);
#1079=PLANE('',#12374);
#1080=PLANE('',#12376);
#1081=PLANE('',#12379);
#1082=PLANE('',#12380);
#1083=PLANE('',#12382);
#1084=PLANE('',#12385);
#1085=PLANE('',#12390);
#1086=PLANE('',#12392);
#1087=PLANE('',#12395);
#1088=PLANE('',#12396);
#1089=PLANE('',#12398);
#1090=PLANE('',#12401);
#1091=PLANE('',#12406);
#1092=PLANE('',#12408);
#1093=PLANE('',#12411);
#1094=PLANE('',#12412);
#1095=PLANE('',#12414);
#1096=PLANE('',#12417);
#1097=PLANE('',#12422);
#1098=PLANE('',#12424);
#1099=PLANE('',#12427);
#1100=PLANE('',#12428);
#1101=PLANE('',#12430);
#1102=PLANE('',#12433);
#1103=PLANE('',#12438);
#1104=PLANE('',#12440);
#1105=PLANE('',#12443);
#1106=PLANE('',#12444);
#1107=PLANE('',#12446);
#1108=PLANE('',#12449);
#1109=PLANE('',#12454);
#1110=PLANE('',#12456);
#1111=PLANE('',#12459);
#1112=PLANE('',#12460);
#1113=PLANE('',#12462);
#1114=PLANE('',#12465);
#1115=PLANE('',#12470);
#1116=PLANE('',#12471);
#1117=PLANE('',#12473);
#1118=PLANE('',#12476);
#1119=PLANE('',#12478);
#1120=PLANE('',#12481);
#1121=PLANE('',#12486);
#1122=PLANE('',#12487);
#1123=PLANE('',#12489);
#1124=PLANE('',#12492);
#1125=PLANE('',#12494);
#1126=PLANE('',#12497);
#1127=PLANE('',#12502);
#1128=PLANE('',#12503);
#1129=PLANE('',#12505);
#1130=PLANE('',#12508);
#1131=PLANE('',#12510);
#1132=PLANE('',#12513);
#1133=PLANE('',#12518);
#1134=PLANE('',#12519);
#1135=PLANE('',#12521);
#1136=PLANE('',#12524);
#1137=PLANE('',#12526);
#1138=PLANE('',#12529);
#1139=PLANE('',#12534);
#1140=PLANE('',#12535);
#1141=PLANE('',#12537);
#1142=PLANE('',#12540);
#1143=PLANE('',#12542);
#1144=PLANE('',#12545);
#1145=PLANE('',#12550);
#1146=PLANE('',#12551);
#1147=PLANE('',#12553);
#1148=PLANE('',#12556);
#1149=PLANE('',#12558);
#1150=PLANE('',#12561);
#1151=PLANE('',#12566);
#1152=PLANE('',#12567);
#1153=PLANE('',#12569);
#1154=PLANE('',#12572);
#1155=PLANE('',#12574);
#1156=PLANE('',#12577);
#1157=PLANE('',#12582);
#1158=PLANE('',#12583);
#1159=PLANE('',#12585);
#1160=PLANE('',#12588);
#1161=PLANE('',#12590);
#1162=PLANE('',#12593);
#1163=PLANE('',#12598);
#1164=PLANE('',#12599);
#1165=PLANE('',#12601);
#1166=PLANE('',#12604);
#1167=PLANE('',#12606);
#1168=PLANE('',#12609);
#1169=PLANE('',#12614);
#1170=PLANE('',#12615);
#1171=PLANE('',#12617);
#1172=PLANE('',#12620);
#1173=PLANE('',#12622);
#1174=PLANE('',#12625);
#1175=PLANE('',#12630);
#1176=PLANE('',#12631);
#1177=PLANE('',#12633);
#1178=PLANE('',#12636);
#1179=PLANE('',#12638);
#1180=PLANE('',#12641);
#1181=PLANE('',#12646);
#1182=PLANE('',#12647);
#1183=PLANE('',#12649);
#1184=PLANE('',#12652);
#1185=PLANE('',#12654);
#1186=PLANE('',#12657);
#1187=PLANE('',#12662);
#1188=PLANE('',#12663);
#1189=PLANE('',#12665);
#1190=PLANE('',#12668);
#1191=PLANE('',#12670);
#1192=PLANE('',#12673);
#1193=PLANE('',#12678);
#1194=PLANE('',#12679);
#1195=PLANE('',#12681);
#1196=PLANE('',#12684);
#1197=PLANE('',#12686);
#1198=PLANE('',#12689);
#1199=PLANE('',#12694);
#1200=PLANE('',#12695);
#1201=PLANE('',#12697);
#1202=PLANE('',#12700);
#1203=FACE_OUTER_BOUND('',#1898,.T.);
#1204=FACE_OUTER_BOUND('',#1899,.T.);
#1205=FACE_OUTER_BOUND('',#1900,.T.);
#1206=FACE_OUTER_BOUND('',#1901,.T.);
#1207=FACE_OUTER_BOUND('',#1943,.T.);
#1208=FACE_OUTER_BOUND('',#1944,.T.);
#1209=FACE_OUTER_BOUND('',#1945,.T.);
#1210=FACE_OUTER_BOUND('',#1946,.T.);
#1211=FACE_OUTER_BOUND('',#1947,.T.);
#1212=FACE_OUTER_BOUND('',#1948,.T.);
#1213=FACE_OUTER_BOUND('',#1949,.T.);
#1214=FACE_OUTER_BOUND('',#1950,.T.);
#1215=FACE_OUTER_BOUND('',#1951,.T.);
#1216=FACE_OUTER_BOUND('',#1952,.T.);
#1217=FACE_OUTER_BOUND('',#1953,.T.);
#1218=FACE_OUTER_BOUND('',#1954,.T.);
#1219=FACE_OUTER_BOUND('',#1955,.T.);
#1220=FACE_OUTER_BOUND('',#1956,.T.);
#1221=FACE_OUTER_BOUND('',#1957,.T.);
#1222=FACE_OUTER_BOUND('',#1958,.T.);
#1223=FACE_OUTER_BOUND('',#1959,.T.);
#1224=FACE_OUTER_BOUND('',#1960,.T.);
#1225=FACE_OUTER_BOUND('',#1961,.T.);
#1226=FACE_OUTER_BOUND('',#1962,.T.);
#1227=FACE_OUTER_BOUND('',#1963,.T.);
#1228=FACE_OUTER_BOUND('',#1964,.T.);
#1229=FACE_OUTER_BOUND('',#1965,.T.);
#1230=FACE_OUTER_BOUND('',#1971,.T.);
#1231=FACE_OUTER_BOUND('',#1972,.T.);
#1232=FACE_OUTER_BOUND('',#1973,.T.);
#1233=FACE_OUTER_BOUND('',#1974,.T.);
#1234=FACE_OUTER_BOUND('',#1975,.T.);
#1235=FACE_OUTER_BOUND('',#1976,.T.);
#1236=FACE_OUTER_BOUND('',#1977,.T.);
#1237=FACE_OUTER_BOUND('',#1978,.T.);
#1238=FACE_OUTER_BOUND('',#1979,.T.);
#1239=FACE_OUTER_BOUND('',#1980,.T.);
#1240=FACE_OUTER_BOUND('',#1981,.T.);
#1241=FACE_OUTER_BOUND('',#1982,.T.);
#1242=FACE_OUTER_BOUND('',#2024,.T.);
#1243=FACE_OUTER_BOUND('',#2025,.T.);
#1244=FACE_OUTER_BOUND('',#2026,.T.);
#1245=FACE_OUTER_BOUND('',#2027,.T.);
#1246=FACE_OUTER_BOUND('',#2028,.T.);
#1247=FACE_OUTER_BOUND('',#2029,.T.);
#1248=FACE_OUTER_BOUND('',#2030,.T.);
#1249=FACE_OUTER_BOUND('',#2031,.T.);
#1250=FACE_OUTER_BOUND('',#2032,.T.);
#1251=FACE_OUTER_BOUND('',#2033,.T.);
#1252=FACE_OUTER_BOUND('',#2034,.T.);
#1253=FACE_OUTER_BOUND('',#2035,.T.);
#1254=FACE_OUTER_BOUND('',#2036,.T.);
#1255=FACE_OUTER_BOUND('',#2037,.T.);
#1256=FACE_OUTER_BOUND('',#2038,.T.);
#1257=FACE_OUTER_BOUND('',#2039,.T.);
#1258=FACE_OUTER_BOUND('',#2040,.T.);
#1259=FACE_OUTER_BOUND('',#2041,.T.);
#1260=FACE_OUTER_BOUND('',#2042,.T.);
#1261=FACE_OUTER_BOUND('',#2043,.T.);
#1262=FACE_OUTER_BOUND('',#2044,.T.);
#1263=FACE_OUTER_BOUND('',#2045,.T.);
#1264=FACE_OUTER_BOUND('',#2046,.T.);
#1265=FACE_OUTER_BOUND('',#2047,.T.);
#1266=FACE_OUTER_BOUND('',#2048,.T.);
#1267=FACE_OUTER_BOUND('',#2049,.T.);
#1268=FACE_OUTER_BOUND('',#2050,.T.);
#1269=FACE_OUTER_BOUND('',#2051,.T.);
#1270=FACE_OUTER_BOUND('',#2052,.T.);
#1271=FACE_OUTER_BOUND('',#2053,.T.);
#1272=FACE_OUTER_BOUND('',#2054,.T.);
#1273=FACE_OUTER_BOUND('',#2055,.T.);
#1274=FACE_OUTER_BOUND('',#2056,.T.);
#1275=FACE_OUTER_BOUND('',#2057,.T.);
#1276=FACE_OUTER_BOUND('',#2058,.T.);
#1277=FACE_OUTER_BOUND('',#2059,.T.);
#1278=FACE_OUTER_BOUND('',#2060,.T.);
#1279=FACE_OUTER_BOUND('',#2061,.T.);
#1280=FACE_OUTER_BOUND('',#2062,.T.);
#1281=FACE_OUTER_BOUND('',#2063,.T.);
#1282=FACE_OUTER_BOUND('',#2064,.T.);
#1283=FACE_OUTER_BOUND('',#2065,.T.);
#1284=FACE_OUTER_BOUND('',#2066,.T.);
#1285=FACE_OUTER_BOUND('',#2067,.T.);
#1286=FACE_OUTER_BOUND('',#2068,.T.);
#1287=FACE_OUTER_BOUND('',#2069,.T.);
#1288=FACE_OUTER_BOUND('',#2070,.T.);
#1289=FACE_OUTER_BOUND('',#2071,.T.);
#1290=FACE_OUTER_BOUND('',#2072,.T.);
#1291=FACE_OUTER_BOUND('',#2073,.T.);
#1292=FACE_OUTER_BOUND('',#2074,.T.);
#1293=FACE_OUTER_BOUND('',#2075,.T.);
#1294=FACE_OUTER_BOUND('',#2076,.T.);
#1295=FACE_OUTER_BOUND('',#2077,.T.);
#1296=FACE_OUTER_BOUND('',#2078,.T.);
#1297=FACE_OUTER_BOUND('',#2079,.T.);
#1298=FACE_OUTER_BOUND('',#2080,.T.);
#1299=FACE_OUTER_BOUND('',#2081,.T.);
#1300=FACE_OUTER_BOUND('',#2082,.T.);
#1301=FACE_OUTER_BOUND('',#2083,.T.);
#1302=FACE_OUTER_BOUND('',#2084,.T.);
#1303=FACE_OUTER_BOUND('',#2085,.T.);
#1304=FACE_OUTER_BOUND('',#2086,.T.);
#1305=FACE_OUTER_BOUND('',#2087,.T.);
#1306=FACE_OUTER_BOUND('',#2088,.T.);
#1307=FACE_OUTER_BOUND('',#2089,.T.);
#1308=FACE_OUTER_BOUND('',#2090,.T.);
#1309=FACE_OUTER_BOUND('',#2091,.T.);
#1310=FACE_OUTER_BOUND('',#2092,.T.);
#1311=FACE_OUTER_BOUND('',#2093,.T.);
#1312=FACE_OUTER_BOUND('',#2094,.T.);
#1313=FACE_OUTER_BOUND('',#2095,.T.);
#1314=FACE_OUTER_BOUND('',#2096,.T.);
#1315=FACE_OUTER_BOUND('',#2097,.T.);
#1316=FACE_OUTER_BOUND('',#2098,.T.);
#1317=FACE_OUTER_BOUND('',#2099,.T.);
#1318=FACE_OUTER_BOUND('',#2100,.T.);
#1319=FACE_OUTER_BOUND('',#2101,.T.);
#1320=FACE_OUTER_BOUND('',#2102,.T.);
#1321=FACE_OUTER_BOUND('',#2103,.T.);
#1322=FACE_OUTER_BOUND('',#2104,.T.);
#1323=FACE_OUTER_BOUND('',#2105,.T.);
#1324=FACE_OUTER_BOUND('',#2106,.T.);
#1325=FACE_OUTER_BOUND('',#2107,.T.);
#1326=FACE_OUTER_BOUND('',#2108,.T.);
#1327=FACE_OUTER_BOUND('',#2109,.T.);
#1328=FACE_OUTER_BOUND('',#2110,.T.);
#1329=FACE_OUTER_BOUND('',#2111,.T.);
#1330=FACE_OUTER_BOUND('',#2112,.T.);
#1331=FACE_OUTER_BOUND('',#2113,.T.);
#1332=FACE_OUTER_BOUND('',#2114,.T.);
#1333=FACE_OUTER_BOUND('',#2115,.T.);
#1334=FACE_OUTER_BOUND('',#2116,.T.);
#1335=FACE_OUTER_BOUND('',#2117,.T.);
#1336=FACE_OUTER_BOUND('',#2118,.T.);
#1337=FACE_OUTER_BOUND('',#2119,.T.);
#1338=FACE_OUTER_BOUND('',#2120,.T.);
#1339=FACE_OUTER_BOUND('',#2121,.T.);
#1340=FACE_OUTER_BOUND('',#2122,.T.);
#1341=FACE_OUTER_BOUND('',#2123,.T.);
#1342=FACE_OUTER_BOUND('',#2124,.T.);
#1343=FACE_OUTER_BOUND('',#2125,.T.);
#1344=FACE_OUTER_BOUND('',#2126,.T.);
#1345=FACE_OUTER_BOUND('',#2127,.T.);
#1346=FACE_OUTER_BOUND('',#2128,.T.);
#1347=FACE_OUTER_BOUND('',#2129,.T.);
#1348=FACE_OUTER_BOUND('',#2130,.T.);
#1349=FACE_OUTER_BOUND('',#2131,.T.);
#1350=FACE_OUTER_BOUND('',#2132,.T.);
#1351=FACE_OUTER_BOUND('',#2133,.T.);
#1352=FACE_OUTER_BOUND('',#2134,.T.);
#1353=FACE_OUTER_BOUND('',#2135,.T.);
#1354=FACE_OUTER_BOUND('',#2136,.T.);
#1355=FACE_OUTER_BOUND('',#2137,.T.);
#1356=FACE_OUTER_BOUND('',#2138,.T.);
#1357=FACE_OUTER_BOUND('',#2139,.T.);
#1358=FACE_OUTER_BOUND('',#2140,.T.);
#1359=FACE_OUTER_BOUND('',#2141,.T.);
#1360=FACE_OUTER_BOUND('',#2142,.T.);
#1361=FACE_OUTER_BOUND('',#2143,.T.);
#1362=FACE_OUTER_BOUND('',#2144,.T.);
#1363=FACE_OUTER_BOUND('',#2145,.T.);
#1364=FACE_OUTER_BOUND('',#2146,.T.);
#1365=FACE_OUTER_BOUND('',#2147,.T.);
#1366=FACE_OUTER_BOUND('',#2148,.T.);
#1367=FACE_OUTER_BOUND('',#2149,.T.);
#1368=FACE_OUTER_BOUND('',#2150,.T.);
#1369=FACE_OUTER_BOUND('',#2151,.T.);
#1370=FACE_OUTER_BOUND('',#2152,.T.);
#1371=FACE_OUTER_BOUND('',#2153,.T.);
#1372=FACE_OUTER_BOUND('',#2154,.T.);
#1373=FACE_OUTER_BOUND('',#2155,.T.);
#1374=FACE_OUTER_BOUND('',#2156,.T.);
#1375=FACE_OUTER_BOUND('',#2157,.T.);
#1376=FACE_OUTER_BOUND('',#2158,.T.);
#1377=FACE_OUTER_BOUND('',#2159,.T.);
#1378=FACE_OUTER_BOUND('',#2160,.T.);
#1379=FACE_OUTER_BOUND('',#2161,.T.);
#1380=FACE_OUTER_BOUND('',#2162,.T.);
#1381=FACE_OUTER_BOUND('',#2163,.T.);
#1382=FACE_OUTER_BOUND('',#2164,.T.);
#1383=FACE_OUTER_BOUND('',#2165,.T.);
#1384=FACE_OUTER_BOUND('',#2166,.T.);
#1385=FACE_OUTER_BOUND('',#2167,.T.);
#1386=FACE_OUTER_BOUND('',#2168,.T.);
#1387=FACE_OUTER_BOUND('',#2169,.T.);
#1388=FACE_OUTER_BOUND('',#2170,.T.);
#1389=FACE_OUTER_BOUND('',#2171,.T.);
#1390=FACE_OUTER_BOUND('',#2172,.T.);
#1391=FACE_OUTER_BOUND('',#2173,.T.);
#1392=FACE_OUTER_BOUND('',#2174,.T.);
#1393=FACE_OUTER_BOUND('',#2175,.T.);
#1394=FACE_OUTER_BOUND('',#2176,.T.);
#1395=FACE_OUTER_BOUND('',#2177,.T.);
#1396=FACE_OUTER_BOUND('',#2178,.T.);
#1397=FACE_OUTER_BOUND('',#2179,.T.);
#1398=FACE_OUTER_BOUND('',#2180,.T.);
#1399=FACE_OUTER_BOUND('',#2181,.T.);
#1400=FACE_OUTER_BOUND('',#2182,.T.);
#1401=FACE_OUTER_BOUND('',#2183,.T.);
#1402=FACE_OUTER_BOUND('',#2184,.T.);
#1403=FACE_OUTER_BOUND('',#2185,.T.);
#1404=FACE_OUTER_BOUND('',#2186,.T.);
#1405=FACE_OUTER_BOUND('',#2187,.T.);
#1406=FACE_OUTER_BOUND('',#2188,.T.);
#1407=FACE_OUTER_BOUND('',#2189,.T.);
#1408=FACE_OUTER_BOUND('',#2190,.T.);
#1409=FACE_OUTER_BOUND('',#2191,.T.);
#1410=FACE_OUTER_BOUND('',#2192,.T.);
#1411=FACE_OUTER_BOUND('',#2193,.T.);
#1412=FACE_OUTER_BOUND('',#2194,.T.);
#1413=FACE_OUTER_BOUND('',#2195,.T.);
#1414=FACE_OUTER_BOUND('',#2196,.T.);
#1415=FACE_OUTER_BOUND('',#2197,.T.);
#1416=FACE_OUTER_BOUND('',#2198,.T.);
#1417=FACE_OUTER_BOUND('',#2199,.T.);
#1418=FACE_OUTER_BOUND('',#2200,.T.);
#1419=FACE_OUTER_BOUND('',#2201,.T.);
#1420=FACE_OUTER_BOUND('',#2202,.T.);
#1421=FACE_OUTER_BOUND('',#2203,.T.);
#1422=FACE_OUTER_BOUND('',#2204,.T.);
#1423=FACE_OUTER_BOUND('',#2205,.T.);
#1424=FACE_OUTER_BOUND('',#2206,.T.);
#1425=FACE_OUTER_BOUND('',#2207,.T.);
#1426=FACE_OUTER_BOUND('',#2208,.T.);
#1427=FACE_OUTER_BOUND('',#2209,.T.);
#1428=FACE_OUTER_BOUND('',#2210,.T.);
#1429=FACE_OUTER_BOUND('',#2211,.T.);
#1430=FACE_OUTER_BOUND('',#2212,.T.);
#1431=FACE_OUTER_BOUND('',#2213,.T.);
#1432=FACE_OUTER_BOUND('',#2214,.T.);
#1433=FACE_OUTER_BOUND('',#2215,.T.);
#1434=FACE_OUTER_BOUND('',#2216,.T.);
#1435=FACE_OUTER_BOUND('',#2217,.T.);
#1436=FACE_OUTER_BOUND('',#2218,.T.);
#1437=FACE_OUTER_BOUND('',#2219,.T.);
#1438=FACE_OUTER_BOUND('',#2220,.T.);
#1439=FACE_OUTER_BOUND('',#2221,.T.);
#1440=FACE_OUTER_BOUND('',#2222,.T.);
#1441=FACE_OUTER_BOUND('',#2223,.T.);
#1442=FACE_OUTER_BOUND('',#2224,.T.);
#1443=FACE_OUTER_BOUND('',#2225,.T.);
#1444=FACE_OUTER_BOUND('',#2226,.T.);
#1445=FACE_OUTER_BOUND('',#2227,.T.);
#1446=FACE_OUTER_BOUND('',#2228,.T.);
#1447=FACE_OUTER_BOUND('',#2229,.T.);
#1448=FACE_OUTER_BOUND('',#2230,.T.);
#1449=FACE_OUTER_BOUND('',#2231,.T.);
#1450=FACE_OUTER_BOUND('',#2232,.T.);
#1451=FACE_OUTER_BOUND('',#2233,.T.);
#1452=FACE_OUTER_BOUND('',#2234,.T.);
#1453=FACE_OUTER_BOUND('',#2235,.T.);
#1454=FACE_OUTER_BOUND('',#2236,.T.);
#1455=FACE_OUTER_BOUND('',#2237,.T.);
#1456=FACE_OUTER_BOUND('',#2238,.T.);
#1457=FACE_OUTER_BOUND('',#2239,.T.);
#1458=FACE_OUTER_BOUND('',#2240,.T.);
#1459=FACE_OUTER_BOUND('',#2241,.T.);
#1460=FACE_OUTER_BOUND('',#2242,.T.);
#1461=FACE_OUTER_BOUND('',#2243,.T.);
#1462=FACE_OUTER_BOUND('',#2244,.T.);
#1463=FACE_OUTER_BOUND('',#2245,.T.);
#1464=FACE_OUTER_BOUND('',#2246,.T.);
#1465=FACE_OUTER_BOUND('',#2247,.T.);
#1466=FACE_OUTER_BOUND('',#2248,.T.);
#1467=FACE_OUTER_BOUND('',#2249,.T.);
#1468=FACE_OUTER_BOUND('',#2250,.T.);
#1469=FACE_OUTER_BOUND('',#2251,.T.);
#1470=FACE_OUTER_BOUND('',#2252,.T.);
#1471=FACE_OUTER_BOUND('',#2253,.T.);
#1472=FACE_OUTER_BOUND('',#2254,.T.);
#1473=FACE_OUTER_BOUND('',#2255,.T.);
#1474=FACE_OUTER_BOUND('',#2256,.T.);
#1475=FACE_OUTER_BOUND('',#2257,.T.);
#1476=FACE_OUTER_BOUND('',#2258,.T.);
#1477=FACE_OUTER_BOUND('',#2259,.T.);
#1478=FACE_OUTER_BOUND('',#2260,.T.);
#1479=FACE_OUTER_BOUND('',#2261,.T.);
#1480=FACE_OUTER_BOUND('',#2262,.T.);
#1481=FACE_OUTER_BOUND('',#2263,.T.);
#1482=FACE_OUTER_BOUND('',#2264,.T.);
#1483=FACE_OUTER_BOUND('',#2265,.T.);
#1484=FACE_OUTER_BOUND('',#2266,.T.);
#1485=FACE_OUTER_BOUND('',#2267,.T.);
#1486=FACE_OUTER_BOUND('',#2268,.T.);
#1487=FACE_OUTER_BOUND('',#2269,.T.);
#1488=FACE_OUTER_BOUND('',#2270,.T.);
#1489=FACE_OUTER_BOUND('',#2271,.T.);
#1490=FACE_OUTER_BOUND('',#2272,.T.);
#1491=FACE_OUTER_BOUND('',#2273,.T.);
#1492=FACE_OUTER_BOUND('',#2274,.T.);
#1493=FACE_OUTER_BOUND('',#2275,.T.);
#1494=FACE_OUTER_BOUND('',#2276,.T.);
#1495=FACE_OUTER_BOUND('',#2277,.T.);
#1496=FACE_OUTER_BOUND('',#2278,.T.);
#1497=FACE_OUTER_BOUND('',#2279,.T.);
#1498=FACE_OUTER_BOUND('',#2280,.T.);
#1499=FACE_OUTER_BOUND('',#2281,.T.);
#1500=FACE_OUTER_BOUND('',#2282,.T.);
#1501=FACE_OUTER_BOUND('',#2283,.T.);
#1502=FACE_OUTER_BOUND('',#2284,.T.);
#1503=FACE_OUTER_BOUND('',#2285,.T.);
#1504=FACE_OUTER_BOUND('',#2286,.T.);
#1505=FACE_OUTER_BOUND('',#2287,.T.);
#1506=FACE_OUTER_BOUND('',#2288,.T.);
#1507=FACE_OUTER_BOUND('',#2289,.T.);
#1508=FACE_OUTER_BOUND('',#2290,.T.);
#1509=FACE_OUTER_BOUND('',#2291,.T.);
#1510=FACE_OUTER_BOUND('',#2292,.T.);
#1511=FACE_OUTER_BOUND('',#2293,.T.);
#1512=FACE_OUTER_BOUND('',#2294,.T.);
#1513=FACE_OUTER_BOUND('',#2295,.T.);
#1514=FACE_OUTER_BOUND('',#2296,.T.);
#1515=FACE_OUTER_BOUND('',#2297,.T.);
#1516=FACE_OUTER_BOUND('',#2298,.T.);
#1517=FACE_OUTER_BOUND('',#2299,.T.);
#1518=FACE_OUTER_BOUND('',#2300,.T.);
#1519=FACE_OUTER_BOUND('',#2301,.T.);
#1520=FACE_OUTER_BOUND('',#2302,.T.);
#1521=FACE_OUTER_BOUND('',#2303,.T.);
#1522=FACE_OUTER_BOUND('',#2304,.T.);
#1523=FACE_OUTER_BOUND('',#2305,.T.);
#1524=FACE_OUTER_BOUND('',#2306,.T.);
#1525=FACE_OUTER_BOUND('',#2307,.T.);
#1526=FACE_OUTER_BOUND('',#2308,.T.);
#1527=FACE_OUTER_BOUND('',#2309,.T.);
#1528=FACE_OUTER_BOUND('',#2310,.T.);
#1529=FACE_OUTER_BOUND('',#2311,.T.);
#1530=FACE_OUTER_BOUND('',#2312,.T.);
#1531=FACE_OUTER_BOUND('',#2313,.T.);
#1532=FACE_OUTER_BOUND('',#2314,.T.);
#1533=FACE_OUTER_BOUND('',#2315,.T.);
#1534=FACE_OUTER_BOUND('',#2316,.T.);
#1535=FACE_OUTER_BOUND('',#2317,.T.);
#1536=FACE_OUTER_BOUND('',#2318,.T.);
#1537=FACE_OUTER_BOUND('',#2319,.T.);
#1538=FACE_OUTER_BOUND('',#2320,.T.);
#1539=FACE_OUTER_BOUND('',#2321,.T.);
#1540=FACE_OUTER_BOUND('',#2322,.T.);
#1541=FACE_OUTER_BOUND('',#2323,.T.);
#1542=FACE_OUTER_BOUND('',#2324,.T.);
#1543=FACE_OUTER_BOUND('',#2325,.T.);
#1544=FACE_OUTER_BOUND('',#2326,.T.);
#1545=FACE_OUTER_BOUND('',#2327,.T.);
#1546=FACE_OUTER_BOUND('',#2328,.T.);
#1547=FACE_OUTER_BOUND('',#2329,.T.);
#1548=FACE_OUTER_BOUND('',#2330,.T.);
#1549=FACE_OUTER_BOUND('',#2331,.T.);
#1550=FACE_OUTER_BOUND('',#2332,.T.);
#1551=FACE_OUTER_BOUND('',#2333,.T.);
#1552=FACE_OUTER_BOUND('',#2334,.T.);
#1553=FACE_OUTER_BOUND('',#2335,.T.);
#1554=FACE_OUTER_BOUND('',#2336,.T.);
#1555=FACE_OUTER_BOUND('',#2337,.T.);
#1556=FACE_OUTER_BOUND('',#2338,.T.);
#1557=FACE_OUTER_BOUND('',#2339,.T.);
#1558=FACE_OUTER_BOUND('',#2340,.T.);
#1559=FACE_OUTER_BOUND('',#2341,.T.);
#1560=FACE_OUTER_BOUND('',#2342,.T.);
#1561=FACE_OUTER_BOUND('',#2343,.T.);
#1562=FACE_OUTER_BOUND('',#2344,.T.);
#1563=FACE_OUTER_BOUND('',#2345,.T.);
#1564=FACE_OUTER_BOUND('',#2346,.T.);
#1565=FACE_OUTER_BOUND('',#2347,.T.);
#1566=FACE_OUTER_BOUND('',#2348,.T.);
#1567=FACE_OUTER_BOUND('',#2349,.T.);
#1568=FACE_OUTER_BOUND('',#2350,.T.);
#1569=FACE_OUTER_BOUND('',#2351,.T.);
#1570=FACE_OUTER_BOUND('',#2352,.T.);
#1571=FACE_OUTER_BOUND('',#2353,.T.);
#1572=FACE_OUTER_BOUND('',#2354,.T.);
#1573=FACE_OUTER_BOUND('',#2355,.T.);
#1574=FACE_OUTER_BOUND('',#2356,.T.);
#1575=FACE_OUTER_BOUND('',#2357,.T.);
#1576=FACE_OUTER_BOUND('',#2358,.T.);
#1577=FACE_OUTER_BOUND('',#2359,.T.);
#1578=FACE_OUTER_BOUND('',#2360,.T.);
#1579=FACE_OUTER_BOUND('',#2361,.T.);
#1580=FACE_OUTER_BOUND('',#2362,.T.);
#1581=FACE_OUTER_BOUND('',#2363,.T.);
#1582=FACE_OUTER_BOUND('',#2364,.T.);
#1583=FACE_OUTER_BOUND('',#2365,.T.);
#1584=FACE_OUTER_BOUND('',#2366,.T.);
#1585=FACE_OUTER_BOUND('',#2367,.T.);
#1586=FACE_OUTER_BOUND('',#2368,.T.);
#1587=FACE_OUTER_BOUND('',#2369,.T.);
#1588=FACE_OUTER_BOUND('',#2370,.T.);
#1589=FACE_OUTER_BOUND('',#2371,.T.);
#1590=FACE_OUTER_BOUND('',#2372,.T.);
#1591=FACE_OUTER_BOUND('',#2373,.T.);
#1592=FACE_OUTER_BOUND('',#2374,.T.);
#1593=FACE_OUTER_BOUND('',#2375,.T.);
#1594=FACE_OUTER_BOUND('',#2376,.T.);
#1595=FACE_OUTER_BOUND('',#2377,.T.);
#1596=FACE_OUTER_BOUND('',#2378,.T.);
#1597=FACE_OUTER_BOUND('',#2379,.T.);
#1598=FACE_OUTER_BOUND('',#2380,.T.);
#1599=FACE_OUTER_BOUND('',#2381,.T.);
#1600=FACE_OUTER_BOUND('',#2382,.T.);
#1601=FACE_OUTER_BOUND('',#2383,.T.);
#1602=FACE_OUTER_BOUND('',#2384,.T.);
#1603=FACE_OUTER_BOUND('',#2385,.T.);
#1604=FACE_OUTER_BOUND('',#2386,.T.);
#1605=FACE_OUTER_BOUND('',#2387,.T.);
#1606=FACE_OUTER_BOUND('',#2388,.T.);
#1607=FACE_OUTER_BOUND('',#2389,.T.);
#1608=FACE_OUTER_BOUND('',#2390,.T.);
#1609=FACE_OUTER_BOUND('',#2391,.T.);
#1610=FACE_OUTER_BOUND('',#2392,.T.);
#1611=FACE_OUTER_BOUND('',#2393,.T.);
#1612=FACE_OUTER_BOUND('',#2394,.T.);
#1613=FACE_OUTER_BOUND('',#2395,.T.);
#1614=FACE_OUTER_BOUND('',#2396,.T.);
#1615=FACE_OUTER_BOUND('',#2397,.T.);
#1616=FACE_OUTER_BOUND('',#2398,.T.);
#1617=FACE_OUTER_BOUND('',#2399,.T.);
#1618=FACE_OUTER_BOUND('',#2400,.T.);
#1619=FACE_OUTER_BOUND('',#2401,.T.);
#1620=FACE_OUTER_BOUND('',#2402,.T.);
#1621=FACE_OUTER_BOUND('',#2403,.T.);
#1622=FACE_OUTER_BOUND('',#2404,.T.);
#1623=FACE_OUTER_BOUND('',#2405,.T.);
#1624=FACE_OUTER_BOUND('',#2406,.T.);
#1625=FACE_OUTER_BOUND('',#2407,.T.);
#1626=FACE_OUTER_BOUND('',#2408,.T.);
#1627=FACE_OUTER_BOUND('',#2409,.T.);
#1628=FACE_OUTER_BOUND('',#2410,.T.);
#1629=FACE_OUTER_BOUND('',#2411,.T.);
#1630=FACE_OUTER_BOUND('',#2412,.T.);
#1631=FACE_OUTER_BOUND('',#2413,.T.);
#1632=FACE_OUTER_BOUND('',#2414,.T.);
#1633=FACE_OUTER_BOUND('',#2415,.T.);
#1634=FACE_OUTER_BOUND('',#2416,.T.);
#1635=FACE_OUTER_BOUND('',#2417,.T.);
#1636=FACE_OUTER_BOUND('',#2418,.T.);
#1637=FACE_OUTER_BOUND('',#2419,.T.);
#1638=FACE_OUTER_BOUND('',#2420,.T.);
#1639=FACE_OUTER_BOUND('',#2421,.T.);
#1640=FACE_OUTER_BOUND('',#2422,.T.);
#1641=FACE_OUTER_BOUND('',#2423,.T.);
#1642=FACE_OUTER_BOUND('',#2424,.T.);
#1643=FACE_OUTER_BOUND('',#2425,.T.);
#1644=FACE_OUTER_BOUND('',#2426,.T.);
#1645=FACE_OUTER_BOUND('',#2427,.T.);
#1646=FACE_OUTER_BOUND('',#2428,.T.);
#1647=FACE_OUTER_BOUND('',#2429,.T.);
#1648=FACE_OUTER_BOUND('',#2430,.T.);
#1649=FACE_OUTER_BOUND('',#2431,.T.);
#1650=FACE_OUTER_BOUND('',#2432,.T.);
#1651=FACE_OUTER_BOUND('',#2433,.T.);
#1652=FACE_OUTER_BOUND('',#2434,.T.);
#1653=FACE_OUTER_BOUND('',#2435,.T.);
#1654=FACE_OUTER_BOUND('',#2436,.T.);
#1655=FACE_OUTER_BOUND('',#2437,.T.);
#1656=FACE_OUTER_BOUND('',#2438,.T.);
#1657=FACE_OUTER_BOUND('',#2439,.T.);
#1658=FACE_OUTER_BOUND('',#2440,.T.);
#1659=FACE_OUTER_BOUND('',#2441,.T.);
#1660=FACE_OUTER_BOUND('',#2442,.T.);
#1661=FACE_OUTER_BOUND('',#2443,.T.);
#1662=FACE_OUTER_BOUND('',#2444,.T.);
#1663=FACE_OUTER_BOUND('',#2445,.T.);
#1664=FACE_OUTER_BOUND('',#2446,.T.);
#1665=FACE_OUTER_BOUND('',#2447,.T.);
#1666=FACE_OUTER_BOUND('',#2448,.T.);
#1667=FACE_OUTER_BOUND('',#2449,.T.);
#1668=FACE_OUTER_BOUND('',#2450,.T.);
#1669=FACE_OUTER_BOUND('',#2451,.T.);
#1670=FACE_OUTER_BOUND('',#2452,.T.);
#1671=FACE_OUTER_BOUND('',#2453,.T.);
#1672=FACE_OUTER_BOUND('',#2454,.T.);
#1673=FACE_OUTER_BOUND('',#2455,.T.);
#1674=FACE_OUTER_BOUND('',#2456,.T.);
#1675=FACE_OUTER_BOUND('',#2457,.T.);
#1676=FACE_OUTER_BOUND('',#2458,.T.);
#1677=FACE_OUTER_BOUND('',#2459,.T.);
#1678=FACE_OUTER_BOUND('',#2460,.T.);
#1679=FACE_OUTER_BOUND('',#2461,.T.);
#1680=FACE_OUTER_BOUND('',#2462,.T.);
#1681=FACE_OUTER_BOUND('',#2463,.T.);
#1682=FACE_OUTER_BOUND('',#2464,.T.);
#1683=FACE_OUTER_BOUND('',#2465,.T.);
#1684=FACE_OUTER_BOUND('',#2466,.T.);
#1685=FACE_OUTER_BOUND('',#2467,.T.);
#1686=FACE_OUTER_BOUND('',#2468,.T.);
#1687=FACE_OUTER_BOUND('',#2469,.T.);
#1688=FACE_OUTER_BOUND('',#2470,.T.);
#1689=FACE_OUTER_BOUND('',#2471,.T.);
#1690=FACE_OUTER_BOUND('',#2472,.T.);
#1691=FACE_OUTER_BOUND('',#2473,.T.);
#1692=FACE_OUTER_BOUND('',#2474,.T.);
#1693=FACE_OUTER_BOUND('',#2475,.T.);
#1694=FACE_OUTER_BOUND('',#2476,.T.);
#1695=FACE_OUTER_BOUND('',#2477,.T.);
#1696=FACE_OUTER_BOUND('',#2478,.T.);
#1697=FACE_OUTER_BOUND('',#2479,.T.);
#1698=FACE_OUTER_BOUND('',#2480,.T.);
#1699=FACE_OUTER_BOUND('',#2481,.T.);
#1700=FACE_OUTER_BOUND('',#2482,.T.);
#1701=FACE_OUTER_BOUND('',#2483,.T.);
#1702=FACE_OUTER_BOUND('',#2484,.T.);
#1703=FACE_OUTER_BOUND('',#2485,.T.);
#1704=FACE_OUTER_BOUND('',#2486,.T.);
#1705=FACE_OUTER_BOUND('',#2487,.T.);
#1706=FACE_OUTER_BOUND('',#2488,.T.);
#1707=FACE_OUTER_BOUND('',#2489,.T.);
#1708=FACE_OUTER_BOUND('',#2490,.T.);
#1709=FACE_OUTER_BOUND('',#2491,.T.);
#1710=FACE_OUTER_BOUND('',#2492,.T.);
#1711=FACE_OUTER_BOUND('',#2493,.T.);
#1712=FACE_OUTER_BOUND('',#2494,.T.);
#1713=FACE_OUTER_BOUND('',#2495,.T.);
#1714=FACE_OUTER_BOUND('',#2496,.T.);
#1715=FACE_OUTER_BOUND('',#2497,.T.);
#1716=FACE_OUTER_BOUND('',#2498,.T.);
#1717=FACE_OUTER_BOUND('',#2499,.T.);
#1718=FACE_OUTER_BOUND('',#2500,.T.);
#1719=FACE_OUTER_BOUND('',#2501,.T.);
#1720=FACE_OUTER_BOUND('',#2502,.T.);
#1721=FACE_OUTER_BOUND('',#2503,.T.);
#1722=FACE_OUTER_BOUND('',#2504,.T.);
#1723=FACE_OUTER_BOUND('',#2505,.T.);
#1724=FACE_OUTER_BOUND('',#2506,.T.);
#1725=FACE_OUTER_BOUND('',#2507,.T.);
#1726=FACE_OUTER_BOUND('',#2508,.T.);
#1727=FACE_OUTER_BOUND('',#2509,.T.);
#1728=FACE_OUTER_BOUND('',#2510,.T.);
#1729=FACE_OUTER_BOUND('',#2511,.T.);
#1730=FACE_OUTER_BOUND('',#2512,.T.);
#1731=FACE_OUTER_BOUND('',#2513,.T.);
#1732=FACE_OUTER_BOUND('',#2514,.T.);
#1733=FACE_OUTER_BOUND('',#2515,.T.);
#1734=FACE_OUTER_BOUND('',#2516,.T.);
#1735=FACE_OUTER_BOUND('',#2517,.T.);
#1736=FACE_OUTER_BOUND('',#2518,.T.);
#1737=FACE_OUTER_BOUND('',#2519,.T.);
#1738=FACE_OUTER_BOUND('',#2520,.T.);
#1739=FACE_OUTER_BOUND('',#2521,.T.);
#1740=FACE_OUTER_BOUND('',#2522,.T.);
#1741=FACE_OUTER_BOUND('',#2523,.T.);
#1742=FACE_OUTER_BOUND('',#2524,.T.);
#1743=FACE_OUTER_BOUND('',#2525,.T.);
#1744=FACE_OUTER_BOUND('',#2526,.T.);
#1745=FACE_OUTER_BOUND('',#2527,.T.);
#1746=FACE_OUTER_BOUND('',#2528,.T.);
#1747=FACE_OUTER_BOUND('',#2529,.T.);
#1748=FACE_OUTER_BOUND('',#2530,.T.);
#1749=FACE_OUTER_BOUND('',#2531,.T.);
#1750=FACE_OUTER_BOUND('',#2532,.T.);
#1751=FACE_OUTER_BOUND('',#2533,.T.);
#1752=FACE_OUTER_BOUND('',#2534,.T.);
#1753=FACE_OUTER_BOUND('',#2535,.T.);
#1754=FACE_OUTER_BOUND('',#2536,.T.);
#1755=FACE_OUTER_BOUND('',#2537,.T.);
#1756=FACE_OUTER_BOUND('',#2538,.T.);
#1757=FACE_OUTER_BOUND('',#2539,.T.);
#1758=FACE_OUTER_BOUND('',#2540,.T.);
#1759=FACE_OUTER_BOUND('',#2541,.T.);
#1760=FACE_OUTER_BOUND('',#2542,.T.);
#1761=FACE_OUTER_BOUND('',#2543,.T.);
#1762=FACE_OUTER_BOUND('',#2544,.T.);
#1763=FACE_OUTER_BOUND('',#2545,.T.);
#1764=FACE_OUTER_BOUND('',#2546,.T.);
#1765=FACE_OUTER_BOUND('',#2547,.T.);
#1766=FACE_OUTER_BOUND('',#2548,.T.);
#1767=FACE_OUTER_BOUND('',#2549,.T.);
#1768=FACE_OUTER_BOUND('',#2550,.T.);
#1769=FACE_OUTER_BOUND('',#2551,.T.);
#1770=FACE_OUTER_BOUND('',#2552,.T.);
#1771=FACE_OUTER_BOUND('',#2553,.T.);
#1772=FACE_OUTER_BOUND('',#2554,.T.);
#1773=FACE_OUTER_BOUND('',#2555,.T.);
#1774=FACE_OUTER_BOUND('',#2556,.T.);
#1775=FACE_OUTER_BOUND('',#2557,.T.);
#1776=FACE_OUTER_BOUND('',#2558,.T.);
#1777=FACE_OUTER_BOUND('',#2559,.T.);
#1778=FACE_OUTER_BOUND('',#2560,.T.);
#1779=FACE_OUTER_BOUND('',#2561,.T.);
#1780=FACE_OUTER_BOUND('',#2562,.T.);
#1781=FACE_OUTER_BOUND('',#2563,.T.);
#1782=FACE_OUTER_BOUND('',#2564,.T.);
#1783=FACE_OUTER_BOUND('',#2565,.T.);
#1784=FACE_OUTER_BOUND('',#2566,.T.);
#1785=FACE_OUTER_BOUND('',#2567,.T.);
#1786=FACE_OUTER_BOUND('',#2568,.T.);
#1787=FACE_OUTER_BOUND('',#2569,.T.);
#1788=FACE_OUTER_BOUND('',#2570,.T.);
#1789=FACE_OUTER_BOUND('',#2571,.T.);
#1790=FACE_OUTER_BOUND('',#2572,.T.);
#1791=FACE_OUTER_BOUND('',#2573,.T.);
#1792=FACE_OUTER_BOUND('',#2574,.T.);
#1793=FACE_OUTER_BOUND('',#2575,.T.);
#1794=FACE_OUTER_BOUND('',#2576,.T.);
#1795=FACE_OUTER_BOUND('',#2577,.T.);
#1796=FACE_OUTER_BOUND('',#2578,.T.);
#1797=FACE_OUTER_BOUND('',#2579,.T.);
#1798=FACE_OUTER_BOUND('',#2580,.T.);
#1799=FACE_OUTER_BOUND('',#2581,.T.);
#1800=FACE_OUTER_BOUND('',#2582,.T.);
#1801=FACE_OUTER_BOUND('',#2583,.T.);
#1802=FACE_OUTER_BOUND('',#2584,.T.);
#1803=FACE_OUTER_BOUND('',#2585,.T.);
#1804=FACE_OUTER_BOUND('',#2586,.T.);
#1805=FACE_OUTER_BOUND('',#2587,.T.);
#1806=FACE_OUTER_BOUND('',#2588,.T.);
#1807=FACE_OUTER_BOUND('',#2589,.T.);
#1808=FACE_OUTER_BOUND('',#2590,.T.);
#1809=FACE_OUTER_BOUND('',#2591,.T.);
#1810=FACE_OUTER_BOUND('',#2592,.T.);
#1811=FACE_OUTER_BOUND('',#2593,.T.);
#1812=FACE_OUTER_BOUND('',#2594,.T.);
#1813=FACE_OUTER_BOUND('',#2595,.T.);
#1814=FACE_OUTER_BOUND('',#2596,.T.);
#1815=FACE_OUTER_BOUND('',#2597,.T.);
#1816=FACE_OUTER_BOUND('',#2598,.T.);
#1817=FACE_OUTER_BOUND('',#2599,.T.);
#1818=FACE_OUTER_BOUND('',#2600,.T.);
#1819=FACE_OUTER_BOUND('',#2601,.T.);
#1820=FACE_OUTER_BOUND('',#2602,.T.);
#1821=FACE_OUTER_BOUND('',#2603,.T.);
#1822=FACE_OUTER_BOUND('',#2604,.T.);
#1823=FACE_OUTER_BOUND('',#2605,.T.);
#1824=FACE_OUTER_BOUND('',#2606,.T.);
#1825=FACE_OUTER_BOUND('',#2607,.T.);
#1826=FACE_OUTER_BOUND('',#2608,.T.);
#1827=FACE_OUTER_BOUND('',#2609,.T.);
#1828=FACE_OUTER_BOUND('',#2610,.T.);
#1829=FACE_OUTER_BOUND('',#2611,.T.);
#1830=FACE_OUTER_BOUND('',#2612,.T.);
#1831=FACE_OUTER_BOUND('',#2613,.T.);
#1832=FACE_OUTER_BOUND('',#2614,.T.);
#1833=FACE_OUTER_BOUND('',#2615,.T.);
#1834=FACE_OUTER_BOUND('',#2616,.T.);
#1835=FACE_OUTER_BOUND('',#2617,.T.);
#1836=FACE_OUTER_BOUND('',#2618,.T.);
#1837=FACE_OUTER_BOUND('',#2619,.T.);
#1838=FACE_OUTER_BOUND('',#2620,.T.);
#1839=FACE_OUTER_BOUND('',#2621,.T.);
#1840=FACE_OUTER_BOUND('',#2622,.T.);
#1841=FACE_OUTER_BOUND('',#2623,.T.);
#1842=FACE_OUTER_BOUND('',#2624,.T.);
#1843=FACE_OUTER_BOUND('',#2625,.T.);
#1844=FACE_OUTER_BOUND('',#2626,.T.);
#1845=FACE_OUTER_BOUND('',#2627,.T.);
#1846=FACE_OUTER_BOUND('',#2628,.T.);
#1847=FACE_OUTER_BOUND('',#2629,.T.);
#1848=FACE_OUTER_BOUND('',#2630,.T.);
#1849=FACE_OUTER_BOUND('',#2631,.T.);
#1850=FACE_OUTER_BOUND('',#2632,.T.);
#1851=FACE_OUTER_BOUND('',#2633,.T.);
#1852=FACE_OUTER_BOUND('',#2634,.T.);
#1853=FACE_OUTER_BOUND('',#2635,.T.);
#1854=FACE_OUTER_BOUND('',#2636,.T.);
#1855=FACE_OUTER_BOUND('',#2637,.T.);
#1856=FACE_OUTER_BOUND('',#2638,.T.);
#1857=FACE_OUTER_BOUND('',#2639,.T.);
#1858=FACE_OUTER_BOUND('',#2640,.T.);
#1859=FACE_OUTER_BOUND('',#2641,.T.);
#1860=FACE_OUTER_BOUND('',#2642,.T.);
#1861=FACE_OUTER_BOUND('',#2643,.T.);
#1862=FACE_OUTER_BOUND('',#2644,.T.);
#1863=FACE_OUTER_BOUND('',#2645,.T.);
#1864=FACE_OUTER_BOUND('',#2646,.T.);
#1865=FACE_OUTER_BOUND('',#2647,.T.);
#1866=FACE_OUTER_BOUND('',#2648,.T.);
#1867=FACE_OUTER_BOUND('',#2649,.T.);
#1868=FACE_OUTER_BOUND('',#2650,.T.);
#1869=FACE_OUTER_BOUND('',#2651,.T.);
#1870=FACE_OUTER_BOUND('',#2652,.T.);
#1871=FACE_OUTER_BOUND('',#2653,.T.);
#1872=FACE_OUTER_BOUND('',#2654,.T.);
#1873=FACE_OUTER_BOUND('',#2655,.T.);
#1874=FACE_OUTER_BOUND('',#2656,.T.);
#1875=FACE_OUTER_BOUND('',#2657,.T.);
#1876=FACE_OUTER_BOUND('',#2658,.T.);
#1877=FACE_OUTER_BOUND('',#2659,.T.);
#1878=FACE_OUTER_BOUND('',#2660,.T.);
#1879=FACE_OUTER_BOUND('',#2661,.T.);
#1880=FACE_OUTER_BOUND('',#2662,.T.);
#1881=FACE_OUTER_BOUND('',#2663,.T.);
#1882=FACE_OUTER_BOUND('',#2664,.T.);
#1883=FACE_OUTER_BOUND('',#2665,.T.);
#1884=FACE_OUTER_BOUND('',#2666,.T.);
#1885=FACE_OUTER_BOUND('',#2667,.T.);
#1886=FACE_OUTER_BOUND('',#2668,.T.);
#1887=FACE_OUTER_BOUND('',#2669,.T.);
#1888=FACE_OUTER_BOUND('',#2670,.T.);
#1889=FACE_OUTER_BOUND('',#2671,.T.);
#1890=FACE_OUTER_BOUND('',#2672,.T.);
#1891=FACE_OUTER_BOUND('',#2673,.T.);
#1892=FACE_OUTER_BOUND('',#2674,.T.);
#1893=FACE_OUTER_BOUND('',#2675,.T.);
#1894=FACE_OUTER_BOUND('',#2676,.T.);
#1895=FACE_OUTER_BOUND('',#2677,.T.);
#1896=FACE_OUTER_BOUND('',#2678,.T.);
#1897=FACE_OUTER_BOUND('',#2679,.T.);
#1898=EDGE_LOOP('',(#7336,#7337,#7338,#7339));
#1899=EDGE_LOOP('',(#7340,#7341,#7342,#7343));
#1900=EDGE_LOOP('',(#7344,#7345,#7346,#7347));
#1901=EDGE_LOOP('',(#7348,#7349,#7350,#7351,#7352,#7353,#7354,#7355,#7356,
#7357,#7358,#7359,#7360,#7361,#7362,#7363,#7364,#7365,#7366,#7367,#7368,
#7369,#7370,#7371));
#1902=EDGE_LOOP('',(#7372,#7373,#7374,#7375));
#1903=EDGE_LOOP('',(#7376,#7377,#7378,#7379));
#1904=EDGE_LOOP('',(#7380,#7381,#7382,#7383));
#1905=EDGE_LOOP('',(#7384,#7385,#7386,#7387));
#1906=EDGE_LOOP('',(#7388,#7389,#7390,#7391));
#1907=EDGE_LOOP('',(#7392,#7393,#7394,#7395));
#1908=EDGE_LOOP('',(#7396,#7397,#7398,#7399));
#1909=EDGE_LOOP('',(#7400,#7401,#7402,#7403));
#1910=EDGE_LOOP('',(#7404,#7405,#7406,#7407));
#1911=EDGE_LOOP('',(#7408,#7409,#7410,#7411));
#1912=EDGE_LOOP('',(#7412,#7413,#7414,#7415));
#1913=EDGE_LOOP('',(#7416,#7417,#7418,#7419));
#1914=EDGE_LOOP('',(#7420,#7421,#7422,#7423));
#1915=EDGE_LOOP('',(#7424,#7425,#7426,#7427));
#1916=EDGE_LOOP('',(#7428,#7429,#7430,#7431));
#1917=EDGE_LOOP('',(#7432,#7433,#7434,#7435));
#1918=EDGE_LOOP('',(#7436,#7437,#7438,#7439));
#1919=EDGE_LOOP('',(#7440,#7441,#7442,#7443));
#1920=EDGE_LOOP('',(#7444,#7445,#7446,#7447));
#1921=EDGE_LOOP('',(#7448,#7449,#7450,#7451));
#1922=EDGE_LOOP('',(#7452,#7453,#7454,#7455));
#1923=EDGE_LOOP('',(#7456,#7457,#7458,#7459));
#1924=EDGE_LOOP('',(#7460,#7461,#7462,#7463));
#1925=EDGE_LOOP('',(#7464,#7465,#7466,#7467));
#1926=EDGE_LOOP('',(#7468,#7469,#7470,#7471));
#1927=EDGE_LOOP('',(#7472,#7473,#7474,#7475));
#1928=EDGE_LOOP('',(#7476,#7477,#7478,#7479));
#1929=EDGE_LOOP('',(#7480,#7481,#7482,#7483));
#1930=EDGE_LOOP('',(#7484,#7485,#7486,#7487));
#1931=EDGE_LOOP('',(#7488,#7489,#7490,#7491));
#1932=EDGE_LOOP('',(#7492,#7493,#7494,#7495));
#1933=EDGE_LOOP('',(#7496,#7497,#7498,#7499));
#1934=EDGE_LOOP('',(#7500,#7501,#7502,#7503));
#1935=EDGE_LOOP('',(#7504,#7505,#7506,#7507));
#1936=EDGE_LOOP('',(#7508,#7509,#7510,#7511));
#1937=EDGE_LOOP('',(#7512,#7513,#7514,#7515));
#1938=EDGE_LOOP('',(#7516,#7517,#7518,#7519));
#1939=EDGE_LOOP('',(#7520,#7521,#7522,#7523));
#1940=EDGE_LOOP('',(#7524,#7525,#7526,#7527));
#1941=EDGE_LOOP('',(#7528,#7529,#7530,#7531));
#1942=EDGE_LOOP('',(#7532,#7533,#7534,#7535));
#1943=EDGE_LOOP('',(#7536,#7537,#7538,#7539));
#1944=EDGE_LOOP('',(#7540,#7541,#7542,#7543));
#1945=EDGE_LOOP('',(#7544,#7545,#7546,#7547));
#1946=EDGE_LOOP('',(#7548,#7549,#7550,#7551));
#1947=EDGE_LOOP('',(#7552,#7553,#7554,#7555));
#1948=EDGE_LOOP('',(#7556,#7557,#7558,#7559));
#1949=EDGE_LOOP('',(#7560,#7561,#7562,#7563));
#1950=EDGE_LOOP('',(#7564,#7565,#7566,#7567));
#1951=EDGE_LOOP('',(#7568,#7569,#7570,#7571));
#1952=EDGE_LOOP('',(#7572,#7573,#7574,#7575));
#1953=EDGE_LOOP('',(#7576,#7577,#7578,#7579));
#1954=EDGE_LOOP('',(#7580,#7581,#7582,#7583));
#1955=EDGE_LOOP('',(#7584,#7585,#7586,#7587));
#1956=EDGE_LOOP('',(#7588,#7589,#7590,#7591));
#1957=EDGE_LOOP('',(#7592,#7593,#7594,#7595));
#1958=EDGE_LOOP('',(#7596,#7597,#7598,#7599));
#1959=EDGE_LOOP('',(#7600,#7601,#7602,#7603));
#1960=EDGE_LOOP('',(#7604,#7605,#7606,#7607));
#1961=EDGE_LOOP('',(#7608,#7609,#7610,#7611));
#1962=EDGE_LOOP('',(#7612,#7613,#7614,#7615));
#1963=EDGE_LOOP('',(#7616,#7617,#7618,#7619));
#1964=EDGE_LOOP('',(#7620,#7621,#7622,#7623));
#1965=EDGE_LOOP('',(#7624,#7625,#7626,#7627,#7628,#7629,#7630,#7631));
#1966=EDGE_LOOP('',(#7632,#7633,#7634,#7635,#7636,#7637,#7638,#7639));
#1967=EDGE_LOOP('',(#7640,#7641,#7642,#7643,#7644,#7645,#7646,#7647));
#1968=EDGE_LOOP('',(#7648,#7649,#7650,#7651,#7652,#7653,#7654,#7655,#7656,
#7657,#7658,#7659,#7660,#7661,#7662,#7663,#7664,#7665,#7666,#7667,#7668,
#7669,#7670,#7671));
#1969=EDGE_LOOP('',(#7672,#7673,#7674,#7675,#7676,#7677,#7678,#7679));
#1970=EDGE_LOOP('',(#7680,#7681,#7682,#7683,#7684,#7685,#7686,#7687));
#1971=EDGE_LOOP('',(#7688,#7689,#7690,#7691));
#1972=EDGE_LOOP('',(#7692,#7693,#7694,#7695));
#1973=EDGE_LOOP('',(#7696,#7697,#7698,#7699));
#1974=EDGE_LOOP('',(#7700,#7701,#7702,#7703));
#1975=EDGE_LOOP('',(#7704,#7705,#7706,#7707));
#1976=EDGE_LOOP('',(#7708,#7709,#7710,#7711));
#1977=EDGE_LOOP('',(#7712,#7713,#7714,#7715));
#1978=EDGE_LOOP('',(#7716,#7717,#7718,#7719));
#1979=EDGE_LOOP('',(#7720,#7721,#7722,#7723));
#1980=EDGE_LOOP('',(#7724,#7725,#7726,#7727));
#1981=EDGE_LOOP('',(#7728,#7729,#7730,#7731));
#1982=EDGE_LOOP('',(#7732,#7733,#7734,#7735,#7736,#7737,#7738,#7739));
#1983=EDGE_LOOP('',(#7740,#7741,#7742,#7743));
#1984=EDGE_LOOP('',(#7744,#7745,#7746,#7747));
#1985=EDGE_LOOP('',(#7748,#7749,#7750,#7751));
#1986=EDGE_LOOP('',(#7752,#7753,#7754,#7755));
#1987=EDGE_LOOP('',(#7756,#7757,#7758,#7759));
#1988=EDGE_LOOP('',(#7760,#7761,#7762,#7763));
#1989=EDGE_LOOP('',(#7764,#7765,#7766,#7767));
#1990=EDGE_LOOP('',(#7768,#7769,#7770,#7771));
#1991=EDGE_LOOP('',(#7772,#7773,#7774,#7775));
#1992=EDGE_LOOP('',(#7776,#7777,#7778,#7779));
#1993=EDGE_LOOP('',(#7780,#7781,#7782,#7783));
#1994=EDGE_LOOP('',(#7784,#7785,#7786,#7787));
#1995=EDGE_LOOP('',(#7788,#7789,#7790,#7791));
#1996=EDGE_LOOP('',(#7792,#7793,#7794,#7795));
#1997=EDGE_LOOP('',(#7796,#7797,#7798,#7799));
#1998=EDGE_LOOP('',(#7800,#7801,#7802,#7803));
#1999=EDGE_LOOP('',(#7804,#7805,#7806,#7807));
#2000=EDGE_LOOP('',(#7808,#7809,#7810,#7811));
#2001=EDGE_LOOP('',(#7812,#7813,#7814,#7815));
#2002=EDGE_LOOP('',(#7816,#7817,#7818,#7819));
#2003=EDGE_LOOP('',(#7820,#7821,#7822,#7823));
#2004=EDGE_LOOP('',(#7824,#7825,#7826,#7827));
#2005=EDGE_LOOP('',(#7828,#7829,#7830,#7831));
#2006=EDGE_LOOP('',(#7832,#7833,#7834,#7835));
#2007=EDGE_LOOP('',(#7836,#7837,#7838,#7839));
#2008=EDGE_LOOP('',(#7840,#7841,#7842,#7843));
#2009=EDGE_LOOP('',(#7844,#7845,#7846,#7847));
#2010=EDGE_LOOP('',(#7848,#7849,#7850,#7851));
#2011=EDGE_LOOP('',(#7852,#7853,#7854,#7855));
#2012=EDGE_LOOP('',(#7856,#7857,#7858,#7859));
#2013=EDGE_LOOP('',(#7860,#7861,#7862,#7863));
#2014=EDGE_LOOP('',(#7864,#7865,#7866,#7867));
#2015=EDGE_LOOP('',(#7868,#7869,#7870,#7871));
#2016=EDGE_LOOP('',(#7872,#7873,#7874,#7875));
#2017=EDGE_LOOP('',(#7876,#7877,#7878,#7879));
#2018=EDGE_LOOP('',(#7880,#7881,#7882,#7883));
#2019=EDGE_LOOP('',(#7884,#7885,#7886,#7887));
#2020=EDGE_LOOP('',(#7888,#7889,#7890,#7891));
#2021=EDGE_LOOP('',(#7892,#7893,#7894,#7895));
#2022=EDGE_LOOP('',(#7896,#7897,#7898,#7899));
#2023=EDGE_LOOP('',(#7900,#7901,#7902,#7903));
#2024=EDGE_LOOP('',(#7904));
#2025=EDGE_LOOP('',(#7905));
#2026=EDGE_LOOP('',(#7906));
#2027=EDGE_LOOP('',(#7907));
#2028=EDGE_LOOP('',(#7908,#7909,#7910,#7911));
#2029=EDGE_LOOP('',(#7912,#7913,#7914,#7915));
#2030=EDGE_LOOP('',(#7916,#7917,#7918,#7919));
#2031=EDGE_LOOP('',(#7920,#7921,#7922,#7923));
#2032=EDGE_LOOP('',(#7924,#7925,#7926,#7927));
#2033=EDGE_LOOP('',(#7928,#7929,#7930,#7931));
#2034=EDGE_LOOP('',(#7932,#7933,#7934,#7935));
#2035=EDGE_LOOP('',(#7936,#7937,#7938,#7939));
#2036=EDGE_LOOP('',(#7940,#7941,#7942));
#2037=EDGE_LOOP('',(#7943,#7944,#7945));
#2038=EDGE_LOOP('',(#7946,#7947,#7948));
#2039=EDGE_LOOP('',(#7949,#7950,#7951));
#2040=EDGE_LOOP('',(#7952,#7953,#7954));
#2041=EDGE_LOOP('',(#7955,#7956,#7957));
#2042=EDGE_LOOP('',(#7958,#7959,#7960));
#2043=EDGE_LOOP('',(#7961,#7962,#7963));
#2044=EDGE_LOOP('',(#7964,#7965,#7966,#7967,#7968));
#2045=EDGE_LOOP('',(#7969,#7970,#7971,#7972));
#2046=EDGE_LOOP('',(#7973,#7974,#7975,#7976,#7977));
#2047=EDGE_LOOP('',(#7978,#7979,#7980,#7981,#7982));
#2048=EDGE_LOOP('',(#7983,#7984,#7985,#7986));
#2049=EDGE_LOOP('',(#7987,#7988,#7989,#7990,#7991));
#2050=EDGE_LOOP('',(#7992,#7993,#7994,#7995,#7996,#7997,#7998,#7999,#8000,
#8001,#8002,#8003,#8004,#8005,#8006,#8007,#8008,#8009,#8010,#8011));
#2051=EDGE_LOOP('',(#8012,#8013,#8014,#8015,#8016));
#2052=EDGE_LOOP('',(#8017,#8018,#8019,#8020));
#2053=EDGE_LOOP('',(#8021,#8022,#8023,#8024,#8025));
#2054=EDGE_LOOP('',(#8026,#8027,#8028,#8029,#8030));
#2055=EDGE_LOOP('',(#8031,#8032,#8033,#8034));
#2056=EDGE_LOOP('',(#8035,#8036,#8037,#8038,#8039));
#2057=EDGE_LOOP('',(#8040,#8041,#8042,#8043,#8044));
#2058=EDGE_LOOP('',(#8045,#8046,#8047,#8048));
#2059=EDGE_LOOP('',(#8049,#8050,#8051,#8052));
#2060=EDGE_LOOP('',(#8053,#8054,#8055,#8056));
#2061=EDGE_LOOP('',(#8057,#8058,#8059,#8060));
#2062=EDGE_LOOP('',(#8061,#8062,#8063,#8064));
#2063=EDGE_LOOP('',(#8065,#8066,#8067,#8068));
#2064=EDGE_LOOP('',(#8069,#8070,#8071,#8072));
#2065=EDGE_LOOP('',(#8073,#8074,#8075,#8076));
#2066=EDGE_LOOP('',(#8077,#8078,#8079,#8080));
#2067=EDGE_LOOP('',(#8081,#8082,#8083,#8084));
#2068=EDGE_LOOP('',(#8085,#8086,#8087,#8088));
#2069=EDGE_LOOP('',(#8089,#8090,#8091,#8092));
#2070=EDGE_LOOP('',(#8093,#8094,#8095,#8096));
#2071=EDGE_LOOP('',(#8097,#8098,#8099,#8100));
#2072=EDGE_LOOP('',(#8101,#8102,#8103,#8104));
#2073=EDGE_LOOP('',(#8105,#8106,#8107));
#2074=EDGE_LOOP('',(#8108,#8109,#8110));
#2075=EDGE_LOOP('',(#8111,#8112,#8113));
#2076=EDGE_LOOP('',(#8114,#8115,#8116));
#2077=EDGE_LOOP('',(#8117,#8118,#8119));
#2078=EDGE_LOOP('',(#8120,#8121,#8122));
#2079=EDGE_LOOP('',(#8123,#8124,#8125));
#2080=EDGE_LOOP('',(#8126,#8127,#8128));
#2081=EDGE_LOOP('',(#8129,#8130,#8131,#8132,#8133));
#2082=EDGE_LOOP('',(#8134,#8135,#8136,#8137));
#2083=EDGE_LOOP('',(#8138,#8139,#8140,#8141,#8142));
#2084=EDGE_LOOP('',(#8143,#8144,#8145,#8146,#8147));
#2085=EDGE_LOOP('',(#8148,#8149,#8150,#8151));
#2086=EDGE_LOOP('',(#8152,#8153,#8154,#8155,#8156));
#2087=EDGE_LOOP('',(#8157,#8158,#8159,#8160,#8161,#8162,#8163,#8164,#8165,
#8166,#8167,#8168,#8169,#8170,#8171,#8172,#8173,#8174,#8175,#8176));
#2088=EDGE_LOOP('',(#8177,#8178,#8179,#8180,#8181));
#2089=EDGE_LOOP('',(#8182,#8183,#8184,#8185));
#2090=EDGE_LOOP('',(#8186,#8187,#8188,#8189,#8190));
#2091=EDGE_LOOP('',(#8191,#8192,#8193,#8194,#8195));
#2092=EDGE_LOOP('',(#8196,#8197,#8198,#8199));
#2093=EDGE_LOOP('',(#8200,#8201,#8202,#8203,#8204));
#2094=EDGE_LOOP('',(#8205,#8206,#8207,#8208,#8209));
#2095=EDGE_LOOP('',(#8210,#8211,#8212,#8213));
#2096=EDGE_LOOP('',(#8214,#8215,#8216,#8217));
#2097=EDGE_LOOP('',(#8218,#8219,#8220,#8221));
#2098=EDGE_LOOP('',(#8222,#8223,#8224,#8225));
#2099=EDGE_LOOP('',(#8226,#8227,#8228,#8229));
#2100=EDGE_LOOP('',(#8230,#8231,#8232,#8233));
#2101=EDGE_LOOP('',(#8234,#8235,#8236,#8237));
#2102=EDGE_LOOP('',(#8238,#8239,#8240,#8241));
#2103=EDGE_LOOP('',(#8242,#8243,#8244,#8245));
#2104=EDGE_LOOP('',(#8246,#8247,#8248,#8249));
#2105=EDGE_LOOP('',(#8250,#8251,#8252,#8253));
#2106=EDGE_LOOP('',(#8254,#8255,#8256,#8257));
#2107=EDGE_LOOP('',(#8258,#8259,#8260,#8261));
#2108=EDGE_LOOP('',(#8262,#8263,#8264,#8265));
#2109=EDGE_LOOP('',(#8266,#8267,#8268,#8269));
#2110=EDGE_LOOP('',(#8270,#8271,#8272));
#2111=EDGE_LOOP('',(#8273,#8274,#8275));
#2112=EDGE_LOOP('',(#8276,#8277,#8278));
#2113=EDGE_LOOP('',(#8279,#8280,#8281));
#2114=EDGE_LOOP('',(#8282,#8283,#8284));
#2115=EDGE_LOOP('',(#8285,#8286,#8287));
#2116=EDGE_LOOP('',(#8288,#8289,#8290));
#2117=EDGE_LOOP('',(#8291,#8292,#8293));
#2118=EDGE_LOOP('',(#8294,#8295,#8296,#8297,#8298));
#2119=EDGE_LOOP('',(#8299,#8300,#8301,#8302));
#2120=EDGE_LOOP('',(#8303,#8304,#8305,#8306,#8307));
#2121=EDGE_LOOP('',(#8308,#8309,#8310,#8311,#8312));
#2122=EDGE_LOOP('',(#8313,#8314,#8315,#8316));
#2123=EDGE_LOOP('',(#8317,#8318,#8319,#8320,#8321));
#2124=EDGE_LOOP('',(#8322,#8323,#8324,#8325,#8326,#8327,#8328,#8329,#8330,
#8331,#8332,#8333,#8334,#8335,#8336,#8337,#8338,#8339,#8340,#8341));
#2125=EDGE_LOOP('',(#8342,#8343,#8344,#8345,#8346));
#2126=EDGE_LOOP('',(#8347,#8348,#8349,#8350));
#2127=EDGE_LOOP('',(#8351,#8352,#8353,#8354,#8355));
#2128=EDGE_LOOP('',(#8356,#8357,#8358,#8359,#8360));
#2129=EDGE_LOOP('',(#8361,#8362,#8363,#8364));
#2130=EDGE_LOOP('',(#8365,#8366,#8367,#8368,#8369));
#2131=EDGE_LOOP('',(#8370,#8371,#8372,#8373,#8374));
#2132=EDGE_LOOP('',(#8375,#8376,#8377,#8378));
#2133=EDGE_LOOP('',(#8379,#8380,#8381,#8382));
#2134=EDGE_LOOP('',(#8383,#8384,#8385,#8386));
#2135=EDGE_LOOP('',(#8387,#8388,#8389,#8390));
#2136=EDGE_LOOP('',(#8391,#8392,#8393,#8394));
#2137=EDGE_LOOP('',(#8395,#8396,#8397,#8398));
#2138=EDGE_LOOP('',(#8399,#8400,#8401,#8402));
#2139=EDGE_LOOP('',(#8403,#8404,#8405,#8406));
#2140=EDGE_LOOP('',(#8407,#8408,#8409,#8410));
#2141=EDGE_LOOP('',(#8411,#8412,#8413,#8414));
#2142=EDGE_LOOP('',(#8415,#8416,#8417,#8418));
#2143=EDGE_LOOP('',(#8419,#8420,#8421,#8422));
#2144=EDGE_LOOP('',(#8423,#8424,#8425,#8426));
#2145=EDGE_LOOP('',(#8427,#8428,#8429,#8430));
#2146=EDGE_LOOP('',(#8431,#8432,#8433,#8434));
#2147=EDGE_LOOP('',(#8435,#8436,#8437));
#2148=EDGE_LOOP('',(#8438,#8439,#8440));
#2149=EDGE_LOOP('',(#8441,#8442,#8443));
#2150=EDGE_LOOP('',(#8444,#8445,#8446));
#2151=EDGE_LOOP('',(#8447,#8448,#8449));
#2152=EDGE_LOOP('',(#8450,#8451,#8452));
#2153=EDGE_LOOP('',(#8453,#8454,#8455));
#2154=EDGE_LOOP('',(#8456,#8457,#8458));
#2155=EDGE_LOOP('',(#8459,#8460,#8461,#8462,#8463));
#2156=EDGE_LOOP('',(#8464,#8465,#8466,#8467));
#2157=EDGE_LOOP('',(#8468,#8469,#8470,#8471,#8472));
#2158=EDGE_LOOP('',(#8473,#8474,#8475,#8476));
#2159=EDGE_LOOP('',(#8477,#8478,#8479,#8480,#8481));
#2160=EDGE_LOOP('',(#8482,#8483,#8484,#8485));
#2161=EDGE_LOOP('',(#8486,#8487,#8488,#8489,#8490));
#2162=EDGE_LOOP('',(#8491,#8492,#8493,#8494));
#2163=EDGE_LOOP('',(#8495,#8496,#8497,#8498,#8499,#8500,#8501,#8502,#8503,
#8504,#8505,#8506,#8507,#8508,#8509,#8510,#8511,#8512,#8513,#8514));
#2164=EDGE_LOOP('',(#8515,#8516,#8517,#8518,#8519));
#2165=EDGE_LOOP('',(#8520,#8521,#8522,#8523));
#2166=EDGE_LOOP('',(#8524,#8525,#8526,#8527,#8528));
#2167=EDGE_LOOP('',(#8529,#8530,#8531,#8532));
#2168=EDGE_LOOP('',(#8533,#8534,#8535,#8536,#8537));
#2169=EDGE_LOOP('',(#8538,#8539,#8540,#8541));
#2170=EDGE_LOOP('',(#8542,#8543,#8544,#8545,#8546));
#2171=EDGE_LOOP('',(#8547,#8548,#8549,#8550));
#2172=EDGE_LOOP('',(#8551,#8552,#8553,#8554,#8555));
#2173=EDGE_LOOP('',(#8556,#8557,#8558,#8559));
#2174=EDGE_LOOP('',(#8560,#8561,#8562,#8563));
#2175=EDGE_LOOP('',(#8564,#8565,#8566,#8567));
#2176=EDGE_LOOP('',(#8568,#8569,#8570,#8571));
#2177=EDGE_LOOP('',(#8572,#8573,#8574,#8575));
#2178=EDGE_LOOP('',(#8576,#8577,#8578,#8579));
#2179=EDGE_LOOP('',(#8580,#8581,#8582,#8583));
#2180=EDGE_LOOP('',(#8584,#8585,#8586,#8587));
#2181=EDGE_LOOP('',(#8588,#8589,#8590,#8591));
#2182=EDGE_LOOP('',(#8592,#8593,#8594,#8595));
#2183=EDGE_LOOP('',(#8596,#8597,#8598,#8599));
#2184=EDGE_LOOP('',(#8600,#8601,#8602,#8603));
#2185=EDGE_LOOP('',(#8604,#8605,#8606,#8607));
#2186=EDGE_LOOP('',(#8608,#8609,#8610,#8611));
#2187=EDGE_LOOP('',(#8612,#8613,#8614,#8615));
#2188=EDGE_LOOP('',(#8616,#8617,#8618,#8619));
#2189=EDGE_LOOP('',(#8620,#8621,#8622,#8623));
#2190=EDGE_LOOP('',(#8624,#8625,#8626,#8627));
#2191=EDGE_LOOP('',(#8628,#8629,#8630,#8631));
#2192=EDGE_LOOP('',(#8632,#8633,#8634,#8635));
#2193=EDGE_LOOP('',(#8636,#8637,#8638,#8639));
#2194=EDGE_LOOP('',(#8640,#8641,#8642,#8643));
#2195=EDGE_LOOP('',(#8644,#8645,#8646,#8647));
#2196=EDGE_LOOP('',(#8648,#8649,#8650,#8651));
#2197=EDGE_LOOP('',(#8652,#8653,#8654,#8655));
#2198=EDGE_LOOP('',(#8656,#8657,#8658,#8659));
#2199=EDGE_LOOP('',(#8660,#8661,#8662,#8663));
#2200=EDGE_LOOP('',(#8664,#8665,#8666,#8667));
#2201=EDGE_LOOP('',(#8668,#8669,#8670,#8671));
#2202=EDGE_LOOP('',(#8672,#8673,#8674,#8675));
#2203=EDGE_LOOP('',(#8676,#8677,#8678,#8679));
#2204=EDGE_LOOP('',(#8680,#8681,#8682,#8683));
#2205=EDGE_LOOP('',(#8684,#8685,#8686,#8687));
#2206=EDGE_LOOP('',(#8688,#8689,#8690,#8691));
#2207=EDGE_LOOP('',(#8692,#8693,#8694,#8695));
#2208=EDGE_LOOP('',(#8696,#8697,#8698,#8699));
#2209=EDGE_LOOP('',(#8700,#8701,#8702,#8703));
#2210=EDGE_LOOP('',(#8704,#8705,#8706,#8707));
#2211=EDGE_LOOP('',(#8708,#8709,#8710,#8711));
#2212=EDGE_LOOP('',(#8712,#8713,#8714,#8715));
#2213=EDGE_LOOP('',(#8716,#8717,#8718,#8719));
#2214=EDGE_LOOP('',(#8720,#8721,#8722,#8723));
#2215=EDGE_LOOP('',(#8724,#8725,#8726,#8727));
#2216=EDGE_LOOP('',(#8728,#8729,#8730,#8731));
#2217=EDGE_LOOP('',(#8732,#8733,#8734,#8735));
#2218=EDGE_LOOP('',(#8736,#8737,#8738,#8739));
#2219=EDGE_LOOP('',(#8740,#8741,#8742,#8743));
#2220=EDGE_LOOP('',(#8744,#8745,#8746,#8747));
#2221=EDGE_LOOP('',(#8748,#8749,#8750,#8751));
#2222=EDGE_LOOP('',(#8752,#8753,#8754,#8755));
#2223=EDGE_LOOP('',(#8756,#8757,#8758,#8759));
#2224=EDGE_LOOP('',(#8760,#8761,#8762,#8763));
#2225=EDGE_LOOP('',(#8764,#8765,#8766,#8767));
#2226=EDGE_LOOP('',(#8768,#8769,#8770,#8771));
#2227=EDGE_LOOP('',(#8772,#8773,#8774,#8775));
#2228=EDGE_LOOP('',(#8776,#8777,#8778,#8779));
#2229=EDGE_LOOP('',(#8780,#8781,#8782,#8783));
#2230=EDGE_LOOP('',(#8784,#8785,#8786,#8787));
#2231=EDGE_LOOP('',(#8788,#8789,#8790,#8791));
#2232=EDGE_LOOP('',(#8792,#8793,#8794,#8795));
#2233=EDGE_LOOP('',(#8796,#8797,#8798,#8799));
#2234=EDGE_LOOP('',(#8800,#8801,#8802,#8803));
#2235=EDGE_LOOP('',(#8804,#8805,#8806,#8807));
#2236=EDGE_LOOP('',(#8808,#8809,#8810,#8811));
#2237=EDGE_LOOP('',(#8812,#8813,#8814,#8815));
#2238=EDGE_LOOP('',(#8816,#8817,#8818,#8819));
#2239=EDGE_LOOP('',(#8820,#8821,#8822,#8823));
#2240=EDGE_LOOP('',(#8824,#8825,#8826,#8827));
#2241=EDGE_LOOP('',(#8828,#8829,#8830,#8831));
#2242=EDGE_LOOP('',(#8832,#8833,#8834,#8835));
#2243=EDGE_LOOP('',(#8836,#8837,#8838,#8839));
#2244=EDGE_LOOP('',(#8840,#8841,#8842,#8843));
#2245=EDGE_LOOP('',(#8844,#8845,#8846,#8847));
#2246=EDGE_LOOP('',(#8848,#8849,#8850,#8851));
#2247=EDGE_LOOP('',(#8852,#8853,#8854,#8855));
#2248=EDGE_LOOP('',(#8856,#8857,#8858,#8859));
#2249=EDGE_LOOP('',(#8860,#8861,#8862,#8863));
#2250=EDGE_LOOP('',(#8864,#8865,#8866,#8867));
#2251=EDGE_LOOP('',(#8868,#8869,#8870,#8871));
#2252=EDGE_LOOP('',(#8872,#8873,#8874,#8875));
#2253=EDGE_LOOP('',(#8876,#8877,#8878,#8879));
#2254=EDGE_LOOP('',(#8880,#8881,#8882,#8883));
#2255=EDGE_LOOP('',(#8884,#8885,#8886,#8887));
#2256=EDGE_LOOP('',(#8888,#8889,#8890,#8891));
#2257=EDGE_LOOP('',(#8892,#8893,#8894,#8895));
#2258=EDGE_LOOP('',(#8896,#8897,#8898,#8899));
#2259=EDGE_LOOP('',(#8900,#8901,#8902,#8903));
#2260=EDGE_LOOP('',(#8904,#8905,#8906,#8907));
#2261=EDGE_LOOP('',(#8908,#8909,#8910,#8911));
#2262=EDGE_LOOP('',(#8912,#8913,#8914,#8915));
#2263=EDGE_LOOP('',(#8916,#8917,#8918,#8919));
#2264=EDGE_LOOP('',(#8920,#8921,#8922,#8923));
#2265=EDGE_LOOP('',(#8924,#8925,#8926,#8927));
#2266=EDGE_LOOP('',(#8928,#8929,#8930,#8931));
#2267=EDGE_LOOP('',(#8932,#8933,#8934,#8935));
#2268=EDGE_LOOP('',(#8936,#8937,#8938,#8939));
#2269=EDGE_LOOP('',(#8940,#8941,#8942,#8943));
#2270=EDGE_LOOP('',(#8944,#8945,#8946,#8947));
#2271=EDGE_LOOP('',(#8948,#8949,#8950,#8951));
#2272=EDGE_LOOP('',(#8952,#8953,#8954,#8955));
#2273=EDGE_LOOP('',(#8956,#8957,#8958,#8959));
#2274=EDGE_LOOP('',(#8960,#8961,#8962,#8963));
#2275=EDGE_LOOP('',(#8964,#8965,#8966,#8967));
#2276=EDGE_LOOP('',(#8968,#8969,#8970,#8971));
#2277=EDGE_LOOP('',(#8972,#8973,#8974,#8975));
#2278=EDGE_LOOP('',(#8976,#8977,#8978,#8979));
#2279=EDGE_LOOP('',(#8980,#8981,#8982,#8983));
#2280=EDGE_LOOP('',(#8984,#8985,#8986,#8987));
#2281=EDGE_LOOP('',(#8988,#8989,#8990,#8991));
#2282=EDGE_LOOP('',(#8992,#8993,#8994,#8995));
#2283=EDGE_LOOP('',(#8996,#8997,#8998,#8999));
#2284=EDGE_LOOP('',(#9000,#9001,#9002,#9003));
#2285=EDGE_LOOP('',(#9004,#9005,#9006,#9007));
#2286=EDGE_LOOP('',(#9008,#9009,#9010,#9011));
#2287=EDGE_LOOP('',(#9012,#9013,#9014,#9015));
#2288=EDGE_LOOP('',(#9016,#9017,#9018,#9019));
#2289=EDGE_LOOP('',(#9020,#9021,#9022,#9023));
#2290=EDGE_LOOP('',(#9024,#9025,#9026,#9027));
#2291=EDGE_LOOP('',(#9028,#9029,#9030,#9031));
#2292=EDGE_LOOP('',(#9032,#9033,#9034,#9035));
#2293=EDGE_LOOP('',(#9036,#9037,#9038,#9039));
#2294=EDGE_LOOP('',(#9040,#9041,#9042,#9043));
#2295=EDGE_LOOP('',(#9044,#9045,#9046,#9047));
#2296=EDGE_LOOP('',(#9048,#9049,#9050,#9051));
#2297=EDGE_LOOP('',(#9052,#9053,#9054,#9055));
#2298=EDGE_LOOP('',(#9056,#9057,#9058,#9059));
#2299=EDGE_LOOP('',(#9060,#9061,#9062,#9063));
#2300=EDGE_LOOP('',(#9064,#9065,#9066,#9067));
#2301=EDGE_LOOP('',(#9068,#9069,#9070,#9071));
#2302=EDGE_LOOP('',(#9072,#9073,#9074,#9075));
#2303=EDGE_LOOP('',(#9076,#9077,#9078,#9079));
#2304=EDGE_LOOP('',(#9080,#9081,#9082,#9083));
#2305=EDGE_LOOP('',(#9084,#9085,#9086,#9087));
#2306=EDGE_LOOP('',(#9088,#9089,#9090,#9091));
#2307=EDGE_LOOP('',(#9092,#9093,#9094,#9095));
#2308=EDGE_LOOP('',(#9096,#9097,#9098,#9099));
#2309=EDGE_LOOP('',(#9100,#9101,#9102,#9103));
#2310=EDGE_LOOP('',(#9104,#9105,#9106,#9107));
#2311=EDGE_LOOP('',(#9108,#9109,#9110,#9111));
#2312=EDGE_LOOP('',(#9112,#9113,#9114,#9115));
#2313=EDGE_LOOP('',(#9116,#9117,#9118,#9119));
#2314=EDGE_LOOP('',(#9120,#9121,#9122,#9123));
#2315=EDGE_LOOP('',(#9124,#9125,#9126,#9127));
#2316=EDGE_LOOP('',(#9128,#9129,#9130,#9131));
#2317=EDGE_LOOP('',(#9132,#9133,#9134,#9135));
#2318=EDGE_LOOP('',(#9136,#9137,#9138,#9139));
#2319=EDGE_LOOP('',(#9140,#9141,#9142,#9143));
#2320=EDGE_LOOP('',(#9144,#9145,#9146,#9147));
#2321=EDGE_LOOP('',(#9148,#9149,#9150,#9151));
#2322=EDGE_LOOP('',(#9152,#9153,#9154,#9155));
#2323=EDGE_LOOP('',(#9156,#9157,#9158,#9159));
#2324=EDGE_LOOP('',(#9160,#9161,#9162,#9163));
#2325=EDGE_LOOP('',(#9164,#9165,#9166,#9167));
#2326=EDGE_LOOP('',(#9168,#9169,#9170,#9171));
#2327=EDGE_LOOP('',(#9172,#9173,#9174,#9175));
#2328=EDGE_LOOP('',(#9176,#9177,#9178,#9179));
#2329=EDGE_LOOP('',(#9180,#9181,#9182,#9183));
#2330=EDGE_LOOP('',(#9184,#9185,#9186,#9187));
#2331=EDGE_LOOP('',(#9188,#9189,#9190,#9191));
#2332=EDGE_LOOP('',(#9192,#9193,#9194,#9195));
#2333=EDGE_LOOP('',(#9196,#9197,#9198,#9199));
#2334=EDGE_LOOP('',(#9200,#9201,#9202,#9203));
#2335=EDGE_LOOP('',(#9204,#9205,#9206,#9207));
#2336=EDGE_LOOP('',(#9208,#9209,#9210,#9211));
#2337=EDGE_LOOP('',(#9212,#9213,#9214,#9215));
#2338=EDGE_LOOP('',(#9216,#9217,#9218,#9219));
#2339=EDGE_LOOP('',(#9220,#9221,#9222,#9223));
#2340=EDGE_LOOP('',(#9224,#9225,#9226,#9227));
#2341=EDGE_LOOP('',(#9228,#9229,#9230,#9231));
#2342=EDGE_LOOP('',(#9232,#9233,#9234,#9235));
#2343=EDGE_LOOP('',(#9236,#9237,#9238,#9239));
#2344=EDGE_LOOP('',(#9240,#9241,#9242,#9243));
#2345=EDGE_LOOP('',(#9244,#9245,#9246,#9247));
#2346=EDGE_LOOP('',(#9248,#9249,#9250,#9251));
#2347=EDGE_LOOP('',(#9252,#9253,#9254,#9255));
#2348=EDGE_LOOP('',(#9256,#9257,#9258,#9259));
#2349=EDGE_LOOP('',(#9260,#9261,#9262,#9263));
#2350=EDGE_LOOP('',(#9264,#9265,#9266,#9267));
#2351=EDGE_LOOP('',(#9268,#9269,#9270,#9271));
#2352=EDGE_LOOP('',(#9272,#9273,#9274,#9275));
#2353=EDGE_LOOP('',(#9276,#9277,#9278,#9279));
#2354=EDGE_LOOP('',(#9280,#9281,#9282,#9283));
#2355=EDGE_LOOP('',(#9284,#9285,#9286,#9287));
#2356=EDGE_LOOP('',(#9288,#9289,#9290,#9291));
#2357=EDGE_LOOP('',(#9292,#9293,#9294,#9295));
#2358=EDGE_LOOP('',(#9296,#9297,#9298,#9299));
#2359=EDGE_LOOP('',(#9300,#9301,#9302,#9303));
#2360=EDGE_LOOP('',(#9304,#9305,#9306,#9307));
#2361=EDGE_LOOP('',(#9308,#9309,#9310,#9311));
#2362=EDGE_LOOP('',(#9312,#9313,#9314,#9315));
#2363=EDGE_LOOP('',(#9316,#9317,#9318,#9319));
#2364=EDGE_LOOP('',(#9320,#9321,#9322,#9323));
#2365=EDGE_LOOP('',(#9324,#9325,#9326,#9327));
#2366=EDGE_LOOP('',(#9328,#9329,#9330,#9331));
#2367=EDGE_LOOP('',(#9332,#9333,#9334,#9335));
#2368=EDGE_LOOP('',(#9336,#9337,#9338,#9339));
#2369=EDGE_LOOP('',(#9340,#9341,#9342,#9343));
#2370=EDGE_LOOP('',(#9344,#9345,#9346,#9347));
#2371=EDGE_LOOP('',(#9348,#9349,#9350,#9351));
#2372=EDGE_LOOP('',(#9352,#9353,#9354,#9355));
#2373=EDGE_LOOP('',(#9356,#9357,#9358,#9359));
#2374=EDGE_LOOP('',(#9360,#9361,#9362,#9363));
#2375=EDGE_LOOP('',(#9364,#9365,#9366,#9367));
#2376=EDGE_LOOP('',(#9368,#9369,#9370,#9371));
#2377=EDGE_LOOP('',(#9372,#9373,#9374,#9375));
#2378=EDGE_LOOP('',(#9376,#9377,#9378,#9379));
#2379=EDGE_LOOP('',(#9380,#9381,#9382,#9383));
#2380=EDGE_LOOP('',(#9384,#9385,#9386,#9387));
#2381=EDGE_LOOP('',(#9388,#9389,#9390,#9391));
#2382=EDGE_LOOP('',(#9392,#9393,#9394,#9395));
#2383=EDGE_LOOP('',(#9396,#9397,#9398,#9399));
#2384=EDGE_LOOP('',(#9400,#9401,#9402,#9403));
#2385=EDGE_LOOP('',(#9404,#9405,#9406,#9407));
#2386=EDGE_LOOP('',(#9408,#9409,#9410,#9411));
#2387=EDGE_LOOP('',(#9412,#9413,#9414,#9415));
#2388=EDGE_LOOP('',(#9416,#9417,#9418,#9419));
#2389=EDGE_LOOP('',(#9420,#9421,#9422,#9423));
#2390=EDGE_LOOP('',(#9424,#9425,#9426,#9427));
#2391=EDGE_LOOP('',(#9428,#9429,#9430,#9431));
#2392=EDGE_LOOP('',(#9432,#9433,#9434,#9435));
#2393=EDGE_LOOP('',(#9436,#9437,#9438,#9439));
#2394=EDGE_LOOP('',(#9440,#9441,#9442,#9443));
#2395=EDGE_LOOP('',(#9444,#9445,#9446,#9447));
#2396=EDGE_LOOP('',(#9448,#9449,#9450,#9451));
#2397=EDGE_LOOP('',(#9452,#9453,#9454,#9455));
#2398=EDGE_LOOP('',(#9456,#9457,#9458,#9459));
#2399=EDGE_LOOP('',(#9460,#9461,#9462,#9463));
#2400=EDGE_LOOP('',(#9464,#9465,#9466,#9467));
#2401=EDGE_LOOP('',(#9468,#9469,#9470,#9471));
#2402=EDGE_LOOP('',(#9472,#9473,#9474,#9475));
#2403=EDGE_LOOP('',(#9476,#9477,#9478,#9479));
#2404=EDGE_LOOP('',(#9480,#9481,#9482,#9483));
#2405=EDGE_LOOP('',(#9484,#9485,#9486,#9487));
#2406=EDGE_LOOP('',(#9488,#9489,#9490,#9491));
#2407=EDGE_LOOP('',(#9492,#9493,#9494,#9495));
#2408=EDGE_LOOP('',(#9496,#9497,#9498,#9499));
#2409=EDGE_LOOP('',(#9500,#9501,#9502,#9503));
#2410=EDGE_LOOP('',(#9504,#9505,#9506,#9507));
#2411=EDGE_LOOP('',(#9508,#9509,#9510,#9511));
#2412=EDGE_LOOP('',(#9512,#9513,#9514,#9515));
#2413=EDGE_LOOP('',(#9516,#9517,#9518,#9519));
#2414=EDGE_LOOP('',(#9520,#9521,#9522,#9523));
#2415=EDGE_LOOP('',(#9524,#9525,#9526,#9527));
#2416=EDGE_LOOP('',(#9528,#9529,#9530,#9531));
#2417=EDGE_LOOP('',(#9532,#9533,#9534,#9535));
#2418=EDGE_LOOP('',(#9536,#9537,#9538,#9539));
#2419=EDGE_LOOP('',(#9540,#9541,#9542,#9543));
#2420=EDGE_LOOP('',(#9544,#9545,#9546,#9547));
#2421=EDGE_LOOP('',(#9548,#9549,#9550,#9551));
#2422=EDGE_LOOP('',(#9552,#9553,#9554,#9555));
#2423=EDGE_LOOP('',(#9556,#9557,#9558,#9559));
#2424=EDGE_LOOP('',(#9560,#9561,#9562,#9563));
#2425=EDGE_LOOP('',(#9564,#9565,#9566,#9567));
#2426=EDGE_LOOP('',(#9568,#9569,#9570,#9571));
#2427=EDGE_LOOP('',(#9572,#9573,#9574,#9575));
#2428=EDGE_LOOP('',(#9576,#9577,#9578,#9579));
#2429=EDGE_LOOP('',(#9580,#9581,#9582,#9583));
#2430=EDGE_LOOP('',(#9584,#9585,#9586,#9587));
#2431=EDGE_LOOP('',(#9588,#9589,#9590,#9591));
#2432=EDGE_LOOP('',(#9592,#9593,#9594,#9595));
#2433=EDGE_LOOP('',(#9596,#9597,#9598,#9599));
#2434=EDGE_LOOP('',(#9600,#9601,#9602,#9603));
#2435=EDGE_LOOP('',(#9604,#9605,#9606,#9607));
#2436=EDGE_LOOP('',(#9608,#9609,#9610,#9611));
#2437=EDGE_LOOP('',(#9612,#9613,#9614,#9615));
#2438=EDGE_LOOP('',(#9616,#9617,#9618,#9619));
#2439=EDGE_LOOP('',(#9620,#9621,#9622,#9623));
#2440=EDGE_LOOP('',(#9624,#9625,#9626,#9627));
#2441=EDGE_LOOP('',(#9628,#9629,#9630,#9631));
#2442=EDGE_LOOP('',(#9632,#9633,#9634,#9635));
#2443=EDGE_LOOP('',(#9636,#9637,#9638,#9639));
#2444=EDGE_LOOP('',(#9640,#9641,#9642,#9643));
#2445=EDGE_LOOP('',(#9644,#9645,#9646,#9647));
#2446=EDGE_LOOP('',(#9648,#9649,#9650,#9651));
#2447=EDGE_LOOP('',(#9652,#9653,#9654,#9655));
#2448=EDGE_LOOP('',(#9656,#9657,#9658,#9659));
#2449=EDGE_LOOP('',(#9660,#9661,#9662,#9663));
#2450=EDGE_LOOP('',(#9664,#9665,#9666,#9667));
#2451=EDGE_LOOP('',(#9668,#9669,#9670,#9671));
#2452=EDGE_LOOP('',(#9672,#9673,#9674,#9675));
#2453=EDGE_LOOP('',(#9676,#9677,#9678,#9679));
#2454=EDGE_LOOP('',(#9680,#9681,#9682,#9683));
#2455=EDGE_LOOP('',(#9684,#9685,#9686,#9687));
#2456=EDGE_LOOP('',(#9688,#9689,#9690,#9691));
#2457=EDGE_LOOP('',(#9692,#9693,#9694,#9695));
#2458=EDGE_LOOP('',(#9696,#9697,#9698,#9699));
#2459=EDGE_LOOP('',(#9700,#9701,#9702,#9703));
#2460=EDGE_LOOP('',(#9704,#9705,#9706,#9707));
#2461=EDGE_LOOP('',(#9708,#9709,#9710,#9711));
#2462=EDGE_LOOP('',(#9712,#9713,#9714,#9715));
#2463=EDGE_LOOP('',(#9716,#9717,#9718,#9719));
#2464=EDGE_LOOP('',(#9720,#9721,#9722,#9723));
#2465=EDGE_LOOP('',(#9724,#9725,#9726,#9727));
#2466=EDGE_LOOP('',(#9728,#9729,#9730,#9731));
#2467=EDGE_LOOP('',(#9732,#9733,#9734,#9735));
#2468=EDGE_LOOP('',(#9736,#9737,#9738,#9739));
#2469=EDGE_LOOP('',(#9740,#9741,#9742,#9743));
#2470=EDGE_LOOP('',(#9744,#9745,#9746,#9747));
#2471=EDGE_LOOP('',(#9748,#9749,#9750,#9751));
#2472=EDGE_LOOP('',(#9752,#9753,#9754,#9755));
#2473=EDGE_LOOP('',(#9756,#9757,#9758,#9759));
#2474=EDGE_LOOP('',(#9760,#9761,#9762,#9763));
#2475=EDGE_LOOP('',(#9764,#9765,#9766,#9767));
#2476=EDGE_LOOP('',(#9768,#9769,#9770,#9771));
#2477=EDGE_LOOP('',(#9772,#9773,#9774,#9775));
#2478=EDGE_LOOP('',(#9776,#9777,#9778,#9779));
#2479=EDGE_LOOP('',(#9780,#9781,#9782,#9783));
#2480=EDGE_LOOP('',(#9784,#9785,#9786,#9787));
#2481=EDGE_LOOP('',(#9788,#9789,#9790,#9791));
#2482=EDGE_LOOP('',(#9792,#9793,#9794,#9795));
#2483=EDGE_LOOP('',(#9796,#9797,#9798,#9799));
#2484=EDGE_LOOP('',(#9800,#9801,#9802,#9803));
#2485=EDGE_LOOP('',(#9804,#9805,#9806,#9807));
#2486=EDGE_LOOP('',(#9808,#9809,#9810,#9811));
#2487=EDGE_LOOP('',(#9812,#9813,#9814,#9815));
#2488=EDGE_LOOP('',(#9816,#9817,#9818,#9819));
#2489=EDGE_LOOP('',(#9820,#9821,#9822,#9823));
#2490=EDGE_LOOP('',(#9824,#9825,#9826,#9827));
#2491=EDGE_LOOP('',(#9828,#9829,#9830,#9831));
#2492=EDGE_LOOP('',(#9832,#9833,#9834,#9835));
#2493=EDGE_LOOP('',(#9836,#9837,#9838,#9839));
#2494=EDGE_LOOP('',(#9840,#9841,#9842,#9843));
#2495=EDGE_LOOP('',(#9844,#9845,#9846,#9847));
#2496=EDGE_LOOP('',(#9848,#9849,#9850,#9851));
#2497=EDGE_LOOP('',(#9852,#9853,#9854,#9855));
#2498=EDGE_LOOP('',(#9856,#9857,#9858,#9859));
#2499=EDGE_LOOP('',(#9860,#9861,#9862,#9863));
#2500=EDGE_LOOP('',(#9864,#9865,#9866,#9867));
#2501=EDGE_LOOP('',(#9868,#9869,#9870,#9871));
#2502=EDGE_LOOP('',(#9872,#9873,#9874,#9875));
#2503=EDGE_LOOP('',(#9876,#9877,#9878,#9879));
#2504=EDGE_LOOP('',(#9880,#9881,#9882,#9883));
#2505=EDGE_LOOP('',(#9884,#9885,#9886,#9887));
#2506=EDGE_LOOP('',(#9888,#9889,#9890,#9891));
#2507=EDGE_LOOP('',(#9892,#9893,#9894,#9895));
#2508=EDGE_LOOP('',(#9896,#9897,#9898,#9899));
#2509=EDGE_LOOP('',(#9900,#9901,#9902,#9903));
#2510=EDGE_LOOP('',(#9904,#9905,#9906,#9907));
#2511=EDGE_LOOP('',(#9908,#9909,#9910,#9911));
#2512=EDGE_LOOP('',(#9912,#9913,#9914,#9915));
#2513=EDGE_LOOP('',(#9916,#9917,#9918,#9919));
#2514=EDGE_LOOP('',(#9920,#9921,#9922,#9923));
#2515=EDGE_LOOP('',(#9924,#9925,#9926,#9927));
#2516=EDGE_LOOP('',(#9928,#9929,#9930,#9931));
#2517=EDGE_LOOP('',(#9932,#9933,#9934,#9935));
#2518=EDGE_LOOP('',(#9936,#9937,#9938,#9939));
#2519=EDGE_LOOP('',(#9940,#9941,#9942,#9943));
#2520=EDGE_LOOP('',(#9944,#9945,#9946,#9947));
#2521=EDGE_LOOP('',(#9948,#9949,#9950,#9951));
#2522=EDGE_LOOP('',(#9952,#9953,#9954,#9955));
#2523=EDGE_LOOP('',(#9956,#9957,#9958,#9959));
#2524=EDGE_LOOP('',(#9960,#9961,#9962,#9963));
#2525=EDGE_LOOP('',(#9964,#9965,#9966,#9967));
#2526=EDGE_LOOP('',(#9968,#9969,#9970,#9971));
#2527=EDGE_LOOP('',(#9972,#9973,#9974,#9975));
#2528=EDGE_LOOP('',(#9976,#9977,#9978,#9979));
#2529=EDGE_LOOP('',(#9980,#9981,#9982,#9983));
#2530=EDGE_LOOP('',(#9984,#9985,#9986,#9987));
#2531=EDGE_LOOP('',(#9988,#9989,#9990,#9991));
#2532=EDGE_LOOP('',(#9992,#9993,#9994,#9995));
#2533=EDGE_LOOP('',(#9996,#9997,#9998,#9999));
#2534=EDGE_LOOP('',(#10000,#10001,#10002,#10003));
#2535=EDGE_LOOP('',(#10004,#10005,#10006,#10007));
#2536=EDGE_LOOP('',(#10008,#10009,#10010,#10011));
#2537=EDGE_LOOP('',(#10012,#10013,#10014,#10015));
#2538=EDGE_LOOP('',(#10016,#10017,#10018,#10019));
#2539=EDGE_LOOP('',(#10020,#10021,#10022,#10023));
#2540=EDGE_LOOP('',(#10024,#10025,#10026,#10027));
#2541=EDGE_LOOP('',(#10028,#10029,#10030,#10031));
#2542=EDGE_LOOP('',(#10032,#10033,#10034,#10035));
#2543=EDGE_LOOP('',(#10036,#10037,#10038,#10039));
#2544=EDGE_LOOP('',(#10040,#10041,#10042,#10043));
#2545=EDGE_LOOP('',(#10044,#10045,#10046,#10047));
#2546=EDGE_LOOP('',(#10048,#10049,#10050,#10051));
#2547=EDGE_LOOP('',(#10052,#10053,#10054,#10055));
#2548=EDGE_LOOP('',(#10056,#10057,#10058,#10059));
#2549=EDGE_LOOP('',(#10060,#10061,#10062,#10063));
#2550=EDGE_LOOP('',(#10064,#10065,#10066,#10067));
#2551=EDGE_LOOP('',(#10068,#10069,#10070,#10071));
#2552=EDGE_LOOP('',(#10072,#10073,#10074,#10075));
#2553=EDGE_LOOP('',(#10076,#10077,#10078,#10079));
#2554=EDGE_LOOP('',(#10080,#10081,#10082,#10083));
#2555=EDGE_LOOP('',(#10084,#10085,#10086,#10087));
#2556=EDGE_LOOP('',(#10088,#10089,#10090,#10091));
#2557=EDGE_LOOP('',(#10092,#10093,#10094,#10095));
#2558=EDGE_LOOP('',(#10096,#10097,#10098,#10099));
#2559=EDGE_LOOP('',(#10100,#10101,#10102,#10103));
#2560=EDGE_LOOP('',(#10104,#10105,#10106,#10107));
#2561=EDGE_LOOP('',(#10108,#10109,#10110,#10111));
#2562=EDGE_LOOP('',(#10112,#10113,#10114,#10115));
#2563=EDGE_LOOP('',(#10116,#10117,#10118,#10119));
#2564=EDGE_LOOP('',(#10120,#10121,#10122,#10123));
#2565=EDGE_LOOP('',(#10124,#10125,#10126,#10127));
#2566=EDGE_LOOP('',(#10128,#10129,#10130,#10131));
#2567=EDGE_LOOP('',(#10132,#10133,#10134,#10135));
#2568=EDGE_LOOP('',(#10136,#10137,#10138,#10139));
#2569=EDGE_LOOP('',(#10140,#10141,#10142,#10143));
#2570=EDGE_LOOP('',(#10144,#10145,#10146,#10147));
#2571=EDGE_LOOP('',(#10148,#10149,#10150,#10151));
#2572=EDGE_LOOP('',(#10152,#10153,#10154,#10155));
#2573=EDGE_LOOP('',(#10156,#10157,#10158,#10159));
#2574=EDGE_LOOP('',(#10160,#10161,#10162,#10163));
#2575=EDGE_LOOP('',(#10164,#10165,#10166,#10167));
#2576=EDGE_LOOP('',(#10168,#10169,#10170,#10171));
#2577=EDGE_LOOP('',(#10172,#10173,#10174,#10175));
#2578=EDGE_LOOP('',(#10176,#10177,#10178,#10179));
#2579=EDGE_LOOP('',(#10180,#10181,#10182,#10183));
#2580=EDGE_LOOP('',(#10184,#10185,#10186,#10187));
#2581=EDGE_LOOP('',(#10188,#10189,#10190,#10191));
#2582=EDGE_LOOP('',(#10192,#10193,#10194,#10195));
#2583=EDGE_LOOP('',(#10196,#10197,#10198,#10199));
#2584=EDGE_LOOP('',(#10200,#10201,#10202,#10203));
#2585=EDGE_LOOP('',(#10204,#10205,#10206,#10207));
#2586=EDGE_LOOP('',(#10208,#10209,#10210,#10211));
#2587=EDGE_LOOP('',(#10212,#10213,#10214,#10215));
#2588=EDGE_LOOP('',(#10216,#10217,#10218,#10219));
#2589=EDGE_LOOP('',(#10220,#10221,#10222,#10223));
#2590=EDGE_LOOP('',(#10224,#10225,#10226,#10227));
#2591=EDGE_LOOP('',(#10228,#10229,#10230,#10231));
#2592=EDGE_LOOP('',(#10232,#10233,#10234,#10235));
#2593=EDGE_LOOP('',(#10236,#10237,#10238,#10239));
#2594=EDGE_LOOP('',(#10240,#10241,#10242,#10243));
#2595=EDGE_LOOP('',(#10244,#10245,#10246,#10247));
#2596=EDGE_LOOP('',(#10248,#10249,#10250,#10251));
#2597=EDGE_LOOP('',(#10252,#10253,#10254,#10255));
#2598=EDGE_LOOP('',(#10256,#10257,#10258,#10259));
#2599=EDGE_LOOP('',(#10260,#10261,#10262,#10263));
#2600=EDGE_LOOP('',(#10264,#10265,#10266,#10267));
#2601=EDGE_LOOP('',(#10268,#10269,#10270,#10271));
#2602=EDGE_LOOP('',(#10272,#10273,#10274,#10275));
#2603=EDGE_LOOP('',(#10276,#10277,#10278,#10279));
#2604=EDGE_LOOP('',(#10280,#10281,#10282,#10283));
#2605=EDGE_LOOP('',(#10284,#10285,#10286,#10287));
#2606=EDGE_LOOP('',(#10288,#10289,#10290,#10291));
#2607=EDGE_LOOP('',(#10292,#10293,#10294,#10295));
#2608=EDGE_LOOP('',(#10296,#10297,#10298,#10299));
#2609=EDGE_LOOP('',(#10300,#10301,#10302,#10303));
#2610=EDGE_LOOP('',(#10304,#10305,#10306,#10307));
#2611=EDGE_LOOP('',(#10308,#10309,#10310,#10311));
#2612=EDGE_LOOP('',(#10312,#10313,#10314,#10315));
#2613=EDGE_LOOP('',(#10316,#10317,#10318,#10319));
#2614=EDGE_LOOP('',(#10320,#10321,#10322,#10323));
#2615=EDGE_LOOP('',(#10324,#10325,#10326,#10327));
#2616=EDGE_LOOP('',(#10328,#10329,#10330,#10331));
#2617=EDGE_LOOP('',(#10332,#10333,#10334,#10335));
#2618=EDGE_LOOP('',(#10336,#10337,#10338,#10339));
#2619=EDGE_LOOP('',(#10340,#10341,#10342,#10343));
#2620=EDGE_LOOP('',(#10344,#10345,#10346,#10347));
#2621=EDGE_LOOP('',(#10348,#10349,#10350,#10351));
#2622=EDGE_LOOP('',(#10352,#10353,#10354,#10355));
#2623=EDGE_LOOP('',(#10356,#10357,#10358,#10359));
#2624=EDGE_LOOP('',(#10360,#10361,#10362,#10363));
#2625=EDGE_LOOP('',(#10364,#10365,#10366,#10367));
#2626=EDGE_LOOP('',(#10368,#10369,#10370,#10371));
#2627=EDGE_LOOP('',(#10372,#10373,#10374,#10375));
#2628=EDGE_LOOP('',(#10376,#10377,#10378,#10379));
#2629=EDGE_LOOP('',(#10380,#10381,#10382,#10383));
#2630=EDGE_LOOP('',(#10384,#10385,#10386,#10387));
#2631=EDGE_LOOP('',(#10388,#10389,#10390,#10391));
#2632=EDGE_LOOP('',(#10392,#10393,#10394,#10395));
#2633=EDGE_LOOP('',(#10396,#10397,#10398,#10399));
#2634=EDGE_LOOP('',(#10400,#10401,#10402,#10403));
#2635=EDGE_LOOP('',(#10404,#10405,#10406,#10407));
#2636=EDGE_LOOP('',(#10408,#10409,#10410,#10411));
#2637=EDGE_LOOP('',(#10412,#10413,#10414,#10415));
#2638=EDGE_LOOP('',(#10416,#10417,#10418,#10419));
#2639=EDGE_LOOP('',(#10420,#10421,#10422,#10423));
#2640=EDGE_LOOP('',(#10424,#10425,#10426,#10427));
#2641=EDGE_LOOP('',(#10428,#10429,#10430,#10431));
#2642=EDGE_LOOP('',(#10432,#10433,#10434,#10435));
#2643=EDGE_LOOP('',(#10436,#10437,#10438,#10439));
#2644=EDGE_LOOP('',(#10440,#10441,#10442,#10443));
#2645=EDGE_LOOP('',(#10444,#10445,#10446,#10447));
#2646=EDGE_LOOP('',(#10448,#10449,#10450,#10451));
#2647=EDGE_LOOP('',(#10452,#10453,#10454,#10455));
#2648=EDGE_LOOP('',(#10456,#10457,#10458,#10459));
#2649=EDGE_LOOP('',(#10460,#10461,#10462,#10463));
#2650=EDGE_LOOP('',(#10464,#10465,#10466,#10467));
#2651=EDGE_LOOP('',(#10468,#10469,#10470,#10471));
#2652=EDGE_LOOP('',(#10472,#10473,#10474,#10475));
#2653=EDGE_LOOP('',(#10476,#10477,#10478,#10479));
#2654=EDGE_LOOP('',(#10480,#10481,#10482,#10483));
#2655=EDGE_LOOP('',(#10484,#10485,#10486,#10487));
#2656=EDGE_LOOP('',(#10488,#10489,#10490,#10491));
#2657=EDGE_LOOP('',(#10492,#10493,#10494,#10495));
#2658=EDGE_LOOP('',(#10496,#10497,#10498,#10499));
#2659=EDGE_LOOP('',(#10500,#10501,#10502,#10503));
#2660=EDGE_LOOP('',(#10504,#10505,#10506,#10507));
#2661=EDGE_LOOP('',(#10508,#10509,#10510,#10511));
#2662=EDGE_LOOP('',(#10512,#10513,#10514,#10515));
#2663=EDGE_LOOP('',(#10516,#10517,#10518,#10519));
#2664=EDGE_LOOP('',(#10520,#10521,#10522,#10523));
#2665=EDGE_LOOP('',(#10524,#10525,#10526,#10527));
#2666=EDGE_LOOP('',(#10528,#10529,#10530,#10531));
#2667=EDGE_LOOP('',(#10532,#10533,#10534,#10535));
#2668=EDGE_LOOP('',(#10536,#10537,#10538,#10539));
#2669=EDGE_LOOP('',(#10540,#10541,#10542,#10543));
#2670=EDGE_LOOP('',(#10544,#10545,#10546,#10547));
#2671=EDGE_LOOP('',(#10548,#10549,#10550,#10551));
#2672=EDGE_LOOP('',(#10552,#10553,#10554,#10555));
#2673=EDGE_LOOP('',(#10556,#10557,#10558,#10559));
#2674=EDGE_LOOP('',(#10560,#10561,#10562,#10563));
#2675=EDGE_LOOP('',(#10564,#10565,#10566,#10567));
#2676=EDGE_LOOP('',(#10568,#10569,#10570,#10571));
#2677=EDGE_LOOP('',(#10572,#10573,#10574,#10575));
#2678=EDGE_LOOP('',(#10576,#10577,#10578,#10579));
#2679=EDGE_LOOP('',(#10580,#10581,#10582,#10583));
#2680=LINE('',#16244,#3720);
#2681=LINE('',#16247,#3721);
#2682=LINE('',#16250,#3722);
#2683=LINE('',#16252,#3723);
#2684=LINE('',#16253,#3724);
#2685=LINE('',#16259,#3725);
#2686=LINE('',#16262,#3726);
#2687=LINE('',#16265,#3727);
#2688=LINE('',#16268,#3728);
#2689=LINE('',#16270,#3729);
#2690=LINE('',#16274,#3730);
#2691=LINE('',#16278,#3731);
#2692=LINE('',#16282,#3732);
#2693=LINE('',#16286,#3733);
#2694=LINE('',#16290,#3734);
#2695=LINE('',#16294,#3735);
#2696=LINE('',#16298,#3736);
#2697=LINE('',#16302,#3737);
#2698=LINE('',#16306,#3738);
#2699=LINE('',#16310,#3739);
#2700=LINE('',#16314,#3740);
#2701=LINE('',#16318,#3741);
#2702=LINE('',#16322,#3742);
#2703=LINE('',#16326,#3743);
#2704=LINE('',#16330,#3744);
#2705=LINE('',#16334,#3745);
#2706=LINE('',#16338,#3746);
#2707=LINE('',#16342,#3747);
#2708=LINE('',#16346,#3748);
#2709=LINE('',#16350,#3749);
#2710=LINE('',#16354,#3750);
#2711=LINE('',#16358,#3751);
#2712=LINE('',#16362,#3752);
#2713=LINE('',#16366,#3753);
#2714=LINE('',#16370,#3754);
#2715=LINE('',#16374,#3755);
#2716=LINE('',#16378,#3756);
#2717=LINE('',#16382,#3757);
#2718=LINE('',#16386,#3758);
#2719=LINE('',#16390,#3759);
#2720=LINE('',#16394,#3760);
#2721=LINE('',#16398,#3761);
#2722=LINE('',#16402,#3762);
#2723=LINE('',#16406,#3763);
#2724=LINE('',#16410,#3764);
#2725=LINE('',#16414,#3765);
#2726=LINE('',#16418,#3766);
#2727=LINE('',#16422,#3767);
#2728=LINE('',#16426,#3768);
#2729=LINE('',#16430,#3769);
#2730=LINE('',#16434,#3770);
#2731=LINE('',#16438,#3771);
#2732=LINE('',#16442,#3772);
#2733=LINE('',#16446,#3773);
#2734=LINE('',#16450,#3774);
#2735=LINE('',#16454,#3775);
#2736=LINE('',#16458,#3776);
#2737=LINE('',#16462,#3777);
#2738=LINE('',#16466,#3778);
#2739=LINE('',#16470,#3779);
#2740=LINE('',#16474,#3780);
#2741=LINE('',#16478,#3781);
#2742=LINE('',#16482,#3782);
#2743=LINE('',#16486,#3783);
#2744=LINE('',#16490,#3784);
#2745=LINE('',#16494,#3785);
#2746=LINE('',#16498,#3786);
#2747=LINE('',#16502,#3787);
#2748=LINE('',#16506,#3788);
#2749=LINE('',#16510,#3789);
#2750=LINE('',#16514,#3790);
#2751=LINE('',#16518,#3791);
#2752=LINE('',#16522,#3792);
#2753=LINE('',#16526,#3793);
#2754=LINE('',#16530,#3794);
#2755=LINE('',#16534,#3795);
#2756=LINE('',#16538,#3796);
#2757=LINE('',#16542,#3797);
#2758=LINE('',#16546,#3798);
#2759=LINE('',#16550,#3799);
#2760=LINE('',#16554,#3800);
#2761=LINE('',#16558,#3801);
#2762=LINE('',#16562,#3802);
#2763=LINE('',#16566,#3803);
#2764=LINE('',#16570,#3804);
#2765=LINE('',#16574,#3805);
#2766=LINE('',#16578,#3806);
#2767=LINE('',#16582,#3807);
#2768=LINE('',#16586,#3808);
#2769=LINE('',#16590,#3809);
#2770=LINE('',#16594,#3810);
#2771=LINE('',#16598,#3811);
#2772=LINE('',#16602,#3812);
#2773=LINE('',#16606,#3813);
#2774=LINE('',#16610,#3814);
#2775=LINE('',#16614,#3815);
#2776=LINE('',#16618,#3816);
#2777=LINE('',#16622,#3817);
#2778=LINE('',#16626,#3818);
#2779=LINE('',#16630,#3819);
#2780=LINE('',#16634,#3820);
#2781=LINE('',#16635,#3821);
#2782=LINE('',#16639,#3822);
#2783=LINE('',#16642,#3823);
#2784=LINE('',#16645,#3824);
#2785=LINE('',#16648,#3825);
#2786=LINE('',#16649,#3826);
#2787=LINE('',#16653,#3827);
#2788=LINE('',#16656,#3828);
#2789=LINE('',#16659,#3829);
#2790=LINE('',#16662,#3830);
#2791=LINE('',#16663,#3831);
#2792=LINE('',#16667,#3832);
#2793=LINE('',#16670,#3833);
#2794=LINE('',#16674,#3834);
#2795=LINE('',#16675,#3835);
#2796=LINE('',#16679,#3836);
#2797=LINE('',#16681,#3837);
#2798=LINE('',#16683,#3838);
#2799=LINE('',#16684,#3839);
#2800=LINE('',#16688,#3840);
#2801=LINE('',#16694,#3841);
#2802=LINE('',#16695,#3842);
#2803=LINE('',#16696,#3843);
#2804=LINE('',#16700,#3844);
#2805=LINE('',#16706,#3845);
#2806=LINE('',#16707,#3846);
#2807=LINE('',#16708,#3847);
#2808=LINE('',#16712,#3848);
#2809=LINE('',#16718,#3849);
#2810=LINE('',#16719,#3850);
#2811=LINE('',#16720,#3851);
#2812=LINE('',#16726,#3852);
#2813=LINE('',#16729,#3853);
#2814=LINE('',#16732,#3854);
#2815=LINE('',#16733,#3855);
#2816=LINE('',#16736,#3856);
#2817=LINE('',#16740,#3857);
#2818=LINE('',#16741,#3858);
#2819=LINE('',#16776,#3859);
#2820=LINE('',#16779,#3860);
#2821=LINE('',#16782,#3861);
#2822=LINE('',#16784,#3862);
#2823=LINE('',#16787,#3863);
#2824=LINE('',#16789,#3864);
#2825=LINE('',#16792,#3865);
#2826=LINE('',#16827,#3866);
#2827=LINE('',#16829,#3867);
#2828=LINE('',#16830,#3868);
#2829=LINE('',#16834,#3869);
#2830=LINE('',#16840,#3870);
#2831=LINE('',#16841,#3871);
#2832=LINE('',#16842,#3872);
#2833=LINE('',#16846,#3873);
#2834=LINE('',#16851,#3874);
#2835=LINE('',#16852,#3875);
#2836=LINE('',#16853,#3876);
#2837=LINE('',#16856,#3877);
#2838=LINE('',#16860,#3878);
#2839=LINE('',#16861,#3879);
#2840=LINE('',#16865,#3880);
#2841=LINE('',#16866,#3881);
#2842=LINE('',#16868,#3882);
#2843=LINE('',#16873,#3883);
#2844=LINE('',#16877,#3884);
#2845=LINE('',#16883,#3885);
#2846=LINE('',#16886,#3886);
#2847=LINE('',#16891,#3887);
#2848=LINE('',#16894,#3888);
#2849=LINE('',#16899,#3889);
#2850=LINE('',#16902,#3890);
#2851=LINE('',#16907,#3891);
#2852=LINE('',#16910,#3892);
#2853=LINE('',#16915,#3893);
#2854=LINE('',#16918,#3894);
#2855=LINE('',#16923,#3895);
#2856=LINE('',#16926,#3896);
#2857=LINE('',#16931,#3897);
#2858=LINE('',#16934,#3898);
#2859=LINE('',#16939,#3899);
#2860=LINE('',#16942,#3900);
#2861=LINE('',#16947,#3901);
#2862=LINE('',#16950,#3902);
#2863=LINE('',#16955,#3903);
#2864=LINE('',#16958,#3904);
#2865=LINE('',#16963,#3905);
#2866=LINE('',#16966,#3906);
#2867=LINE('',#16971,#3907);
#2868=LINE('',#16974,#3908);
#2869=LINE('',#16979,#3909);
#2870=LINE('',#16982,#3910);
#2871=LINE('',#16987,#3911);
#2872=LINE('',#16990,#3912);
#2873=LINE('',#16995,#3913);
#2874=LINE('',#16998,#3914);
#2875=LINE('',#17003,#3915);
#2876=LINE('',#17006,#3916);
#2877=LINE('',#17011,#3917);
#2878=LINE('',#17014,#3918);
#2879=LINE('',#17019,#3919);
#2880=LINE('',#17022,#3920);
#2881=LINE('',#17027,#3921);
#2882=LINE('',#17030,#3922);
#2883=LINE('',#17035,#3923);
#2884=LINE('',#17038,#3924);
#2885=LINE('',#17043,#3925);
#2886=LINE('',#17046,#3926);
#2887=LINE('',#17051,#3927);
#2888=LINE('',#17054,#3928);
#2889=LINE('',#17059,#3929);
#2890=LINE('',#17062,#3930);
#2891=LINE('',#17067,#3931);
#2892=LINE('',#17070,#3932);
#2893=LINE('',#17075,#3933);
#2894=LINE('',#17078,#3934);
#2895=LINE('',#17081,#3935);
#2896=LINE('',#17085,#3936);
#2897=LINE('',#17089,#3937);
#2898=LINE('',#17093,#3938);
#2899=LINE('',#17097,#3939);
#2900=LINE('',#17101,#3940);
#2901=LINE('',#17105,#3941);
#2902=LINE('',#17109,#3942);
#2903=LINE('',#17113,#3943);
#2904=LINE('',#17117,#3944);
#2905=LINE('',#17121,#3945);
#2906=LINE('',#17125,#3946);
#2907=LINE('',#17129,#3947);
#2908=LINE('',#17133,#3948);
#2909=LINE('',#17137,#3949);
#2910=LINE('',#17141,#3950);
#2911=LINE('',#17145,#3951);
#2912=LINE('',#17149,#3952);
#2913=LINE('',#17153,#3953);
#2914=LINE('',#17157,#3954);
#2915=LINE('',#17161,#3955);
#2916=LINE('',#17165,#3956);
#2917=LINE('',#17169,#3957);
#2918=LINE('',#17173,#3958);
#2919=LINE('',#17177,#3959);
#2920=LINE('',#17181,#3960);
#2921=LINE('',#17185,#3961);
#2922=LINE('',#17189,#3962);
#2923=LINE('',#17193,#3963);
#2924=LINE('',#17197,#3964);
#2925=LINE('',#17213,#3965);
#2926=LINE('',#17216,#3966);
#2927=LINE('',#17219,#3967);
#2928=LINE('',#17221,#3968);
#2929=LINE('',#17225,#3969);
#2930=LINE('',#17228,#3970);
#2931=LINE('',#17231,#3971);
#2932=LINE('',#17233,#3972);
#2933=LINE('',#17237,#3973);
#2934=LINE('',#17240,#3974);
#2935=LINE('',#17243,#3975);
#2936=LINE('',#17245,#3976);
#2937=LINE('',#17249,#3977);
#2938=LINE('',#17252,#3978);
#2939=LINE('',#17255,#3979);
#2940=LINE('',#17257,#3980);
#2941=LINE('',#17277,#3981);
#2942=LINE('',#17289,#3982);
#2943=LINE('',#17292,#3983);
#2944=LINE('',#17296,#3984);
#2945=LINE('',#17309,#3985);
#2946=LINE('',#17321,#3986);
#2947=LINE('',#17324,#3987);
#2948=LINE('',#17328,#3988);
#2949=LINE('',#17341,#3989);
#2950=LINE('',#17393,#3990);
#2951=LINE('',#17395,#3991);
#2952=LINE('',#17398,#3992);
#2953=LINE('',#17401,#3993);
#2954=LINE('',#17405,#3994);
#2955=LINE('',#17407,#3995);
#2956=LINE('',#17410,#3996);
#2957=LINE('',#17413,#3997);
#2958=LINE('',#17425,#3998);
#2959=LINE('',#17428,#3999);
#2960=LINE('',#17431,#4000);
#2961=LINE('',#17433,#4001);
#2962=LINE('',#17437,#4002);
#2963=LINE('',#17440,#4003);
#2964=LINE('',#17443,#4004);
#2965=LINE('',#17445,#4005);
#2966=LINE('',#17449,#4006);
#2967=LINE('',#17452,#4007);
#2968=LINE('',#17455,#4008);
#2969=LINE('',#17457,#4009);
#2970=LINE('',#17461,#4010);
#2971=LINE('',#17464,#4011);
#2972=LINE('',#17467,#4012);
#2973=LINE('',#17469,#4013);
#2974=LINE('',#17489,#4014);
#2975=LINE('',#17501,#4015);
#2976=LINE('',#17504,#4016);
#2977=LINE('',#17508,#4017);
#2978=LINE('',#17521,#4018);
#2979=LINE('',#17533,#4019);
#2980=LINE('',#17536,#4020);
#2981=LINE('',#17540,#4021);
#2982=LINE('',#17553,#4022);
#2983=LINE('',#17605,#4023);
#2984=LINE('',#17607,#4024);
#2985=LINE('',#17610,#4025);
#2986=LINE('',#17613,#4026);
#2987=LINE('',#17617,#4027);
#2988=LINE('',#17619,#4028);
#2989=LINE('',#17622,#4029);
#2990=LINE('',#17625,#4030);
#2991=LINE('',#17637,#4031);
#2992=LINE('',#17640,#4032);
#2993=LINE('',#17643,#4033);
#2994=LINE('',#17645,#4034);
#2995=LINE('',#17649,#4035);
#2996=LINE('',#17652,#4036);
#2997=LINE('',#17655,#4037);
#2998=LINE('',#17657,#4038);
#2999=LINE('',#17661,#4039);
#3000=LINE('',#17664,#4040);
#3001=LINE('',#17667,#4041);
#3002=LINE('',#17669,#4042);
#3003=LINE('',#17673,#4043);
#3004=LINE('',#17676,#4044);
#3005=LINE('',#17679,#4045);
#3006=LINE('',#17681,#4046);
#3007=LINE('',#17701,#4047);
#3008=LINE('',#17713,#4048);
#3009=LINE('',#17716,#4049);
#3010=LINE('',#17720,#4050);
#3011=LINE('',#17733,#4051);
#3012=LINE('',#17745,#4052);
#3013=LINE('',#17748,#4053);
#3014=LINE('',#17752,#4054);
#3015=LINE('',#17765,#4055);
#3016=LINE('',#17817,#4056);
#3017=LINE('',#17819,#4057);
#3018=LINE('',#17822,#4058);
#3019=LINE('',#17825,#4059);
#3020=LINE('',#17829,#4060);
#3021=LINE('',#17831,#4061);
#3022=LINE('',#17834,#4062);
#3023=LINE('',#17837,#4063);
#3024=LINE('',#17849,#4064);
#3025=LINE('',#17852,#4065);
#3026=LINE('',#17855,#4066);
#3027=LINE('',#17857,#4067);
#3028=LINE('',#17861,#4068);
#3029=LINE('',#17864,#4069);
#3030=LINE('',#17867,#4070);
#3031=LINE('',#17869,#4071);
#3032=LINE('',#17873,#4072);
#3033=LINE('',#17876,#4073);
#3034=LINE('',#17879,#4074);
#3035=LINE('',#17881,#4075);
#3036=LINE('',#17885,#4076);
#3037=LINE('',#17888,#4077);
#3038=LINE('',#17891,#4078);
#3039=LINE('',#17893,#4079);
#3040=LINE('',#17913,#4080);
#3041=LINE('',#17925,#4081);
#3042=LINE('',#17928,#4082);
#3043=LINE('',#17932,#4083);
#3044=LINE('',#17945,#4084);
#3045=LINE('',#17949,#4085);
#3046=LINE('',#17962,#4086);
#3047=LINE('',#17966,#4087);
#3048=LINE('',#17979,#4088);
#3049=LINE('',#17983,#4089);
#3050=LINE('',#18032,#4090);
#3051=LINE('',#18036,#4091);
#3052=LINE('',#18039,#4092);
#3053=LINE('',#18042,#4093);
#3054=LINE('',#18045,#4094);
#3055=LINE('',#18049,#4095);
#3056=LINE('',#18052,#4096);
#3057=LINE('',#18060,#4097);
#3058=LINE('',#18062,#4098);
#3059=LINE('',#18065,#4099);
#3060=LINE('',#18068,#4100);
#3061=LINE('',#18070,#4101);
#3062=LINE('',#18074,#4102);
#3063=LINE('',#18076,#4103);
#3064=LINE('',#18080,#4104);
#3065=LINE('',#18082,#4105);
#3066=LINE('',#18083,#4106);
#3067=LINE('',#18086,#4107);
#3068=LINE('',#18090,#4108);
#3069=LINE('',#18091,#4109);
#3070=LINE('',#18096,#4110);
#3071=LINE('',#18099,#4111);
#3072=LINE('',#18102,#4112);
#3073=LINE('',#18103,#4113);
#3074=LINE('',#18105,#4114);
#3075=LINE('',#18107,#4115);
#3076=LINE('',#18108,#4116);
#3077=LINE('',#18110,#4117);
#3078=LINE('',#18112,#4118);
#3079=LINE('',#18116,#4119);
#3080=LINE('',#18120,#4120);
#3081=LINE('',#18122,#4121);
#3082=LINE('',#18123,#4122);
#3083=LINE('',#18126,#4123);
#3084=LINE('',#18130,#4124);
#3085=LINE('',#18131,#4125);
#3086=LINE('',#18136,#4126);
#3087=LINE('',#18139,#4127);
#3088=LINE('',#18142,#4128);
#3089=LINE('',#18143,#4129);
#3090=LINE('',#18145,#4130);
#3091=LINE('',#18146,#4131);
#3092=LINE('',#18148,#4132);
#3093=LINE('',#18151,#4133);
#3094=LINE('',#18154,#4134);
#3095=LINE('',#18156,#4135);
#3096=LINE('',#18160,#4136);
#3097=LINE('',#18162,#4137);
#3098=LINE('',#18163,#4138);
#3099=LINE('',#18166,#4139);
#3100=LINE('',#18170,#4140);
#3101=LINE('',#18171,#4141);
#3102=LINE('',#18176,#4142);
#3103=LINE('',#18179,#4143);
#3104=LINE('',#18182,#4144);
#3105=LINE('',#18183,#4145);
#3106=LINE('',#18185,#4146);
#3107=LINE('',#18186,#4147);
#3108=LINE('',#18188,#4148);
#3109=LINE('',#18191,#4149);
#3110=LINE('',#18194,#4150);
#3111=LINE('',#18196,#4151);
#3112=LINE('',#18200,#4152);
#3113=LINE('',#18202,#4153);
#3114=LINE('',#18203,#4154);
#3115=LINE('',#18206,#4155);
#3116=LINE('',#18210,#4156);
#3117=LINE('',#18211,#4157);
#3118=LINE('',#18216,#4158);
#3119=LINE('',#18219,#4159);
#3120=LINE('',#18222,#4160);
#3121=LINE('',#18223,#4161);
#3122=LINE('',#18225,#4162);
#3123=LINE('',#18226,#4163);
#3124=LINE('',#18228,#4164);
#3125=LINE('',#18231,#4165);
#3126=LINE('',#18234,#4166);
#3127=LINE('',#18236,#4167);
#3128=LINE('',#18240,#4168);
#3129=LINE('',#18242,#4169);
#3130=LINE('',#18243,#4170);
#3131=LINE('',#18246,#4171);
#3132=LINE('',#18250,#4172);
#3133=LINE('',#18251,#4173);
#3134=LINE('',#18256,#4174);
#3135=LINE('',#18259,#4175);
#3136=LINE('',#18262,#4176);
#3137=LINE('',#18263,#4177);
#3138=LINE('',#18265,#4178);
#3139=LINE('',#18266,#4179);
#3140=LINE('',#18268,#4180);
#3141=LINE('',#18271,#4181);
#3142=LINE('',#18274,#4182);
#3143=LINE('',#18276,#4183);
#3144=LINE('',#18280,#4184);
#3145=LINE('',#18282,#4185);
#3146=LINE('',#18283,#4186);
#3147=LINE('',#18286,#4187);
#3148=LINE('',#18290,#4188);
#3149=LINE('',#18291,#4189);
#3150=LINE('',#18296,#4190);
#3151=LINE('',#18299,#4191);
#3152=LINE('',#18302,#4192);
#3153=LINE('',#18303,#4193);
#3154=LINE('',#18305,#4194);
#3155=LINE('',#18306,#4195);
#3156=LINE('',#18308,#4196);
#3157=LINE('',#18311,#4197);
#3158=LINE('',#18314,#4198);
#3159=LINE('',#18316,#4199);
#3160=LINE('',#18320,#4200);
#3161=LINE('',#18322,#4201);
#3162=LINE('',#18323,#4202);
#3163=LINE('',#18326,#4203);
#3164=LINE('',#18330,#4204);
#3165=LINE('',#18331,#4205);
#3166=LINE('',#18336,#4206);
#3167=LINE('',#18339,#4207);
#3168=LINE('',#18342,#4208);
#3169=LINE('',#18343,#4209);
#3170=LINE('',#18345,#4210);
#3171=LINE('',#18346,#4211);
#3172=LINE('',#18348,#4212);
#3173=LINE('',#18351,#4213);
#3174=LINE('',#18354,#4214);
#3175=LINE('',#18356,#4215);
#3176=LINE('',#18360,#4216);
#3177=LINE('',#18362,#4217);
#3178=LINE('',#18363,#4218);
#3179=LINE('',#18366,#4219);
#3180=LINE('',#18370,#4220);
#3181=LINE('',#18371,#4221);
#3182=LINE('',#18376,#4222);
#3183=LINE('',#18379,#4223);
#3184=LINE('',#18382,#4224);
#3185=LINE('',#18383,#4225);
#3186=LINE('',#18385,#4226);
#3187=LINE('',#18386,#4227);
#3188=LINE('',#18388,#4228);
#3189=LINE('',#18391,#4229);
#3190=LINE('',#18394,#4230);
#3191=LINE('',#18396,#4231);
#3192=LINE('',#18400,#4232);
#3193=LINE('',#18402,#4233);
#3194=LINE('',#18403,#4234);
#3195=LINE('',#18406,#4235);
#3196=LINE('',#18410,#4236);
#3197=LINE('',#18411,#4237);
#3198=LINE('',#18416,#4238);
#3199=LINE('',#18419,#4239);
#3200=LINE('',#18422,#4240);
#3201=LINE('',#18423,#4241);
#3202=LINE('',#18425,#4242);
#3203=LINE('',#18426,#4243);
#3204=LINE('',#18428,#4244);
#3205=LINE('',#18431,#4245);
#3206=LINE('',#18434,#4246);
#3207=LINE('',#18436,#4247);
#3208=LINE('',#18440,#4248);
#3209=LINE('',#18442,#4249);
#3210=LINE('',#18443,#4250);
#3211=LINE('',#18446,#4251);
#3212=LINE('',#18450,#4252);
#3213=LINE('',#18451,#4253);
#3214=LINE('',#18456,#4254);
#3215=LINE('',#18459,#4255);
#3216=LINE('',#18462,#4256);
#3217=LINE('',#18463,#4257);
#3218=LINE('',#18465,#4258);
#3219=LINE('',#18466,#4259);
#3220=LINE('',#18468,#4260);
#3221=LINE('',#18471,#4261);
#3222=LINE('',#18474,#4262);
#3223=LINE('',#18476,#4263);
#3224=LINE('',#18480,#4264);
#3225=LINE('',#18482,#4265);
#3226=LINE('',#18483,#4266);
#3227=LINE('',#18486,#4267);
#3228=LINE('',#18490,#4268);
#3229=LINE('',#18491,#4269);
#3230=LINE('',#18496,#4270);
#3231=LINE('',#18499,#4271);
#3232=LINE('',#18502,#4272);
#3233=LINE('',#18503,#4273);
#3234=LINE('',#18505,#4274);
#3235=LINE('',#18506,#4275);
#3236=LINE('',#18508,#4276);
#3237=LINE('',#18511,#4277);
#3238=LINE('',#18514,#4278);
#3239=LINE('',#18516,#4279);
#3240=LINE('',#18520,#4280);
#3241=LINE('',#18522,#4281);
#3242=LINE('',#18523,#4282);
#3243=LINE('',#18526,#4283);
#3244=LINE('',#18530,#4284);
#3245=LINE('',#18531,#4285);
#3246=LINE('',#18536,#4286);
#3247=LINE('',#18539,#4287);
#3248=LINE('',#18542,#4288);
#3249=LINE('',#18543,#4289);
#3250=LINE('',#18545,#4290);
#3251=LINE('',#18546,#4291);
#3252=LINE('',#18548,#4292);
#3253=LINE('',#18551,#4293);
#3254=LINE('',#18554,#4294);
#3255=LINE('',#18556,#4295);
#3256=LINE('',#18560,#4296);
#3257=LINE('',#18562,#4297);
#3258=LINE('',#18563,#4298);
#3259=LINE('',#18566,#4299);
#3260=LINE('',#18570,#4300);
#3261=LINE('',#18571,#4301);
#3262=LINE('',#18576,#4302);
#3263=LINE('',#18579,#4303);
#3264=LINE('',#18582,#4304);
#3265=LINE('',#18583,#4305);
#3266=LINE('',#18585,#4306);
#3267=LINE('',#18586,#4307);
#3268=LINE('',#18588,#4308);
#3269=LINE('',#18591,#4309);
#3270=LINE('',#18594,#4310);
#3271=LINE('',#18596,#4311);
#3272=LINE('',#18600,#4312);
#3273=LINE('',#18602,#4313);
#3274=LINE('',#18603,#4314);
#3275=LINE('',#18606,#4315);
#3276=LINE('',#18610,#4316);
#3277=LINE('',#18611,#4317);
#3278=LINE('',#18616,#4318);
#3279=LINE('',#18619,#4319);
#3280=LINE('',#18622,#4320);
#3281=LINE('',#18623,#4321);
#3282=LINE('',#18625,#4322);
#3283=LINE('',#18626,#4323);
#3284=LINE('',#18628,#4324);
#3285=LINE('',#18631,#4325);
#3286=LINE('',#18634,#4326);
#3287=LINE('',#18636,#4327);
#3288=LINE('',#18640,#4328);
#3289=LINE('',#18642,#4329);
#3290=LINE('',#18643,#4330);
#3291=LINE('',#18646,#4331);
#3292=LINE('',#18650,#4332);
#3293=LINE('',#18651,#4333);
#3294=LINE('',#18656,#4334);
#3295=LINE('',#18659,#4335);
#3296=LINE('',#18662,#4336);
#3297=LINE('',#18663,#4337);
#3298=LINE('',#18665,#4338);
#3299=LINE('',#18666,#4339);
#3300=LINE('',#18668,#4340);
#3301=LINE('',#18671,#4341);
#3302=LINE('',#18674,#4342);
#3303=LINE('',#18676,#4343);
#3304=LINE('',#18680,#4344);
#3305=LINE('',#18682,#4345);
#3306=LINE('',#18683,#4346);
#3307=LINE('',#18686,#4347);
#3308=LINE('',#18690,#4348);
#3309=LINE('',#18691,#4349);
#3310=LINE('',#18696,#4350);
#3311=LINE('',#18699,#4351);
#3312=LINE('',#18702,#4352);
#3313=LINE('',#18703,#4353);
#3314=LINE('',#18705,#4354);
#3315=LINE('',#18706,#4355);
#3316=LINE('',#18708,#4356);
#3317=LINE('',#18711,#4357);
#3318=LINE('',#18714,#4358);
#3319=LINE('',#18716,#4359);
#3320=LINE('',#18720,#4360);
#3321=LINE('',#18722,#4361);
#3322=LINE('',#18723,#4362);
#3323=LINE('',#18726,#4363);
#3324=LINE('',#18730,#4364);
#3325=LINE('',#18731,#4365);
#3326=LINE('',#18736,#4366);
#3327=LINE('',#18739,#4367);
#3328=LINE('',#18742,#4368);
#3329=LINE('',#18743,#4369);
#3330=LINE('',#18745,#4370);
#3331=LINE('',#18746,#4371);
#3332=LINE('',#18748,#4372);
#3333=LINE('',#18751,#4373);
#3334=LINE('',#18754,#4374);
#3335=LINE('',#18756,#4375);
#3336=LINE('',#18760,#4376);
#3337=LINE('',#18762,#4377);
#3338=LINE('',#18763,#4378);
#3339=LINE('',#18766,#4379);
#3340=LINE('',#18770,#4380);
#3341=LINE('',#18771,#4381);
#3342=LINE('',#18776,#4382);
#3343=LINE('',#18779,#4383);
#3344=LINE('',#18782,#4384);
#3345=LINE('',#18783,#4385);
#3346=LINE('',#18785,#4386);
#3347=LINE('',#18786,#4387);
#3348=LINE('',#18788,#4388);
#3349=LINE('',#18791,#4389);
#3350=LINE('',#18794,#4390);
#3351=LINE('',#18796,#4391);
#3352=LINE('',#18800,#4392);
#3353=LINE('',#18802,#4393);
#3354=LINE('',#18803,#4394);
#3355=LINE('',#18806,#4395);
#3356=LINE('',#18810,#4396);
#3357=LINE('',#18811,#4397);
#3358=LINE('',#18816,#4398);
#3359=LINE('',#18819,#4399);
#3360=LINE('',#18822,#4400);
#3361=LINE('',#18823,#4401);
#3362=LINE('',#18825,#4402);
#3363=LINE('',#18826,#4403);
#3364=LINE('',#18828,#4404);
#3365=LINE('',#18831,#4405);
#3366=LINE('',#18834,#4406);
#3367=LINE('',#18836,#4407);
#3368=LINE('',#18840,#4408);
#3369=LINE('',#18842,#4409);
#3370=LINE('',#18843,#4410);
#3371=LINE('',#18846,#4411);
#3372=LINE('',#18850,#4412);
#3373=LINE('',#18851,#4413);
#3374=LINE('',#18856,#4414);
#3375=LINE('',#18859,#4415);
#3376=LINE('',#18862,#4416);
#3377=LINE('',#18863,#4417);
#3378=LINE('',#18865,#4418);
#3379=LINE('',#18866,#4419);
#3380=LINE('',#18868,#4420);
#3381=LINE('',#18871,#4421);
#3382=LINE('',#18874,#4422);
#3383=LINE('',#18876,#4423);
#3384=LINE('',#18880,#4424);
#3385=LINE('',#18882,#4425);
#3386=LINE('',#18883,#4426);
#3387=LINE('',#18886,#4427);
#3388=LINE('',#18890,#4428);
#3389=LINE('',#18891,#4429);
#3390=LINE('',#18896,#4430);
#3391=LINE('',#18899,#4431);
#3392=LINE('',#18902,#4432);
#3393=LINE('',#18903,#4433);
#3394=LINE('',#18905,#4434);
#3395=LINE('',#18906,#4435);
#3396=LINE('',#18908,#4436);
#3397=LINE('',#18911,#4437);
#3398=LINE('',#18914,#4438);
#3399=LINE('',#18916,#4439);
#3400=LINE('',#18920,#4440);
#3401=LINE('',#18922,#4441);
#3402=LINE('',#18923,#4442);
#3403=LINE('',#18926,#4443);
#3404=LINE('',#18930,#4444);
#3405=LINE('',#18931,#4445);
#3406=LINE('',#18936,#4446);
#3407=LINE('',#18939,#4447);
#3408=LINE('',#18942,#4448);
#3409=LINE('',#18943,#4449);
#3410=LINE('',#18945,#4450);
#3411=LINE('',#18946,#4451);
#3412=LINE('',#18948,#4452);
#3413=LINE('',#18951,#4453);
#3414=LINE('',#18954,#4454);
#3415=LINE('',#18956,#4455);
#3416=LINE('',#18960,#4456);
#3417=LINE('',#18962,#4457);
#3418=LINE('',#18963,#4458);
#3419=LINE('',#18966,#4459);
#3420=LINE('',#18970,#4460);
#3421=LINE('',#18971,#4461);
#3422=LINE('',#18976,#4462);
#3423=LINE('',#18979,#4463);
#3424=LINE('',#18982,#4464);
#3425=LINE('',#18983,#4465);
#3426=LINE('',#18985,#4466);
#3427=LINE('',#18986,#4467);
#3428=LINE('',#18988,#4468);
#3429=LINE('',#18991,#4469);
#3430=LINE('',#18994,#4470);
#3431=LINE('',#18996,#4471);
#3432=LINE('',#19000,#4472);
#3433=LINE('',#19002,#4473);
#3434=LINE('',#19003,#4474);
#3435=LINE('',#19006,#4475);
#3436=LINE('',#19010,#4476);
#3437=LINE('',#19011,#4477);
#3438=LINE('',#19016,#4478);
#3439=LINE('',#19019,#4479);
#3440=LINE('',#19022,#4480);
#3441=LINE('',#19023,#4481);
#3442=LINE('',#19025,#4482);
#3443=LINE('',#19026,#4483);
#3444=LINE('',#19028,#4484);
#3445=LINE('',#19031,#4485);
#3446=LINE('',#19034,#4486);
#3447=LINE('',#19036,#4487);
#3448=LINE('',#19040,#4488);
#3449=LINE('',#19042,#4489);
#3450=LINE('',#19043,#4490);
#3451=LINE('',#19046,#4491);
#3452=LINE('',#19050,#4492);
#3453=LINE('',#19051,#4493);
#3454=LINE('',#19056,#4494);
#3455=LINE('',#19059,#4495);
#3456=LINE('',#19062,#4496);
#3457=LINE('',#19063,#4497);
#3458=LINE('',#19065,#4498);
#3459=LINE('',#19066,#4499);
#3460=LINE('',#19068,#4500);
#3461=LINE('',#19071,#4501);
#3462=LINE('',#19074,#4502);
#3463=LINE('',#19076,#4503);
#3464=LINE('',#19080,#4504);
#3465=LINE('',#19082,#4505);
#3466=LINE('',#19083,#4506);
#3467=LINE('',#19086,#4507);
#3468=LINE('',#19090,#4508);
#3469=LINE('',#19091,#4509);
#3470=LINE('',#19096,#4510);
#3471=LINE('',#19099,#4511);
#3472=LINE('',#19102,#4512);
#3473=LINE('',#19103,#4513);
#3474=LINE('',#19105,#4514);
#3475=LINE('',#19106,#4515);
#3476=LINE('',#19108,#4516);
#3477=LINE('',#19111,#4517);
#3478=LINE('',#19114,#4518);
#3479=LINE('',#19116,#4519);
#3480=LINE('',#19120,#4520);
#3481=LINE('',#19122,#4521);
#3482=LINE('',#19123,#4522);
#3483=LINE('',#19126,#4523);
#3484=LINE('',#19130,#4524);
#3485=LINE('',#19131,#4525);
#3486=LINE('',#19136,#4526);
#3487=LINE('',#19139,#4527);
#3488=LINE('',#19142,#4528);
#3489=LINE('',#19143,#4529);
#3490=LINE('',#19145,#4530);
#3491=LINE('',#19147,#4531);
#3492=LINE('',#19148,#4532);
#3493=LINE('',#19150,#4533);
#3494=LINE('',#19152,#4534);
#3495=LINE('',#19156,#4535);
#3496=LINE('',#19160,#4536);
#3497=LINE('',#19162,#4537);
#3498=LINE('',#19163,#4538);
#3499=LINE('',#19166,#4539);
#3500=LINE('',#19170,#4540);
#3501=LINE('',#19171,#4541);
#3502=LINE('',#19176,#4542);
#3503=LINE('',#19179,#4543);
#3504=LINE('',#19182,#4544);
#3505=LINE('',#19183,#4545);
#3506=LINE('',#19185,#4546);
#3507=LINE('',#19187,#4547);
#3508=LINE('',#19188,#4548);
#3509=LINE('',#19190,#4549);
#3510=LINE('',#19192,#4550);
#3511=LINE('',#19196,#4551);
#3512=LINE('',#19200,#4552);
#3513=LINE('',#19202,#4553);
#3514=LINE('',#19203,#4554);
#3515=LINE('',#19206,#4555);
#3516=LINE('',#19210,#4556);
#3517=LINE('',#19211,#4557);
#3518=LINE('',#19216,#4558);
#3519=LINE('',#19219,#4559);
#3520=LINE('',#19222,#4560);
#3521=LINE('',#19223,#4561);
#3522=LINE('',#19225,#4562);
#3523=LINE('',#19227,#4563);
#3524=LINE('',#19228,#4564);
#3525=LINE('',#19230,#4565);
#3526=LINE('',#19232,#4566);
#3527=LINE('',#19236,#4567);
#3528=LINE('',#19240,#4568);
#3529=LINE('',#19242,#4569);
#3530=LINE('',#19243,#4570);
#3531=LINE('',#19246,#4571);
#3532=LINE('',#19250,#4572);
#3533=LINE('',#19251,#4573);
#3534=LINE('',#19256,#4574);
#3535=LINE('',#19259,#4575);
#3536=LINE('',#19262,#4576);
#3537=LINE('',#19263,#4577);
#3538=LINE('',#19265,#4578);
#3539=LINE('',#19267,#4579);
#3540=LINE('',#19268,#4580);
#3541=LINE('',#19270,#4581);
#3542=LINE('',#19272,#4582);
#3543=LINE('',#19276,#4583);
#3544=LINE('',#19280,#4584);
#3545=LINE('',#19282,#4585);
#3546=LINE('',#19283,#4586);
#3547=LINE('',#19286,#4587);
#3548=LINE('',#19290,#4588);
#3549=LINE('',#19291,#4589);
#3550=LINE('',#19296,#4590);
#3551=LINE('',#19299,#4591);
#3552=LINE('',#19302,#4592);
#3553=LINE('',#19303,#4593);
#3554=LINE('',#19305,#4594);
#3555=LINE('',#19307,#4595);
#3556=LINE('',#19308,#4596);
#3557=LINE('',#19310,#4597);
#3558=LINE('',#19312,#4598);
#3559=LINE('',#19316,#4599);
#3560=LINE('',#19320,#4600);
#3561=LINE('',#19322,#4601);
#3562=LINE('',#19323,#4602);
#3563=LINE('',#19326,#4603);
#3564=LINE('',#19330,#4604);
#3565=LINE('',#19331,#4605);
#3566=LINE('',#19336,#4606);
#3567=LINE('',#19339,#4607);
#3568=LINE('',#19342,#4608);
#3569=LINE('',#19343,#4609);
#3570=LINE('',#19345,#4610);
#3571=LINE('',#19347,#4611);
#3572=LINE('',#19348,#4612);
#3573=LINE('',#19350,#4613);
#3574=LINE('',#19352,#4614);
#3575=LINE('',#19356,#4615);
#3576=LINE('',#19360,#4616);
#3577=LINE('',#19362,#4617);
#3578=LINE('',#19363,#4618);
#3579=LINE('',#19366,#4619);
#3580=LINE('',#19370,#4620);
#3581=LINE('',#19371,#4621);
#3582=LINE('',#19376,#4622);
#3583=LINE('',#19379,#4623);
#3584=LINE('',#19382,#4624);
#3585=LINE('',#19383,#4625);
#3586=LINE('',#19385,#4626);
#3587=LINE('',#19387,#4627);
#3588=LINE('',#19388,#4628);
#3589=LINE('',#19390,#4629);
#3590=LINE('',#19392,#4630);
#3591=LINE('',#19396,#4631);
#3592=LINE('',#19400,#4632);
#3593=LINE('',#19402,#4633);
#3594=LINE('',#19403,#4634);
#3595=LINE('',#19406,#4635);
#3596=LINE('',#19410,#4636);
#3597=LINE('',#19411,#4637);
#3598=LINE('',#19416,#4638);
#3599=LINE('',#19419,#4639);
#3600=LINE('',#19422,#4640);
#3601=LINE('',#19423,#4641);
#3602=LINE('',#19425,#4642);
#3603=LINE('',#19427,#4643);
#3604=LINE('',#19428,#4644);
#3605=LINE('',#19430,#4645);
#3606=LINE('',#19432,#4646);
#3607=LINE('',#19436,#4647);
#3608=LINE('',#19440,#4648);
#3609=LINE('',#19442,#4649);
#3610=LINE('',#19443,#4650);
#3611=LINE('',#19446,#4651);
#3612=LINE('',#19450,#4652);
#3613=LINE('',#19451,#4653);
#3614=LINE('',#19456,#4654);
#3615=LINE('',#19459,#4655);
#3616=LINE('',#19462,#4656);
#3617=LINE('',#19463,#4657);
#3618=LINE('',#19465,#4658);
#3619=LINE('',#19467,#4659);
#3620=LINE('',#19468,#4660);
#3621=LINE('',#19470,#4661);
#3622=LINE('',#19472,#4662);
#3623=LINE('',#19476,#4663);
#3624=LINE('',#19480,#4664);
#3625=LINE('',#19482,#4665);
#3626=LINE('',#19483,#4666);
#3627=LINE('',#19486,#4667);
#3628=LINE('',#19490,#4668);
#3629=LINE('',#19491,#4669);
#3630=LINE('',#19496,#4670);
#3631=LINE('',#19499,#4671);
#3632=LINE('',#19502,#4672);
#3633=LINE('',#19503,#4673);
#3634=LINE('',#19505,#4674);
#3635=LINE('',#19507,#4675);
#3636=LINE('',#19508,#4676);
#3637=LINE('',#19510,#4677);
#3638=LINE('',#19512,#4678);
#3639=LINE('',#19516,#4679);
#3640=LINE('',#19520,#4680);
#3641=LINE('',#19522,#4681);
#3642=LINE('',#19523,#4682);
#3643=LINE('',#19526,#4683);
#3644=LINE('',#19530,#4684);
#3645=LINE('',#19531,#4685);
#3646=LINE('',#19536,#4686);
#3647=LINE('',#19539,#4687);
#3648=LINE('',#19542,#4688);
#3649=LINE('',#19543,#4689);
#3650=LINE('',#19545,#4690);
#3651=LINE('',#19547,#4691);
#3652=LINE('',#19548,#4692);
#3653=LINE('',#19550,#4693);
#3654=LINE('',#19552,#4694);
#3655=LINE('',#19556,#4695);
#3656=LINE('',#19560,#4696);
#3657=LINE('',#19562,#4697);
#3658=LINE('',#19563,#4698);
#3659=LINE('',#19566,#4699);
#3660=LINE('',#19570,#4700);
#3661=LINE('',#19571,#4701);
#3662=LINE('',#19576,#4702);
#3663=LINE('',#19579,#4703);
#3664=LINE('',#19582,#4704);
#3665=LINE('',#19583,#4705);
#3666=LINE('',#19585,#4706);
#3667=LINE('',#19587,#4707);
#3668=LINE('',#19588,#4708);
#3669=LINE('',#19590,#4709);
#3670=LINE('',#19592,#4710);
#3671=LINE('',#19596,#4711);
#3672=LINE('',#19600,#4712);
#3673=LINE('',#19602,#4713);
#3674=LINE('',#19603,#4714);
#3675=LINE('',#19606,#4715);
#3676=LINE('',#19610,#4716);
#3677=LINE('',#19611,#4717);
#3678=LINE('',#19616,#4718);
#3679=LINE('',#19619,#4719);
#3680=LINE('',#19622,#4720);
#3681=LINE('',#19623,#4721);
#3682=LINE('',#19625,#4722);
#3683=LINE('',#19627,#4723);
#3684=LINE('',#19628,#4724);
#3685=LINE('',#19630,#4725);
#3686=LINE('',#19632,#4726);
#3687=LINE('',#19636,#4727);
#3688=LINE('',#19640,#4728);
#3689=LINE('',#19642,#4729);
#3690=LINE('',#19643,#4730);
#3691=LINE('',#19646,#4731);
#3692=LINE('',#19650,#4732);
#3693=LINE('',#19651,#4733);
#3694=LINE('',#19656,#4734);
#3695=LINE('',#19659,#4735);
#3696=LINE('',#19662,#4736);
#3697=LINE('',#19663,#4737);
#3698=LINE('',#19665,#4738);
#3699=LINE('',#19667,#4739);
#3700=LINE('',#19668,#4740);
#3701=LINE('',#19670,#4741);
#3702=LINE('',#19672,#4742);
#3703=LINE('',#19676,#4743);
#3704=LINE('',#19680,#4744);
#3705=LINE('',#19682,#4745);
#3706=LINE('',#19683,#4746);
#3707=LINE('',#19686,#4747);
#3708=LINE('',#19690,#4748);
#3709=LINE('',#19691,#4749);
#3710=LINE('',#19696,#4750);
#3711=LINE('',#19699,#4751);
#3712=LINE('',#19702,#4752);
#3713=LINE('',#19703,#4753);
#3714=LINE('',#19705,#4754);
#3715=LINE('',#19707,#4755);
#3716=LINE('',#19708,#4756);
#3717=LINE('',#19710,#4757);
#3718=LINE('',#19712,#4758);
#3719=LINE('',#19716,#4759);
#3720=VECTOR('',#12708,10.);
#3721=VECTOR('',#12711,10.);
#3722=VECTOR('',#12714,10.);
#3723=VECTOR('',#12715,10.);
#3724=VECTOR('',#12716,10.);
#3725=VECTOR('',#12721,10.);
#3726=VECTOR('',#12724,10.);
#3727=VECTOR('',#12727,10.);
#3728=VECTOR('',#12730,10.);
#3729=VECTOR('',#12731,10.);
#3730=VECTOR('',#12734,10.);
#3731=VECTOR('',#12737,10.);
#3732=VECTOR('',#12740,10.);
#3733=VECTOR('',#12743,10.);
#3734=VECTOR('',#12746,10.);
#3735=VECTOR('',#12749,10.);
#3736=VECTOR('',#12752,10.);
#3737=VECTOR('',#12755,10.);
#3738=VECTOR('',#12758,10.);
#3739=VECTOR('',#12761,10.);
#3740=VECTOR('',#12764,10.);
#3741=VECTOR('',#12767,10.);
#3742=VECTOR('',#12770,10.);
#3743=VECTOR('',#12773,10.);
#3744=VECTOR('',#12776,10.);
#3745=VECTOR('',#12779,10.);
#3746=VECTOR('',#12782,10.);
#3747=VECTOR('',#12785,10.);
#3748=VECTOR('',#12788,10.);
#3749=VECTOR('',#12791,10.);
#3750=VECTOR('',#12794,10.);
#3751=VECTOR('',#12797,10.);
#3752=VECTOR('',#12800,10.);
#3753=VECTOR('',#12803,10.);
#3754=VECTOR('',#12806,10.);
#3755=VECTOR('',#12809,10.);
#3756=VECTOR('',#12812,10.);
#3757=VECTOR('',#12815,10.);
#3758=VECTOR('',#12818,10.);
#3759=VECTOR('',#12821,10.);
#3760=VECTOR('',#12824,10.);
#3761=VECTOR('',#12827,10.);
#3762=VECTOR('',#12830,10.);
#3763=VECTOR('',#12833,10.);
#3764=VECTOR('',#12836,10.);
#3765=VECTOR('',#12839,10.);
#3766=VECTOR('',#12842,10.);
#3767=VECTOR('',#12845,10.);
#3768=VECTOR('',#12848,10.);
#3769=VECTOR('',#12851,10.);
#3770=VECTOR('',#12854,10.);
#3771=VECTOR('',#12857,10.);
#3772=VECTOR('',#12860,10.);
#3773=VECTOR('',#12863,10.);
#3774=VECTOR('',#12866,10.);
#3775=VECTOR('',#12869,10.);
#3776=VECTOR('',#12872,10.);
#3777=VECTOR('',#12875,10.);
#3778=VECTOR('',#12878,10.);
#3779=VECTOR('',#12881,10.);
#3780=VECTOR('',#12884,10.);
#3781=VECTOR('',#12887,10.);
#3782=VECTOR('',#12890,10.);
#3783=VECTOR('',#12893,10.);
#3784=VECTOR('',#12896,10.);
#3785=VECTOR('',#12899,10.);
#3786=VECTOR('',#12902,10.);
#3787=VECTOR('',#12905,10.);
#3788=VECTOR('',#12908,10.);
#3789=VECTOR('',#12911,10.);
#3790=VECTOR('',#12914,10.);
#3791=VECTOR('',#12917,10.);
#3792=VECTOR('',#12920,10.);
#3793=VECTOR('',#12923,10.);
#3794=VECTOR('',#12926,10.);
#3795=VECTOR('',#12929,10.);
#3796=VECTOR('',#12932,10.);
#3797=VECTOR('',#12935,10.);
#3798=VECTOR('',#12938,10.);
#3799=VECTOR('',#12941,10.);
#3800=VECTOR('',#12944,10.);
#3801=VECTOR('',#12947,10.);
#3802=VECTOR('',#12950,10.);
#3803=VECTOR('',#12953,10.);
#3804=VECTOR('',#12956,10.);
#3805=VECTOR('',#12959,10.);
#3806=VECTOR('',#12962,10.);
#3807=VECTOR('',#12965,10.);
#3808=VECTOR('',#12968,10.);
#3809=VECTOR('',#12971,10.);
#3810=VECTOR('',#12974,10.);
#3811=VECTOR('',#12977,10.);
#3812=VECTOR('',#12980,10.);
#3813=VECTOR('',#12983,10.);
#3814=VECTOR('',#12986,10.);
#3815=VECTOR('',#12989,10.);
#3816=VECTOR('',#12992,10.);
#3817=VECTOR('',#12995,10.);
#3818=VECTOR('',#12998,10.);
#3819=VECTOR('',#13001,10.);
#3820=VECTOR('',#13006,10.);
#3821=VECTOR('',#13007,10.);
#3822=VECTOR('',#13012,10.);
#3823=VECTOR('',#13015,10.);
#3824=VECTOR('',#13018,10.);
#3825=VECTOR('',#13021,10.);
#3826=VECTOR('',#13022,10.);
#3827=VECTOR('',#13027,10.);
#3828=VECTOR('',#13030,10.);
#3829=VECTOR('',#13033,10.);
#3830=VECTOR('',#13036,10.);
#3831=VECTOR('',#13037,10.);
#3832=VECTOR('',#13042,10.);
#3833=VECTOR('',#13045,10.);
#3834=VECTOR('',#13050,10.);
#3835=VECTOR('',#13051,10.);
#3836=VECTOR('',#13054,10.);
#3837=VECTOR('',#13055,10.);
#3838=VECTOR('',#13056,10.);
#3839=VECTOR('',#13057,10.);
#3840=VECTOR('',#13060,10.);
#3841=VECTOR('',#13067,10.);
#3842=VECTOR('',#13068,10.);
#3843=VECTOR('',#13069,10.);
#3844=VECTOR('',#13072,10.);
#3845=VECTOR('',#13079,10.);
#3846=VECTOR('',#13080,10.);
#3847=VECTOR('',#13081,10.);
#3848=VECTOR('',#13084,10.);
#3849=VECTOR('',#13091,10.);
#3850=VECTOR('',#13092,10.);
#3851=VECTOR('',#13093,10.);
#3852=VECTOR('',#13102,10.);
#3853=VECTOR('',#13105,10.);
#3854=VECTOR('',#13108,10.);
#3855=VECTOR('',#13109,10.);
#3856=VECTOR('',#13112,10.);
#3857=VECTOR('',#13117,10.);
#3858=VECTOR('',#13118,10.);
#3859=VECTOR('',#13153,10.);
#3860=VECTOR('',#13156,10.);
#3861=VECTOR('',#13159,10.);
#3862=VECTOR('',#13160,10.);
#3863=VECTOR('',#13163,10.);
#3864=VECTOR('',#13164,10.);
#3865=VECTOR('',#13167,10.);
#3866=VECTOR('',#13202,10.);
#3867=VECTOR('',#13203,10.);
#3868=VECTOR('',#13204,10.);
#3869=VECTOR('',#13207,10.);
#3870=VECTOR('',#13214,10.);
#3871=VECTOR('',#13215,10.);
#3872=VECTOR('',#13216,10.);
#3873=VECTOR('',#13219,10.);
#3874=VECTOR('',#13226,10.);
#3875=VECTOR('',#13227,10.);
#3876=VECTOR('',#13228,10.);
#3877=VECTOR('',#13231,10.);
#3878=VECTOR('',#13236,10.);
#3879=VECTOR('',#13237,10.);
#3880=VECTOR('',#13244,10.);
#3881=VECTOR('',#13245,10.);
#3882=VECTOR('',#13248,10.);
#3883=VECTOR('',#13253,10.);
#3884=VECTOR('',#13256,10.);
#3885=VECTOR('',#13261,10.);
#3886=VECTOR('',#13264,10.);
#3887=VECTOR('',#13267,10.);
#3888=VECTOR('',#13270,10.);
#3889=VECTOR('',#13273,10.);
#3890=VECTOR('',#13276,10.);
#3891=VECTOR('',#13279,10.);
#3892=VECTOR('',#13282,10.);
#3893=VECTOR('',#13285,10.);
#3894=VECTOR('',#13288,10.);
#3895=VECTOR('',#13291,10.);
#3896=VECTOR('',#13294,10.);
#3897=VECTOR('',#13297,10.);
#3898=VECTOR('',#13300,10.);
#3899=VECTOR('',#13303,10.);
#3900=VECTOR('',#13306,10.);
#3901=VECTOR('',#13309,10.);
#3902=VECTOR('',#13312,10.);
#3903=VECTOR('',#13315,10.);
#3904=VECTOR('',#13318,10.);
#3905=VECTOR('',#13321,10.);
#3906=VECTOR('',#13324,10.);
#3907=VECTOR('',#13327,10.);
#3908=VECTOR('',#13330,10.);
#3909=VECTOR('',#13333,10.);
#3910=VECTOR('',#13336,10.);
#3911=VECTOR('',#13339,10.);
#3912=VECTOR('',#13342,10.);
#3913=VECTOR('',#13345,10.);
#3914=VECTOR('',#13348,10.);
#3915=VECTOR('',#13351,10.);
#3916=VECTOR('',#13354,10.);
#3917=VECTOR('',#13357,10.);
#3918=VECTOR('',#13360,10.);
#3919=VECTOR('',#13363,10.);
#3920=VECTOR('',#13366,10.);
#3921=VECTOR('',#13369,10.);
#3922=VECTOR('',#13372,10.);
#3923=VECTOR('',#13375,10.);
#3924=VECTOR('',#13378,10.);
#3925=VECTOR('',#13381,10.);
#3926=VECTOR('',#13384,10.);
#3927=VECTOR('',#13387,10.);
#3928=VECTOR('',#13390,10.);
#3929=VECTOR('',#13393,10.);
#3930=VECTOR('',#13396,10.);
#3931=VECTOR('',#13399,10.);
#3932=VECTOR('',#13402,10.);
#3933=VECTOR('',#13405,10.);
#3934=VECTOR('',#13408,10.);
#3935=VECTOR('',#13409,10.);
#3936=VECTOR('',#13412,10.);
#3937=VECTOR('',#13415,10.);
#3938=VECTOR('',#13418,10.);
#3939=VECTOR('',#13421,10.);
#3940=VECTOR('',#13424,10.);
#3941=VECTOR('',#13427,10.);
#3942=VECTOR('',#13430,10.);
#3943=VECTOR('',#13433,10.);
#3944=VECTOR('',#13436,10.);
#3945=VECTOR('',#13439,10.);
#3946=VECTOR('',#13442,10.);
#3947=VECTOR('',#13445,10.);
#3948=VECTOR('',#13448,10.);
#3949=VECTOR('',#13451,10.);
#3950=VECTOR('',#13454,10.);
#3951=VECTOR('',#13457,10.);
#3952=VECTOR('',#13460,10.);
#3953=VECTOR('',#13463,10.);
#3954=VECTOR('',#13466,10.);
#3955=VECTOR('',#13469,10.);
#3956=VECTOR('',#13472,10.);
#3957=VECTOR('',#13475,10.);
#3958=VECTOR('',#13478,10.);
#3959=VECTOR('',#13481,10.);
#3960=VECTOR('',#13484,10.);
#3961=VECTOR('',#13487,10.);
#3962=VECTOR('',#13490,10.);
#3963=VECTOR('',#13493,10.);
#3964=VECTOR('',#13496,10.);
#3965=VECTOR('',#13517,10.);
#3966=VECTOR('',#13520,10.);
#3967=VECTOR('',#13523,10.);
#3968=VECTOR('',#13524,10.);
#3969=VECTOR('',#13529,10.);
#3970=VECTOR('',#13532,10.);
#3971=VECTOR('',#13535,10.);
#3972=VECTOR('',#13536,10.);
#3973=VECTOR('',#13541,10.);
#3974=VECTOR('',#13544,10.);
#3975=VECTOR('',#13547,10.);
#3976=VECTOR('',#13548,10.);
#3977=VECTOR('',#13553,10.);
#3978=VECTOR('',#13556,10.);
#3979=VECTOR('',#13559,10.);
#3980=VECTOR('',#13560,10.);
#3981=VECTOR('',#13597,0.600000000000007);
#3982=VECTOR('',#13600,10.);
#3983=VECTOR('',#13603,0.600000000000007);
#3984=VECTOR('',#13608,10.);
#3985=VECTOR('',#13613,0.600000000000007);
#3986=VECTOR('',#13616,10.);
#3987=VECTOR('',#13619,0.600000000000007);
#3988=VECTOR('',#13624,10.);
#3989=VECTOR('',#13629,3.45);
#3990=VECTOR('',#13650,0.600000000000007);
#3991=VECTOR('',#13653,10.);
#3992=VECTOR('',#13656,0.600000000000007);
#3993=VECTOR('',#13661,10.);
#3994=VECTOR('',#13666,0.600000000000007);
#3995=VECTOR('',#13669,10.);
#3996=VECTOR('',#13672,0.600000000000007);
#3997=VECTOR('',#13677,10.);
#3998=VECTOR('',#13698,10.);
#3999=VECTOR('',#13701,10.);
#4000=VECTOR('',#13704,10.);
#4001=VECTOR('',#13705,10.);
#4002=VECTOR('',#13710,10.);
#4003=VECTOR('',#13713,10.);
#4004=VECTOR('',#13716,10.);
#4005=VECTOR('',#13717,10.);
#4006=VECTOR('',#13722,10.);
#4007=VECTOR('',#13725,10.);
#4008=VECTOR('',#13728,10.);
#4009=VECTOR('',#13729,10.);
#4010=VECTOR('',#13734,10.);
#4011=VECTOR('',#13737,10.);
#4012=VECTOR('',#13740,10.);
#4013=VECTOR('',#13741,10.);
#4014=VECTOR('',#13778,0.600000000000007);
#4015=VECTOR('',#13781,10.);
#4016=VECTOR('',#13784,0.600000000000007);
#4017=VECTOR('',#13789,10.);
#4018=VECTOR('',#13794,0.600000000000007);
#4019=VECTOR('',#13797,10.);
#4020=VECTOR('',#13800,0.600000000000007);
#4021=VECTOR('',#13805,10.);
#4022=VECTOR('',#13810,3.45);
#4023=VECTOR('',#13831,0.600000000000007);
#4024=VECTOR('',#13834,10.);
#4025=VECTOR('',#13837,0.600000000000007);
#4026=VECTOR('',#13842,10.);
#4027=VECTOR('',#13847,0.600000000000007);
#4028=VECTOR('',#13850,10.);
#4029=VECTOR('',#13853,0.600000000000007);
#4030=VECTOR('',#13858,10.);
#4031=VECTOR('',#13879,10.);
#4032=VECTOR('',#13882,10.);
#4033=VECTOR('',#13885,10.);
#4034=VECTOR('',#13886,10.);
#4035=VECTOR('',#13891,10.);
#4036=VECTOR('',#13894,10.);
#4037=VECTOR('',#13897,10.);
#4038=VECTOR('',#13898,10.);
#4039=VECTOR('',#13903,10.);
#4040=VECTOR('',#13906,10.);
#4041=VECTOR('',#13909,10.);
#4042=VECTOR('',#13910,10.);
#4043=VECTOR('',#13915,10.);
#4044=VECTOR('',#13918,10.);
#4045=VECTOR('',#13921,10.);
#4046=VECTOR('',#13922,10.);
#4047=VECTOR('',#13959,0.600000000000007);
#4048=VECTOR('',#13962,10.);
#4049=VECTOR('',#13965,0.600000000000007);
#4050=VECTOR('',#13970,10.);
#4051=VECTOR('',#13975,0.600000000000007);
#4052=VECTOR('',#13978,10.);
#4053=VECTOR('',#13981,0.600000000000007);
#4054=VECTOR('',#13986,10.);
#4055=VECTOR('',#13991,3.45);
#4056=VECTOR('',#14012,0.600000000000007);
#4057=VECTOR('',#14015,10.);
#4058=VECTOR('',#14018,0.600000000000007);
#4059=VECTOR('',#14023,10.);
#4060=VECTOR('',#14028,0.600000000000007);
#4061=VECTOR('',#14031,10.);
#4062=VECTOR('',#14034,0.600000000000007);
#4063=VECTOR('',#14039,10.);
#4064=VECTOR('',#14060,10.);
#4065=VECTOR('',#14063,10.);
#4066=VECTOR('',#14066,10.);
#4067=VECTOR('',#14067,10.);
#4068=VECTOR('',#14072,10.);
#4069=VECTOR('',#14075,10.);
#4070=VECTOR('',#14078,10.);
#4071=VECTOR('',#14079,10.);
#4072=VECTOR('',#14084,10.);
#4073=VECTOR('',#14087,10.);
#4074=VECTOR('',#14090,10.);
#4075=VECTOR('',#14091,10.);
#4076=VECTOR('',#14096,10.);
#4077=VECTOR('',#14099,10.);
#4078=VECTOR('',#14102,10.);
#4079=VECTOR('',#14103,10.);
#4080=VECTOR('',#14140,0.600000000000007);
#4081=VECTOR('',#14143,0.600000000000007);
#4082=VECTOR('',#14146,0.600000000000007);
#4083=VECTOR('',#14151,0.600000000000007);
#4084=VECTOR('',#14156,0.600000000000007);
#4085=VECTOR('',#14161,0.600000000000007);
#4086=VECTOR('',#14166,0.600000000000007);
#4087=VECTOR('',#14171,0.600000000000007);
#4088=VECTOR('',#14176,0.600000000000007);
#4089=VECTOR('',#14181,3.45);
#4090=VECTOR('',#14198,0.600000000000007);
#4091=VECTOR('',#14203,0.600000000000007);
#4092=VECTOR('',#14208,0.600000000000007);
#4093=VECTOR('',#14213,0.600000000000007);
#4094=VECTOR('',#14216,0.600000000000007);
#4095=VECTOR('',#14221,0.600000000000007);
#4096=VECTOR('',#14226,0.600000000000007);
#4097=VECTOR('',#14241,10.);
#4098=VECTOR('',#14244,10.);
#4099=VECTOR('',#14249,10.);
#4100=VECTOR('',#14254,10.);
#4101=VECTOR('',#14257,10.);
#4102=VECTOR('',#14264,10.);
#4103=VECTOR('',#14267,10.);
#4104=VECTOR('',#14272,10.);
#4105=VECTOR('',#14273,10.);
#4106=VECTOR('',#14274,10.);
#4107=VECTOR('',#14277,10.);
#4108=VECTOR('',#14282,10.);
#4109=VECTOR('',#14283,10.);
#4110=VECTOR('',#14290,10.);
#4111=VECTOR('',#14293,10.);
#4112=VECTOR('',#14296,10.);
#4113=VECTOR('',#14297,10.);
#4114=VECTOR('',#14300,10.);
#4115=VECTOR('',#14301,10.);
#4116=VECTOR('',#14302,10.);
#4117=VECTOR('',#14305,10.);
#4118=VECTOR('',#14308,10.);
#4119=VECTOR('',#14315,10.);
#4120=VECTOR('',#14320,10.);
#4121=VECTOR('',#14321,10.);
#4122=VECTOR('',#14322,10.);
#4123=VECTOR('',#14325,10.);
#4124=VECTOR('',#14330,10.);
#4125=VECTOR('',#14331,10.);
#4126=VECTOR('',#14338,10.);
#4127=VECTOR('',#14341,10.);
#4128=VECTOR('',#14344,10.);
#4129=VECTOR('',#14345,10.);
#4130=VECTOR('',#14348,10.);
#4131=VECTOR('',#14349,10.);
#4132=VECTOR('',#14352,10.);
#4133=VECTOR('',#14355,10.);
#4134=VECTOR('',#14360,10.);
#4135=VECTOR('',#14363,10.);
#4136=VECTOR('',#14368,10.);
#4137=VECTOR('',#14369,10.);
#4138=VECTOR('',#14370,10.);
#4139=VECTOR('',#14373,10.);
#4140=VECTOR('',#14378,10.);
#4141=VECTOR('',#14379,10.);
#4142=VECTOR('',#14386,10.);
#4143=VECTOR('',#14389,10.);
#4144=VECTOR('',#14392,10.);
#4145=VECTOR('',#14393,10.);
#4146=VECTOR('',#14396,10.);
#4147=VECTOR('',#14397,10.);
#4148=VECTOR('',#14400,10.);
#4149=VECTOR('',#14403,10.);
#4150=VECTOR('',#14408,10.);
#4151=VECTOR('',#14411,10.);
#4152=VECTOR('',#14416,10.);
#4153=VECTOR('',#14417,10.);
#4154=VECTOR('',#14418,10.);
#4155=VECTOR('',#14421,10.);
#4156=VECTOR('',#14426,10.);
#4157=VECTOR('',#14427,10.);
#4158=VECTOR('',#14434,10.);
#4159=VECTOR('',#14437,10.);
#4160=VECTOR('',#14440,10.);
#4161=VECTOR('',#14441,10.);
#4162=VECTOR('',#14444,10.);
#4163=VECTOR('',#14445,10.);
#4164=VECTOR('',#14448,10.);
#4165=VECTOR('',#14451,10.);
#4166=VECTOR('',#14456,10.);
#4167=VECTOR('',#14459,10.);
#4168=VECTOR('',#14464,10.);
#4169=VECTOR('',#14465,10.);
#4170=VECTOR('',#14466,10.);
#4171=VECTOR('',#14469,10.);
#4172=VECTOR('',#14474,10.);
#4173=VECTOR('',#14475,10.);
#4174=VECTOR('',#14482,10.);
#4175=VECTOR('',#14485,10.);
#4176=VECTOR('',#14488,10.);
#4177=VECTOR('',#14489,10.);
#4178=VECTOR('',#14492,10.);
#4179=VECTOR('',#14493,10.);
#4180=VECTOR('',#14496,10.);
#4181=VECTOR('',#14499,10.);
#4182=VECTOR('',#14504,10.);
#4183=VECTOR('',#14507,10.);
#4184=VECTOR('',#14512,10.);
#4185=VECTOR('',#14513,10.);
#4186=VECTOR('',#14514,10.);
#4187=VECTOR('',#14517,10.);
#4188=VECTOR('',#14522,10.);
#4189=VECTOR('',#14523,10.);
#4190=VECTOR('',#14530,10.);
#4191=VECTOR('',#14533,10.);
#4192=VECTOR('',#14536,10.);
#4193=VECTOR('',#14537,10.);
#4194=VECTOR('',#14540,10.);
#4195=VECTOR('',#14541,10.);
#4196=VECTOR('',#14544,10.);
#4197=VECTOR('',#14547,10.);
#4198=VECTOR('',#14552,10.);
#4199=VECTOR('',#14555,10.);
#4200=VECTOR('',#14560,10.);
#4201=VECTOR('',#14561,10.);
#4202=VECTOR('',#14562,10.);
#4203=VECTOR('',#14565,10.);
#4204=VECTOR('',#14570,10.);
#4205=VECTOR('',#14571,10.);
#4206=VECTOR('',#14578,10.);
#4207=VECTOR('',#14581,10.);
#4208=VECTOR('',#14584,10.);
#4209=VECTOR('',#14585,10.);
#4210=VECTOR('',#14588,10.);
#4211=VECTOR('',#14589,10.);
#4212=VECTOR('',#14592,10.);
#4213=VECTOR('',#14595,10.);
#4214=VECTOR('',#14600,10.);
#4215=VECTOR('',#14603,10.);
#4216=VECTOR('',#14608,10.);
#4217=VECTOR('',#14609,10.);
#4218=VECTOR('',#14610,10.);
#4219=VECTOR('',#14613,10.);
#4220=VECTOR('',#14618,10.);
#4221=VECTOR('',#14619,10.);
#4222=VECTOR('',#14626,10.);
#4223=VECTOR('',#14629,10.);
#4224=VECTOR('',#14632,10.);
#4225=VECTOR('',#14633,10.);
#4226=VECTOR('',#14636,10.);
#4227=VECTOR('',#14637,10.);
#4228=VECTOR('',#14640,10.);
#4229=VECTOR('',#14643,10.);
#4230=VECTOR('',#14648,10.);
#4231=VECTOR('',#14651,10.);
#4232=VECTOR('',#14656,10.);
#4233=VECTOR('',#14657,10.);
#4234=VECTOR('',#14658,10.);
#4235=VECTOR('',#14661,10.);
#4236=VECTOR('',#14666,10.);
#4237=VECTOR('',#14667,10.);
#4238=VECTOR('',#14674,10.);
#4239=VECTOR('',#14677,10.);
#4240=VECTOR('',#14680,10.);
#4241=VECTOR('',#14681,10.);
#4242=VECTOR('',#14684,10.);
#4243=VECTOR('',#14685,10.);
#4244=VECTOR('',#14688,10.);
#4245=VECTOR('',#14691,10.);
#4246=VECTOR('',#14696,10.);
#4247=VECTOR('',#14699,10.);
#4248=VECTOR('',#14704,10.);
#4249=VECTOR('',#14705,10.);
#4250=VECTOR('',#14706,10.);
#4251=VECTOR('',#14709,10.);
#4252=VECTOR('',#14714,10.);
#4253=VECTOR('',#14715,10.);
#4254=VECTOR('',#14722,10.);
#4255=VECTOR('',#14725,10.);
#4256=VECTOR('',#14728,10.);
#4257=VECTOR('',#14729,10.);
#4258=VECTOR('',#14732,10.);
#4259=VECTOR('',#14733,10.);
#4260=VECTOR('',#14736,10.);
#4261=VECTOR('',#14739,10.);
#4262=VECTOR('',#14744,10.);
#4263=VECTOR('',#14747,10.);
#4264=VECTOR('',#14752,10.);
#4265=VECTOR('',#14753,10.);
#4266=VECTOR('',#14754,10.);
#4267=VECTOR('',#14757,10.);
#4268=VECTOR('',#14762,10.);
#4269=VECTOR('',#14763,10.);
#4270=VECTOR('',#14770,10.);
#4271=VECTOR('',#14773,10.);
#4272=VECTOR('',#14776,10.);
#4273=VECTOR('',#14777,10.);
#4274=VECTOR('',#14780,10.);
#4275=VECTOR('',#14781,10.);
#4276=VECTOR('',#14784,10.);
#4277=VECTOR('',#14787,10.);
#4278=VECTOR('',#14792,10.);
#4279=VECTOR('',#14795,10.);
#4280=VECTOR('',#14800,10.);
#4281=VECTOR('',#14801,10.);
#4282=VECTOR('',#14802,10.);
#4283=VECTOR('',#14805,10.);
#4284=VECTOR('',#14810,10.);
#4285=VECTOR('',#14811,10.);
#4286=VECTOR('',#14818,10.);
#4287=VECTOR('',#14821,10.);
#4288=VECTOR('',#14824,10.);
#4289=VECTOR('',#14825,10.);
#4290=VECTOR('',#14828,10.);
#4291=VECTOR('',#14829,10.);
#4292=VECTOR('',#14832,10.);
#4293=VECTOR('',#14835,10.);
#4294=VECTOR('',#14840,10.);
#4295=VECTOR('',#14843,10.);
#4296=VECTOR('',#14848,10.);
#4297=VECTOR('',#14849,10.);
#4298=VECTOR('',#14850,10.);
#4299=VECTOR('',#14853,10.);
#4300=VECTOR('',#14858,10.);
#4301=VECTOR('',#14859,10.);
#4302=VECTOR('',#14866,10.);
#4303=VECTOR('',#14869,10.);
#4304=VECTOR('',#14872,10.);
#4305=VECTOR('',#14873,10.);
#4306=VECTOR('',#14876,10.);
#4307=VECTOR('',#14877,10.);
#4308=VECTOR('',#14880,10.);
#4309=VECTOR('',#14883,10.);
#4310=VECTOR('',#14888,10.);
#4311=VECTOR('',#14891,10.);
#4312=VECTOR('',#14896,10.);
#4313=VECTOR('',#14897,10.);
#4314=VECTOR('',#14898,10.);
#4315=VECTOR('',#14901,10.);
#4316=VECTOR('',#14906,10.);
#4317=VECTOR('',#14907,10.);
#4318=VECTOR('',#14914,10.);
#4319=VECTOR('',#14917,10.);
#4320=VECTOR('',#14920,10.);
#4321=VECTOR('',#14921,10.);
#4322=VECTOR('',#14924,10.);
#4323=VECTOR('',#14925,10.);
#4324=VECTOR('',#14928,10.);
#4325=VECTOR('',#14931,10.);
#4326=VECTOR('',#14936,10.);
#4327=VECTOR('',#14939,10.);
#4328=VECTOR('',#14944,10.);
#4329=VECTOR('',#14945,10.);
#4330=VECTOR('',#14946,10.);
#4331=VECTOR('',#14949,10.);
#4332=VECTOR('',#14954,10.);
#4333=VECTOR('',#14955,10.);
#4334=VECTOR('',#14962,10.);
#4335=VECTOR('',#14965,10.);
#4336=VECTOR('',#14968,10.);
#4337=VECTOR('',#14969,10.);
#4338=VECTOR('',#14972,10.);
#4339=VECTOR('',#14973,10.);
#4340=VECTOR('',#14976,10.);
#4341=VECTOR('',#14979,10.);
#4342=VECTOR('',#14984,10.);
#4343=VECTOR('',#14987,10.);
#4344=VECTOR('',#14992,10.);
#4345=VECTOR('',#14993,10.);
#4346=VECTOR('',#14994,10.);
#4347=VECTOR('',#14997,10.);
#4348=VECTOR('',#15002,10.);
#4349=VECTOR('',#15003,10.);
#4350=VECTOR('',#15010,10.);
#4351=VECTOR('',#15013,10.);
#4352=VECTOR('',#15016,10.);
#4353=VECTOR('',#15017,10.);
#4354=VECTOR('',#15020,10.);
#4355=VECTOR('',#15021,10.);
#4356=VECTOR('',#15024,10.);
#4357=VECTOR('',#15027,10.);
#4358=VECTOR('',#15032,10.);
#4359=VECTOR('',#15035,10.);
#4360=VECTOR('',#15040,10.);
#4361=VECTOR('',#15041,10.);
#4362=VECTOR('',#15042,10.);
#4363=VECTOR('',#15045,10.);
#4364=VECTOR('',#15050,10.);
#4365=VECTOR('',#15051,10.);
#4366=VECTOR('',#15058,10.);
#4367=VECTOR('',#15061,10.);
#4368=VECTOR('',#15064,10.);
#4369=VECTOR('',#15065,10.);
#4370=VECTOR('',#15068,10.);
#4371=VECTOR('',#15069,10.);
#4372=VECTOR('',#15072,10.);
#4373=VECTOR('',#15075,10.);
#4374=VECTOR('',#15080,10.);
#4375=VECTOR('',#15083,10.);
#4376=VECTOR('',#15088,10.);
#4377=VECTOR('',#15089,10.);
#4378=VECTOR('',#15090,10.);
#4379=VECTOR('',#15093,10.);
#4380=VECTOR('',#15098,10.);
#4381=VECTOR('',#15099,10.);
#4382=VECTOR('',#15106,10.);
#4383=VECTOR('',#15109,10.);
#4384=VECTOR('',#15112,10.);
#4385=VECTOR('',#15113,10.);
#4386=VECTOR('',#15116,10.);
#4387=VECTOR('',#15117,10.);
#4388=VECTOR('',#15120,10.);
#4389=VECTOR('',#15123,10.);
#4390=VECTOR('',#15128,10.);
#4391=VECTOR('',#15131,10.);
#4392=VECTOR('',#15136,10.);
#4393=VECTOR('',#15137,10.);
#4394=VECTOR('',#15138,10.);
#4395=VECTOR('',#15141,10.);
#4396=VECTOR('',#15146,10.);
#4397=VECTOR('',#15147,10.);
#4398=VECTOR('',#15154,10.);
#4399=VECTOR('',#15157,10.);
#4400=VECTOR('',#15160,10.);
#4401=VECTOR('',#15161,10.);
#4402=VECTOR('',#15164,10.);
#4403=VECTOR('',#15165,10.);
#4404=VECTOR('',#15168,10.);
#4405=VECTOR('',#15171,10.);
#4406=VECTOR('',#15176,10.);
#4407=VECTOR('',#15179,10.);
#4408=VECTOR('',#15184,10.);
#4409=VECTOR('',#15185,10.);
#4410=VECTOR('',#15186,10.);
#4411=VECTOR('',#15189,10.);
#4412=VECTOR('',#15194,10.);
#4413=VECTOR('',#15195,10.);
#4414=VECTOR('',#15202,10.);
#4415=VECTOR('',#15205,10.);
#4416=VECTOR('',#15208,10.);
#4417=VECTOR('',#15209,10.);
#4418=VECTOR('',#15212,10.);
#4419=VECTOR('',#15213,10.);
#4420=VECTOR('',#15216,10.);
#4421=VECTOR('',#15219,10.);
#4422=VECTOR('',#15224,10.);
#4423=VECTOR('',#15227,10.);
#4424=VECTOR('',#15232,10.);
#4425=VECTOR('',#15233,10.);
#4426=VECTOR('',#15234,10.);
#4427=VECTOR('',#15237,10.);
#4428=VECTOR('',#15242,10.);
#4429=VECTOR('',#15243,10.);
#4430=VECTOR('',#15250,10.);
#4431=VECTOR('',#15253,10.);
#4432=VECTOR('',#15256,10.);
#4433=VECTOR('',#15257,10.);
#4434=VECTOR('',#15260,10.);
#4435=VECTOR('',#15261,10.);
#4436=VECTOR('',#15264,10.);
#4437=VECTOR('',#15267,10.);
#4438=VECTOR('',#15272,10.);
#4439=VECTOR('',#15275,10.);
#4440=VECTOR('',#15280,10.);
#4441=VECTOR('',#15281,10.);
#4442=VECTOR('',#15282,10.);
#4443=VECTOR('',#15285,10.);
#4444=VECTOR('',#15290,10.);
#4445=VECTOR('',#15291,10.);
#4446=VECTOR('',#15298,10.);
#4447=VECTOR('',#15301,10.);
#4448=VECTOR('',#15304,10.);
#4449=VECTOR('',#15305,10.);
#4450=VECTOR('',#15308,10.);
#4451=VECTOR('',#15309,10.);
#4452=VECTOR('',#15312,10.);
#4453=VECTOR('',#15315,10.);
#4454=VECTOR('',#15320,10.);
#4455=VECTOR('',#15323,10.);
#4456=VECTOR('',#15328,10.);
#4457=VECTOR('',#15329,10.);
#4458=VECTOR('',#15330,10.);
#4459=VECTOR('',#15333,10.);
#4460=VECTOR('',#15338,10.);
#4461=VECTOR('',#15339,10.);
#4462=VECTOR('',#15346,10.);
#4463=VECTOR('',#15349,10.);
#4464=VECTOR('',#15352,10.);
#4465=VECTOR('',#15353,10.);
#4466=VECTOR('',#15356,10.);
#4467=VECTOR('',#15357,10.);
#4468=VECTOR('',#15360,10.);
#4469=VECTOR('',#15363,10.);
#4470=VECTOR('',#15368,10.);
#4471=VECTOR('',#15371,10.);
#4472=VECTOR('',#15376,10.);
#4473=VECTOR('',#15377,10.);
#4474=VECTOR('',#15378,10.);
#4475=VECTOR('',#15381,10.);
#4476=VECTOR('',#15386,10.);
#4477=VECTOR('',#15387,10.);
#4478=VECTOR('',#15394,10.);
#4479=VECTOR('',#15397,10.);
#4480=VECTOR('',#15400,10.);
#4481=VECTOR('',#15401,10.);
#4482=VECTOR('',#15404,10.);
#4483=VECTOR('',#15405,10.);
#4484=VECTOR('',#15408,10.);
#4485=VECTOR('',#15411,10.);
#4486=VECTOR('',#15416,10.);
#4487=VECTOR('',#15419,10.);
#4488=VECTOR('',#15424,10.);
#4489=VECTOR('',#15425,10.);
#4490=VECTOR('',#15426,10.);
#4491=VECTOR('',#15429,10.);
#4492=VECTOR('',#15434,10.);
#4493=VECTOR('',#15435,10.);
#4494=VECTOR('',#15442,10.);
#4495=VECTOR('',#15445,10.);
#4496=VECTOR('',#15448,10.);
#4497=VECTOR('',#15449,10.);
#4498=VECTOR('',#15452,10.);
#4499=VECTOR('',#15453,10.);
#4500=VECTOR('',#15456,10.);
#4501=VECTOR('',#15459,10.);
#4502=VECTOR('',#15464,10.);
#4503=VECTOR('',#15467,10.);
#4504=VECTOR('',#15472,10.);
#4505=VECTOR('',#15473,10.);
#4506=VECTOR('',#15474,10.);
#4507=VECTOR('',#15477,10.);
#4508=VECTOR('',#15482,10.);
#4509=VECTOR('',#15483,10.);
#4510=VECTOR('',#15490,10.);
#4511=VECTOR('',#15493,10.);
#4512=VECTOR('',#15496,10.);
#4513=VECTOR('',#15497,10.);
#4514=VECTOR('',#15500,10.);
#4515=VECTOR('',#15501,10.);
#4516=VECTOR('',#15504,10.);
#4517=VECTOR('',#15507,10.);
#4518=VECTOR('',#15512,10.);
#4519=VECTOR('',#15515,10.);
#4520=VECTOR('',#15520,10.);
#4521=VECTOR('',#15521,10.);
#4522=VECTOR('',#15522,10.);
#4523=VECTOR('',#15525,10.);
#4524=VECTOR('',#15530,10.);
#4525=VECTOR('',#15531,10.);
#4526=VECTOR('',#15538,10.);
#4527=VECTOR('',#15541,10.);
#4528=VECTOR('',#15544,10.);
#4529=VECTOR('',#15545,10.);
#4530=VECTOR('',#15548,10.);
#4531=VECTOR('',#15549,10.);
#4532=VECTOR('',#15550,10.);
#4533=VECTOR('',#15553,10.);
#4534=VECTOR('',#15556,10.);
#4535=VECTOR('',#15563,10.);
#4536=VECTOR('',#15568,10.);
#4537=VECTOR('',#15569,10.);
#4538=VECTOR('',#15570,10.);
#4539=VECTOR('',#15573,10.);
#4540=VECTOR('',#15578,10.);
#4541=VECTOR('',#15579,10.);
#4542=VECTOR('',#15586,10.);
#4543=VECTOR('',#15589,10.);
#4544=VECTOR('',#15592,10.);
#4545=VECTOR('',#15593,10.);
#4546=VECTOR('',#15596,10.);
#4547=VECTOR('',#15597,10.);
#4548=VECTOR('',#15598,10.);
#4549=VECTOR('',#15601,10.);
#4550=VECTOR('',#15604,10.);
#4551=VECTOR('',#15611,10.);
#4552=VECTOR('',#15616,10.);
#4553=VECTOR('',#15617,10.);
#4554=VECTOR('',#15618,10.);
#4555=VECTOR('',#15621,10.);
#4556=VECTOR('',#15626,10.);
#4557=VECTOR('',#15627,10.);
#4558=VECTOR('',#15634,10.);
#4559=VECTOR('',#15637,10.);
#4560=VECTOR('',#15640,10.);
#4561=VECTOR('',#15641,10.);
#4562=VECTOR('',#15644,10.);
#4563=VECTOR('',#15645,10.);
#4564=VECTOR('',#15646,10.);
#4565=VECTOR('',#15649,10.);
#4566=VECTOR('',#15652,10.);
#4567=VECTOR('',#15659,10.);
#4568=VECTOR('',#15664,10.);
#4569=VECTOR('',#15665,10.);
#4570=VECTOR('',#15666,10.);
#4571=VECTOR('',#15669,10.);
#4572=VECTOR('',#15674,10.);
#4573=VECTOR('',#15675,10.);
#4574=VECTOR('',#15682,10.);
#4575=VECTOR('',#15685,10.);
#4576=VECTOR('',#15688,10.);
#4577=VECTOR('',#15689,10.);
#4578=VECTOR('',#15692,10.);
#4579=VECTOR('',#15693,10.);
#4580=VECTOR('',#15694,10.);
#4581=VECTOR('',#15697,10.);
#4582=VECTOR('',#15700,10.);
#4583=VECTOR('',#15707,10.);
#4584=VECTOR('',#15712,10.);
#4585=VECTOR('',#15713,10.);
#4586=VECTOR('',#15714,10.);
#4587=VECTOR('',#15717,10.);
#4588=VECTOR('',#15722,10.);
#4589=VECTOR('',#15723,10.);
#4590=VECTOR('',#15730,10.);
#4591=VECTOR('',#15733,10.);
#4592=VECTOR('',#15736,10.);
#4593=VECTOR('',#15737,10.);
#4594=VECTOR('',#15740,10.);
#4595=VECTOR('',#15741,10.);
#4596=VECTOR('',#15742,10.);
#4597=VECTOR('',#15745,10.);
#4598=VECTOR('',#15748,10.);
#4599=VECTOR('',#15755,10.);
#4600=VECTOR('',#15760,10.);
#4601=VECTOR('',#15761,10.);
#4602=VECTOR('',#15762,10.);
#4603=VECTOR('',#15765,10.);
#4604=VECTOR('',#15770,10.);
#4605=VECTOR('',#15771,10.);
#4606=VECTOR('',#15778,10.);
#4607=VECTOR('',#15781,10.);
#4608=VECTOR('',#15784,10.);
#4609=VECTOR('',#15785,10.);
#4610=VECTOR('',#15788,10.);
#4611=VECTOR('',#15789,10.);
#4612=VECTOR('',#15790,10.);
#4613=VECTOR('',#15793,10.);
#4614=VECTOR('',#15796,10.);
#4615=VECTOR('',#15803,10.);
#4616=VECTOR('',#15808,10.);
#4617=VECTOR('',#15809,10.);
#4618=VECTOR('',#15810,10.);
#4619=VECTOR('',#15813,10.);
#4620=VECTOR('',#15818,10.);
#4621=VECTOR('',#15819,10.);
#4622=VECTOR('',#15826,10.);
#4623=VECTOR('',#15829,10.);
#4624=VECTOR('',#15832,10.);
#4625=VECTOR('',#15833,10.);
#4626=VECTOR('',#15836,10.);
#4627=VECTOR('',#15837,10.);
#4628=VECTOR('',#15838,10.);
#4629=VECTOR('',#15841,10.);
#4630=VECTOR('',#15844,10.);
#4631=VECTOR('',#15851,10.);
#4632=VECTOR('',#15856,10.);
#4633=VECTOR('',#15857,10.);
#4634=VECTOR('',#15858,10.);
#4635=VECTOR('',#15861,10.);
#4636=VECTOR('',#15866,10.);
#4637=VECTOR('',#15867,10.);
#4638=VECTOR('',#15874,10.);
#4639=VECTOR('',#15877,10.);
#4640=VECTOR('',#15880,10.);
#4641=VECTOR('',#15881,10.);
#4642=VECTOR('',#15884,10.);
#4643=VECTOR('',#15885,10.);
#4644=VECTOR('',#15886,10.);
#4645=VECTOR('',#15889,10.);
#4646=VECTOR('',#15892,10.);
#4647=VECTOR('',#15899,10.);
#4648=VECTOR('',#15904,10.);
#4649=VECTOR('',#15905,10.);
#4650=VECTOR('',#15906,10.);
#4651=VECTOR('',#15909,10.);
#4652=VECTOR('',#15914,10.);
#4653=VECTOR('',#15915,10.);
#4654=VECTOR('',#15922,10.);
#4655=VECTOR('',#15925,10.);
#4656=VECTOR('',#15928,10.);
#4657=VECTOR('',#15929,10.);
#4658=VECTOR('',#15932,10.);
#4659=VECTOR('',#15933,10.);
#4660=VECTOR('',#15934,10.);
#4661=VECTOR('',#15937,10.);
#4662=VECTOR('',#15940,10.);
#4663=VECTOR('',#15947,10.);
#4664=VECTOR('',#15952,10.);
#4665=VECTOR('',#15953,10.);
#4666=VECTOR('',#15954,10.);
#4667=VECTOR('',#15957,10.);
#4668=VECTOR('',#15962,10.);
#4669=VECTOR('',#15963,10.);
#4670=VECTOR('',#15970,10.);
#4671=VECTOR('',#15973,10.);
#4672=VECTOR('',#15976,10.);
#4673=VECTOR('',#15977,10.);
#4674=VECTOR('',#15980,10.);
#4675=VECTOR('',#15981,10.);
#4676=VECTOR('',#15982,10.);
#4677=VECTOR('',#15985,10.);
#4678=VECTOR('',#15988,10.);
#4679=VECTOR('',#15995,10.);
#4680=VECTOR('',#16000,10.);
#4681=VECTOR('',#16001,10.);
#4682=VECTOR('',#16002,10.);
#4683=VECTOR('',#16005,10.);
#4684=VECTOR('',#16010,10.);
#4685=VECTOR('',#16011,10.);
#4686=VECTOR('',#16018,10.);
#4687=VECTOR('',#16021,10.);
#4688=VECTOR('',#16024,10.);
#4689=VECTOR('',#16025,10.);
#4690=VECTOR('',#16028,10.);
#4691=VECTOR('',#16029,10.);
#4692=VECTOR('',#16030,10.);
#4693=VECTOR('',#16033,10.);
#4694=VECTOR('',#16036,10.);
#4695=VECTOR('',#16043,10.);
#4696=VECTOR('',#16048,10.);
#4697=VECTOR('',#16049,10.);
#4698=VECTOR('',#16050,10.);
#4699=VECTOR('',#16053,10.);
#4700=VECTOR('',#16058,10.);
#4701=VECTOR('',#16059,10.);
#4702=VECTOR('',#16066,10.);
#4703=VECTOR('',#16069,10.);
#4704=VECTOR('',#16072,10.);
#4705=VECTOR('',#16073,10.);
#4706=VECTOR('',#16076,10.);
#4707=VECTOR('',#16077,10.);
#4708=VECTOR('',#16078,10.);
#4709=VECTOR('',#16081,10.);
#4710=VECTOR('',#16084,10.);
#4711=VECTOR('',#16091,10.);
#4712=VECTOR('',#16096,10.);
#4713=VECTOR('',#16097,10.);
#4714=VECTOR('',#16098,10.);
#4715=VECTOR('',#16101,10.);
#4716=VECTOR('',#16106,10.);
#4717=VECTOR('',#16107,10.);
#4718=VECTOR('',#16114,10.);
#4719=VECTOR('',#16117,10.);
#4720=VECTOR('',#16120,10.);
#4721=VECTOR('',#16121,10.);
#4722=VECTOR('',#16124,10.);
#4723=VECTOR('',#16125,10.);
#4724=VECTOR('',#16126,10.);
#4725=VECTOR('',#16129,10.);
#4726=VECTOR('',#16132,10.);
#4727=VECTOR('',#16139,10.);
#4728=VECTOR('',#16144,10.);
#4729=VECTOR('',#16145,10.);
#4730=VECTOR('',#16146,10.);
#4731=VECTOR('',#16149,10.);
#4732=VECTOR('',#16154,10.);
#4733=VECTOR('',#16155,10.);
#4734=VECTOR('',#16162,10.);
#4735=VECTOR('',#16165,10.);
#4736=VECTOR('',#16168,10.);
#4737=VECTOR('',#16169,10.);
#4738=VECTOR('',#16172,10.);
#4739=VECTOR('',#16173,10.);
#4740=VECTOR('',#16174,10.);
#4741=VECTOR('',#16177,10.);
#4742=VECTOR('',#16180,10.);
#4743=VECTOR('',#16187,10.);
#4744=VECTOR('',#16192,10.);
#4745=VECTOR('',#16193,10.);
#4746=VECTOR('',#16194,10.);
#4747=VECTOR('',#16197,10.);
#4748=VECTOR('',#16202,10.);
#4749=VECTOR('',#16203,10.);
#4750=VECTOR('',#16210,10.);
#4751=VECTOR('',#16213,10.);
#4752=VECTOR('',#16216,10.);
#4753=VECTOR('',#16217,10.);
#4754=VECTOR('',#16220,10.);
#4755=VECTOR('',#16221,10.);
#4756=VECTOR('',#16222,10.);
#4757=VECTOR('',#16225,10.);
#4758=VECTOR('',#16228,10.);
#4759=VECTOR('',#16235,10.);
#4760=ELLIPSE('',#11456,4.02373125632671,4.);
#4761=ELLIPSE('',#11457,4.0237312563267,4.);
#4762=ELLIPSE('',#11460,4.02373125632671,4.);
#4763=ELLIPSE('',#11461,4.02373125632671,4.);
#4764=ELLIPSE('',#11464,4.02373125632671,4.);
#4765=ELLIPSE('',#11466,4.02373125632671,4.);
#4766=ELLIPSE('',#11467,4.02373125632671,4.);
#4767=ELLIPSE('',#11469,4.02373125632671,4.);
#4768=ELLIPSE('',#11470,4.02373125632671,4.);
#4769=ELLIPSE('',#11472,4.02373125632671,4.);
#4770=ELLIPSE('',#11557,4.02373125632671,4.);
#4771=ELLIPSE('',#11559,4.02373125632671,4.);
#4772=ELLIPSE('',#11562,4.02373125632671,4.);
#4773=ELLIPSE('',#11564,4.02373125632671,4.);
#4774=ELLIPSE('',#11567,4.02373125632671,4.);
#4775=ELLIPSE('',#11569,4.0237312563267,4.);
#4776=VERTEX_POINT('',#16240);
#4777=VERTEX_POINT('',#16241);
#4778=VERTEX_POINT('',#16243);
#4779=VERTEX_POINT('',#16245);
#4780=VERTEX_POINT('',#16249);
#4781=VERTEX_POINT('',#16251);
#4782=VERTEX_POINT('',#16255);
#4783=VERTEX_POINT('',#16256);
#4784=VERTEX_POINT('',#16258);
#4785=VERTEX_POINT('',#16260);
#4786=VERTEX_POINT('',#16264);
#4787=VERTEX_POINT('',#16266);
#4788=VERTEX_POINT('',#16269);
#4789=VERTEX_POINT('',#16271);
#4790=VERTEX_POINT('',#16273);
#4791=VERTEX_POINT('',#16275);
#4792=VERTEX_POINT('',#16277);
#4793=VERTEX_POINT('',#16279);
#4794=VERTEX_POINT('',#16281);
#4795=VERTEX_POINT('',#16283);
#4796=VERTEX_POINT('',#16285);
#4797=VERTEX_POINT('',#16287);
#4798=VERTEX_POINT('',#16289);
#4799=VERTEX_POINT('',#16291);
#4800=VERTEX_POINT('',#16293);
#4801=VERTEX_POINT('',#16295);
#4802=VERTEX_POINT('',#16297);
#4803=VERTEX_POINT('',#16299);
#4804=VERTEX_POINT('',#16301);
#4805=VERTEX_POINT('',#16304);
#4806=VERTEX_POINT('',#16305);
#4807=VERTEX_POINT('',#16307);
#4808=VERTEX_POINT('',#16309);
#4809=VERTEX_POINT('',#16312);
#4810=VERTEX_POINT('',#16313);
#4811=VERTEX_POINT('',#16315);
#4812=VERTEX_POINT('',#16317);
#4813=VERTEX_POINT('',#16320);
#4814=VERTEX_POINT('',#16321);
#4815=VERTEX_POINT('',#16323);
#4816=VERTEX_POINT('',#16325);
#4817=VERTEX_POINT('',#16328);
#4818=VERTEX_POINT('',#16329);
#4819=VERTEX_POINT('',#16331);
#4820=VERTEX_POINT('',#16333);
#4821=VERTEX_POINT('',#16336);
#4822=VERTEX_POINT('',#16337);
#4823=VERTEX_POINT('',#16339);
#4824=VERTEX_POINT('',#16341);
#4825=VERTEX_POINT('',#16344);
#4826=VERTEX_POINT('',#16345);
#4827=VERTEX_POINT('',#16347);
#4828=VERTEX_POINT('',#16349);
#4829=VERTEX_POINT('',#16352);
#4830=VERTEX_POINT('',#16353);
#4831=VERTEX_POINT('',#16355);
#4832=VERTEX_POINT('',#16357);
#4833=VERTEX_POINT('',#16360);
#4834=VERTEX_POINT('',#16361);
#4835=VERTEX_POINT('',#16363);
#4836=VERTEX_POINT('',#16365);
#4837=VERTEX_POINT('',#16368);
#4838=VERTEX_POINT('',#16369);
#4839=VERTEX_POINT('',#16371);
#4840=VERTEX_POINT('',#16373);
#4841=VERTEX_POINT('',#16376);
#4842=VERTEX_POINT('',#16377);
#4843=VERTEX_POINT('',#16379);
#4844=VERTEX_POINT('',#16381);
#4845=VERTEX_POINT('',#16384);
#4846=VERTEX_POINT('',#16385);
#4847=VERTEX_POINT('',#16387);
#4848=VERTEX_POINT('',#16389);
#4849=VERTEX_POINT('',#16392);
#4850=VERTEX_POINT('',#16393);
#4851=VERTEX_POINT('',#16395);
#4852=VERTEX_POINT('',#16397);
#4853=VERTEX_POINT('',#16400);
#4854=VERTEX_POINT('',#16401);
#4855=VERTEX_POINT('',#16403);
#4856=VERTEX_POINT('',#16405);
#4857=VERTEX_POINT('',#16408);
#4858=VERTEX_POINT('',#16409);
#4859=VERTEX_POINT('',#16411);
#4860=VERTEX_POINT('',#16413);
#4861=VERTEX_POINT('',#16416);
#4862=VERTEX_POINT('',#16417);
#4863=VERTEX_POINT('',#16419);
#4864=VERTEX_POINT('',#16421);
#4865=VERTEX_POINT('',#16424);
#4866=VERTEX_POINT('',#16425);
#4867=VERTEX_POINT('',#16427);
#4868=VERTEX_POINT('',#16429);
#4869=VERTEX_POINT('',#16432);
#4870=VERTEX_POINT('',#16433);
#4871=VERTEX_POINT('',#16435);
#4872=VERTEX_POINT('',#16437);
#4873=VERTEX_POINT('',#16440);
#4874=VERTEX_POINT('',#16441);
#4875=VERTEX_POINT('',#16443);
#4876=VERTEX_POINT('',#16445);
#4877=VERTEX_POINT('',#16448);
#4878=VERTEX_POINT('',#16449);
#4879=VERTEX_POINT('',#16451);
#4880=VERTEX_POINT('',#16453);
#4881=VERTEX_POINT('',#16456);
#4882=VERTEX_POINT('',#16457);
#4883=VERTEX_POINT('',#16459);
#4884=VERTEX_POINT('',#16461);
#4885=VERTEX_POINT('',#16464);
#4886=VERTEX_POINT('',#16465);
#4887=VERTEX_POINT('',#16467);
#4888=VERTEX_POINT('',#16469);
#4889=VERTEX_POINT('',#16472);
#4890=VERTEX_POINT('',#16473);
#4891=VERTEX_POINT('',#16475);
#4892=VERTEX_POINT('',#16477);
#4893=VERTEX_POINT('',#16480);
#4894=VERTEX_POINT('',#16481);
#4895=VERTEX_POINT('',#16483);
#4896=VERTEX_POINT('',#16485);
#4897=VERTEX_POINT('',#16488);
#4898=VERTEX_POINT('',#16489);
#4899=VERTEX_POINT('',#16491);
#4900=VERTEX_POINT('',#16493);
#4901=VERTEX_POINT('',#16496);
#4902=VERTEX_POINT('',#16497);
#4903=VERTEX_POINT('',#16499);
#4904=VERTEX_POINT('',#16501);
#4905=VERTEX_POINT('',#16504);
#4906=VERTEX_POINT('',#16505);
#4907=VERTEX_POINT('',#16507);
#4908=VERTEX_POINT('',#16509);
#4909=VERTEX_POINT('',#16512);
#4910=VERTEX_POINT('',#16513);
#4911=VERTEX_POINT('',#16515);
#4912=VERTEX_POINT('',#16517);
#4913=VERTEX_POINT('',#16520);
#4914=VERTEX_POINT('',#16521);
#4915=VERTEX_POINT('',#16523);
#4916=VERTEX_POINT('',#16525);
#4917=VERTEX_POINT('',#16528);
#4918=VERTEX_POINT('',#16529);
#4919=VERTEX_POINT('',#16531);
#4920=VERTEX_POINT('',#16533);
#4921=VERTEX_POINT('',#16536);
#4922=VERTEX_POINT('',#16537);
#4923=VERTEX_POINT('',#16539);
#4924=VERTEX_POINT('',#16541);
#4925=VERTEX_POINT('',#16544);
#4926=VERTEX_POINT('',#16545);
#4927=VERTEX_POINT('',#16547);
#4928=VERTEX_POINT('',#16549);
#4929=VERTEX_POINT('',#16552);
#4930=VERTEX_POINT('',#16553);
#4931=VERTEX_POINT('',#16555);
#4932=VERTEX_POINT('',#16557);
#4933=VERTEX_POINT('',#16560);
#4934=VERTEX_POINT('',#16561);
#4935=VERTEX_POINT('',#16563);
#4936=VERTEX_POINT('',#16565);
#4937=VERTEX_POINT('',#16568);
#4938=VERTEX_POINT('',#16569);
#4939=VERTEX_POINT('',#16571);
#4940=VERTEX_POINT('',#16573);
#4941=VERTEX_POINT('',#16576);
#4942=VERTEX_POINT('',#16577);
#4943=VERTEX_POINT('',#16579);
#4944=VERTEX_POINT('',#16581);
#4945=VERTEX_POINT('',#16584);
#4946=VERTEX_POINT('',#16585);
#4947=VERTEX_POINT('',#16587);
#4948=VERTEX_POINT('',#16589);
#4949=VERTEX_POINT('',#16592);
#4950=VERTEX_POINT('',#16593);
#4951=VERTEX_POINT('',#16595);
#4952=VERTEX_POINT('',#16597);
#4953=VERTEX_POINT('',#16600);
#4954=VERTEX_POINT('',#16601);
#4955=VERTEX_POINT('',#16603);
#4956=VERTEX_POINT('',#16605);
#4957=VERTEX_POINT('',#16608);
#4958=VERTEX_POINT('',#16609);
#4959=VERTEX_POINT('',#16611);
#4960=VERTEX_POINT('',#16613);
#4961=VERTEX_POINT('',#16616);
#4962=VERTEX_POINT('',#16617);
#4963=VERTEX_POINT('',#16619);
#4964=VERTEX_POINT('',#16621);
#4965=VERTEX_POINT('',#16624);
#4966=VERTEX_POINT('',#16625);
#4967=VERTEX_POINT('',#16627);
#4968=VERTEX_POINT('',#16629);
#4969=VERTEX_POINT('',#16633);
#4970=VERTEX_POINT('',#16637);
#4971=VERTEX_POINT('',#16641);
#4972=VERTEX_POINT('',#16643);
#4973=VERTEX_POINT('',#16647);
#4974=VERTEX_POINT('',#16651);
#4975=VERTEX_POINT('',#16655);
#4976=VERTEX_POINT('',#16657);
#4977=VERTEX_POINT('',#16661);
#4978=VERTEX_POINT('',#16665);
#4979=VERTEX_POINT('',#16669);
#4980=VERTEX_POINT('',#16673);
#4981=VERTEX_POINT('',#16677);
#4982=VERTEX_POINT('',#16678);
#4983=VERTEX_POINT('',#16680);
#4984=VERTEX_POINT('',#16682);
#4985=VERTEX_POINT('',#16686);
#4986=VERTEX_POINT('',#16687);
#4987=VERTEX_POINT('',#16692);
#4988=VERTEX_POINT('',#16693);
#4989=VERTEX_POINT('',#16698);
#4990=VERTEX_POINT('',#16699);
#4991=VERTEX_POINT('',#16704);
#4992=VERTEX_POINT('',#16705);
#4993=VERTEX_POINT('',#16710);
#4994=VERTEX_POINT('',#16711);
#4995=VERTEX_POINT('',#16716);
#4996=VERTEX_POINT('',#16717);
#4997=VERTEX_POINT('',#16725);
#4998=VERTEX_POINT('',#16727);
#4999=VERTEX_POINT('',#16731);
#5000=VERTEX_POINT('',#16735);
#5001=VERTEX_POINT('',#16739);
#5002=VERTEX_POINT('',#16743);
#5003=VERTEX_POINT('',#16744);
#5004=VERTEX_POINT('',#16746);
#5005=VERTEX_POINT('',#16748);
#5006=VERTEX_POINT('',#16750);
#5007=VERTEX_POINT('',#16752);
#5008=VERTEX_POINT('',#16754);
#5009=VERTEX_POINT('',#16756);
#5010=VERTEX_POINT('',#16759);
#5011=VERTEX_POINT('',#16760);
#5012=VERTEX_POINT('',#16762);
#5013=VERTEX_POINT('',#16764);
#5014=VERTEX_POINT('',#16766);
#5015=VERTEX_POINT('',#16768);
#5016=VERTEX_POINT('',#16770);
#5017=VERTEX_POINT('',#16772);
#5018=VERTEX_POINT('',#16775);
#5019=VERTEX_POINT('',#16777);
#5020=VERTEX_POINT('',#16780);
#5021=VERTEX_POINT('',#16783);
#5022=VERTEX_POINT('',#16785);
#5023=VERTEX_POINT('',#16788);
#5024=VERTEX_POINT('',#16790);
#5025=VERTEX_POINT('',#16793);
#5026=VERTEX_POINT('',#16794);
#5027=VERTEX_POINT('',#16796);
#5028=VERTEX_POINT('',#16798);
#5029=VERTEX_POINT('',#16800);
#5030=VERTEX_POINT('',#16802);
#5031=VERTEX_POINT('',#16804);
#5032=VERTEX_POINT('',#16806);
#5033=VERTEX_POINT('',#16809);
#5034=VERTEX_POINT('',#16810);
#5035=VERTEX_POINT('',#16812);
#5036=VERTEX_POINT('',#16814);
#5037=VERTEX_POINT('',#16816);
#5038=VERTEX_POINT('',#16818);
#5039=VERTEX_POINT('',#16820);
#5040=VERTEX_POINT('',#16822);
#5041=VERTEX_POINT('',#16826);
#5042=VERTEX_POINT('',#16828);
#5043=VERTEX_POINT('',#16832);
#5044=VERTEX_POINT('',#16833);
#5045=VERTEX_POINT('',#16838);
#5046=VERTEX_POINT('',#16839);
#5047=VERTEX_POINT('',#16844);
#5048=VERTEX_POINT('',#16845);
#5049=VERTEX_POINT('',#16850);
#5050=VERTEX_POINT('',#16855);
#5051=VERTEX_POINT('',#16859);
#5052=VERTEX_POINT('',#16871);
#5053=VERTEX_POINT('',#16872);
#5054=VERTEX_POINT('',#16874);
#5055=VERTEX_POINT('',#16876);
#5056=VERTEX_POINT('',#16879);
#5057=VERTEX_POINT('',#16880);
#5058=VERTEX_POINT('',#16882);
#5059=VERTEX_POINT('',#16884);
#5060=VERTEX_POINT('',#16887);
#5061=VERTEX_POINT('',#16888);
#5062=VERTEX_POINT('',#16890);
#5063=VERTEX_POINT('',#16892);
#5064=VERTEX_POINT('',#16895);
#5065=VERTEX_POINT('',#16896);
#5066=VERTEX_POINT('',#16898);
#5067=VERTEX_POINT('',#16900);
#5068=VERTEX_POINT('',#16903);
#5069=VERTEX_POINT('',#16904);
#5070=VERTEX_POINT('',#16906);
#5071=VERTEX_POINT('',#16908);
#5072=VERTEX_POINT('',#16911);
#5073=VERTEX_POINT('',#16912);
#5074=VERTEX_POINT('',#16914);
#5075=VERTEX_POINT('',#16916);
#5076=VERTEX_POINT('',#16919);
#5077=VERTEX_POINT('',#16920);
#5078=VERTEX_POINT('',#16922);
#5079=VERTEX_POINT('',#16924);
#5080=VERTEX_POINT('',#16927);
#5081=VERTEX_POINT('',#16928);
#5082=VERTEX_POINT('',#16930);
#5083=VERTEX_POINT('',#16932);
#5084=VERTEX_POINT('',#16935);
#5085=VERTEX_POINT('',#16936);
#5086=VERTEX_POINT('',#16938);
#5087=VERTEX_POINT('',#16940);
#5088=VERTEX_POINT('',#16943);
#5089=VERTEX_POINT('',#16944);
#5090=VERTEX_POINT('',#16946);
#5091=VERTEX_POINT('',#16948);
#5092=VERTEX_POINT('',#16951);
#5093=VERTEX_POINT('',#16952);
#5094=VERTEX_POINT('',#16954);
#5095=VERTEX_POINT('',#16956);
#5096=VERTEX_POINT('',#16959);
#5097=VERTEX_POINT('',#16960);
#5098=VERTEX_POINT('',#16962);
#5099=VERTEX_POINT('',#16964);
#5100=VERTEX_POINT('',#16967);
#5101=VERTEX_POINT('',#16968);
#5102=VERTEX_POINT('',#16970);
#5103=VERTEX_POINT('',#16972);
#5104=VERTEX_POINT('',#16975);
#5105=VERTEX_POINT('',#16976);
#5106=VERTEX_POINT('',#16978);
#5107=VERTEX_POINT('',#16980);
#5108=VERTEX_POINT('',#16983);
#5109=VERTEX_POINT('',#16984);
#5110=VERTEX_POINT('',#16986);
#5111=VERTEX_POINT('',#16988);
#5112=VERTEX_POINT('',#16991);
#5113=VERTEX_POINT('',#16992);
#5114=VERTEX_POINT('',#16994);
#5115=VERTEX_POINT('',#16996);
#5116=VERTEX_POINT('',#16999);
#5117=VERTEX_POINT('',#17000);
#5118=VERTEX_POINT('',#17002);
#5119=VERTEX_POINT('',#17004);
#5120=VERTEX_POINT('',#17007);
#5121=VERTEX_POINT('',#17008);
#5122=VERTEX_POINT('',#17010);
#5123=VERTEX_POINT('',#17012);
#5124=VERTEX_POINT('',#17015);
#5125=VERTEX_POINT('',#17016);
#5126=VERTEX_POINT('',#17018);
#5127=VERTEX_POINT('',#17020);
#5128=VERTEX_POINT('',#17023);
#5129=VERTEX_POINT('',#17024);
#5130=VERTEX_POINT('',#17026);
#5131=VERTEX_POINT('',#17028);
#5132=VERTEX_POINT('',#17031);
#5133=VERTEX_POINT('',#17032);
#5134=VERTEX_POINT('',#17034);
#5135=VERTEX_POINT('',#17036);
#5136=VERTEX_POINT('',#17039);
#5137=VERTEX_POINT('',#17040);
#5138=VERTEX_POINT('',#17042);
#5139=VERTEX_POINT('',#17044);
#5140=VERTEX_POINT('',#17047);
#5141=VERTEX_POINT('',#17048);
#5142=VERTEX_POINT('',#17050);
#5143=VERTEX_POINT('',#17052);
#5144=VERTEX_POINT('',#17055);
#5145=VERTEX_POINT('',#17056);
#5146=VERTEX_POINT('',#17058);
#5147=VERTEX_POINT('',#17060);
#5148=VERTEX_POINT('',#17063);
#5149=VERTEX_POINT('',#17064);
#5150=VERTEX_POINT('',#17066);
#5151=VERTEX_POINT('',#17068);
#5152=VERTEX_POINT('',#17071);
#5153=VERTEX_POINT('',#17072);
#5154=VERTEX_POINT('',#17074);
#5155=VERTEX_POINT('',#17076);
#5156=VERTEX_POINT('',#17079);
#5157=VERTEX_POINT('',#17080);
#5158=VERTEX_POINT('',#17082);
#5159=VERTEX_POINT('',#17084);
#5160=VERTEX_POINT('',#17087);
#5161=VERTEX_POINT('',#17088);
#5162=VERTEX_POINT('',#17090);
#5163=VERTEX_POINT('',#17092);
#5164=VERTEX_POINT('',#17095);
#5165=VERTEX_POINT('',#17096);
#5166=VERTEX_POINT('',#17098);
#5167=VERTEX_POINT('',#17100);
#5168=VERTEX_POINT('',#17103);
#5169=VERTEX_POINT('',#17104);
#5170=VERTEX_POINT('',#17106);
#5171=VERTEX_POINT('',#17108);
#5172=VERTEX_POINT('',#17111);
#5173=VERTEX_POINT('',#17112);
#5174=VERTEX_POINT('',#17114);
#5175=VERTEX_POINT('',#17116);
#5176=VERTEX_POINT('',#17119);
#5177=VERTEX_POINT('',#17120);
#5178=VERTEX_POINT('',#17122);
#5179=VERTEX_POINT('',#17124);
#5180=VERTEX_POINT('',#17127);
#5181=VERTEX_POINT('',#17128);
#5182=VERTEX_POINT('',#17130);
#5183=VERTEX_POINT('',#17132);
#5184=VERTEX_POINT('',#17135);
#5185=VERTEX_POINT('',#17136);
#5186=VERTEX_POINT('',#17138);
#5187=VERTEX_POINT('',#17140);
#5188=VERTEX_POINT('',#17143);
#5189=VERTEX_POINT('',#17144);
#5190=VERTEX_POINT('',#17146);
#5191=VERTEX_POINT('',#17148);
#5192=VERTEX_POINT('',#17151);
#5193=VERTEX_POINT('',#17152);
#5194=VERTEX_POINT('',#17154);
#5195=VERTEX_POINT('',#17156);
#5196=VERTEX_POINT('',#17159);
#5197=VERTEX_POINT('',#17160);
#5198=VERTEX_POINT('',#17162);
#5199=VERTEX_POINT('',#17164);
#5200=VERTEX_POINT('',#17167);
#5201=VERTEX_POINT('',#17168);
#5202=VERTEX_POINT('',#17170);
#5203=VERTEX_POINT('',#17172);
#5204=VERTEX_POINT('',#17175);
#5205=VERTEX_POINT('',#17176);
#5206=VERTEX_POINT('',#17178);
#5207=VERTEX_POINT('',#17180);
#5208=VERTEX_POINT('',#17183);
#5209=VERTEX_POINT('',#17184);
#5210=VERTEX_POINT('',#17186);
#5211=VERTEX_POINT('',#17188);
#5212=VERTEX_POINT('',#17191);
#5213=VERTEX_POINT('',#17192);
#5214=VERTEX_POINT('',#17194);
#5215=VERTEX_POINT('',#17196);
#5216=VERTEX_POINT('',#17200);
#5217=VERTEX_POINT('',#17203);
#5218=VERTEX_POINT('',#17206);
#5219=VERTEX_POINT('',#17209);
#5220=VERTEX_POINT('',#17212);
#5221=VERTEX_POINT('',#17214);
#5222=VERTEX_POINT('',#17218);
#5223=VERTEX_POINT('',#17220);
#5224=VERTEX_POINT('',#17224);
#5225=VERTEX_POINT('',#17226);
#5226=VERTEX_POINT('',#17230);
#5227=VERTEX_POINT('',#17232);
#5228=VERTEX_POINT('',#17236);
#5229=VERTEX_POINT('',#17238);
#5230=VERTEX_POINT('',#17242);
#5231=VERTEX_POINT('',#17244);
#5232=VERTEX_POINT('',#17248);
#5233=VERTEX_POINT('',#17250);
#5234=VERTEX_POINT('',#17254);
#5235=VERTEX_POINT('',#17256);
#5236=VERTEX_POINT('',#17276);
#5237=VERTEX_POINT('',#17278);
#5238=VERTEX_POINT('',#17280);
#5239=VERTEX_POINT('',#17291);
#5240=VERTEX_POINT('',#17295);
#5241=VERTEX_POINT('',#17297);
#5242=VERTEX_POINT('',#17308);
#5243=VERTEX_POINT('',#17310);
#5244=VERTEX_POINT('',#17312);
#5245=VERTEX_POINT('',#17323);
#5246=VERTEX_POINT('',#17327);
#5247=VERTEX_POINT('',#17329);
#5248=VERTEX_POINT('',#17340);
#5249=VERTEX_POINT('',#17342);
#5250=VERTEX_POINT('',#17344);
#5251=VERTEX_POINT('',#17353);
#5252=VERTEX_POINT('',#17355);
#5253=VERTEX_POINT('',#17364);
#5254=VERTEX_POINT('',#17366);
#5255=VERTEX_POINT('',#17379);
#5256=VERTEX_POINT('',#17381);
#5257=VERTEX_POINT('',#17392);
#5258=VERTEX_POINT('',#17397);
#5259=VERTEX_POINT('',#17404);
#5260=VERTEX_POINT('',#17409);
#5261=VERTEX_POINT('',#17424);
#5262=VERTEX_POINT('',#17426);
#5263=VERTEX_POINT('',#17430);
#5264=VERTEX_POINT('',#17432);
#5265=VERTEX_POINT('',#17436);
#5266=VERTEX_POINT('',#17438);
#5267=VERTEX_POINT('',#17442);
#5268=VERTEX_POINT('',#17444);
#5269=VERTEX_POINT('',#17448);
#5270=VERTEX_POINT('',#17450);
#5271=VERTEX_POINT('',#17454);
#5272=VERTEX_POINT('',#17456);
#5273=VERTEX_POINT('',#17460);
#5274=VERTEX_POINT('',#17462);
#5275=VERTEX_POINT('',#17466);
#5276=VERTEX_POINT('',#17468);
#5277=VERTEX_POINT('',#17488);
#5278=VERTEX_POINT('',#17490);
#5279=VERTEX_POINT('',#17492);
#5280=VERTEX_POINT('',#17503);
#5281=VERTEX_POINT('',#17507);
#5282=VERTEX_POINT('',#17509);
#5283=VERTEX_POINT('',#17520);
#5284=VERTEX_POINT('',#17522);
#5285=VERTEX_POINT('',#17524);
#5286=VERTEX_POINT('',#17535);
#5287=VERTEX_POINT('',#17539);
#5288=VERTEX_POINT('',#17541);
#5289=VERTEX_POINT('',#17552);
#5290=VERTEX_POINT('',#17554);
#5291=VERTEX_POINT('',#17556);
#5292=VERTEX_POINT('',#17565);
#5293=VERTEX_POINT('',#17567);
#5294=VERTEX_POINT('',#17576);
#5295=VERTEX_POINT('',#17578);
#5296=VERTEX_POINT('',#17591);
#5297=VERTEX_POINT('',#17593);
#5298=VERTEX_POINT('',#17604);
#5299=VERTEX_POINT('',#17609);
#5300=VERTEX_POINT('',#17616);
#5301=VERTEX_POINT('',#17621);
#5302=VERTEX_POINT('',#17636);
#5303=VERTEX_POINT('',#17638);
#5304=VERTEX_POINT('',#17642);
#5305=VERTEX_POINT('',#17644);
#5306=VERTEX_POINT('',#17648);
#5307=VERTEX_POINT('',#17650);
#5308=VERTEX_POINT('',#17654);
#5309=VERTEX_POINT('',#17656);
#5310=VERTEX_POINT('',#17660);
#5311=VERTEX_POINT('',#17662);
#5312=VERTEX_POINT('',#17666);
#5313=VERTEX_POINT('',#17668);
#5314=VERTEX_POINT('',#17672);
#5315=VERTEX_POINT('',#17674);
#5316=VERTEX_POINT('',#17678);
#5317=VERTEX_POINT('',#17680);
#5318=VERTEX_POINT('',#17700);
#5319=VERTEX_POINT('',#17702);
#5320=VERTEX_POINT('',#17704);
#5321=VERTEX_POINT('',#17715);
#5322=VERTEX_POINT('',#17719);
#5323=VERTEX_POINT('',#17721);
#5324=VERTEX_POINT('',#17732);
#5325=VERTEX_POINT('',#17734);
#5326=VERTEX_POINT('',#17736);
#5327=VERTEX_POINT('',#17747);
#5328=VERTEX_POINT('',#17751);
#5329=VERTEX_POINT('',#17753);
#5330=VERTEX_POINT('',#17764);
#5331=VERTEX_POINT('',#17766);
#5332=VERTEX_POINT('',#17768);
#5333=VERTEX_POINT('',#17777);
#5334=VERTEX_POINT('',#17779);
#5335=VERTEX_POINT('',#17788);
#5336=VERTEX_POINT('',#17790);
#5337=VERTEX_POINT('',#17803);
#5338=VERTEX_POINT('',#17805);
#5339=VERTEX_POINT('',#17816);
#5340=VERTEX_POINT('',#17821);
#5341=VERTEX_POINT('',#17828);
#5342=VERTEX_POINT('',#17833);
#5343=VERTEX_POINT('',#17848);
#5344=VERTEX_POINT('',#17850);
#5345=VERTEX_POINT('',#17854);
#5346=VERTEX_POINT('',#17856);
#5347=VERTEX_POINT('',#17860);
#5348=VERTEX_POINT('',#17862);
#5349=VERTEX_POINT('',#17866);
#5350=VERTEX_POINT('',#17868);
#5351=VERTEX_POINT('',#17872);
#5352=VERTEX_POINT('',#17874);
#5353=VERTEX_POINT('',#17878);
#5354=VERTEX_POINT('',#17880);
#5355=VERTEX_POINT('',#17884);
#5356=VERTEX_POINT('',#17886);
#5357=VERTEX_POINT('',#17890);
#5358=VERTEX_POINT('',#17892);
#5359=VERTEX_POINT('',#17912);
#5360=VERTEX_POINT('',#17914);
#5361=VERTEX_POINT('',#17916);
#5362=VERTEX_POINT('',#17927);
#5363=VERTEX_POINT('',#17931);
#5364=VERTEX_POINT('',#17933);
#5365=VERTEX_POINT('',#17944);
#5366=VERTEX_POINT('',#17948);
#5367=VERTEX_POINT('',#17950);
#5368=VERTEX_POINT('',#17961);
#5369=VERTEX_POINT('',#17965);
#5370=VERTEX_POINT('',#17967);
#5371=VERTEX_POINT('',#17978);
#5372=VERTEX_POINT('',#17982);
#5373=VERTEX_POINT('',#17984);
#5374=VERTEX_POINT('',#17986);
#5375=VERTEX_POINT('',#17995);
#5376=VERTEX_POINT('',#17997);
#5377=VERTEX_POINT('',#18006);
#5378=VERTEX_POINT('',#18008);
#5379=VERTEX_POINT('',#18020);
#5380=VERTEX_POINT('',#18031);
#5381=VERTEX_POINT('',#18035);
#5382=VERTEX_POINT('',#18044);
#5383=VERTEX_POINT('',#18048);
#5384=VERTEX_POINT('',#18079);
#5385=VERTEX_POINT('',#18081);
#5386=VERTEX_POINT('',#18085);
#5387=VERTEX_POINT('',#18089);
#5388=VERTEX_POINT('',#18095);
#5389=VERTEX_POINT('',#18097);
#5390=VERTEX_POINT('',#18101);
#5391=VERTEX_POINT('',#18106);
#5392=VERTEX_POINT('',#18119);
#5393=VERTEX_POINT('',#18121);
#5394=VERTEX_POINT('',#18125);
#5395=VERTEX_POINT('',#18129);
#5396=VERTEX_POINT('',#18135);
#5397=VERTEX_POINT('',#18137);
#5398=VERTEX_POINT('',#18141);
#5399=VERTEX_POINT('',#18150);
#5400=VERTEX_POINT('',#18159);
#5401=VERTEX_POINT('',#18161);
#5402=VERTEX_POINT('',#18165);
#5403=VERTEX_POINT('',#18169);
#5404=VERTEX_POINT('',#18175);
#5405=VERTEX_POINT('',#18177);
#5406=VERTEX_POINT('',#18181);
#5407=VERTEX_POINT('',#18190);
#5408=VERTEX_POINT('',#18199);
#5409=VERTEX_POINT('',#18201);
#5410=VERTEX_POINT('',#18205);
#5411=VERTEX_POINT('',#18209);
#5412=VERTEX_POINT('',#18215);
#5413=VERTEX_POINT('',#18217);
#5414=VERTEX_POINT('',#18221);
#5415=VERTEX_POINT('',#18230);
#5416=VERTEX_POINT('',#18239);
#5417=VERTEX_POINT('',#18241);
#5418=VERTEX_POINT('',#18245);
#5419=VERTEX_POINT('',#18249);
#5420=VERTEX_POINT('',#18255);
#5421=VERTEX_POINT('',#18257);
#5422=VERTEX_POINT('',#18261);
#5423=VERTEX_POINT('',#18270);
#5424=VERTEX_POINT('',#18279);
#5425=VERTEX_POINT('',#18281);
#5426=VERTEX_POINT('',#18285);
#5427=VERTEX_POINT('',#18289);
#5428=VERTEX_POINT('',#18295);
#5429=VERTEX_POINT('',#18297);
#5430=VERTEX_POINT('',#18301);
#5431=VERTEX_POINT('',#18310);
#5432=VERTEX_POINT('',#18319);
#5433=VERTEX_POINT('',#18321);
#5434=VERTEX_POINT('',#18325);
#5435=VERTEX_POINT('',#18329);
#5436=VERTEX_POINT('',#18335);
#5437=VERTEX_POINT('',#18337);
#5438=VERTEX_POINT('',#18341);
#5439=VERTEX_POINT('',#18350);
#5440=VERTEX_POINT('',#18359);
#5441=VERTEX_POINT('',#18361);
#5442=VERTEX_POINT('',#18365);
#5443=VERTEX_POINT('',#18369);
#5444=VERTEX_POINT('',#18375);
#5445=VERTEX_POINT('',#18377);
#5446=VERTEX_POINT('',#18381);
#5447=VERTEX_POINT('',#18390);
#5448=VERTEX_POINT('',#18399);
#5449=VERTEX_POINT('',#18401);
#5450=VERTEX_POINT('',#18405);
#5451=VERTEX_POINT('',#18409);
#5452=VERTEX_POINT('',#18415);
#5453=VERTEX_POINT('',#18417);
#5454=VERTEX_POINT('',#18421);
#5455=VERTEX_POINT('',#18430);
#5456=VERTEX_POINT('',#18439);
#5457=VERTEX_POINT('',#18441);
#5458=VERTEX_POINT('',#18445);
#5459=VERTEX_POINT('',#18449);
#5460=VERTEX_POINT('',#18455);
#5461=VERTEX_POINT('',#18457);
#5462=VERTEX_POINT('',#18461);
#5463=VERTEX_POINT('',#18470);
#5464=VERTEX_POINT('',#18479);
#5465=VERTEX_POINT('',#18481);
#5466=VERTEX_POINT('',#18485);
#5467=VERTEX_POINT('',#18489);
#5468=VERTEX_POINT('',#18495);
#5469=VERTEX_POINT('',#18497);
#5470=VERTEX_POINT('',#18501);
#5471=VERTEX_POINT('',#18510);
#5472=VERTEX_POINT('',#18519);
#5473=VERTEX_POINT('',#18521);
#5474=VERTEX_POINT('',#18525);
#5475=VERTEX_POINT('',#18529);
#5476=VERTEX_POINT('',#18535);
#5477=VERTEX_POINT('',#18537);
#5478=VERTEX_POINT('',#18541);
#5479=VERTEX_POINT('',#18550);
#5480=VERTEX_POINT('',#18559);
#5481=VERTEX_POINT('',#18561);
#5482=VERTEX_POINT('',#18565);
#5483=VERTEX_POINT('',#18569);
#5484=VERTEX_POINT('',#18575);
#5485=VERTEX_POINT('',#18577);
#5486=VERTEX_POINT('',#18581);
#5487=VERTEX_POINT('',#18590);
#5488=VERTEX_POINT('',#18599);
#5489=VERTEX_POINT('',#18601);
#5490=VERTEX_POINT('',#18605);
#5491=VERTEX_POINT('',#18609);
#5492=VERTEX_POINT('',#18615);
#5493=VERTEX_POINT('',#18617);
#5494=VERTEX_POINT('',#18621);
#5495=VERTEX_POINT('',#18630);
#5496=VERTEX_POINT('',#18639);
#5497=VERTEX_POINT('',#18641);
#5498=VERTEX_POINT('',#18645);
#5499=VERTEX_POINT('',#18649);
#5500=VERTEX_POINT('',#18655);
#5501=VERTEX_POINT('',#18657);
#5502=VERTEX_POINT('',#18661);
#5503=VERTEX_POINT('',#18670);
#5504=VERTEX_POINT('',#18679);
#5505=VERTEX_POINT('',#18681);
#5506=VERTEX_POINT('',#18685);
#5507=VERTEX_POINT('',#18689);
#5508=VERTEX_POINT('',#18695);
#5509=VERTEX_POINT('',#18697);
#5510=VERTEX_POINT('',#18701);
#5511=VERTEX_POINT('',#18710);
#5512=VERTEX_POINT('',#18719);
#5513=VERTEX_POINT('',#18721);
#5514=VERTEX_POINT('',#18725);
#5515=VERTEX_POINT('',#18729);
#5516=VERTEX_POINT('',#18735);
#5517=VERTEX_POINT('',#18737);
#5518=VERTEX_POINT('',#18741);
#5519=VERTEX_POINT('',#18750);
#5520=VERTEX_POINT('',#18759);
#5521=VERTEX_POINT('',#18761);
#5522=VERTEX_POINT('',#18765);
#5523=VERTEX_POINT('',#18769);
#5524=VERTEX_POINT('',#18775);
#5525=VERTEX_POINT('',#18777);
#5526=VERTEX_POINT('',#18781);
#5527=VERTEX_POINT('',#18790);
#5528=VERTEX_POINT('',#18799);
#5529=VERTEX_POINT('',#18801);
#5530=VERTEX_POINT('',#18805);
#5531=VERTEX_POINT('',#18809);
#5532=VERTEX_POINT('',#18815);
#5533=VERTEX_POINT('',#18817);
#5534=VERTEX_POINT('',#18821);
#5535=VERTEX_POINT('',#18830);
#5536=VERTEX_POINT('',#18839);
#5537=VERTEX_POINT('',#18841);
#5538=VERTEX_POINT('',#18845);
#5539=VERTEX_POINT('',#18849);
#5540=VERTEX_POINT('',#18855);
#5541=VERTEX_POINT('',#18857);
#5542=VERTEX_POINT('',#18861);
#5543=VERTEX_POINT('',#18870);
#5544=VERTEX_POINT('',#18879);
#5545=VERTEX_POINT('',#18881);
#5546=VERTEX_POINT('',#18885);
#5547=VERTEX_POINT('',#18889);
#5548=VERTEX_POINT('',#18895);
#5549=VERTEX_POINT('',#18897);
#5550=VERTEX_POINT('',#18901);
#5551=VERTEX_POINT('',#18910);
#5552=VERTEX_POINT('',#18919);
#5553=VERTEX_POINT('',#18921);
#5554=VERTEX_POINT('',#18925);
#5555=VERTEX_POINT('',#18929);
#5556=VERTEX_POINT('',#18935);
#5557=VERTEX_POINT('',#18937);
#5558=VERTEX_POINT('',#18941);
#5559=VERTEX_POINT('',#18950);
#5560=VERTEX_POINT('',#18959);
#5561=VERTEX_POINT('',#18961);
#5562=VERTEX_POINT('',#18965);
#5563=VERTEX_POINT('',#18969);
#5564=VERTEX_POINT('',#18975);
#5565=VERTEX_POINT('',#18977);
#5566=VERTEX_POINT('',#18981);
#5567=VERTEX_POINT('',#18990);
#5568=VERTEX_POINT('',#18999);
#5569=VERTEX_POINT('',#19001);
#5570=VERTEX_POINT('',#19005);
#5571=VERTEX_POINT('',#19009);
#5572=VERTEX_POINT('',#19015);
#5573=VERTEX_POINT('',#19017);
#5574=VERTEX_POINT('',#19021);
#5575=VERTEX_POINT('',#19030);
#5576=VERTEX_POINT('',#19039);
#5577=VERTEX_POINT('',#19041);
#5578=VERTEX_POINT('',#19045);
#5579=VERTEX_POINT('',#19049);
#5580=VERTEX_POINT('',#19055);
#5581=VERTEX_POINT('',#19057);
#5582=VERTEX_POINT('',#19061);
#5583=VERTEX_POINT('',#19070);
#5584=VERTEX_POINT('',#19079);
#5585=VERTEX_POINT('',#19081);
#5586=VERTEX_POINT('',#19085);
#5587=VERTEX_POINT('',#19089);
#5588=VERTEX_POINT('',#19095);
#5589=VERTEX_POINT('',#19097);
#5590=VERTEX_POINT('',#19101);
#5591=VERTEX_POINT('',#19110);
#5592=VERTEX_POINT('',#19119);
#5593=VERTEX_POINT('',#19121);
#5594=VERTEX_POINT('',#19125);
#5595=VERTEX_POINT('',#19129);
#5596=VERTEX_POINT('',#19135);
#5597=VERTEX_POINT('',#19137);
#5598=VERTEX_POINT('',#19141);
#5599=VERTEX_POINT('',#19146);
#5600=VERTEX_POINT('',#19159);
#5601=VERTEX_POINT('',#19161);
#5602=VERTEX_POINT('',#19165);
#5603=VERTEX_POINT('',#19169);
#5604=VERTEX_POINT('',#19175);
#5605=VERTEX_POINT('',#19177);
#5606=VERTEX_POINT('',#19181);
#5607=VERTEX_POINT('',#19186);
#5608=VERTEX_POINT('',#19199);
#5609=VERTEX_POINT('',#19201);
#5610=VERTEX_POINT('',#19205);
#5611=VERTEX_POINT('',#19209);
#5612=VERTEX_POINT('',#19215);
#5613=VERTEX_POINT('',#19217);
#5614=VERTEX_POINT('',#19221);
#5615=VERTEX_POINT('',#19226);
#5616=VERTEX_POINT('',#19239);
#5617=VERTEX_POINT('',#19241);
#5618=VERTEX_POINT('',#19245);
#5619=VERTEX_POINT('',#19249);
#5620=VERTEX_POINT('',#19255);
#5621=VERTEX_POINT('',#19257);
#5622=VERTEX_POINT('',#19261);
#5623=VERTEX_POINT('',#19266);
#5624=VERTEX_POINT('',#19279);
#5625=VERTEX_POINT('',#19281);
#5626=VERTEX_POINT('',#19285);
#5627=VERTEX_POINT('',#19289);
#5628=VERTEX_POINT('',#19295);
#5629=VERTEX_POINT('',#19297);
#5630=VERTEX_POINT('',#19301);
#5631=VERTEX_POINT('',#19306);
#5632=VERTEX_POINT('',#19319);
#5633=VERTEX_POINT('',#19321);
#5634=VERTEX_POINT('',#19325);
#5635=VERTEX_POINT('',#19329);
#5636=VERTEX_POINT('',#19335);
#5637=VERTEX_POINT('',#19337);
#5638=VERTEX_POINT('',#19341);
#5639=VERTEX_POINT('',#19346);
#5640=VERTEX_POINT('',#19359);
#5641=VERTEX_POINT('',#19361);
#5642=VERTEX_POINT('',#19365);
#5643=VERTEX_POINT('',#19369);
#5644=VERTEX_POINT('',#19375);
#5645=VERTEX_POINT('',#19377);
#5646=VERTEX_POINT('',#19381);
#5647=VERTEX_POINT('',#19386);
#5648=VERTEX_POINT('',#19399);
#5649=VERTEX_POINT('',#19401);
#5650=VERTEX_POINT('',#19405);
#5651=VERTEX_POINT('',#19409);
#5652=VERTEX_POINT('',#19415);
#5653=VERTEX_POINT('',#19417);
#5654=VERTEX_POINT('',#19421);
#5655=VERTEX_POINT('',#19426);
#5656=VERTEX_POINT('',#19439);
#5657=VERTEX_POINT('',#19441);
#5658=VERTEX_POINT('',#19445);
#5659=VERTEX_POINT('',#19449);
#5660=VERTEX_POINT('',#19455);
#5661=VERTEX_POINT('',#19457);
#5662=VERTEX_POINT('',#19461);
#5663=VERTEX_POINT('',#19466);
#5664=VERTEX_POINT('',#19479);
#5665=VERTEX_POINT('',#19481);
#5666=VERTEX_POINT('',#19485);
#5667=VERTEX_POINT('',#19489);
#5668=VERTEX_POINT('',#19495);
#5669=VERTEX_POINT('',#19497);
#5670=VERTEX_POINT('',#19501);
#5671=VERTEX_POINT('',#19506);
#5672=VERTEX_POINT('',#19519);
#5673=VERTEX_POINT('',#19521);
#5674=VERTEX_POINT('',#19525);
#5675=VERTEX_POINT('',#19529);
#5676=VERTEX_POINT('',#19535);
#5677=VERTEX_POINT('',#19537);
#5678=VERTEX_POINT('',#19541);
#5679=VERTEX_POINT('',#19546);
#5680=VERTEX_POINT('',#19559);
#5681=VERTEX_POINT('',#19561);
#5682=VERTEX_POINT('',#19565);
#5683=VERTEX_POINT('',#19569);
#5684=VERTEX_POINT('',#19575);
#5685=VERTEX_POINT('',#19577);
#5686=VERTEX_POINT('',#19581);
#5687=VERTEX_POINT('',#19586);
#5688=VERTEX_POINT('',#19599);
#5689=VERTEX_POINT('',#19601);
#5690=VERTEX_POINT('',#19605);
#5691=VERTEX_POINT('',#19609);
#5692=VERTEX_POINT('',#19615);
#5693=VERTEX_POINT('',#19617);
#5694=VERTEX_POINT('',#19621);
#5695=VERTEX_POINT('',#19626);
#5696=VERTEX_POINT('',#19639);
#5697=VERTEX_POINT('',#19641);
#5698=VERTEX_POINT('',#19645);
#5699=VERTEX_POINT('',#19649);
#5700=VERTEX_POINT('',#19655);
#5701=VERTEX_POINT('',#19657);
#5702=VERTEX_POINT('',#19661);
#5703=VERTEX_POINT('',#19666);
#5704=VERTEX_POINT('',#19679);
#5705=VERTEX_POINT('',#19681);
#5706=VERTEX_POINT('',#19685);
#5707=VERTEX_POINT('',#19689);
#5708=VERTEX_POINT('',#19695);
#5709=VERTEX_POINT('',#19697);
#5710=VERTEX_POINT('',#19701);
#5711=VERTEX_POINT('',#19706);
#5712=EDGE_CURVE('',#4776,#4777,#4760,.T.);
#5713=EDGE_CURVE('',#4776,#4778,#2680,.T.);
#5714=EDGE_CURVE('',#4778,#4779,#4761,.T.);
#5715=EDGE_CURVE('',#4779,#4777,#2681,.T.);
#5716=EDGE_CURVE('',#4780,#4776,#2682,.T.);
#5717=EDGE_CURVE('',#4781,#4780,#2683,.T.);
#5718=EDGE_CURVE('',#4781,#4778,#2684,.T.);
#5719=EDGE_CURVE('',#4782,#4783,#4762,.T.);
#5720=EDGE_CURVE('',#4782,#4784,#2685,.T.);
#5721=EDGE_CURVE('',#4784,#4785,#4763,.T.);
#5722=EDGE_CURVE('',#4785,#4783,#2686,.T.);
#5723=EDGE_CURVE('',#4777,#4786,#2687,.T.);
#5724=EDGE_CURVE('',#4786,#4787,#374,.T.);
#5725=EDGE_CURVE('',#4787,#4782,#2688,.T.);
#5726=EDGE_CURVE('',#4783,#4788,#2689,.T.);
#5727=EDGE_CURVE('',#4788,#4789,#4764,.T.);
#5728=EDGE_CURVE('',#4789,#4790,#2690,.T.);
#5729=EDGE_CURVE('',#4790,#4791,#375,.T.);
#5730=EDGE_CURVE('',#4791,#4792,#2691,.T.);
#5731=EDGE_CURVE('',#4792,#4793,#4765,.T.);
#5732=EDGE_CURVE('',#4793,#4794,#2692,.T.);
#5733=EDGE_CURVE('',#4794,#4795,#4766,.T.);
#5734=EDGE_CURVE('',#4795,#4796,#2693,.T.);
#5735=EDGE_CURVE('',#4796,#4797,#376,.T.);
#5736=EDGE_CURVE('',#4797,#4798,#2694,.T.);
#5737=EDGE_CURVE('',#4798,#4799,#4767,.T.);
#5738=EDGE_CURVE('',#4799,#4800,#2695,.T.);
#5739=EDGE_CURVE('',#4800,#4801,#4768,.T.);
#5740=EDGE_CURVE('',#4801,#4802,#2696,.T.);
#5741=EDGE_CURVE('',#4802,#4803,#377,.T.);
#5742=EDGE_CURVE('',#4803,#4804,#2697,.T.);
#5743=EDGE_CURVE('',#4804,#4780,#4769,.T.);
#5744=EDGE_CURVE('',#4805,#4806,#2698,.T.);
#5745=EDGE_CURVE('',#4807,#4805,#378,.T.);
#5746=EDGE_CURVE('',#4808,#4807,#2699,.T.);
#5747=EDGE_CURVE('',#4806,#4808,#379,.T.);
#5748=EDGE_CURVE('',#4809,#4810,#2700,.T.);
#5749=EDGE_CURVE('',#4811,#4809,#380,.T.);
#5750=EDGE_CURVE('',#4812,#4811,#2701,.T.);
#5751=EDGE_CURVE('',#4810,#4812,#381,.T.);
#5752=EDGE_CURVE('',#4813,#4814,#2702,.T.);
#5753=EDGE_CURVE('',#4815,#4813,#382,.T.);
#5754=EDGE_CURVE('',#4816,#4815,#2703,.T.);
#5755=EDGE_CURVE('',#4814,#4816,#383,.T.);
#5756=EDGE_CURVE('',#4817,#4818,#2704,.T.);
#5757=EDGE_CURVE('',#4819,#4817,#384,.T.);
#5758=EDGE_CURVE('',#4820,#4819,#2705,.T.);
#5759=EDGE_CURVE('',#4818,#4820,#385,.T.);
#5760=EDGE_CURVE('',#4821,#4822,#2706,.T.);
#5761=EDGE_CURVE('',#4823,#4821,#386,.T.);
#5762=EDGE_CURVE('',#4824,#4823,#2707,.T.);
#5763=EDGE_CURVE('',#4822,#4824,#387,.T.);
#5764=EDGE_CURVE('',#4825,#4826,#2708,.T.);
#5765=EDGE_CURVE('',#4827,#4825,#388,.T.);
#5766=EDGE_CURVE('',#4828,#4827,#2709,.T.);
#5767=EDGE_CURVE('',#4826,#4828,#389,.T.);
#5768=EDGE_CURVE('',#4829,#4830,#2710,.T.);
#5769=EDGE_CURVE('',#4831,#4829,#390,.T.);
#5770=EDGE_CURVE('',#4832,#4831,#2711,.T.);
#5771=EDGE_CURVE('',#4830,#4832,#391,.T.);
#5772=EDGE_CURVE('',#4833,#4834,#2712,.T.);
#5773=EDGE_CURVE('',#4835,#4833,#392,.T.);
#5774=EDGE_CURVE('',#4836,#4835,#2713,.T.);
#5775=EDGE_CURVE('',#4834,#4836,#393,.T.);
#5776=EDGE_CURVE('',#4837,#4838,#2714,.T.);
#5777=EDGE_CURVE('',#4839,#4837,#394,.T.);
#5778=EDGE_CURVE('',#4840,#4839,#2715,.T.);
#5779=EDGE_CURVE('',#4838,#4840,#395,.T.);
#5780=EDGE_CURVE('',#4841,#4842,#2716,.T.);
#5781=EDGE_CURVE('',#4843,#4841,#396,.T.);
#5782=EDGE_CURVE('',#4844,#4843,#2717,.T.);
#5783=EDGE_CURVE('',#4842,#4844,#397,.T.);
#5784=EDGE_CURVE('',#4845,#4846,#2718,.T.);
#5785=EDGE_CURVE('',#4847,#4845,#398,.T.);
#5786=EDGE_CURVE('',#4848,#4847,#2719,.T.);
#5787=EDGE_CURVE('',#4846,#4848,#399,.T.);
#5788=EDGE_CURVE('',#4849,#4850,#2720,.T.);
#5789=EDGE_CURVE('',#4851,#4849,#400,.T.);
#5790=EDGE_CURVE('',#4852,#4851,#2721,.T.);
#5791=EDGE_CURVE('',#4850,#4852,#401,.T.);
#5792=EDGE_CURVE('',#4853,#4854,#2722,.T.);
#5793=EDGE_CURVE('',#4855,#4853,#402,.T.);
#5794=EDGE_CURVE('',#4856,#4855,#2723,.T.);
#5795=EDGE_CURVE('',#4854,#4856,#403,.T.);
#5796=EDGE_CURVE('',#4857,#4858,#2724,.T.);
#5797=EDGE_CURVE('',#4859,#4857,#404,.T.);
#5798=EDGE_CURVE('',#4860,#4859,#2725,.T.);
#5799=EDGE_CURVE('',#4858,#4860,#405,.T.);
#5800=EDGE_CURVE('',#4861,#4862,#2726,.T.);
#5801=EDGE_CURVE('',#4863,#4861,#406,.T.);
#5802=EDGE_CURVE('',#4864,#4863,#2727,.T.);
#5803=EDGE_CURVE('',#4862,#4864,#407,.T.);
#5804=EDGE_CURVE('',#4865,#4866,#2728,.T.);
#5805=EDGE_CURVE('',#4867,#4865,#408,.T.);
#5806=EDGE_CURVE('',#4868,#4867,#2729,.T.);
#5807=EDGE_CURVE('',#4866,#4868,#409,.T.);
#5808=EDGE_CURVE('',#4869,#4870,#2730,.T.);
#5809=EDGE_CURVE('',#4871,#4869,#410,.T.);
#5810=EDGE_CURVE('',#4872,#4871,#2731,.T.);
#5811=EDGE_CURVE('',#4870,#4872,#411,.T.);
#5812=EDGE_CURVE('',#4873,#4874,#2732,.T.);
#5813=EDGE_CURVE('',#4875,#4873,#412,.T.);
#5814=EDGE_CURVE('',#4876,#4875,#2733,.T.);
#5815=EDGE_CURVE('',#4874,#4876,#413,.T.);
#5816=EDGE_CURVE('',#4877,#4878,#2734,.T.);
#5817=EDGE_CURVE('',#4879,#4877,#414,.T.);
#5818=EDGE_CURVE('',#4880,#4879,#2735,.T.);
#5819=EDGE_CURVE('',#4878,#4880,#415,.T.);
#5820=EDGE_CURVE('',#4881,#4882,#2736,.T.);
#5821=EDGE_CURVE('',#4883,#4881,#416,.T.);
#5822=EDGE_CURVE('',#4884,#4883,#2737,.T.);
#5823=EDGE_CURVE('',#4882,#4884,#417,.T.);
#5824=EDGE_CURVE('',#4885,#4886,#2738,.T.);
#5825=EDGE_CURVE('',#4887,#4885,#418,.T.);
#5826=EDGE_CURVE('',#4888,#4887,#2739,.T.);
#5827=EDGE_CURVE('',#4886,#4888,#419,.T.);
#5828=EDGE_CURVE('',#4889,#4890,#2740,.T.);
#5829=EDGE_CURVE('',#4891,#4889,#420,.T.);
#5830=EDGE_CURVE('',#4892,#4891,#2741,.T.);
#5831=EDGE_CURVE('',#4890,#4892,#421,.T.);
#5832=EDGE_CURVE('',#4893,#4894,#2742,.T.);
#5833=EDGE_CURVE('',#4895,#4893,#422,.T.);
#5834=EDGE_CURVE('',#4896,#4895,#2743,.T.);
#5835=EDGE_CURVE('',#4894,#4896,#423,.T.);
#5836=EDGE_CURVE('',#4897,#4898,#2744,.T.);
#5837=EDGE_CURVE('',#4899,#4897,#424,.T.);
#5838=EDGE_CURVE('',#4900,#4899,#2745,.T.);
#5839=EDGE_CURVE('',#4898,#4900,#425,.T.);
#5840=EDGE_CURVE('',#4901,#4902,#2746,.T.);
#5841=EDGE_CURVE('',#4903,#4901,#426,.T.);
#5842=EDGE_CURVE('',#4904,#4903,#2747,.T.);
#5843=EDGE_CURVE('',#4902,#4904,#427,.T.);
#5844=EDGE_CURVE('',#4905,#4906,#2748,.T.);
#5845=EDGE_CURVE('',#4907,#4905,#428,.T.);
#5846=EDGE_CURVE('',#4908,#4907,#2749,.T.);
#5847=EDGE_CURVE('',#4906,#4908,#429,.T.);
#5848=EDGE_CURVE('',#4909,#4910,#2750,.T.);
#5849=EDGE_CURVE('',#4911,#4909,#430,.T.);
#5850=EDGE_CURVE('',#4912,#4911,#2751,.T.);
#5851=EDGE_CURVE('',#4910,#4912,#431,.T.);
#5852=EDGE_CURVE('',#4913,#4914,#2752,.T.);
#5853=EDGE_CURVE('',#4915,#4913,#432,.T.);
#5854=EDGE_CURVE('',#4916,#4915,#2753,.T.);
#5855=EDGE_CURVE('',#4914,#4916,#433,.T.);
#5856=EDGE_CURVE('',#4917,#4918,#2754,.T.);
#5857=EDGE_CURVE('',#4919,#4917,#434,.T.);
#5858=EDGE_CURVE('',#4920,#4919,#2755,.T.);
#5859=EDGE_CURVE('',#4918,#4920,#435,.T.);
#5860=EDGE_CURVE('',#4921,#4922,#2756,.T.);
#5861=EDGE_CURVE('',#4923,#4921,#436,.T.);
#5862=EDGE_CURVE('',#4924,#4923,#2757,.T.);
#5863=EDGE_CURVE('',#4922,#4924,#437,.T.);
#5864=EDGE_CURVE('',#4925,#4926,#2758,.T.);
#5865=EDGE_CURVE('',#4927,#4925,#438,.T.);
#5866=EDGE_CURVE('',#4928,#4927,#2759,.T.);
#5867=EDGE_CURVE('',#4926,#4928,#439,.T.);
#5868=EDGE_CURVE('',#4929,#4930,#2760,.T.);
#5869=EDGE_CURVE('',#4931,#4929,#440,.T.);
#5870=EDGE_CURVE('',#4932,#4931,#2761,.T.);
#5871=EDGE_CURVE('',#4930,#4932,#441,.T.);
#5872=EDGE_CURVE('',#4933,#4934,#2762,.T.);
#5873=EDGE_CURVE('',#4935,#4933,#442,.T.);
#5874=EDGE_CURVE('',#4936,#4935,#2763,.T.);
#5875=EDGE_CURVE('',#4934,#4936,#443,.T.);
#5876=EDGE_CURVE('',#4937,#4938,#2764,.T.);
#5877=EDGE_CURVE('',#4939,#4937,#444,.T.);
#5878=EDGE_CURVE('',#4940,#4939,#2765,.T.);
#5879=EDGE_CURVE('',#4938,#4940,#445,.T.);
#5880=EDGE_CURVE('',#4941,#4942,#2766,.T.);
#5881=EDGE_CURVE('',#4943,#4941,#446,.T.);
#5882=EDGE_CURVE('',#4944,#4943,#2767,.T.);
#5883=EDGE_CURVE('',#4942,#4944,#447,.T.);
#5884=EDGE_CURVE('',#4945,#4946,#2768,.T.);
#5885=EDGE_CURVE('',#4947,#4945,#448,.T.);
#5886=EDGE_CURVE('',#4948,#4947,#2769,.T.);
#5887=EDGE_CURVE('',#4946,#4948,#449,.T.);
#5888=EDGE_CURVE('',#4949,#4950,#2770,.T.);
#5889=EDGE_CURVE('',#4951,#4949,#450,.T.);
#5890=EDGE_CURVE('',#4952,#4951,#2771,.T.);
#5891=EDGE_CURVE('',#4950,#4952,#451,.T.);
#5892=EDGE_CURVE('',#4953,#4954,#2772,.T.);
#5893=EDGE_CURVE('',#4955,#4953,#452,.T.);
#5894=EDGE_CURVE('',#4956,#4955,#2773,.T.);
#5895=EDGE_CURVE('',#4954,#4956,#453,.T.);
#5896=EDGE_CURVE('',#4957,#4958,#2774,.T.);
#5897=EDGE_CURVE('',#4959,#4957,#454,.T.);
#5898=EDGE_CURVE('',#4960,#4959,#2775,.T.);
#5899=EDGE_CURVE('',#4958,#4960,#455,.T.);
#5900=EDGE_CURVE('',#4961,#4962,#2776,.T.);
#5901=EDGE_CURVE('',#4963,#4961,#456,.T.);
#5902=EDGE_CURVE('',#4964,#4963,#2777,.T.);
#5903=EDGE_CURVE('',#4962,#4964,#457,.T.);
#5904=EDGE_CURVE('',#4965,#4966,#2778,.T.);
#5905=EDGE_CURVE('',#4967,#4965,#458,.T.);
#5906=EDGE_CURVE('',#4968,#4967,#2779,.T.);
#5907=EDGE_CURVE('',#4966,#4968,#459,.T.);
#5908=EDGE_CURVE('',#4785,#4969,#2780,.T.);
#5909=EDGE_CURVE('',#4788,#4969,#2781,.T.);
#5910=EDGE_CURVE('',#4969,#4970,#4770,.T.);
#5911=EDGE_CURVE('',#4970,#4789,#2782,.T.);
#5912=EDGE_CURVE('',#4792,#4971,#2783,.T.);
#5913=EDGE_CURVE('',#4971,#4972,#4771,.T.);
#5914=EDGE_CURVE('',#4972,#4793,#2784,.T.);
#5915=EDGE_CURVE('',#4972,#4973,#2785,.T.);
#5916=EDGE_CURVE('',#4794,#4973,#2786,.T.);
#5917=EDGE_CURVE('',#4973,#4974,#4772,.T.);
#5918=EDGE_CURVE('',#4974,#4795,#2787,.T.);
#5919=EDGE_CURVE('',#4798,#4975,#2788,.T.);
#5920=EDGE_CURVE('',#4975,#4976,#4773,.T.);
#5921=EDGE_CURVE('',#4976,#4799,#2789,.T.);
#5922=EDGE_CURVE('',#4976,#4977,#2790,.T.);
#5923=EDGE_CURVE('',#4800,#4977,#2791,.T.);
#5924=EDGE_CURVE('',#4977,#4978,#4774,.T.);
#5925=EDGE_CURVE('',#4978,#4801,#2792,.T.);
#5926=EDGE_CURVE('',#4804,#4979,#2793,.T.);
#5927=EDGE_CURVE('',#4979,#4781,#4775,.T.);
#5928=EDGE_CURVE('',#4803,#4980,#2794,.T.);
#5929=EDGE_CURVE('',#4980,#4979,#2795,.T.);
#5930=EDGE_CURVE('',#4981,#4982,#2796,.T.);
#5931=EDGE_CURVE('',#4982,#4983,#2797,.T.);
#5932=EDGE_CURVE('',#4983,#4984,#2798,.T.);
#5933=EDGE_CURVE('',#4984,#4981,#2799,.T.);
#5934=EDGE_CURVE('',#4985,#4986,#2800,.T.);
#5935=EDGE_CURVE('',#4986,#4982,#460,.T.);
#5936=EDGE_CURVE('',#4981,#4985,#461,.T.);
#5937=EDGE_CURVE('',#4987,#4988,#2801,.T.);
#5938=EDGE_CURVE('',#4988,#4986,#2802,.T.);
#5939=EDGE_CURVE('',#4985,#4987,#2803,.T.);
#5940=EDGE_CURVE('',#4989,#4990,#2804,.T.);
#5941=EDGE_CURVE('',#4990,#4988,#462,.T.);
#5942=EDGE_CURVE('',#4987,#4989,#463,.T.);
#5943=EDGE_CURVE('',#4991,#4992,#2805,.T.);
#5944=EDGE_CURVE('',#4992,#4990,#2806,.T.);
#5945=EDGE_CURVE('',#4989,#4991,#2807,.T.);
#5946=EDGE_CURVE('',#4993,#4994,#2808,.T.);
#5947=EDGE_CURVE('',#4994,#4992,#464,.T.);
#5948=EDGE_CURVE('',#4991,#4993,#465,.T.);
#5949=EDGE_CURVE('',#4995,#4996,#2809,.T.);
#5950=EDGE_CURVE('',#4996,#4994,#2810,.T.);
#5951=EDGE_CURVE('',#4993,#4995,#2811,.T.);
#5952=EDGE_CURVE('',#4983,#4996,#466,.T.);
#5953=EDGE_CURVE('',#4995,#4984,#467,.T.);
#5954=EDGE_CURVE('',#4987,#4997,#2812,.T.);
#5955=EDGE_CURVE('',#4998,#4997,#468,.T.);
#5956=EDGE_CURVE('',#4989,#4998,#2813,.T.);
#5957=EDGE_CURVE('',#4985,#4999,#2814,.T.);
#5958=EDGE_CURVE('',#4997,#4999,#2815,.T.);
#5959=EDGE_CURVE('',#4981,#5000,#2816,.T.);
#5960=EDGE_CURVE('',#4999,#5000,#469,.T.);
#5961=EDGE_CURVE('',#4984,#5001,#2817,.T.);
#5962=EDGE_CURVE('',#5000,#5001,#2818,.T.);
#5963=EDGE_CURVE('',#5002,#5003,#470,.T.);
#5964=EDGE_CURVE('',#5004,#5002,#471,.T.);
#5965=EDGE_CURVE('',#5005,#5004,#472,.T.);
#5966=EDGE_CURVE('',#5006,#5005,#473,.T.);
#5967=EDGE_CURVE('',#5007,#5006,#474,.T.);
#5968=EDGE_CURVE('',#5008,#5007,#475,.T.);
#5969=EDGE_CURVE('',#5009,#5008,#476,.T.);
#5970=EDGE_CURVE('',#5003,#5009,#477,.T.);
#5971=EDGE_CURVE('',#5010,#5011,#478,.T.);
#5972=EDGE_CURVE('',#5012,#5010,#479,.T.);
#5973=EDGE_CURVE('',#5013,#5012,#480,.T.);
#5974=EDGE_CURVE('',#5014,#5013,#481,.T.);
#5975=EDGE_CURVE('',#5015,#5014,#482,.T.);
#5976=EDGE_CURVE('',#5016,#5015,#483,.T.);
#5977=EDGE_CURVE('',#5017,#5016,#484,.T.);
#5978=EDGE_CURVE('',#5011,#5017,#485,.T.);
#5979=EDGE_CURVE('',#5018,#4784,#2819,.T.);
#5980=EDGE_CURVE('',#5019,#5018,#486,.T.);
#5981=EDGE_CURVE('',#4779,#5019,#2820,.T.);
#5982=EDGE_CURVE('',#5020,#4980,#487,.T.);
#5983=EDGE_CURVE('',#4978,#5020,#2821,.T.);
#5984=EDGE_CURVE('',#5021,#4975,#2822,.T.);
#5985=EDGE_CURVE('',#5022,#5021,#488,.T.);
#5986=EDGE_CURVE('',#4974,#5022,#2823,.T.);
#5987=EDGE_CURVE('',#5023,#4971,#2824,.T.);
#5988=EDGE_CURVE('',#5024,#5023,#489,.T.);
#5989=EDGE_CURVE('',#4970,#5024,#2825,.T.);
#5990=EDGE_CURVE('',#5025,#5026,#490,.T.);
#5991=EDGE_CURVE('',#5027,#5025,#491,.T.);
#5992=EDGE_CURVE('',#5028,#5027,#492,.T.);
#5993=EDGE_CURVE('',#5029,#5028,#493,.T.);
#5994=EDGE_CURVE('',#5030,#5029,#494,.T.);
#5995=EDGE_CURVE('',#5031,#5030,#495,.T.);
#5996=EDGE_CURVE('',#5032,#5031,#496,.T.);
#5997=EDGE_CURVE('',#5026,#5032,#497,.T.);
#5998=EDGE_CURVE('',#5033,#5034,#498,.T.);
#5999=EDGE_CURVE('',#5035,#5033,#499,.T.);
#6000=EDGE_CURVE('',#5036,#5035,#500,.T.);
#6001=EDGE_CURVE('',#5037,#5036,#501,.T.);
#6002=EDGE_CURVE('',#5038,#5037,#502,.T.);
#6003=EDGE_CURVE('',#5039,#5038,#503,.T.);
#6004=EDGE_CURVE('',#5040,#5039,#504,.T.);
#6005=EDGE_CURVE('',#5034,#5040,#505,.T.);
#6006=EDGE_CURVE('',#5001,#5041,#2826,.T.);
#6007=EDGE_CURVE('',#5041,#5042,#2827,.T.);
#6008=EDGE_CURVE('',#5042,#5000,#2828,.T.);
#6009=EDGE_CURVE('',#5043,#5044,#2829,.T.);
#6010=EDGE_CURVE('',#5044,#5041,#506,.T.);
#6011=EDGE_CURVE('',#5001,#5043,#507,.T.);
#6012=EDGE_CURVE('',#5045,#5046,#2830,.T.);
#6013=EDGE_CURVE('',#5046,#5044,#2831,.T.);
#6014=EDGE_CURVE('',#5043,#5045,#2832,.T.);
#6015=EDGE_CURVE('',#5047,#5048,#2833,.T.);
#6016=EDGE_CURVE('',#5048,#5046,#508,.T.);
#6017=EDGE_CURVE('',#5045,#5047,#509,.T.);
#6018=EDGE_CURVE('',#4998,#5049,#2834,.T.);
#6019=EDGE_CURVE('',#5049,#5048,#2835,.T.);
#6020=EDGE_CURVE('',#5047,#4998,#2836,.T.);
#6021=EDGE_CURVE('',#4997,#5050,#2837,.T.);
#6022=EDGE_CURVE('',#5050,#5049,#510,.T.);
#6023=EDGE_CURVE('',#4999,#5051,#2838,.T.);
#6024=EDGE_CURVE('',#5051,#5050,#2839,.T.);
#6025=EDGE_CURVE('',#5042,#5051,#511,.T.);
#6026=EDGE_CURVE('',#4991,#5047,#2840,.T.);
#6027=EDGE_CURVE('',#4993,#5045,#2841,.T.);
#6028=EDGE_CURVE('',#4995,#5043,#2842,.T.);
#6029=EDGE_CURVE('',#5052,#5053,#2843,.T.);
#6030=EDGE_CURVE('',#5054,#5052,#512,.T.);
#6031=EDGE_CURVE('',#5055,#5054,#2844,.T.);
#6032=EDGE_CURVE('',#5053,#5055,#513,.T.);
#6033=EDGE_CURVE('',#5056,#5057,#514,.T.);
#6034=EDGE_CURVE('',#5058,#5056,#2845,.T.);
#6035=EDGE_CURVE('',#5059,#5058,#515,.T.);
#6036=EDGE_CURVE('',#5057,#5059,#2846,.T.);
#6037=EDGE_CURVE('',#5060,#5061,#516,.T.);
#6038=EDGE_CURVE('',#5062,#5060,#2847,.T.);
#6039=EDGE_CURVE('',#5063,#5062,#517,.T.);
#6040=EDGE_CURVE('',#5061,#5063,#2848,.T.);
#6041=EDGE_CURVE('',#5064,#5065,#518,.T.);
#6042=EDGE_CURVE('',#5066,#5064,#2849,.T.);
#6043=EDGE_CURVE('',#5067,#5066,#519,.T.);
#6044=EDGE_CURVE('',#5065,#5067,#2850,.T.);
#6045=EDGE_CURVE('',#5068,#5069,#520,.T.);
#6046=EDGE_CURVE('',#5070,#5068,#2851,.T.);
#6047=EDGE_CURVE('',#5071,#5070,#521,.T.);
#6048=EDGE_CURVE('',#5069,#5071,#2852,.T.);
#6049=EDGE_CURVE('',#5072,#5073,#522,.T.);
#6050=EDGE_CURVE('',#5074,#5072,#2853,.T.);
#6051=EDGE_CURVE('',#5075,#5074,#523,.T.);
#6052=EDGE_CURVE('',#5073,#5075,#2854,.T.);
#6053=EDGE_CURVE('',#5076,#5077,#524,.T.);
#6054=EDGE_CURVE('',#5078,#5076,#2855,.T.);
#6055=EDGE_CURVE('',#5079,#5078,#525,.T.);
#6056=EDGE_CURVE('',#5077,#5079,#2856,.T.);
#6057=EDGE_CURVE('',#5080,#5081,#526,.T.);
#6058=EDGE_CURVE('',#5082,#5080,#2857,.T.);
#6059=EDGE_CURVE('',#5083,#5082,#527,.T.);
#6060=EDGE_CURVE('',#5081,#5083,#2858,.T.);
#6061=EDGE_CURVE('',#5084,#5085,#528,.T.);
#6062=EDGE_CURVE('',#5086,#5084,#2859,.T.);
#6063=EDGE_CURVE('',#5087,#5086,#529,.T.);
#6064=EDGE_CURVE('',#5085,#5087,#2860,.T.);
#6065=EDGE_CURVE('',#5088,#5089,#530,.T.);
#6066=EDGE_CURVE('',#5090,#5088,#2861,.T.);
#6067=EDGE_CURVE('',#5091,#5090,#531,.T.);
#6068=EDGE_CURVE('',#5089,#5091,#2862,.T.);
#6069=EDGE_CURVE('',#5092,#5093,#532,.T.);
#6070=EDGE_CURVE('',#5094,#5092,#2863,.T.);
#6071=EDGE_CURVE('',#5095,#5094,#533,.T.);
#6072=EDGE_CURVE('',#5093,#5095,#2864,.T.);
#6073=EDGE_CURVE('',#5096,#5097,#534,.T.);
#6074=EDGE_CURVE('',#5098,#5096,#2865,.T.);
#6075=EDGE_CURVE('',#5099,#5098,#535,.T.);
#6076=EDGE_CURVE('',#5097,#5099,#2866,.T.);
#6077=EDGE_CURVE('',#5100,#5101,#536,.T.);
#6078=EDGE_CURVE('',#5102,#5100,#2867,.T.);
#6079=EDGE_CURVE('',#5103,#5102,#537,.T.);
#6080=EDGE_CURVE('',#5101,#5103,#2868,.T.);
#6081=EDGE_CURVE('',#5104,#5105,#538,.T.);
#6082=EDGE_CURVE('',#5106,#5104,#2869,.T.);
#6083=EDGE_CURVE('',#5107,#5106,#539,.T.);
#6084=EDGE_CURVE('',#5105,#5107,#2870,.T.);
#6085=EDGE_CURVE('',#5108,#5109,#540,.T.);
#6086=EDGE_CURVE('',#5110,#5108,#2871,.T.);
#6087=EDGE_CURVE('',#5111,#5110,#541,.T.);
#6088=EDGE_CURVE('',#5109,#5111,#2872,.T.);
#6089=EDGE_CURVE('',#5112,#5113,#542,.T.);
#6090=EDGE_CURVE('',#5114,#5112,#2873,.T.);
#6091=EDGE_CURVE('',#5115,#5114,#543,.T.);
#6092=EDGE_CURVE('',#5113,#5115,#2874,.T.);
#6093=EDGE_CURVE('',#5116,#5117,#544,.T.);
#6094=EDGE_CURVE('',#5118,#5116,#2875,.T.);
#6095=EDGE_CURVE('',#5119,#5118,#545,.T.);
#6096=EDGE_CURVE('',#5117,#5119,#2876,.T.);
#6097=EDGE_CURVE('',#5120,#5121,#546,.T.);
#6098=EDGE_CURVE('',#5122,#5120,#2877,.T.);
#6099=EDGE_CURVE('',#5123,#5122,#547,.T.);
#6100=EDGE_CURVE('',#5121,#5123,#2878,.T.);
#6101=EDGE_CURVE('',#5124,#5125,#548,.T.);
#6102=EDGE_CURVE('',#5126,#5124,#2879,.T.);
#6103=EDGE_CURVE('',#5127,#5126,#549,.T.);
#6104=EDGE_CURVE('',#5125,#5127,#2880,.T.);
#6105=EDGE_CURVE('',#5128,#5129,#550,.T.);
#6106=EDGE_CURVE('',#5130,#5128,#2881,.T.);
#6107=EDGE_CURVE('',#5131,#5130,#551,.T.);
#6108=EDGE_CURVE('',#5129,#5131,#2882,.T.);
#6109=EDGE_CURVE('',#5132,#5133,#552,.T.);
#6110=EDGE_CURVE('',#5134,#5132,#2883,.T.);
#6111=EDGE_CURVE('',#5135,#5134,#553,.T.);
#6112=EDGE_CURVE('',#5133,#5135,#2884,.T.);
#6113=EDGE_CURVE('',#5136,#5137,#554,.T.);
#6114=EDGE_CURVE('',#5138,#5136,#2885,.T.);
#6115=EDGE_CURVE('',#5139,#5138,#555,.T.);
#6116=EDGE_CURVE('',#5137,#5139,#2886,.T.);
#6117=EDGE_CURVE('',#5140,#5141,#556,.T.);
#6118=EDGE_CURVE('',#5142,#5140,#2887,.T.);
#6119=EDGE_CURVE('',#5143,#5142,#557,.T.);
#6120=EDGE_CURVE('',#5141,#5143,#2888,.T.);
#6121=EDGE_CURVE('',#5144,#5145,#558,.T.);
#6122=EDGE_CURVE('',#5146,#5144,#2889,.T.);
#6123=EDGE_CURVE('',#5147,#5146,#559,.T.);
#6124=EDGE_CURVE('',#5145,#5147,#2890,.T.);
#6125=EDGE_CURVE('',#5148,#5149,#560,.T.);
#6126=EDGE_CURVE('',#5150,#5148,#2891,.T.);
#6127=EDGE_CURVE('',#5151,#5150,#561,.T.);
#6128=EDGE_CURVE('',#5149,#5151,#2892,.T.);
#6129=EDGE_CURVE('',#5152,#5153,#562,.T.);
#6130=EDGE_CURVE('',#5154,#5152,#2893,.T.);
#6131=EDGE_CURVE('',#5155,#5154,#563,.T.);
#6132=EDGE_CURVE('',#5153,#5155,#2894,.T.);
#6133=EDGE_CURVE('',#5156,#5157,#2895,.T.);
#6134=EDGE_CURVE('',#5158,#5156,#564,.T.);
#6135=EDGE_CURVE('',#5159,#5158,#2896,.T.);
#6136=EDGE_CURVE('',#5157,#5159,#565,.T.);
#6137=EDGE_CURVE('',#5160,#5161,#2897,.T.);
#6138=EDGE_CURVE('',#5162,#5160,#566,.T.);
#6139=EDGE_CURVE('',#5163,#5162,#2898,.T.);
#6140=EDGE_CURVE('',#5161,#5163,#567,.T.);
#6141=EDGE_CURVE('',#5164,#5165,#2899,.T.);
#6142=EDGE_CURVE('',#5166,#5164,#568,.T.);
#6143=EDGE_CURVE('',#5167,#5166,#2900,.T.);
#6144=EDGE_CURVE('',#5165,#5167,#569,.T.);
#6145=EDGE_CURVE('',#5168,#5169,#2901,.T.);
#6146=EDGE_CURVE('',#5170,#5168,#570,.T.);
#6147=EDGE_CURVE('',#5171,#5170,#2902,.T.);
#6148=EDGE_CURVE('',#5169,#5171,#571,.T.);
#6149=EDGE_CURVE('',#5172,#5173,#2903,.T.);
#6150=EDGE_CURVE('',#5174,#5172,#572,.T.);
#6151=EDGE_CURVE('',#5175,#5174,#2904,.T.);
#6152=EDGE_CURVE('',#5173,#5175,#573,.T.);
#6153=EDGE_CURVE('',#5176,#5177,#2905,.T.);
#6154=EDGE_CURVE('',#5178,#5176,#574,.T.);
#6155=EDGE_CURVE('',#5179,#5178,#2906,.T.);
#6156=EDGE_CURVE('',#5177,#5179,#575,.T.);
#6157=EDGE_CURVE('',#5180,#5181,#2907,.T.);
#6158=EDGE_CURVE('',#5182,#5180,#576,.T.);
#6159=EDGE_CURVE('',#5183,#5182,#2908,.T.);
#6160=EDGE_CURVE('',#5181,#5183,#577,.T.);
#6161=EDGE_CURVE('',#5184,#5185,#2909,.T.);
#6162=EDGE_CURVE('',#5186,#5184,#578,.T.);
#6163=EDGE_CURVE('',#5187,#5186,#2910,.T.);
#6164=EDGE_CURVE('',#5185,#5187,#579,.T.);
#6165=EDGE_CURVE('',#5188,#5189,#2911,.T.);
#6166=EDGE_CURVE('',#5190,#5188,#580,.T.);
#6167=EDGE_CURVE('',#5191,#5190,#2912,.T.);
#6168=EDGE_CURVE('',#5189,#5191,#581,.T.);
#6169=EDGE_CURVE('',#5192,#5193,#2913,.T.);
#6170=EDGE_CURVE('',#5194,#5192,#582,.T.);
#6171=EDGE_CURVE('',#5195,#5194,#2914,.T.);
#6172=EDGE_CURVE('',#5193,#5195,#583,.T.);
#6173=EDGE_CURVE('',#5196,#5197,#2915,.T.);
#6174=EDGE_CURVE('',#5198,#5196,#584,.T.);
#6175=EDGE_CURVE('',#5199,#5198,#2916,.T.);
#6176=EDGE_CURVE('',#5197,#5199,#585,.T.);
#6177=EDGE_CURVE('',#5200,#5201,#2917,.T.);
#6178=EDGE_CURVE('',#5202,#5200,#586,.T.);
#6179=EDGE_CURVE('',#5203,#5202,#2918,.T.);
#6180=EDGE_CURVE('',#5201,#5203,#587,.T.);
#6181=EDGE_CURVE('',#5204,#5205,#2919,.T.);
#6182=EDGE_CURVE('',#5206,#5204,#588,.T.);
#6183=EDGE_CURVE('',#5207,#5206,#2920,.T.);
#6184=EDGE_CURVE('',#5205,#5207,#589,.T.);
#6185=EDGE_CURVE('',#5208,#5209,#2921,.T.);
#6186=EDGE_CURVE('',#5210,#5208,#590,.T.);
#6187=EDGE_CURVE('',#5211,#5210,#2922,.T.);
#6188=EDGE_CURVE('',#5209,#5211,#591,.T.);
#6189=EDGE_CURVE('',#5212,#5213,#2923,.T.);
#6190=EDGE_CURVE('',#5214,#5212,#592,.T.);
#6191=EDGE_CURVE('',#5215,#5214,#2924,.T.);
#6192=EDGE_CURVE('',#5213,#5215,#593,.T.);
#6193=EDGE_CURVE('',#5216,#5216,#594,.T.);
#6194=EDGE_CURVE('',#5217,#5217,#595,.T.);
#6195=EDGE_CURVE('',#5218,#5218,#596,.T.);
#6196=EDGE_CURVE('',#5219,#5219,#597,.T.);
#6197=EDGE_CURVE('',#5003,#5220,#2925,.T.);
#6198=EDGE_CURVE('',#5220,#5221,#598,.T.);
#6199=EDGE_CURVE('',#5221,#5002,#2926,.T.);
#6200=EDGE_CURVE('',#5222,#5003,#2927,.T.);
#6201=EDGE_CURVE('',#5009,#5223,#2928,.T.);
#6202=EDGE_CURVE('',#5223,#5222,#599,.T.);
#6203=EDGE_CURVE('',#5008,#5224,#2929,.T.);
#6204=EDGE_CURVE('',#5224,#5225,#600,.T.);
#6205=EDGE_CURVE('',#5225,#5009,#2930,.T.);
#6206=EDGE_CURVE('',#5226,#5008,#2931,.T.);
#6207=EDGE_CURVE('',#5007,#5227,#2932,.T.);
#6208=EDGE_CURVE('',#5227,#5226,#601,.T.);
#6209=EDGE_CURVE('',#5006,#5228,#2933,.T.);
#6210=EDGE_CURVE('',#5228,#5229,#602,.T.);
#6211=EDGE_CURVE('',#5229,#5007,#2934,.T.);
#6212=EDGE_CURVE('',#5230,#5006,#2935,.T.);
#6213=EDGE_CURVE('',#5005,#5231,#2936,.T.);
#6214=EDGE_CURVE('',#5231,#5230,#603,.T.);
#6215=EDGE_CURVE('',#5004,#5232,#2937,.T.);
#6216=EDGE_CURVE('',#5232,#5233,#604,.T.);
#6217=EDGE_CURVE('',#5233,#5005,#2938,.T.);
#6218=EDGE_CURVE('',#5234,#5004,#2939,.T.);
#6219=EDGE_CURVE('',#5002,#5235,#2940,.T.);
#6220=EDGE_CURVE('',#5235,#5234,#605,.T.);
#6221=EDGE_CURVE('',#5234,#5232,#606,.T.);
#6222=EDGE_CURVE('',#5233,#5231,#607,.T.);
#6223=EDGE_CURVE('',#5230,#5228,#608,.T.);
#6224=EDGE_CURVE('',#5229,#5227,#609,.T.);
#6225=EDGE_CURVE('',#5226,#5224,#610,.T.);
#6226=EDGE_CURVE('',#5225,#5223,#611,.T.);
#6227=EDGE_CURVE('',#5222,#5220,#612,.T.);
#6228=EDGE_CURVE('',#5221,#5235,#613,.T.);
#6229=EDGE_CURVE('',#5229,#5236,#2941,.T.);
#6230=EDGE_CURVE('',#5236,#5237,#614,.F.);
#6231=EDGE_CURVE('',#5237,#5238,#15,.T.);
#6232=EDGE_CURVE('',#5227,#5238,#2942,.T.);
#6233=EDGE_CURVE('',#5239,#5228,#2943,.T.);
#6234=EDGE_CURVE('',#5236,#5239,#615,.T.);
#6235=EDGE_CURVE('',#5240,#5230,#2944,.T.);
#6236=EDGE_CURVE('',#5240,#5241,#16,.T.);
#6237=EDGE_CURVE('',#5239,#5241,#616,.T.);
#6238=EDGE_CURVE('',#5233,#5242,#2945,.T.);
#6239=EDGE_CURVE('',#5242,#5243,#617,.F.);
#6240=EDGE_CURVE('',#5243,#5244,#17,.T.);
#6241=EDGE_CURVE('',#5231,#5244,#2946,.T.);
#6242=EDGE_CURVE('',#5245,#5232,#2947,.T.);
#6243=EDGE_CURVE('',#5242,#5245,#618,.T.);
#6244=EDGE_CURVE('',#5246,#5234,#2948,.T.);
#6245=EDGE_CURVE('',#5246,#5247,#18,.T.);
#6246=EDGE_CURVE('',#5245,#5247,#619,.T.);
#6247=EDGE_CURVE('',#5218,#5248,#2949,.T.);
#6248=EDGE_CURVE('',#5249,#5248,#620,.T.);
#6249=EDGE_CURVE('',#5250,#5249,#19,.T.);
#6250=EDGE_CURVE('',#5250,#5251,#621,.T.);
#6251=EDGE_CURVE('',#5252,#5251,#20,.T.);
#6252=EDGE_CURVE('',#5253,#5252,#622,.T.);
#6253=EDGE_CURVE('',#5254,#5253,#21,.T.);
#6254=EDGE_CURVE('',#5254,#5238,#623,.T.);
#6255=EDGE_CURVE('',#5241,#5237,#624,.T.);
#6256=EDGE_CURVE('',#5240,#5244,#625,.T.);
#6257=EDGE_CURVE('',#5247,#5243,#626,.T.);
#6258=EDGE_CURVE('',#5246,#5255,#627,.T.);
#6259=EDGE_CURVE('',#5256,#5255,#22,.T.);
#6260=EDGE_CURVE('',#5248,#5256,#628,.T.);
#6261=EDGE_CURVE('',#5221,#5257,#2950,.T.);
#6262=EDGE_CURVE('',#5257,#5256,#629,.F.);
#6263=EDGE_CURVE('',#5235,#5255,#2951,.T.);
#6264=EDGE_CURVE('',#5258,#5220,#2952,.T.);
#6265=EDGE_CURVE('',#5257,#5258,#630,.T.);
#6266=EDGE_CURVE('',#5250,#5222,#2953,.T.);
#6267=EDGE_CURVE('',#5258,#5249,#631,.T.);
#6268=EDGE_CURVE('',#5225,#5259,#2954,.T.);
#6269=EDGE_CURVE('',#5259,#5252,#632,.F.);
#6270=EDGE_CURVE('',#5223,#5251,#2955,.T.);
#6271=EDGE_CURVE('',#5260,#5224,#2956,.T.);
#6272=EDGE_CURVE('',#5259,#5260,#633,.T.);
#6273=EDGE_CURVE('',#5254,#5226,#2957,.T.);
#6274=EDGE_CURVE('',#5260,#5253,#634,.T.);
#6275=EDGE_CURVE('',#5034,#5261,#2958,.T.);
#6276=EDGE_CURVE('',#5261,#5262,#635,.T.);
#6277=EDGE_CURVE('',#5262,#5033,#2959,.T.);
#6278=EDGE_CURVE('',#5263,#5034,#2960,.T.);
#6279=EDGE_CURVE('',#5040,#5264,#2961,.T.);
#6280=EDGE_CURVE('',#5264,#5263,#636,.T.);
#6281=EDGE_CURVE('',#5039,#5265,#2962,.T.);
#6282=EDGE_CURVE('',#5265,#5266,#637,.T.);
#6283=EDGE_CURVE('',#5266,#5040,#2963,.T.);
#6284=EDGE_CURVE('',#5267,#5039,#2964,.T.);
#6285=EDGE_CURVE('',#5038,#5268,#2965,.T.);
#6286=EDGE_CURVE('',#5268,#5267,#638,.T.);
#6287=EDGE_CURVE('',#5037,#5269,#2966,.T.);
#6288=EDGE_CURVE('',#5269,#5270,#639,.T.);
#6289=EDGE_CURVE('',#5270,#5038,#2967,.T.);
#6290=EDGE_CURVE('',#5271,#5037,#2968,.T.);
#6291=EDGE_CURVE('',#5036,#5272,#2969,.T.);
#6292=EDGE_CURVE('',#5272,#5271,#640,.T.);
#6293=EDGE_CURVE('',#5035,#5273,#2970,.T.);
#6294=EDGE_CURVE('',#5273,#5274,#641,.T.);
#6295=EDGE_CURVE('',#5274,#5036,#2971,.T.);
#6296=EDGE_CURVE('',#5275,#5035,#2972,.T.);
#6297=EDGE_CURVE('',#5033,#5276,#2973,.T.);
#6298=EDGE_CURVE('',#5276,#5275,#642,.T.);
#6299=EDGE_CURVE('',#5275,#5273,#643,.T.);
#6300=EDGE_CURVE('',#5274,#5272,#644,.T.);
#6301=EDGE_CURVE('',#5271,#5269,#645,.T.);
#6302=EDGE_CURVE('',#5270,#5268,#646,.T.);
#6303=EDGE_CURVE('',#5267,#5265,#647,.T.);
#6304=EDGE_CURVE('',#5266,#5264,#648,.T.);
#6305=EDGE_CURVE('',#5263,#5261,#649,.T.);
#6306=EDGE_CURVE('',#5262,#5276,#650,.T.);
#6307=EDGE_CURVE('',#5270,#5277,#2974,.T.);
#6308=EDGE_CURVE('',#5277,#5278,#651,.F.);
#6309=EDGE_CURVE('',#5278,#5279,#23,.T.);
#6310=EDGE_CURVE('',#5268,#5279,#2975,.T.);
#6311=EDGE_CURVE('',#5280,#5269,#2976,.T.);
#6312=EDGE_CURVE('',#5277,#5280,#652,.T.);
#6313=EDGE_CURVE('',#5281,#5271,#2977,.T.);
#6314=EDGE_CURVE('',#5281,#5282,#24,.T.);
#6315=EDGE_CURVE('',#5280,#5282,#653,.T.);
#6316=EDGE_CURVE('',#5274,#5283,#2978,.T.);
#6317=EDGE_CURVE('',#5283,#5284,#654,.F.);
#6318=EDGE_CURVE('',#5284,#5285,#25,.T.);
#6319=EDGE_CURVE('',#5272,#5285,#2979,.T.);
#6320=EDGE_CURVE('',#5286,#5273,#2980,.T.);
#6321=EDGE_CURVE('',#5283,#5286,#655,.T.);
#6322=EDGE_CURVE('',#5287,#5275,#2981,.T.);
#6323=EDGE_CURVE('',#5287,#5288,#26,.T.);
#6324=EDGE_CURVE('',#5286,#5288,#656,.T.);
#6325=EDGE_CURVE('',#5216,#5289,#2982,.T.);
#6326=EDGE_CURVE('',#5290,#5289,#657,.T.);
#6327=EDGE_CURVE('',#5291,#5290,#27,.T.);
#6328=EDGE_CURVE('',#5291,#5292,#658,.T.);
#6329=EDGE_CURVE('',#5293,#5292,#28,.T.);
#6330=EDGE_CURVE('',#5294,#5293,#659,.T.);
#6331=EDGE_CURVE('',#5295,#5294,#29,.T.);
#6332=EDGE_CURVE('',#5295,#5279,#660,.T.);
#6333=EDGE_CURVE('',#5282,#5278,#661,.T.);
#6334=EDGE_CURVE('',#5281,#5285,#662,.T.);
#6335=EDGE_CURVE('',#5288,#5284,#663,.T.);
#6336=EDGE_CURVE('',#5287,#5296,#664,.T.);
#6337=EDGE_CURVE('',#5297,#5296,#30,.T.);
#6338=EDGE_CURVE('',#5289,#5297,#665,.T.);
#6339=EDGE_CURVE('',#5262,#5298,#2983,.T.);
#6340=EDGE_CURVE('',#5298,#5297,#666,.F.);
#6341=EDGE_CURVE('',#5276,#5296,#2984,.T.);
#6342=EDGE_CURVE('',#5299,#5261,#2985,.T.);
#6343=EDGE_CURVE('',#5298,#5299,#667,.T.);
#6344=EDGE_CURVE('',#5291,#5263,#2986,.T.);
#6345=EDGE_CURVE('',#5299,#5290,#668,.T.);
#6346=EDGE_CURVE('',#5266,#5300,#2987,.T.);
#6347=EDGE_CURVE('',#5300,#5293,#669,.F.);
#6348=EDGE_CURVE('',#5264,#5292,#2988,.T.);
#6349=EDGE_CURVE('',#5301,#5265,#2989,.T.);
#6350=EDGE_CURVE('',#5300,#5301,#670,.T.);
#6351=EDGE_CURVE('',#5295,#5267,#2990,.T.);
#6352=EDGE_CURVE('',#5301,#5294,#671,.T.);
#6353=EDGE_CURVE('',#5011,#5302,#2991,.T.);
#6354=EDGE_CURVE('',#5302,#5303,#672,.T.);
#6355=EDGE_CURVE('',#5303,#5010,#2992,.T.);
#6356=EDGE_CURVE('',#5304,#5011,#2993,.T.);
#6357=EDGE_CURVE('',#5017,#5305,#2994,.T.);
#6358=EDGE_CURVE('',#5305,#5304,#673,.T.);
#6359=EDGE_CURVE('',#5016,#5306,#2995,.T.);
#6360=EDGE_CURVE('',#5306,#5307,#674,.T.);
#6361=EDGE_CURVE('',#5307,#5017,#2996,.T.);
#6362=EDGE_CURVE('',#5308,#5016,#2997,.T.);
#6363=EDGE_CURVE('',#5015,#5309,#2998,.T.);
#6364=EDGE_CURVE('',#5309,#5308,#675,.T.);
#6365=EDGE_CURVE('',#5014,#5310,#2999,.T.);
#6366=EDGE_CURVE('',#5310,#5311,#676,.T.);
#6367=EDGE_CURVE('',#5311,#5015,#3000,.T.);
#6368=EDGE_CURVE('',#5312,#5014,#3001,.T.);
#6369=EDGE_CURVE('',#5013,#5313,#3002,.T.);
#6370=EDGE_CURVE('',#5313,#5312,#677,.T.);
#6371=EDGE_CURVE('',#5012,#5314,#3003,.T.);
#6372=EDGE_CURVE('',#5314,#5315,#678,.T.);
#6373=EDGE_CURVE('',#5315,#5013,#3004,.T.);
#6374=EDGE_CURVE('',#5316,#5012,#3005,.T.);
#6375=EDGE_CURVE('',#5010,#5317,#3006,.T.);
#6376=EDGE_CURVE('',#5317,#5316,#679,.T.);
#6377=EDGE_CURVE('',#5316,#5314,#680,.T.);
#6378=EDGE_CURVE('',#5315,#5313,#681,.T.);
#6379=EDGE_CURVE('',#5312,#5310,#682,.T.);
#6380=EDGE_CURVE('',#5311,#5309,#683,.T.);
#6381=EDGE_CURVE('',#5308,#5306,#684,.T.);
#6382=EDGE_CURVE('',#5307,#5305,#685,.T.);
#6383=EDGE_CURVE('',#5304,#5302,#686,.T.);
#6384=EDGE_CURVE('',#5303,#5317,#687,.T.);
#6385=EDGE_CURVE('',#5311,#5318,#3007,.T.);
#6386=EDGE_CURVE('',#5318,#5319,#688,.F.);
#6387=EDGE_CURVE('',#5319,#5320,#31,.T.);
#6388=EDGE_CURVE('',#5309,#5320,#3008,.T.);
#6389=EDGE_CURVE('',#5321,#5310,#3009,.T.);
#6390=EDGE_CURVE('',#5318,#5321,#689,.T.);
#6391=EDGE_CURVE('',#5322,#5312,#3010,.T.);
#6392=EDGE_CURVE('',#5322,#5323,#32,.T.);
#6393=EDGE_CURVE('',#5321,#5323,#690,.T.);
#6394=EDGE_CURVE('',#5315,#5324,#3011,.T.);
#6395=EDGE_CURVE('',#5324,#5325,#691,.F.);
#6396=EDGE_CURVE('',#5325,#5326,#33,.T.);
#6397=EDGE_CURVE('',#5313,#5326,#3012,.T.);
#6398=EDGE_CURVE('',#5327,#5314,#3013,.T.);
#6399=EDGE_CURVE('',#5324,#5327,#692,.T.);
#6400=EDGE_CURVE('',#5328,#5316,#3014,.T.);
#6401=EDGE_CURVE('',#5328,#5329,#34,.T.);
#6402=EDGE_CURVE('',#5327,#5329,#693,.T.);
#6403=EDGE_CURVE('',#5217,#5330,#3015,.T.);
#6404=EDGE_CURVE('',#5331,#5330,#694,.T.);
#6405=EDGE_CURVE('',#5332,#5331,#35,.T.);
#6406=EDGE_CURVE('',#5332,#5333,#695,.T.);
#6407=EDGE_CURVE('',#5334,#5333,#36,.T.);
#6408=EDGE_CURVE('',#5335,#5334,#696,.T.);
#6409=EDGE_CURVE('',#5336,#5335,#37,.T.);
#6410=EDGE_CURVE('',#5336,#5320,#697,.T.);
#6411=EDGE_CURVE('',#5323,#5319,#698,.T.);
#6412=EDGE_CURVE('',#5322,#5326,#699,.T.);
#6413=EDGE_CURVE('',#5329,#5325,#700,.T.);
#6414=EDGE_CURVE('',#5328,#5337,#701,.T.);
#6415=EDGE_CURVE('',#5338,#5337,#38,.T.);
#6416=EDGE_CURVE('',#5330,#5338,#702,.T.);
#6417=EDGE_CURVE('',#5303,#5339,#3016,.T.);
#6418=EDGE_CURVE('',#5339,#5338,#703,.F.);
#6419=EDGE_CURVE('',#5317,#5337,#3017,.T.);
#6420=EDGE_CURVE('',#5340,#5302,#3018,.T.);
#6421=EDGE_CURVE('',#5339,#5340,#704,.T.);
#6422=EDGE_CURVE('',#5332,#5304,#3019,.T.);
#6423=EDGE_CURVE('',#5340,#5331,#705,.T.);
#6424=EDGE_CURVE('',#5307,#5341,#3020,.T.);
#6425=EDGE_CURVE('',#5341,#5334,#706,.F.);
#6426=EDGE_CURVE('',#5305,#5333,#3021,.T.);
#6427=EDGE_CURVE('',#5342,#5306,#3022,.T.);
#6428=EDGE_CURVE('',#5341,#5342,#707,.T.);
#6429=EDGE_CURVE('',#5336,#5308,#3023,.T.);
#6430=EDGE_CURVE('',#5342,#5335,#708,.T.);
#6431=EDGE_CURVE('',#5026,#5343,#3024,.T.);
#6432=EDGE_CURVE('',#5343,#5344,#709,.T.);
#6433=EDGE_CURVE('',#5344,#5025,#3025,.T.);
#6434=EDGE_CURVE('',#5345,#5026,#3026,.T.);
#6435=EDGE_CURVE('',#5032,#5346,#3027,.T.);
#6436=EDGE_CURVE('',#5346,#5345,#710,.T.);
#6437=EDGE_CURVE('',#5031,#5347,#3028,.T.);
#6438=EDGE_CURVE('',#5347,#5348,#711,.T.);
#6439=EDGE_CURVE('',#5348,#5032,#3029,.T.);
#6440=EDGE_CURVE('',#5349,#5031,#3030,.T.);
#6441=EDGE_CURVE('',#5030,#5350,#3031,.T.);
#6442=EDGE_CURVE('',#5350,#5349,#712,.T.);
#6443=EDGE_CURVE('',#5029,#5351,#3032,.T.);
#6444=EDGE_CURVE('',#5351,#5352,#713,.T.);
#6445=EDGE_CURVE('',#5352,#5030,#3033,.T.);
#6446=EDGE_CURVE('',#5353,#5029,#3034,.T.);
#6447=EDGE_CURVE('',#5028,#5354,#3035,.T.);
#6448=EDGE_CURVE('',#5354,#5353,#714,.T.);
#6449=EDGE_CURVE('',#5027,#5355,#3036,.T.);
#6450=EDGE_CURVE('',#5355,#5356,#715,.T.);
#6451=EDGE_CURVE('',#5356,#5028,#3037,.T.);
#6452=EDGE_CURVE('',#5357,#5027,#3038,.T.);
#6453=EDGE_CURVE('',#5025,#5358,#3039,.T.);
#6454=EDGE_CURVE('',#5358,#5357,#716,.T.);
#6455=EDGE_CURVE('',#5357,#5355,#717,.T.);
#6456=EDGE_CURVE('',#5356,#5354,#718,.T.);
#6457=EDGE_CURVE('',#5353,#5351,#719,.T.);
#6458=EDGE_CURVE('',#5352,#5350,#720,.T.);
#6459=EDGE_CURVE('',#5349,#5347,#721,.T.);
#6460=EDGE_CURVE('',#5348,#5346,#722,.T.);
#6461=EDGE_CURVE('',#5345,#5343,#723,.T.);
#6462=EDGE_CURVE('',#5344,#5358,#724,.T.);
#6463=EDGE_CURVE('',#5352,#5359,#3040,.T.);
#6464=EDGE_CURVE('',#5359,#5360,#725,.F.);
#6465=EDGE_CURVE('',#5360,#5361,#39,.T.);
#6466=EDGE_CURVE('',#5361,#5350,#3041,.T.);
#6467=EDGE_CURVE('',#5362,#5351,#3042,.T.);
#6468=EDGE_CURVE('',#5359,#5362,#726,.T.);
#6469=EDGE_CURVE('',#5353,#5363,#3043,.T.);
#6470=EDGE_CURVE('',#5363,#5364,#40,.T.);
#6471=EDGE_CURVE('',#5362,#5364,#727,.T.);
#6472=EDGE_CURVE('',#5365,#5354,#3044,.T.);
#6473=EDGE_CURVE('',#5363,#5365,#728,.T.);
#6474=EDGE_CURVE('',#5356,#5366,#3045,.T.);
#6475=EDGE_CURVE('',#5366,#5367,#729,.F.);
#6476=EDGE_CURVE('',#5367,#5365,#41,.T.);
#6477=EDGE_CURVE('',#5368,#5355,#3046,.T.);
#6478=EDGE_CURVE('',#5366,#5368,#730,.T.);
#6479=EDGE_CURVE('',#5357,#5369,#3047,.T.);
#6480=EDGE_CURVE('',#5369,#5370,#42,.T.);
#6481=EDGE_CURVE('',#5368,#5370,#731,.T.);
#6482=EDGE_CURVE('',#5371,#5358,#3048,.T.);
#6483=EDGE_CURVE('',#5369,#5371,#732,.T.);
#6484=EDGE_CURVE('',#5219,#5372,#3049,.T.);
#6485=EDGE_CURVE('',#5373,#5372,#733,.T.);
#6486=EDGE_CURVE('',#5374,#5373,#43,.T.);
#6487=EDGE_CURVE('',#5374,#5375,#734,.T.);
#6488=EDGE_CURVE('',#5376,#5375,#44,.T.);
#6489=EDGE_CURVE('',#5377,#5376,#735,.T.);
#6490=EDGE_CURVE('',#5378,#5377,#45,.T.);
#6491=EDGE_CURVE('',#5378,#5361,#736,.T.);
#6492=EDGE_CURVE('',#5364,#5360,#737,.T.);
#6493=EDGE_CURVE('',#5370,#5367,#738,.T.);
#6494=EDGE_CURVE('',#5379,#5371,#46,.T.);
#6495=EDGE_CURVE('',#5372,#5379,#739,.T.);
#6496=EDGE_CURVE('',#5344,#5380,#3050,.T.);
#6497=EDGE_CURVE('',#5380,#5379,#740,.F.);
#6498=EDGE_CURVE('',#5381,#5343,#3051,.T.);
#6499=EDGE_CURVE('',#5380,#5381,#741,.T.);
#6500=EDGE_CURVE('',#5345,#5374,#3052,.T.);
#6501=EDGE_CURVE('',#5381,#5373,#742,.T.);
#6502=EDGE_CURVE('',#5375,#5346,#3053,.T.);
#6503=EDGE_CURVE('',#5348,#5382,#3054,.T.);
#6504=EDGE_CURVE('',#5382,#5376,#743,.F.);
#6505=EDGE_CURVE('',#5383,#5347,#3055,.T.);
#6506=EDGE_CURVE('',#5382,#5383,#744,.T.);
#6507=EDGE_CURVE('',#5349,#5378,#3056,.T.);
#6508=EDGE_CURVE('',#5383,#5377,#745,.T.);
#6509=EDGE_CURVE('',#4790,#5024,#3057,.T.);
#6510=EDGE_CURVE('',#4791,#5023,#3058,.T.);
#6511=EDGE_CURVE('',#4802,#5020,#3059,.T.);
#6512=EDGE_CURVE('',#4787,#5018,#3060,.T.);
#6513=EDGE_CURVE('',#4786,#5019,#3061,.T.);
#6514=EDGE_CURVE('',#4796,#5022,#3062,.T.);
#6515=EDGE_CURVE('',#4797,#5021,#3063,.T.);
#6516=EDGE_CURVE('',#5384,#5052,#3064,.T.);
#6517=EDGE_CURVE('',#5053,#5385,#3065,.T.);
#6518=EDGE_CURVE('',#5385,#5384,#3066,.T.);
#6519=EDGE_CURVE('',#5386,#5054,#3067,.T.);
#6520=EDGE_CURVE('',#5384,#5386,#746,.T.);
#6521=EDGE_CURVE('',#5387,#5055,#3068,.T.);
#6522=EDGE_CURVE('',#5386,#5387,#3069,.T.);
#6523=EDGE_CURVE('',#5387,#5385,#747,.T.);
#6524=EDGE_CURVE('',#5388,#5384,#3070,.T.);
#6525=EDGE_CURVE('',#5389,#5388,#748,.T.);
#6526=EDGE_CURVE('',#5389,#5386,#3071,.T.);
#6527=EDGE_CURVE('',#5390,#5385,#3072,.T.);
#6528=EDGE_CURVE('',#5388,#5390,#3073,.T.);
#6529=EDGE_CURVE('',#5389,#4965,#3074,.T.);
#6530=EDGE_CURVE('',#4966,#5391,#3075,.T.);
#6531=EDGE_CURVE('',#5391,#5389,#3076,.T.);
#6532=EDGE_CURVE('',#5388,#4967,#3077,.T.);
#6533=EDGE_CURVE('',#5390,#4968,#3078,.T.);
#6534=EDGE_CURVE('',#5390,#5391,#749,.T.);
#6535=EDGE_CURVE('',#5391,#5387,#3079,.T.);
#6536=EDGE_CURVE('',#5392,#4865,#3080,.T.);
#6537=EDGE_CURVE('',#4866,#5393,#3081,.T.);
#6538=EDGE_CURVE('',#5393,#5392,#3082,.T.);
#6539=EDGE_CURVE('',#5394,#4867,#3083,.T.);
#6540=EDGE_CURVE('',#5392,#5394,#750,.T.);
#6541=EDGE_CURVE('',#5395,#4868,#3084,.T.);
#6542=EDGE_CURVE('',#5394,#5395,#3085,.T.);
#6543=EDGE_CURVE('',#5395,#5393,#751,.T.);
#6544=EDGE_CURVE('',#5392,#5396,#3086,.T.);
#6545=EDGE_CURVE('',#5397,#5396,#752,.T.);
#6546=EDGE_CURVE('',#5394,#5397,#3087,.T.);
#6547=EDGE_CURVE('',#5393,#5398,#3088,.T.);
#6548=EDGE_CURVE('',#5396,#5398,#3089,.T.);
#6549=EDGE_CURVE('',#5396,#5152,#3090,.T.);
#6550=EDGE_CURVE('',#5153,#5397,#3091,.T.);
#6551=EDGE_CURVE('',#5398,#5154,#3092,.T.);
#6552=EDGE_CURVE('',#5399,#5155,#3093,.T.);
#6553=EDGE_CURVE('',#5398,#5399,#753,.T.);
#6554=EDGE_CURVE('',#5399,#5397,#3094,.T.);
#6555=EDGE_CURVE('',#5395,#5399,#3095,.T.);
#6556=EDGE_CURVE('',#5400,#4869,#3096,.T.);
#6557=EDGE_CURVE('',#4870,#5401,#3097,.T.);
#6558=EDGE_CURVE('',#5401,#5400,#3098,.T.);
#6559=EDGE_CURVE('',#5402,#4871,#3099,.T.);
#6560=EDGE_CURVE('',#5400,#5402,#754,.T.);
#6561=EDGE_CURVE('',#5403,#4872,#3100,.T.);
#6562=EDGE_CURVE('',#5402,#5403,#3101,.T.);
#6563=EDGE_CURVE('',#5403,#5401,#755,.T.);
#6564=EDGE_CURVE('',#5400,#5404,#3102,.T.);
#6565=EDGE_CURVE('',#5405,#5404,#756,.T.);
#6566=EDGE_CURVE('',#5402,#5405,#3103,.T.);
#6567=EDGE_CURVE('',#5401,#5406,#3104,.T.);
#6568=EDGE_CURVE('',#5404,#5406,#3105,.T.);
#6569=EDGE_CURVE('',#5404,#5148,#3106,.T.);
#6570=EDGE_CURVE('',#5149,#5405,#3107,.T.);
#6571=EDGE_CURVE('',#5406,#5150,#3108,.T.);
#6572=EDGE_CURVE('',#5407,#5151,#3109,.T.);
#6573=EDGE_CURVE('',#5406,#5407,#757,.T.);
#6574=EDGE_CURVE('',#5407,#5405,#3110,.T.);
#6575=EDGE_CURVE('',#5403,#5407,#3111,.T.);
#6576=EDGE_CURVE('',#5408,#4873,#3112,.T.);
#6577=EDGE_CURVE('',#4874,#5409,#3113,.T.);
#6578=EDGE_CURVE('',#5409,#5408,#3114,.T.);
#6579=EDGE_CURVE('',#5410,#4875,#3115,.T.);
#6580=EDGE_CURVE('',#5408,#5410,#758,.T.);
#6581=EDGE_CURVE('',#5411,#4876,#3116,.T.);
#6582=EDGE_CURVE('',#5410,#5411,#3117,.T.);
#6583=EDGE_CURVE('',#5411,#5409,#759,.T.);
#6584=EDGE_CURVE('',#5408,#5412,#3118,.T.);
#6585=EDGE_CURVE('',#5413,#5412,#760,.T.);
#6586=EDGE_CURVE('',#5410,#5413,#3119,.T.);
#6587=EDGE_CURVE('',#5409,#5414,#3120,.T.);
#6588=EDGE_CURVE('',#5412,#5414,#3121,.T.);
#6589=EDGE_CURVE('',#5412,#5144,#3122,.T.);
#6590=EDGE_CURVE('',#5145,#5413,#3123,.T.);
#6591=EDGE_CURVE('',#5414,#5146,#3124,.T.);
#6592=EDGE_CURVE('',#5415,#5147,#3125,.T.);
#6593=EDGE_CURVE('',#5414,#5415,#761,.T.);
#6594=EDGE_CURVE('',#5415,#5413,#3126,.T.);
#6595=EDGE_CURVE('',#5411,#5415,#3127,.T.);
#6596=EDGE_CURVE('',#5416,#4877,#3128,.T.);
#6597=EDGE_CURVE('',#4878,#5417,#3129,.T.);
#6598=EDGE_CURVE('',#5417,#5416,#3130,.T.);
#6599=EDGE_CURVE('',#5418,#4879,#3131,.T.);
#6600=EDGE_CURVE('',#5416,#5418,#762,.T.);
#6601=EDGE_CURVE('',#5419,#4880,#3132,.T.);
#6602=EDGE_CURVE('',#5418,#5419,#3133,.T.);
#6603=EDGE_CURVE('',#5419,#5417,#763,.T.);
#6604=EDGE_CURVE('',#5416,#5420,#3134,.T.);
#6605=EDGE_CURVE('',#5421,#5420,#764,.T.);
#6606=EDGE_CURVE('',#5418,#5421,#3135,.T.);
#6607=EDGE_CURVE('',#5417,#5422,#3136,.T.);
#6608=EDGE_CURVE('',#5420,#5422,#3137,.T.);
#6609=EDGE_CURVE('',#5420,#5140,#3138,.T.);
#6610=EDGE_CURVE('',#5141,#5421,#3139,.T.);
#6611=EDGE_CURVE('',#5422,#5142,#3140,.T.);
#6612=EDGE_CURVE('',#5423,#5143,#3141,.T.);
#6613=EDGE_CURVE('',#5422,#5423,#765,.T.);
#6614=EDGE_CURVE('',#5423,#5421,#3142,.T.);
#6615=EDGE_CURVE('',#5419,#5423,#3143,.T.);
#6616=EDGE_CURVE('',#5424,#4881,#3144,.T.);
#6617=EDGE_CURVE('',#4882,#5425,#3145,.T.);
#6618=EDGE_CURVE('',#5425,#5424,#3146,.T.);
#6619=EDGE_CURVE('',#5426,#4883,#3147,.T.);
#6620=EDGE_CURVE('',#5424,#5426,#766,.T.);
#6621=EDGE_CURVE('',#5427,#4884,#3148,.T.);
#6622=EDGE_CURVE('',#5426,#5427,#3149,.T.);
#6623=EDGE_CURVE('',#5427,#5425,#767,.T.);
#6624=EDGE_CURVE('',#5424,#5428,#3150,.T.);
#6625=EDGE_CURVE('',#5429,#5428,#768,.T.);
#6626=EDGE_CURVE('',#5426,#5429,#3151,.T.);
#6627=EDGE_CURVE('',#5425,#5430,#3152,.T.);
#6628=EDGE_CURVE('',#5428,#5430,#3153,.T.);
#6629=EDGE_CURVE('',#5428,#5136,#3154,.T.);
#6630=EDGE_CURVE('',#5137,#5429,#3155,.T.);
#6631=EDGE_CURVE('',#5430,#5138,#3156,.T.);
#6632=EDGE_CURVE('',#5431,#5139,#3157,.T.);
#6633=EDGE_CURVE('',#5430,#5431,#769,.T.);
#6634=EDGE_CURVE('',#5431,#5429,#3158,.T.);
#6635=EDGE_CURVE('',#5427,#5431,#3159,.T.);
#6636=EDGE_CURVE('',#5432,#4885,#3160,.T.);
#6637=EDGE_CURVE('',#4886,#5433,#3161,.T.);
#6638=EDGE_CURVE('',#5433,#5432,#3162,.T.);
#6639=EDGE_CURVE('',#5434,#4887,#3163,.T.);
#6640=EDGE_CURVE('',#5432,#5434,#770,.T.);
#6641=EDGE_CURVE('',#5435,#4888,#3164,.T.);
#6642=EDGE_CURVE('',#5434,#5435,#3165,.T.);
#6643=EDGE_CURVE('',#5435,#5433,#771,.T.);
#6644=EDGE_CURVE('',#5432,#5436,#3166,.T.);
#6645=EDGE_CURVE('',#5437,#5436,#772,.T.);
#6646=EDGE_CURVE('',#5434,#5437,#3167,.T.);
#6647=EDGE_CURVE('',#5433,#5438,#3168,.T.);
#6648=EDGE_CURVE('',#5436,#5438,#3169,.T.);
#6649=EDGE_CURVE('',#5436,#5132,#3170,.T.);
#6650=EDGE_CURVE('',#5133,#5437,#3171,.T.);
#6651=EDGE_CURVE('',#5438,#5134,#3172,.T.);
#6652=EDGE_CURVE('',#5439,#5135,#3173,.T.);
#6653=EDGE_CURVE('',#5438,#5439,#773,.T.);
#6654=EDGE_CURVE('',#5439,#5437,#3174,.T.);
#6655=EDGE_CURVE('',#5435,#5439,#3175,.T.);
#6656=EDGE_CURVE('',#5440,#4889,#3176,.T.);
#6657=EDGE_CURVE('',#4890,#5441,#3177,.T.);
#6658=EDGE_CURVE('',#5441,#5440,#3178,.T.);
#6659=EDGE_CURVE('',#5442,#4891,#3179,.T.);
#6660=EDGE_CURVE('',#5440,#5442,#774,.T.);
#6661=EDGE_CURVE('',#5443,#4892,#3180,.T.);
#6662=EDGE_CURVE('',#5442,#5443,#3181,.T.);
#6663=EDGE_CURVE('',#5443,#5441,#775,.T.);
#6664=EDGE_CURVE('',#5440,#5444,#3182,.T.);
#6665=EDGE_CURVE('',#5445,#5444,#776,.T.);
#6666=EDGE_CURVE('',#5442,#5445,#3183,.T.);
#6667=EDGE_CURVE('',#5441,#5446,#3184,.T.);
#6668=EDGE_CURVE('',#5444,#5446,#3185,.T.);
#6669=EDGE_CURVE('',#5444,#5128,#3186,.T.);
#6670=EDGE_CURVE('',#5129,#5445,#3187,.T.);
#6671=EDGE_CURVE('',#5446,#5130,#3188,.T.);
#6672=EDGE_CURVE('',#5447,#5131,#3189,.T.);
#6673=EDGE_CURVE('',#5446,#5447,#777,.T.);
#6674=EDGE_CURVE('',#5447,#5445,#3190,.T.);
#6675=EDGE_CURVE('',#5443,#5447,#3191,.T.);
#6676=EDGE_CURVE('',#5448,#4893,#3192,.T.);
#6677=EDGE_CURVE('',#4894,#5449,#3193,.T.);
#6678=EDGE_CURVE('',#5449,#5448,#3194,.T.);
#6679=EDGE_CURVE('',#5450,#4895,#3195,.T.);
#6680=EDGE_CURVE('',#5448,#5450,#778,.T.);
#6681=EDGE_CURVE('',#5451,#4896,#3196,.T.);
#6682=EDGE_CURVE('',#5450,#5451,#3197,.T.);
#6683=EDGE_CURVE('',#5451,#5449,#779,.T.);
#6684=EDGE_CURVE('',#5448,#5452,#3198,.T.);
#6685=EDGE_CURVE('',#5453,#5452,#780,.T.);
#6686=EDGE_CURVE('',#5450,#5453,#3199,.T.);
#6687=EDGE_CURVE('',#5449,#5454,#3200,.T.);
#6688=EDGE_CURVE('',#5452,#5454,#3201,.T.);
#6689=EDGE_CURVE('',#5452,#5124,#3202,.T.);
#6690=EDGE_CURVE('',#5125,#5453,#3203,.T.);
#6691=EDGE_CURVE('',#5454,#5126,#3204,.T.);
#6692=EDGE_CURVE('',#5455,#5127,#3205,.T.);
#6693=EDGE_CURVE('',#5454,#5455,#781,.T.);
#6694=EDGE_CURVE('',#5455,#5453,#3206,.T.);
#6695=EDGE_CURVE('',#5451,#5455,#3207,.T.);
#6696=EDGE_CURVE('',#5456,#4897,#3208,.T.);
#6697=EDGE_CURVE('',#4898,#5457,#3209,.T.);
#6698=EDGE_CURVE('',#5457,#5456,#3210,.T.);
#6699=EDGE_CURVE('',#5458,#4899,#3211,.T.);
#6700=EDGE_CURVE('',#5456,#5458,#782,.T.);
#6701=EDGE_CURVE('',#5459,#4900,#3212,.T.);
#6702=EDGE_CURVE('',#5458,#5459,#3213,.T.);
#6703=EDGE_CURVE('',#5459,#5457,#783,.T.);
#6704=EDGE_CURVE('',#5456,#5460,#3214,.T.);
#6705=EDGE_CURVE('',#5461,#5460,#784,.T.);
#6706=EDGE_CURVE('',#5458,#5461,#3215,.T.);
#6707=EDGE_CURVE('',#5457,#5462,#3216,.T.);
#6708=EDGE_CURVE('',#5460,#5462,#3217,.T.);
#6709=EDGE_CURVE('',#5460,#5120,#3218,.T.);
#6710=EDGE_CURVE('',#5121,#5461,#3219,.T.);
#6711=EDGE_CURVE('',#5462,#5122,#3220,.T.);
#6712=EDGE_CURVE('',#5463,#5123,#3221,.T.);
#6713=EDGE_CURVE('',#5462,#5463,#785,.T.);
#6714=EDGE_CURVE('',#5463,#5461,#3222,.T.);
#6715=EDGE_CURVE('',#5459,#5463,#3223,.T.);
#6716=EDGE_CURVE('',#5464,#4901,#3224,.T.);
#6717=EDGE_CURVE('',#4902,#5465,#3225,.T.);
#6718=EDGE_CURVE('',#5465,#5464,#3226,.T.);
#6719=EDGE_CURVE('',#5466,#4903,#3227,.T.);
#6720=EDGE_CURVE('',#5464,#5466,#786,.T.);
#6721=EDGE_CURVE('',#5467,#4904,#3228,.T.);
#6722=EDGE_CURVE('',#5466,#5467,#3229,.T.);
#6723=EDGE_CURVE('',#5467,#5465,#787,.T.);
#6724=EDGE_CURVE('',#5464,#5468,#3230,.T.);
#6725=EDGE_CURVE('',#5469,#5468,#788,.T.);
#6726=EDGE_CURVE('',#5466,#5469,#3231,.T.);
#6727=EDGE_CURVE('',#5465,#5470,#3232,.T.);
#6728=EDGE_CURVE('',#5468,#5470,#3233,.T.);
#6729=EDGE_CURVE('',#5468,#5116,#3234,.T.);
#6730=EDGE_CURVE('',#5117,#5469,#3235,.T.);
#6731=EDGE_CURVE('',#5470,#5118,#3236,.T.);
#6732=EDGE_CURVE('',#5471,#5119,#3237,.T.);
#6733=EDGE_CURVE('',#5470,#5471,#789,.T.);
#6734=EDGE_CURVE('',#5471,#5469,#3238,.T.);
#6735=EDGE_CURVE('',#5467,#5471,#3239,.T.);
#6736=EDGE_CURVE('',#5472,#4905,#3240,.T.);
#6737=EDGE_CURVE('',#4906,#5473,#3241,.T.);
#6738=EDGE_CURVE('',#5473,#5472,#3242,.T.);
#6739=EDGE_CURVE('',#5474,#4907,#3243,.T.);
#6740=EDGE_CURVE('',#5472,#5474,#790,.T.);
#6741=EDGE_CURVE('',#5475,#4908,#3244,.T.);
#6742=EDGE_CURVE('',#5474,#5475,#3245,.T.);
#6743=EDGE_CURVE('',#5475,#5473,#791,.T.);
#6744=EDGE_CURVE('',#5472,#5476,#3246,.T.);
#6745=EDGE_CURVE('',#5477,#5476,#792,.T.);
#6746=EDGE_CURVE('',#5474,#5477,#3247,.T.);
#6747=EDGE_CURVE('',#5473,#5478,#3248,.T.);
#6748=EDGE_CURVE('',#5476,#5478,#3249,.T.);
#6749=EDGE_CURVE('',#5476,#5112,#3250,.T.);
#6750=EDGE_CURVE('',#5113,#5477,#3251,.T.);
#6751=EDGE_CURVE('',#5478,#5114,#3252,.T.);
#6752=EDGE_CURVE('',#5479,#5115,#3253,.T.);
#6753=EDGE_CURVE('',#5478,#5479,#793,.T.);
#6754=EDGE_CURVE('',#5479,#5477,#3254,.T.);
#6755=EDGE_CURVE('',#5475,#5479,#3255,.T.);
#6756=EDGE_CURVE('',#5480,#4909,#3256,.T.);
#6757=EDGE_CURVE('',#4910,#5481,#3257,.T.);
#6758=EDGE_CURVE('',#5481,#5480,#3258,.T.);
#6759=EDGE_CURVE('',#5482,#4911,#3259,.T.);
#6760=EDGE_CURVE('',#5480,#5482,#794,.T.);
#6761=EDGE_CURVE('',#5483,#4912,#3260,.T.);
#6762=EDGE_CURVE('',#5482,#5483,#3261,.T.);
#6763=EDGE_CURVE('',#5483,#5481,#795,.T.);
#6764=EDGE_CURVE('',#5480,#5484,#3262,.T.);
#6765=EDGE_CURVE('',#5485,#5484,#796,.T.);
#6766=EDGE_CURVE('',#5482,#5485,#3263,.T.);
#6767=EDGE_CURVE('',#5481,#5486,#3264,.T.);
#6768=EDGE_CURVE('',#5484,#5486,#3265,.T.);
#6769=EDGE_CURVE('',#5484,#5108,#3266,.T.);
#6770=EDGE_CURVE('',#5109,#5485,#3267,.T.);
#6771=EDGE_CURVE('',#5486,#5110,#3268,.T.);
#6772=EDGE_CURVE('',#5487,#5111,#3269,.T.);
#6773=EDGE_CURVE('',#5486,#5487,#797,.T.);
#6774=EDGE_CURVE('',#5487,#5485,#3270,.T.);
#6775=EDGE_CURVE('',#5483,#5487,#3271,.T.);
#6776=EDGE_CURVE('',#5488,#4913,#3272,.T.);
#6777=EDGE_CURVE('',#4914,#5489,#3273,.T.);
#6778=EDGE_CURVE('',#5489,#5488,#3274,.T.);
#6779=EDGE_CURVE('',#5490,#4915,#3275,.T.);
#6780=EDGE_CURVE('',#5488,#5490,#798,.T.);
#6781=EDGE_CURVE('',#5491,#4916,#3276,.T.);
#6782=EDGE_CURVE('',#5490,#5491,#3277,.T.);
#6783=EDGE_CURVE('',#5491,#5489,#799,.T.);
#6784=EDGE_CURVE('',#5488,#5492,#3278,.T.);
#6785=EDGE_CURVE('',#5493,#5492,#800,.T.);
#6786=EDGE_CURVE('',#5490,#5493,#3279,.T.);
#6787=EDGE_CURVE('',#5489,#5494,#3280,.T.);
#6788=EDGE_CURVE('',#5492,#5494,#3281,.T.);
#6789=EDGE_CURVE('',#5492,#5104,#3282,.T.);
#6790=EDGE_CURVE('',#5105,#5493,#3283,.T.);
#6791=EDGE_CURVE('',#5494,#5106,#3284,.T.);
#6792=EDGE_CURVE('',#5495,#5107,#3285,.T.);
#6793=EDGE_CURVE('',#5494,#5495,#801,.T.);
#6794=EDGE_CURVE('',#5495,#5493,#3286,.T.);
#6795=EDGE_CURVE('',#5491,#5495,#3287,.T.);
#6796=EDGE_CURVE('',#5496,#4917,#3288,.T.);
#6797=EDGE_CURVE('',#4918,#5497,#3289,.T.);
#6798=EDGE_CURVE('',#5497,#5496,#3290,.T.);
#6799=EDGE_CURVE('',#5498,#4919,#3291,.T.);
#6800=EDGE_CURVE('',#5496,#5498,#802,.T.);
#6801=EDGE_CURVE('',#5499,#4920,#3292,.T.);
#6802=EDGE_CURVE('',#5498,#5499,#3293,.T.);
#6803=EDGE_CURVE('',#5499,#5497,#803,.T.);
#6804=EDGE_CURVE('',#5496,#5500,#3294,.T.);
#6805=EDGE_CURVE('',#5501,#5500,#804,.T.);
#6806=EDGE_CURVE('',#5498,#5501,#3295,.T.);
#6807=EDGE_CURVE('',#5497,#5502,#3296,.T.);
#6808=EDGE_CURVE('',#5500,#5502,#3297,.T.);
#6809=EDGE_CURVE('',#5500,#5100,#3298,.T.);
#6810=EDGE_CURVE('',#5101,#5501,#3299,.T.);
#6811=EDGE_CURVE('',#5502,#5102,#3300,.T.);
#6812=EDGE_CURVE('',#5503,#5103,#3301,.T.);
#6813=EDGE_CURVE('',#5502,#5503,#805,.T.);
#6814=EDGE_CURVE('',#5503,#5501,#3302,.T.);
#6815=EDGE_CURVE('',#5499,#5503,#3303,.T.);
#6816=EDGE_CURVE('',#5504,#4921,#3304,.T.);
#6817=EDGE_CURVE('',#4922,#5505,#3305,.T.);
#6818=EDGE_CURVE('',#5505,#5504,#3306,.T.);
#6819=EDGE_CURVE('',#5506,#4923,#3307,.T.);
#6820=EDGE_CURVE('',#5504,#5506,#806,.T.);
#6821=EDGE_CURVE('',#5507,#4924,#3308,.T.);
#6822=EDGE_CURVE('',#5506,#5507,#3309,.T.);
#6823=EDGE_CURVE('',#5507,#5505,#807,.T.);
#6824=EDGE_CURVE('',#5504,#5508,#3310,.T.);
#6825=EDGE_CURVE('',#5509,#5508,#808,.T.);
#6826=EDGE_CURVE('',#5506,#5509,#3311,.T.);
#6827=EDGE_CURVE('',#5505,#5510,#3312,.T.);
#6828=EDGE_CURVE('',#5508,#5510,#3313,.T.);
#6829=EDGE_CURVE('',#5508,#5096,#3314,.T.);
#6830=EDGE_CURVE('',#5097,#5509,#3315,.T.);
#6831=EDGE_CURVE('',#5510,#5098,#3316,.T.);
#6832=EDGE_CURVE('',#5511,#5099,#3317,.T.);
#6833=EDGE_CURVE('',#5510,#5511,#809,.T.);
#6834=EDGE_CURVE('',#5511,#5509,#3318,.T.);
#6835=EDGE_CURVE('',#5507,#5511,#3319,.T.);
#6836=EDGE_CURVE('',#5512,#4925,#3320,.T.);
#6837=EDGE_CURVE('',#4926,#5513,#3321,.T.);
#6838=EDGE_CURVE('',#5513,#5512,#3322,.T.);
#6839=EDGE_CURVE('',#5514,#4927,#3323,.T.);
#6840=EDGE_CURVE('',#5512,#5514,#810,.T.);
#6841=EDGE_CURVE('',#5515,#4928,#3324,.T.);
#6842=EDGE_CURVE('',#5514,#5515,#3325,.T.);
#6843=EDGE_CURVE('',#5515,#5513,#811,.T.);
#6844=EDGE_CURVE('',#5512,#5516,#3326,.T.);
#6845=EDGE_CURVE('',#5517,#5516,#812,.T.);
#6846=EDGE_CURVE('',#5514,#5517,#3327,.T.);
#6847=EDGE_CURVE('',#5513,#5518,#3328,.T.);
#6848=EDGE_CURVE('',#5516,#5518,#3329,.T.);
#6849=EDGE_CURVE('',#5516,#5092,#3330,.T.);
#6850=EDGE_CURVE('',#5093,#5517,#3331,.T.);
#6851=EDGE_CURVE('',#5518,#5094,#3332,.T.);
#6852=EDGE_CURVE('',#5519,#5095,#3333,.T.);
#6853=EDGE_CURVE('',#5518,#5519,#813,.T.);
#6854=EDGE_CURVE('',#5519,#5517,#3334,.T.);
#6855=EDGE_CURVE('',#5515,#5519,#3335,.T.);
#6856=EDGE_CURVE('',#5520,#4929,#3336,.T.);
#6857=EDGE_CURVE('',#4930,#5521,#3337,.T.);
#6858=EDGE_CURVE('',#5521,#5520,#3338,.T.);
#6859=EDGE_CURVE('',#5522,#4931,#3339,.T.);
#6860=EDGE_CURVE('',#5520,#5522,#814,.T.);
#6861=EDGE_CURVE('',#5523,#4932,#3340,.T.);
#6862=EDGE_CURVE('',#5522,#5523,#3341,.T.);
#6863=EDGE_CURVE('',#5523,#5521,#815,.T.);
#6864=EDGE_CURVE('',#5520,#5524,#3342,.T.);
#6865=EDGE_CURVE('',#5525,#5524,#816,.T.);
#6866=EDGE_CURVE('',#5522,#5525,#3343,.T.);
#6867=EDGE_CURVE('',#5521,#5526,#3344,.T.);
#6868=EDGE_CURVE('',#5524,#5526,#3345,.T.);
#6869=EDGE_CURVE('',#5524,#5088,#3346,.T.);
#6870=EDGE_CURVE('',#5089,#5525,#3347,.T.);
#6871=EDGE_CURVE('',#5526,#5090,#3348,.T.);
#6872=EDGE_CURVE('',#5527,#5091,#3349,.T.);
#6873=EDGE_CURVE('',#5526,#5527,#817,.T.);
#6874=EDGE_CURVE('',#5527,#5525,#3350,.T.);
#6875=EDGE_CURVE('',#5523,#5527,#3351,.T.);
#6876=EDGE_CURVE('',#5528,#4933,#3352,.T.);
#6877=EDGE_CURVE('',#4934,#5529,#3353,.T.);
#6878=EDGE_CURVE('',#5529,#5528,#3354,.T.);
#6879=EDGE_CURVE('',#5530,#4935,#3355,.T.);
#6880=EDGE_CURVE('',#5528,#5530,#818,.T.);
#6881=EDGE_CURVE('',#5531,#4936,#3356,.T.);
#6882=EDGE_CURVE('',#5530,#5531,#3357,.T.);
#6883=EDGE_CURVE('',#5531,#5529,#819,.T.);
#6884=EDGE_CURVE('',#5528,#5532,#3358,.T.);
#6885=EDGE_CURVE('',#5533,#5532,#820,.T.);
#6886=EDGE_CURVE('',#5530,#5533,#3359,.T.);
#6887=EDGE_CURVE('',#5529,#5534,#3360,.T.);
#6888=EDGE_CURVE('',#5532,#5534,#3361,.T.);
#6889=EDGE_CURVE('',#5532,#5084,#3362,.T.);
#6890=EDGE_CURVE('',#5085,#5533,#3363,.T.);
#6891=EDGE_CURVE('',#5534,#5086,#3364,.T.);
#6892=EDGE_CURVE('',#5535,#5087,#3365,.T.);
#6893=EDGE_CURVE('',#5534,#5535,#821,.T.);
#6894=EDGE_CURVE('',#5535,#5533,#3366,.T.);
#6895=EDGE_CURVE('',#5531,#5535,#3367,.T.);
#6896=EDGE_CURVE('',#5536,#4937,#3368,.T.);
#6897=EDGE_CURVE('',#4938,#5537,#3369,.T.);
#6898=EDGE_CURVE('',#5537,#5536,#3370,.T.);
#6899=EDGE_CURVE('',#5538,#4939,#3371,.T.);
#6900=EDGE_CURVE('',#5536,#5538,#822,.T.);
#6901=EDGE_CURVE('',#5539,#4940,#3372,.T.);
#6902=EDGE_CURVE('',#5538,#5539,#3373,.T.);
#6903=EDGE_CURVE('',#5539,#5537,#823,.T.);
#6904=EDGE_CURVE('',#5536,#5540,#3374,.T.);
#6905=EDGE_CURVE('',#5541,#5540,#824,.T.);
#6906=EDGE_CURVE('',#5538,#5541,#3375,.T.);
#6907=EDGE_CURVE('',#5537,#5542,#3376,.T.);
#6908=EDGE_CURVE('',#5540,#5542,#3377,.T.);
#6909=EDGE_CURVE('',#5540,#5080,#3378,.T.);
#6910=EDGE_CURVE('',#5081,#5541,#3379,.T.);
#6911=EDGE_CURVE('',#5542,#5082,#3380,.T.);
#6912=EDGE_CURVE('',#5543,#5083,#3381,.T.);
#6913=EDGE_CURVE('',#5542,#5543,#825,.T.);
#6914=EDGE_CURVE('',#5543,#5541,#3382,.T.);
#6915=EDGE_CURVE('',#5539,#5543,#3383,.T.);
#6916=EDGE_CURVE('',#5544,#4941,#3384,.T.);
#6917=EDGE_CURVE('',#4942,#5545,#3385,.T.);
#6918=EDGE_CURVE('',#5545,#5544,#3386,.T.);
#6919=EDGE_CURVE('',#5546,#4943,#3387,.T.);
#6920=EDGE_CURVE('',#5544,#5546,#826,.T.);
#6921=EDGE_CURVE('',#5547,#4944,#3388,.T.);
#6922=EDGE_CURVE('',#5546,#5547,#3389,.T.);
#6923=EDGE_CURVE('',#5547,#5545,#827,.T.);
#6924=EDGE_CURVE('',#5544,#5548,#3390,.T.);
#6925=EDGE_CURVE('',#5549,#5548,#828,.T.);
#6926=EDGE_CURVE('',#5546,#5549,#3391,.T.);
#6927=EDGE_CURVE('',#5545,#5550,#3392,.T.);
#6928=EDGE_CURVE('',#5548,#5550,#3393,.T.);
#6929=EDGE_CURVE('',#5548,#5076,#3394,.T.);
#6930=EDGE_CURVE('',#5077,#5549,#3395,.T.);
#6931=EDGE_CURVE('',#5550,#5078,#3396,.T.);
#6932=EDGE_CURVE('',#5551,#5079,#3397,.T.);
#6933=EDGE_CURVE('',#5550,#5551,#829,.T.);
#6934=EDGE_CURVE('',#5551,#5549,#3398,.T.);
#6935=EDGE_CURVE('',#5547,#5551,#3399,.T.);
#6936=EDGE_CURVE('',#5552,#4945,#3400,.T.);
#6937=EDGE_CURVE('',#4946,#5553,#3401,.T.);
#6938=EDGE_CURVE('',#5553,#5552,#3402,.T.);
#6939=EDGE_CURVE('',#5554,#4947,#3403,.T.);
#6940=EDGE_CURVE('',#5552,#5554,#830,.T.);
#6941=EDGE_CURVE('',#5555,#4948,#3404,.T.);
#6942=EDGE_CURVE('',#5554,#5555,#3405,.T.);
#6943=EDGE_CURVE('',#5555,#5553,#831,.T.);
#6944=EDGE_CURVE('',#5552,#5556,#3406,.T.);
#6945=EDGE_CURVE('',#5557,#5556,#832,.T.);
#6946=EDGE_CURVE('',#5554,#5557,#3407,.T.);
#6947=EDGE_CURVE('',#5553,#5558,#3408,.T.);
#6948=EDGE_CURVE('',#5556,#5558,#3409,.T.);
#6949=EDGE_CURVE('',#5556,#5072,#3410,.T.);
#6950=EDGE_CURVE('',#5073,#5557,#3411,.T.);
#6951=EDGE_CURVE('',#5558,#5074,#3412,.T.);
#6952=EDGE_CURVE('',#5559,#5075,#3413,.T.);
#6953=EDGE_CURVE('',#5558,#5559,#833,.T.);
#6954=EDGE_CURVE('',#5559,#5557,#3414,.T.);
#6955=EDGE_CURVE('',#5555,#5559,#3415,.T.);
#6956=EDGE_CURVE('',#5560,#4949,#3416,.T.);
#6957=EDGE_CURVE('',#4950,#5561,#3417,.T.);
#6958=EDGE_CURVE('',#5561,#5560,#3418,.T.);
#6959=EDGE_CURVE('',#5562,#4951,#3419,.T.);
#6960=EDGE_CURVE('',#5560,#5562,#834,.T.);
#6961=EDGE_CURVE('',#5563,#4952,#3420,.T.);
#6962=EDGE_CURVE('',#5562,#5563,#3421,.T.);
#6963=EDGE_CURVE('',#5563,#5561,#835,.T.);
#6964=EDGE_CURVE('',#5560,#5564,#3422,.T.);
#6965=EDGE_CURVE('',#5565,#5564,#836,.T.);
#6966=EDGE_CURVE('',#5562,#5565,#3423,.T.);
#6967=EDGE_CURVE('',#5561,#5566,#3424,.T.);
#6968=EDGE_CURVE('',#5564,#5566,#3425,.T.);
#6969=EDGE_CURVE('',#5564,#5068,#3426,.T.);
#6970=EDGE_CURVE('',#5069,#5565,#3427,.T.);
#6971=EDGE_CURVE('',#5566,#5070,#3428,.T.);
#6972=EDGE_CURVE('',#5567,#5071,#3429,.T.);
#6973=EDGE_CURVE('',#5566,#5567,#837,.T.);
#6974=EDGE_CURVE('',#5567,#5565,#3430,.T.);
#6975=EDGE_CURVE('',#5563,#5567,#3431,.T.);
#6976=EDGE_CURVE('',#5568,#4953,#3432,.T.);
#6977=EDGE_CURVE('',#4954,#5569,#3433,.T.);
#6978=EDGE_CURVE('',#5569,#5568,#3434,.T.);
#6979=EDGE_CURVE('',#5570,#4955,#3435,.T.);
#6980=EDGE_CURVE('',#5568,#5570,#838,.T.);
#6981=EDGE_CURVE('',#5571,#4956,#3436,.T.);
#6982=EDGE_CURVE('',#5570,#5571,#3437,.T.);
#6983=EDGE_CURVE('',#5571,#5569,#839,.T.);
#6984=EDGE_CURVE('',#5568,#5572,#3438,.T.);
#6985=EDGE_CURVE('',#5573,#5572,#840,.T.);
#6986=EDGE_CURVE('',#5570,#5573,#3439,.T.);
#6987=EDGE_CURVE('',#5569,#5574,#3440,.T.);
#6988=EDGE_CURVE('',#5572,#5574,#3441,.T.);
#6989=EDGE_CURVE('',#5572,#5064,#3442,.T.);
#6990=EDGE_CURVE('',#5065,#5573,#3443,.T.);
#6991=EDGE_CURVE('',#5574,#5066,#3444,.T.);
#6992=EDGE_CURVE('',#5575,#5067,#3445,.T.);
#6993=EDGE_CURVE('',#5574,#5575,#841,.T.);
#6994=EDGE_CURVE('',#5575,#5573,#3446,.T.);
#6995=EDGE_CURVE('',#5571,#5575,#3447,.T.);
#6996=EDGE_CURVE('',#5576,#4957,#3448,.T.);
#6997=EDGE_CURVE('',#4958,#5577,#3449,.T.);
#6998=EDGE_CURVE('',#5577,#5576,#3450,.T.);
#6999=EDGE_CURVE('',#5578,#4959,#3451,.T.);
#7000=EDGE_CURVE('',#5576,#5578,#842,.T.);
#7001=EDGE_CURVE('',#5579,#4960,#3452,.T.);
#7002=EDGE_CURVE('',#5578,#5579,#3453,.T.);
#7003=EDGE_CURVE('',#5579,#5577,#843,.T.);
#7004=EDGE_CURVE('',#5576,#5580,#3454,.T.);
#7005=EDGE_CURVE('',#5581,#5580,#844,.T.);
#7006=EDGE_CURVE('',#5578,#5581,#3455,.T.);
#7007=EDGE_CURVE('',#5577,#5582,#3456,.T.);
#7008=EDGE_CURVE('',#5580,#5582,#3457,.T.);
#7009=EDGE_CURVE('',#5580,#5060,#3458,.T.);
#7010=EDGE_CURVE('',#5061,#5581,#3459,.T.);
#7011=EDGE_CURVE('',#5582,#5062,#3460,.T.);
#7012=EDGE_CURVE('',#5583,#5063,#3461,.T.);
#7013=EDGE_CURVE('',#5582,#5583,#845,.T.);
#7014=EDGE_CURVE('',#5583,#5581,#3462,.T.);
#7015=EDGE_CURVE('',#5579,#5583,#3463,.T.);
#7016=EDGE_CURVE('',#5584,#4961,#3464,.T.);
#7017=EDGE_CURVE('',#4962,#5585,#3465,.T.);
#7018=EDGE_CURVE('',#5585,#5584,#3466,.T.);
#7019=EDGE_CURVE('',#5586,#4963,#3467,.T.);
#7020=EDGE_CURVE('',#5584,#5586,#846,.T.);
#7021=EDGE_CURVE('',#5587,#4964,#3468,.T.);
#7022=EDGE_CURVE('',#5586,#5587,#3469,.T.);
#7023=EDGE_CURVE('',#5587,#5585,#847,.T.);
#7024=EDGE_CURVE('',#5584,#5588,#3470,.T.);
#7025=EDGE_CURVE('',#5589,#5588,#848,.T.);
#7026=EDGE_CURVE('',#5586,#5589,#3471,.T.);
#7027=EDGE_CURVE('',#5585,#5590,#3472,.T.);
#7028=EDGE_CURVE('',#5588,#5590,#3473,.T.);
#7029=EDGE_CURVE('',#5588,#5056,#3474,.T.);
#7030=EDGE_CURVE('',#5057,#5589,#3475,.T.);
#7031=EDGE_CURVE('',#5590,#5058,#3476,.T.);
#7032=EDGE_CURVE('',#5591,#5059,#3477,.T.);
#7033=EDGE_CURVE('',#5590,#5591,#849,.T.);
#7034=EDGE_CURVE('',#5591,#5589,#3478,.T.);
#7035=EDGE_CURVE('',#5587,#5591,#3479,.T.);
#7036=EDGE_CURVE('',#5592,#5156,#3480,.T.);
#7037=EDGE_CURVE('',#5157,#5593,#3481,.T.);
#7038=EDGE_CURVE('',#5593,#5592,#3482,.T.);
#7039=EDGE_CURVE('',#5594,#5158,#3483,.T.);
#7040=EDGE_CURVE('',#5592,#5594,#850,.T.);
#7041=EDGE_CURVE('',#5595,#5159,#3484,.T.);
#7042=EDGE_CURVE('',#5594,#5595,#3485,.T.);
#7043=EDGE_CURVE('',#5595,#5593,#851,.T.);
#7044=EDGE_CURVE('',#5596,#5592,#3486,.T.);
#7045=EDGE_CURVE('',#5597,#5596,#852,.T.);
#7046=EDGE_CURVE('',#5597,#5594,#3487,.T.);
#7047=EDGE_CURVE('',#5598,#5593,#3488,.T.);
#7048=EDGE_CURVE('',#5596,#5598,#3489,.T.);
#7049=EDGE_CURVE('',#5597,#4861,#3490,.T.);
#7050=EDGE_CURVE('',#4862,#5599,#3491,.T.);
#7051=EDGE_CURVE('',#5599,#5597,#3492,.T.);
#7052=EDGE_CURVE('',#5596,#4863,#3493,.T.);
#7053=EDGE_CURVE('',#5598,#4864,#3494,.T.);
#7054=EDGE_CURVE('',#5598,#5599,#853,.T.);
#7055=EDGE_CURVE('',#5599,#5595,#3495,.T.);
#7056=EDGE_CURVE('',#5600,#5160,#3496,.T.);
#7057=EDGE_CURVE('',#5161,#5601,#3497,.T.);
#7058=EDGE_CURVE('',#5601,#5600,#3498,.T.);
#7059=EDGE_CURVE('',#5602,#5162,#3499,.T.);
#7060=EDGE_CURVE('',#5600,#5602,#854,.T.);
#7061=EDGE_CURVE('',#5603,#5163,#3500,.T.);
#7062=EDGE_CURVE('',#5602,#5603,#3501,.T.);
#7063=EDGE_CURVE('',#5603,#5601,#855,.T.);
#7064=EDGE_CURVE('',#5604,#5600,#3502,.T.);
#7065=EDGE_CURVE('',#5605,#5604,#856,.T.);
#7066=EDGE_CURVE('',#5605,#5602,#3503,.T.);
#7067=EDGE_CURVE('',#5606,#5601,#3504,.T.);
#7068=EDGE_CURVE('',#5604,#5606,#3505,.T.);
#7069=EDGE_CURVE('',#5605,#4857,#3506,.T.);
#7070=EDGE_CURVE('',#4858,#5607,#3507,.T.);
#7071=EDGE_CURVE('',#5607,#5605,#3508,.T.);
#7072=EDGE_CURVE('',#5604,#4859,#3509,.T.);
#7073=EDGE_CURVE('',#5606,#4860,#3510,.T.);
#7074=EDGE_CURVE('',#5606,#5607,#857,.T.);
#7075=EDGE_CURVE('',#5607,#5603,#3511,.T.);
#7076=EDGE_CURVE('',#5608,#5164,#3512,.T.);
#7077=EDGE_CURVE('',#5165,#5609,#3513,.T.);
#7078=EDGE_CURVE('',#5609,#5608,#3514,.T.);
#7079=EDGE_CURVE('',#5610,#5166,#3515,.T.);
#7080=EDGE_CURVE('',#5608,#5610,#858,.T.);
#7081=EDGE_CURVE('',#5611,#5167,#3516,.T.);
#7082=EDGE_CURVE('',#5610,#5611,#3517,.T.);
#7083=EDGE_CURVE('',#5611,#5609,#859,.T.);
#7084=EDGE_CURVE('',#5612,#5608,#3518,.T.);
#7085=EDGE_CURVE('',#5613,#5612,#860,.T.);
#7086=EDGE_CURVE('',#5613,#5610,#3519,.T.);
#7087=EDGE_CURVE('',#5614,#5609,#3520,.T.);
#7088=EDGE_CURVE('',#5612,#5614,#3521,.T.);
#7089=EDGE_CURVE('',#5613,#4853,#3522,.T.);
#7090=EDGE_CURVE('',#4854,#5615,#3523,.T.);
#7091=EDGE_CURVE('',#5615,#5613,#3524,.T.);
#7092=EDGE_CURVE('',#5612,#4855,#3525,.T.);
#7093=EDGE_CURVE('',#5614,#4856,#3526,.T.);
#7094=EDGE_CURVE('',#5614,#5615,#861,.T.);
#7095=EDGE_CURVE('',#5615,#5611,#3527,.T.);
#7096=EDGE_CURVE('',#5616,#5168,#3528,.T.);
#7097=EDGE_CURVE('',#5169,#5617,#3529,.T.);
#7098=EDGE_CURVE('',#5617,#5616,#3530,.T.);
#7099=EDGE_CURVE('',#5618,#5170,#3531,.T.);
#7100=EDGE_CURVE('',#5616,#5618,#862,.T.);
#7101=EDGE_CURVE('',#5619,#5171,#3532,.T.);
#7102=EDGE_CURVE('',#5618,#5619,#3533,.T.);
#7103=EDGE_CURVE('',#5619,#5617,#863,.T.);
#7104=EDGE_CURVE('',#5620,#5616,#3534,.T.);
#7105=EDGE_CURVE('',#5621,#5620,#864,.T.);
#7106=EDGE_CURVE('',#5621,#5618,#3535,.T.);
#7107=EDGE_CURVE('',#5622,#5617,#3536,.T.);
#7108=EDGE_CURVE('',#5620,#5622,#3537,.T.);
#7109=EDGE_CURVE('',#5621,#4849,#3538,.T.);
#7110=EDGE_CURVE('',#4850,#5623,#3539,.T.);
#7111=EDGE_CURVE('',#5623,#5621,#3540,.T.);
#7112=EDGE_CURVE('',#5620,#4851,#3541,.T.);
#7113=EDGE_CURVE('',#5622,#4852,#3542,.T.);
#7114=EDGE_CURVE('',#5622,#5623,#865,.T.);
#7115=EDGE_CURVE('',#5623,#5619,#3543,.T.);
#7116=EDGE_CURVE('',#5624,#5172,#3544,.T.);
#7117=EDGE_CURVE('',#5173,#5625,#3545,.T.);
#7118=EDGE_CURVE('',#5625,#5624,#3546,.T.);
#7119=EDGE_CURVE('',#5626,#5174,#3547,.T.);
#7120=EDGE_CURVE('',#5624,#5626,#866,.T.);
#7121=EDGE_CURVE('',#5627,#5175,#3548,.T.);
#7122=EDGE_CURVE('',#5626,#5627,#3549,.T.);
#7123=EDGE_CURVE('',#5627,#5625,#867,.T.);
#7124=EDGE_CURVE('',#5628,#5624,#3550,.T.);
#7125=EDGE_CURVE('',#5629,#5628,#868,.T.);
#7126=EDGE_CURVE('',#5629,#5626,#3551,.T.);
#7127=EDGE_CURVE('',#5630,#5625,#3552,.T.);
#7128=EDGE_CURVE('',#5628,#5630,#3553,.T.);
#7129=EDGE_CURVE('',#5629,#4845,#3554,.T.);
#7130=EDGE_CURVE('',#4846,#5631,#3555,.T.);
#7131=EDGE_CURVE('',#5631,#5629,#3556,.T.);
#7132=EDGE_CURVE('',#5628,#4847,#3557,.T.);
#7133=EDGE_CURVE('',#5630,#4848,#3558,.T.);
#7134=EDGE_CURVE('',#5630,#5631,#869,.T.);
#7135=EDGE_CURVE('',#5631,#5627,#3559,.T.);
#7136=EDGE_CURVE('',#5632,#5176,#3560,.T.);
#7137=EDGE_CURVE('',#5177,#5633,#3561,.T.);
#7138=EDGE_CURVE('',#5633,#5632,#3562,.T.);
#7139=EDGE_CURVE('',#5634,#5178,#3563,.T.);
#7140=EDGE_CURVE('',#5632,#5634,#870,.T.);
#7141=EDGE_CURVE('',#5635,#5179,#3564,.T.);
#7142=EDGE_CURVE('',#5634,#5635,#3565,.T.);
#7143=EDGE_CURVE('',#5635,#5633,#871,.T.);
#7144=EDGE_CURVE('',#5636,#5632,#3566,.T.);
#7145=EDGE_CURVE('',#5637,#5636,#872,.T.);
#7146=EDGE_CURVE('',#5637,#5634,#3567,.T.);
#7147=EDGE_CURVE('',#5638,#5633,#3568,.T.);
#7148=EDGE_CURVE('',#5636,#5638,#3569,.T.);
#7149=EDGE_CURVE('',#5637,#4841,#3570,.T.);
#7150=EDGE_CURVE('',#4842,#5639,#3571,.T.);
#7151=EDGE_CURVE('',#5639,#5637,#3572,.T.);
#7152=EDGE_CURVE('',#5636,#4843,#3573,.T.);
#7153=EDGE_CURVE('',#5638,#4844,#3574,.T.);
#7154=EDGE_CURVE('',#5638,#5639,#873,.T.);
#7155=EDGE_CURVE('',#5639,#5635,#3575,.T.);
#7156=EDGE_CURVE('',#5640,#5180,#3576,.T.);
#7157=EDGE_CURVE('',#5181,#5641,#3577,.T.);
#7158=EDGE_CURVE('',#5641,#5640,#3578,.T.);
#7159=EDGE_CURVE('',#5642,#5182,#3579,.T.);
#7160=EDGE_CURVE('',#5640,#5642,#874,.T.);
#7161=EDGE_CURVE('',#5643,#5183,#3580,.T.);
#7162=EDGE_CURVE('',#5642,#5643,#3581,.T.);
#7163=EDGE_CURVE('',#5643,#5641,#875,.T.);
#7164=EDGE_CURVE('',#5644,#5640,#3582,.T.);
#7165=EDGE_CURVE('',#5645,#5644,#876,.T.);
#7166=EDGE_CURVE('',#5645,#5642,#3583,.T.);
#7167=EDGE_CURVE('',#5646,#5641,#3584,.T.);
#7168=EDGE_CURVE('',#5644,#5646,#3585,.T.);
#7169=EDGE_CURVE('',#5645,#4837,#3586,.T.);
#7170=EDGE_CURVE('',#4838,#5647,#3587,.T.);
#7171=EDGE_CURVE('',#5647,#5645,#3588,.T.);
#7172=EDGE_CURVE('',#5644,#4839,#3589,.T.);
#7173=EDGE_CURVE('',#5646,#4840,#3590,.T.);
#7174=EDGE_CURVE('',#5646,#5647,#877,.T.);
#7175=EDGE_CURVE('',#5647,#5643,#3591,.T.);
#7176=EDGE_CURVE('',#5648,#5184,#3592,.T.);
#7177=EDGE_CURVE('',#5185,#5649,#3593,.T.);
#7178=EDGE_CURVE('',#5649,#5648,#3594,.T.);
#7179=EDGE_CURVE('',#5650,#5186,#3595,.T.);
#7180=EDGE_CURVE('',#5648,#5650,#878,.T.);
#7181=EDGE_CURVE('',#5651,#5187,#3596,.T.);
#7182=EDGE_CURVE('',#5650,#5651,#3597,.T.);
#7183=EDGE_CURVE('',#5651,#5649,#879,.T.);
#7184=EDGE_CURVE('',#5652,#5648,#3598,.T.);
#7185=EDGE_CURVE('',#5653,#5652,#880,.T.);
#7186=EDGE_CURVE('',#5653,#5650,#3599,.T.);
#7187=EDGE_CURVE('',#5654,#5649,#3600,.T.);
#7188=EDGE_CURVE('',#5652,#5654,#3601,.T.);
#7189=EDGE_CURVE('',#5653,#4833,#3602,.T.);
#7190=EDGE_CURVE('',#4834,#5655,#3603,.T.);
#7191=EDGE_CURVE('',#5655,#5653,#3604,.T.);
#7192=EDGE_CURVE('',#5652,#4835,#3605,.T.);
#7193=EDGE_CURVE('',#5654,#4836,#3606,.T.);
#7194=EDGE_CURVE('',#5654,#5655,#881,.T.);
#7195=EDGE_CURVE('',#5655,#5651,#3607,.T.);
#7196=EDGE_CURVE('',#5656,#5188,#3608,.T.);
#7197=EDGE_CURVE('',#5189,#5657,#3609,.T.);
#7198=EDGE_CURVE('',#5657,#5656,#3610,.T.);
#7199=EDGE_CURVE('',#5658,#5190,#3611,.T.);
#7200=EDGE_CURVE('',#5656,#5658,#882,.T.);
#7201=EDGE_CURVE('',#5659,#5191,#3612,.T.);
#7202=EDGE_CURVE('',#5658,#5659,#3613,.T.);
#7203=EDGE_CURVE('',#5659,#5657,#883,.T.);
#7204=EDGE_CURVE('',#5660,#5656,#3614,.T.);
#7205=EDGE_CURVE('',#5661,#5660,#884,.T.);
#7206=EDGE_CURVE('',#5661,#5658,#3615,.T.);
#7207=EDGE_CURVE('',#5662,#5657,#3616,.T.);
#7208=EDGE_CURVE('',#5660,#5662,#3617,.T.);
#7209=EDGE_CURVE('',#5661,#4829,#3618,.T.);
#7210=EDGE_CURVE('',#4830,#5663,#3619,.T.);
#7211=EDGE_CURVE('',#5663,#5661,#3620,.T.);
#7212=EDGE_CURVE('',#5660,#4831,#3621,.T.);
#7213=EDGE_CURVE('',#5662,#4832,#3622,.T.);
#7214=EDGE_CURVE('',#5662,#5663,#885,.T.);
#7215=EDGE_CURVE('',#5663,#5659,#3623,.T.);
#7216=EDGE_CURVE('',#5664,#5192,#3624,.T.);
#7217=EDGE_CURVE('',#5193,#5665,#3625,.T.);
#7218=EDGE_CURVE('',#5665,#5664,#3626,.T.);
#7219=EDGE_CURVE('',#5666,#5194,#3627,.T.);
#7220=EDGE_CURVE('',#5664,#5666,#886,.T.);
#7221=EDGE_CURVE('',#5667,#5195,#3628,.T.);
#7222=EDGE_CURVE('',#5666,#5667,#3629,.T.);
#7223=EDGE_CURVE('',#5667,#5665,#887,.T.);
#7224=EDGE_CURVE('',#5668,#5664,#3630,.T.);
#7225=EDGE_CURVE('',#5669,#5668,#888,.T.);
#7226=EDGE_CURVE('',#5669,#5666,#3631,.T.);
#7227=EDGE_CURVE('',#5670,#5665,#3632,.T.);
#7228=EDGE_CURVE('',#5668,#5670,#3633,.T.);
#7229=EDGE_CURVE('',#5669,#4825,#3634,.T.);
#7230=EDGE_CURVE('',#4826,#5671,#3635,.T.);
#7231=EDGE_CURVE('',#5671,#5669,#3636,.T.);
#7232=EDGE_CURVE('',#5668,#4827,#3637,.T.);
#7233=EDGE_CURVE('',#5670,#4828,#3638,.T.);
#7234=EDGE_CURVE('',#5670,#5671,#889,.T.);
#7235=EDGE_CURVE('',#5671,#5667,#3639,.T.);
#7236=EDGE_CURVE('',#5672,#5196,#3640,.T.);
#7237=EDGE_CURVE('',#5197,#5673,#3641,.T.);
#7238=EDGE_CURVE('',#5673,#5672,#3642,.T.);
#7239=EDGE_CURVE('',#5674,#5198,#3643,.T.);
#7240=EDGE_CURVE('',#5672,#5674,#890,.T.);
#7241=EDGE_CURVE('',#5675,#5199,#3644,.T.);
#7242=EDGE_CURVE('',#5674,#5675,#3645,.T.);
#7243=EDGE_CURVE('',#5675,#5673,#891,.T.);
#7244=EDGE_CURVE('',#5676,#5672,#3646,.T.);
#7245=EDGE_CURVE('',#5677,#5676,#892,.T.);
#7246=EDGE_CURVE('',#5677,#5674,#3647,.T.);
#7247=EDGE_CURVE('',#5678,#5673,#3648,.T.);
#7248=EDGE_CURVE('',#5676,#5678,#3649,.T.);
#7249=EDGE_CURVE('',#5677,#4821,#3650,.T.);
#7250=EDGE_CURVE('',#4822,#5679,#3651,.T.);
#7251=EDGE_CURVE('',#5679,#5677,#3652,.T.);
#7252=EDGE_CURVE('',#5676,#4823,#3653,.T.);
#7253=EDGE_CURVE('',#5678,#4824,#3654,.T.);
#7254=EDGE_CURVE('',#5678,#5679,#893,.T.);
#7255=EDGE_CURVE('',#5679,#5675,#3655,.T.);
#7256=EDGE_CURVE('',#5680,#5200,#3656,.T.);
#7257=EDGE_CURVE('',#5201,#5681,#3657,.T.);
#7258=EDGE_CURVE('',#5681,#5680,#3658,.T.);
#7259=EDGE_CURVE('',#5682,#5202,#3659,.T.);
#7260=EDGE_CURVE('',#5680,#5682,#894,.T.);
#7261=EDGE_CURVE('',#5683,#5203,#3660,.T.);
#7262=EDGE_CURVE('',#5682,#5683,#3661,.T.);
#7263=EDGE_CURVE('',#5683,#5681,#895,.T.);
#7264=EDGE_CURVE('',#5684,#5680,#3662,.T.);
#7265=EDGE_CURVE('',#5685,#5684,#896,.T.);
#7266=EDGE_CURVE('',#5685,#5682,#3663,.T.);
#7267=EDGE_CURVE('',#5686,#5681,#3664,.T.);
#7268=EDGE_CURVE('',#5684,#5686,#3665,.T.);
#7269=EDGE_CURVE('',#5685,#4817,#3666,.T.);
#7270=EDGE_CURVE('',#4818,#5687,#3667,.T.);
#7271=EDGE_CURVE('',#5687,#5685,#3668,.T.);
#7272=EDGE_CURVE('',#5684,#4819,#3669,.T.);
#7273=EDGE_CURVE('',#5686,#4820,#3670,.T.);
#7274=EDGE_CURVE('',#5686,#5687,#897,.T.);
#7275=EDGE_CURVE('',#5687,#5683,#3671,.T.);
#7276=EDGE_CURVE('',#5688,#5204,#3672,.T.);
#7277=EDGE_CURVE('',#5205,#5689,#3673,.T.);
#7278=EDGE_CURVE('',#5689,#5688,#3674,.T.);
#7279=EDGE_CURVE('',#5690,#5206,#3675,.T.);
#7280=EDGE_CURVE('',#5688,#5690,#898,.T.);
#7281=EDGE_CURVE('',#5691,#5207,#3676,.T.);
#7282=EDGE_CURVE('',#5690,#5691,#3677,.T.);
#7283=EDGE_CURVE('',#5691,#5689,#899,.T.);
#7284=EDGE_CURVE('',#5692,#5688,#3678,.T.);
#7285=EDGE_CURVE('',#5693,#5692,#900,.T.);
#7286=EDGE_CURVE('',#5693,#5690,#3679,.T.);
#7287=EDGE_CURVE('',#5694,#5689,#3680,.T.);
#7288=EDGE_CURVE('',#5692,#5694,#3681,.T.);
#7289=EDGE_CURVE('',#5693,#4813,#3682,.T.);
#7290=EDGE_CURVE('',#4814,#5695,#3683,.T.);
#7291=EDGE_CURVE('',#5695,#5693,#3684,.T.);
#7292=EDGE_CURVE('',#5692,#4815,#3685,.T.);
#7293=EDGE_CURVE('',#5694,#4816,#3686,.T.);
#7294=EDGE_CURVE('',#5694,#5695,#901,.T.);
#7295=EDGE_CURVE('',#5695,#5691,#3687,.T.);
#7296=EDGE_CURVE('',#5696,#5208,#3688,.T.);
#7297=EDGE_CURVE('',#5209,#5697,#3689,.T.);
#7298=EDGE_CURVE('',#5697,#5696,#3690,.T.);
#7299=EDGE_CURVE('',#5698,#5210,#3691,.T.);
#7300=EDGE_CURVE('',#5696,#5698,#902,.T.);
#7301=EDGE_CURVE('',#5699,#5211,#3692,.T.);
#7302=EDGE_CURVE('',#5698,#5699,#3693,.T.);
#7303=EDGE_CURVE('',#5699,#5697,#903,.T.);
#7304=EDGE_CURVE('',#5700,#5696,#3694,.T.);
#7305=EDGE_CURVE('',#5701,#5700,#904,.T.);
#7306=EDGE_CURVE('',#5701,#5698,#3695,.T.);
#7307=EDGE_CURVE('',#5702,#5697,#3696,.T.);
#7308=EDGE_CURVE('',#5700,#5702,#3697,.T.);
#7309=EDGE_CURVE('',#5701,#4809,#3698,.T.);
#7310=EDGE_CURVE('',#4810,#5703,#3699,.T.);
#7311=EDGE_CURVE('',#5703,#5701,#3700,.T.);
#7312=EDGE_CURVE('',#5700,#4811,#3701,.T.);
#7313=EDGE_CURVE('',#5702,#4812,#3702,.T.);
#7314=EDGE_CURVE('',#5702,#5703,#905,.T.);
#7315=EDGE_CURVE('',#5703,#5699,#3703,.T.);
#7316=EDGE_CURVE('',#5704,#5212,#3704,.T.);
#7317=EDGE_CURVE('',#5213,#5705,#3705,.T.);
#7318=EDGE_CURVE('',#5705,#5704,#3706,.T.);
#7319=EDGE_CURVE('',#5706,#5214,#3707,.T.);
#7320=EDGE_CURVE('',#5704,#5706,#906,.T.);
#7321=EDGE_CURVE('',#5707,#5215,#3708,.T.);
#7322=EDGE_CURVE('',#5706,#5707,#3709,.T.);
#7323=EDGE_CURVE('',#5707,#5705,#907,.T.);
#7324=EDGE_CURVE('',#5708,#5704,#3710,.T.);
#7325=EDGE_CURVE('',#5709,#5708,#908,.T.);
#7326=EDGE_CURVE('',#5709,#5706,#3711,.T.);
#7327=EDGE_CURVE('',#5710,#5705,#3712,.T.);
#7328=EDGE_CURVE('',#5708,#5710,#3713,.T.);
#7329=EDGE_CURVE('',#5709,#4805,#3714,.T.);
#7330=EDGE_CURVE('',#4806,#5711,#3715,.T.);
#7331=EDGE_CURVE('',#5711,#5709,#3716,.T.);
#7332=EDGE_CURVE('',#5708,#4807,#3717,.T.);
#7333=EDGE_CURVE('',#5710,#4808,#3718,.T.);
#7334=EDGE_CURVE('',#5710,#5711,#909,.T.);
#7335=EDGE_CURVE('',#5711,#5707,#3719,.T.);
#7336=ORIENTED_EDGE('',*,*,#5712,.F.);
#7337=ORIENTED_EDGE('',*,*,#5713,.T.);
#7338=ORIENTED_EDGE('',*,*,#5714,.T.);
#7339=ORIENTED_EDGE('',*,*,#5715,.T.);
#7340=ORIENTED_EDGE('',*,*,#5713,.F.);
#7341=ORIENTED_EDGE('',*,*,#5716,.F.);
#7342=ORIENTED_EDGE('',*,*,#5717,.F.);
#7343=ORIENTED_EDGE('',*,*,#5718,.T.);
#7344=ORIENTED_EDGE('',*,*,#5719,.F.);
#7345=ORIENTED_EDGE('',*,*,#5720,.T.);
#7346=ORIENTED_EDGE('',*,*,#5721,.T.);
#7347=ORIENTED_EDGE('',*,*,#5722,.T.);
#7348=ORIENTED_EDGE('',*,*,#5712,.T.);
#7349=ORIENTED_EDGE('',*,*,#5723,.T.);
#7350=ORIENTED_EDGE('',*,*,#5724,.T.);
#7351=ORIENTED_EDGE('',*,*,#5725,.T.);
#7352=ORIENTED_EDGE('',*,*,#5719,.T.);
#7353=ORIENTED_EDGE('',*,*,#5726,.T.);
#7354=ORIENTED_EDGE('',*,*,#5727,.T.);
#7355=ORIENTED_EDGE('',*,*,#5728,.T.);
#7356=ORIENTED_EDGE('',*,*,#5729,.T.);
#7357=ORIENTED_EDGE('',*,*,#5730,.T.);
#7358=ORIENTED_EDGE('',*,*,#5731,.T.);
#7359=ORIENTED_EDGE('',*,*,#5732,.T.);
#7360=ORIENTED_EDGE('',*,*,#5733,.T.);
#7361=ORIENTED_EDGE('',*,*,#5734,.T.);
#7362=ORIENTED_EDGE('',*,*,#5735,.T.);
#7363=ORIENTED_EDGE('',*,*,#5736,.T.);
#7364=ORIENTED_EDGE('',*,*,#5737,.T.);
#7365=ORIENTED_EDGE('',*,*,#5738,.T.);
#7366=ORIENTED_EDGE('',*,*,#5739,.T.);
#7367=ORIENTED_EDGE('',*,*,#5740,.T.);
#7368=ORIENTED_EDGE('',*,*,#5741,.T.);
#7369=ORIENTED_EDGE('',*,*,#5742,.T.);
#7370=ORIENTED_EDGE('',*,*,#5743,.T.);
#7371=ORIENTED_EDGE('',*,*,#5716,.T.);
#7372=ORIENTED_EDGE('',*,*,#5744,.F.);
#7373=ORIENTED_EDGE('',*,*,#5745,.F.);
#7374=ORIENTED_EDGE('',*,*,#5746,.F.);
#7375=ORIENTED_EDGE('',*,*,#5747,.F.);
#7376=ORIENTED_EDGE('',*,*,#5748,.F.);
#7377=ORIENTED_EDGE('',*,*,#5749,.F.);
#7378=ORIENTED_EDGE('',*,*,#5750,.F.);
#7379=ORIENTED_EDGE('',*,*,#5751,.F.);
#7380=ORIENTED_EDGE('',*,*,#5752,.F.);
#7381=ORIENTED_EDGE('',*,*,#5753,.F.);
#7382=ORIENTED_EDGE('',*,*,#5754,.F.);
#7383=ORIENTED_EDGE('',*,*,#5755,.F.);
#7384=ORIENTED_EDGE('',*,*,#5756,.F.);
#7385=ORIENTED_EDGE('',*,*,#5757,.F.);
#7386=ORIENTED_EDGE('',*,*,#5758,.F.);
#7387=ORIENTED_EDGE('',*,*,#5759,.F.);
#7388=ORIENTED_EDGE('',*,*,#5760,.F.);
#7389=ORIENTED_EDGE('',*,*,#5761,.F.);
#7390=ORIENTED_EDGE('',*,*,#5762,.F.);
#7391=ORIENTED_EDGE('',*,*,#5763,.F.);
#7392=ORIENTED_EDGE('',*,*,#5764,.F.);
#7393=ORIENTED_EDGE('',*,*,#5765,.F.);
#7394=ORIENTED_EDGE('',*,*,#5766,.F.);
#7395=ORIENTED_EDGE('',*,*,#5767,.F.);
#7396=ORIENTED_EDGE('',*,*,#5768,.F.);
#7397=ORIENTED_EDGE('',*,*,#5769,.F.);
#7398=ORIENTED_EDGE('',*,*,#5770,.F.);
#7399=ORIENTED_EDGE('',*,*,#5771,.F.);
#7400=ORIENTED_EDGE('',*,*,#5772,.F.);
#7401=ORIENTED_EDGE('',*,*,#5773,.F.);
#7402=ORIENTED_EDGE('',*,*,#5774,.F.);
#7403=ORIENTED_EDGE('',*,*,#5775,.F.);
#7404=ORIENTED_EDGE('',*,*,#5776,.F.);
#7405=ORIENTED_EDGE('',*,*,#5777,.F.);
#7406=ORIENTED_EDGE('',*,*,#5778,.F.);
#7407=ORIENTED_EDGE('',*,*,#5779,.F.);
#7408=ORIENTED_EDGE('',*,*,#5780,.F.);
#7409=ORIENTED_EDGE('',*,*,#5781,.F.);
#7410=ORIENTED_EDGE('',*,*,#5782,.F.);
#7411=ORIENTED_EDGE('',*,*,#5783,.F.);
#7412=ORIENTED_EDGE('',*,*,#5784,.F.);
#7413=ORIENTED_EDGE('',*,*,#5785,.F.);
#7414=ORIENTED_EDGE('',*,*,#5786,.F.);
#7415=ORIENTED_EDGE('',*,*,#5787,.F.);
#7416=ORIENTED_EDGE('',*,*,#5788,.F.);
#7417=ORIENTED_EDGE('',*,*,#5789,.F.);
#7418=ORIENTED_EDGE('',*,*,#5790,.F.);
#7419=ORIENTED_EDGE('',*,*,#5791,.F.);
#7420=ORIENTED_EDGE('',*,*,#5792,.F.);
#7421=ORIENTED_EDGE('',*,*,#5793,.F.);
#7422=ORIENTED_EDGE('',*,*,#5794,.F.);
#7423=ORIENTED_EDGE('',*,*,#5795,.F.);
#7424=ORIENTED_EDGE('',*,*,#5796,.F.);
#7425=ORIENTED_EDGE('',*,*,#5797,.F.);
#7426=ORIENTED_EDGE('',*,*,#5798,.F.);
#7427=ORIENTED_EDGE('',*,*,#5799,.F.);
#7428=ORIENTED_EDGE('',*,*,#5800,.F.);
#7429=ORIENTED_EDGE('',*,*,#5801,.F.);
#7430=ORIENTED_EDGE('',*,*,#5802,.F.);
#7431=ORIENTED_EDGE('',*,*,#5803,.F.);
#7432=ORIENTED_EDGE('',*,*,#5804,.F.);
#7433=ORIENTED_EDGE('',*,*,#5805,.F.);
#7434=ORIENTED_EDGE('',*,*,#5806,.F.);
#7435=ORIENTED_EDGE('',*,*,#5807,.F.);
#7436=ORIENTED_EDGE('',*,*,#5808,.F.);
#7437=ORIENTED_EDGE('',*,*,#5809,.F.);
#7438=ORIENTED_EDGE('',*,*,#5810,.F.);
#7439=ORIENTED_EDGE('',*,*,#5811,.F.);
#7440=ORIENTED_EDGE('',*,*,#5812,.F.);
#7441=ORIENTED_EDGE('',*,*,#5813,.F.);
#7442=ORIENTED_EDGE('',*,*,#5814,.F.);
#7443=ORIENTED_EDGE('',*,*,#5815,.F.);
#7444=ORIENTED_EDGE('',*,*,#5816,.F.);
#7445=ORIENTED_EDGE('',*,*,#5817,.F.);
#7446=ORIENTED_EDGE('',*,*,#5818,.F.);
#7447=ORIENTED_EDGE('',*,*,#5819,.F.);
#7448=ORIENTED_EDGE('',*,*,#5820,.F.);
#7449=ORIENTED_EDGE('',*,*,#5821,.F.);
#7450=ORIENTED_EDGE('',*,*,#5822,.F.);
#7451=ORIENTED_EDGE('',*,*,#5823,.F.);
#7452=ORIENTED_EDGE('',*,*,#5824,.F.);
#7453=ORIENTED_EDGE('',*,*,#5825,.F.);
#7454=ORIENTED_EDGE('',*,*,#5826,.F.);
#7455=ORIENTED_EDGE('',*,*,#5827,.F.);
#7456=ORIENTED_EDGE('',*,*,#5828,.F.);
#7457=ORIENTED_EDGE('',*,*,#5829,.F.);
#7458=ORIENTED_EDGE('',*,*,#5830,.F.);
#7459=ORIENTED_EDGE('',*,*,#5831,.F.);
#7460=ORIENTED_EDGE('',*,*,#5832,.F.);
#7461=ORIENTED_EDGE('',*,*,#5833,.F.);
#7462=ORIENTED_EDGE('',*,*,#5834,.F.);
#7463=ORIENTED_EDGE('',*,*,#5835,.F.);
#7464=ORIENTED_EDGE('',*,*,#5836,.F.);
#7465=ORIENTED_EDGE('',*,*,#5837,.F.);
#7466=ORIENTED_EDGE('',*,*,#5838,.F.);
#7467=ORIENTED_EDGE('',*,*,#5839,.F.);
#7468=ORIENTED_EDGE('',*,*,#5840,.F.);
#7469=ORIENTED_EDGE('',*,*,#5841,.F.);
#7470=ORIENTED_EDGE('',*,*,#5842,.F.);
#7471=ORIENTED_EDGE('',*,*,#5843,.F.);
#7472=ORIENTED_EDGE('',*,*,#5844,.F.);
#7473=ORIENTED_EDGE('',*,*,#5845,.F.);
#7474=ORIENTED_EDGE('',*,*,#5846,.F.);
#7475=ORIENTED_EDGE('',*,*,#5847,.F.);
#7476=ORIENTED_EDGE('',*,*,#5848,.F.);
#7477=ORIENTED_EDGE('',*,*,#5849,.F.);
#7478=ORIENTED_EDGE('',*,*,#5850,.F.);
#7479=ORIENTED_EDGE('',*,*,#5851,.F.);
#7480=ORIENTED_EDGE('',*,*,#5852,.F.);
#7481=ORIENTED_EDGE('',*,*,#5853,.F.);
#7482=ORIENTED_EDGE('',*,*,#5854,.F.);
#7483=ORIENTED_EDGE('',*,*,#5855,.F.);
#7484=ORIENTED_EDGE('',*,*,#5856,.F.);
#7485=ORIENTED_EDGE('',*,*,#5857,.F.);
#7486=ORIENTED_EDGE('',*,*,#5858,.F.);
#7487=ORIENTED_EDGE('',*,*,#5859,.F.);
#7488=ORIENTED_EDGE('',*,*,#5860,.F.);
#7489=ORIENTED_EDGE('',*,*,#5861,.F.);
#7490=ORIENTED_EDGE('',*,*,#5862,.F.);
#7491=ORIENTED_EDGE('',*,*,#5863,.F.);
#7492=ORIENTED_EDGE('',*,*,#5864,.F.);
#7493=ORIENTED_EDGE('',*,*,#5865,.F.);
#7494=ORIENTED_EDGE('',*,*,#5866,.F.);
#7495=ORIENTED_EDGE('',*,*,#5867,.F.);
#7496=ORIENTED_EDGE('',*,*,#5868,.F.);
#7497=ORIENTED_EDGE('',*,*,#5869,.F.);
#7498=ORIENTED_EDGE('',*,*,#5870,.F.);
#7499=ORIENTED_EDGE('',*,*,#5871,.F.);
#7500=ORIENTED_EDGE('',*,*,#5872,.F.);
#7501=ORIENTED_EDGE('',*,*,#5873,.F.);
#7502=ORIENTED_EDGE('',*,*,#5874,.F.);
#7503=ORIENTED_EDGE('',*,*,#5875,.F.);
#7504=ORIENTED_EDGE('',*,*,#5876,.F.);
#7505=ORIENTED_EDGE('',*,*,#5877,.F.);
#7506=ORIENTED_EDGE('',*,*,#5878,.F.);
#7507=ORIENTED_EDGE('',*,*,#5879,.F.);
#7508=ORIENTED_EDGE('',*,*,#5880,.F.);
#7509=ORIENTED_EDGE('',*,*,#5881,.F.);
#7510=ORIENTED_EDGE('',*,*,#5882,.F.);
#7511=ORIENTED_EDGE('',*,*,#5883,.F.);
#7512=ORIENTED_EDGE('',*,*,#5884,.F.);
#7513=ORIENTED_EDGE('',*,*,#5885,.F.);
#7514=ORIENTED_EDGE('',*,*,#5886,.F.);
#7515=ORIENTED_EDGE('',*,*,#5887,.F.);
#7516=ORIENTED_EDGE('',*,*,#5888,.F.);
#7517=ORIENTED_EDGE('',*,*,#5889,.F.);
#7518=ORIENTED_EDGE('',*,*,#5890,.F.);
#7519=ORIENTED_EDGE('',*,*,#5891,.F.);
#7520=ORIENTED_EDGE('',*,*,#5892,.F.);
#7521=ORIENTED_EDGE('',*,*,#5893,.F.);
#7522=ORIENTED_EDGE('',*,*,#5894,.F.);
#7523=ORIENTED_EDGE('',*,*,#5895,.F.);
#7524=ORIENTED_EDGE('',*,*,#5896,.F.);
#7525=ORIENTED_EDGE('',*,*,#5897,.F.);
#7526=ORIENTED_EDGE('',*,*,#5898,.F.);
#7527=ORIENTED_EDGE('',*,*,#5899,.F.);
#7528=ORIENTED_EDGE('',*,*,#5900,.F.);
#7529=ORIENTED_EDGE('',*,*,#5901,.F.);
#7530=ORIENTED_EDGE('',*,*,#5902,.F.);
#7531=ORIENTED_EDGE('',*,*,#5903,.F.);
#7532=ORIENTED_EDGE('',*,*,#5904,.F.);
#7533=ORIENTED_EDGE('',*,*,#5905,.F.);
#7534=ORIENTED_EDGE('',*,*,#5906,.F.);
#7535=ORIENTED_EDGE('',*,*,#5907,.F.);
#7536=ORIENTED_EDGE('',*,*,#5722,.F.);
#7537=ORIENTED_EDGE('',*,*,#5908,.T.);
#7538=ORIENTED_EDGE('',*,*,#5909,.F.);
#7539=ORIENTED_EDGE('',*,*,#5726,.F.);
#7540=ORIENTED_EDGE('',*,*,#5727,.F.);
#7541=ORIENTED_EDGE('',*,*,#5909,.T.);
#7542=ORIENTED_EDGE('',*,*,#5910,.T.);
#7543=ORIENTED_EDGE('',*,*,#5911,.T.);
#7544=ORIENTED_EDGE('',*,*,#5731,.F.);
#7545=ORIENTED_EDGE('',*,*,#5912,.T.);
#7546=ORIENTED_EDGE('',*,*,#5913,.T.);
#7547=ORIENTED_EDGE('',*,*,#5914,.T.);
#7548=ORIENTED_EDGE('',*,*,#5914,.F.);
#7549=ORIENTED_EDGE('',*,*,#5915,.T.);
#7550=ORIENTED_EDGE('',*,*,#5916,.F.);
#7551=ORIENTED_EDGE('',*,*,#5732,.F.);
#7552=ORIENTED_EDGE('',*,*,#5733,.F.);
#7553=ORIENTED_EDGE('',*,*,#5916,.T.);
#7554=ORIENTED_EDGE('',*,*,#5917,.T.);
#7555=ORIENTED_EDGE('',*,*,#5918,.T.);
#7556=ORIENTED_EDGE('',*,*,#5737,.F.);
#7557=ORIENTED_EDGE('',*,*,#5919,.T.);
#7558=ORIENTED_EDGE('',*,*,#5920,.T.);
#7559=ORIENTED_EDGE('',*,*,#5921,.T.);
#7560=ORIENTED_EDGE('',*,*,#5921,.F.);
#7561=ORIENTED_EDGE('',*,*,#5922,.T.);
#7562=ORIENTED_EDGE('',*,*,#5923,.F.);
#7563=ORIENTED_EDGE('',*,*,#5738,.F.);
#7564=ORIENTED_EDGE('',*,*,#5739,.F.);
#7565=ORIENTED_EDGE('',*,*,#5923,.T.);
#7566=ORIENTED_EDGE('',*,*,#5924,.T.);
#7567=ORIENTED_EDGE('',*,*,#5925,.T.);
#7568=ORIENTED_EDGE('',*,*,#5743,.F.);
#7569=ORIENTED_EDGE('',*,*,#5926,.T.);
#7570=ORIENTED_EDGE('',*,*,#5927,.T.);
#7571=ORIENTED_EDGE('',*,*,#5717,.T.);
#7572=ORIENTED_EDGE('',*,*,#5926,.F.);
#7573=ORIENTED_EDGE('',*,*,#5742,.F.);
#7574=ORIENTED_EDGE('',*,*,#5928,.T.);
#7575=ORIENTED_EDGE('',*,*,#5929,.T.);
#7576=ORIENTED_EDGE('',*,*,#5930,.T.);
#7577=ORIENTED_EDGE('',*,*,#5931,.T.);
#7578=ORIENTED_EDGE('',*,*,#5932,.T.);
#7579=ORIENTED_EDGE('',*,*,#5933,.T.);
#7580=ORIENTED_EDGE('',*,*,#5934,.T.);
#7581=ORIENTED_EDGE('',*,*,#5935,.T.);
#7582=ORIENTED_EDGE('',*,*,#5930,.F.);
#7583=ORIENTED_EDGE('',*,*,#5936,.T.);
#7584=ORIENTED_EDGE('',*,*,#5937,.T.);
#7585=ORIENTED_EDGE('',*,*,#5938,.T.);
#7586=ORIENTED_EDGE('',*,*,#5934,.F.);
#7587=ORIENTED_EDGE('',*,*,#5939,.T.);
#7588=ORIENTED_EDGE('',*,*,#5940,.T.);
#7589=ORIENTED_EDGE('',*,*,#5941,.T.);
#7590=ORIENTED_EDGE('',*,*,#5937,.F.);
#7591=ORIENTED_EDGE('',*,*,#5942,.T.);
#7592=ORIENTED_EDGE('',*,*,#5943,.T.);
#7593=ORIENTED_EDGE('',*,*,#5944,.T.);
#7594=ORIENTED_EDGE('',*,*,#5940,.F.);
#7595=ORIENTED_EDGE('',*,*,#5945,.T.);
#7596=ORIENTED_EDGE('',*,*,#5946,.T.);
#7597=ORIENTED_EDGE('',*,*,#5947,.T.);
#7598=ORIENTED_EDGE('',*,*,#5943,.F.);
#7599=ORIENTED_EDGE('',*,*,#5948,.T.);
#7600=ORIENTED_EDGE('',*,*,#5949,.T.);
#7601=ORIENTED_EDGE('',*,*,#5950,.T.);
#7602=ORIENTED_EDGE('',*,*,#5946,.F.);
#7603=ORIENTED_EDGE('',*,*,#5951,.T.);
#7604=ORIENTED_EDGE('',*,*,#5932,.F.);
#7605=ORIENTED_EDGE('',*,*,#5952,.T.);
#7606=ORIENTED_EDGE('',*,*,#5949,.F.);
#7607=ORIENTED_EDGE('',*,*,#5953,.T.);
#7608=ORIENTED_EDGE('',*,*,#5942,.F.);
#7609=ORIENTED_EDGE('',*,*,#5954,.T.);
#7610=ORIENTED_EDGE('',*,*,#5955,.F.);
#7611=ORIENTED_EDGE('',*,*,#5956,.F.);
#7612=ORIENTED_EDGE('',*,*,#5939,.F.);
#7613=ORIENTED_EDGE('',*,*,#5957,.T.);
#7614=ORIENTED_EDGE('',*,*,#5958,.F.);
#7615=ORIENTED_EDGE('',*,*,#5954,.F.);
#7616=ORIENTED_EDGE('',*,*,#5936,.F.);
#7617=ORIENTED_EDGE('',*,*,#5959,.T.);
#7618=ORIENTED_EDGE('',*,*,#5960,.F.);
#7619=ORIENTED_EDGE('',*,*,#5957,.F.);
#7620=ORIENTED_EDGE('',*,*,#5933,.F.);
#7621=ORIENTED_EDGE('',*,*,#5961,.T.);
#7622=ORIENTED_EDGE('',*,*,#5962,.F.);
#7623=ORIENTED_EDGE('',*,*,#5959,.F.);
#7624=ORIENTED_EDGE('',*,*,#5931,.F.);
#7625=ORIENTED_EDGE('',*,*,#5935,.F.);
#7626=ORIENTED_EDGE('',*,*,#5938,.F.);
#7627=ORIENTED_EDGE('',*,*,#5941,.F.);
#7628=ORIENTED_EDGE('',*,*,#5944,.F.);
#7629=ORIENTED_EDGE('',*,*,#5947,.F.);
#7630=ORIENTED_EDGE('',*,*,#5950,.F.);
#7631=ORIENTED_EDGE('',*,*,#5952,.F.);
#7632=ORIENTED_EDGE('',*,*,#5963,.F.);
#7633=ORIENTED_EDGE('',*,*,#5964,.F.);
#7634=ORIENTED_EDGE('',*,*,#5965,.F.);
#7635=ORIENTED_EDGE('',*,*,#5966,.F.);
#7636=ORIENTED_EDGE('',*,*,#5967,.F.);
#7637=ORIENTED_EDGE('',*,*,#5968,.F.);
#7638=ORIENTED_EDGE('',*,*,#5969,.F.);
#7639=ORIENTED_EDGE('',*,*,#5970,.F.);
#7640=ORIENTED_EDGE('',*,*,#5971,.F.);
#7641=ORIENTED_EDGE('',*,*,#5972,.F.);
#7642=ORIENTED_EDGE('',*,*,#5973,.F.);
#7643=ORIENTED_EDGE('',*,*,#5974,.F.);
#7644=ORIENTED_EDGE('',*,*,#5975,.F.);
#7645=ORIENTED_EDGE('',*,*,#5976,.F.);
#7646=ORIENTED_EDGE('',*,*,#5977,.F.);
#7647=ORIENTED_EDGE('',*,*,#5978,.F.);
#7648=ORIENTED_EDGE('',*,*,#5979,.F.);
#7649=ORIENTED_EDGE('',*,*,#5980,.F.);
#7650=ORIENTED_EDGE('',*,*,#5981,.F.);
#7651=ORIENTED_EDGE('',*,*,#5714,.F.);
#7652=ORIENTED_EDGE('',*,*,#5718,.F.);
#7653=ORIENTED_EDGE('',*,*,#5927,.F.);
#7654=ORIENTED_EDGE('',*,*,#5929,.F.);
#7655=ORIENTED_EDGE('',*,*,#5982,.F.);
#7656=ORIENTED_EDGE('',*,*,#5983,.F.);
#7657=ORIENTED_EDGE('',*,*,#5924,.F.);
#7658=ORIENTED_EDGE('',*,*,#5922,.F.);
#7659=ORIENTED_EDGE('',*,*,#5920,.F.);
#7660=ORIENTED_EDGE('',*,*,#5984,.F.);
#7661=ORIENTED_EDGE('',*,*,#5985,.F.);
#7662=ORIENTED_EDGE('',*,*,#5986,.F.);
#7663=ORIENTED_EDGE('',*,*,#5917,.F.);
#7664=ORIENTED_EDGE('',*,*,#5915,.F.);
#7665=ORIENTED_EDGE('',*,*,#5913,.F.);
#7666=ORIENTED_EDGE('',*,*,#5987,.F.);
#7667=ORIENTED_EDGE('',*,*,#5988,.F.);
#7668=ORIENTED_EDGE('',*,*,#5989,.F.);
#7669=ORIENTED_EDGE('',*,*,#5910,.F.);
#7670=ORIENTED_EDGE('',*,*,#5908,.F.);
#7671=ORIENTED_EDGE('',*,*,#5721,.F.);
#7672=ORIENTED_EDGE('',*,*,#5990,.F.);
#7673=ORIENTED_EDGE('',*,*,#5991,.F.);
#7674=ORIENTED_EDGE('',*,*,#5992,.F.);
#7675=ORIENTED_EDGE('',*,*,#5993,.F.);
#7676=ORIENTED_EDGE('',*,*,#5994,.F.);
#7677=ORIENTED_EDGE('',*,*,#5995,.F.);
#7678=ORIENTED_EDGE('',*,*,#5996,.F.);
#7679=ORIENTED_EDGE('',*,*,#5997,.F.);
#7680=ORIENTED_EDGE('',*,*,#5998,.F.);
#7681=ORIENTED_EDGE('',*,*,#5999,.F.);
#7682=ORIENTED_EDGE('',*,*,#6000,.F.);
#7683=ORIENTED_EDGE('',*,*,#6001,.F.);
#7684=ORIENTED_EDGE('',*,*,#6002,.F.);
#7685=ORIENTED_EDGE('',*,*,#6003,.F.);
#7686=ORIENTED_EDGE('',*,*,#6004,.F.);
#7687=ORIENTED_EDGE('',*,*,#6005,.F.);
#7688=ORIENTED_EDGE('',*,*,#6006,.T.);
#7689=ORIENTED_EDGE('',*,*,#6007,.T.);
#7690=ORIENTED_EDGE('',*,*,#6008,.T.);
#7691=ORIENTED_EDGE('',*,*,#5962,.T.);
#7692=ORIENTED_EDGE('',*,*,#6009,.T.);
#7693=ORIENTED_EDGE('',*,*,#6010,.T.);
#7694=ORIENTED_EDGE('',*,*,#6006,.F.);
#7695=ORIENTED_EDGE('',*,*,#6011,.T.);
#7696=ORIENTED_EDGE('',*,*,#6012,.T.);
#7697=ORIENTED_EDGE('',*,*,#6013,.T.);
#7698=ORIENTED_EDGE('',*,*,#6009,.F.);
#7699=ORIENTED_EDGE('',*,*,#6014,.T.);
#7700=ORIENTED_EDGE('',*,*,#6015,.T.);
#7701=ORIENTED_EDGE('',*,*,#6016,.T.);
#7702=ORIENTED_EDGE('',*,*,#6012,.F.);
#7703=ORIENTED_EDGE('',*,*,#6017,.T.);
#7704=ORIENTED_EDGE('',*,*,#6018,.T.);
#7705=ORIENTED_EDGE('',*,*,#6019,.T.);
#7706=ORIENTED_EDGE('',*,*,#6015,.F.);
#7707=ORIENTED_EDGE('',*,*,#6020,.T.);
#7708=ORIENTED_EDGE('',*,*,#6021,.T.);
#7709=ORIENTED_EDGE('',*,*,#6022,.T.);
#7710=ORIENTED_EDGE('',*,*,#6018,.F.);
#7711=ORIENTED_EDGE('',*,*,#5955,.T.);
#7712=ORIENTED_EDGE('',*,*,#6023,.T.);
#7713=ORIENTED_EDGE('',*,*,#6024,.T.);
#7714=ORIENTED_EDGE('',*,*,#6021,.F.);
#7715=ORIENTED_EDGE('',*,*,#5958,.T.);
#7716=ORIENTED_EDGE('',*,*,#6008,.F.);
#7717=ORIENTED_EDGE('',*,*,#6025,.T.);
#7718=ORIENTED_EDGE('',*,*,#6023,.F.);
#7719=ORIENTED_EDGE('',*,*,#5960,.T.);
#7720=ORIENTED_EDGE('',*,*,#5948,.F.);
#7721=ORIENTED_EDGE('',*,*,#6026,.T.);
#7722=ORIENTED_EDGE('',*,*,#6017,.F.);
#7723=ORIENTED_EDGE('',*,*,#6027,.F.);
#7724=ORIENTED_EDGE('',*,*,#5951,.F.);
#7725=ORIENTED_EDGE('',*,*,#6027,.T.);
#7726=ORIENTED_EDGE('',*,*,#6014,.F.);
#7727=ORIENTED_EDGE('',*,*,#6028,.F.);
#7728=ORIENTED_EDGE('',*,*,#5953,.F.);
#7729=ORIENTED_EDGE('',*,*,#6028,.T.);
#7730=ORIENTED_EDGE('',*,*,#6011,.F.);
#7731=ORIENTED_EDGE('',*,*,#5961,.F.);
#7732=ORIENTED_EDGE('',*,*,#6007,.F.);
#7733=ORIENTED_EDGE('',*,*,#6010,.F.);
#7734=ORIENTED_EDGE('',*,*,#6013,.F.);
#7735=ORIENTED_EDGE('',*,*,#6016,.F.);
#7736=ORIENTED_EDGE('',*,*,#6019,.F.);
#7737=ORIENTED_EDGE('',*,*,#6022,.F.);
#7738=ORIENTED_EDGE('',*,*,#6024,.F.);
#7739=ORIENTED_EDGE('',*,*,#6025,.F.);
#7740=ORIENTED_EDGE('',*,*,#6029,.F.);
#7741=ORIENTED_EDGE('',*,*,#6030,.F.);
#7742=ORIENTED_EDGE('',*,*,#6031,.F.);
#7743=ORIENTED_EDGE('',*,*,#6032,.F.);
#7744=ORIENTED_EDGE('',*,*,#6033,.F.);
#7745=ORIENTED_EDGE('',*,*,#6034,.F.);
#7746=ORIENTED_EDGE('',*,*,#6035,.F.);
#7747=ORIENTED_EDGE('',*,*,#6036,.F.);
#7748=ORIENTED_EDGE('',*,*,#6037,.F.);
#7749=ORIENTED_EDGE('',*,*,#6038,.F.);
#7750=ORIENTED_EDGE('',*,*,#6039,.F.);
#7751=ORIENTED_EDGE('',*,*,#6040,.F.);
#7752=ORIENTED_EDGE('',*,*,#6041,.F.);
#7753=ORIENTED_EDGE('',*,*,#6042,.F.);
#7754=ORIENTED_EDGE('',*,*,#6043,.F.);
#7755=ORIENTED_EDGE('',*,*,#6044,.F.);
#7756=ORIENTED_EDGE('',*,*,#6045,.F.);
#7757=ORIENTED_EDGE('',*,*,#6046,.F.);
#7758=ORIENTED_EDGE('',*,*,#6047,.F.);
#7759=ORIENTED_EDGE('',*,*,#6048,.F.);
#7760=ORIENTED_EDGE('',*,*,#6049,.F.);
#7761=ORIENTED_EDGE('',*,*,#6050,.F.);
#7762=ORIENTED_EDGE('',*,*,#6051,.F.);
#7763=ORIENTED_EDGE('',*,*,#6052,.F.);
#7764=ORIENTED_EDGE('',*,*,#6053,.F.);
#7765=ORIENTED_EDGE('',*,*,#6054,.F.);
#7766=ORIENTED_EDGE('',*,*,#6055,.F.);
#7767=ORIENTED_EDGE('',*,*,#6056,.F.);
#7768=ORIENTED_EDGE('',*,*,#6057,.F.);
#7769=ORIENTED_EDGE('',*,*,#6058,.F.);
#7770=ORIENTED_EDGE('',*,*,#6059,.F.);
#7771=ORIENTED_EDGE('',*,*,#6060,.F.);
#7772=ORIENTED_EDGE('',*,*,#6061,.F.);
#7773=ORIENTED_EDGE('',*,*,#6062,.F.);
#7774=ORIENTED_EDGE('',*,*,#6063,.F.);
#7775=ORIENTED_EDGE('',*,*,#6064,.F.);
#7776=ORIENTED_EDGE('',*,*,#6065,.F.);
#7777=ORIENTED_EDGE('',*,*,#6066,.F.);
#7778=ORIENTED_EDGE('',*,*,#6067,.F.);
#7779=ORIENTED_EDGE('',*,*,#6068,.F.);
#7780=ORIENTED_EDGE('',*,*,#6069,.F.);
#7781=ORIENTED_EDGE('',*,*,#6070,.F.);
#7782=ORIENTED_EDGE('',*,*,#6071,.F.);
#7783=ORIENTED_EDGE('',*,*,#6072,.F.);
#7784=ORIENTED_EDGE('',*,*,#6073,.F.);
#7785=ORIENTED_EDGE('',*,*,#6074,.F.);
#7786=ORIENTED_EDGE('',*,*,#6075,.F.);
#7787=ORIENTED_EDGE('',*,*,#6076,.F.);
#7788=ORIENTED_EDGE('',*,*,#6077,.F.);
#7789=ORIENTED_EDGE('',*,*,#6078,.F.);
#7790=ORIENTED_EDGE('',*,*,#6079,.F.);
#7791=ORIENTED_EDGE('',*,*,#6080,.F.);
#7792=ORIENTED_EDGE('',*,*,#6081,.F.);
#7793=ORIENTED_EDGE('',*,*,#6082,.F.);
#7794=ORIENTED_EDGE('',*,*,#6083,.F.);
#7795=ORIENTED_EDGE('',*,*,#6084,.F.);
#7796=ORIENTED_EDGE('',*,*,#6085,.F.);
#7797=ORIENTED_EDGE('',*,*,#6086,.F.);
#7798=ORIENTED_EDGE('',*,*,#6087,.F.);
#7799=ORIENTED_EDGE('',*,*,#6088,.F.);
#7800=ORIENTED_EDGE('',*,*,#6089,.F.);
#7801=ORIENTED_EDGE('',*,*,#6090,.F.);
#7802=ORIENTED_EDGE('',*,*,#6091,.F.);
#7803=ORIENTED_EDGE('',*,*,#6092,.F.);
#7804=ORIENTED_EDGE('',*,*,#6093,.F.);
#7805=ORIENTED_EDGE('',*,*,#6094,.F.);
#7806=ORIENTED_EDGE('',*,*,#6095,.F.);
#7807=ORIENTED_EDGE('',*,*,#6096,.F.);
#7808=ORIENTED_EDGE('',*,*,#6097,.F.);
#7809=ORIENTED_EDGE('',*,*,#6098,.F.);
#7810=ORIENTED_EDGE('',*,*,#6099,.F.);
#7811=ORIENTED_EDGE('',*,*,#6100,.F.);
#7812=ORIENTED_EDGE('',*,*,#6101,.F.);
#7813=ORIENTED_EDGE('',*,*,#6102,.F.);
#7814=ORIENTED_EDGE('',*,*,#6103,.F.);
#7815=ORIENTED_EDGE('',*,*,#6104,.F.);
#7816=ORIENTED_EDGE('',*,*,#6105,.F.);
#7817=ORIENTED_EDGE('',*,*,#6106,.F.);
#7818=ORIENTED_EDGE('',*,*,#6107,.F.);
#7819=ORIENTED_EDGE('',*,*,#6108,.F.);
#7820=ORIENTED_EDGE('',*,*,#6109,.F.);
#7821=ORIENTED_EDGE('',*,*,#6110,.F.);
#7822=ORIENTED_EDGE('',*,*,#6111,.F.);
#7823=ORIENTED_EDGE('',*,*,#6112,.F.);
#7824=ORIENTED_EDGE('',*,*,#6113,.F.);
#7825=ORIENTED_EDGE('',*,*,#6114,.F.);
#7826=ORIENTED_EDGE('',*,*,#6115,.F.);
#7827=ORIENTED_EDGE('',*,*,#6116,.F.);
#7828=ORIENTED_EDGE('',*,*,#6117,.F.);
#7829=ORIENTED_EDGE('',*,*,#6118,.F.);
#7830=ORIENTED_EDGE('',*,*,#6119,.F.);
#7831=ORIENTED_EDGE('',*,*,#6120,.F.);
#7832=ORIENTED_EDGE('',*,*,#6121,.F.);
#7833=ORIENTED_EDGE('',*,*,#6122,.F.);
#7834=ORIENTED_EDGE('',*,*,#6123,.F.);
#7835=ORIENTED_EDGE('',*,*,#6124,.F.);
#7836=ORIENTED_EDGE('',*,*,#6125,.F.);
#7837=ORIENTED_EDGE('',*,*,#6126,.F.);
#7838=ORIENTED_EDGE('',*,*,#6127,.F.);
#7839=ORIENTED_EDGE('',*,*,#6128,.F.);
#7840=ORIENTED_EDGE('',*,*,#6129,.F.);
#7841=ORIENTED_EDGE('',*,*,#6130,.F.);
#7842=ORIENTED_EDGE('',*,*,#6131,.F.);
#7843=ORIENTED_EDGE('',*,*,#6132,.F.);
#7844=ORIENTED_EDGE('',*,*,#6133,.F.);
#7845=ORIENTED_EDGE('',*,*,#6134,.F.);
#7846=ORIENTED_EDGE('',*,*,#6135,.F.);
#7847=ORIENTED_EDGE('',*,*,#6136,.F.);
#7848=ORIENTED_EDGE('',*,*,#6137,.F.);
#7849=ORIENTED_EDGE('',*,*,#6138,.F.);
#7850=ORIENTED_EDGE('',*,*,#6139,.F.);
#7851=ORIENTED_EDGE('',*,*,#6140,.F.);
#7852=ORIENTED_EDGE('',*,*,#6141,.F.);
#7853=ORIENTED_EDGE('',*,*,#6142,.F.);
#7854=ORIENTED_EDGE('',*,*,#6143,.F.);
#7855=ORIENTED_EDGE('',*,*,#6144,.F.);
#7856=ORIENTED_EDGE('',*,*,#6145,.F.);
#7857=ORIENTED_EDGE('',*,*,#6146,.F.);
#7858=ORIENTED_EDGE('',*,*,#6147,.F.);
#7859=ORIENTED_EDGE('',*,*,#6148,.F.);
#7860=ORIENTED_EDGE('',*,*,#6149,.F.);
#7861=ORIENTED_EDGE('',*,*,#6150,.F.);
#7862=ORIENTED_EDGE('',*,*,#6151,.F.);
#7863=ORIENTED_EDGE('',*,*,#6152,.F.);
#7864=ORIENTED_EDGE('',*,*,#6153,.F.);
#7865=ORIENTED_EDGE('',*,*,#6154,.F.);
#7866=ORIENTED_EDGE('',*,*,#6155,.F.);
#7867=ORIENTED_EDGE('',*,*,#6156,.F.);
#7868=ORIENTED_EDGE('',*,*,#6157,.F.);
#7869=ORIENTED_EDGE('',*,*,#6158,.F.);
#7870=ORIENTED_EDGE('',*,*,#6159,.F.);
#7871=ORIENTED_EDGE('',*,*,#6160,.F.);
#7872=ORIENTED_EDGE('',*,*,#6161,.F.);
#7873=ORIENTED_EDGE('',*,*,#6162,.F.);
#7874=ORIENTED_EDGE('',*,*,#6163,.F.);
#7875=ORIENTED_EDGE('',*,*,#6164,.F.);
#7876=ORIENTED_EDGE('',*,*,#6165,.F.);
#7877=ORIENTED_EDGE('',*,*,#6166,.F.);
#7878=ORIENTED_EDGE('',*,*,#6167,.F.);
#7879=ORIENTED_EDGE('',*,*,#6168,.F.);
#7880=ORIENTED_EDGE('',*,*,#6169,.F.);
#7881=ORIENTED_EDGE('',*,*,#6170,.F.);
#7882=ORIENTED_EDGE('',*,*,#6171,.F.);
#7883=ORIENTED_EDGE('',*,*,#6172,.F.);
#7884=ORIENTED_EDGE('',*,*,#6173,.F.);
#7885=ORIENTED_EDGE('',*,*,#6174,.F.);
#7886=ORIENTED_EDGE('',*,*,#6175,.F.);
#7887=ORIENTED_EDGE('',*,*,#6176,.F.);
#7888=ORIENTED_EDGE('',*,*,#6177,.F.);
#7889=ORIENTED_EDGE('',*,*,#6178,.F.);
#7890=ORIENTED_EDGE('',*,*,#6179,.F.);
#7891=ORIENTED_EDGE('',*,*,#6180,.F.);
#7892=ORIENTED_EDGE('',*,*,#6181,.F.);
#7893=ORIENTED_EDGE('',*,*,#6182,.F.);
#7894=ORIENTED_EDGE('',*,*,#6183,.F.);
#7895=ORIENTED_EDGE('',*,*,#6184,.F.);
#7896=ORIENTED_EDGE('',*,*,#6185,.F.);
#7897=ORIENTED_EDGE('',*,*,#6186,.F.);
#7898=ORIENTED_EDGE('',*,*,#6187,.F.);
#7899=ORIENTED_EDGE('',*,*,#6188,.F.);
#7900=ORIENTED_EDGE('',*,*,#6189,.F.);
#7901=ORIENTED_EDGE('',*,*,#6190,.F.);
#7902=ORIENTED_EDGE('',*,*,#6191,.F.);
#7903=ORIENTED_EDGE('',*,*,#6192,.F.);
#7904=ORIENTED_EDGE('',*,*,#6193,.F.);
#7905=ORIENTED_EDGE('',*,*,#6194,.F.);
#7906=ORIENTED_EDGE('',*,*,#6195,.F.);
#7907=ORIENTED_EDGE('',*,*,#6196,.F.);
#7908=ORIENTED_EDGE('',*,*,#6197,.T.);
#7909=ORIENTED_EDGE('',*,*,#6198,.T.);
#7910=ORIENTED_EDGE('',*,*,#6199,.T.);
#7911=ORIENTED_EDGE('',*,*,#5963,.T.);
#7912=ORIENTED_EDGE('',*,*,#6200,.T.);
#7913=ORIENTED_EDGE('',*,*,#5970,.T.);
#7914=ORIENTED_EDGE('',*,*,#6201,.T.);
#7915=ORIENTED_EDGE('',*,*,#6202,.T.);
#7916=ORIENTED_EDGE('',*,*,#6203,.T.);
#7917=ORIENTED_EDGE('',*,*,#6204,.T.);
#7918=ORIENTED_EDGE('',*,*,#6205,.T.);
#7919=ORIENTED_EDGE('',*,*,#5969,.T.);
#7920=ORIENTED_EDGE('',*,*,#6206,.T.);
#7921=ORIENTED_EDGE('',*,*,#5968,.T.);
#7922=ORIENTED_EDGE('',*,*,#6207,.T.);
#7923=ORIENTED_EDGE('',*,*,#6208,.T.);
#7924=ORIENTED_EDGE('',*,*,#6209,.T.);
#7925=ORIENTED_EDGE('',*,*,#6210,.T.);
#7926=ORIENTED_EDGE('',*,*,#6211,.T.);
#7927=ORIENTED_EDGE('',*,*,#5967,.T.);
#7928=ORIENTED_EDGE('',*,*,#6212,.T.);
#7929=ORIENTED_EDGE('',*,*,#5966,.T.);
#7930=ORIENTED_EDGE('',*,*,#6213,.T.);
#7931=ORIENTED_EDGE('',*,*,#6214,.T.);
#7932=ORIENTED_EDGE('',*,*,#6215,.T.);
#7933=ORIENTED_EDGE('',*,*,#6216,.T.);
#7934=ORIENTED_EDGE('',*,*,#6217,.T.);
#7935=ORIENTED_EDGE('',*,*,#5965,.T.);
#7936=ORIENTED_EDGE('',*,*,#6218,.T.);
#7937=ORIENTED_EDGE('',*,*,#5964,.T.);
#7938=ORIENTED_EDGE('',*,*,#6219,.T.);
#7939=ORIENTED_EDGE('',*,*,#6220,.T.);
#7940=ORIENTED_EDGE('',*,*,#6218,.F.);
#7941=ORIENTED_EDGE('',*,*,#6221,.T.);
#7942=ORIENTED_EDGE('',*,*,#6215,.F.);
#7943=ORIENTED_EDGE('',*,*,#6217,.F.);
#7944=ORIENTED_EDGE('',*,*,#6222,.T.);
#7945=ORIENTED_EDGE('',*,*,#6213,.F.);
#7946=ORIENTED_EDGE('',*,*,#6212,.F.);
#7947=ORIENTED_EDGE('',*,*,#6223,.T.);
#7948=ORIENTED_EDGE('',*,*,#6209,.F.);
#7949=ORIENTED_EDGE('',*,*,#6211,.F.);
#7950=ORIENTED_EDGE('',*,*,#6224,.T.);
#7951=ORIENTED_EDGE('',*,*,#6207,.F.);
#7952=ORIENTED_EDGE('',*,*,#6206,.F.);
#7953=ORIENTED_EDGE('',*,*,#6225,.T.);
#7954=ORIENTED_EDGE('',*,*,#6203,.F.);
#7955=ORIENTED_EDGE('',*,*,#6205,.F.);
#7956=ORIENTED_EDGE('',*,*,#6226,.T.);
#7957=ORIENTED_EDGE('',*,*,#6201,.F.);
#7958=ORIENTED_EDGE('',*,*,#6200,.F.);
#7959=ORIENTED_EDGE('',*,*,#6227,.T.);
#7960=ORIENTED_EDGE('',*,*,#6197,.F.);
#7961=ORIENTED_EDGE('',*,*,#6199,.F.);
#7962=ORIENTED_EDGE('',*,*,#6228,.T.);
#7963=ORIENTED_EDGE('',*,*,#6219,.F.);
#7964=ORIENTED_EDGE('',*,*,#6224,.F.);
#7965=ORIENTED_EDGE('',*,*,#6229,.T.);
#7966=ORIENTED_EDGE('',*,*,#6230,.T.);
#7967=ORIENTED_EDGE('',*,*,#6231,.T.);
#7968=ORIENTED_EDGE('',*,*,#6232,.F.);
#7969=ORIENTED_EDGE('',*,*,#6210,.F.);
#7970=ORIENTED_EDGE('',*,*,#6233,.F.);
#7971=ORIENTED_EDGE('',*,*,#6234,.F.);
#7972=ORIENTED_EDGE('',*,*,#6229,.F.);
#7973=ORIENTED_EDGE('',*,*,#6223,.F.);
#7974=ORIENTED_EDGE('',*,*,#6235,.F.);
#7975=ORIENTED_EDGE('',*,*,#6236,.T.);
#7976=ORIENTED_EDGE('',*,*,#6237,.F.);
#7977=ORIENTED_EDGE('',*,*,#6233,.T.);
#7978=ORIENTED_EDGE('',*,*,#6222,.F.);
#7979=ORIENTED_EDGE('',*,*,#6238,.T.);
#7980=ORIENTED_EDGE('',*,*,#6239,.T.);
#7981=ORIENTED_EDGE('',*,*,#6240,.T.);
#7982=ORIENTED_EDGE('',*,*,#6241,.F.);
#7983=ORIENTED_EDGE('',*,*,#6216,.F.);
#7984=ORIENTED_EDGE('',*,*,#6242,.F.);
#7985=ORIENTED_EDGE('',*,*,#6243,.F.);
#7986=ORIENTED_EDGE('',*,*,#6238,.F.);
#7987=ORIENTED_EDGE('',*,*,#6221,.F.);
#7988=ORIENTED_EDGE('',*,*,#6244,.F.);
#7989=ORIENTED_EDGE('',*,*,#6245,.T.);
#7990=ORIENTED_EDGE('',*,*,#6246,.F.);
#7991=ORIENTED_EDGE('',*,*,#6242,.T.);
#7992=ORIENTED_EDGE('',*,*,#6195,.T.);
#7993=ORIENTED_EDGE('',*,*,#6247,.T.);
#7994=ORIENTED_EDGE('',*,*,#6248,.F.);
#7995=ORIENTED_EDGE('',*,*,#6249,.F.);
#7996=ORIENTED_EDGE('',*,*,#6250,.T.);
#7997=ORIENTED_EDGE('',*,*,#6251,.F.);
#7998=ORIENTED_EDGE('',*,*,#6252,.F.);
#7999=ORIENTED_EDGE('',*,*,#6253,.F.);
#8000=ORIENTED_EDGE('',*,*,#6254,.T.);
#8001=ORIENTED_EDGE('',*,*,#6231,.F.);
#8002=ORIENTED_EDGE('',*,*,#6255,.F.);
#8003=ORIENTED_EDGE('',*,*,#6236,.F.);
#8004=ORIENTED_EDGE('',*,*,#6256,.T.);
#8005=ORIENTED_EDGE('',*,*,#6240,.F.);
#8006=ORIENTED_EDGE('',*,*,#6257,.F.);
#8007=ORIENTED_EDGE('',*,*,#6245,.F.);
#8008=ORIENTED_EDGE('',*,*,#6258,.T.);
#8009=ORIENTED_EDGE('',*,*,#6259,.F.);
#8010=ORIENTED_EDGE('',*,*,#6260,.F.);
#8011=ORIENTED_EDGE('',*,*,#6247,.F.);
#8012=ORIENTED_EDGE('',*,*,#6228,.F.);
#8013=ORIENTED_EDGE('',*,*,#6261,.T.);
#8014=ORIENTED_EDGE('',*,*,#6262,.T.);
#8015=ORIENTED_EDGE('',*,*,#6259,.T.);
#8016=ORIENTED_EDGE('',*,*,#6263,.F.);
#8017=ORIENTED_EDGE('',*,*,#6198,.F.);
#8018=ORIENTED_EDGE('',*,*,#6264,.F.);
#8019=ORIENTED_EDGE('',*,*,#6265,.F.);
#8020=ORIENTED_EDGE('',*,*,#6261,.F.);
#8021=ORIENTED_EDGE('',*,*,#6227,.F.);
#8022=ORIENTED_EDGE('',*,*,#6266,.F.);
#8023=ORIENTED_EDGE('',*,*,#6249,.T.);
#8024=ORIENTED_EDGE('',*,*,#6267,.F.);
#8025=ORIENTED_EDGE('',*,*,#6264,.T.);
#8026=ORIENTED_EDGE('',*,*,#6226,.F.);
#8027=ORIENTED_EDGE('',*,*,#6268,.T.);
#8028=ORIENTED_EDGE('',*,*,#6269,.T.);
#8029=ORIENTED_EDGE('',*,*,#6251,.T.);
#8030=ORIENTED_EDGE('',*,*,#6270,.F.);
#8031=ORIENTED_EDGE('',*,*,#6204,.F.);
#8032=ORIENTED_EDGE('',*,*,#6271,.F.);
#8033=ORIENTED_EDGE('',*,*,#6272,.F.);
#8034=ORIENTED_EDGE('',*,*,#6268,.F.);
#8035=ORIENTED_EDGE('',*,*,#6225,.F.);
#8036=ORIENTED_EDGE('',*,*,#6273,.F.);
#8037=ORIENTED_EDGE('',*,*,#6253,.T.);
#8038=ORIENTED_EDGE('',*,*,#6274,.F.);
#8039=ORIENTED_EDGE('',*,*,#6271,.T.);
#8040=ORIENTED_EDGE('',*,*,#6265,.T.);
#8041=ORIENTED_EDGE('',*,*,#6267,.T.);
#8042=ORIENTED_EDGE('',*,*,#6248,.T.);
#8043=ORIENTED_EDGE('',*,*,#6260,.T.);
#8044=ORIENTED_EDGE('',*,*,#6262,.F.);
#8045=ORIENTED_EDGE('',*,*,#6234,.T.);
#8046=ORIENTED_EDGE('',*,*,#6237,.T.);
#8047=ORIENTED_EDGE('',*,*,#6255,.T.);
#8048=ORIENTED_EDGE('',*,*,#6230,.F.);
#8049=ORIENTED_EDGE('',*,*,#6272,.T.);
#8050=ORIENTED_EDGE('',*,*,#6274,.T.);
#8051=ORIENTED_EDGE('',*,*,#6252,.T.);
#8052=ORIENTED_EDGE('',*,*,#6269,.F.);
#8053=ORIENTED_EDGE('',*,*,#6243,.T.);
#8054=ORIENTED_EDGE('',*,*,#6246,.T.);
#8055=ORIENTED_EDGE('',*,*,#6257,.T.);
#8056=ORIENTED_EDGE('',*,*,#6239,.F.);
#8057=ORIENTED_EDGE('',*,*,#6250,.F.);
#8058=ORIENTED_EDGE('',*,*,#6266,.T.);
#8059=ORIENTED_EDGE('',*,*,#6202,.F.);
#8060=ORIENTED_EDGE('',*,*,#6270,.T.);
#8061=ORIENTED_EDGE('',*,*,#6220,.F.);
#8062=ORIENTED_EDGE('',*,*,#6263,.T.);
#8063=ORIENTED_EDGE('',*,*,#6258,.F.);
#8064=ORIENTED_EDGE('',*,*,#6244,.T.);
#8065=ORIENTED_EDGE('',*,*,#6214,.F.);
#8066=ORIENTED_EDGE('',*,*,#6241,.T.);
#8067=ORIENTED_EDGE('',*,*,#6256,.F.);
#8068=ORIENTED_EDGE('',*,*,#6235,.T.);
#8069=ORIENTED_EDGE('',*,*,#6208,.F.);
#8070=ORIENTED_EDGE('',*,*,#6232,.T.);
#8071=ORIENTED_EDGE('',*,*,#6254,.F.);
#8072=ORIENTED_EDGE('',*,*,#6273,.T.);
#8073=ORIENTED_EDGE('',*,*,#6275,.T.);
#8074=ORIENTED_EDGE('',*,*,#6276,.T.);
#8075=ORIENTED_EDGE('',*,*,#6277,.T.);
#8076=ORIENTED_EDGE('',*,*,#5998,.T.);
#8077=ORIENTED_EDGE('',*,*,#6278,.T.);
#8078=ORIENTED_EDGE('',*,*,#6005,.T.);
#8079=ORIENTED_EDGE('',*,*,#6279,.T.);
#8080=ORIENTED_EDGE('',*,*,#6280,.T.);
#8081=ORIENTED_EDGE('',*,*,#6281,.T.);
#8082=ORIENTED_EDGE('',*,*,#6282,.T.);
#8083=ORIENTED_EDGE('',*,*,#6283,.T.);
#8084=ORIENTED_EDGE('',*,*,#6004,.T.);
#8085=ORIENTED_EDGE('',*,*,#6284,.T.);
#8086=ORIENTED_EDGE('',*,*,#6003,.T.);
#8087=ORIENTED_EDGE('',*,*,#6285,.T.);
#8088=ORIENTED_EDGE('',*,*,#6286,.T.);
#8089=ORIENTED_EDGE('',*,*,#6287,.T.);
#8090=ORIENTED_EDGE('',*,*,#6288,.T.);
#8091=ORIENTED_EDGE('',*,*,#6289,.T.);
#8092=ORIENTED_EDGE('',*,*,#6002,.T.);
#8093=ORIENTED_EDGE('',*,*,#6290,.T.);
#8094=ORIENTED_EDGE('',*,*,#6001,.T.);
#8095=ORIENTED_EDGE('',*,*,#6291,.T.);
#8096=ORIENTED_EDGE('',*,*,#6292,.T.);
#8097=ORIENTED_EDGE('',*,*,#6293,.T.);
#8098=ORIENTED_EDGE('',*,*,#6294,.T.);
#8099=ORIENTED_EDGE('',*,*,#6295,.T.);
#8100=ORIENTED_EDGE('',*,*,#6000,.T.);
#8101=ORIENTED_EDGE('',*,*,#6296,.T.);
#8102=ORIENTED_EDGE('',*,*,#5999,.T.);
#8103=ORIENTED_EDGE('',*,*,#6297,.T.);
#8104=ORIENTED_EDGE('',*,*,#6298,.T.);
#8105=ORIENTED_EDGE('',*,*,#6296,.F.);
#8106=ORIENTED_EDGE('',*,*,#6299,.T.);
#8107=ORIENTED_EDGE('',*,*,#6293,.F.);
#8108=ORIENTED_EDGE('',*,*,#6295,.F.);
#8109=ORIENTED_EDGE('',*,*,#6300,.T.);
#8110=ORIENTED_EDGE('',*,*,#6291,.F.);
#8111=ORIENTED_EDGE('',*,*,#6290,.F.);
#8112=ORIENTED_EDGE('',*,*,#6301,.T.);
#8113=ORIENTED_EDGE('',*,*,#6287,.F.);
#8114=ORIENTED_EDGE('',*,*,#6289,.F.);
#8115=ORIENTED_EDGE('',*,*,#6302,.T.);
#8116=ORIENTED_EDGE('',*,*,#6285,.F.);
#8117=ORIENTED_EDGE('',*,*,#6284,.F.);
#8118=ORIENTED_EDGE('',*,*,#6303,.T.);
#8119=ORIENTED_EDGE('',*,*,#6281,.F.);
#8120=ORIENTED_EDGE('',*,*,#6283,.F.);
#8121=ORIENTED_EDGE('',*,*,#6304,.T.);
#8122=ORIENTED_EDGE('',*,*,#6279,.F.);
#8123=ORIENTED_EDGE('',*,*,#6278,.F.);
#8124=ORIENTED_EDGE('',*,*,#6305,.T.);
#8125=ORIENTED_EDGE('',*,*,#6275,.F.);
#8126=ORIENTED_EDGE('',*,*,#6277,.F.);
#8127=ORIENTED_EDGE('',*,*,#6306,.T.);
#8128=ORIENTED_EDGE('',*,*,#6297,.F.);
#8129=ORIENTED_EDGE('',*,*,#6302,.F.);
#8130=ORIENTED_EDGE('',*,*,#6307,.T.);
#8131=ORIENTED_EDGE('',*,*,#6308,.T.);
#8132=ORIENTED_EDGE('',*,*,#6309,.T.);
#8133=ORIENTED_EDGE('',*,*,#6310,.F.);
#8134=ORIENTED_EDGE('',*,*,#6288,.F.);
#8135=ORIENTED_EDGE('',*,*,#6311,.F.);
#8136=ORIENTED_EDGE('',*,*,#6312,.F.);
#8137=ORIENTED_EDGE('',*,*,#6307,.F.);
#8138=ORIENTED_EDGE('',*,*,#6301,.F.);
#8139=ORIENTED_EDGE('',*,*,#6313,.F.);
#8140=ORIENTED_EDGE('',*,*,#6314,.T.);
#8141=ORIENTED_EDGE('',*,*,#6315,.F.);
#8142=ORIENTED_EDGE('',*,*,#6311,.T.);
#8143=ORIENTED_EDGE('',*,*,#6300,.F.);
#8144=ORIENTED_EDGE('',*,*,#6316,.T.);
#8145=ORIENTED_EDGE('',*,*,#6317,.T.);
#8146=ORIENTED_EDGE('',*,*,#6318,.T.);
#8147=ORIENTED_EDGE('',*,*,#6319,.F.);
#8148=ORIENTED_EDGE('',*,*,#6294,.F.);
#8149=ORIENTED_EDGE('',*,*,#6320,.F.);
#8150=ORIENTED_EDGE('',*,*,#6321,.F.);
#8151=ORIENTED_EDGE('',*,*,#6316,.F.);
#8152=ORIENTED_EDGE('',*,*,#6299,.F.);
#8153=ORIENTED_EDGE('',*,*,#6322,.F.);
#8154=ORIENTED_EDGE('',*,*,#6323,.T.);
#8155=ORIENTED_EDGE('',*,*,#6324,.F.);
#8156=ORIENTED_EDGE('',*,*,#6320,.T.);
#8157=ORIENTED_EDGE('',*,*,#6193,.T.);
#8158=ORIENTED_EDGE('',*,*,#6325,.T.);
#8159=ORIENTED_EDGE('',*,*,#6326,.F.);
#8160=ORIENTED_EDGE('',*,*,#6327,.F.);
#8161=ORIENTED_EDGE('',*,*,#6328,.T.);
#8162=ORIENTED_EDGE('',*,*,#6329,.F.);
#8163=ORIENTED_EDGE('',*,*,#6330,.F.);
#8164=ORIENTED_EDGE('',*,*,#6331,.F.);
#8165=ORIENTED_EDGE('',*,*,#6332,.T.);
#8166=ORIENTED_EDGE('',*,*,#6309,.F.);
#8167=ORIENTED_EDGE('',*,*,#6333,.F.);
#8168=ORIENTED_EDGE('',*,*,#6314,.F.);
#8169=ORIENTED_EDGE('',*,*,#6334,.T.);
#8170=ORIENTED_EDGE('',*,*,#6318,.F.);
#8171=ORIENTED_EDGE('',*,*,#6335,.F.);
#8172=ORIENTED_EDGE('',*,*,#6323,.F.);
#8173=ORIENTED_EDGE('',*,*,#6336,.T.);
#8174=ORIENTED_EDGE('',*,*,#6337,.F.);
#8175=ORIENTED_EDGE('',*,*,#6338,.F.);
#8176=ORIENTED_EDGE('',*,*,#6325,.F.);
#8177=ORIENTED_EDGE('',*,*,#6306,.F.);
#8178=ORIENTED_EDGE('',*,*,#6339,.T.);
#8179=ORIENTED_EDGE('',*,*,#6340,.T.);
#8180=ORIENTED_EDGE('',*,*,#6337,.T.);
#8181=ORIENTED_EDGE('',*,*,#6341,.F.);
#8182=ORIENTED_EDGE('',*,*,#6276,.F.);
#8183=ORIENTED_EDGE('',*,*,#6342,.F.);
#8184=ORIENTED_EDGE('',*,*,#6343,.F.);
#8185=ORIENTED_EDGE('',*,*,#6339,.F.);
#8186=ORIENTED_EDGE('',*,*,#6305,.F.);
#8187=ORIENTED_EDGE('',*,*,#6344,.F.);
#8188=ORIENTED_EDGE('',*,*,#6327,.T.);
#8189=ORIENTED_EDGE('',*,*,#6345,.F.);
#8190=ORIENTED_EDGE('',*,*,#6342,.T.);
#8191=ORIENTED_EDGE('',*,*,#6304,.F.);
#8192=ORIENTED_EDGE('',*,*,#6346,.T.);
#8193=ORIENTED_EDGE('',*,*,#6347,.T.);
#8194=ORIENTED_EDGE('',*,*,#6329,.T.);
#8195=ORIENTED_EDGE('',*,*,#6348,.F.);
#8196=ORIENTED_EDGE('',*,*,#6282,.F.);
#8197=ORIENTED_EDGE('',*,*,#6349,.F.);
#8198=ORIENTED_EDGE('',*,*,#6350,.F.);
#8199=ORIENTED_EDGE('',*,*,#6346,.F.);
#8200=ORIENTED_EDGE('',*,*,#6303,.F.);
#8201=ORIENTED_EDGE('',*,*,#6351,.F.);
#8202=ORIENTED_EDGE('',*,*,#6331,.T.);
#8203=ORIENTED_EDGE('',*,*,#6352,.F.);
#8204=ORIENTED_EDGE('',*,*,#6349,.T.);
#8205=ORIENTED_EDGE('',*,*,#6343,.T.);
#8206=ORIENTED_EDGE('',*,*,#6345,.T.);
#8207=ORIENTED_EDGE('',*,*,#6326,.T.);
#8208=ORIENTED_EDGE('',*,*,#6338,.T.);
#8209=ORIENTED_EDGE('',*,*,#6340,.F.);
#8210=ORIENTED_EDGE('',*,*,#6312,.T.);
#8211=ORIENTED_EDGE('',*,*,#6315,.T.);
#8212=ORIENTED_EDGE('',*,*,#6333,.T.);
#8213=ORIENTED_EDGE('',*,*,#6308,.F.);
#8214=ORIENTED_EDGE('',*,*,#6350,.T.);
#8215=ORIENTED_EDGE('',*,*,#6352,.T.);
#8216=ORIENTED_EDGE('',*,*,#6330,.T.);
#8217=ORIENTED_EDGE('',*,*,#6347,.F.);
#8218=ORIENTED_EDGE('',*,*,#6321,.T.);
#8219=ORIENTED_EDGE('',*,*,#6324,.T.);
#8220=ORIENTED_EDGE('',*,*,#6335,.T.);
#8221=ORIENTED_EDGE('',*,*,#6317,.F.);
#8222=ORIENTED_EDGE('',*,*,#6328,.F.);
#8223=ORIENTED_EDGE('',*,*,#6344,.T.);
#8224=ORIENTED_EDGE('',*,*,#6280,.F.);
#8225=ORIENTED_EDGE('',*,*,#6348,.T.);
#8226=ORIENTED_EDGE('',*,*,#6298,.F.);
#8227=ORIENTED_EDGE('',*,*,#6341,.T.);
#8228=ORIENTED_EDGE('',*,*,#6336,.F.);
#8229=ORIENTED_EDGE('',*,*,#6322,.T.);
#8230=ORIENTED_EDGE('',*,*,#6292,.F.);
#8231=ORIENTED_EDGE('',*,*,#6319,.T.);
#8232=ORIENTED_EDGE('',*,*,#6334,.F.);
#8233=ORIENTED_EDGE('',*,*,#6313,.T.);
#8234=ORIENTED_EDGE('',*,*,#6286,.F.);
#8235=ORIENTED_EDGE('',*,*,#6310,.T.);
#8236=ORIENTED_EDGE('',*,*,#6332,.F.);
#8237=ORIENTED_EDGE('',*,*,#6351,.T.);
#8238=ORIENTED_EDGE('',*,*,#6353,.T.);
#8239=ORIENTED_EDGE('',*,*,#6354,.T.);
#8240=ORIENTED_EDGE('',*,*,#6355,.T.);
#8241=ORIENTED_EDGE('',*,*,#5971,.T.);
#8242=ORIENTED_EDGE('',*,*,#6356,.T.);
#8243=ORIENTED_EDGE('',*,*,#5978,.T.);
#8244=ORIENTED_EDGE('',*,*,#6357,.T.);
#8245=ORIENTED_EDGE('',*,*,#6358,.T.);
#8246=ORIENTED_EDGE('',*,*,#6359,.T.);
#8247=ORIENTED_EDGE('',*,*,#6360,.T.);
#8248=ORIENTED_EDGE('',*,*,#6361,.T.);
#8249=ORIENTED_EDGE('',*,*,#5977,.T.);
#8250=ORIENTED_EDGE('',*,*,#6362,.T.);
#8251=ORIENTED_EDGE('',*,*,#5976,.T.);
#8252=ORIENTED_EDGE('',*,*,#6363,.T.);
#8253=ORIENTED_EDGE('',*,*,#6364,.T.);
#8254=ORIENTED_EDGE('',*,*,#6365,.T.);
#8255=ORIENTED_EDGE('',*,*,#6366,.T.);
#8256=ORIENTED_EDGE('',*,*,#6367,.T.);
#8257=ORIENTED_EDGE('',*,*,#5975,.T.);
#8258=ORIENTED_EDGE('',*,*,#6368,.T.);
#8259=ORIENTED_EDGE('',*,*,#5974,.T.);
#8260=ORIENTED_EDGE('',*,*,#6369,.T.);
#8261=ORIENTED_EDGE('',*,*,#6370,.T.);
#8262=ORIENTED_EDGE('',*,*,#6371,.T.);
#8263=ORIENTED_EDGE('',*,*,#6372,.T.);
#8264=ORIENTED_EDGE('',*,*,#6373,.T.);
#8265=ORIENTED_EDGE('',*,*,#5973,.T.);
#8266=ORIENTED_EDGE('',*,*,#6374,.T.);
#8267=ORIENTED_EDGE('',*,*,#5972,.T.);
#8268=ORIENTED_EDGE('',*,*,#6375,.T.);
#8269=ORIENTED_EDGE('',*,*,#6376,.T.);
#8270=ORIENTED_EDGE('',*,*,#6374,.F.);
#8271=ORIENTED_EDGE('',*,*,#6377,.T.);
#8272=ORIENTED_EDGE('',*,*,#6371,.F.);
#8273=ORIENTED_EDGE('',*,*,#6373,.F.);
#8274=ORIENTED_EDGE('',*,*,#6378,.T.);
#8275=ORIENTED_EDGE('',*,*,#6369,.F.);
#8276=ORIENTED_EDGE('',*,*,#6368,.F.);
#8277=ORIENTED_EDGE('',*,*,#6379,.T.);
#8278=ORIENTED_EDGE('',*,*,#6365,.F.);
#8279=ORIENTED_EDGE('',*,*,#6367,.F.);
#8280=ORIENTED_EDGE('',*,*,#6380,.T.);
#8281=ORIENTED_EDGE('',*,*,#6363,.F.);
#8282=ORIENTED_EDGE('',*,*,#6362,.F.);
#8283=ORIENTED_EDGE('',*,*,#6381,.T.);
#8284=ORIENTED_EDGE('',*,*,#6359,.F.);
#8285=ORIENTED_EDGE('',*,*,#6361,.F.);
#8286=ORIENTED_EDGE('',*,*,#6382,.T.);
#8287=ORIENTED_EDGE('',*,*,#6357,.F.);
#8288=ORIENTED_EDGE('',*,*,#6356,.F.);
#8289=ORIENTED_EDGE('',*,*,#6383,.T.);
#8290=ORIENTED_EDGE('',*,*,#6353,.F.);
#8291=ORIENTED_EDGE('',*,*,#6355,.F.);
#8292=ORIENTED_EDGE('',*,*,#6384,.T.);
#8293=ORIENTED_EDGE('',*,*,#6375,.F.);
#8294=ORIENTED_EDGE('',*,*,#6380,.F.);
#8295=ORIENTED_EDGE('',*,*,#6385,.T.);
#8296=ORIENTED_EDGE('',*,*,#6386,.T.);
#8297=ORIENTED_EDGE('',*,*,#6387,.T.);
#8298=ORIENTED_EDGE('',*,*,#6388,.F.);
#8299=ORIENTED_EDGE('',*,*,#6366,.F.);
#8300=ORIENTED_EDGE('',*,*,#6389,.F.);
#8301=ORIENTED_EDGE('',*,*,#6390,.F.);
#8302=ORIENTED_EDGE('',*,*,#6385,.F.);
#8303=ORIENTED_EDGE('',*,*,#6379,.F.);
#8304=ORIENTED_EDGE('',*,*,#6391,.F.);
#8305=ORIENTED_EDGE('',*,*,#6392,.T.);
#8306=ORIENTED_EDGE('',*,*,#6393,.F.);
#8307=ORIENTED_EDGE('',*,*,#6389,.T.);
#8308=ORIENTED_EDGE('',*,*,#6378,.F.);
#8309=ORIENTED_EDGE('',*,*,#6394,.T.);
#8310=ORIENTED_EDGE('',*,*,#6395,.T.);
#8311=ORIENTED_EDGE('',*,*,#6396,.T.);
#8312=ORIENTED_EDGE('',*,*,#6397,.F.);
#8313=ORIENTED_EDGE('',*,*,#6372,.F.);
#8314=ORIENTED_EDGE('',*,*,#6398,.F.);
#8315=ORIENTED_EDGE('',*,*,#6399,.F.);
#8316=ORIENTED_EDGE('',*,*,#6394,.F.);
#8317=ORIENTED_EDGE('',*,*,#6377,.F.);
#8318=ORIENTED_EDGE('',*,*,#6400,.F.);
#8319=ORIENTED_EDGE('',*,*,#6401,.T.);
#8320=ORIENTED_EDGE('',*,*,#6402,.F.);
#8321=ORIENTED_EDGE('',*,*,#6398,.T.);
#8322=ORIENTED_EDGE('',*,*,#6194,.T.);
#8323=ORIENTED_EDGE('',*,*,#6403,.T.);
#8324=ORIENTED_EDGE('',*,*,#6404,.F.);
#8325=ORIENTED_EDGE('',*,*,#6405,.F.);
#8326=ORIENTED_EDGE('',*,*,#6406,.T.);
#8327=ORIENTED_EDGE('',*,*,#6407,.F.);
#8328=ORIENTED_EDGE('',*,*,#6408,.F.);
#8329=ORIENTED_EDGE('',*,*,#6409,.F.);
#8330=ORIENTED_EDGE('',*,*,#6410,.T.);
#8331=ORIENTED_EDGE('',*,*,#6387,.F.);
#8332=ORIENTED_EDGE('',*,*,#6411,.F.);
#8333=ORIENTED_EDGE('',*,*,#6392,.F.);
#8334=ORIENTED_EDGE('',*,*,#6412,.T.);
#8335=ORIENTED_EDGE('',*,*,#6396,.F.);
#8336=ORIENTED_EDGE('',*,*,#6413,.F.);
#8337=ORIENTED_EDGE('',*,*,#6401,.F.);
#8338=ORIENTED_EDGE('',*,*,#6414,.T.);
#8339=ORIENTED_EDGE('',*,*,#6415,.F.);
#8340=ORIENTED_EDGE('',*,*,#6416,.F.);
#8341=ORIENTED_EDGE('',*,*,#6403,.F.);
#8342=ORIENTED_EDGE('',*,*,#6384,.F.);
#8343=ORIENTED_EDGE('',*,*,#6417,.T.);
#8344=ORIENTED_EDGE('',*,*,#6418,.T.);
#8345=ORIENTED_EDGE('',*,*,#6415,.T.);
#8346=ORIENTED_EDGE('',*,*,#6419,.F.);
#8347=ORIENTED_EDGE('',*,*,#6354,.F.);
#8348=ORIENTED_EDGE('',*,*,#6420,.F.);
#8349=ORIENTED_EDGE('',*,*,#6421,.F.);
#8350=ORIENTED_EDGE('',*,*,#6417,.F.);
#8351=ORIENTED_EDGE('',*,*,#6383,.F.);
#8352=ORIENTED_EDGE('',*,*,#6422,.F.);
#8353=ORIENTED_EDGE('',*,*,#6405,.T.);
#8354=ORIENTED_EDGE('',*,*,#6423,.F.);
#8355=ORIENTED_EDGE('',*,*,#6420,.T.);
#8356=ORIENTED_EDGE('',*,*,#6382,.F.);
#8357=ORIENTED_EDGE('',*,*,#6424,.T.);
#8358=ORIENTED_EDGE('',*,*,#6425,.T.);
#8359=ORIENTED_EDGE('',*,*,#6407,.T.);
#8360=ORIENTED_EDGE('',*,*,#6426,.F.);
#8361=ORIENTED_EDGE('',*,*,#6360,.F.);
#8362=ORIENTED_EDGE('',*,*,#6427,.F.);
#8363=ORIENTED_EDGE('',*,*,#6428,.F.);
#8364=ORIENTED_EDGE('',*,*,#6424,.F.);
#8365=ORIENTED_EDGE('',*,*,#6381,.F.);
#8366=ORIENTED_EDGE('',*,*,#6429,.F.);
#8367=ORIENTED_EDGE('',*,*,#6409,.T.);
#8368=ORIENTED_EDGE('',*,*,#6430,.F.);
#8369=ORIENTED_EDGE('',*,*,#6427,.T.);
#8370=ORIENTED_EDGE('',*,*,#6421,.T.);
#8371=ORIENTED_EDGE('',*,*,#6423,.T.);
#8372=ORIENTED_EDGE('',*,*,#6404,.T.);
#8373=ORIENTED_EDGE('',*,*,#6416,.T.);
#8374=ORIENTED_EDGE('',*,*,#6418,.F.);
#8375=ORIENTED_EDGE('',*,*,#6390,.T.);
#8376=ORIENTED_EDGE('',*,*,#6393,.T.);
#8377=ORIENTED_EDGE('',*,*,#6411,.T.);
#8378=ORIENTED_EDGE('',*,*,#6386,.F.);
#8379=ORIENTED_EDGE('',*,*,#6428,.T.);
#8380=ORIENTED_EDGE('',*,*,#6430,.T.);
#8381=ORIENTED_EDGE('',*,*,#6408,.T.);
#8382=ORIENTED_EDGE('',*,*,#6425,.F.);
#8383=ORIENTED_EDGE('',*,*,#6399,.T.);
#8384=ORIENTED_EDGE('',*,*,#6402,.T.);
#8385=ORIENTED_EDGE('',*,*,#6413,.T.);
#8386=ORIENTED_EDGE('',*,*,#6395,.F.);
#8387=ORIENTED_EDGE('',*,*,#6406,.F.);
#8388=ORIENTED_EDGE('',*,*,#6422,.T.);
#8389=ORIENTED_EDGE('',*,*,#6358,.F.);
#8390=ORIENTED_EDGE('',*,*,#6426,.T.);
#8391=ORIENTED_EDGE('',*,*,#6376,.F.);
#8392=ORIENTED_EDGE('',*,*,#6419,.T.);
#8393=ORIENTED_EDGE('',*,*,#6414,.F.);
#8394=ORIENTED_EDGE('',*,*,#6400,.T.);
#8395=ORIENTED_EDGE('',*,*,#6370,.F.);
#8396=ORIENTED_EDGE('',*,*,#6397,.T.);
#8397=ORIENTED_EDGE('',*,*,#6412,.F.);
#8398=ORIENTED_EDGE('',*,*,#6391,.T.);
#8399=ORIENTED_EDGE('',*,*,#6364,.F.);
#8400=ORIENTED_EDGE('',*,*,#6388,.T.);
#8401=ORIENTED_EDGE('',*,*,#6410,.F.);
#8402=ORIENTED_EDGE('',*,*,#6429,.T.);
#8403=ORIENTED_EDGE('',*,*,#6431,.T.);
#8404=ORIENTED_EDGE('',*,*,#6432,.T.);
#8405=ORIENTED_EDGE('',*,*,#6433,.T.);
#8406=ORIENTED_EDGE('',*,*,#5990,.T.);
#8407=ORIENTED_EDGE('',*,*,#6434,.T.);
#8408=ORIENTED_EDGE('',*,*,#5997,.T.);
#8409=ORIENTED_EDGE('',*,*,#6435,.T.);
#8410=ORIENTED_EDGE('',*,*,#6436,.T.);
#8411=ORIENTED_EDGE('',*,*,#6437,.T.);
#8412=ORIENTED_EDGE('',*,*,#6438,.T.);
#8413=ORIENTED_EDGE('',*,*,#6439,.T.);
#8414=ORIENTED_EDGE('',*,*,#5996,.T.);
#8415=ORIENTED_EDGE('',*,*,#6440,.T.);
#8416=ORIENTED_EDGE('',*,*,#5995,.T.);
#8417=ORIENTED_EDGE('',*,*,#6441,.T.);
#8418=ORIENTED_EDGE('',*,*,#6442,.T.);
#8419=ORIENTED_EDGE('',*,*,#6443,.T.);
#8420=ORIENTED_EDGE('',*,*,#6444,.T.);
#8421=ORIENTED_EDGE('',*,*,#6445,.T.);
#8422=ORIENTED_EDGE('',*,*,#5994,.T.);
#8423=ORIENTED_EDGE('',*,*,#6446,.T.);
#8424=ORIENTED_EDGE('',*,*,#5993,.T.);
#8425=ORIENTED_EDGE('',*,*,#6447,.T.);
#8426=ORIENTED_EDGE('',*,*,#6448,.T.);
#8427=ORIENTED_EDGE('',*,*,#6449,.T.);
#8428=ORIENTED_EDGE('',*,*,#6450,.T.);
#8429=ORIENTED_EDGE('',*,*,#6451,.T.);
#8430=ORIENTED_EDGE('',*,*,#5992,.T.);
#8431=ORIENTED_EDGE('',*,*,#6452,.T.);
#8432=ORIENTED_EDGE('',*,*,#5991,.T.);
#8433=ORIENTED_EDGE('',*,*,#6453,.T.);
#8434=ORIENTED_EDGE('',*,*,#6454,.T.);
#8435=ORIENTED_EDGE('',*,*,#6452,.F.);
#8436=ORIENTED_EDGE('',*,*,#6455,.T.);
#8437=ORIENTED_EDGE('',*,*,#6449,.F.);
#8438=ORIENTED_EDGE('',*,*,#6451,.F.);
#8439=ORIENTED_EDGE('',*,*,#6456,.T.);
#8440=ORIENTED_EDGE('',*,*,#6447,.F.);
#8441=ORIENTED_EDGE('',*,*,#6446,.F.);
#8442=ORIENTED_EDGE('',*,*,#6457,.T.);
#8443=ORIENTED_EDGE('',*,*,#6443,.F.);
#8444=ORIENTED_EDGE('',*,*,#6445,.F.);
#8445=ORIENTED_EDGE('',*,*,#6458,.T.);
#8446=ORIENTED_EDGE('',*,*,#6441,.F.);
#8447=ORIENTED_EDGE('',*,*,#6440,.F.);
#8448=ORIENTED_EDGE('',*,*,#6459,.T.);
#8449=ORIENTED_EDGE('',*,*,#6437,.F.);
#8450=ORIENTED_EDGE('',*,*,#6439,.F.);
#8451=ORIENTED_EDGE('',*,*,#6460,.T.);
#8452=ORIENTED_EDGE('',*,*,#6435,.F.);
#8453=ORIENTED_EDGE('',*,*,#6434,.F.);
#8454=ORIENTED_EDGE('',*,*,#6461,.T.);
#8455=ORIENTED_EDGE('',*,*,#6431,.F.);
#8456=ORIENTED_EDGE('',*,*,#6433,.F.);
#8457=ORIENTED_EDGE('',*,*,#6462,.T.);
#8458=ORIENTED_EDGE('',*,*,#6453,.F.);
#8459=ORIENTED_EDGE('',*,*,#6458,.F.);
#8460=ORIENTED_EDGE('',*,*,#6463,.T.);
#8461=ORIENTED_EDGE('',*,*,#6464,.T.);
#8462=ORIENTED_EDGE('',*,*,#6465,.T.);
#8463=ORIENTED_EDGE('',*,*,#6466,.T.);
#8464=ORIENTED_EDGE('',*,*,#6444,.F.);
#8465=ORIENTED_EDGE('',*,*,#6467,.F.);
#8466=ORIENTED_EDGE('',*,*,#6468,.F.);
#8467=ORIENTED_EDGE('',*,*,#6463,.F.);
#8468=ORIENTED_EDGE('',*,*,#6457,.F.);
#8469=ORIENTED_EDGE('',*,*,#6469,.T.);
#8470=ORIENTED_EDGE('',*,*,#6470,.T.);
#8471=ORIENTED_EDGE('',*,*,#6471,.F.);
#8472=ORIENTED_EDGE('',*,*,#6467,.T.);
#8473=ORIENTED_EDGE('',*,*,#6448,.F.);
#8474=ORIENTED_EDGE('',*,*,#6472,.F.);
#8475=ORIENTED_EDGE('',*,*,#6473,.F.);
#8476=ORIENTED_EDGE('',*,*,#6469,.F.);
#8477=ORIENTED_EDGE('',*,*,#6456,.F.);
#8478=ORIENTED_EDGE('',*,*,#6474,.T.);
#8479=ORIENTED_EDGE('',*,*,#6475,.T.);
#8480=ORIENTED_EDGE('',*,*,#6476,.T.);
#8481=ORIENTED_EDGE('',*,*,#6472,.T.);
#8482=ORIENTED_EDGE('',*,*,#6450,.F.);
#8483=ORIENTED_EDGE('',*,*,#6477,.F.);
#8484=ORIENTED_EDGE('',*,*,#6478,.F.);
#8485=ORIENTED_EDGE('',*,*,#6474,.F.);
#8486=ORIENTED_EDGE('',*,*,#6455,.F.);
#8487=ORIENTED_EDGE('',*,*,#6479,.T.);
#8488=ORIENTED_EDGE('',*,*,#6480,.T.);
#8489=ORIENTED_EDGE('',*,*,#6481,.F.);
#8490=ORIENTED_EDGE('',*,*,#6477,.T.);
#8491=ORIENTED_EDGE('',*,*,#6454,.F.);
#8492=ORIENTED_EDGE('',*,*,#6482,.F.);
#8493=ORIENTED_EDGE('',*,*,#6483,.F.);
#8494=ORIENTED_EDGE('',*,*,#6479,.F.);
#8495=ORIENTED_EDGE('',*,*,#6196,.T.);
#8496=ORIENTED_EDGE('',*,*,#6484,.T.);
#8497=ORIENTED_EDGE('',*,*,#6485,.F.);
#8498=ORIENTED_EDGE('',*,*,#6486,.F.);
#8499=ORIENTED_EDGE('',*,*,#6487,.T.);
#8500=ORIENTED_EDGE('',*,*,#6488,.F.);
#8501=ORIENTED_EDGE('',*,*,#6489,.F.);
#8502=ORIENTED_EDGE('',*,*,#6490,.F.);
#8503=ORIENTED_EDGE('',*,*,#6491,.T.);
#8504=ORIENTED_EDGE('',*,*,#6465,.F.);
#8505=ORIENTED_EDGE('',*,*,#6492,.F.);
#8506=ORIENTED_EDGE('',*,*,#6470,.F.);
#8507=ORIENTED_EDGE('',*,*,#6473,.T.);
#8508=ORIENTED_EDGE('',*,*,#6476,.F.);
#8509=ORIENTED_EDGE('',*,*,#6493,.F.);
#8510=ORIENTED_EDGE('',*,*,#6480,.F.);
#8511=ORIENTED_EDGE('',*,*,#6483,.T.);
#8512=ORIENTED_EDGE('',*,*,#6494,.F.);
#8513=ORIENTED_EDGE('',*,*,#6495,.F.);
#8514=ORIENTED_EDGE('',*,*,#6484,.F.);
#8515=ORIENTED_EDGE('',*,*,#6462,.F.);
#8516=ORIENTED_EDGE('',*,*,#6496,.T.);
#8517=ORIENTED_EDGE('',*,*,#6497,.T.);
#8518=ORIENTED_EDGE('',*,*,#6494,.T.);
#8519=ORIENTED_EDGE('',*,*,#6482,.T.);
#8520=ORIENTED_EDGE('',*,*,#6432,.F.);
#8521=ORIENTED_EDGE('',*,*,#6498,.F.);
#8522=ORIENTED_EDGE('',*,*,#6499,.F.);
#8523=ORIENTED_EDGE('',*,*,#6496,.F.);
#8524=ORIENTED_EDGE('',*,*,#6461,.F.);
#8525=ORIENTED_EDGE('',*,*,#6500,.T.);
#8526=ORIENTED_EDGE('',*,*,#6486,.T.);
#8527=ORIENTED_EDGE('',*,*,#6501,.F.);
#8528=ORIENTED_EDGE('',*,*,#6498,.T.);
#8529=ORIENTED_EDGE('',*,*,#6436,.F.);
#8530=ORIENTED_EDGE('',*,*,#6502,.F.);
#8531=ORIENTED_EDGE('',*,*,#6487,.F.);
#8532=ORIENTED_EDGE('',*,*,#6500,.F.);
#8533=ORIENTED_EDGE('',*,*,#6460,.F.);
#8534=ORIENTED_EDGE('',*,*,#6503,.T.);
#8535=ORIENTED_EDGE('',*,*,#6504,.T.);
#8536=ORIENTED_EDGE('',*,*,#6488,.T.);
#8537=ORIENTED_EDGE('',*,*,#6502,.T.);
#8538=ORIENTED_EDGE('',*,*,#6438,.F.);
#8539=ORIENTED_EDGE('',*,*,#6505,.F.);
#8540=ORIENTED_EDGE('',*,*,#6506,.F.);
#8541=ORIENTED_EDGE('',*,*,#6503,.F.);
#8542=ORIENTED_EDGE('',*,*,#6459,.F.);
#8543=ORIENTED_EDGE('',*,*,#6507,.T.);
#8544=ORIENTED_EDGE('',*,*,#6490,.T.);
#8545=ORIENTED_EDGE('',*,*,#6508,.F.);
#8546=ORIENTED_EDGE('',*,*,#6505,.T.);
#8547=ORIENTED_EDGE('',*,*,#6442,.F.);
#8548=ORIENTED_EDGE('',*,*,#6466,.F.);
#8549=ORIENTED_EDGE('',*,*,#6491,.F.);
#8550=ORIENTED_EDGE('',*,*,#6507,.F.);
#8551=ORIENTED_EDGE('',*,*,#6499,.T.);
#8552=ORIENTED_EDGE('',*,*,#6501,.T.);
#8553=ORIENTED_EDGE('',*,*,#6485,.T.);
#8554=ORIENTED_EDGE('',*,*,#6495,.T.);
#8555=ORIENTED_EDGE('',*,*,#6497,.F.);
#8556=ORIENTED_EDGE('',*,*,#6468,.T.);
#8557=ORIENTED_EDGE('',*,*,#6471,.T.);
#8558=ORIENTED_EDGE('',*,*,#6492,.T.);
#8559=ORIENTED_EDGE('',*,*,#6464,.F.);
#8560=ORIENTED_EDGE('',*,*,#6506,.T.);
#8561=ORIENTED_EDGE('',*,*,#6508,.T.);
#8562=ORIENTED_EDGE('',*,*,#6489,.T.);
#8563=ORIENTED_EDGE('',*,*,#6504,.F.);
#8564=ORIENTED_EDGE('',*,*,#6478,.T.);
#8565=ORIENTED_EDGE('',*,*,#6481,.T.);
#8566=ORIENTED_EDGE('',*,*,#6493,.T.);
#8567=ORIENTED_EDGE('',*,*,#6475,.F.);
#8568=ORIENTED_EDGE('',*,*,#5911,.F.);
#8569=ORIENTED_EDGE('',*,*,#5989,.T.);
#8570=ORIENTED_EDGE('',*,*,#6509,.F.);
#8571=ORIENTED_EDGE('',*,*,#5728,.F.);
#8572=ORIENTED_EDGE('',*,*,#5988,.T.);
#8573=ORIENTED_EDGE('',*,*,#6510,.F.);
#8574=ORIENTED_EDGE('',*,*,#5729,.F.);
#8575=ORIENTED_EDGE('',*,*,#6509,.T.);
#8576=ORIENTED_EDGE('',*,*,#5912,.F.);
#8577=ORIENTED_EDGE('',*,*,#5730,.F.);
#8578=ORIENTED_EDGE('',*,*,#6510,.T.);
#8579=ORIENTED_EDGE('',*,*,#5987,.T.);
#8580=ORIENTED_EDGE('',*,*,#5925,.F.);
#8581=ORIENTED_EDGE('',*,*,#5983,.T.);
#8582=ORIENTED_EDGE('',*,*,#6511,.F.);
#8583=ORIENTED_EDGE('',*,*,#5740,.F.);
#8584=ORIENTED_EDGE('',*,*,#5982,.T.);
#8585=ORIENTED_EDGE('',*,*,#5928,.F.);
#8586=ORIENTED_EDGE('',*,*,#5741,.F.);
#8587=ORIENTED_EDGE('',*,*,#6511,.T.);
#8588=ORIENTED_EDGE('',*,*,#5720,.F.);
#8589=ORIENTED_EDGE('',*,*,#5725,.F.);
#8590=ORIENTED_EDGE('',*,*,#6512,.T.);
#8591=ORIENTED_EDGE('',*,*,#5979,.T.);
#8592=ORIENTED_EDGE('',*,*,#5715,.F.);
#8593=ORIENTED_EDGE('',*,*,#5981,.T.);
#8594=ORIENTED_EDGE('',*,*,#6513,.F.);
#8595=ORIENTED_EDGE('',*,*,#5723,.F.);
#8596=ORIENTED_EDGE('',*,*,#5980,.T.);
#8597=ORIENTED_EDGE('',*,*,#6512,.F.);
#8598=ORIENTED_EDGE('',*,*,#5724,.F.);
#8599=ORIENTED_EDGE('',*,*,#6513,.T.);
#8600=ORIENTED_EDGE('',*,*,#5945,.F.);
#8601=ORIENTED_EDGE('',*,*,#5956,.T.);
#8602=ORIENTED_EDGE('',*,*,#6020,.F.);
#8603=ORIENTED_EDGE('',*,*,#6026,.F.);
#8604=ORIENTED_EDGE('',*,*,#5918,.F.);
#8605=ORIENTED_EDGE('',*,*,#5986,.T.);
#8606=ORIENTED_EDGE('',*,*,#6514,.F.);
#8607=ORIENTED_EDGE('',*,*,#5734,.F.);
#8608=ORIENTED_EDGE('',*,*,#5919,.F.);
#8609=ORIENTED_EDGE('',*,*,#5736,.F.);
#8610=ORIENTED_EDGE('',*,*,#6515,.T.);
#8611=ORIENTED_EDGE('',*,*,#5984,.T.);
#8612=ORIENTED_EDGE('',*,*,#5985,.T.);
#8613=ORIENTED_EDGE('',*,*,#6515,.F.);
#8614=ORIENTED_EDGE('',*,*,#5735,.F.);
#8615=ORIENTED_EDGE('',*,*,#6514,.T.);
#8616=ORIENTED_EDGE('',*,*,#6516,.T.);
#8617=ORIENTED_EDGE('',*,*,#6029,.T.);
#8618=ORIENTED_EDGE('',*,*,#6517,.T.);
#8619=ORIENTED_EDGE('',*,*,#6518,.T.);
#8620=ORIENTED_EDGE('',*,*,#6519,.T.);
#8621=ORIENTED_EDGE('',*,*,#6030,.T.);
#8622=ORIENTED_EDGE('',*,*,#6516,.F.);
#8623=ORIENTED_EDGE('',*,*,#6520,.T.);
#8624=ORIENTED_EDGE('',*,*,#6521,.T.);
#8625=ORIENTED_EDGE('',*,*,#6031,.T.);
#8626=ORIENTED_EDGE('',*,*,#6519,.F.);
#8627=ORIENTED_EDGE('',*,*,#6522,.T.);
#8628=ORIENTED_EDGE('',*,*,#6517,.F.);
#8629=ORIENTED_EDGE('',*,*,#6032,.T.);
#8630=ORIENTED_EDGE('',*,*,#6521,.F.);
#8631=ORIENTED_EDGE('',*,*,#6523,.T.);
#8632=ORIENTED_EDGE('',*,*,#6520,.F.);
#8633=ORIENTED_EDGE('',*,*,#6524,.F.);
#8634=ORIENTED_EDGE('',*,*,#6525,.F.);
#8635=ORIENTED_EDGE('',*,*,#6526,.T.);
#8636=ORIENTED_EDGE('',*,*,#6518,.F.);
#8637=ORIENTED_EDGE('',*,*,#6527,.F.);
#8638=ORIENTED_EDGE('',*,*,#6528,.F.);
#8639=ORIENTED_EDGE('',*,*,#6524,.T.);
#8640=ORIENTED_EDGE('',*,*,#6529,.T.);
#8641=ORIENTED_EDGE('',*,*,#5904,.T.);
#8642=ORIENTED_EDGE('',*,*,#6530,.T.);
#8643=ORIENTED_EDGE('',*,*,#6531,.T.);
#8644=ORIENTED_EDGE('',*,*,#6532,.T.);
#8645=ORIENTED_EDGE('',*,*,#5905,.T.);
#8646=ORIENTED_EDGE('',*,*,#6529,.F.);
#8647=ORIENTED_EDGE('',*,*,#6525,.T.);
#8648=ORIENTED_EDGE('',*,*,#6533,.T.);
#8649=ORIENTED_EDGE('',*,*,#5906,.T.);
#8650=ORIENTED_EDGE('',*,*,#6532,.F.);
#8651=ORIENTED_EDGE('',*,*,#6528,.T.);
#8652=ORIENTED_EDGE('',*,*,#6530,.F.);
#8653=ORIENTED_EDGE('',*,*,#5907,.T.);
#8654=ORIENTED_EDGE('',*,*,#6533,.F.);
#8655=ORIENTED_EDGE('',*,*,#6534,.T.);
#8656=ORIENTED_EDGE('',*,*,#6522,.F.);
#8657=ORIENTED_EDGE('',*,*,#6526,.F.);
#8658=ORIENTED_EDGE('',*,*,#6531,.F.);
#8659=ORIENTED_EDGE('',*,*,#6535,.T.);
#8660=ORIENTED_EDGE('',*,*,#6523,.F.);
#8661=ORIENTED_EDGE('',*,*,#6535,.F.);
#8662=ORIENTED_EDGE('',*,*,#6534,.F.);
#8663=ORIENTED_EDGE('',*,*,#6527,.T.);
#8664=ORIENTED_EDGE('',*,*,#6536,.T.);
#8665=ORIENTED_EDGE('',*,*,#5804,.T.);
#8666=ORIENTED_EDGE('',*,*,#6537,.T.);
#8667=ORIENTED_EDGE('',*,*,#6538,.T.);
#8668=ORIENTED_EDGE('',*,*,#6539,.T.);
#8669=ORIENTED_EDGE('',*,*,#5805,.T.);
#8670=ORIENTED_EDGE('',*,*,#6536,.F.);
#8671=ORIENTED_EDGE('',*,*,#6540,.T.);
#8672=ORIENTED_EDGE('',*,*,#6541,.T.);
#8673=ORIENTED_EDGE('',*,*,#5806,.T.);
#8674=ORIENTED_EDGE('',*,*,#6539,.F.);
#8675=ORIENTED_EDGE('',*,*,#6542,.T.);
#8676=ORIENTED_EDGE('',*,*,#6537,.F.);
#8677=ORIENTED_EDGE('',*,*,#5807,.T.);
#8678=ORIENTED_EDGE('',*,*,#6541,.F.);
#8679=ORIENTED_EDGE('',*,*,#6543,.T.);
#8680=ORIENTED_EDGE('',*,*,#6540,.F.);
#8681=ORIENTED_EDGE('',*,*,#6544,.T.);
#8682=ORIENTED_EDGE('',*,*,#6545,.F.);
#8683=ORIENTED_EDGE('',*,*,#6546,.F.);
#8684=ORIENTED_EDGE('',*,*,#6538,.F.);
#8685=ORIENTED_EDGE('',*,*,#6547,.T.);
#8686=ORIENTED_EDGE('',*,*,#6548,.F.);
#8687=ORIENTED_EDGE('',*,*,#6544,.F.);
#8688=ORIENTED_EDGE('',*,*,#6549,.T.);
#8689=ORIENTED_EDGE('',*,*,#6129,.T.);
#8690=ORIENTED_EDGE('',*,*,#6550,.T.);
#8691=ORIENTED_EDGE('',*,*,#6545,.T.);
#8692=ORIENTED_EDGE('',*,*,#6551,.T.);
#8693=ORIENTED_EDGE('',*,*,#6130,.T.);
#8694=ORIENTED_EDGE('',*,*,#6549,.F.);
#8695=ORIENTED_EDGE('',*,*,#6548,.T.);
#8696=ORIENTED_EDGE('',*,*,#6552,.T.);
#8697=ORIENTED_EDGE('',*,*,#6131,.T.);
#8698=ORIENTED_EDGE('',*,*,#6551,.F.);
#8699=ORIENTED_EDGE('',*,*,#6553,.T.);
#8700=ORIENTED_EDGE('',*,*,#6550,.F.);
#8701=ORIENTED_EDGE('',*,*,#6132,.T.);
#8702=ORIENTED_EDGE('',*,*,#6552,.F.);
#8703=ORIENTED_EDGE('',*,*,#6554,.T.);
#8704=ORIENTED_EDGE('',*,*,#6542,.F.);
#8705=ORIENTED_EDGE('',*,*,#6546,.T.);
#8706=ORIENTED_EDGE('',*,*,#6554,.F.);
#8707=ORIENTED_EDGE('',*,*,#6555,.F.);
#8708=ORIENTED_EDGE('',*,*,#6543,.F.);
#8709=ORIENTED_EDGE('',*,*,#6555,.T.);
#8710=ORIENTED_EDGE('',*,*,#6553,.F.);
#8711=ORIENTED_EDGE('',*,*,#6547,.F.);
#8712=ORIENTED_EDGE('',*,*,#6556,.T.);
#8713=ORIENTED_EDGE('',*,*,#5808,.T.);
#8714=ORIENTED_EDGE('',*,*,#6557,.T.);
#8715=ORIENTED_EDGE('',*,*,#6558,.T.);
#8716=ORIENTED_EDGE('',*,*,#6559,.T.);
#8717=ORIENTED_EDGE('',*,*,#5809,.T.);
#8718=ORIENTED_EDGE('',*,*,#6556,.F.);
#8719=ORIENTED_EDGE('',*,*,#6560,.T.);
#8720=ORIENTED_EDGE('',*,*,#6561,.T.);
#8721=ORIENTED_EDGE('',*,*,#5810,.T.);
#8722=ORIENTED_EDGE('',*,*,#6559,.F.);
#8723=ORIENTED_EDGE('',*,*,#6562,.T.);
#8724=ORIENTED_EDGE('',*,*,#6557,.F.);
#8725=ORIENTED_EDGE('',*,*,#5811,.T.);
#8726=ORIENTED_EDGE('',*,*,#6561,.F.);
#8727=ORIENTED_EDGE('',*,*,#6563,.T.);
#8728=ORIENTED_EDGE('',*,*,#6560,.F.);
#8729=ORIENTED_EDGE('',*,*,#6564,.T.);
#8730=ORIENTED_EDGE('',*,*,#6565,.F.);
#8731=ORIENTED_EDGE('',*,*,#6566,.F.);
#8732=ORIENTED_EDGE('',*,*,#6558,.F.);
#8733=ORIENTED_EDGE('',*,*,#6567,.T.);
#8734=ORIENTED_EDGE('',*,*,#6568,.F.);
#8735=ORIENTED_EDGE('',*,*,#6564,.F.);
#8736=ORIENTED_EDGE('',*,*,#6569,.T.);
#8737=ORIENTED_EDGE('',*,*,#6125,.T.);
#8738=ORIENTED_EDGE('',*,*,#6570,.T.);
#8739=ORIENTED_EDGE('',*,*,#6565,.T.);
#8740=ORIENTED_EDGE('',*,*,#6571,.T.);
#8741=ORIENTED_EDGE('',*,*,#6126,.T.);
#8742=ORIENTED_EDGE('',*,*,#6569,.F.);
#8743=ORIENTED_EDGE('',*,*,#6568,.T.);
#8744=ORIENTED_EDGE('',*,*,#6572,.T.);
#8745=ORIENTED_EDGE('',*,*,#6127,.T.);
#8746=ORIENTED_EDGE('',*,*,#6571,.F.);
#8747=ORIENTED_EDGE('',*,*,#6573,.T.);
#8748=ORIENTED_EDGE('',*,*,#6570,.F.);
#8749=ORIENTED_EDGE('',*,*,#6128,.T.);
#8750=ORIENTED_EDGE('',*,*,#6572,.F.);
#8751=ORIENTED_EDGE('',*,*,#6574,.T.);
#8752=ORIENTED_EDGE('',*,*,#6562,.F.);
#8753=ORIENTED_EDGE('',*,*,#6566,.T.);
#8754=ORIENTED_EDGE('',*,*,#6574,.F.);
#8755=ORIENTED_EDGE('',*,*,#6575,.F.);
#8756=ORIENTED_EDGE('',*,*,#6563,.F.);
#8757=ORIENTED_EDGE('',*,*,#6575,.T.);
#8758=ORIENTED_EDGE('',*,*,#6573,.F.);
#8759=ORIENTED_EDGE('',*,*,#6567,.F.);
#8760=ORIENTED_EDGE('',*,*,#6576,.T.);
#8761=ORIENTED_EDGE('',*,*,#5812,.T.);
#8762=ORIENTED_EDGE('',*,*,#6577,.T.);
#8763=ORIENTED_EDGE('',*,*,#6578,.T.);
#8764=ORIENTED_EDGE('',*,*,#6579,.T.);
#8765=ORIENTED_EDGE('',*,*,#5813,.T.);
#8766=ORIENTED_EDGE('',*,*,#6576,.F.);
#8767=ORIENTED_EDGE('',*,*,#6580,.T.);
#8768=ORIENTED_EDGE('',*,*,#6581,.T.);
#8769=ORIENTED_EDGE('',*,*,#5814,.T.);
#8770=ORIENTED_EDGE('',*,*,#6579,.F.);
#8771=ORIENTED_EDGE('',*,*,#6582,.T.);
#8772=ORIENTED_EDGE('',*,*,#6577,.F.);
#8773=ORIENTED_EDGE('',*,*,#5815,.T.);
#8774=ORIENTED_EDGE('',*,*,#6581,.F.);
#8775=ORIENTED_EDGE('',*,*,#6583,.T.);
#8776=ORIENTED_EDGE('',*,*,#6580,.F.);
#8777=ORIENTED_EDGE('',*,*,#6584,.T.);
#8778=ORIENTED_EDGE('',*,*,#6585,.F.);
#8779=ORIENTED_EDGE('',*,*,#6586,.F.);
#8780=ORIENTED_EDGE('',*,*,#6578,.F.);
#8781=ORIENTED_EDGE('',*,*,#6587,.T.);
#8782=ORIENTED_EDGE('',*,*,#6588,.F.);
#8783=ORIENTED_EDGE('',*,*,#6584,.F.);
#8784=ORIENTED_EDGE('',*,*,#6589,.T.);
#8785=ORIENTED_EDGE('',*,*,#6121,.T.);
#8786=ORIENTED_EDGE('',*,*,#6590,.T.);
#8787=ORIENTED_EDGE('',*,*,#6585,.T.);
#8788=ORIENTED_EDGE('',*,*,#6591,.T.);
#8789=ORIENTED_EDGE('',*,*,#6122,.T.);
#8790=ORIENTED_EDGE('',*,*,#6589,.F.);
#8791=ORIENTED_EDGE('',*,*,#6588,.T.);
#8792=ORIENTED_EDGE('',*,*,#6592,.T.);
#8793=ORIENTED_EDGE('',*,*,#6123,.T.);
#8794=ORIENTED_EDGE('',*,*,#6591,.F.);
#8795=ORIENTED_EDGE('',*,*,#6593,.T.);
#8796=ORIENTED_EDGE('',*,*,#6590,.F.);
#8797=ORIENTED_EDGE('',*,*,#6124,.T.);
#8798=ORIENTED_EDGE('',*,*,#6592,.F.);
#8799=ORIENTED_EDGE('',*,*,#6594,.T.);
#8800=ORIENTED_EDGE('',*,*,#6582,.F.);
#8801=ORIENTED_EDGE('',*,*,#6586,.T.);
#8802=ORIENTED_EDGE('',*,*,#6594,.F.);
#8803=ORIENTED_EDGE('',*,*,#6595,.F.);
#8804=ORIENTED_EDGE('',*,*,#6583,.F.);
#8805=ORIENTED_EDGE('',*,*,#6595,.T.);
#8806=ORIENTED_EDGE('',*,*,#6593,.F.);
#8807=ORIENTED_EDGE('',*,*,#6587,.F.);
#8808=ORIENTED_EDGE('',*,*,#6596,.T.);
#8809=ORIENTED_EDGE('',*,*,#5816,.T.);
#8810=ORIENTED_EDGE('',*,*,#6597,.T.);
#8811=ORIENTED_EDGE('',*,*,#6598,.T.);
#8812=ORIENTED_EDGE('',*,*,#6599,.T.);
#8813=ORIENTED_EDGE('',*,*,#5817,.T.);
#8814=ORIENTED_EDGE('',*,*,#6596,.F.);
#8815=ORIENTED_EDGE('',*,*,#6600,.T.);
#8816=ORIENTED_EDGE('',*,*,#6601,.T.);
#8817=ORIENTED_EDGE('',*,*,#5818,.T.);
#8818=ORIENTED_EDGE('',*,*,#6599,.F.);
#8819=ORIENTED_EDGE('',*,*,#6602,.T.);
#8820=ORIENTED_EDGE('',*,*,#6597,.F.);
#8821=ORIENTED_EDGE('',*,*,#5819,.T.);
#8822=ORIENTED_EDGE('',*,*,#6601,.F.);
#8823=ORIENTED_EDGE('',*,*,#6603,.T.);
#8824=ORIENTED_EDGE('',*,*,#6600,.F.);
#8825=ORIENTED_EDGE('',*,*,#6604,.T.);
#8826=ORIENTED_EDGE('',*,*,#6605,.F.);
#8827=ORIENTED_EDGE('',*,*,#6606,.F.);
#8828=ORIENTED_EDGE('',*,*,#6598,.F.);
#8829=ORIENTED_EDGE('',*,*,#6607,.T.);
#8830=ORIENTED_EDGE('',*,*,#6608,.F.);
#8831=ORIENTED_EDGE('',*,*,#6604,.F.);
#8832=ORIENTED_EDGE('',*,*,#6609,.T.);
#8833=ORIENTED_EDGE('',*,*,#6117,.T.);
#8834=ORIENTED_EDGE('',*,*,#6610,.T.);
#8835=ORIENTED_EDGE('',*,*,#6605,.T.);
#8836=ORIENTED_EDGE('',*,*,#6611,.T.);
#8837=ORIENTED_EDGE('',*,*,#6118,.T.);
#8838=ORIENTED_EDGE('',*,*,#6609,.F.);
#8839=ORIENTED_EDGE('',*,*,#6608,.T.);
#8840=ORIENTED_EDGE('',*,*,#6612,.T.);
#8841=ORIENTED_EDGE('',*,*,#6119,.T.);
#8842=ORIENTED_EDGE('',*,*,#6611,.F.);
#8843=ORIENTED_EDGE('',*,*,#6613,.T.);
#8844=ORIENTED_EDGE('',*,*,#6610,.F.);
#8845=ORIENTED_EDGE('',*,*,#6120,.T.);
#8846=ORIENTED_EDGE('',*,*,#6612,.F.);
#8847=ORIENTED_EDGE('',*,*,#6614,.T.);
#8848=ORIENTED_EDGE('',*,*,#6602,.F.);
#8849=ORIENTED_EDGE('',*,*,#6606,.T.);
#8850=ORIENTED_EDGE('',*,*,#6614,.F.);
#8851=ORIENTED_EDGE('',*,*,#6615,.F.);
#8852=ORIENTED_EDGE('',*,*,#6603,.F.);
#8853=ORIENTED_EDGE('',*,*,#6615,.T.);
#8854=ORIENTED_EDGE('',*,*,#6613,.F.);
#8855=ORIENTED_EDGE('',*,*,#6607,.F.);
#8856=ORIENTED_EDGE('',*,*,#6616,.T.);
#8857=ORIENTED_EDGE('',*,*,#5820,.T.);
#8858=ORIENTED_EDGE('',*,*,#6617,.T.);
#8859=ORIENTED_EDGE('',*,*,#6618,.T.);
#8860=ORIENTED_EDGE('',*,*,#6619,.T.);
#8861=ORIENTED_EDGE('',*,*,#5821,.T.);
#8862=ORIENTED_EDGE('',*,*,#6616,.F.);
#8863=ORIENTED_EDGE('',*,*,#6620,.T.);
#8864=ORIENTED_EDGE('',*,*,#6621,.T.);
#8865=ORIENTED_EDGE('',*,*,#5822,.T.);
#8866=ORIENTED_EDGE('',*,*,#6619,.F.);
#8867=ORIENTED_EDGE('',*,*,#6622,.T.);
#8868=ORIENTED_EDGE('',*,*,#6617,.F.);
#8869=ORIENTED_EDGE('',*,*,#5823,.T.);
#8870=ORIENTED_EDGE('',*,*,#6621,.F.);
#8871=ORIENTED_EDGE('',*,*,#6623,.T.);
#8872=ORIENTED_EDGE('',*,*,#6620,.F.);
#8873=ORIENTED_EDGE('',*,*,#6624,.T.);
#8874=ORIENTED_EDGE('',*,*,#6625,.F.);
#8875=ORIENTED_EDGE('',*,*,#6626,.F.);
#8876=ORIENTED_EDGE('',*,*,#6618,.F.);
#8877=ORIENTED_EDGE('',*,*,#6627,.T.);
#8878=ORIENTED_EDGE('',*,*,#6628,.F.);
#8879=ORIENTED_EDGE('',*,*,#6624,.F.);
#8880=ORIENTED_EDGE('',*,*,#6629,.T.);
#8881=ORIENTED_EDGE('',*,*,#6113,.T.);
#8882=ORIENTED_EDGE('',*,*,#6630,.T.);
#8883=ORIENTED_EDGE('',*,*,#6625,.T.);
#8884=ORIENTED_EDGE('',*,*,#6631,.T.);
#8885=ORIENTED_EDGE('',*,*,#6114,.T.);
#8886=ORIENTED_EDGE('',*,*,#6629,.F.);
#8887=ORIENTED_EDGE('',*,*,#6628,.T.);
#8888=ORIENTED_EDGE('',*,*,#6632,.T.);
#8889=ORIENTED_EDGE('',*,*,#6115,.T.);
#8890=ORIENTED_EDGE('',*,*,#6631,.F.);
#8891=ORIENTED_EDGE('',*,*,#6633,.T.);
#8892=ORIENTED_EDGE('',*,*,#6630,.F.);
#8893=ORIENTED_EDGE('',*,*,#6116,.T.);
#8894=ORIENTED_EDGE('',*,*,#6632,.F.);
#8895=ORIENTED_EDGE('',*,*,#6634,.T.);
#8896=ORIENTED_EDGE('',*,*,#6622,.F.);
#8897=ORIENTED_EDGE('',*,*,#6626,.T.);
#8898=ORIENTED_EDGE('',*,*,#6634,.F.);
#8899=ORIENTED_EDGE('',*,*,#6635,.F.);
#8900=ORIENTED_EDGE('',*,*,#6623,.F.);
#8901=ORIENTED_EDGE('',*,*,#6635,.T.);
#8902=ORIENTED_EDGE('',*,*,#6633,.F.);
#8903=ORIENTED_EDGE('',*,*,#6627,.F.);
#8904=ORIENTED_EDGE('',*,*,#6636,.T.);
#8905=ORIENTED_EDGE('',*,*,#5824,.T.);
#8906=ORIENTED_EDGE('',*,*,#6637,.T.);
#8907=ORIENTED_EDGE('',*,*,#6638,.T.);
#8908=ORIENTED_EDGE('',*,*,#6639,.T.);
#8909=ORIENTED_EDGE('',*,*,#5825,.T.);
#8910=ORIENTED_EDGE('',*,*,#6636,.F.);
#8911=ORIENTED_EDGE('',*,*,#6640,.T.);
#8912=ORIENTED_EDGE('',*,*,#6641,.T.);
#8913=ORIENTED_EDGE('',*,*,#5826,.T.);
#8914=ORIENTED_EDGE('',*,*,#6639,.F.);
#8915=ORIENTED_EDGE('',*,*,#6642,.T.);
#8916=ORIENTED_EDGE('',*,*,#6637,.F.);
#8917=ORIENTED_EDGE('',*,*,#5827,.T.);
#8918=ORIENTED_EDGE('',*,*,#6641,.F.);
#8919=ORIENTED_EDGE('',*,*,#6643,.T.);
#8920=ORIENTED_EDGE('',*,*,#6640,.F.);
#8921=ORIENTED_EDGE('',*,*,#6644,.T.);
#8922=ORIENTED_EDGE('',*,*,#6645,.F.);
#8923=ORIENTED_EDGE('',*,*,#6646,.F.);
#8924=ORIENTED_EDGE('',*,*,#6638,.F.);
#8925=ORIENTED_EDGE('',*,*,#6647,.T.);
#8926=ORIENTED_EDGE('',*,*,#6648,.F.);
#8927=ORIENTED_EDGE('',*,*,#6644,.F.);
#8928=ORIENTED_EDGE('',*,*,#6649,.T.);
#8929=ORIENTED_EDGE('',*,*,#6109,.T.);
#8930=ORIENTED_EDGE('',*,*,#6650,.T.);
#8931=ORIENTED_EDGE('',*,*,#6645,.T.);
#8932=ORIENTED_EDGE('',*,*,#6651,.T.);
#8933=ORIENTED_EDGE('',*,*,#6110,.T.);
#8934=ORIENTED_EDGE('',*,*,#6649,.F.);
#8935=ORIENTED_EDGE('',*,*,#6648,.T.);
#8936=ORIENTED_EDGE('',*,*,#6652,.T.);
#8937=ORIENTED_EDGE('',*,*,#6111,.T.);
#8938=ORIENTED_EDGE('',*,*,#6651,.F.);
#8939=ORIENTED_EDGE('',*,*,#6653,.T.);
#8940=ORIENTED_EDGE('',*,*,#6650,.F.);
#8941=ORIENTED_EDGE('',*,*,#6112,.T.);
#8942=ORIENTED_EDGE('',*,*,#6652,.F.);
#8943=ORIENTED_EDGE('',*,*,#6654,.T.);
#8944=ORIENTED_EDGE('',*,*,#6642,.F.);
#8945=ORIENTED_EDGE('',*,*,#6646,.T.);
#8946=ORIENTED_EDGE('',*,*,#6654,.F.);
#8947=ORIENTED_EDGE('',*,*,#6655,.F.);
#8948=ORIENTED_EDGE('',*,*,#6643,.F.);
#8949=ORIENTED_EDGE('',*,*,#6655,.T.);
#8950=ORIENTED_EDGE('',*,*,#6653,.F.);
#8951=ORIENTED_EDGE('',*,*,#6647,.F.);
#8952=ORIENTED_EDGE('',*,*,#6656,.T.);
#8953=ORIENTED_EDGE('',*,*,#5828,.T.);
#8954=ORIENTED_EDGE('',*,*,#6657,.T.);
#8955=ORIENTED_EDGE('',*,*,#6658,.T.);
#8956=ORIENTED_EDGE('',*,*,#6659,.T.);
#8957=ORIENTED_EDGE('',*,*,#5829,.T.);
#8958=ORIENTED_EDGE('',*,*,#6656,.F.);
#8959=ORIENTED_EDGE('',*,*,#6660,.T.);
#8960=ORIENTED_EDGE('',*,*,#6661,.T.);
#8961=ORIENTED_EDGE('',*,*,#5830,.T.);
#8962=ORIENTED_EDGE('',*,*,#6659,.F.);
#8963=ORIENTED_EDGE('',*,*,#6662,.T.);
#8964=ORIENTED_EDGE('',*,*,#6657,.F.);
#8965=ORIENTED_EDGE('',*,*,#5831,.T.);
#8966=ORIENTED_EDGE('',*,*,#6661,.F.);
#8967=ORIENTED_EDGE('',*,*,#6663,.T.);
#8968=ORIENTED_EDGE('',*,*,#6660,.F.);
#8969=ORIENTED_EDGE('',*,*,#6664,.T.);
#8970=ORIENTED_EDGE('',*,*,#6665,.F.);
#8971=ORIENTED_EDGE('',*,*,#6666,.F.);
#8972=ORIENTED_EDGE('',*,*,#6658,.F.);
#8973=ORIENTED_EDGE('',*,*,#6667,.T.);
#8974=ORIENTED_EDGE('',*,*,#6668,.F.);
#8975=ORIENTED_EDGE('',*,*,#6664,.F.);
#8976=ORIENTED_EDGE('',*,*,#6669,.T.);
#8977=ORIENTED_EDGE('',*,*,#6105,.T.);
#8978=ORIENTED_EDGE('',*,*,#6670,.T.);
#8979=ORIENTED_EDGE('',*,*,#6665,.T.);
#8980=ORIENTED_EDGE('',*,*,#6671,.T.);
#8981=ORIENTED_EDGE('',*,*,#6106,.T.);
#8982=ORIENTED_EDGE('',*,*,#6669,.F.);
#8983=ORIENTED_EDGE('',*,*,#6668,.T.);
#8984=ORIENTED_EDGE('',*,*,#6672,.T.);
#8985=ORIENTED_EDGE('',*,*,#6107,.T.);
#8986=ORIENTED_EDGE('',*,*,#6671,.F.);
#8987=ORIENTED_EDGE('',*,*,#6673,.T.);
#8988=ORIENTED_EDGE('',*,*,#6670,.F.);
#8989=ORIENTED_EDGE('',*,*,#6108,.T.);
#8990=ORIENTED_EDGE('',*,*,#6672,.F.);
#8991=ORIENTED_EDGE('',*,*,#6674,.T.);
#8992=ORIENTED_EDGE('',*,*,#6662,.F.);
#8993=ORIENTED_EDGE('',*,*,#6666,.T.);
#8994=ORIENTED_EDGE('',*,*,#6674,.F.);
#8995=ORIENTED_EDGE('',*,*,#6675,.F.);
#8996=ORIENTED_EDGE('',*,*,#6663,.F.);
#8997=ORIENTED_EDGE('',*,*,#6675,.T.);
#8998=ORIENTED_EDGE('',*,*,#6673,.F.);
#8999=ORIENTED_EDGE('',*,*,#6667,.F.);
#9000=ORIENTED_EDGE('',*,*,#6676,.T.);
#9001=ORIENTED_EDGE('',*,*,#5832,.T.);
#9002=ORIENTED_EDGE('',*,*,#6677,.T.);
#9003=ORIENTED_EDGE('',*,*,#6678,.T.);
#9004=ORIENTED_EDGE('',*,*,#6679,.T.);
#9005=ORIENTED_EDGE('',*,*,#5833,.T.);
#9006=ORIENTED_EDGE('',*,*,#6676,.F.);
#9007=ORIENTED_EDGE('',*,*,#6680,.T.);
#9008=ORIENTED_EDGE('',*,*,#6681,.T.);
#9009=ORIENTED_EDGE('',*,*,#5834,.T.);
#9010=ORIENTED_EDGE('',*,*,#6679,.F.);
#9011=ORIENTED_EDGE('',*,*,#6682,.T.);
#9012=ORIENTED_EDGE('',*,*,#6677,.F.);
#9013=ORIENTED_EDGE('',*,*,#5835,.T.);
#9014=ORIENTED_EDGE('',*,*,#6681,.F.);
#9015=ORIENTED_EDGE('',*,*,#6683,.T.);
#9016=ORIENTED_EDGE('',*,*,#6680,.F.);
#9017=ORIENTED_EDGE('',*,*,#6684,.T.);
#9018=ORIENTED_EDGE('',*,*,#6685,.F.);
#9019=ORIENTED_EDGE('',*,*,#6686,.F.);
#9020=ORIENTED_EDGE('',*,*,#6678,.F.);
#9021=ORIENTED_EDGE('',*,*,#6687,.T.);
#9022=ORIENTED_EDGE('',*,*,#6688,.F.);
#9023=ORIENTED_EDGE('',*,*,#6684,.F.);
#9024=ORIENTED_EDGE('',*,*,#6689,.T.);
#9025=ORIENTED_EDGE('',*,*,#6101,.T.);
#9026=ORIENTED_EDGE('',*,*,#6690,.T.);
#9027=ORIENTED_EDGE('',*,*,#6685,.T.);
#9028=ORIENTED_EDGE('',*,*,#6691,.T.);
#9029=ORIENTED_EDGE('',*,*,#6102,.T.);
#9030=ORIENTED_EDGE('',*,*,#6689,.F.);
#9031=ORIENTED_EDGE('',*,*,#6688,.T.);
#9032=ORIENTED_EDGE('',*,*,#6692,.T.);
#9033=ORIENTED_EDGE('',*,*,#6103,.T.);
#9034=ORIENTED_EDGE('',*,*,#6691,.F.);
#9035=ORIENTED_EDGE('',*,*,#6693,.T.);
#9036=ORIENTED_EDGE('',*,*,#6690,.F.);
#9037=ORIENTED_EDGE('',*,*,#6104,.T.);
#9038=ORIENTED_EDGE('',*,*,#6692,.F.);
#9039=ORIENTED_EDGE('',*,*,#6694,.T.);
#9040=ORIENTED_EDGE('',*,*,#6682,.F.);
#9041=ORIENTED_EDGE('',*,*,#6686,.T.);
#9042=ORIENTED_EDGE('',*,*,#6694,.F.);
#9043=ORIENTED_EDGE('',*,*,#6695,.F.);
#9044=ORIENTED_EDGE('',*,*,#6683,.F.);
#9045=ORIENTED_EDGE('',*,*,#6695,.T.);
#9046=ORIENTED_EDGE('',*,*,#6693,.F.);
#9047=ORIENTED_EDGE('',*,*,#6687,.F.);
#9048=ORIENTED_EDGE('',*,*,#6696,.T.);
#9049=ORIENTED_EDGE('',*,*,#5836,.T.);
#9050=ORIENTED_EDGE('',*,*,#6697,.T.);
#9051=ORIENTED_EDGE('',*,*,#6698,.T.);
#9052=ORIENTED_EDGE('',*,*,#6699,.T.);
#9053=ORIENTED_EDGE('',*,*,#5837,.T.);
#9054=ORIENTED_EDGE('',*,*,#6696,.F.);
#9055=ORIENTED_EDGE('',*,*,#6700,.T.);
#9056=ORIENTED_EDGE('',*,*,#6701,.T.);
#9057=ORIENTED_EDGE('',*,*,#5838,.T.);
#9058=ORIENTED_EDGE('',*,*,#6699,.F.);
#9059=ORIENTED_EDGE('',*,*,#6702,.T.);
#9060=ORIENTED_EDGE('',*,*,#6697,.F.);
#9061=ORIENTED_EDGE('',*,*,#5839,.T.);
#9062=ORIENTED_EDGE('',*,*,#6701,.F.);
#9063=ORIENTED_EDGE('',*,*,#6703,.T.);
#9064=ORIENTED_EDGE('',*,*,#6700,.F.);
#9065=ORIENTED_EDGE('',*,*,#6704,.T.);
#9066=ORIENTED_EDGE('',*,*,#6705,.F.);
#9067=ORIENTED_EDGE('',*,*,#6706,.F.);
#9068=ORIENTED_EDGE('',*,*,#6698,.F.);
#9069=ORIENTED_EDGE('',*,*,#6707,.T.);
#9070=ORIENTED_EDGE('',*,*,#6708,.F.);
#9071=ORIENTED_EDGE('',*,*,#6704,.F.);
#9072=ORIENTED_EDGE('',*,*,#6709,.T.);
#9073=ORIENTED_EDGE('',*,*,#6097,.T.);
#9074=ORIENTED_EDGE('',*,*,#6710,.T.);
#9075=ORIENTED_EDGE('',*,*,#6705,.T.);
#9076=ORIENTED_EDGE('',*,*,#6711,.T.);
#9077=ORIENTED_EDGE('',*,*,#6098,.T.);
#9078=ORIENTED_EDGE('',*,*,#6709,.F.);
#9079=ORIENTED_EDGE('',*,*,#6708,.T.);
#9080=ORIENTED_EDGE('',*,*,#6712,.T.);
#9081=ORIENTED_EDGE('',*,*,#6099,.T.);
#9082=ORIENTED_EDGE('',*,*,#6711,.F.);
#9083=ORIENTED_EDGE('',*,*,#6713,.T.);
#9084=ORIENTED_EDGE('',*,*,#6710,.F.);
#9085=ORIENTED_EDGE('',*,*,#6100,.T.);
#9086=ORIENTED_EDGE('',*,*,#6712,.F.);
#9087=ORIENTED_EDGE('',*,*,#6714,.T.);
#9088=ORIENTED_EDGE('',*,*,#6702,.F.);
#9089=ORIENTED_EDGE('',*,*,#6706,.T.);
#9090=ORIENTED_EDGE('',*,*,#6714,.F.);
#9091=ORIENTED_EDGE('',*,*,#6715,.F.);
#9092=ORIENTED_EDGE('',*,*,#6703,.F.);
#9093=ORIENTED_EDGE('',*,*,#6715,.T.);
#9094=ORIENTED_EDGE('',*,*,#6713,.F.);
#9095=ORIENTED_EDGE('',*,*,#6707,.F.);
#9096=ORIENTED_EDGE('',*,*,#6716,.T.);
#9097=ORIENTED_EDGE('',*,*,#5840,.T.);
#9098=ORIENTED_EDGE('',*,*,#6717,.T.);
#9099=ORIENTED_EDGE('',*,*,#6718,.T.);
#9100=ORIENTED_EDGE('',*,*,#6719,.T.);
#9101=ORIENTED_EDGE('',*,*,#5841,.T.);
#9102=ORIENTED_EDGE('',*,*,#6716,.F.);
#9103=ORIENTED_EDGE('',*,*,#6720,.T.);
#9104=ORIENTED_EDGE('',*,*,#6721,.T.);
#9105=ORIENTED_EDGE('',*,*,#5842,.T.);
#9106=ORIENTED_EDGE('',*,*,#6719,.F.);
#9107=ORIENTED_EDGE('',*,*,#6722,.T.);
#9108=ORIENTED_EDGE('',*,*,#6717,.F.);
#9109=ORIENTED_EDGE('',*,*,#5843,.T.);
#9110=ORIENTED_EDGE('',*,*,#6721,.F.);
#9111=ORIENTED_EDGE('',*,*,#6723,.T.);
#9112=ORIENTED_EDGE('',*,*,#6720,.F.);
#9113=ORIENTED_EDGE('',*,*,#6724,.T.);
#9114=ORIENTED_EDGE('',*,*,#6725,.F.);
#9115=ORIENTED_EDGE('',*,*,#6726,.F.);
#9116=ORIENTED_EDGE('',*,*,#6718,.F.);
#9117=ORIENTED_EDGE('',*,*,#6727,.T.);
#9118=ORIENTED_EDGE('',*,*,#6728,.F.);
#9119=ORIENTED_EDGE('',*,*,#6724,.F.);
#9120=ORIENTED_EDGE('',*,*,#6729,.T.);
#9121=ORIENTED_EDGE('',*,*,#6093,.T.);
#9122=ORIENTED_EDGE('',*,*,#6730,.T.);
#9123=ORIENTED_EDGE('',*,*,#6725,.T.);
#9124=ORIENTED_EDGE('',*,*,#6731,.T.);
#9125=ORIENTED_EDGE('',*,*,#6094,.T.);
#9126=ORIENTED_EDGE('',*,*,#6729,.F.);
#9127=ORIENTED_EDGE('',*,*,#6728,.T.);
#9128=ORIENTED_EDGE('',*,*,#6732,.T.);
#9129=ORIENTED_EDGE('',*,*,#6095,.T.);
#9130=ORIENTED_EDGE('',*,*,#6731,.F.);
#9131=ORIENTED_EDGE('',*,*,#6733,.T.);
#9132=ORIENTED_EDGE('',*,*,#6730,.F.);
#9133=ORIENTED_EDGE('',*,*,#6096,.T.);
#9134=ORIENTED_EDGE('',*,*,#6732,.F.);
#9135=ORIENTED_EDGE('',*,*,#6734,.T.);
#9136=ORIENTED_EDGE('',*,*,#6722,.F.);
#9137=ORIENTED_EDGE('',*,*,#6726,.T.);
#9138=ORIENTED_EDGE('',*,*,#6734,.F.);
#9139=ORIENTED_EDGE('',*,*,#6735,.F.);
#9140=ORIENTED_EDGE('',*,*,#6723,.F.);
#9141=ORIENTED_EDGE('',*,*,#6735,.T.);
#9142=ORIENTED_EDGE('',*,*,#6733,.F.);
#9143=ORIENTED_EDGE('',*,*,#6727,.F.);
#9144=ORIENTED_EDGE('',*,*,#6736,.T.);
#9145=ORIENTED_EDGE('',*,*,#5844,.T.);
#9146=ORIENTED_EDGE('',*,*,#6737,.T.);
#9147=ORIENTED_EDGE('',*,*,#6738,.T.);
#9148=ORIENTED_EDGE('',*,*,#6739,.T.);
#9149=ORIENTED_EDGE('',*,*,#5845,.T.);
#9150=ORIENTED_EDGE('',*,*,#6736,.F.);
#9151=ORIENTED_EDGE('',*,*,#6740,.T.);
#9152=ORIENTED_EDGE('',*,*,#6741,.T.);
#9153=ORIENTED_EDGE('',*,*,#5846,.T.);
#9154=ORIENTED_EDGE('',*,*,#6739,.F.);
#9155=ORIENTED_EDGE('',*,*,#6742,.T.);
#9156=ORIENTED_EDGE('',*,*,#6737,.F.);
#9157=ORIENTED_EDGE('',*,*,#5847,.T.);
#9158=ORIENTED_EDGE('',*,*,#6741,.F.);
#9159=ORIENTED_EDGE('',*,*,#6743,.T.);
#9160=ORIENTED_EDGE('',*,*,#6740,.F.);
#9161=ORIENTED_EDGE('',*,*,#6744,.T.);
#9162=ORIENTED_EDGE('',*,*,#6745,.F.);
#9163=ORIENTED_EDGE('',*,*,#6746,.F.);
#9164=ORIENTED_EDGE('',*,*,#6738,.F.);
#9165=ORIENTED_EDGE('',*,*,#6747,.T.);
#9166=ORIENTED_EDGE('',*,*,#6748,.F.);
#9167=ORIENTED_EDGE('',*,*,#6744,.F.);
#9168=ORIENTED_EDGE('',*,*,#6749,.T.);
#9169=ORIENTED_EDGE('',*,*,#6089,.T.);
#9170=ORIENTED_EDGE('',*,*,#6750,.T.);
#9171=ORIENTED_EDGE('',*,*,#6745,.T.);
#9172=ORIENTED_EDGE('',*,*,#6751,.T.);
#9173=ORIENTED_EDGE('',*,*,#6090,.T.);
#9174=ORIENTED_EDGE('',*,*,#6749,.F.);
#9175=ORIENTED_EDGE('',*,*,#6748,.T.);
#9176=ORIENTED_EDGE('',*,*,#6752,.T.);
#9177=ORIENTED_EDGE('',*,*,#6091,.T.);
#9178=ORIENTED_EDGE('',*,*,#6751,.F.);
#9179=ORIENTED_EDGE('',*,*,#6753,.T.);
#9180=ORIENTED_EDGE('',*,*,#6750,.F.);
#9181=ORIENTED_EDGE('',*,*,#6092,.T.);
#9182=ORIENTED_EDGE('',*,*,#6752,.F.);
#9183=ORIENTED_EDGE('',*,*,#6754,.T.);
#9184=ORIENTED_EDGE('',*,*,#6742,.F.);
#9185=ORIENTED_EDGE('',*,*,#6746,.T.);
#9186=ORIENTED_EDGE('',*,*,#6754,.F.);
#9187=ORIENTED_EDGE('',*,*,#6755,.F.);
#9188=ORIENTED_EDGE('',*,*,#6743,.F.);
#9189=ORIENTED_EDGE('',*,*,#6755,.T.);
#9190=ORIENTED_EDGE('',*,*,#6753,.F.);
#9191=ORIENTED_EDGE('',*,*,#6747,.F.);
#9192=ORIENTED_EDGE('',*,*,#6756,.T.);
#9193=ORIENTED_EDGE('',*,*,#5848,.T.);
#9194=ORIENTED_EDGE('',*,*,#6757,.T.);
#9195=ORIENTED_EDGE('',*,*,#6758,.T.);
#9196=ORIENTED_EDGE('',*,*,#6759,.T.);
#9197=ORIENTED_EDGE('',*,*,#5849,.T.);
#9198=ORIENTED_EDGE('',*,*,#6756,.F.);
#9199=ORIENTED_EDGE('',*,*,#6760,.T.);
#9200=ORIENTED_EDGE('',*,*,#6761,.T.);
#9201=ORIENTED_EDGE('',*,*,#5850,.T.);
#9202=ORIENTED_EDGE('',*,*,#6759,.F.);
#9203=ORIENTED_EDGE('',*,*,#6762,.T.);
#9204=ORIENTED_EDGE('',*,*,#6757,.F.);
#9205=ORIENTED_EDGE('',*,*,#5851,.T.);
#9206=ORIENTED_EDGE('',*,*,#6761,.F.);
#9207=ORIENTED_EDGE('',*,*,#6763,.T.);
#9208=ORIENTED_EDGE('',*,*,#6760,.F.);
#9209=ORIENTED_EDGE('',*,*,#6764,.T.);
#9210=ORIENTED_EDGE('',*,*,#6765,.F.);
#9211=ORIENTED_EDGE('',*,*,#6766,.F.);
#9212=ORIENTED_EDGE('',*,*,#6758,.F.);
#9213=ORIENTED_EDGE('',*,*,#6767,.T.);
#9214=ORIENTED_EDGE('',*,*,#6768,.F.);
#9215=ORIENTED_EDGE('',*,*,#6764,.F.);
#9216=ORIENTED_EDGE('',*,*,#6769,.T.);
#9217=ORIENTED_EDGE('',*,*,#6085,.T.);
#9218=ORIENTED_EDGE('',*,*,#6770,.T.);
#9219=ORIENTED_EDGE('',*,*,#6765,.T.);
#9220=ORIENTED_EDGE('',*,*,#6771,.T.);
#9221=ORIENTED_EDGE('',*,*,#6086,.T.);
#9222=ORIENTED_EDGE('',*,*,#6769,.F.);
#9223=ORIENTED_EDGE('',*,*,#6768,.T.);
#9224=ORIENTED_EDGE('',*,*,#6772,.T.);
#9225=ORIENTED_EDGE('',*,*,#6087,.T.);
#9226=ORIENTED_EDGE('',*,*,#6771,.F.);
#9227=ORIENTED_EDGE('',*,*,#6773,.T.);
#9228=ORIENTED_EDGE('',*,*,#6770,.F.);
#9229=ORIENTED_EDGE('',*,*,#6088,.T.);
#9230=ORIENTED_EDGE('',*,*,#6772,.F.);
#9231=ORIENTED_EDGE('',*,*,#6774,.T.);
#9232=ORIENTED_EDGE('',*,*,#6762,.F.);
#9233=ORIENTED_EDGE('',*,*,#6766,.T.);
#9234=ORIENTED_EDGE('',*,*,#6774,.F.);
#9235=ORIENTED_EDGE('',*,*,#6775,.F.);
#9236=ORIENTED_EDGE('',*,*,#6763,.F.);
#9237=ORIENTED_EDGE('',*,*,#6775,.T.);
#9238=ORIENTED_EDGE('',*,*,#6773,.F.);
#9239=ORIENTED_EDGE('',*,*,#6767,.F.);
#9240=ORIENTED_EDGE('',*,*,#6776,.T.);
#9241=ORIENTED_EDGE('',*,*,#5852,.T.);
#9242=ORIENTED_EDGE('',*,*,#6777,.T.);
#9243=ORIENTED_EDGE('',*,*,#6778,.T.);
#9244=ORIENTED_EDGE('',*,*,#6779,.T.);
#9245=ORIENTED_EDGE('',*,*,#5853,.T.);
#9246=ORIENTED_EDGE('',*,*,#6776,.F.);
#9247=ORIENTED_EDGE('',*,*,#6780,.T.);
#9248=ORIENTED_EDGE('',*,*,#6781,.T.);
#9249=ORIENTED_EDGE('',*,*,#5854,.T.);
#9250=ORIENTED_EDGE('',*,*,#6779,.F.);
#9251=ORIENTED_EDGE('',*,*,#6782,.T.);
#9252=ORIENTED_EDGE('',*,*,#6777,.F.);
#9253=ORIENTED_EDGE('',*,*,#5855,.T.);
#9254=ORIENTED_EDGE('',*,*,#6781,.F.);
#9255=ORIENTED_EDGE('',*,*,#6783,.T.);
#9256=ORIENTED_EDGE('',*,*,#6780,.F.);
#9257=ORIENTED_EDGE('',*,*,#6784,.T.);
#9258=ORIENTED_EDGE('',*,*,#6785,.F.);
#9259=ORIENTED_EDGE('',*,*,#6786,.F.);
#9260=ORIENTED_EDGE('',*,*,#6778,.F.);
#9261=ORIENTED_EDGE('',*,*,#6787,.T.);
#9262=ORIENTED_EDGE('',*,*,#6788,.F.);
#9263=ORIENTED_EDGE('',*,*,#6784,.F.);
#9264=ORIENTED_EDGE('',*,*,#6789,.T.);
#9265=ORIENTED_EDGE('',*,*,#6081,.T.);
#9266=ORIENTED_EDGE('',*,*,#6790,.T.);
#9267=ORIENTED_EDGE('',*,*,#6785,.T.);
#9268=ORIENTED_EDGE('',*,*,#6791,.T.);
#9269=ORIENTED_EDGE('',*,*,#6082,.T.);
#9270=ORIENTED_EDGE('',*,*,#6789,.F.);
#9271=ORIENTED_EDGE('',*,*,#6788,.T.);
#9272=ORIENTED_EDGE('',*,*,#6792,.T.);
#9273=ORIENTED_EDGE('',*,*,#6083,.T.);
#9274=ORIENTED_EDGE('',*,*,#6791,.F.);
#9275=ORIENTED_EDGE('',*,*,#6793,.T.);
#9276=ORIENTED_EDGE('',*,*,#6790,.F.);
#9277=ORIENTED_EDGE('',*,*,#6084,.T.);
#9278=ORIENTED_EDGE('',*,*,#6792,.F.);
#9279=ORIENTED_EDGE('',*,*,#6794,.T.);
#9280=ORIENTED_EDGE('',*,*,#6782,.F.);
#9281=ORIENTED_EDGE('',*,*,#6786,.T.);
#9282=ORIENTED_EDGE('',*,*,#6794,.F.);
#9283=ORIENTED_EDGE('',*,*,#6795,.F.);
#9284=ORIENTED_EDGE('',*,*,#6783,.F.);
#9285=ORIENTED_EDGE('',*,*,#6795,.T.);
#9286=ORIENTED_EDGE('',*,*,#6793,.F.);
#9287=ORIENTED_EDGE('',*,*,#6787,.F.);
#9288=ORIENTED_EDGE('',*,*,#6796,.T.);
#9289=ORIENTED_EDGE('',*,*,#5856,.T.);
#9290=ORIENTED_EDGE('',*,*,#6797,.T.);
#9291=ORIENTED_EDGE('',*,*,#6798,.T.);
#9292=ORIENTED_EDGE('',*,*,#6799,.T.);
#9293=ORIENTED_EDGE('',*,*,#5857,.T.);
#9294=ORIENTED_EDGE('',*,*,#6796,.F.);
#9295=ORIENTED_EDGE('',*,*,#6800,.T.);
#9296=ORIENTED_EDGE('',*,*,#6801,.T.);
#9297=ORIENTED_EDGE('',*,*,#5858,.T.);
#9298=ORIENTED_EDGE('',*,*,#6799,.F.);
#9299=ORIENTED_EDGE('',*,*,#6802,.T.);
#9300=ORIENTED_EDGE('',*,*,#6797,.F.);
#9301=ORIENTED_EDGE('',*,*,#5859,.T.);
#9302=ORIENTED_EDGE('',*,*,#6801,.F.);
#9303=ORIENTED_EDGE('',*,*,#6803,.T.);
#9304=ORIENTED_EDGE('',*,*,#6800,.F.);
#9305=ORIENTED_EDGE('',*,*,#6804,.T.);
#9306=ORIENTED_EDGE('',*,*,#6805,.F.);
#9307=ORIENTED_EDGE('',*,*,#6806,.F.);
#9308=ORIENTED_EDGE('',*,*,#6798,.F.);
#9309=ORIENTED_EDGE('',*,*,#6807,.T.);
#9310=ORIENTED_EDGE('',*,*,#6808,.F.);
#9311=ORIENTED_EDGE('',*,*,#6804,.F.);
#9312=ORIENTED_EDGE('',*,*,#6809,.T.);
#9313=ORIENTED_EDGE('',*,*,#6077,.T.);
#9314=ORIENTED_EDGE('',*,*,#6810,.T.);
#9315=ORIENTED_EDGE('',*,*,#6805,.T.);
#9316=ORIENTED_EDGE('',*,*,#6811,.T.);
#9317=ORIENTED_EDGE('',*,*,#6078,.T.);
#9318=ORIENTED_EDGE('',*,*,#6809,.F.);
#9319=ORIENTED_EDGE('',*,*,#6808,.T.);
#9320=ORIENTED_EDGE('',*,*,#6812,.T.);
#9321=ORIENTED_EDGE('',*,*,#6079,.T.);
#9322=ORIENTED_EDGE('',*,*,#6811,.F.);
#9323=ORIENTED_EDGE('',*,*,#6813,.T.);
#9324=ORIENTED_EDGE('',*,*,#6810,.F.);
#9325=ORIENTED_EDGE('',*,*,#6080,.T.);
#9326=ORIENTED_EDGE('',*,*,#6812,.F.);
#9327=ORIENTED_EDGE('',*,*,#6814,.T.);
#9328=ORIENTED_EDGE('',*,*,#6802,.F.);
#9329=ORIENTED_EDGE('',*,*,#6806,.T.);
#9330=ORIENTED_EDGE('',*,*,#6814,.F.);
#9331=ORIENTED_EDGE('',*,*,#6815,.F.);
#9332=ORIENTED_EDGE('',*,*,#6803,.F.);
#9333=ORIENTED_EDGE('',*,*,#6815,.T.);
#9334=ORIENTED_EDGE('',*,*,#6813,.F.);
#9335=ORIENTED_EDGE('',*,*,#6807,.F.);
#9336=ORIENTED_EDGE('',*,*,#6816,.T.);
#9337=ORIENTED_EDGE('',*,*,#5860,.T.);
#9338=ORIENTED_EDGE('',*,*,#6817,.T.);
#9339=ORIENTED_EDGE('',*,*,#6818,.T.);
#9340=ORIENTED_EDGE('',*,*,#6819,.T.);
#9341=ORIENTED_EDGE('',*,*,#5861,.T.);
#9342=ORIENTED_EDGE('',*,*,#6816,.F.);
#9343=ORIENTED_EDGE('',*,*,#6820,.T.);
#9344=ORIENTED_EDGE('',*,*,#6821,.T.);
#9345=ORIENTED_EDGE('',*,*,#5862,.T.);
#9346=ORIENTED_EDGE('',*,*,#6819,.F.);
#9347=ORIENTED_EDGE('',*,*,#6822,.T.);
#9348=ORIENTED_EDGE('',*,*,#6817,.F.);
#9349=ORIENTED_EDGE('',*,*,#5863,.T.);
#9350=ORIENTED_EDGE('',*,*,#6821,.F.);
#9351=ORIENTED_EDGE('',*,*,#6823,.T.);
#9352=ORIENTED_EDGE('',*,*,#6820,.F.);
#9353=ORIENTED_EDGE('',*,*,#6824,.T.);
#9354=ORIENTED_EDGE('',*,*,#6825,.F.);
#9355=ORIENTED_EDGE('',*,*,#6826,.F.);
#9356=ORIENTED_EDGE('',*,*,#6818,.F.);
#9357=ORIENTED_EDGE('',*,*,#6827,.T.);
#9358=ORIENTED_EDGE('',*,*,#6828,.F.);
#9359=ORIENTED_EDGE('',*,*,#6824,.F.);
#9360=ORIENTED_EDGE('',*,*,#6829,.T.);
#9361=ORIENTED_EDGE('',*,*,#6073,.T.);
#9362=ORIENTED_EDGE('',*,*,#6830,.T.);
#9363=ORIENTED_EDGE('',*,*,#6825,.T.);
#9364=ORIENTED_EDGE('',*,*,#6831,.T.);
#9365=ORIENTED_EDGE('',*,*,#6074,.T.);
#9366=ORIENTED_EDGE('',*,*,#6829,.F.);
#9367=ORIENTED_EDGE('',*,*,#6828,.T.);
#9368=ORIENTED_EDGE('',*,*,#6832,.T.);
#9369=ORIENTED_EDGE('',*,*,#6075,.T.);
#9370=ORIENTED_EDGE('',*,*,#6831,.F.);
#9371=ORIENTED_EDGE('',*,*,#6833,.T.);
#9372=ORIENTED_EDGE('',*,*,#6830,.F.);
#9373=ORIENTED_EDGE('',*,*,#6076,.T.);
#9374=ORIENTED_EDGE('',*,*,#6832,.F.);
#9375=ORIENTED_EDGE('',*,*,#6834,.T.);
#9376=ORIENTED_EDGE('',*,*,#6822,.F.);
#9377=ORIENTED_EDGE('',*,*,#6826,.T.);
#9378=ORIENTED_EDGE('',*,*,#6834,.F.);
#9379=ORIENTED_EDGE('',*,*,#6835,.F.);
#9380=ORIENTED_EDGE('',*,*,#6823,.F.);
#9381=ORIENTED_EDGE('',*,*,#6835,.T.);
#9382=ORIENTED_EDGE('',*,*,#6833,.F.);
#9383=ORIENTED_EDGE('',*,*,#6827,.F.);
#9384=ORIENTED_EDGE('',*,*,#6836,.T.);
#9385=ORIENTED_EDGE('',*,*,#5864,.T.);
#9386=ORIENTED_EDGE('',*,*,#6837,.T.);
#9387=ORIENTED_EDGE('',*,*,#6838,.T.);
#9388=ORIENTED_EDGE('',*,*,#6839,.T.);
#9389=ORIENTED_EDGE('',*,*,#5865,.T.);
#9390=ORIENTED_EDGE('',*,*,#6836,.F.);
#9391=ORIENTED_EDGE('',*,*,#6840,.T.);
#9392=ORIENTED_EDGE('',*,*,#6841,.T.);
#9393=ORIENTED_EDGE('',*,*,#5866,.T.);
#9394=ORIENTED_EDGE('',*,*,#6839,.F.);
#9395=ORIENTED_EDGE('',*,*,#6842,.T.);
#9396=ORIENTED_EDGE('',*,*,#6837,.F.);
#9397=ORIENTED_EDGE('',*,*,#5867,.T.);
#9398=ORIENTED_EDGE('',*,*,#6841,.F.);
#9399=ORIENTED_EDGE('',*,*,#6843,.T.);
#9400=ORIENTED_EDGE('',*,*,#6840,.F.);
#9401=ORIENTED_EDGE('',*,*,#6844,.T.);
#9402=ORIENTED_EDGE('',*,*,#6845,.F.);
#9403=ORIENTED_EDGE('',*,*,#6846,.F.);
#9404=ORIENTED_EDGE('',*,*,#6838,.F.);
#9405=ORIENTED_EDGE('',*,*,#6847,.T.);
#9406=ORIENTED_EDGE('',*,*,#6848,.F.);
#9407=ORIENTED_EDGE('',*,*,#6844,.F.);
#9408=ORIENTED_EDGE('',*,*,#6849,.T.);
#9409=ORIENTED_EDGE('',*,*,#6069,.T.);
#9410=ORIENTED_EDGE('',*,*,#6850,.T.);
#9411=ORIENTED_EDGE('',*,*,#6845,.T.);
#9412=ORIENTED_EDGE('',*,*,#6851,.T.);
#9413=ORIENTED_EDGE('',*,*,#6070,.T.);
#9414=ORIENTED_EDGE('',*,*,#6849,.F.);
#9415=ORIENTED_EDGE('',*,*,#6848,.T.);
#9416=ORIENTED_EDGE('',*,*,#6852,.T.);
#9417=ORIENTED_EDGE('',*,*,#6071,.T.);
#9418=ORIENTED_EDGE('',*,*,#6851,.F.);
#9419=ORIENTED_EDGE('',*,*,#6853,.T.);
#9420=ORIENTED_EDGE('',*,*,#6850,.F.);
#9421=ORIENTED_EDGE('',*,*,#6072,.T.);
#9422=ORIENTED_EDGE('',*,*,#6852,.F.);
#9423=ORIENTED_EDGE('',*,*,#6854,.T.);
#9424=ORIENTED_EDGE('',*,*,#6842,.F.);
#9425=ORIENTED_EDGE('',*,*,#6846,.T.);
#9426=ORIENTED_EDGE('',*,*,#6854,.F.);
#9427=ORIENTED_EDGE('',*,*,#6855,.F.);
#9428=ORIENTED_EDGE('',*,*,#6843,.F.);
#9429=ORIENTED_EDGE('',*,*,#6855,.T.);
#9430=ORIENTED_EDGE('',*,*,#6853,.F.);
#9431=ORIENTED_EDGE('',*,*,#6847,.F.);
#9432=ORIENTED_EDGE('',*,*,#6856,.T.);
#9433=ORIENTED_EDGE('',*,*,#5868,.T.);
#9434=ORIENTED_EDGE('',*,*,#6857,.T.);
#9435=ORIENTED_EDGE('',*,*,#6858,.T.);
#9436=ORIENTED_EDGE('',*,*,#6859,.T.);
#9437=ORIENTED_EDGE('',*,*,#5869,.T.);
#9438=ORIENTED_EDGE('',*,*,#6856,.F.);
#9439=ORIENTED_EDGE('',*,*,#6860,.T.);
#9440=ORIENTED_EDGE('',*,*,#6861,.T.);
#9441=ORIENTED_EDGE('',*,*,#5870,.T.);
#9442=ORIENTED_EDGE('',*,*,#6859,.F.);
#9443=ORIENTED_EDGE('',*,*,#6862,.T.);
#9444=ORIENTED_EDGE('',*,*,#6857,.F.);
#9445=ORIENTED_EDGE('',*,*,#5871,.T.);
#9446=ORIENTED_EDGE('',*,*,#6861,.F.);
#9447=ORIENTED_EDGE('',*,*,#6863,.T.);
#9448=ORIENTED_EDGE('',*,*,#6860,.F.);
#9449=ORIENTED_EDGE('',*,*,#6864,.T.);
#9450=ORIENTED_EDGE('',*,*,#6865,.F.);
#9451=ORIENTED_EDGE('',*,*,#6866,.F.);
#9452=ORIENTED_EDGE('',*,*,#6858,.F.);
#9453=ORIENTED_EDGE('',*,*,#6867,.T.);
#9454=ORIENTED_EDGE('',*,*,#6868,.F.);
#9455=ORIENTED_EDGE('',*,*,#6864,.F.);
#9456=ORIENTED_EDGE('',*,*,#6869,.T.);
#9457=ORIENTED_EDGE('',*,*,#6065,.T.);
#9458=ORIENTED_EDGE('',*,*,#6870,.T.);
#9459=ORIENTED_EDGE('',*,*,#6865,.T.);
#9460=ORIENTED_EDGE('',*,*,#6871,.T.);
#9461=ORIENTED_EDGE('',*,*,#6066,.T.);
#9462=ORIENTED_EDGE('',*,*,#6869,.F.);
#9463=ORIENTED_EDGE('',*,*,#6868,.T.);
#9464=ORIENTED_EDGE('',*,*,#6872,.T.);
#9465=ORIENTED_EDGE('',*,*,#6067,.T.);
#9466=ORIENTED_EDGE('',*,*,#6871,.F.);
#9467=ORIENTED_EDGE('',*,*,#6873,.T.);
#9468=ORIENTED_EDGE('',*,*,#6870,.F.);
#9469=ORIENTED_EDGE('',*,*,#6068,.T.);
#9470=ORIENTED_EDGE('',*,*,#6872,.F.);
#9471=ORIENTED_EDGE('',*,*,#6874,.T.);
#9472=ORIENTED_EDGE('',*,*,#6862,.F.);
#9473=ORIENTED_EDGE('',*,*,#6866,.T.);
#9474=ORIENTED_EDGE('',*,*,#6874,.F.);
#9475=ORIENTED_EDGE('',*,*,#6875,.F.);
#9476=ORIENTED_EDGE('',*,*,#6863,.F.);
#9477=ORIENTED_EDGE('',*,*,#6875,.T.);
#9478=ORIENTED_EDGE('',*,*,#6873,.F.);
#9479=ORIENTED_EDGE('',*,*,#6867,.F.);
#9480=ORIENTED_EDGE('',*,*,#6876,.T.);
#9481=ORIENTED_EDGE('',*,*,#5872,.T.);
#9482=ORIENTED_EDGE('',*,*,#6877,.T.);
#9483=ORIENTED_EDGE('',*,*,#6878,.T.);
#9484=ORIENTED_EDGE('',*,*,#6879,.T.);
#9485=ORIENTED_EDGE('',*,*,#5873,.T.);
#9486=ORIENTED_EDGE('',*,*,#6876,.F.);
#9487=ORIENTED_EDGE('',*,*,#6880,.T.);
#9488=ORIENTED_EDGE('',*,*,#6881,.T.);
#9489=ORIENTED_EDGE('',*,*,#5874,.T.);
#9490=ORIENTED_EDGE('',*,*,#6879,.F.);
#9491=ORIENTED_EDGE('',*,*,#6882,.T.);
#9492=ORIENTED_EDGE('',*,*,#6877,.F.);
#9493=ORIENTED_EDGE('',*,*,#5875,.T.);
#9494=ORIENTED_EDGE('',*,*,#6881,.F.);
#9495=ORIENTED_EDGE('',*,*,#6883,.T.);
#9496=ORIENTED_EDGE('',*,*,#6880,.F.);
#9497=ORIENTED_EDGE('',*,*,#6884,.T.);
#9498=ORIENTED_EDGE('',*,*,#6885,.F.);
#9499=ORIENTED_EDGE('',*,*,#6886,.F.);
#9500=ORIENTED_EDGE('',*,*,#6878,.F.);
#9501=ORIENTED_EDGE('',*,*,#6887,.T.);
#9502=ORIENTED_EDGE('',*,*,#6888,.F.);
#9503=ORIENTED_EDGE('',*,*,#6884,.F.);
#9504=ORIENTED_EDGE('',*,*,#6889,.T.);
#9505=ORIENTED_EDGE('',*,*,#6061,.T.);
#9506=ORIENTED_EDGE('',*,*,#6890,.T.);
#9507=ORIENTED_EDGE('',*,*,#6885,.T.);
#9508=ORIENTED_EDGE('',*,*,#6891,.T.);
#9509=ORIENTED_EDGE('',*,*,#6062,.T.);
#9510=ORIENTED_EDGE('',*,*,#6889,.F.);
#9511=ORIENTED_EDGE('',*,*,#6888,.T.);
#9512=ORIENTED_EDGE('',*,*,#6892,.T.);
#9513=ORIENTED_EDGE('',*,*,#6063,.T.);
#9514=ORIENTED_EDGE('',*,*,#6891,.F.);
#9515=ORIENTED_EDGE('',*,*,#6893,.T.);
#9516=ORIENTED_EDGE('',*,*,#6890,.F.);
#9517=ORIENTED_EDGE('',*,*,#6064,.T.);
#9518=ORIENTED_EDGE('',*,*,#6892,.F.);
#9519=ORIENTED_EDGE('',*,*,#6894,.T.);
#9520=ORIENTED_EDGE('',*,*,#6882,.F.);
#9521=ORIENTED_EDGE('',*,*,#6886,.T.);
#9522=ORIENTED_EDGE('',*,*,#6894,.F.);
#9523=ORIENTED_EDGE('',*,*,#6895,.F.);
#9524=ORIENTED_EDGE('',*,*,#6883,.F.);
#9525=ORIENTED_EDGE('',*,*,#6895,.T.);
#9526=ORIENTED_EDGE('',*,*,#6893,.F.);
#9527=ORIENTED_EDGE('',*,*,#6887,.F.);
#9528=ORIENTED_EDGE('',*,*,#6896,.T.);
#9529=ORIENTED_EDGE('',*,*,#5876,.T.);
#9530=ORIENTED_EDGE('',*,*,#6897,.T.);
#9531=ORIENTED_EDGE('',*,*,#6898,.T.);
#9532=ORIENTED_EDGE('',*,*,#6899,.T.);
#9533=ORIENTED_EDGE('',*,*,#5877,.T.);
#9534=ORIENTED_EDGE('',*,*,#6896,.F.);
#9535=ORIENTED_EDGE('',*,*,#6900,.T.);
#9536=ORIENTED_EDGE('',*,*,#6901,.T.);
#9537=ORIENTED_EDGE('',*,*,#5878,.T.);
#9538=ORIENTED_EDGE('',*,*,#6899,.F.);
#9539=ORIENTED_EDGE('',*,*,#6902,.T.);
#9540=ORIENTED_EDGE('',*,*,#6897,.F.);
#9541=ORIENTED_EDGE('',*,*,#5879,.T.);
#9542=ORIENTED_EDGE('',*,*,#6901,.F.);
#9543=ORIENTED_EDGE('',*,*,#6903,.T.);
#9544=ORIENTED_EDGE('',*,*,#6900,.F.);
#9545=ORIENTED_EDGE('',*,*,#6904,.T.);
#9546=ORIENTED_EDGE('',*,*,#6905,.F.);
#9547=ORIENTED_EDGE('',*,*,#6906,.F.);
#9548=ORIENTED_EDGE('',*,*,#6898,.F.);
#9549=ORIENTED_EDGE('',*,*,#6907,.T.);
#9550=ORIENTED_EDGE('',*,*,#6908,.F.);
#9551=ORIENTED_EDGE('',*,*,#6904,.F.);
#9552=ORIENTED_EDGE('',*,*,#6909,.T.);
#9553=ORIENTED_EDGE('',*,*,#6057,.T.);
#9554=ORIENTED_EDGE('',*,*,#6910,.T.);
#9555=ORIENTED_EDGE('',*,*,#6905,.T.);
#9556=ORIENTED_EDGE('',*,*,#6911,.T.);
#9557=ORIENTED_EDGE('',*,*,#6058,.T.);
#9558=ORIENTED_EDGE('',*,*,#6909,.F.);
#9559=ORIENTED_EDGE('',*,*,#6908,.T.);
#9560=ORIENTED_EDGE('',*,*,#6912,.T.);
#9561=ORIENTED_EDGE('',*,*,#6059,.T.);
#9562=ORIENTED_EDGE('',*,*,#6911,.F.);
#9563=ORIENTED_EDGE('',*,*,#6913,.T.);
#9564=ORIENTED_EDGE('',*,*,#6910,.F.);
#9565=ORIENTED_EDGE('',*,*,#6060,.T.);
#9566=ORIENTED_EDGE('',*,*,#6912,.F.);
#9567=ORIENTED_EDGE('',*,*,#6914,.T.);
#9568=ORIENTED_EDGE('',*,*,#6902,.F.);
#9569=ORIENTED_EDGE('',*,*,#6906,.T.);
#9570=ORIENTED_EDGE('',*,*,#6914,.F.);
#9571=ORIENTED_EDGE('',*,*,#6915,.F.);
#9572=ORIENTED_EDGE('',*,*,#6903,.F.);
#9573=ORIENTED_EDGE('',*,*,#6915,.T.);
#9574=ORIENTED_EDGE('',*,*,#6913,.F.);
#9575=ORIENTED_EDGE('',*,*,#6907,.F.);
#9576=ORIENTED_EDGE('',*,*,#6916,.T.);
#9577=ORIENTED_EDGE('',*,*,#5880,.T.);
#9578=ORIENTED_EDGE('',*,*,#6917,.T.);
#9579=ORIENTED_EDGE('',*,*,#6918,.T.);
#9580=ORIENTED_EDGE('',*,*,#6919,.T.);
#9581=ORIENTED_EDGE('',*,*,#5881,.T.);
#9582=ORIENTED_EDGE('',*,*,#6916,.F.);
#9583=ORIENTED_EDGE('',*,*,#6920,.T.);
#9584=ORIENTED_EDGE('',*,*,#6921,.T.);
#9585=ORIENTED_EDGE('',*,*,#5882,.T.);
#9586=ORIENTED_EDGE('',*,*,#6919,.F.);
#9587=ORIENTED_EDGE('',*,*,#6922,.T.);
#9588=ORIENTED_EDGE('',*,*,#6917,.F.);
#9589=ORIENTED_EDGE('',*,*,#5883,.T.);
#9590=ORIENTED_EDGE('',*,*,#6921,.F.);
#9591=ORIENTED_EDGE('',*,*,#6923,.T.);
#9592=ORIENTED_EDGE('',*,*,#6920,.F.);
#9593=ORIENTED_EDGE('',*,*,#6924,.T.);
#9594=ORIENTED_EDGE('',*,*,#6925,.F.);
#9595=ORIENTED_EDGE('',*,*,#6926,.F.);
#9596=ORIENTED_EDGE('',*,*,#6918,.F.);
#9597=ORIENTED_EDGE('',*,*,#6927,.T.);
#9598=ORIENTED_EDGE('',*,*,#6928,.F.);
#9599=ORIENTED_EDGE('',*,*,#6924,.F.);
#9600=ORIENTED_EDGE('',*,*,#6929,.T.);
#9601=ORIENTED_EDGE('',*,*,#6053,.T.);
#9602=ORIENTED_EDGE('',*,*,#6930,.T.);
#9603=ORIENTED_EDGE('',*,*,#6925,.T.);
#9604=ORIENTED_EDGE('',*,*,#6931,.T.);
#9605=ORIENTED_EDGE('',*,*,#6054,.T.);
#9606=ORIENTED_EDGE('',*,*,#6929,.F.);
#9607=ORIENTED_EDGE('',*,*,#6928,.T.);
#9608=ORIENTED_EDGE('',*,*,#6932,.T.);
#9609=ORIENTED_EDGE('',*,*,#6055,.T.);
#9610=ORIENTED_EDGE('',*,*,#6931,.F.);
#9611=ORIENTED_EDGE('',*,*,#6933,.T.);
#9612=ORIENTED_EDGE('',*,*,#6930,.F.);
#9613=ORIENTED_EDGE('',*,*,#6056,.T.);
#9614=ORIENTED_EDGE('',*,*,#6932,.F.);
#9615=ORIENTED_EDGE('',*,*,#6934,.T.);
#9616=ORIENTED_EDGE('',*,*,#6922,.F.);
#9617=ORIENTED_EDGE('',*,*,#6926,.T.);
#9618=ORIENTED_EDGE('',*,*,#6934,.F.);
#9619=ORIENTED_EDGE('',*,*,#6935,.F.);
#9620=ORIENTED_EDGE('',*,*,#6923,.F.);
#9621=ORIENTED_EDGE('',*,*,#6935,.T.);
#9622=ORIENTED_EDGE('',*,*,#6933,.F.);
#9623=ORIENTED_EDGE('',*,*,#6927,.F.);
#9624=ORIENTED_EDGE('',*,*,#6936,.T.);
#9625=ORIENTED_EDGE('',*,*,#5884,.T.);
#9626=ORIENTED_EDGE('',*,*,#6937,.T.);
#9627=ORIENTED_EDGE('',*,*,#6938,.T.);
#9628=ORIENTED_EDGE('',*,*,#6939,.T.);
#9629=ORIENTED_EDGE('',*,*,#5885,.T.);
#9630=ORIENTED_EDGE('',*,*,#6936,.F.);
#9631=ORIENTED_EDGE('',*,*,#6940,.T.);
#9632=ORIENTED_EDGE('',*,*,#6941,.T.);
#9633=ORIENTED_EDGE('',*,*,#5886,.T.);
#9634=ORIENTED_EDGE('',*,*,#6939,.F.);
#9635=ORIENTED_EDGE('',*,*,#6942,.T.);
#9636=ORIENTED_EDGE('',*,*,#6937,.F.);
#9637=ORIENTED_EDGE('',*,*,#5887,.T.);
#9638=ORIENTED_EDGE('',*,*,#6941,.F.);
#9639=ORIENTED_EDGE('',*,*,#6943,.T.);
#9640=ORIENTED_EDGE('',*,*,#6940,.F.);
#9641=ORIENTED_EDGE('',*,*,#6944,.T.);
#9642=ORIENTED_EDGE('',*,*,#6945,.F.);
#9643=ORIENTED_EDGE('',*,*,#6946,.F.);
#9644=ORIENTED_EDGE('',*,*,#6938,.F.);
#9645=ORIENTED_EDGE('',*,*,#6947,.T.);
#9646=ORIENTED_EDGE('',*,*,#6948,.F.);
#9647=ORIENTED_EDGE('',*,*,#6944,.F.);
#9648=ORIENTED_EDGE('',*,*,#6949,.T.);
#9649=ORIENTED_EDGE('',*,*,#6049,.T.);
#9650=ORIENTED_EDGE('',*,*,#6950,.T.);
#9651=ORIENTED_EDGE('',*,*,#6945,.T.);
#9652=ORIENTED_EDGE('',*,*,#6951,.T.);
#9653=ORIENTED_EDGE('',*,*,#6050,.T.);
#9654=ORIENTED_EDGE('',*,*,#6949,.F.);
#9655=ORIENTED_EDGE('',*,*,#6948,.T.);
#9656=ORIENTED_EDGE('',*,*,#6952,.T.);
#9657=ORIENTED_EDGE('',*,*,#6051,.T.);
#9658=ORIENTED_EDGE('',*,*,#6951,.F.);
#9659=ORIENTED_EDGE('',*,*,#6953,.T.);
#9660=ORIENTED_EDGE('',*,*,#6950,.F.);
#9661=ORIENTED_EDGE('',*,*,#6052,.T.);
#9662=ORIENTED_EDGE('',*,*,#6952,.F.);
#9663=ORIENTED_EDGE('',*,*,#6954,.T.);
#9664=ORIENTED_EDGE('',*,*,#6942,.F.);
#9665=ORIENTED_EDGE('',*,*,#6946,.T.);
#9666=ORIENTED_EDGE('',*,*,#6954,.F.);
#9667=ORIENTED_EDGE('',*,*,#6955,.F.);
#9668=ORIENTED_EDGE('',*,*,#6943,.F.);
#9669=ORIENTED_EDGE('',*,*,#6955,.T.);
#9670=ORIENTED_EDGE('',*,*,#6953,.F.);
#9671=ORIENTED_EDGE('',*,*,#6947,.F.);
#9672=ORIENTED_EDGE('',*,*,#6956,.T.);
#9673=ORIENTED_EDGE('',*,*,#5888,.T.);
#9674=ORIENTED_EDGE('',*,*,#6957,.T.);
#9675=ORIENTED_EDGE('',*,*,#6958,.T.);
#9676=ORIENTED_EDGE('',*,*,#6959,.T.);
#9677=ORIENTED_EDGE('',*,*,#5889,.T.);
#9678=ORIENTED_EDGE('',*,*,#6956,.F.);
#9679=ORIENTED_EDGE('',*,*,#6960,.T.);
#9680=ORIENTED_EDGE('',*,*,#6961,.T.);
#9681=ORIENTED_EDGE('',*,*,#5890,.T.);
#9682=ORIENTED_EDGE('',*,*,#6959,.F.);
#9683=ORIENTED_EDGE('',*,*,#6962,.T.);
#9684=ORIENTED_EDGE('',*,*,#6957,.F.);
#9685=ORIENTED_EDGE('',*,*,#5891,.T.);
#9686=ORIENTED_EDGE('',*,*,#6961,.F.);
#9687=ORIENTED_EDGE('',*,*,#6963,.T.);
#9688=ORIENTED_EDGE('',*,*,#6960,.F.);
#9689=ORIENTED_EDGE('',*,*,#6964,.T.);
#9690=ORIENTED_EDGE('',*,*,#6965,.F.);
#9691=ORIENTED_EDGE('',*,*,#6966,.F.);
#9692=ORIENTED_EDGE('',*,*,#6958,.F.);
#9693=ORIENTED_EDGE('',*,*,#6967,.T.);
#9694=ORIENTED_EDGE('',*,*,#6968,.F.);
#9695=ORIENTED_EDGE('',*,*,#6964,.F.);
#9696=ORIENTED_EDGE('',*,*,#6969,.T.);
#9697=ORIENTED_EDGE('',*,*,#6045,.T.);
#9698=ORIENTED_EDGE('',*,*,#6970,.T.);
#9699=ORIENTED_EDGE('',*,*,#6965,.T.);
#9700=ORIENTED_EDGE('',*,*,#6971,.T.);
#9701=ORIENTED_EDGE('',*,*,#6046,.T.);
#9702=ORIENTED_EDGE('',*,*,#6969,.F.);
#9703=ORIENTED_EDGE('',*,*,#6968,.T.);
#9704=ORIENTED_EDGE('',*,*,#6972,.T.);
#9705=ORIENTED_EDGE('',*,*,#6047,.T.);
#9706=ORIENTED_EDGE('',*,*,#6971,.F.);
#9707=ORIENTED_EDGE('',*,*,#6973,.T.);
#9708=ORIENTED_EDGE('',*,*,#6970,.F.);
#9709=ORIENTED_EDGE('',*,*,#6048,.T.);
#9710=ORIENTED_EDGE('',*,*,#6972,.F.);
#9711=ORIENTED_EDGE('',*,*,#6974,.T.);
#9712=ORIENTED_EDGE('',*,*,#6962,.F.);
#9713=ORIENTED_EDGE('',*,*,#6966,.T.);
#9714=ORIENTED_EDGE('',*,*,#6974,.F.);
#9715=ORIENTED_EDGE('',*,*,#6975,.F.);
#9716=ORIENTED_EDGE('',*,*,#6963,.F.);
#9717=ORIENTED_EDGE('',*,*,#6975,.T.);
#9718=ORIENTED_EDGE('',*,*,#6973,.F.);
#9719=ORIENTED_EDGE('',*,*,#6967,.F.);
#9720=ORIENTED_EDGE('',*,*,#6976,.T.);
#9721=ORIENTED_EDGE('',*,*,#5892,.T.);
#9722=ORIENTED_EDGE('',*,*,#6977,.T.);
#9723=ORIENTED_EDGE('',*,*,#6978,.T.);
#9724=ORIENTED_EDGE('',*,*,#6979,.T.);
#9725=ORIENTED_EDGE('',*,*,#5893,.T.);
#9726=ORIENTED_EDGE('',*,*,#6976,.F.);
#9727=ORIENTED_EDGE('',*,*,#6980,.T.);
#9728=ORIENTED_EDGE('',*,*,#6981,.T.);
#9729=ORIENTED_EDGE('',*,*,#5894,.T.);
#9730=ORIENTED_EDGE('',*,*,#6979,.F.);
#9731=ORIENTED_EDGE('',*,*,#6982,.T.);
#9732=ORIENTED_EDGE('',*,*,#6977,.F.);
#9733=ORIENTED_EDGE('',*,*,#5895,.T.);
#9734=ORIENTED_EDGE('',*,*,#6981,.F.);
#9735=ORIENTED_EDGE('',*,*,#6983,.T.);
#9736=ORIENTED_EDGE('',*,*,#6980,.F.);
#9737=ORIENTED_EDGE('',*,*,#6984,.T.);
#9738=ORIENTED_EDGE('',*,*,#6985,.F.);
#9739=ORIENTED_EDGE('',*,*,#6986,.F.);
#9740=ORIENTED_EDGE('',*,*,#6978,.F.);
#9741=ORIENTED_EDGE('',*,*,#6987,.T.);
#9742=ORIENTED_EDGE('',*,*,#6988,.F.);
#9743=ORIENTED_EDGE('',*,*,#6984,.F.);
#9744=ORIENTED_EDGE('',*,*,#6989,.T.);
#9745=ORIENTED_EDGE('',*,*,#6041,.T.);
#9746=ORIENTED_EDGE('',*,*,#6990,.T.);
#9747=ORIENTED_EDGE('',*,*,#6985,.T.);
#9748=ORIENTED_EDGE('',*,*,#6991,.T.);
#9749=ORIENTED_EDGE('',*,*,#6042,.T.);
#9750=ORIENTED_EDGE('',*,*,#6989,.F.);
#9751=ORIENTED_EDGE('',*,*,#6988,.T.);
#9752=ORIENTED_EDGE('',*,*,#6992,.T.);
#9753=ORIENTED_EDGE('',*,*,#6043,.T.);
#9754=ORIENTED_EDGE('',*,*,#6991,.F.);
#9755=ORIENTED_EDGE('',*,*,#6993,.T.);
#9756=ORIENTED_EDGE('',*,*,#6990,.F.);
#9757=ORIENTED_EDGE('',*,*,#6044,.T.);
#9758=ORIENTED_EDGE('',*,*,#6992,.F.);
#9759=ORIENTED_EDGE('',*,*,#6994,.T.);
#9760=ORIENTED_EDGE('',*,*,#6982,.F.);
#9761=ORIENTED_EDGE('',*,*,#6986,.T.);
#9762=ORIENTED_EDGE('',*,*,#6994,.F.);
#9763=ORIENTED_EDGE('',*,*,#6995,.F.);
#9764=ORIENTED_EDGE('',*,*,#6983,.F.);
#9765=ORIENTED_EDGE('',*,*,#6995,.T.);
#9766=ORIENTED_EDGE('',*,*,#6993,.F.);
#9767=ORIENTED_EDGE('',*,*,#6987,.F.);
#9768=ORIENTED_EDGE('',*,*,#6996,.T.);
#9769=ORIENTED_EDGE('',*,*,#5896,.T.);
#9770=ORIENTED_EDGE('',*,*,#6997,.T.);
#9771=ORIENTED_EDGE('',*,*,#6998,.T.);
#9772=ORIENTED_EDGE('',*,*,#6999,.T.);
#9773=ORIENTED_EDGE('',*,*,#5897,.T.);
#9774=ORIENTED_EDGE('',*,*,#6996,.F.);
#9775=ORIENTED_EDGE('',*,*,#7000,.T.);
#9776=ORIENTED_EDGE('',*,*,#7001,.T.);
#9777=ORIENTED_EDGE('',*,*,#5898,.T.);
#9778=ORIENTED_EDGE('',*,*,#6999,.F.);
#9779=ORIENTED_EDGE('',*,*,#7002,.T.);
#9780=ORIENTED_EDGE('',*,*,#6997,.F.);
#9781=ORIENTED_EDGE('',*,*,#5899,.T.);
#9782=ORIENTED_EDGE('',*,*,#7001,.F.);
#9783=ORIENTED_EDGE('',*,*,#7003,.T.);
#9784=ORIENTED_EDGE('',*,*,#7000,.F.);
#9785=ORIENTED_EDGE('',*,*,#7004,.T.);
#9786=ORIENTED_EDGE('',*,*,#7005,.F.);
#9787=ORIENTED_EDGE('',*,*,#7006,.F.);
#9788=ORIENTED_EDGE('',*,*,#6998,.F.);
#9789=ORIENTED_EDGE('',*,*,#7007,.T.);
#9790=ORIENTED_EDGE('',*,*,#7008,.F.);
#9791=ORIENTED_EDGE('',*,*,#7004,.F.);
#9792=ORIENTED_EDGE('',*,*,#7009,.T.);
#9793=ORIENTED_EDGE('',*,*,#6037,.T.);
#9794=ORIENTED_EDGE('',*,*,#7010,.T.);
#9795=ORIENTED_EDGE('',*,*,#7005,.T.);
#9796=ORIENTED_EDGE('',*,*,#7011,.T.);
#9797=ORIENTED_EDGE('',*,*,#6038,.T.);
#9798=ORIENTED_EDGE('',*,*,#7009,.F.);
#9799=ORIENTED_EDGE('',*,*,#7008,.T.);
#9800=ORIENTED_EDGE('',*,*,#7012,.T.);
#9801=ORIENTED_EDGE('',*,*,#6039,.T.);
#9802=ORIENTED_EDGE('',*,*,#7011,.F.);
#9803=ORIENTED_EDGE('',*,*,#7013,.T.);
#9804=ORIENTED_EDGE('',*,*,#7010,.F.);
#9805=ORIENTED_EDGE('',*,*,#6040,.T.);
#9806=ORIENTED_EDGE('',*,*,#7012,.F.);
#9807=ORIENTED_EDGE('',*,*,#7014,.T.);
#9808=ORIENTED_EDGE('',*,*,#7002,.F.);
#9809=ORIENTED_EDGE('',*,*,#7006,.T.);
#9810=ORIENTED_EDGE('',*,*,#7014,.F.);
#9811=ORIENTED_EDGE('',*,*,#7015,.F.);
#9812=ORIENTED_EDGE('',*,*,#7003,.F.);
#9813=ORIENTED_EDGE('',*,*,#7015,.T.);
#9814=ORIENTED_EDGE('',*,*,#7013,.F.);
#9815=ORIENTED_EDGE('',*,*,#7007,.F.);
#9816=ORIENTED_EDGE('',*,*,#7016,.T.);
#9817=ORIENTED_EDGE('',*,*,#5900,.T.);
#9818=ORIENTED_EDGE('',*,*,#7017,.T.);
#9819=ORIENTED_EDGE('',*,*,#7018,.T.);
#9820=ORIENTED_EDGE('',*,*,#7019,.T.);
#9821=ORIENTED_EDGE('',*,*,#5901,.T.);
#9822=ORIENTED_EDGE('',*,*,#7016,.F.);
#9823=ORIENTED_EDGE('',*,*,#7020,.T.);
#9824=ORIENTED_EDGE('',*,*,#7021,.T.);
#9825=ORIENTED_EDGE('',*,*,#5902,.T.);
#9826=ORIENTED_EDGE('',*,*,#7019,.F.);
#9827=ORIENTED_EDGE('',*,*,#7022,.T.);
#9828=ORIENTED_EDGE('',*,*,#7017,.F.);
#9829=ORIENTED_EDGE('',*,*,#5903,.T.);
#9830=ORIENTED_EDGE('',*,*,#7021,.F.);
#9831=ORIENTED_EDGE('',*,*,#7023,.T.);
#9832=ORIENTED_EDGE('',*,*,#7020,.F.);
#9833=ORIENTED_EDGE('',*,*,#7024,.T.);
#9834=ORIENTED_EDGE('',*,*,#7025,.F.);
#9835=ORIENTED_EDGE('',*,*,#7026,.F.);
#9836=ORIENTED_EDGE('',*,*,#7018,.F.);
#9837=ORIENTED_EDGE('',*,*,#7027,.T.);
#9838=ORIENTED_EDGE('',*,*,#7028,.F.);
#9839=ORIENTED_EDGE('',*,*,#7024,.F.);
#9840=ORIENTED_EDGE('',*,*,#7029,.T.);
#9841=ORIENTED_EDGE('',*,*,#6033,.T.);
#9842=ORIENTED_EDGE('',*,*,#7030,.T.);
#9843=ORIENTED_EDGE('',*,*,#7025,.T.);
#9844=ORIENTED_EDGE('',*,*,#7031,.T.);
#9845=ORIENTED_EDGE('',*,*,#6034,.T.);
#9846=ORIENTED_EDGE('',*,*,#7029,.F.);
#9847=ORIENTED_EDGE('',*,*,#7028,.T.);
#9848=ORIENTED_EDGE('',*,*,#7032,.T.);
#9849=ORIENTED_EDGE('',*,*,#6035,.T.);
#9850=ORIENTED_EDGE('',*,*,#7031,.F.);
#9851=ORIENTED_EDGE('',*,*,#7033,.T.);
#9852=ORIENTED_EDGE('',*,*,#7030,.F.);
#9853=ORIENTED_EDGE('',*,*,#6036,.T.);
#9854=ORIENTED_EDGE('',*,*,#7032,.F.);
#9855=ORIENTED_EDGE('',*,*,#7034,.T.);
#9856=ORIENTED_EDGE('',*,*,#7022,.F.);
#9857=ORIENTED_EDGE('',*,*,#7026,.T.);
#9858=ORIENTED_EDGE('',*,*,#7034,.F.);
#9859=ORIENTED_EDGE('',*,*,#7035,.F.);
#9860=ORIENTED_EDGE('',*,*,#7023,.F.);
#9861=ORIENTED_EDGE('',*,*,#7035,.T.);
#9862=ORIENTED_EDGE('',*,*,#7033,.F.);
#9863=ORIENTED_EDGE('',*,*,#7027,.F.);
#9864=ORIENTED_EDGE('',*,*,#7036,.T.);
#9865=ORIENTED_EDGE('',*,*,#6133,.T.);
#9866=ORIENTED_EDGE('',*,*,#7037,.T.);
#9867=ORIENTED_EDGE('',*,*,#7038,.T.);
#9868=ORIENTED_EDGE('',*,*,#7039,.T.);
#9869=ORIENTED_EDGE('',*,*,#6134,.T.);
#9870=ORIENTED_EDGE('',*,*,#7036,.F.);
#9871=ORIENTED_EDGE('',*,*,#7040,.T.);
#9872=ORIENTED_EDGE('',*,*,#7041,.T.);
#9873=ORIENTED_EDGE('',*,*,#6135,.T.);
#9874=ORIENTED_EDGE('',*,*,#7039,.F.);
#9875=ORIENTED_EDGE('',*,*,#7042,.T.);
#9876=ORIENTED_EDGE('',*,*,#7037,.F.);
#9877=ORIENTED_EDGE('',*,*,#6136,.T.);
#9878=ORIENTED_EDGE('',*,*,#7041,.F.);
#9879=ORIENTED_EDGE('',*,*,#7043,.T.);
#9880=ORIENTED_EDGE('',*,*,#7040,.F.);
#9881=ORIENTED_EDGE('',*,*,#7044,.F.);
#9882=ORIENTED_EDGE('',*,*,#7045,.F.);
#9883=ORIENTED_EDGE('',*,*,#7046,.T.);
#9884=ORIENTED_EDGE('',*,*,#7038,.F.);
#9885=ORIENTED_EDGE('',*,*,#7047,.F.);
#9886=ORIENTED_EDGE('',*,*,#7048,.F.);
#9887=ORIENTED_EDGE('',*,*,#7044,.T.);
#9888=ORIENTED_EDGE('',*,*,#7049,.T.);
#9889=ORIENTED_EDGE('',*,*,#5800,.T.);
#9890=ORIENTED_EDGE('',*,*,#7050,.T.);
#9891=ORIENTED_EDGE('',*,*,#7051,.T.);
#9892=ORIENTED_EDGE('',*,*,#7052,.T.);
#9893=ORIENTED_EDGE('',*,*,#5801,.T.);
#9894=ORIENTED_EDGE('',*,*,#7049,.F.);
#9895=ORIENTED_EDGE('',*,*,#7045,.T.);
#9896=ORIENTED_EDGE('',*,*,#7053,.T.);
#9897=ORIENTED_EDGE('',*,*,#5802,.T.);
#9898=ORIENTED_EDGE('',*,*,#7052,.F.);
#9899=ORIENTED_EDGE('',*,*,#7048,.T.);
#9900=ORIENTED_EDGE('',*,*,#7050,.F.);
#9901=ORIENTED_EDGE('',*,*,#5803,.T.);
#9902=ORIENTED_EDGE('',*,*,#7053,.F.);
#9903=ORIENTED_EDGE('',*,*,#7054,.T.);
#9904=ORIENTED_EDGE('',*,*,#7042,.F.);
#9905=ORIENTED_EDGE('',*,*,#7046,.F.);
#9906=ORIENTED_EDGE('',*,*,#7051,.F.);
#9907=ORIENTED_EDGE('',*,*,#7055,.T.);
#9908=ORIENTED_EDGE('',*,*,#7043,.F.);
#9909=ORIENTED_EDGE('',*,*,#7055,.F.);
#9910=ORIENTED_EDGE('',*,*,#7054,.F.);
#9911=ORIENTED_EDGE('',*,*,#7047,.T.);
#9912=ORIENTED_EDGE('',*,*,#7056,.T.);
#9913=ORIENTED_EDGE('',*,*,#6137,.T.);
#9914=ORIENTED_EDGE('',*,*,#7057,.T.);
#9915=ORIENTED_EDGE('',*,*,#7058,.T.);
#9916=ORIENTED_EDGE('',*,*,#7059,.T.);
#9917=ORIENTED_EDGE('',*,*,#6138,.T.);
#9918=ORIENTED_EDGE('',*,*,#7056,.F.);
#9919=ORIENTED_EDGE('',*,*,#7060,.T.);
#9920=ORIENTED_EDGE('',*,*,#7061,.T.);
#9921=ORIENTED_EDGE('',*,*,#6139,.T.);
#9922=ORIENTED_EDGE('',*,*,#7059,.F.);
#9923=ORIENTED_EDGE('',*,*,#7062,.T.);
#9924=ORIENTED_EDGE('',*,*,#7057,.F.);
#9925=ORIENTED_EDGE('',*,*,#6140,.T.);
#9926=ORIENTED_EDGE('',*,*,#7061,.F.);
#9927=ORIENTED_EDGE('',*,*,#7063,.T.);
#9928=ORIENTED_EDGE('',*,*,#7060,.F.);
#9929=ORIENTED_EDGE('',*,*,#7064,.F.);
#9930=ORIENTED_EDGE('',*,*,#7065,.F.);
#9931=ORIENTED_EDGE('',*,*,#7066,.T.);
#9932=ORIENTED_EDGE('',*,*,#7058,.F.);
#9933=ORIENTED_EDGE('',*,*,#7067,.F.);
#9934=ORIENTED_EDGE('',*,*,#7068,.F.);
#9935=ORIENTED_EDGE('',*,*,#7064,.T.);
#9936=ORIENTED_EDGE('',*,*,#7069,.T.);
#9937=ORIENTED_EDGE('',*,*,#5796,.T.);
#9938=ORIENTED_EDGE('',*,*,#7070,.T.);
#9939=ORIENTED_EDGE('',*,*,#7071,.T.);
#9940=ORIENTED_EDGE('',*,*,#7072,.T.);
#9941=ORIENTED_EDGE('',*,*,#5797,.T.);
#9942=ORIENTED_EDGE('',*,*,#7069,.F.);
#9943=ORIENTED_EDGE('',*,*,#7065,.T.);
#9944=ORIENTED_EDGE('',*,*,#7073,.T.);
#9945=ORIENTED_EDGE('',*,*,#5798,.T.);
#9946=ORIENTED_EDGE('',*,*,#7072,.F.);
#9947=ORIENTED_EDGE('',*,*,#7068,.T.);
#9948=ORIENTED_EDGE('',*,*,#7070,.F.);
#9949=ORIENTED_EDGE('',*,*,#5799,.T.);
#9950=ORIENTED_EDGE('',*,*,#7073,.F.);
#9951=ORIENTED_EDGE('',*,*,#7074,.T.);
#9952=ORIENTED_EDGE('',*,*,#7062,.F.);
#9953=ORIENTED_EDGE('',*,*,#7066,.F.);
#9954=ORIENTED_EDGE('',*,*,#7071,.F.);
#9955=ORIENTED_EDGE('',*,*,#7075,.T.);
#9956=ORIENTED_EDGE('',*,*,#7063,.F.);
#9957=ORIENTED_EDGE('',*,*,#7075,.F.);
#9958=ORIENTED_EDGE('',*,*,#7074,.F.);
#9959=ORIENTED_EDGE('',*,*,#7067,.T.);
#9960=ORIENTED_EDGE('',*,*,#7076,.T.);
#9961=ORIENTED_EDGE('',*,*,#6141,.T.);
#9962=ORIENTED_EDGE('',*,*,#7077,.T.);
#9963=ORIENTED_EDGE('',*,*,#7078,.T.);
#9964=ORIENTED_EDGE('',*,*,#7079,.T.);
#9965=ORIENTED_EDGE('',*,*,#6142,.T.);
#9966=ORIENTED_EDGE('',*,*,#7076,.F.);
#9967=ORIENTED_EDGE('',*,*,#7080,.T.);
#9968=ORIENTED_EDGE('',*,*,#7081,.T.);
#9969=ORIENTED_EDGE('',*,*,#6143,.T.);
#9970=ORIENTED_EDGE('',*,*,#7079,.F.);
#9971=ORIENTED_EDGE('',*,*,#7082,.T.);
#9972=ORIENTED_EDGE('',*,*,#7077,.F.);
#9973=ORIENTED_EDGE('',*,*,#6144,.T.);
#9974=ORIENTED_EDGE('',*,*,#7081,.F.);
#9975=ORIENTED_EDGE('',*,*,#7083,.T.);
#9976=ORIENTED_EDGE('',*,*,#7080,.F.);
#9977=ORIENTED_EDGE('',*,*,#7084,.F.);
#9978=ORIENTED_EDGE('',*,*,#7085,.F.);
#9979=ORIENTED_EDGE('',*,*,#7086,.T.);
#9980=ORIENTED_EDGE('',*,*,#7078,.F.);
#9981=ORIENTED_EDGE('',*,*,#7087,.F.);
#9982=ORIENTED_EDGE('',*,*,#7088,.F.);
#9983=ORIENTED_EDGE('',*,*,#7084,.T.);
#9984=ORIENTED_EDGE('',*,*,#7089,.T.);
#9985=ORIENTED_EDGE('',*,*,#5792,.T.);
#9986=ORIENTED_EDGE('',*,*,#7090,.T.);
#9987=ORIENTED_EDGE('',*,*,#7091,.T.);
#9988=ORIENTED_EDGE('',*,*,#7092,.T.);
#9989=ORIENTED_EDGE('',*,*,#5793,.T.);
#9990=ORIENTED_EDGE('',*,*,#7089,.F.);
#9991=ORIENTED_EDGE('',*,*,#7085,.T.);
#9992=ORIENTED_EDGE('',*,*,#7093,.T.);
#9993=ORIENTED_EDGE('',*,*,#5794,.T.);
#9994=ORIENTED_EDGE('',*,*,#7092,.F.);
#9995=ORIENTED_EDGE('',*,*,#7088,.T.);
#9996=ORIENTED_EDGE('',*,*,#7090,.F.);
#9997=ORIENTED_EDGE('',*,*,#5795,.T.);
#9998=ORIENTED_EDGE('',*,*,#7093,.F.);
#9999=ORIENTED_EDGE('',*,*,#7094,.T.);
#10000=ORIENTED_EDGE('',*,*,#7082,.F.);
#10001=ORIENTED_EDGE('',*,*,#7086,.F.);
#10002=ORIENTED_EDGE('',*,*,#7091,.F.);
#10003=ORIENTED_EDGE('',*,*,#7095,.T.);
#10004=ORIENTED_EDGE('',*,*,#7083,.F.);
#10005=ORIENTED_EDGE('',*,*,#7095,.F.);
#10006=ORIENTED_EDGE('',*,*,#7094,.F.);
#10007=ORIENTED_EDGE('',*,*,#7087,.T.);
#10008=ORIENTED_EDGE('',*,*,#7096,.T.);
#10009=ORIENTED_EDGE('',*,*,#6145,.T.);
#10010=ORIENTED_EDGE('',*,*,#7097,.T.);
#10011=ORIENTED_EDGE('',*,*,#7098,.T.);
#10012=ORIENTED_EDGE('',*,*,#7099,.T.);
#10013=ORIENTED_EDGE('',*,*,#6146,.T.);
#10014=ORIENTED_EDGE('',*,*,#7096,.F.);
#10015=ORIENTED_EDGE('',*,*,#7100,.T.);
#10016=ORIENTED_EDGE('',*,*,#7101,.T.);
#10017=ORIENTED_EDGE('',*,*,#6147,.T.);
#10018=ORIENTED_EDGE('',*,*,#7099,.F.);
#10019=ORIENTED_EDGE('',*,*,#7102,.T.);
#10020=ORIENTED_EDGE('',*,*,#7097,.F.);
#10021=ORIENTED_EDGE('',*,*,#6148,.T.);
#10022=ORIENTED_EDGE('',*,*,#7101,.F.);
#10023=ORIENTED_EDGE('',*,*,#7103,.T.);
#10024=ORIENTED_EDGE('',*,*,#7100,.F.);
#10025=ORIENTED_EDGE('',*,*,#7104,.F.);
#10026=ORIENTED_EDGE('',*,*,#7105,.F.);
#10027=ORIENTED_EDGE('',*,*,#7106,.T.);
#10028=ORIENTED_EDGE('',*,*,#7098,.F.);
#10029=ORIENTED_EDGE('',*,*,#7107,.F.);
#10030=ORIENTED_EDGE('',*,*,#7108,.F.);
#10031=ORIENTED_EDGE('',*,*,#7104,.T.);
#10032=ORIENTED_EDGE('',*,*,#7109,.T.);
#10033=ORIENTED_EDGE('',*,*,#5788,.T.);
#10034=ORIENTED_EDGE('',*,*,#7110,.T.);
#10035=ORIENTED_EDGE('',*,*,#7111,.T.);
#10036=ORIENTED_EDGE('',*,*,#7112,.T.);
#10037=ORIENTED_EDGE('',*,*,#5789,.T.);
#10038=ORIENTED_EDGE('',*,*,#7109,.F.);
#10039=ORIENTED_EDGE('',*,*,#7105,.T.);
#10040=ORIENTED_EDGE('',*,*,#7113,.T.);
#10041=ORIENTED_EDGE('',*,*,#5790,.T.);
#10042=ORIENTED_EDGE('',*,*,#7112,.F.);
#10043=ORIENTED_EDGE('',*,*,#7108,.T.);
#10044=ORIENTED_EDGE('',*,*,#7110,.F.);
#10045=ORIENTED_EDGE('',*,*,#5791,.T.);
#10046=ORIENTED_EDGE('',*,*,#7113,.F.);
#10047=ORIENTED_EDGE('',*,*,#7114,.T.);
#10048=ORIENTED_EDGE('',*,*,#7102,.F.);
#10049=ORIENTED_EDGE('',*,*,#7106,.F.);
#10050=ORIENTED_EDGE('',*,*,#7111,.F.);
#10051=ORIENTED_EDGE('',*,*,#7115,.T.);
#10052=ORIENTED_EDGE('',*,*,#7103,.F.);
#10053=ORIENTED_EDGE('',*,*,#7115,.F.);
#10054=ORIENTED_EDGE('',*,*,#7114,.F.);
#10055=ORIENTED_EDGE('',*,*,#7107,.T.);
#10056=ORIENTED_EDGE('',*,*,#7116,.T.);
#10057=ORIENTED_EDGE('',*,*,#6149,.T.);
#10058=ORIENTED_EDGE('',*,*,#7117,.T.);
#10059=ORIENTED_EDGE('',*,*,#7118,.T.);
#10060=ORIENTED_EDGE('',*,*,#7119,.T.);
#10061=ORIENTED_EDGE('',*,*,#6150,.T.);
#10062=ORIENTED_EDGE('',*,*,#7116,.F.);
#10063=ORIENTED_EDGE('',*,*,#7120,.T.);
#10064=ORIENTED_EDGE('',*,*,#7121,.T.);
#10065=ORIENTED_EDGE('',*,*,#6151,.T.);
#10066=ORIENTED_EDGE('',*,*,#7119,.F.);
#10067=ORIENTED_EDGE('',*,*,#7122,.T.);
#10068=ORIENTED_EDGE('',*,*,#7117,.F.);
#10069=ORIENTED_EDGE('',*,*,#6152,.T.);
#10070=ORIENTED_EDGE('',*,*,#7121,.F.);
#10071=ORIENTED_EDGE('',*,*,#7123,.T.);
#10072=ORIENTED_EDGE('',*,*,#7120,.F.);
#10073=ORIENTED_EDGE('',*,*,#7124,.F.);
#10074=ORIENTED_EDGE('',*,*,#7125,.F.);
#10075=ORIENTED_EDGE('',*,*,#7126,.T.);
#10076=ORIENTED_EDGE('',*,*,#7118,.F.);
#10077=ORIENTED_EDGE('',*,*,#7127,.F.);
#10078=ORIENTED_EDGE('',*,*,#7128,.F.);
#10079=ORIENTED_EDGE('',*,*,#7124,.T.);
#10080=ORIENTED_EDGE('',*,*,#7129,.T.);
#10081=ORIENTED_EDGE('',*,*,#5784,.T.);
#10082=ORIENTED_EDGE('',*,*,#7130,.T.);
#10083=ORIENTED_EDGE('',*,*,#7131,.T.);
#10084=ORIENTED_EDGE('',*,*,#7132,.T.);
#10085=ORIENTED_EDGE('',*,*,#5785,.T.);
#10086=ORIENTED_EDGE('',*,*,#7129,.F.);
#10087=ORIENTED_EDGE('',*,*,#7125,.T.);
#10088=ORIENTED_EDGE('',*,*,#7133,.T.);
#10089=ORIENTED_EDGE('',*,*,#5786,.T.);
#10090=ORIENTED_EDGE('',*,*,#7132,.F.);
#10091=ORIENTED_EDGE('',*,*,#7128,.T.);
#10092=ORIENTED_EDGE('',*,*,#7130,.F.);
#10093=ORIENTED_EDGE('',*,*,#5787,.T.);
#10094=ORIENTED_EDGE('',*,*,#7133,.F.);
#10095=ORIENTED_EDGE('',*,*,#7134,.T.);
#10096=ORIENTED_EDGE('',*,*,#7122,.F.);
#10097=ORIENTED_EDGE('',*,*,#7126,.F.);
#10098=ORIENTED_EDGE('',*,*,#7131,.F.);
#10099=ORIENTED_EDGE('',*,*,#7135,.T.);
#10100=ORIENTED_EDGE('',*,*,#7123,.F.);
#10101=ORIENTED_EDGE('',*,*,#7135,.F.);
#10102=ORIENTED_EDGE('',*,*,#7134,.F.);
#10103=ORIENTED_EDGE('',*,*,#7127,.T.);
#10104=ORIENTED_EDGE('',*,*,#7136,.T.);
#10105=ORIENTED_EDGE('',*,*,#6153,.T.);
#10106=ORIENTED_EDGE('',*,*,#7137,.T.);
#10107=ORIENTED_EDGE('',*,*,#7138,.T.);
#10108=ORIENTED_EDGE('',*,*,#7139,.T.);
#10109=ORIENTED_EDGE('',*,*,#6154,.T.);
#10110=ORIENTED_EDGE('',*,*,#7136,.F.);
#10111=ORIENTED_EDGE('',*,*,#7140,.T.);
#10112=ORIENTED_EDGE('',*,*,#7141,.T.);
#10113=ORIENTED_EDGE('',*,*,#6155,.T.);
#10114=ORIENTED_EDGE('',*,*,#7139,.F.);
#10115=ORIENTED_EDGE('',*,*,#7142,.T.);
#10116=ORIENTED_EDGE('',*,*,#7137,.F.);
#10117=ORIENTED_EDGE('',*,*,#6156,.T.);
#10118=ORIENTED_EDGE('',*,*,#7141,.F.);
#10119=ORIENTED_EDGE('',*,*,#7143,.T.);
#10120=ORIENTED_EDGE('',*,*,#7140,.F.);
#10121=ORIENTED_EDGE('',*,*,#7144,.F.);
#10122=ORIENTED_EDGE('',*,*,#7145,.F.);
#10123=ORIENTED_EDGE('',*,*,#7146,.T.);
#10124=ORIENTED_EDGE('',*,*,#7138,.F.);
#10125=ORIENTED_EDGE('',*,*,#7147,.F.);
#10126=ORIENTED_EDGE('',*,*,#7148,.F.);
#10127=ORIENTED_EDGE('',*,*,#7144,.T.);
#10128=ORIENTED_EDGE('',*,*,#7149,.T.);
#10129=ORIENTED_EDGE('',*,*,#5780,.T.);
#10130=ORIENTED_EDGE('',*,*,#7150,.T.);
#10131=ORIENTED_EDGE('',*,*,#7151,.T.);
#10132=ORIENTED_EDGE('',*,*,#7152,.T.);
#10133=ORIENTED_EDGE('',*,*,#5781,.T.);
#10134=ORIENTED_EDGE('',*,*,#7149,.F.);
#10135=ORIENTED_EDGE('',*,*,#7145,.T.);
#10136=ORIENTED_EDGE('',*,*,#7153,.T.);
#10137=ORIENTED_EDGE('',*,*,#5782,.T.);
#10138=ORIENTED_EDGE('',*,*,#7152,.F.);
#10139=ORIENTED_EDGE('',*,*,#7148,.T.);
#10140=ORIENTED_EDGE('',*,*,#7150,.F.);
#10141=ORIENTED_EDGE('',*,*,#5783,.T.);
#10142=ORIENTED_EDGE('',*,*,#7153,.F.);
#10143=ORIENTED_EDGE('',*,*,#7154,.T.);
#10144=ORIENTED_EDGE('',*,*,#7142,.F.);
#10145=ORIENTED_EDGE('',*,*,#7146,.F.);
#10146=ORIENTED_EDGE('',*,*,#7151,.F.);
#10147=ORIENTED_EDGE('',*,*,#7155,.T.);
#10148=ORIENTED_EDGE('',*,*,#7143,.F.);
#10149=ORIENTED_EDGE('',*,*,#7155,.F.);
#10150=ORIENTED_EDGE('',*,*,#7154,.F.);
#10151=ORIENTED_EDGE('',*,*,#7147,.T.);
#10152=ORIENTED_EDGE('',*,*,#7156,.T.);
#10153=ORIENTED_EDGE('',*,*,#6157,.T.);
#10154=ORIENTED_EDGE('',*,*,#7157,.T.);
#10155=ORIENTED_EDGE('',*,*,#7158,.T.);
#10156=ORIENTED_EDGE('',*,*,#7159,.T.);
#10157=ORIENTED_EDGE('',*,*,#6158,.T.);
#10158=ORIENTED_EDGE('',*,*,#7156,.F.);
#10159=ORIENTED_EDGE('',*,*,#7160,.T.);
#10160=ORIENTED_EDGE('',*,*,#7161,.T.);
#10161=ORIENTED_EDGE('',*,*,#6159,.T.);
#10162=ORIENTED_EDGE('',*,*,#7159,.F.);
#10163=ORIENTED_EDGE('',*,*,#7162,.T.);
#10164=ORIENTED_EDGE('',*,*,#7157,.F.);
#10165=ORIENTED_EDGE('',*,*,#6160,.T.);
#10166=ORIENTED_EDGE('',*,*,#7161,.F.);
#10167=ORIENTED_EDGE('',*,*,#7163,.T.);
#10168=ORIENTED_EDGE('',*,*,#7160,.F.);
#10169=ORIENTED_EDGE('',*,*,#7164,.F.);
#10170=ORIENTED_EDGE('',*,*,#7165,.F.);
#10171=ORIENTED_EDGE('',*,*,#7166,.T.);
#10172=ORIENTED_EDGE('',*,*,#7158,.F.);
#10173=ORIENTED_EDGE('',*,*,#7167,.F.);
#10174=ORIENTED_EDGE('',*,*,#7168,.F.);
#10175=ORIENTED_EDGE('',*,*,#7164,.T.);
#10176=ORIENTED_EDGE('',*,*,#7169,.T.);
#10177=ORIENTED_EDGE('',*,*,#5776,.T.);
#10178=ORIENTED_EDGE('',*,*,#7170,.T.);
#10179=ORIENTED_EDGE('',*,*,#7171,.T.);
#10180=ORIENTED_EDGE('',*,*,#7172,.T.);
#10181=ORIENTED_EDGE('',*,*,#5777,.T.);
#10182=ORIENTED_EDGE('',*,*,#7169,.F.);
#10183=ORIENTED_EDGE('',*,*,#7165,.T.);
#10184=ORIENTED_EDGE('',*,*,#7173,.T.);
#10185=ORIENTED_EDGE('',*,*,#5778,.T.);
#10186=ORIENTED_EDGE('',*,*,#7172,.F.);
#10187=ORIENTED_EDGE('',*,*,#7168,.T.);
#10188=ORIENTED_EDGE('',*,*,#7170,.F.);
#10189=ORIENTED_EDGE('',*,*,#5779,.T.);
#10190=ORIENTED_EDGE('',*,*,#7173,.F.);
#10191=ORIENTED_EDGE('',*,*,#7174,.T.);
#10192=ORIENTED_EDGE('',*,*,#7162,.F.);
#10193=ORIENTED_EDGE('',*,*,#7166,.F.);
#10194=ORIENTED_EDGE('',*,*,#7171,.F.);
#10195=ORIENTED_EDGE('',*,*,#7175,.T.);
#10196=ORIENTED_EDGE('',*,*,#7163,.F.);
#10197=ORIENTED_EDGE('',*,*,#7175,.F.);
#10198=ORIENTED_EDGE('',*,*,#7174,.F.);
#10199=ORIENTED_EDGE('',*,*,#7167,.T.);
#10200=ORIENTED_EDGE('',*,*,#7176,.T.);
#10201=ORIENTED_EDGE('',*,*,#6161,.T.);
#10202=ORIENTED_EDGE('',*,*,#7177,.T.);
#10203=ORIENTED_EDGE('',*,*,#7178,.T.);
#10204=ORIENTED_EDGE('',*,*,#7179,.T.);
#10205=ORIENTED_EDGE('',*,*,#6162,.T.);
#10206=ORIENTED_EDGE('',*,*,#7176,.F.);
#10207=ORIENTED_EDGE('',*,*,#7180,.T.);
#10208=ORIENTED_EDGE('',*,*,#7181,.T.);
#10209=ORIENTED_EDGE('',*,*,#6163,.T.);
#10210=ORIENTED_EDGE('',*,*,#7179,.F.);
#10211=ORIENTED_EDGE('',*,*,#7182,.T.);
#10212=ORIENTED_EDGE('',*,*,#7177,.F.);
#10213=ORIENTED_EDGE('',*,*,#6164,.T.);
#10214=ORIENTED_EDGE('',*,*,#7181,.F.);
#10215=ORIENTED_EDGE('',*,*,#7183,.T.);
#10216=ORIENTED_EDGE('',*,*,#7180,.F.);
#10217=ORIENTED_EDGE('',*,*,#7184,.F.);
#10218=ORIENTED_EDGE('',*,*,#7185,.F.);
#10219=ORIENTED_EDGE('',*,*,#7186,.T.);
#10220=ORIENTED_EDGE('',*,*,#7178,.F.);
#10221=ORIENTED_EDGE('',*,*,#7187,.F.);
#10222=ORIENTED_EDGE('',*,*,#7188,.F.);
#10223=ORIENTED_EDGE('',*,*,#7184,.T.);
#10224=ORIENTED_EDGE('',*,*,#7189,.T.);
#10225=ORIENTED_EDGE('',*,*,#5772,.T.);
#10226=ORIENTED_EDGE('',*,*,#7190,.T.);
#10227=ORIENTED_EDGE('',*,*,#7191,.T.);
#10228=ORIENTED_EDGE('',*,*,#7192,.T.);
#10229=ORIENTED_EDGE('',*,*,#5773,.T.);
#10230=ORIENTED_EDGE('',*,*,#7189,.F.);
#10231=ORIENTED_EDGE('',*,*,#7185,.T.);
#10232=ORIENTED_EDGE('',*,*,#7193,.T.);
#10233=ORIENTED_EDGE('',*,*,#5774,.T.);
#10234=ORIENTED_EDGE('',*,*,#7192,.F.);
#10235=ORIENTED_EDGE('',*,*,#7188,.T.);
#10236=ORIENTED_EDGE('',*,*,#7190,.F.);
#10237=ORIENTED_EDGE('',*,*,#5775,.T.);
#10238=ORIENTED_EDGE('',*,*,#7193,.F.);
#10239=ORIENTED_EDGE('',*,*,#7194,.T.);
#10240=ORIENTED_EDGE('',*,*,#7182,.F.);
#10241=ORIENTED_EDGE('',*,*,#7186,.F.);
#10242=ORIENTED_EDGE('',*,*,#7191,.F.);
#10243=ORIENTED_EDGE('',*,*,#7195,.T.);
#10244=ORIENTED_EDGE('',*,*,#7183,.F.);
#10245=ORIENTED_EDGE('',*,*,#7195,.F.);
#10246=ORIENTED_EDGE('',*,*,#7194,.F.);
#10247=ORIENTED_EDGE('',*,*,#7187,.T.);
#10248=ORIENTED_EDGE('',*,*,#7196,.T.);
#10249=ORIENTED_EDGE('',*,*,#6165,.T.);
#10250=ORIENTED_EDGE('',*,*,#7197,.T.);
#10251=ORIENTED_EDGE('',*,*,#7198,.T.);
#10252=ORIENTED_EDGE('',*,*,#7199,.T.);
#10253=ORIENTED_EDGE('',*,*,#6166,.T.);
#10254=ORIENTED_EDGE('',*,*,#7196,.F.);
#10255=ORIENTED_EDGE('',*,*,#7200,.T.);
#10256=ORIENTED_EDGE('',*,*,#7201,.T.);
#10257=ORIENTED_EDGE('',*,*,#6167,.T.);
#10258=ORIENTED_EDGE('',*,*,#7199,.F.);
#10259=ORIENTED_EDGE('',*,*,#7202,.T.);
#10260=ORIENTED_EDGE('',*,*,#7197,.F.);
#10261=ORIENTED_EDGE('',*,*,#6168,.T.);
#10262=ORIENTED_EDGE('',*,*,#7201,.F.);
#10263=ORIENTED_EDGE('',*,*,#7203,.T.);
#10264=ORIENTED_EDGE('',*,*,#7200,.F.);
#10265=ORIENTED_EDGE('',*,*,#7204,.F.);
#10266=ORIENTED_EDGE('',*,*,#7205,.F.);
#10267=ORIENTED_EDGE('',*,*,#7206,.T.);
#10268=ORIENTED_EDGE('',*,*,#7198,.F.);
#10269=ORIENTED_EDGE('',*,*,#7207,.F.);
#10270=ORIENTED_EDGE('',*,*,#7208,.F.);
#10271=ORIENTED_EDGE('',*,*,#7204,.T.);
#10272=ORIENTED_EDGE('',*,*,#7209,.T.);
#10273=ORIENTED_EDGE('',*,*,#5768,.T.);
#10274=ORIENTED_EDGE('',*,*,#7210,.T.);
#10275=ORIENTED_EDGE('',*,*,#7211,.T.);
#10276=ORIENTED_EDGE('',*,*,#7212,.T.);
#10277=ORIENTED_EDGE('',*,*,#5769,.T.);
#10278=ORIENTED_EDGE('',*,*,#7209,.F.);
#10279=ORIENTED_EDGE('',*,*,#7205,.T.);
#10280=ORIENTED_EDGE('',*,*,#7213,.T.);
#10281=ORIENTED_EDGE('',*,*,#5770,.T.);
#10282=ORIENTED_EDGE('',*,*,#7212,.F.);
#10283=ORIENTED_EDGE('',*,*,#7208,.T.);
#10284=ORIENTED_EDGE('',*,*,#7210,.F.);
#10285=ORIENTED_EDGE('',*,*,#5771,.T.);
#10286=ORIENTED_EDGE('',*,*,#7213,.F.);
#10287=ORIENTED_EDGE('',*,*,#7214,.T.);
#10288=ORIENTED_EDGE('',*,*,#7202,.F.);
#10289=ORIENTED_EDGE('',*,*,#7206,.F.);
#10290=ORIENTED_EDGE('',*,*,#7211,.F.);
#10291=ORIENTED_EDGE('',*,*,#7215,.T.);
#10292=ORIENTED_EDGE('',*,*,#7203,.F.);
#10293=ORIENTED_EDGE('',*,*,#7215,.F.);
#10294=ORIENTED_EDGE('',*,*,#7214,.F.);
#10295=ORIENTED_EDGE('',*,*,#7207,.T.);
#10296=ORIENTED_EDGE('',*,*,#7216,.T.);
#10297=ORIENTED_EDGE('',*,*,#6169,.T.);
#10298=ORIENTED_EDGE('',*,*,#7217,.T.);
#10299=ORIENTED_EDGE('',*,*,#7218,.T.);
#10300=ORIENTED_EDGE('',*,*,#7219,.T.);
#10301=ORIENTED_EDGE('',*,*,#6170,.T.);
#10302=ORIENTED_EDGE('',*,*,#7216,.F.);
#10303=ORIENTED_EDGE('',*,*,#7220,.T.);
#10304=ORIENTED_EDGE('',*,*,#7221,.T.);
#10305=ORIENTED_EDGE('',*,*,#6171,.T.);
#10306=ORIENTED_EDGE('',*,*,#7219,.F.);
#10307=ORIENTED_EDGE('',*,*,#7222,.T.);
#10308=ORIENTED_EDGE('',*,*,#7217,.F.);
#10309=ORIENTED_EDGE('',*,*,#6172,.T.);
#10310=ORIENTED_EDGE('',*,*,#7221,.F.);
#10311=ORIENTED_EDGE('',*,*,#7223,.T.);
#10312=ORIENTED_EDGE('',*,*,#7220,.F.);
#10313=ORIENTED_EDGE('',*,*,#7224,.F.);
#10314=ORIENTED_EDGE('',*,*,#7225,.F.);
#10315=ORIENTED_EDGE('',*,*,#7226,.T.);
#10316=ORIENTED_EDGE('',*,*,#7218,.F.);
#10317=ORIENTED_EDGE('',*,*,#7227,.F.);
#10318=ORIENTED_EDGE('',*,*,#7228,.F.);
#10319=ORIENTED_EDGE('',*,*,#7224,.T.);
#10320=ORIENTED_EDGE('',*,*,#7229,.T.);
#10321=ORIENTED_EDGE('',*,*,#5764,.T.);
#10322=ORIENTED_EDGE('',*,*,#7230,.T.);
#10323=ORIENTED_EDGE('',*,*,#7231,.T.);
#10324=ORIENTED_EDGE('',*,*,#7232,.T.);
#10325=ORIENTED_EDGE('',*,*,#5765,.T.);
#10326=ORIENTED_EDGE('',*,*,#7229,.F.);
#10327=ORIENTED_EDGE('',*,*,#7225,.T.);
#10328=ORIENTED_EDGE('',*,*,#7233,.T.);
#10329=ORIENTED_EDGE('',*,*,#5766,.T.);
#10330=ORIENTED_EDGE('',*,*,#7232,.F.);
#10331=ORIENTED_EDGE('',*,*,#7228,.T.);
#10332=ORIENTED_EDGE('',*,*,#7230,.F.);
#10333=ORIENTED_EDGE('',*,*,#5767,.T.);
#10334=ORIENTED_EDGE('',*,*,#7233,.F.);
#10335=ORIENTED_EDGE('',*,*,#7234,.T.);
#10336=ORIENTED_EDGE('',*,*,#7222,.F.);
#10337=ORIENTED_EDGE('',*,*,#7226,.F.);
#10338=ORIENTED_EDGE('',*,*,#7231,.F.);
#10339=ORIENTED_EDGE('',*,*,#7235,.T.);
#10340=ORIENTED_EDGE('',*,*,#7223,.F.);
#10341=ORIENTED_EDGE('',*,*,#7235,.F.);
#10342=ORIENTED_EDGE('',*,*,#7234,.F.);
#10343=ORIENTED_EDGE('',*,*,#7227,.T.);
#10344=ORIENTED_EDGE('',*,*,#7236,.T.);
#10345=ORIENTED_EDGE('',*,*,#6173,.T.);
#10346=ORIENTED_EDGE('',*,*,#7237,.T.);
#10347=ORIENTED_EDGE('',*,*,#7238,.T.);
#10348=ORIENTED_EDGE('',*,*,#7239,.T.);
#10349=ORIENTED_EDGE('',*,*,#6174,.T.);
#10350=ORIENTED_EDGE('',*,*,#7236,.F.);
#10351=ORIENTED_EDGE('',*,*,#7240,.T.);
#10352=ORIENTED_EDGE('',*,*,#7241,.T.);
#10353=ORIENTED_EDGE('',*,*,#6175,.T.);
#10354=ORIENTED_EDGE('',*,*,#7239,.F.);
#10355=ORIENTED_EDGE('',*,*,#7242,.T.);
#10356=ORIENTED_EDGE('',*,*,#7237,.F.);
#10357=ORIENTED_EDGE('',*,*,#6176,.T.);
#10358=ORIENTED_EDGE('',*,*,#7241,.F.);
#10359=ORIENTED_EDGE('',*,*,#7243,.T.);
#10360=ORIENTED_EDGE('',*,*,#7240,.F.);
#10361=ORIENTED_EDGE('',*,*,#7244,.F.);
#10362=ORIENTED_EDGE('',*,*,#7245,.F.);
#10363=ORIENTED_EDGE('',*,*,#7246,.T.);
#10364=ORIENTED_EDGE('',*,*,#7238,.F.);
#10365=ORIENTED_EDGE('',*,*,#7247,.F.);
#10366=ORIENTED_EDGE('',*,*,#7248,.F.);
#10367=ORIENTED_EDGE('',*,*,#7244,.T.);
#10368=ORIENTED_EDGE('',*,*,#7249,.T.);
#10369=ORIENTED_EDGE('',*,*,#5760,.T.);
#10370=ORIENTED_EDGE('',*,*,#7250,.T.);
#10371=ORIENTED_EDGE('',*,*,#7251,.T.);
#10372=ORIENTED_EDGE('',*,*,#7252,.T.);
#10373=ORIENTED_EDGE('',*,*,#5761,.T.);
#10374=ORIENTED_EDGE('',*,*,#7249,.F.);
#10375=ORIENTED_EDGE('',*,*,#7245,.T.);
#10376=ORIENTED_EDGE('',*,*,#7253,.T.);
#10377=ORIENTED_EDGE('',*,*,#5762,.T.);
#10378=ORIENTED_EDGE('',*,*,#7252,.F.);
#10379=ORIENTED_EDGE('',*,*,#7248,.T.);
#10380=ORIENTED_EDGE('',*,*,#7250,.F.);
#10381=ORIENTED_EDGE('',*,*,#5763,.T.);
#10382=ORIENTED_EDGE('',*,*,#7253,.F.);
#10383=ORIENTED_EDGE('',*,*,#7254,.T.);
#10384=ORIENTED_EDGE('',*,*,#7242,.F.);
#10385=ORIENTED_EDGE('',*,*,#7246,.F.);
#10386=ORIENTED_EDGE('',*,*,#7251,.F.);
#10387=ORIENTED_EDGE('',*,*,#7255,.T.);
#10388=ORIENTED_EDGE('',*,*,#7243,.F.);
#10389=ORIENTED_EDGE('',*,*,#7255,.F.);
#10390=ORIENTED_EDGE('',*,*,#7254,.F.);
#10391=ORIENTED_EDGE('',*,*,#7247,.T.);
#10392=ORIENTED_EDGE('',*,*,#7256,.T.);
#10393=ORIENTED_EDGE('',*,*,#6177,.T.);
#10394=ORIENTED_EDGE('',*,*,#7257,.T.);
#10395=ORIENTED_EDGE('',*,*,#7258,.T.);
#10396=ORIENTED_EDGE('',*,*,#7259,.T.);
#10397=ORIENTED_EDGE('',*,*,#6178,.T.);
#10398=ORIENTED_EDGE('',*,*,#7256,.F.);
#10399=ORIENTED_EDGE('',*,*,#7260,.T.);
#10400=ORIENTED_EDGE('',*,*,#7261,.T.);
#10401=ORIENTED_EDGE('',*,*,#6179,.T.);
#10402=ORIENTED_EDGE('',*,*,#7259,.F.);
#10403=ORIENTED_EDGE('',*,*,#7262,.T.);
#10404=ORIENTED_EDGE('',*,*,#7257,.F.);
#10405=ORIENTED_EDGE('',*,*,#6180,.T.);
#10406=ORIENTED_EDGE('',*,*,#7261,.F.);
#10407=ORIENTED_EDGE('',*,*,#7263,.T.);
#10408=ORIENTED_EDGE('',*,*,#7260,.F.);
#10409=ORIENTED_EDGE('',*,*,#7264,.F.);
#10410=ORIENTED_EDGE('',*,*,#7265,.F.);
#10411=ORIENTED_EDGE('',*,*,#7266,.T.);
#10412=ORIENTED_EDGE('',*,*,#7258,.F.);
#10413=ORIENTED_EDGE('',*,*,#7267,.F.);
#10414=ORIENTED_EDGE('',*,*,#7268,.F.);
#10415=ORIENTED_EDGE('',*,*,#7264,.T.);
#10416=ORIENTED_EDGE('',*,*,#7269,.T.);
#10417=ORIENTED_EDGE('',*,*,#5756,.T.);
#10418=ORIENTED_EDGE('',*,*,#7270,.T.);
#10419=ORIENTED_EDGE('',*,*,#7271,.T.);
#10420=ORIENTED_EDGE('',*,*,#7272,.T.);
#10421=ORIENTED_EDGE('',*,*,#5757,.T.);
#10422=ORIENTED_EDGE('',*,*,#7269,.F.);
#10423=ORIENTED_EDGE('',*,*,#7265,.T.);
#10424=ORIENTED_EDGE('',*,*,#7273,.T.);
#10425=ORIENTED_EDGE('',*,*,#5758,.T.);
#10426=ORIENTED_EDGE('',*,*,#7272,.F.);
#10427=ORIENTED_EDGE('',*,*,#7268,.T.);
#10428=ORIENTED_EDGE('',*,*,#7270,.F.);
#10429=ORIENTED_EDGE('',*,*,#5759,.T.);
#10430=ORIENTED_EDGE('',*,*,#7273,.F.);
#10431=ORIENTED_EDGE('',*,*,#7274,.T.);
#10432=ORIENTED_EDGE('',*,*,#7262,.F.);
#10433=ORIENTED_EDGE('',*,*,#7266,.F.);
#10434=ORIENTED_EDGE('',*,*,#7271,.F.);
#10435=ORIENTED_EDGE('',*,*,#7275,.T.);
#10436=ORIENTED_EDGE('',*,*,#7263,.F.);
#10437=ORIENTED_EDGE('',*,*,#7275,.F.);
#10438=ORIENTED_EDGE('',*,*,#7274,.F.);
#10439=ORIENTED_EDGE('',*,*,#7267,.T.);
#10440=ORIENTED_EDGE('',*,*,#7276,.T.);
#10441=ORIENTED_EDGE('',*,*,#6181,.T.);
#10442=ORIENTED_EDGE('',*,*,#7277,.T.);
#10443=ORIENTED_EDGE('',*,*,#7278,.T.);
#10444=ORIENTED_EDGE('',*,*,#7279,.T.);
#10445=ORIENTED_EDGE('',*,*,#6182,.T.);
#10446=ORIENTED_EDGE('',*,*,#7276,.F.);
#10447=ORIENTED_EDGE('',*,*,#7280,.T.);
#10448=ORIENTED_EDGE('',*,*,#7281,.T.);
#10449=ORIENTED_EDGE('',*,*,#6183,.T.);
#10450=ORIENTED_EDGE('',*,*,#7279,.F.);
#10451=ORIENTED_EDGE('',*,*,#7282,.T.);
#10452=ORIENTED_EDGE('',*,*,#7277,.F.);
#10453=ORIENTED_EDGE('',*,*,#6184,.T.);
#10454=ORIENTED_EDGE('',*,*,#7281,.F.);
#10455=ORIENTED_EDGE('',*,*,#7283,.T.);
#10456=ORIENTED_EDGE('',*,*,#7280,.F.);
#10457=ORIENTED_EDGE('',*,*,#7284,.F.);
#10458=ORIENTED_EDGE('',*,*,#7285,.F.);
#10459=ORIENTED_EDGE('',*,*,#7286,.T.);
#10460=ORIENTED_EDGE('',*,*,#7278,.F.);
#10461=ORIENTED_EDGE('',*,*,#7287,.F.);
#10462=ORIENTED_EDGE('',*,*,#7288,.F.);
#10463=ORIENTED_EDGE('',*,*,#7284,.T.);
#10464=ORIENTED_EDGE('',*,*,#7289,.T.);
#10465=ORIENTED_EDGE('',*,*,#5752,.T.);
#10466=ORIENTED_EDGE('',*,*,#7290,.T.);
#10467=ORIENTED_EDGE('',*,*,#7291,.T.);
#10468=ORIENTED_EDGE('',*,*,#7292,.T.);
#10469=ORIENTED_EDGE('',*,*,#5753,.T.);
#10470=ORIENTED_EDGE('',*,*,#7289,.F.);
#10471=ORIENTED_EDGE('',*,*,#7285,.T.);
#10472=ORIENTED_EDGE('',*,*,#7293,.T.);
#10473=ORIENTED_EDGE('',*,*,#5754,.T.);
#10474=ORIENTED_EDGE('',*,*,#7292,.F.);
#10475=ORIENTED_EDGE('',*,*,#7288,.T.);
#10476=ORIENTED_EDGE('',*,*,#7290,.F.);
#10477=ORIENTED_EDGE('',*,*,#5755,.T.);
#10478=ORIENTED_EDGE('',*,*,#7293,.F.);
#10479=ORIENTED_EDGE('',*,*,#7294,.T.);
#10480=ORIENTED_EDGE('',*,*,#7282,.F.);
#10481=ORIENTED_EDGE('',*,*,#7286,.F.);
#10482=ORIENTED_EDGE('',*,*,#7291,.F.);
#10483=ORIENTED_EDGE('',*,*,#7295,.T.);
#10484=ORIENTED_EDGE('',*,*,#7283,.F.);
#10485=ORIENTED_EDGE('',*,*,#7295,.F.);
#10486=ORIENTED_EDGE('',*,*,#7294,.F.);
#10487=ORIENTED_EDGE('',*,*,#7287,.T.);
#10488=ORIENTED_EDGE('',*,*,#7296,.T.);
#10489=ORIENTED_EDGE('',*,*,#6185,.T.);
#10490=ORIENTED_EDGE('',*,*,#7297,.T.);
#10491=ORIENTED_EDGE('',*,*,#7298,.T.);
#10492=ORIENTED_EDGE('',*,*,#7299,.T.);
#10493=ORIENTED_EDGE('',*,*,#6186,.T.);
#10494=ORIENTED_EDGE('',*,*,#7296,.F.);
#10495=ORIENTED_EDGE('',*,*,#7300,.T.);
#10496=ORIENTED_EDGE('',*,*,#7301,.T.);
#10497=ORIENTED_EDGE('',*,*,#6187,.T.);
#10498=ORIENTED_EDGE('',*,*,#7299,.F.);
#10499=ORIENTED_EDGE('',*,*,#7302,.T.);
#10500=ORIENTED_EDGE('',*,*,#7297,.F.);
#10501=ORIENTED_EDGE('',*,*,#6188,.T.);
#10502=ORIENTED_EDGE('',*,*,#7301,.F.);
#10503=ORIENTED_EDGE('',*,*,#7303,.T.);
#10504=ORIENTED_EDGE('',*,*,#7300,.F.);
#10505=ORIENTED_EDGE('',*,*,#7304,.F.);
#10506=ORIENTED_EDGE('',*,*,#7305,.F.);
#10507=ORIENTED_EDGE('',*,*,#7306,.T.);
#10508=ORIENTED_EDGE('',*,*,#7298,.F.);
#10509=ORIENTED_EDGE('',*,*,#7307,.F.);
#10510=ORIENTED_EDGE('',*,*,#7308,.F.);
#10511=ORIENTED_EDGE('',*,*,#7304,.T.);
#10512=ORIENTED_EDGE('',*,*,#7309,.T.);
#10513=ORIENTED_EDGE('',*,*,#5748,.T.);
#10514=ORIENTED_EDGE('',*,*,#7310,.T.);
#10515=ORIENTED_EDGE('',*,*,#7311,.T.);
#10516=ORIENTED_EDGE('',*,*,#7312,.T.);
#10517=ORIENTED_EDGE('',*,*,#5749,.T.);
#10518=ORIENTED_EDGE('',*,*,#7309,.F.);
#10519=ORIENTED_EDGE('',*,*,#7305,.T.);
#10520=ORIENTED_EDGE('',*,*,#7313,.T.);
#10521=ORIENTED_EDGE('',*,*,#5750,.T.);
#10522=ORIENTED_EDGE('',*,*,#7312,.F.);
#10523=ORIENTED_EDGE('',*,*,#7308,.T.);
#10524=ORIENTED_EDGE('',*,*,#7310,.F.);
#10525=ORIENTED_EDGE('',*,*,#5751,.T.);
#10526=ORIENTED_EDGE('',*,*,#7313,.F.);
#10527=ORIENTED_EDGE('',*,*,#7314,.T.);
#10528=ORIENTED_EDGE('',*,*,#7302,.F.);
#10529=ORIENTED_EDGE('',*,*,#7306,.F.);
#10530=ORIENTED_EDGE('',*,*,#7311,.F.);
#10531=ORIENTED_EDGE('',*,*,#7315,.T.);
#10532=ORIENTED_EDGE('',*,*,#7303,.F.);
#10533=ORIENTED_EDGE('',*,*,#7315,.F.);
#10534=ORIENTED_EDGE('',*,*,#7314,.F.);
#10535=ORIENTED_EDGE('',*,*,#7307,.T.);
#10536=ORIENTED_EDGE('',*,*,#7316,.T.);
#10537=ORIENTED_EDGE('',*,*,#6189,.T.);
#10538=ORIENTED_EDGE('',*,*,#7317,.T.);
#10539=ORIENTED_EDGE('',*,*,#7318,.T.);
#10540=ORIENTED_EDGE('',*,*,#7319,.T.);
#10541=ORIENTED_EDGE('',*,*,#6190,.T.);
#10542=ORIENTED_EDGE('',*,*,#7316,.F.);
#10543=ORIENTED_EDGE('',*,*,#7320,.T.);
#10544=ORIENTED_EDGE('',*,*,#7321,.T.);
#10545=ORIENTED_EDGE('',*,*,#6191,.T.);
#10546=ORIENTED_EDGE('',*,*,#7319,.F.);
#10547=ORIENTED_EDGE('',*,*,#7322,.T.);
#10548=ORIENTED_EDGE('',*,*,#7317,.F.);
#10549=ORIENTED_EDGE('',*,*,#6192,.T.);
#10550=ORIENTED_EDGE('',*,*,#7321,.F.);
#10551=ORIENTED_EDGE('',*,*,#7323,.T.);
#10552=ORIENTED_EDGE('',*,*,#7320,.F.);
#10553=ORIENTED_EDGE('',*,*,#7324,.F.);
#10554=ORIENTED_EDGE('',*,*,#7325,.F.);
#10555=ORIENTED_EDGE('',*,*,#7326,.T.);
#10556=ORIENTED_EDGE('',*,*,#7318,.F.);
#10557=ORIENTED_EDGE('',*,*,#7327,.F.);
#10558=ORIENTED_EDGE('',*,*,#7328,.F.);
#10559=ORIENTED_EDGE('',*,*,#7324,.T.);
#10560=ORIENTED_EDGE('',*,*,#7329,.T.);
#10561=ORIENTED_EDGE('',*,*,#5744,.T.);
#10562=ORIENTED_EDGE('',*,*,#7330,.T.);
#10563=ORIENTED_EDGE('',*,*,#7331,.T.);
#10564=ORIENTED_EDGE('',*,*,#7332,.T.);
#10565=ORIENTED_EDGE('',*,*,#5745,.T.);
#10566=ORIENTED_EDGE('',*,*,#7329,.F.);
#10567=ORIENTED_EDGE('',*,*,#7325,.T.);
#10568=ORIENTED_EDGE('',*,*,#7333,.T.);
#10569=ORIENTED_EDGE('',*,*,#5746,.T.);
#10570=ORIENTED_EDGE('',*,*,#7332,.F.);
#10571=ORIENTED_EDGE('',*,*,#7328,.T.);
#10572=ORIENTED_EDGE('',*,*,#7330,.F.);
#10573=ORIENTED_EDGE('',*,*,#5747,.T.);
#10574=ORIENTED_EDGE('',*,*,#7333,.F.);
#10575=ORIENTED_EDGE('',*,*,#7334,.T.);
#10576=ORIENTED_EDGE('',*,*,#7322,.F.);
#10577=ORIENTED_EDGE('',*,*,#7326,.F.);
#10578=ORIENTED_EDGE('',*,*,#7331,.F.);
#10579=ORIENTED_EDGE('',*,*,#7335,.T.);
#10580=ORIENTED_EDGE('',*,*,#7323,.F.);
#10581=ORIENTED_EDGE('',*,*,#7335,.F.);
#10582=ORIENTED_EDGE('',*,*,#7334,.F.);
#10583=ORIENTED_EDGE('',*,*,#7327,.T.);
#10584=CYLINDRICAL_SURFACE('',#11455,4.);
#10585=CYLINDRICAL_SURFACE('',#11459,4.);
#10586=CYLINDRICAL_SURFACE('',#11556,4.);
#10587=CYLINDRICAL_SURFACE('',#11558,4.);
#10588=CYLINDRICAL_SURFACE('',#11561,4.);
#10589=CYLINDRICAL_SURFACE('',#11563,4.);
#10590=CYLINDRICAL_SURFACE('',#11566,4.);
#10591=CYLINDRICAL_SURFACE('',#11568,4.);
#10592=CYLINDRICAL_SURFACE('',#11587,8.99999999999995);
#10593=CYLINDRICAL_SURFACE('',#11590,9.);
#10594=CYLINDRICAL_SURFACE('',#11644,9.000000000011);
#10595=CYLINDRICAL_SURFACE('',#11646,8.99999999999231);
#10596=CYLINDRICAL_SURFACE('',#11770,0.600000000000007);
#10597=CYLINDRICAL_SURFACE('',#11772,0.3);
#10598=CYLINDRICAL_SURFACE('',#11774,0.600000000000007);
#10599=CYLINDRICAL_SURFACE('',#11776,0.600000000000007);
#10600=CYLINDRICAL_SURFACE('',#11778,0.3);
#10601=CYLINDRICAL_SURFACE('',#11780,0.600000000000007);
#10602=CYLINDRICAL_SURFACE('',#11792,0.600000000000007);
#10603=CYLINDRICAL_SURFACE('',#11794,0.3);
#10604=CYLINDRICAL_SURFACE('',#11796,0.600000000000007);
#10605=CYLINDRICAL_SURFACE('',#11798,0.600000000000007);
#10606=CYLINDRICAL_SURFACE('',#11800,0.3);
#10607=CYLINDRICAL_SURFACE('',#11802,0.600000000000007);
#10608=CYLINDRICAL_SURFACE('',#11808,2.79999999999999);
#10609=CYLINDRICAL_SURFACE('',#11809,2.79999999999999);
#10610=CYLINDRICAL_SURFACE('',#11810,2.79999999999999);
#10611=CYLINDRICAL_SURFACE('',#11811,2.79999999999999);
#10612=CYLINDRICAL_SURFACE('',#11844,0.600000000000007);
#10613=CYLINDRICAL_SURFACE('',#11846,0.3);
#10614=CYLINDRICAL_SURFACE('',#11848,0.600000000000007);
#10615=CYLINDRICAL_SURFACE('',#11850,0.600000000000007);
#10616=CYLINDRICAL_SURFACE('',#11852,0.3);
#10617=CYLINDRICAL_SURFACE('',#11854,0.600000000000007);
#10618=CYLINDRICAL_SURFACE('',#11866,0.600000000000007);
#10619=CYLINDRICAL_SURFACE('',#11868,0.3);
#10620=CYLINDRICAL_SURFACE('',#11870,0.600000000000007);
#10621=CYLINDRICAL_SURFACE('',#11872,0.600000000000007);
#10622=CYLINDRICAL_SURFACE('',#11874,0.3);
#10623=CYLINDRICAL_SURFACE('',#11876,0.600000000000007);
#10624=CYLINDRICAL_SURFACE('',#11882,2.79999999999999);
#10625=CYLINDRICAL_SURFACE('',#11883,2.79999999999999);
#10626=CYLINDRICAL_SURFACE('',#11884,2.79999999999999);
#10627=CYLINDRICAL_SURFACE('',#11885,2.79999999999999);
#10628=CYLINDRICAL_SURFACE('',#11918,0.600000000000007);
#10629=CYLINDRICAL_SURFACE('',#11920,0.3);
#10630=CYLINDRICAL_SURFACE('',#11922,0.600000000000007);
#10631=CYLINDRICAL_SURFACE('',#11924,0.600000000000007);
#10632=CYLINDRICAL_SURFACE('',#11926,0.3);
#10633=CYLINDRICAL_SURFACE('',#11928,0.600000000000007);
#10634=CYLINDRICAL_SURFACE('',#11940,0.600000000000007);
#10635=CYLINDRICAL_SURFACE('',#11942,0.3);
#10636=CYLINDRICAL_SURFACE('',#11944,0.600000000000007);
#10637=CYLINDRICAL_SURFACE('',#11946,0.600000000000007);
#10638=CYLINDRICAL_SURFACE('',#11948,0.3);
#10639=CYLINDRICAL_SURFACE('',#11950,0.600000000000007);
#10640=CYLINDRICAL_SURFACE('',#11956,2.79999999999999);
#10641=CYLINDRICAL_SURFACE('',#11957,2.79999999999999);
#10642=CYLINDRICAL_SURFACE('',#11958,2.79999999999999);
#10643=CYLINDRICAL_SURFACE('',#11959,2.79999999999999);
#10644=CYLINDRICAL_SURFACE('',#11992,0.600000000000007);
#10645=CYLINDRICAL_SURFACE('',#11994,0.3);
#10646=CYLINDRICAL_SURFACE('',#11996,0.600000000000007);
#10647=CYLINDRICAL_SURFACE('',#11998,2.79999999999999);
#10648=CYLINDRICAL_SURFACE('',#12000,0.600000000000007);
#10649=CYLINDRICAL_SURFACE('',#12002,0.3);
#10650=CYLINDRICAL_SURFACE('',#12004,0.600000000000007);
#10651=CYLINDRICAL_SURFACE('',#12006,2.79999999999999);
#10652=CYLINDRICAL_SURFACE('',#12016,0.600000000000007);
#10653=CYLINDRICAL_SURFACE('',#12018,0.3);
#10654=CYLINDRICAL_SURFACE('',#12020,0.600000000000007);
#10655=CYLINDRICAL_SURFACE('',#12022,2.79999999999999);
#10656=CYLINDRICAL_SURFACE('',#12023,0.600000000000007);
#10657=CYLINDRICAL_SURFACE('',#12025,0.3);
#10658=CYLINDRICAL_SURFACE('',#12027,0.600000000000007);
#10659=CYLINDRICAL_SURFACE('',#12029,2.79999999999999);
#10660=CYLINDRICAL_SURFACE('',#12035,5.50000000000001);
#10661=CYLINDRICAL_SURFACE('',#12038,5.50000000000001);
#10662=CYLINDRICAL_SURFACE('',#12041,5.50000000000001);
#10663=CYLINDRICAL_SURFACE('',#12045,5.50000000000001);
#10664=CYLINDRICAL_SURFACE('',#12052,2.6);
#10665=CYLINDRICAL_SURFACE('',#12061,2.6);
#10666=CYLINDRICAL_SURFACE('',#12068,2.6);
#10667=CYLINDRICAL_SURFACE('',#12077,2.6);
#10668=CYLINDRICAL_SURFACE('',#12084,2.6);
#10669=CYLINDRICAL_SURFACE('',#12093,2.6);
#10670=CYLINDRICAL_SURFACE('',#12100,2.6);
#10671=CYLINDRICAL_SURFACE('',#12109,2.6);
#10672=CYLINDRICAL_SURFACE('',#12116,2.6);
#10673=CYLINDRICAL_SURFACE('',#12125,2.6);
#10674=CYLINDRICAL_SURFACE('',#12132,2.6);
#10675=CYLINDRICAL_SURFACE('',#12141,2.6);
#10676=CYLINDRICAL_SURFACE('',#12148,2.6);
#10677=CYLINDRICAL_SURFACE('',#12157,2.6);
#10678=CYLINDRICAL_SURFACE('',#12164,2.6);
#10679=CYLINDRICAL_SURFACE('',#12173,2.6);
#10680=CYLINDRICAL_SURFACE('',#12180,2.6);
#10681=CYLINDRICAL_SURFACE('',#12189,2.6);
#10682=CYLINDRICAL_SURFACE('',#12196,2.6);
#10683=CYLINDRICAL_SURFACE('',#12205,2.6);
#10684=CYLINDRICAL_SURFACE('',#12212,2.6);
#10685=CYLINDRICAL_SURFACE('',#12221,2.6);
#10686=CYLINDRICAL_SURFACE('',#12228,2.6);
#10687=CYLINDRICAL_SURFACE('',#12237,2.6);
#10688=CYLINDRICAL_SURFACE('',#12244,2.6);
#10689=CYLINDRICAL_SURFACE('',#12253,2.6);
#10690=CYLINDRICAL_SURFACE('',#12260,2.6);
#10691=CYLINDRICAL_SURFACE('',#12269,2.6);
#10692=CYLINDRICAL_SURFACE('',#12276,2.6);
#10693=CYLINDRICAL_SURFACE('',#12285,2.6);
#10694=CYLINDRICAL_SURFACE('',#12292,2.6);
#10695=CYLINDRICAL_SURFACE('',#12301,2.6);
#10696=CYLINDRICAL_SURFACE('',#12308,2.6);
#10697=CYLINDRICAL_SURFACE('',#12317,2.6);
#10698=CYLINDRICAL_SURFACE('',#12324,2.6);
#10699=CYLINDRICAL_SURFACE('',#12333,2.6);
#10700=CYLINDRICAL_SURFACE('',#12340,2.6);
#10701=CYLINDRICAL_SURFACE('',#12349,2.6);
#10702=CYLINDRICAL_SURFACE('',#12356,2.6);
#10703=CYLINDRICAL_SURFACE('',#12365,2.6);
#10704=CYLINDRICAL_SURFACE('',#12372,2.6);
#10705=CYLINDRICAL_SURFACE('',#12381,2.6);
#10706=CYLINDRICAL_SURFACE('',#12388,2.6);
#10707=CYLINDRICAL_SURFACE('',#12397,2.6);
#10708=CYLINDRICAL_SURFACE('',#12404,2.6);
#10709=CYLINDRICAL_SURFACE('',#12413,2.6);
#10710=CYLINDRICAL_SURFACE('',#12420,2.6);
#10711=CYLINDRICAL_SURFACE('',#12429,2.6);
#10712=CYLINDRICAL_SURFACE('',#12436,2.6);
#10713=CYLINDRICAL_SURFACE('',#12445,2.6);
#10714=CYLINDRICAL_SURFACE('',#12452,2.6);
#10715=CYLINDRICAL_SURFACE('',#12461,2.6);
#10716=CYLINDRICAL_SURFACE('',#12468,2.6);
#10717=CYLINDRICAL_SURFACE('',#12477,2.6);
#10718=CYLINDRICAL_SURFACE('',#12484,2.6);
#10719=CYLINDRICAL_SURFACE('',#12493,2.6);
#10720=CYLINDRICAL_SURFACE('',#12500,2.6);
#10721=CYLINDRICAL_SURFACE('',#12509,2.6);
#10722=CYLINDRICAL_SURFACE('',#12516,2.6);
#10723=CYLINDRICAL_SURFACE('',#12525,2.6);
#10724=CYLINDRICAL_SURFACE('',#12532,2.6);
#10725=CYLINDRICAL_SURFACE('',#12541,2.6);
#10726=CYLINDRICAL_SURFACE('',#12548,2.6);
#10727=CYLINDRICAL_SURFACE('',#12557,2.6);
#10728=CYLINDRICAL_SURFACE('',#12564,2.6);
#10729=CYLINDRICAL_SURFACE('',#12573,2.6);
#10730=CYLINDRICAL_SURFACE('',#12580,2.6);
#10731=CYLINDRICAL_SURFACE('',#12589,2.6);
#10732=CYLINDRICAL_SURFACE('',#12596,2.6);
#10733=CYLINDRICAL_SURFACE('',#12605,2.6);
#10734=CYLINDRICAL_SURFACE('',#12612,2.6);
#10735=CYLINDRICAL_SURFACE('',#12621,2.6);
#10736=CYLINDRICAL_SURFACE('',#12628,2.6);
#10737=CYLINDRICAL_SURFACE('',#12637,2.6);
#10738=CYLINDRICAL_SURFACE('',#12644,2.6);
#10739=CYLINDRICAL_SURFACE('',#12653,2.6);
#10740=CYLINDRICAL_SURFACE('',#12660,2.6);
#10741=CYLINDRICAL_SURFACE('',#12669,2.6);
#10742=CYLINDRICAL_SURFACE('',#12676,2.6);
#10743=CYLINDRICAL_SURFACE('',#12685,2.6);
#10744=CYLINDRICAL_SURFACE('',#12692,2.6);
#10745=CYLINDRICAL_SURFACE('',#12701,2.6);
#10746=ADVANCED_FACE('',(#1203),#10584,.F.);
#10747=ADVANCED_FACE('',(#1204),#910,.T.);
#10748=ADVANCED_FACE('',(#1205),#10585,.F.);
#10749=ADVANCED_FACE('',(#1206,#287,#288,#289,#290,#291,#292,#293,#294,
#295,#296,#297,#298,#299,#300,#301,#302,#303,#304,#305,#306,#307,#308,#309,
#310,#311,#312,#313,#314,#315,#316,#317,#318,#319,#320,#321,#322,#323,#324,
#325,#326,#327),#911,.F.);
#10750=ADVANCED_FACE('',(#1207),#912,.T.);
#10751=ADVANCED_FACE('',(#1208),#10586,.F.);
#10752=ADVANCED_FACE('',(#1209),#10587,.F.);
#10753=ADVANCED_FACE('',(#1210),#913,.T.);
#10754=ADVANCED_FACE('',(#1211),#10588,.F.);
#10755=ADVANCED_FACE('',(#1212),#10589,.F.);
#10756=ADVANCED_FACE('',(#1213),#914,.T.);
#10757=ADVANCED_FACE('',(#1214),#10590,.F.);
#10758=ADVANCED_FACE('',(#1215),#10591,.F.);
#10759=ADVANCED_FACE('',(#1216),#915,.T.);
#10760=ADVANCED_FACE('',(#1217),#916,.T.);
#10761=ADVANCED_FACE('',(#1218),#47,.T.);
#10762=ADVANCED_FACE('',(#1219),#917,.T.);
#10763=ADVANCED_FACE('',(#1220),#48,.T.);
#10764=ADVANCED_FACE('',(#1221),#918,.T.);
#10765=ADVANCED_FACE('',(#1222),#49,.T.);
#10766=ADVANCED_FACE('',(#1223),#919,.T.);
#10767=ADVANCED_FACE('',(#1224),#50,.T.);
#10768=ADVANCED_FACE('',(#1225),#10592,.T.);
#10769=ADVANCED_FACE('',(#1226),#920,.T.);
#10770=ADVANCED_FACE('',(#1227),#10593,.T.);
#10771=ADVANCED_FACE('',(#1228),#921,.T.);
#10772=ADVANCED_FACE('',(#1229,#328,#329,#330,#331,#332),#922,.T.);
#10773=ADVANCED_FACE('',(#1230),#923,.T.);
#10774=ADVANCED_FACE('',(#1231),#51,.T.);
#10775=ADVANCED_FACE('',(#1232),#924,.T.);
#10776=ADVANCED_FACE('',(#1233),#52,.T.);
#10777=ADVANCED_FACE('',(#1234),#925,.T.);
#10778=ADVANCED_FACE('',(#1235),#53,.T.);
#10779=ADVANCED_FACE('',(#1236),#926,.T.);
#10780=ADVANCED_FACE('',(#1237),#54,.T.);
#10781=ADVANCED_FACE('',(#1238),#10594,.T.);
#10782=ADVANCED_FACE('',(#1239),#927,.T.);
#10783=ADVANCED_FACE('',(#1240),#10595,.T.);
#10784=ADVANCED_FACE('',(#1241,#333,#334,#335,#336,#337,#338,#339,#340,
#341,#342,#343,#344,#345,#346,#347,#348,#349,#350,#351,#352,#353,#354,#355,
#356,#357,#358,#359,#360,#361,#362,#363,#364,#365,#366,#367,#368,#369,#370,
#371,#372,#373),#928,.T.);
#10785=ADVANCED_FACE('',(#1242),#929,.F.);
#10786=ADVANCED_FACE('',(#1243),#930,.F.);
#10787=ADVANCED_FACE('',(#1244),#931,.F.);
#10788=ADVANCED_FACE('',(#1245),#932,.F.);
#10789=ADVANCED_FACE('',(#1246),#55,.F.);
#10790=ADVANCED_FACE('',(#1247),#56,.F.);
#10791=ADVANCED_FACE('',(#1248),#57,.F.);
#10792=ADVANCED_FACE('',(#1249),#58,.F.);
#10793=ADVANCED_FACE('',(#1250),#59,.F.);
#10794=ADVANCED_FACE('',(#1251),#60,.F.);
#10795=ADVANCED_FACE('',(#1252),#61,.F.);
#10796=ADVANCED_FACE('',(#1253),#62,.F.);
#10797=ADVANCED_FACE('',(#1254),#63,.T.);
#10798=ADVANCED_FACE('',(#1255),#64,.T.);
#10799=ADVANCED_FACE('',(#1256),#65,.T.);
#10800=ADVANCED_FACE('',(#1257),#66,.T.);
#10801=ADVANCED_FACE('',(#1258),#67,.T.);
#10802=ADVANCED_FACE('',(#1259),#68,.T.);
#10803=ADVANCED_FACE('',(#1260),#69,.T.);
#10804=ADVANCED_FACE('',(#1261),#70,.T.);
#10805=ADVANCED_FACE('',(#1262),#10596,.T.);
#10806=ADVANCED_FACE('',(#1263),#10597,.F.);
#10807=ADVANCED_FACE('',(#1264),#10598,.T.);
#10808=ADVANCED_FACE('',(#1265),#10599,.T.);
#10809=ADVANCED_FACE('',(#1266),#10600,.F.);
#10810=ADVANCED_FACE('',(#1267),#10601,.T.);
#10811=ADVANCED_FACE('',(#1268),#71,.F.);
#10812=ADVANCED_FACE('',(#1269),#10602,.T.);
#10813=ADVANCED_FACE('',(#1270),#10603,.F.);
#10814=ADVANCED_FACE('',(#1271),#10604,.T.);
#10815=ADVANCED_FACE('',(#1272),#10605,.T.);
#10816=ADVANCED_FACE('',(#1273),#10606,.F.);
#10817=ADVANCED_FACE('',(#1274),#10607,.T.);
#10818=ADVANCED_FACE('',(#1275),#933,.T.);
#10819=ADVANCED_FACE('',(#1276),#934,.T.);
#10820=ADVANCED_FACE('',(#1277),#935,.T.);
#10821=ADVANCED_FACE('',(#1278),#936,.T.);
#10822=ADVANCED_FACE('',(#1279),#10608,.F.);
#10823=ADVANCED_FACE('',(#1280),#10609,.F.);
#10824=ADVANCED_FACE('',(#1281),#10610,.F.);
#10825=ADVANCED_FACE('',(#1282),#10611,.F.);
#10826=ADVANCED_FACE('',(#1283),#72,.F.);
#10827=ADVANCED_FACE('',(#1284),#73,.F.);
#10828=ADVANCED_FACE('',(#1285),#74,.F.);
#10829=ADVANCED_FACE('',(#1286),#75,.F.);
#10830=ADVANCED_FACE('',(#1287),#76,.F.);
#10831=ADVANCED_FACE('',(#1288),#77,.F.);
#10832=ADVANCED_FACE('',(#1289),#78,.F.);
#10833=ADVANCED_FACE('',(#1290),#79,.F.);
#10834=ADVANCED_FACE('',(#1291),#80,.T.);
#10835=ADVANCED_FACE('',(#1292),#81,.T.);
#10836=ADVANCED_FACE('',(#1293),#82,.T.);
#10837=ADVANCED_FACE('',(#1294),#83,.T.);
#10838=ADVANCED_FACE('',(#1295),#84,.T.);
#10839=ADVANCED_FACE('',(#1296),#85,.T.);
#10840=ADVANCED_FACE('',(#1297),#86,.T.);
#10841=ADVANCED_FACE('',(#1298),#87,.T.);
#10842=ADVANCED_FACE('',(#1299),#10612,.T.);
#10843=ADVANCED_FACE('',(#1300),#10613,.F.);
#10844=ADVANCED_FACE('',(#1301),#10614,.T.);
#10845=ADVANCED_FACE('',(#1302),#10615,.T.);
#10846=ADVANCED_FACE('',(#1303),#10616,.F.);
#10847=ADVANCED_FACE('',(#1304),#10617,.T.);
#10848=ADVANCED_FACE('',(#1305),#88,.F.);
#10849=ADVANCED_FACE('',(#1306),#10618,.T.);
#10850=ADVANCED_FACE('',(#1307),#10619,.F.);
#10851=ADVANCED_FACE('',(#1308),#10620,.T.);
#10852=ADVANCED_FACE('',(#1309),#10621,.T.);
#10853=ADVANCED_FACE('',(#1310),#10622,.F.);
#10854=ADVANCED_FACE('',(#1311),#10623,.T.);
#10855=ADVANCED_FACE('',(#1312),#937,.T.);
#10856=ADVANCED_FACE('',(#1313),#938,.T.);
#10857=ADVANCED_FACE('',(#1314),#939,.T.);
#10858=ADVANCED_FACE('',(#1315),#940,.T.);
#10859=ADVANCED_FACE('',(#1316),#10624,.F.);
#10860=ADVANCED_FACE('',(#1317),#10625,.F.);
#10861=ADVANCED_FACE('',(#1318),#10626,.F.);
#10862=ADVANCED_FACE('',(#1319),#10627,.F.);
#10863=ADVANCED_FACE('',(#1320),#89,.F.);
#10864=ADVANCED_FACE('',(#1321),#90,.F.);
#10865=ADVANCED_FACE('',(#1322),#91,.F.);
#10866=ADVANCED_FACE('',(#1323),#92,.F.);
#10867=ADVANCED_FACE('',(#1324),#93,.F.);
#10868=ADVANCED_FACE('',(#1325),#94,.F.);
#10869=ADVANCED_FACE('',(#1326),#95,.F.);
#10870=ADVANCED_FACE('',(#1327),#96,.F.);
#10871=ADVANCED_FACE('',(#1328),#97,.T.);
#10872=ADVANCED_FACE('',(#1329),#98,.T.);
#10873=ADVANCED_FACE('',(#1330),#99,.T.);
#10874=ADVANCED_FACE('',(#1331),#100,.T.);
#10875=ADVANCED_FACE('',(#1332),#101,.T.);
#10876=ADVANCED_FACE('',(#1333),#102,.T.);
#10877=ADVANCED_FACE('',(#1334),#103,.T.);
#10878=ADVANCED_FACE('',(#1335),#104,.T.);
#10879=ADVANCED_FACE('',(#1336),#10628,.T.);
#10880=ADVANCED_FACE('',(#1337),#10629,.F.);
#10881=ADVANCED_FACE('',(#1338),#10630,.T.);
#10882=ADVANCED_FACE('',(#1339),#10631,.T.);
#10883=ADVANCED_FACE('',(#1340),#10632,.F.);
#10884=ADVANCED_FACE('',(#1341),#10633,.T.);
#10885=ADVANCED_FACE('',(#1342),#105,.F.);
#10886=ADVANCED_FACE('',(#1343),#10634,.T.);
#10887=ADVANCED_FACE('',(#1344),#10635,.F.);
#10888=ADVANCED_FACE('',(#1345),#10636,.T.);
#10889=ADVANCED_FACE('',(#1346),#10637,.T.);
#10890=ADVANCED_FACE('',(#1347),#10638,.F.);
#10891=ADVANCED_FACE('',(#1348),#10639,.T.);
#10892=ADVANCED_FACE('',(#1349),#941,.T.);
#10893=ADVANCED_FACE('',(#1350),#942,.T.);
#10894=ADVANCED_FACE('',(#1351),#943,.T.);
#10895=ADVANCED_FACE('',(#1352),#944,.T.);
#10896=ADVANCED_FACE('',(#1353),#10640,.F.);
#10897=ADVANCED_FACE('',(#1354),#10641,.F.);
#10898=ADVANCED_FACE('',(#1355),#10642,.F.);
#10899=ADVANCED_FACE('',(#1356),#10643,.F.);
#10900=ADVANCED_FACE('',(#1357),#106,.F.);
#10901=ADVANCED_FACE('',(#1358),#107,.F.);
#10902=ADVANCED_FACE('',(#1359),#108,.F.);
#10903=ADVANCED_FACE('',(#1360),#109,.F.);
#10904=ADVANCED_FACE('',(#1361),#110,.F.);
#10905=ADVANCED_FACE('',(#1362),#111,.F.);
#10906=ADVANCED_FACE('',(#1363),#112,.F.);
#10907=ADVANCED_FACE('',(#1364),#113,.F.);
#10908=ADVANCED_FACE('',(#1365),#114,.T.);
#10909=ADVANCED_FACE('',(#1366),#115,.T.);
#10910=ADVANCED_FACE('',(#1367),#116,.T.);
#10911=ADVANCED_FACE('',(#1368),#117,.T.);
#10912=ADVANCED_FACE('',(#1369),#118,.T.);
#10913=ADVANCED_FACE('',(#1370),#119,.T.);
#10914=ADVANCED_FACE('',(#1371),#120,.T.);
#10915=ADVANCED_FACE('',(#1372),#121,.T.);
#10916=ADVANCED_FACE('',(#1373),#10644,.T.);
#10917=ADVANCED_FACE('',(#1374),#10645,.F.);
#10918=ADVANCED_FACE('',(#1375),#10646,.T.);
#10919=ADVANCED_FACE('',(#1376),#10647,.F.);
#10920=ADVANCED_FACE('',(#1377),#10648,.T.);
#10921=ADVANCED_FACE('',(#1378),#10649,.F.);
#10922=ADVANCED_FACE('',(#1379),#10650,.T.);
#10923=ADVANCED_FACE('',(#1380),#10651,.F.);
#10924=ADVANCED_FACE('',(#1381),#122,.F.);
#10925=ADVANCED_FACE('',(#1382),#10652,.T.);
#10926=ADVANCED_FACE('',(#1383),#10653,.F.);
#10927=ADVANCED_FACE('',(#1384),#10654,.T.);
#10928=ADVANCED_FACE('',(#1385),#10655,.F.);
#10929=ADVANCED_FACE('',(#1386),#10656,.T.);
#10930=ADVANCED_FACE('',(#1387),#10657,.F.);
#10931=ADVANCED_FACE('',(#1388),#10658,.T.);
#10932=ADVANCED_FACE('',(#1389),#10659,.F.);
#10933=ADVANCED_FACE('',(#1390),#945,.T.);
#10934=ADVANCED_FACE('',(#1391),#946,.T.);
#10935=ADVANCED_FACE('',(#1392),#947,.T.);
#10936=ADVANCED_FACE('',(#1393),#948,.T.);
#10937=ADVANCED_FACE('',(#1394),#949,.T.);
#10938=ADVANCED_FACE('',(#1395),#10660,.T.);
#10939=ADVANCED_FACE('',(#1396),#950,.T.);
#10940=ADVANCED_FACE('',(#1397),#951,.T.);
#10941=ADVANCED_FACE('',(#1398),#10661,.T.);
#10942=ADVANCED_FACE('',(#1399),#952,.T.);
#10943=ADVANCED_FACE('',(#1400),#953,.T.);
#10944=ADVANCED_FACE('',(#1401),#10662,.T.);
#10945=ADVANCED_FACE('',(#1402),#954,.T.);
#10946=ADVANCED_FACE('',(#1403),#955,.T.);
#10947=ADVANCED_FACE('',(#1404),#956,.T.);
#10948=ADVANCED_FACE('',(#1405),#10663,.T.);
#10949=ADVANCED_FACE('',(#1406),#957,.T.);
#10950=ADVANCED_FACE('',(#1407),#123,.F.);
#10951=ADVANCED_FACE('',(#1408),#958,.T.);
#10952=ADVANCED_FACE('',(#1409),#124,.F.);
#10953=ADVANCED_FACE('',(#1410),#10664,.F.);
#10954=ADVANCED_FACE('',(#1411),#959,.F.);
#10955=ADVANCED_FACE('',(#1412),#960,.T.);
#10956=ADVANCED_FACE('',(#1413),#125,.F.);
#10957=ADVANCED_FACE('',(#1414),#961,.T.);
#10958=ADVANCED_FACE('',(#1415),#126,.F.);
#10959=ADVANCED_FACE('',(#1416),#962,.F.);
#10960=ADVANCED_FACE('',(#1417),#10665,.F.);
#10961=ADVANCED_FACE('',(#1418),#963,.T.);
#10962=ADVANCED_FACE('',(#1419),#127,.F.);
#10963=ADVANCED_FACE('',(#1420),#964,.T.);
#10964=ADVANCED_FACE('',(#1421),#128,.F.);
#10965=ADVANCED_FACE('',(#1422),#10666,.F.);
#10966=ADVANCED_FACE('',(#1423),#965,.F.);
#10967=ADVANCED_FACE('',(#1424),#129,.F.);
#10968=ADVANCED_FACE('',(#1425),#966,.T.);
#10969=ADVANCED_FACE('',(#1426),#130,.F.);
#10970=ADVANCED_FACE('',(#1427),#967,.T.);
#10971=ADVANCED_FACE('',(#1428),#968,.F.);
#10972=ADVANCED_FACE('',(#1429),#10667,.F.);
#10973=ADVANCED_FACE('',(#1430),#969,.T.);
#10974=ADVANCED_FACE('',(#1431),#131,.F.);
#10975=ADVANCED_FACE('',(#1432),#970,.T.);
#10976=ADVANCED_FACE('',(#1433),#132,.F.);
#10977=ADVANCED_FACE('',(#1434),#10668,.F.);
#10978=ADVANCED_FACE('',(#1435),#971,.F.);
#10979=ADVANCED_FACE('',(#1436),#133,.F.);
#10980=ADVANCED_FACE('',(#1437),#972,.T.);
#10981=ADVANCED_FACE('',(#1438),#134,.F.);
#10982=ADVANCED_FACE('',(#1439),#973,.T.);
#10983=ADVANCED_FACE('',(#1440),#974,.F.);
#10984=ADVANCED_FACE('',(#1441),#10669,.F.);
#10985=ADVANCED_FACE('',(#1442),#975,.T.);
#10986=ADVANCED_FACE('',(#1443),#135,.F.);
#10987=ADVANCED_FACE('',(#1444),#976,.T.);
#10988=ADVANCED_FACE('',(#1445),#136,.F.);
#10989=ADVANCED_FACE('',(#1446),#10670,.F.);
#10990=ADVANCED_FACE('',(#1447),#977,.F.);
#10991=ADVANCED_FACE('',(#1448),#137,.F.);
#10992=ADVANCED_FACE('',(#1449),#978,.T.);
#10993=ADVANCED_FACE('',(#1450),#138,.F.);
#10994=ADVANCED_FACE('',(#1451),#979,.T.);
#10995=ADVANCED_FACE('',(#1452),#980,.F.);
#10996=ADVANCED_FACE('',(#1453),#10671,.F.);
#10997=ADVANCED_FACE('',(#1454),#981,.T.);
#10998=ADVANCED_FACE('',(#1455),#139,.F.);
#10999=ADVANCED_FACE('',(#1456),#982,.T.);
#11000=ADVANCED_FACE('',(#1457),#140,.F.);
#11001=ADVANCED_FACE('',(#1458),#10672,.F.);
#11002=ADVANCED_FACE('',(#1459),#983,.F.);
#11003=ADVANCED_FACE('',(#1460),#141,.F.);
#11004=ADVANCED_FACE('',(#1461),#984,.T.);
#11005=ADVANCED_FACE('',(#1462),#142,.F.);
#11006=ADVANCED_FACE('',(#1463),#985,.T.);
#11007=ADVANCED_FACE('',(#1464),#986,.F.);
#11008=ADVANCED_FACE('',(#1465),#10673,.F.);
#11009=ADVANCED_FACE('',(#1466),#987,.T.);
#11010=ADVANCED_FACE('',(#1467),#143,.F.);
#11011=ADVANCED_FACE('',(#1468),#988,.T.);
#11012=ADVANCED_FACE('',(#1469),#144,.F.);
#11013=ADVANCED_FACE('',(#1470),#10674,.F.);
#11014=ADVANCED_FACE('',(#1471),#989,.F.);
#11015=ADVANCED_FACE('',(#1472),#145,.F.);
#11016=ADVANCED_FACE('',(#1473),#990,.T.);
#11017=ADVANCED_FACE('',(#1474),#146,.F.);
#11018=ADVANCED_FACE('',(#1475),#991,.T.);
#11019=ADVANCED_FACE('',(#1476),#992,.F.);
#11020=ADVANCED_FACE('',(#1477),#10675,.F.);
#11021=ADVANCED_FACE('',(#1478),#993,.T.);
#11022=ADVANCED_FACE('',(#1479),#147,.F.);
#11023=ADVANCED_FACE('',(#1480),#994,.T.);
#11024=ADVANCED_FACE('',(#1481),#148,.F.);
#11025=ADVANCED_FACE('',(#1482),#10676,.F.);
#11026=ADVANCED_FACE('',(#1483),#995,.F.);
#11027=ADVANCED_FACE('',(#1484),#149,.F.);
#11028=ADVANCED_FACE('',(#1485),#996,.T.);
#11029=ADVANCED_FACE('',(#1486),#150,.F.);
#11030=ADVANCED_FACE('',(#1487),#997,.T.);
#11031=ADVANCED_FACE('',(#1488),#998,.F.);
#11032=ADVANCED_FACE('',(#1489),#10677,.F.);
#11033=ADVANCED_FACE('',(#1490),#999,.T.);
#11034=ADVANCED_FACE('',(#1491),#151,.F.);
#11035=ADVANCED_FACE('',(#1492),#1000,.T.);
#11036=ADVANCED_FACE('',(#1493),#152,.F.);
#11037=ADVANCED_FACE('',(#1494),#10678,.F.);
#11038=ADVANCED_FACE('',(#1495),#1001,.F.);
#11039=ADVANCED_FACE('',(#1496),#153,.F.);
#11040=ADVANCED_FACE('',(#1497),#1002,.T.);
#11041=ADVANCED_FACE('',(#1498),#154,.F.);
#11042=ADVANCED_FACE('',(#1499),#1003,.T.);
#11043=ADVANCED_FACE('',(#1500),#1004,.F.);
#11044=ADVANCED_FACE('',(#1501),#10679,.F.);
#11045=ADVANCED_FACE('',(#1502),#1005,.T.);
#11046=ADVANCED_FACE('',(#1503),#155,.F.);
#11047=ADVANCED_FACE('',(#1504),#1006,.T.);
#11048=ADVANCED_FACE('',(#1505),#156,.F.);
#11049=ADVANCED_FACE('',(#1506),#10680,.F.);
#11050=ADVANCED_FACE('',(#1507),#1007,.F.);
#11051=ADVANCED_FACE('',(#1508),#157,.F.);
#11052=ADVANCED_FACE('',(#1509),#1008,.T.);
#11053=ADVANCED_FACE('',(#1510),#158,.F.);
#11054=ADVANCED_FACE('',(#1511),#1009,.T.);
#11055=ADVANCED_FACE('',(#1512),#1010,.F.);
#11056=ADVANCED_FACE('',(#1513),#10681,.F.);
#11057=ADVANCED_FACE('',(#1514),#1011,.T.);
#11058=ADVANCED_FACE('',(#1515),#159,.F.);
#11059=ADVANCED_FACE('',(#1516),#1012,.T.);
#11060=ADVANCED_FACE('',(#1517),#160,.F.);
#11061=ADVANCED_FACE('',(#1518),#10682,.F.);
#11062=ADVANCED_FACE('',(#1519),#1013,.F.);
#11063=ADVANCED_FACE('',(#1520),#161,.F.);
#11064=ADVANCED_FACE('',(#1521),#1014,.T.);
#11065=ADVANCED_FACE('',(#1522),#162,.F.);
#11066=ADVANCED_FACE('',(#1523),#1015,.T.);
#11067=ADVANCED_FACE('',(#1524),#1016,.F.);
#11068=ADVANCED_FACE('',(#1525),#10683,.F.);
#11069=ADVANCED_FACE('',(#1526),#1017,.T.);
#11070=ADVANCED_FACE('',(#1527),#163,.F.);
#11071=ADVANCED_FACE('',(#1528),#1018,.T.);
#11072=ADVANCED_FACE('',(#1529),#164,.F.);
#11073=ADVANCED_FACE('',(#1530),#10684,.F.);
#11074=ADVANCED_FACE('',(#1531),#1019,.F.);
#11075=ADVANCED_FACE('',(#1532),#165,.F.);
#11076=ADVANCED_FACE('',(#1533),#1020,.T.);
#11077=ADVANCED_FACE('',(#1534),#166,.F.);
#11078=ADVANCED_FACE('',(#1535),#1021,.T.);
#11079=ADVANCED_FACE('',(#1536),#1022,.F.);
#11080=ADVANCED_FACE('',(#1537),#10685,.F.);
#11081=ADVANCED_FACE('',(#1538),#1023,.T.);
#11082=ADVANCED_FACE('',(#1539),#167,.F.);
#11083=ADVANCED_FACE('',(#1540),#1024,.T.);
#11084=ADVANCED_FACE('',(#1541),#168,.F.);
#11085=ADVANCED_FACE('',(#1542),#10686,.F.);
#11086=ADVANCED_FACE('',(#1543),#1025,.F.);
#11087=ADVANCED_FACE('',(#1544),#169,.F.);
#11088=ADVANCED_FACE('',(#1545),#1026,.T.);
#11089=ADVANCED_FACE('',(#1546),#170,.F.);
#11090=ADVANCED_FACE('',(#1547),#1027,.T.);
#11091=ADVANCED_FACE('',(#1548),#1028,.F.);
#11092=ADVANCED_FACE('',(#1549),#10687,.F.);
#11093=ADVANCED_FACE('',(#1550),#1029,.T.);
#11094=ADVANCED_FACE('',(#1551),#171,.F.);
#11095=ADVANCED_FACE('',(#1552),#1030,.T.);
#11096=ADVANCED_FACE('',(#1553),#172,.F.);
#11097=ADVANCED_FACE('',(#1554),#10688,.F.);
#11098=ADVANCED_FACE('',(#1555),#1031,.F.);
#11099=ADVANCED_FACE('',(#1556),#173,.F.);
#11100=ADVANCED_FACE('',(#1557),#1032,.T.);
#11101=ADVANCED_FACE('',(#1558),#174,.F.);
#11102=ADVANCED_FACE('',(#1559),#1033,.T.);
#11103=ADVANCED_FACE('',(#1560),#1034,.F.);
#11104=ADVANCED_FACE('',(#1561),#10689,.F.);
#11105=ADVANCED_FACE('',(#1562),#1035,.T.);
#11106=ADVANCED_FACE('',(#1563),#175,.F.);
#11107=ADVANCED_FACE('',(#1564),#1036,.T.);
#11108=ADVANCED_FACE('',(#1565),#176,.F.);
#11109=ADVANCED_FACE('',(#1566),#10690,.F.);
#11110=ADVANCED_FACE('',(#1567),#1037,.F.);
#11111=ADVANCED_FACE('',(#1568),#177,.F.);
#11112=ADVANCED_FACE('',(#1569),#1038,.T.);
#11113=ADVANCED_FACE('',(#1570),#178,.F.);
#11114=ADVANCED_FACE('',(#1571),#1039,.T.);
#11115=ADVANCED_FACE('',(#1572),#1040,.F.);
#11116=ADVANCED_FACE('',(#1573),#10691,.F.);
#11117=ADVANCED_FACE('',(#1574),#1041,.T.);
#11118=ADVANCED_FACE('',(#1575),#179,.F.);
#11119=ADVANCED_FACE('',(#1576),#1042,.T.);
#11120=ADVANCED_FACE('',(#1577),#180,.F.);
#11121=ADVANCED_FACE('',(#1578),#10692,.F.);
#11122=ADVANCED_FACE('',(#1579),#1043,.F.);
#11123=ADVANCED_FACE('',(#1580),#181,.F.);
#11124=ADVANCED_FACE('',(#1581),#1044,.T.);
#11125=ADVANCED_FACE('',(#1582),#182,.F.);
#11126=ADVANCED_FACE('',(#1583),#1045,.T.);
#11127=ADVANCED_FACE('',(#1584),#1046,.F.);
#11128=ADVANCED_FACE('',(#1585),#10693,.F.);
#11129=ADVANCED_FACE('',(#1586),#1047,.T.);
#11130=ADVANCED_FACE('',(#1587),#183,.F.);
#11131=ADVANCED_FACE('',(#1588),#1048,.T.);
#11132=ADVANCED_FACE('',(#1589),#184,.F.);
#11133=ADVANCED_FACE('',(#1590),#10694,.F.);
#11134=ADVANCED_FACE('',(#1591),#1049,.F.);
#11135=ADVANCED_FACE('',(#1592),#185,.F.);
#11136=ADVANCED_FACE('',(#1593),#1050,.T.);
#11137=ADVANCED_FACE('',(#1594),#186,.F.);
#11138=ADVANCED_FACE('',(#1595),#1051,.T.);
#11139=ADVANCED_FACE('',(#1596),#1052,.F.);
#11140=ADVANCED_FACE('',(#1597),#10695,.F.);
#11141=ADVANCED_FACE('',(#1598),#1053,.T.);
#11142=ADVANCED_FACE('',(#1599),#187,.F.);
#11143=ADVANCED_FACE('',(#1600),#1054,.T.);
#11144=ADVANCED_FACE('',(#1601),#188,.F.);
#11145=ADVANCED_FACE('',(#1602),#10696,.F.);
#11146=ADVANCED_FACE('',(#1603),#1055,.F.);
#11147=ADVANCED_FACE('',(#1604),#189,.F.);
#11148=ADVANCED_FACE('',(#1605),#1056,.T.);
#11149=ADVANCED_FACE('',(#1606),#190,.F.);
#11150=ADVANCED_FACE('',(#1607),#1057,.T.);
#11151=ADVANCED_FACE('',(#1608),#1058,.F.);
#11152=ADVANCED_FACE('',(#1609),#10697,.F.);
#11153=ADVANCED_FACE('',(#1610),#1059,.T.);
#11154=ADVANCED_FACE('',(#1611),#191,.F.);
#11155=ADVANCED_FACE('',(#1612),#1060,.T.);
#11156=ADVANCED_FACE('',(#1613),#192,.F.);
#11157=ADVANCED_FACE('',(#1614),#10698,.F.);
#11158=ADVANCED_FACE('',(#1615),#1061,.F.);
#11159=ADVANCED_FACE('',(#1616),#193,.F.);
#11160=ADVANCED_FACE('',(#1617),#1062,.T.);
#11161=ADVANCED_FACE('',(#1618),#194,.F.);
#11162=ADVANCED_FACE('',(#1619),#1063,.T.);
#11163=ADVANCED_FACE('',(#1620),#1064,.F.);
#11164=ADVANCED_FACE('',(#1621),#10699,.F.);
#11165=ADVANCED_FACE('',(#1622),#1065,.T.);
#11166=ADVANCED_FACE('',(#1623),#195,.F.);
#11167=ADVANCED_FACE('',(#1624),#1066,.T.);
#11168=ADVANCED_FACE('',(#1625),#196,.F.);
#11169=ADVANCED_FACE('',(#1626),#10700,.F.);
#11170=ADVANCED_FACE('',(#1627),#1067,.F.);
#11171=ADVANCED_FACE('',(#1628),#197,.F.);
#11172=ADVANCED_FACE('',(#1629),#1068,.T.);
#11173=ADVANCED_FACE('',(#1630),#198,.F.);
#11174=ADVANCED_FACE('',(#1631),#1069,.T.);
#11175=ADVANCED_FACE('',(#1632),#1070,.F.);
#11176=ADVANCED_FACE('',(#1633),#10701,.F.);
#11177=ADVANCED_FACE('',(#1634),#1071,.T.);
#11178=ADVANCED_FACE('',(#1635),#199,.F.);
#11179=ADVANCED_FACE('',(#1636),#1072,.T.);
#11180=ADVANCED_FACE('',(#1637),#200,.F.);
#11181=ADVANCED_FACE('',(#1638),#10702,.F.);
#11182=ADVANCED_FACE('',(#1639),#1073,.F.);
#11183=ADVANCED_FACE('',(#1640),#201,.F.);
#11184=ADVANCED_FACE('',(#1641),#1074,.T.);
#11185=ADVANCED_FACE('',(#1642),#202,.F.);
#11186=ADVANCED_FACE('',(#1643),#1075,.T.);
#11187=ADVANCED_FACE('',(#1644),#1076,.F.);
#11188=ADVANCED_FACE('',(#1645),#10703,.F.);
#11189=ADVANCED_FACE('',(#1646),#1077,.T.);
#11190=ADVANCED_FACE('',(#1647),#203,.F.);
#11191=ADVANCED_FACE('',(#1648),#1078,.T.);
#11192=ADVANCED_FACE('',(#1649),#204,.F.);
#11193=ADVANCED_FACE('',(#1650),#10704,.F.);
#11194=ADVANCED_FACE('',(#1651),#1079,.F.);
#11195=ADVANCED_FACE('',(#1652),#205,.F.);
#11196=ADVANCED_FACE('',(#1653),#1080,.T.);
#11197=ADVANCED_FACE('',(#1654),#206,.F.);
#11198=ADVANCED_FACE('',(#1655),#1081,.T.);
#11199=ADVANCED_FACE('',(#1656),#1082,.F.);
#11200=ADVANCED_FACE('',(#1657),#10705,.F.);
#11201=ADVANCED_FACE('',(#1658),#1083,.T.);
#11202=ADVANCED_FACE('',(#1659),#207,.F.);
#11203=ADVANCED_FACE('',(#1660),#1084,.T.);
#11204=ADVANCED_FACE('',(#1661),#208,.F.);
#11205=ADVANCED_FACE('',(#1662),#10706,.F.);
#11206=ADVANCED_FACE('',(#1663),#1085,.F.);
#11207=ADVANCED_FACE('',(#1664),#209,.F.);
#11208=ADVANCED_FACE('',(#1665),#1086,.T.);
#11209=ADVANCED_FACE('',(#1666),#210,.F.);
#11210=ADVANCED_FACE('',(#1667),#1087,.T.);
#11211=ADVANCED_FACE('',(#1668),#1088,.F.);
#11212=ADVANCED_FACE('',(#1669),#10707,.F.);
#11213=ADVANCED_FACE('',(#1670),#1089,.T.);
#11214=ADVANCED_FACE('',(#1671),#211,.F.);
#11215=ADVANCED_FACE('',(#1672),#1090,.T.);
#11216=ADVANCED_FACE('',(#1673),#212,.F.);
#11217=ADVANCED_FACE('',(#1674),#10708,.F.);
#11218=ADVANCED_FACE('',(#1675),#1091,.F.);
#11219=ADVANCED_FACE('',(#1676),#213,.F.);
#11220=ADVANCED_FACE('',(#1677),#1092,.T.);
#11221=ADVANCED_FACE('',(#1678),#214,.F.);
#11222=ADVANCED_FACE('',(#1679),#1093,.T.);
#11223=ADVANCED_FACE('',(#1680),#1094,.F.);
#11224=ADVANCED_FACE('',(#1681),#10709,.F.);
#11225=ADVANCED_FACE('',(#1682),#1095,.T.);
#11226=ADVANCED_FACE('',(#1683),#215,.F.);
#11227=ADVANCED_FACE('',(#1684),#1096,.T.);
#11228=ADVANCED_FACE('',(#1685),#216,.F.);
#11229=ADVANCED_FACE('',(#1686),#10710,.F.);
#11230=ADVANCED_FACE('',(#1687),#1097,.F.);
#11231=ADVANCED_FACE('',(#1688),#217,.F.);
#11232=ADVANCED_FACE('',(#1689),#1098,.T.);
#11233=ADVANCED_FACE('',(#1690),#218,.F.);
#11234=ADVANCED_FACE('',(#1691),#1099,.T.);
#11235=ADVANCED_FACE('',(#1692),#1100,.F.);
#11236=ADVANCED_FACE('',(#1693),#10711,.F.);
#11237=ADVANCED_FACE('',(#1694),#1101,.T.);
#11238=ADVANCED_FACE('',(#1695),#219,.F.);
#11239=ADVANCED_FACE('',(#1696),#1102,.T.);
#11240=ADVANCED_FACE('',(#1697),#220,.F.);
#11241=ADVANCED_FACE('',(#1698),#10712,.F.);
#11242=ADVANCED_FACE('',(#1699),#1103,.F.);
#11243=ADVANCED_FACE('',(#1700),#221,.F.);
#11244=ADVANCED_FACE('',(#1701),#1104,.T.);
#11245=ADVANCED_FACE('',(#1702),#222,.F.);
#11246=ADVANCED_FACE('',(#1703),#1105,.T.);
#11247=ADVANCED_FACE('',(#1704),#1106,.F.);
#11248=ADVANCED_FACE('',(#1705),#10713,.F.);
#11249=ADVANCED_FACE('',(#1706),#1107,.T.);
#11250=ADVANCED_FACE('',(#1707),#223,.F.);
#11251=ADVANCED_FACE('',(#1708),#1108,.T.);
#11252=ADVANCED_FACE('',(#1709),#224,.F.);
#11253=ADVANCED_FACE('',(#1710),#10714,.F.);
#11254=ADVANCED_FACE('',(#1711),#1109,.F.);
#11255=ADVANCED_FACE('',(#1712),#225,.F.);
#11256=ADVANCED_FACE('',(#1713),#1110,.T.);
#11257=ADVANCED_FACE('',(#1714),#226,.F.);
#11258=ADVANCED_FACE('',(#1715),#1111,.T.);
#11259=ADVANCED_FACE('',(#1716),#1112,.F.);
#11260=ADVANCED_FACE('',(#1717),#10715,.F.);
#11261=ADVANCED_FACE('',(#1718),#1113,.T.);
#11262=ADVANCED_FACE('',(#1719),#227,.F.);
#11263=ADVANCED_FACE('',(#1720),#1114,.T.);
#11264=ADVANCED_FACE('',(#1721),#228,.F.);
#11265=ADVANCED_FACE('',(#1722),#10716,.F.);
#11266=ADVANCED_FACE('',(#1723),#1115,.F.);
#11267=ADVANCED_FACE('',(#1724),#1116,.T.);
#11268=ADVANCED_FACE('',(#1725),#229,.F.);
#11269=ADVANCED_FACE('',(#1726),#1117,.T.);
#11270=ADVANCED_FACE('',(#1727),#230,.F.);
#11271=ADVANCED_FACE('',(#1728),#1118,.F.);
#11272=ADVANCED_FACE('',(#1729),#10717,.F.);
#11273=ADVANCED_FACE('',(#1730),#1119,.T.);
#11274=ADVANCED_FACE('',(#1731),#231,.F.);
#11275=ADVANCED_FACE('',(#1732),#1120,.T.);
#11276=ADVANCED_FACE('',(#1733),#232,.F.);
#11277=ADVANCED_FACE('',(#1734),#10718,.F.);
#11278=ADVANCED_FACE('',(#1735),#1121,.F.);
#11279=ADVANCED_FACE('',(#1736),#1122,.T.);
#11280=ADVANCED_FACE('',(#1737),#233,.F.);
#11281=ADVANCED_FACE('',(#1738),#1123,.T.);
#11282=ADVANCED_FACE('',(#1739),#234,.F.);
#11283=ADVANCED_FACE('',(#1740),#1124,.F.);
#11284=ADVANCED_FACE('',(#1741),#10719,.F.);
#11285=ADVANCED_FACE('',(#1742),#1125,.T.);
#11286=ADVANCED_FACE('',(#1743),#235,.F.);
#11287=ADVANCED_FACE('',(#1744),#1126,.T.);
#11288=ADVANCED_FACE('',(#1745),#236,.F.);
#11289=ADVANCED_FACE('',(#1746),#10720,.F.);
#11290=ADVANCED_FACE('',(#1747),#1127,.F.);
#11291=ADVANCED_FACE('',(#1748),#1128,.T.);
#11292=ADVANCED_FACE('',(#1749),#237,.F.);
#11293=ADVANCED_FACE('',(#1750),#1129,.T.);
#11294=ADVANCED_FACE('',(#1751),#238,.F.);
#11295=ADVANCED_FACE('',(#1752),#1130,.F.);
#11296=ADVANCED_FACE('',(#1753),#10721,.F.);
#11297=ADVANCED_FACE('',(#1754),#1131,.T.);
#11298=ADVANCED_FACE('',(#1755),#239,.F.);
#11299=ADVANCED_FACE('',(#1756),#1132,.T.);
#11300=ADVANCED_FACE('',(#1757),#240,.F.);
#11301=ADVANCED_FACE('',(#1758),#10722,.F.);
#11302=ADVANCED_FACE('',(#1759),#1133,.F.);
#11303=ADVANCED_FACE('',(#1760),#1134,.T.);
#11304=ADVANCED_FACE('',(#1761),#241,.F.);
#11305=ADVANCED_FACE('',(#1762),#1135,.T.);
#11306=ADVANCED_FACE('',(#1763),#242,.F.);
#11307=ADVANCED_FACE('',(#1764),#1136,.F.);
#11308=ADVANCED_FACE('',(#1765),#10723,.F.);
#11309=ADVANCED_FACE('',(#1766),#1137,.T.);
#11310=ADVANCED_FACE('',(#1767),#243,.F.);
#11311=ADVANCED_FACE('',(#1768),#1138,.T.);
#11312=ADVANCED_FACE('',(#1769),#244,.F.);
#11313=ADVANCED_FACE('',(#1770),#10724,.F.);
#11314=ADVANCED_FACE('',(#1771),#1139,.F.);
#11315=ADVANCED_FACE('',(#1772),#1140,.T.);
#11316=ADVANCED_FACE('',(#1773),#245,.F.);
#11317=ADVANCED_FACE('',(#1774),#1141,.T.);
#11318=ADVANCED_FACE('',(#1775),#246,.F.);
#11319=ADVANCED_FACE('',(#1776),#1142,.F.);
#11320=ADVANCED_FACE('',(#1777),#10725,.F.);
#11321=ADVANCED_FACE('',(#1778),#1143,.T.);
#11322=ADVANCED_FACE('',(#1779),#247,.F.);
#11323=ADVANCED_FACE('',(#1780),#1144,.T.);
#11324=ADVANCED_FACE('',(#1781),#248,.F.);
#11325=ADVANCED_FACE('',(#1782),#10726,.F.);
#11326=ADVANCED_FACE('',(#1783),#1145,.F.);
#11327=ADVANCED_FACE('',(#1784),#1146,.T.);
#11328=ADVANCED_FACE('',(#1785),#249,.F.);
#11329=ADVANCED_FACE('',(#1786),#1147,.T.);
#11330=ADVANCED_FACE('',(#1787),#250,.F.);
#11331=ADVANCED_FACE('',(#1788),#1148,.F.);
#11332=ADVANCED_FACE('',(#1789),#10727,.F.);
#11333=ADVANCED_FACE('',(#1790),#1149,.T.);
#11334=ADVANCED_FACE('',(#1791),#251,.F.);
#11335=ADVANCED_FACE('',(#1792),#1150,.T.);
#11336=ADVANCED_FACE('',(#1793),#252,.F.);
#11337=ADVANCED_FACE('',(#1794),#10728,.F.);
#11338=ADVANCED_FACE('',(#1795),#1151,.F.);
#11339=ADVANCED_FACE('',(#1796),#1152,.T.);
#11340=ADVANCED_FACE('',(#1797),#253,.F.);
#11341=ADVANCED_FACE('',(#1798),#1153,.T.);
#11342=ADVANCED_FACE('',(#1799),#254,.F.);
#11343=ADVANCED_FACE('',(#1800),#1154,.F.);
#11344=ADVANCED_FACE('',(#1801),#10729,.F.);
#11345=ADVANCED_FACE('',(#1802),#1155,.T.);
#11346=ADVANCED_FACE('',(#1803),#255,.F.);
#11347=ADVANCED_FACE('',(#1804),#1156,.T.);
#11348=ADVANCED_FACE('',(#1805),#256,.F.);
#11349=ADVANCED_FACE('',(#1806),#10730,.F.);
#11350=ADVANCED_FACE('',(#1807),#1157,.F.);
#11351=ADVANCED_FACE('',(#1808),#1158,.T.);
#11352=ADVANCED_FACE('',(#1809),#257,.F.);
#11353=ADVANCED_FACE('',(#1810),#1159,.T.);
#11354=ADVANCED_FACE('',(#1811),#258,.F.);
#11355=ADVANCED_FACE('',(#1812),#1160,.F.);
#11356=ADVANCED_FACE('',(#1813),#10731,.F.);
#11357=ADVANCED_FACE('',(#1814),#1161,.T.);
#11358=ADVANCED_FACE('',(#1815),#259,.F.);
#11359=ADVANCED_FACE('',(#1816),#1162,.T.);
#11360=ADVANCED_FACE('',(#1817),#260,.F.);
#11361=ADVANCED_FACE('',(#1818),#10732,.F.);
#11362=ADVANCED_FACE('',(#1819),#1163,.F.);
#11363=ADVANCED_FACE('',(#1820),#1164,.T.);
#11364=ADVANCED_FACE('',(#1821),#261,.F.);
#11365=ADVANCED_FACE('',(#1822),#1165,.T.);
#11366=ADVANCED_FACE('',(#1823),#262,.F.);
#11367=ADVANCED_FACE('',(#1824),#1166,.F.);
#11368=ADVANCED_FACE('',(#1825),#10733,.F.);
#11369=ADVANCED_FACE('',(#1826),#1167,.T.);
#11370=ADVANCED_FACE('',(#1827),#263,.F.);
#11371=ADVANCED_FACE('',(#1828),#1168,.T.);
#11372=ADVANCED_FACE('',(#1829),#264,.F.);
#11373=ADVANCED_FACE('',(#1830),#10734,.F.);
#11374=ADVANCED_FACE('',(#1831),#1169,.F.);
#11375=ADVANCED_FACE('',(#1832),#1170,.T.);
#11376=ADVANCED_FACE('',(#1833),#265,.F.);
#11377=ADVANCED_FACE('',(#1834),#1171,.T.);
#11378=ADVANCED_FACE('',(#1835),#266,.F.);
#11379=ADVANCED_FACE('',(#1836),#1172,.F.);
#11380=ADVANCED_FACE('',(#1837),#10735,.F.);
#11381=ADVANCED_FACE('',(#1838),#1173,.T.);
#11382=ADVANCED_FACE('',(#1839),#267,.F.);
#11383=ADVANCED_FACE('',(#1840),#1174,.T.);
#11384=ADVANCED_FACE('',(#1841),#268,.F.);
#11385=ADVANCED_FACE('',(#1842),#10736,.F.);
#11386=ADVANCED_FACE('',(#1843),#1175,.F.);
#11387=ADVANCED_FACE('',(#1844),#1176,.T.);
#11388=ADVANCED_FACE('',(#1845),#269,.F.);
#11389=ADVANCED_FACE('',(#1846),#1177,.T.);
#11390=ADVANCED_FACE('',(#1847),#270,.F.);
#11391=ADVANCED_FACE('',(#1848),#1178,.F.);
#11392=ADVANCED_FACE('',(#1849),#10737,.F.);
#11393=ADVANCED_FACE('',(#1850),#1179,.T.);
#11394=ADVANCED_FACE('',(#1851),#271,.F.);
#11395=ADVANCED_FACE('',(#1852),#1180,.T.);
#11396=ADVANCED_FACE('',(#1853),#272,.F.);
#11397=ADVANCED_FACE('',(#1854),#10738,.F.);
#11398=ADVANCED_FACE('',(#1855),#1181,.F.);
#11399=ADVANCED_FACE('',(#1856),#1182,.T.);
#11400=ADVANCED_FACE('',(#1857),#273,.F.);
#11401=ADVANCED_FACE('',(#1858),#1183,.T.);
#11402=ADVANCED_FACE('',(#1859),#274,.F.);
#11403=ADVANCED_FACE('',(#1860),#1184,.F.);
#11404=ADVANCED_FACE('',(#1861),#10739,.F.);
#11405=ADVANCED_FACE('',(#1862),#1185,.T.);
#11406=ADVANCED_FACE('',(#1863),#275,.F.);
#11407=ADVANCED_FACE('',(#1864),#1186,.T.);
#11408=ADVANCED_FACE('',(#1865),#276,.F.);
#11409=ADVANCED_FACE('',(#1866),#10740,.F.);
#11410=ADVANCED_FACE('',(#1867),#1187,.F.);
#11411=ADVANCED_FACE('',(#1868),#1188,.T.);
#11412=ADVANCED_FACE('',(#1869),#277,.F.);
#11413=ADVANCED_FACE('',(#1870),#1189,.T.);
#11414=ADVANCED_FACE('',(#1871),#278,.F.);
#11415=ADVANCED_FACE('',(#1872),#1190,.F.);
#11416=ADVANCED_FACE('',(#1873),#10741,.F.);
#11417=ADVANCED_FACE('',(#1874),#1191,.T.);
#11418=ADVANCED_FACE('',(#1875),#279,.F.);
#11419=ADVANCED_FACE('',(#1876),#1192,.T.);
#11420=ADVANCED_FACE('',(#1877),#280,.F.);
#11421=ADVANCED_FACE('',(#1878),#10742,.F.);
#11422=ADVANCED_FACE('',(#1879),#1193,.F.);
#11423=ADVANCED_FACE('',(#1880),#1194,.T.);
#11424=ADVANCED_FACE('',(#1881),#281,.F.);
#11425=ADVANCED_FACE('',(#1882),#1195,.T.);
#11426=ADVANCED_FACE('',(#1883),#282,.F.);
#11427=ADVANCED_FACE('',(#1884),#1196,.F.);
#11428=ADVANCED_FACE('',(#1885),#10743,.F.);
#11429=ADVANCED_FACE('',(#1886),#1197,.T.);
#11430=ADVANCED_FACE('',(#1887),#283,.F.);
#11431=ADVANCED_FACE('',(#1888),#1198,.T.);
#11432=ADVANCED_FACE('',(#1889),#284,.F.);
#11433=ADVANCED_FACE('',(#1890),#10744,.F.);
#11434=ADVANCED_FACE('',(#1891),#1199,.F.);
#11435=ADVANCED_FACE('',(#1892),#1200,.T.);
#11436=ADVANCED_FACE('',(#1893),#285,.F.);
#11437=ADVANCED_FACE('',(#1894),#1201,.T.);
#11438=ADVANCED_FACE('',(#1895),#286,.F.);
#11439=ADVANCED_FACE('',(#1896),#1202,.F.);
#11440=ADVANCED_FACE('',(#1897),#10745,.F.);
#11441=CLOSED_SHELL('',(#10746,#10747,#10748,#10749,#10750,#10751,#10752,
#10753,#10754,#10755,#10756,#10757,#10758,#10759,#10760,#10761,#10762,#10763,
#10764,#10765,#10766,#10767,#10768,#10769,#10770,#10771,#10772,#10773,#10774,
#10775,#10776,#10777,#10778,#10779,#10780,#10781,#10782,#10783,#10784,#10785,
#10786,#10787,#10788,#10789,#10790,#10791,#10792,#10793,#10794,#10795,#10796,
#10797,#10798,#10799,#10800,#10801,#10802,#10803,#10804,#10805,#10806,#10807,
#10808,#10809,#10810,#10811,#10812,#10813,#10814,#10815,#10816,#10817,#10818,
#10819,#10820,#10821,#10822,#10823,#10824,#10825,#10826,#10827,#10828,#10829,
#10830,#10831,#10832,#10833,#10834,#10835,#10836,#10837,#10838,#10839,#10840,
#10841,#10842,#10843,#10844,#10845,#10846,#10847,#10848,#10849,#10850,#10851,
#10852,#10853,#10854,#10855,#10856,#10857,#10858,#10859,#10860,#10861,#10862,
#10863,#10864,#10865,#10866,#10867,#10868,#10869,#10870,#10871,#10872,#10873,
#10874,#10875,#10876,#10877,#10878,#10879,#10880,#10881,#10882,#10883,#10884,
#10885,#10886,#10887,#10888,#10889,#10890,#10891,#10892,#10893,#10894,#10895,
#10896,#10897,#10898,#10899,#10900,#10901,#10902,#10903,#10904,#10905,#10906,
#10907,#10908,#10909,#10910,#10911,#10912,#10913,#10914,#10915,#10916,#10917,
#10918,#10919,#10920,#10921,#10922,#10923,#10924,#10925,#10926,#10927,#10928,
#10929,#10930,#10931,#10932,#10933,#10934,#10935,#10936,#10937,#10938,#10939,
#10940,#10941,#10942,#10943,#10944,#10945,#10946,#10947,#10948,#10949,#10950,
#10951,#10952,#10953,#10954,#10955,#10956,#10957,#10958,#10959,#10960,#10961,
#10962,#10963,#10964,#10965,#10966,#10967,#10968,#10969,#10970,#10971,#10972,
#10973,#10974,#10975,#10976,#10977,#10978,#10979,#10980,#10981,#10982,#10983,
#10984,#10985,#10986,#10987,#10988,#10989,#10990,#10991,#10992,#10993,#10994,
#10995,#10996,#10997,#10998,#10999,#11000,#11001,#11002,#11003,#11004,#11005,
#11006,#11007,#11008,#11009,#11010,#11011,#11012,#11013,#11014,#11015,#11016,
#11017,#11018,#11019,#11020,#11021,#11022,#11023,#11024,#11025,#11026,#11027,
#11028,#11029,#11030,#11031,#11032,#11033,#11034,#11035,#11036,#11037,#11038,
#11039,#11040,#11041,#11042,#11043,#11044,#11045,#11046,#11047,#11048,#11049,
#11050,#11051,#11052,#11053,#11054,#11055,#11056,#11057,#11058,#11059,#11060,
#11061,#11062,#11063,#11064,#11065,#11066,#11067,#11068,#11069,#11070,#11071,
#11072,#11073,#11074,#11075,#11076,#11077,#11078,#11079,#11080,#11081,#11082,
#11083,#11084,#11085,#11086,#11087,#11088,#11089,#11090,#11091,#11092,#11093,
#11094,#11095,#11096,#11097,#11098,#11099,#11100,#11101,#11102,#11103,#11104,
#11105,#11106,#11107,#11108,#11109,#11110,#11111,#11112,#11113,#11114,#11115,
#11116,#11117,#11118,#11119,#11120,#11121,#11122,#11123,#11124,#11125,#11126,
#11127,#11128,#11129,#11130,#11131,#11132,#11133,#11134,#11135,#11136,#11137,
#11138,#11139,#11140,#11141,#11142,#11143,#11144,#11145,#11146,#11147,#11148,
#11149,#11150,#11151,#11152,#11153,#11154,#11155,#11156,#11157,#11158,#11159,
#11160,#11161,#11162,#11163,#11164,#11165,#11166,#11167,#11168,#11169,#11170,
#11171,#11172,#11173,#11174,#11175,#11176,#11177,#11178,#11179,#11180,#11181,
#11182,#11183,#11184,#11185,#11186,#11187,#11188,#11189,#11190,#11191,#11192,
#11193,#11194,#11195,#11196,#11197,#11198,#11199,#11200,#11201,#11202,#11203,
#11204,#11205,#11206,#11207,#11208,#11209,#11210,#11211,#11212,#11213,#11214,
#11215,#11216,#11217,#11218,#11219,#11220,#11221,#11222,#11223,#11224,#11225,
#11226,#11227,#11228,#11229,#11230,#11231,#11232,#11233,#11234,#11235,#11236,
#11237,#11238,#11239,#11240,#11241,#11242,#11243,#11244,#11245,#11246,#11247,
#11248,#11249,#11250,#11251,#11252,#11253,#11254,#11255,#11256,#11257,#11258,
#11259,#11260,#11261,#11262,#11263,#11264,#11265,#11266,#11267,#11268,#11269,
#11270,#11271,#11272,#11273,#11274,#11275,#11276,#11277,#11278,#11279,#11280,
#11281,#11282,#11283,#11284,#11285,#11286,#11287,#11288,#11289,#11290,#11291,
#11292,#11293,#11294,#11295,#11296,#11297,#11298,#11299,#11300,#11301,#11302,
#11303,#11304,#11305,#11306,#11307,#11308,#11309,#11310,#11311,#11312,#11313,
#11314,#11315,#11316,#11317,#11318,#11319,#11320,#11321,#11322,#11323,#11324,
#11325,#11326,#11327,#11328,#11329,#11330,#11331,#11332,#11333,#11334,#11335,
#11336,#11337,#11338,#11339,#11340,#11341,#11342,#11343,#11344,#11345,#11346,
#11347,#11348,#11349,#11350,#11351,#11352,#11353,#11354,#11355,#11356,#11357,
#11358,#11359,#11360,#11361,#11362,#11363,#11364,#11365,#11366,#11367,#11368,
#11369,#11370,#11371,#11372,#11373,#11374,#11375,#11376,#11377,#11378,#11379,
#11380,#11381,#11382,#11383,#11384,#11385,#11386,#11387,#11388,#11389,#11390,
#11391,#11392,#11393,#11394,#11395,#11396,#11397,#11398,#11399,#11400,#11401,
#11402,#11403,#11404,#11405,#11406,#11407,#11408,#11409,#11410,#11411,#11412,
#11413,#11414,#11415,#11416,#11417,#11418,#11419,#11420,#11421,#11422,#11423,
#11424,#11425,#11426,#11427,#11428,#11429,#11430,#11431,#11432,#11433,#11434,
#11435,#11436,#11437,#11438,#11439,#11440));
#11442=DERIVED_UNIT_ELEMENT(#11444,1.);
#11443=DERIVED_UNIT_ELEMENT(#19723,-3.);
#11444=(
MASS_UNIT()
NAMED_UNIT(*)
SI_UNIT(.KILO.,.GRAM.)
);
#11445=DERIVED_UNIT((#11442,#11443));
#11446=MEASURE_REPRESENTATION_ITEM('density measure',
POSITIVE_RATIO_MEASURE(952.),#11445);
#11447=PROPERTY_DEFINITION_REPRESENTATION(#11452,#11449);
#11448=PROPERTY_DEFINITION_REPRESENTATION(#11453,#11450);
#11449=REPRESENTATION('material name',(#11451),#19720);
#11450=REPRESENTATION('density',(#11446),#19720);
#11451=DESCRIPTIVE_REPRESENTATION_ITEM('Plastic, Opaque White',
'Plastic, Opaque White');
#11452=PROPERTY_DEFINITION('material property','material name',#19730);
#11453=PROPERTY_DEFINITION('material property','density of part',#19730);
#11454=AXIS2_PLACEMENT_3D('',#16238,#12702,#12703);
#11455=AXIS2_PLACEMENT_3D('',#16239,#12704,#12705);
#11456=AXIS2_PLACEMENT_3D('',#16242,#12706,#12707);
#11457=AXIS2_PLACEMENT_3D('',#16246,#12709,#12710);
#11458=AXIS2_PLACEMENT_3D('',#16248,#12712,#12713);
#11459=AXIS2_PLACEMENT_3D('',#16254,#12717,#12718);
#11460=AXIS2_PLACEMENT_3D('',#16257,#12719,#12720);
#11461=AXIS2_PLACEMENT_3D('',#16261,#12722,#12723);
#11462=AXIS2_PLACEMENT_3D('',#16263,#12725,#12726);
#11463=AXIS2_PLACEMENT_3D('',#16267,#12728,#12729);
#11464=AXIS2_PLACEMENT_3D('',#16272,#12732,#12733);
#11465=AXIS2_PLACEMENT_3D('',#16276,#12735,#12736);
#11466=AXIS2_PLACEMENT_3D('',#16280,#12738,#12739);
#11467=AXIS2_PLACEMENT_3D('',#16284,#12741,#12742);
#11468=AXIS2_PLACEMENT_3D('',#16288,#12744,#12745);
#11469=AXIS2_PLACEMENT_3D('',#16292,#12747,#12748);
#11470=AXIS2_PLACEMENT_3D('',#16296,#12750,#12751);
#11471=AXIS2_PLACEMENT_3D('',#16300,#12753,#12754);
#11472=AXIS2_PLACEMENT_3D('',#16303,#12756,#12757);
#11473=AXIS2_PLACEMENT_3D('',#16308,#12759,#12760);
#11474=AXIS2_PLACEMENT_3D('',#16311,#12762,#12763);
#11475=AXIS2_PLACEMENT_3D('',#16316,#12765,#12766);
#11476=AXIS2_PLACEMENT_3D('',#16319,#12768,#12769);
#11477=AXIS2_PLACEMENT_3D('',#16324,#12771,#12772);
#11478=AXIS2_PLACEMENT_3D('',#16327,#12774,#12775);
#11479=AXIS2_PLACEMENT_3D('',#16332,#12777,#12778);
#11480=AXIS2_PLACEMENT_3D('',#16335,#12780,#12781);
#11481=AXIS2_PLACEMENT_3D('',#16340,#12783,#12784);
#11482=AXIS2_PLACEMENT_3D('',#16343,#12786,#12787);
#11483=AXIS2_PLACEMENT_3D('',#16348,#12789,#12790);
#11484=AXIS2_PLACEMENT_3D('',#16351,#12792,#12793);
#11485=AXIS2_PLACEMENT_3D('',#16356,#12795,#12796);
#11486=AXIS2_PLACEMENT_3D('',#16359,#12798,#12799);
#11487=AXIS2_PLACEMENT_3D('',#16364,#12801,#12802);
#11488=AXIS2_PLACEMENT_3D('',#16367,#12804,#12805);
#11489=AXIS2_PLACEMENT_3D('',#16372,#12807,#12808);
#11490=AXIS2_PLACEMENT_3D('',#16375,#12810,#12811);
#11491=AXIS2_PLACEMENT_3D('',#16380,#12813,#12814);
#11492=AXIS2_PLACEMENT_3D('',#16383,#12816,#12817);
#11493=AXIS2_PLACEMENT_3D('',#16388,#12819,#12820);
#11494=AXIS2_PLACEMENT_3D('',#16391,#12822,#12823);
#11495=AXIS2_PLACEMENT_3D('',#16396,#12825,#12826);
#11496=AXIS2_PLACEMENT_3D('',#16399,#12828,#12829);
#11497=AXIS2_PLACEMENT_3D('',#16404,#12831,#12832);
#11498=AXIS2_PLACEMENT_3D('',#16407,#12834,#12835);
#11499=AXIS2_PLACEMENT_3D('',#16412,#12837,#12838);
#11500=AXIS2_PLACEMENT_3D('',#16415,#12840,#12841);
#11501=AXIS2_PLACEMENT_3D('',#16420,#12843,#12844);
#11502=AXIS2_PLACEMENT_3D('',#16423,#12846,#12847);
#11503=AXIS2_PLACEMENT_3D('',#16428,#12849,#12850);
#11504=AXIS2_PLACEMENT_3D('',#16431,#12852,#12853);
#11505=AXIS2_PLACEMENT_3D('',#16436,#12855,#12856);
#11506=AXIS2_PLACEMENT_3D('',#16439,#12858,#12859);
#11507=AXIS2_PLACEMENT_3D('',#16444,#12861,#12862);
#11508=AXIS2_PLACEMENT_3D('',#16447,#12864,#12865);
#11509=AXIS2_PLACEMENT_3D('',#16452,#12867,#12868);
#11510=AXIS2_PLACEMENT_3D('',#16455,#12870,#12871);
#11511=AXIS2_PLACEMENT_3D('',#16460,#12873,#12874);
#11512=AXIS2_PLACEMENT_3D('',#16463,#12876,#12877);
#11513=AXIS2_PLACEMENT_3D('',#16468,#12879,#12880);
#11514=AXIS2_PLACEMENT_3D('',#16471,#12882,#12883);
#11515=AXIS2_PLACEMENT_3D('',#16476,#12885,#12886);
#11516=AXIS2_PLACEMENT_3D('',#16479,#12888,#12889);
#11517=AXIS2_PLACEMENT_3D('',#16484,#12891,#12892);
#11518=AXIS2_PLACEMENT_3D('',#16487,#12894,#12895);
#11519=AXIS2_PLACEMENT_3D('',#16492,#12897,#12898);
#11520=AXIS2_PLACEMENT_3D('',#16495,#12900,#12901);
#11521=AXIS2_PLACEMENT_3D('',#16500,#12903,#12904);
#11522=AXIS2_PLACEMENT_3D('',#16503,#12906,#12907);
#11523=AXIS2_PLACEMENT_3D('',#16508,#12909,#12910);
#11524=AXIS2_PLACEMENT_3D('',#16511,#12912,#12913);
#11525=AXIS2_PLACEMENT_3D('',#16516,#12915,#12916);
#11526=AXIS2_PLACEMENT_3D('',#16519,#12918,#12919);
#11527=AXIS2_PLACEMENT_3D('',#16524,#12921,#12922);
#11528=AXIS2_PLACEMENT_3D('',#16527,#12924,#12925);
#11529=AXIS2_PLACEMENT_3D('',#16532,#12927,#12928);
#11530=AXIS2_PLACEMENT_3D('',#16535,#12930,#12931);
#11531=AXIS2_PLACEMENT_3D('',#16540,#12933,#12934);
#11532=AXIS2_PLACEMENT_3D('',#16543,#12936,#12937);
#11533=AXIS2_PLACEMENT_3D('',#16548,#12939,#12940);
#11534=AXIS2_PLACEMENT_3D('',#16551,#12942,#12943);
#11535=AXIS2_PLACEMENT_3D('',#16556,#12945,#12946);
#11536=AXIS2_PLACEMENT_3D('',#16559,#12948,#12949);
#11537=AXIS2_PLACEMENT_3D('',#16564,#12951,#12952);
#11538=AXIS2_PLACEMENT_3D('',#16567,#12954,#12955);
#11539=AXIS2_PLACEMENT_3D('',#16572,#12957,#12958);
#11540=AXIS2_PLACEMENT_3D('',#16575,#12960,#12961);
#11541=AXIS2_PLACEMENT_3D('',#16580,#12963,#12964);
#11542=AXIS2_PLACEMENT_3D('',#16583,#12966,#12967);
#11543=AXIS2_PLACEMENT_3D('',#16588,#12969,#12970);
#11544=AXIS2_PLACEMENT_3D('',#16591,#12972,#12973);
#11545=AXIS2_PLACEMENT_3D('',#16596,#12975,#12976);
#11546=AXIS2_PLACEMENT_3D('',#16599,#12978,#12979);
#11547=AXIS2_PLACEMENT_3D('',#16604,#12981,#12982);
#11548=AXIS2_PLACEMENT_3D('',#16607,#12984,#12985);
#11549=AXIS2_PLACEMENT_3D('',#16612,#12987,#12988);
#11550=AXIS2_PLACEMENT_3D('',#16615,#12990,#12991);
#11551=AXIS2_PLACEMENT_3D('',#16620,#12993,#12994);
#11552=AXIS2_PLACEMENT_3D('',#16623,#12996,#12997);
#11553=AXIS2_PLACEMENT_3D('',#16628,#12999,#13000);
#11554=AXIS2_PLACEMENT_3D('',#16631,#13002,#13003);
#11555=AXIS2_PLACEMENT_3D('',#16632,#13004,#13005);
#11556=AXIS2_PLACEMENT_3D('',#16636,#13008,#13009);
#11557=AXIS2_PLACEMENT_3D('',#16638,#13010,#13011);
#11558=AXIS2_PLACEMENT_3D('',#16640,#13013,#13014);
#11559=AXIS2_PLACEMENT_3D('',#16644,#13016,#13017);
#11560=AXIS2_PLACEMENT_3D('',#16646,#13019,#13020);
#11561=AXIS2_PLACEMENT_3D('',#16650,#13023,#13024);
#11562=AXIS2_PLACEMENT_3D('',#16652,#13025,#13026);
#11563=AXIS2_PLACEMENT_3D('',#16654,#13028,#13029);
#11564=AXIS2_PLACEMENT_3D('',#16658,#13031,#13032);
#11565=AXIS2_PLACEMENT_3D('',#16660,#13034,#13035);
#11566=AXIS2_PLACEMENT_3D('',#16664,#13038,#13039);
#11567=AXIS2_PLACEMENT_3D('',#16666,#13040,#13041);
#11568=AXIS2_PLACEMENT_3D('',#16668,#13043,#13044);
#11569=AXIS2_PLACEMENT_3D('',#16671,#13046,#13047);
#11570=AXIS2_PLACEMENT_3D('',#16672,#13048,#13049);
#11571=AXIS2_PLACEMENT_3D('',#16676,#13052,#13053);
#11572=AXIS2_PLACEMENT_3D('',#16685,#13058,#13059);
#11573=AXIS2_PLACEMENT_3D('',#16689,#13061,#13062);
#11574=AXIS2_PLACEMENT_3D('',#16690,#13063,#13064);
#11575=AXIS2_PLACEMENT_3D('',#16691,#13065,#13066);
#11576=AXIS2_PLACEMENT_3D('',#16697,#13070,#13071);
#11577=AXIS2_PLACEMENT_3D('',#16701,#13073,#13074);
#11578=AXIS2_PLACEMENT_3D('',#16702,#13075,#13076);
#11579=AXIS2_PLACEMENT_3D('',#16703,#13077,#13078);
#11580=AXIS2_PLACEMENT_3D('',#16709,#13082,#13083);
#11581=AXIS2_PLACEMENT_3D('',#16713,#13085,#13086);
#11582=AXIS2_PLACEMENT_3D('',#16714,#13087,#13088);
#11583=AXIS2_PLACEMENT_3D('',#16715,#13089,#13090);
#11584=AXIS2_PLACEMENT_3D('',#16721,#13094,#13095);
#11585=AXIS2_PLACEMENT_3D('',#16722,#13096,#13097);
#11586=AXIS2_PLACEMENT_3D('',#16723,#13098,#13099);
#11587=AXIS2_PLACEMENT_3D('',#16724,#13100,#13101);
#11588=AXIS2_PLACEMENT_3D('',#16728,#13103,#13104);
#11589=AXIS2_PLACEMENT_3D('',#16730,#13106,#13107);
#11590=AXIS2_PLACEMENT_3D('',#16734,#13110,#13111);
#11591=AXIS2_PLACEMENT_3D('',#16737,#13113,#13114);
#11592=AXIS2_PLACEMENT_3D('',#16738,#13115,#13116);
#11593=AXIS2_PLACEMENT_3D('',#16742,#13119,#13120);
#11594=AXIS2_PLACEMENT_3D('',#16745,#13121,#13122);
#11595=AXIS2_PLACEMENT_3D('',#16747,#13123,#13124);
#11596=AXIS2_PLACEMENT_3D('',#16749,#13125,#13126);
#11597=AXIS2_PLACEMENT_3D('',#16751,#13127,#13128);
#11598=AXIS2_PLACEMENT_3D('',#16753,#13129,#13130);
#11599=AXIS2_PLACEMENT_3D('',#16755,#13131,#13132);
#11600=AXIS2_PLACEMENT_3D('',#16757,#13133,#13134);
#11601=AXIS2_PLACEMENT_3D('',#16758,#13135,#13136);
#11602=AXIS2_PLACEMENT_3D('',#16761,#13137,#13138);
#11603=AXIS2_PLACEMENT_3D('',#16763,#13139,#13140);
#11604=AXIS2_PLACEMENT_3D('',#16765,#13141,#13142);
#11605=AXIS2_PLACEMENT_3D('',#16767,#13143,#13144);
#11606=AXIS2_PLACEMENT_3D('',#16769,#13145,#13146);
#11607=AXIS2_PLACEMENT_3D('',#16771,#13147,#13148);
#11608=AXIS2_PLACEMENT_3D('',#16773,#13149,#13150);
#11609=AXIS2_PLACEMENT_3D('',#16774,#13151,#13152);
#11610=AXIS2_PLACEMENT_3D('',#16778,#13154,#13155);
#11611=AXIS2_PLACEMENT_3D('',#16781,#13157,#13158);
#11612=AXIS2_PLACEMENT_3D('',#16786,#13161,#13162);
#11613=AXIS2_PLACEMENT_3D('',#16791,#13165,#13166);
#11614=AXIS2_PLACEMENT_3D('',#16795,#13168,#13169);
#11615=AXIS2_PLACEMENT_3D('',#16797,#13170,#13171);
#11616=AXIS2_PLACEMENT_3D('',#16799,#13172,#13173);
#11617=AXIS2_PLACEMENT_3D('',#16801,#13174,#13175);
#11618=AXIS2_PLACEMENT_3D('',#16803,#13176,#13177);
#11619=AXIS2_PLACEMENT_3D('',#16805,#13178,#13179);
#11620=AXIS2_PLACEMENT_3D('',#16807,#13180,#13181);
#11621=AXIS2_PLACEMENT_3D('',#16808,#13182,#13183);
#11622=AXIS2_PLACEMENT_3D('',#16811,#13184,#13185);
#11623=AXIS2_PLACEMENT_3D('',#16813,#13186,#13187);
#11624=AXIS2_PLACEMENT_3D('',#16815,#13188,#13189);
#11625=AXIS2_PLACEMENT_3D('',#16817,#13190,#13191);
#11626=AXIS2_PLACEMENT_3D('',#16819,#13192,#13193);
#11627=AXIS2_PLACEMENT_3D('',#16821,#13194,#13195);
#11628=AXIS2_PLACEMENT_3D('',#16823,#13196,#13197);
#11629=AXIS2_PLACEMENT_3D('',#16824,#13198,#13199);
#11630=AXIS2_PLACEMENT_3D('',#16825,#13200,#13201);
#11631=AXIS2_PLACEMENT_3D('',#16831,#13205,#13206);
#11632=AXIS2_PLACEMENT_3D('',#16835,#13208,#13209);
#11633=AXIS2_PLACEMENT_3D('',#16836,#13210,#13211);
#11634=AXIS2_PLACEMENT_3D('',#16837,#13212,#13213);
#11635=AXIS2_PLACEMENT_3D('',#16843,#13217,#13218);
#11636=AXIS2_PLACEMENT_3D('',#16847,#13220,#13221);
#11637=AXIS2_PLACEMENT_3D('',#16848,#13222,#13223);
#11638=AXIS2_PLACEMENT_3D('',#16849,#13224,#13225);
#11639=AXIS2_PLACEMENT_3D('',#16854,#13229,#13230);
#11640=AXIS2_PLACEMENT_3D('',#16857,#13232,#13233);
#11641=AXIS2_PLACEMENT_3D('',#16858,#13234,#13235);
#11642=AXIS2_PLACEMENT_3D('',#16862,#13238,#13239);
#11643=AXIS2_PLACEMENT_3D('',#16863,#13240,#13241);
#11644=AXIS2_PLACEMENT_3D('',#16864,#13242,#13243);
#11645=AXIS2_PLACEMENT_3D('',#16867,#13246,#13247);
#11646=AXIS2_PLACEMENT_3D('',#16869,#13249,#13250);
#11647=AXIS2_PLACEMENT_3D('',#16870,#13251,#13252);
#11648=AXIS2_PLACEMENT_3D('',#16875,#13254,#13255);
#11649=AXIS2_PLACEMENT_3D('',#16878,#13257,#13258);
#11650=AXIS2_PLACEMENT_3D('',#16881,#13259,#13260);
#11651=AXIS2_PLACEMENT_3D('',#16885,#13262,#13263);
#11652=AXIS2_PLACEMENT_3D('',#16889,#13265,#13266);
#11653=AXIS2_PLACEMENT_3D('',#16893,#13268,#13269);
#11654=AXIS2_PLACEMENT_3D('',#16897,#13271,#13272);
#11655=AXIS2_PLACEMENT_3D('',#16901,#13274,#13275);
#11656=AXIS2_PLACEMENT_3D('',#16905,#13277,#13278);
#11657=AXIS2_PLACEMENT_3D('',#16909,#13280,#13281);
#11658=AXIS2_PLACEMENT_3D('',#16913,#13283,#13284);
#11659=AXIS2_PLACEMENT_3D('',#16917,#13286,#13287);
#11660=AXIS2_PLACEMENT_3D('',#16921,#13289,#13290);
#11661=AXIS2_PLACEMENT_3D('',#16925,#13292,#13293);
#11662=AXIS2_PLACEMENT_3D('',#16929,#13295,#13296);
#11663=AXIS2_PLACEMENT_3D('',#16933,#13298,#13299);
#11664=AXIS2_PLACEMENT_3D('',#16937,#13301,#13302);
#11665=AXIS2_PLACEMENT_3D('',#16941,#13304,#13305);
#11666=AXIS2_PLACEMENT_3D('',#16945,#13307,#13308);
#11667=AXIS2_PLACEMENT_3D('',#16949,#13310,#13311);
#11668=AXIS2_PLACEMENT_3D('',#16953,#13313,#13314);
#11669=AXIS2_PLACEMENT_3D('',#16957,#13316,#13317);
#11670=AXIS2_PLACEMENT_3D('',#16961,#13319,#13320);
#11671=AXIS2_PLACEMENT_3D('',#16965,#13322,#13323);
#11672=AXIS2_PLACEMENT_3D('',#16969,#13325,#13326);
#11673=AXIS2_PLACEMENT_3D('',#16973,#13328,#13329);
#11674=AXIS2_PLACEMENT_3D('',#16977,#13331,#13332);
#11675=AXIS2_PLACEMENT_3D('',#16981,#13334,#13335);
#11676=AXIS2_PLACEMENT_3D('',#16985,#13337,#13338);
#11677=AXIS2_PLACEMENT_3D('',#16989,#13340,#13341);
#11678=AXIS2_PLACEMENT_3D('',#16993,#13343,#13344);
#11679=AXIS2_PLACEMENT_3D('',#16997,#13346,#13347);
#11680=AXIS2_PLACEMENT_3D('',#17001,#13349,#13350);
#11681=AXIS2_PLACEMENT_3D('',#17005,#13352,#13353);
#11682=AXIS2_PLACEMENT_3D('',#17009,#13355,#13356);
#11683=AXIS2_PLACEMENT_3D('',#17013,#13358,#13359);
#11684=AXIS2_PLACEMENT_3D('',#17017,#13361,#13362);
#11685=AXIS2_PLACEMENT_3D('',#17021,#13364,#13365);
#11686=AXIS2_PLACEMENT_3D('',#17025,#13367,#13368);
#11687=AXIS2_PLACEMENT_3D('',#17029,#13370,#13371);
#11688=AXIS2_PLACEMENT_3D('',#17033,#13373,#13374);
#11689=AXIS2_PLACEMENT_3D('',#17037,#13376,#13377);
#11690=AXIS2_PLACEMENT_3D('',#17041,#13379,#13380);
#11691=AXIS2_PLACEMENT_3D('',#17045,#13382,#13383);
#11692=AXIS2_PLACEMENT_3D('',#17049,#13385,#13386);
#11693=AXIS2_PLACEMENT_3D('',#17053,#13388,#13389);
#11694=AXIS2_PLACEMENT_3D('',#17057,#13391,#13392);
#11695=AXIS2_PLACEMENT_3D('',#17061,#13394,#13395);
#11696=AXIS2_PLACEMENT_3D('',#17065,#13397,#13398);
#11697=AXIS2_PLACEMENT_3D('',#17069,#13400,#13401);
#11698=AXIS2_PLACEMENT_3D('',#17073,#13403,#13404);
#11699=AXIS2_PLACEMENT_3D('',#17077,#13406,#13407);
#11700=AXIS2_PLACEMENT_3D('',#17083,#13410,#13411);
#11701=AXIS2_PLACEMENT_3D('',#17086,#13413,#13414);
#11702=AXIS2_PLACEMENT_3D('',#17091,#13416,#13417);
#11703=AXIS2_PLACEMENT_3D('',#17094,#13419,#13420);
#11704=AXIS2_PLACEMENT_3D('',#17099,#13422,#13423);
#11705=AXIS2_PLACEMENT_3D('',#17102,#13425,#13426);
#11706=AXIS2_PLACEMENT_3D('',#17107,#13428,#13429);
#11707=AXIS2_PLACEMENT_3D('',#17110,#13431,#13432);
#11708=AXIS2_PLACEMENT_3D('',#17115,#13434,#13435);
#11709=AXIS2_PLACEMENT_3D('',#17118,#13437,#13438);
#11710=AXIS2_PLACEMENT_3D('',#17123,#13440,#13441);
#11711=AXIS2_PLACEMENT_3D('',#17126,#13443,#13444);
#11712=AXIS2_PLACEMENT_3D('',#17131,#13446,#13447);
#11713=AXIS2_PLACEMENT_3D('',#17134,#13449,#13450);
#11714=AXIS2_PLACEMENT_3D('',#17139,#13452,#13453);
#11715=AXIS2_PLACEMENT_3D('',#17142,#13455,#13456);
#11716=AXIS2_PLACEMENT_3D('',#17147,#13458,#13459);
#11717=AXIS2_PLACEMENT_3D('',#17150,#13461,#13462);
#11718=AXIS2_PLACEMENT_3D('',#17155,#13464,#13465);
#11719=AXIS2_PLACEMENT_3D('',#17158,#13467,#13468);
#11720=AXIS2_PLACEMENT_3D('',#17163,#13470,#13471);
#11721=AXIS2_PLACEMENT_3D('',#17166,#13473,#13474);
#11722=AXIS2_PLACEMENT_3D('',#17171,#13476,#13477);
#11723=AXIS2_PLACEMENT_3D('',#17174,#13479,#13480);
#11724=AXIS2_PLACEMENT_3D('',#17179,#13482,#13483);
#11725=AXIS2_PLACEMENT_3D('',#17182,#13485,#13486);
#11726=AXIS2_PLACEMENT_3D('',#17187,#13488,#13489);
#11727=AXIS2_PLACEMENT_3D('',#17190,#13491,#13492);
#11728=AXIS2_PLACEMENT_3D('',#17195,#13494,#13495);
#11729=AXIS2_PLACEMENT_3D('',#17198,#13497,#13498);
#11730=AXIS2_PLACEMENT_3D('',#17199,#13499,#13500);
#11731=AXIS2_PLACEMENT_3D('',#17201,#13501,#13502);
#11732=AXIS2_PLACEMENT_3D('',#17202,#13503,#13504);
#11733=AXIS2_PLACEMENT_3D('',#17204,#13505,#13506);
#11734=AXIS2_PLACEMENT_3D('',#17205,#13507,#13508);
#11735=AXIS2_PLACEMENT_3D('',#17207,#13509,#13510);
#11736=AXIS2_PLACEMENT_3D('',#17208,#13511,#13512);
#11737=AXIS2_PLACEMENT_3D('',#17210,#13513,#13514);
#11738=AXIS2_PLACEMENT_3D('',#17211,#13515,#13516);
#11739=AXIS2_PLACEMENT_3D('',#17215,#13518,#13519);
#11740=AXIS2_PLACEMENT_3D('',#17217,#13521,#13522);
#11741=AXIS2_PLACEMENT_3D('',#17222,#13525,#13526);
#11742=AXIS2_PLACEMENT_3D('',#17223,#13527,#13528);
#11743=AXIS2_PLACEMENT_3D('',#17227,#13530,#13531);
#11744=AXIS2_PLACEMENT_3D('',#17229,#13533,#13534);
#11745=AXIS2_PLACEMENT_3D('',#17234,#13537,#13538);
#11746=AXIS2_PLACEMENT_3D('',#17235,#13539,#13540);
#11747=AXIS2_PLACEMENT_3D('',#17239,#13542,#13543);
#11748=AXIS2_PLACEMENT_3D('',#17241,#13545,#13546);
#11749=AXIS2_PLACEMENT_3D('',#17246,#13549,#13550);
#11750=AXIS2_PLACEMENT_3D('',#17247,#13551,#13552);
#11751=AXIS2_PLACEMENT_3D('',#17251,#13554,#13555);
#11752=AXIS2_PLACEMENT_3D('',#17253,#13557,#13558);
#11753=AXIS2_PLACEMENT_3D('',#17258,#13561,#13562);
#11754=AXIS2_PLACEMENT_3D('',#17259,#13563,#13564);
#11755=AXIS2_PLACEMENT_3D('',#17260,#13565,#13566);
#11756=AXIS2_PLACEMENT_3D('',#17261,#13567,#13568);
#11757=AXIS2_PLACEMENT_3D('',#17262,#13569,#13570);
#11758=AXIS2_PLACEMENT_3D('',#17263,#13571,#13572);
#11759=AXIS2_PLACEMENT_3D('',#17264,#13573,#13574);
#11760=AXIS2_PLACEMENT_3D('',#17265,#13575,#13576);
#11761=AXIS2_PLACEMENT_3D('',#17266,#13577,#13578);
#11762=AXIS2_PLACEMENT_3D('',#17267,#13579,#13580);
#11763=AXIS2_PLACEMENT_3D('',#17268,#13581,#13582);
#11764=AXIS2_PLACEMENT_3D('',#17269,#13583,#13584);
#11765=AXIS2_PLACEMENT_3D('',#17270,#13585,#13586);
#11766=AXIS2_PLACEMENT_3D('',#17271,#13587,#13588);
#11767=AXIS2_PLACEMENT_3D('',#17272,#13589,#13590);
#11768=AXIS2_PLACEMENT_3D('',#17273,#13591,#13592);
#11769=AXIS2_PLACEMENT_3D('',#17274,#13593,#13594);
#11770=AXIS2_PLACEMENT_3D('',#17275,#13595,#13596);
#11771=AXIS2_PLACEMENT_3D('',#17279,#13598,#13599);
#11772=AXIS2_PLACEMENT_3D('',#17290,#13601,#13602);
#11773=AXIS2_PLACEMENT_3D('',#17293,#13604,#13605);
#11774=AXIS2_PLACEMENT_3D('',#17294,#13606,#13607);
#11775=AXIS2_PLACEMENT_3D('',#17306,#13609,#13610);
#11776=AXIS2_PLACEMENT_3D('',#17307,#13611,#13612);
#11777=AXIS2_PLACEMENT_3D('',#17311,#13614,#13615);
#11778=AXIS2_PLACEMENT_3D('',#17322,#13617,#13618);
#11779=AXIS2_PLACEMENT_3D('',#17325,#13620,#13621);
#11780=AXIS2_PLACEMENT_3D('',#17326,#13622,#13623);
#11781=AXIS2_PLACEMENT_3D('',#17338,#13625,#13626);
#11782=AXIS2_PLACEMENT_3D('',#17339,#13627,#13628);
#11783=AXIS2_PLACEMENT_3D('',#17343,#13630,#13631);
#11784=AXIS2_PLACEMENT_3D('',#17354,#13632,#13633);
#11785=AXIS2_PLACEMENT_3D('',#17365,#13634,#13635);
#11786=AXIS2_PLACEMENT_3D('',#17375,#13636,#13637);
#11787=AXIS2_PLACEMENT_3D('',#17376,#13638,#13639);
#11788=AXIS2_PLACEMENT_3D('',#17377,#13640,#13641);
#11789=AXIS2_PLACEMENT_3D('',#17378,#13642,#13643);
#11790=AXIS2_PLACEMENT_3D('',#17380,#13644,#13645);
#11791=AXIS2_PLACEMENT_3D('',#17390,#13646,#13647);
#11792=AXIS2_PLACEMENT_3D('',#17391,#13648,#13649);
#11793=AXIS2_PLACEMENT_3D('',#17394,#13651,#13652);
#11794=AXIS2_PLACEMENT_3D('',#17396,#13654,#13655);
#11795=AXIS2_PLACEMENT_3D('',#17399,#13657,#13658);
#11796=AXIS2_PLACEMENT_3D('',#17400,#13659,#13660);
#11797=AXIS2_PLACEMENT_3D('',#17402,#13662,#13663);
#11798=AXIS2_PLACEMENT_3D('',#17403,#13664,#13665);
#11799=AXIS2_PLACEMENT_3D('',#17406,#13667,#13668);
#11800=AXIS2_PLACEMENT_3D('',#17408,#13670,#13671);
#11801=AXIS2_PLACEMENT_3D('',#17411,#13673,#13674);
#11802=AXIS2_PLACEMENT_3D('',#17412,#13675,#13676);
#11803=AXIS2_PLACEMENT_3D('',#17414,#13678,#13679);
#11804=AXIS2_PLACEMENT_3D('',#17415,#13680,#13681);
#11805=AXIS2_PLACEMENT_3D('',#17416,#13682,#13683);
#11806=AXIS2_PLACEMENT_3D('',#17417,#13684,#13685);
#11807=AXIS2_PLACEMENT_3D('',#17418,#13686,#13687);
#11808=AXIS2_PLACEMENT_3D('',#17419,#13688,#13689);
#11809=AXIS2_PLACEMENT_3D('',#17420,#13690,#13691);
#11810=AXIS2_PLACEMENT_3D('',#17421,#13692,#13693);
#11811=AXIS2_PLACEMENT_3D('',#17422,#13694,#13695);
#11812=AXIS2_PLACEMENT_3D('',#17423,#13696,#13697);
#11813=AXIS2_PLACEMENT_3D('',#17427,#13699,#13700);
#11814=AXIS2_PLACEMENT_3D('',#17429,#13702,#13703);
#11815=AXIS2_PLACEMENT_3D('',#17434,#13706,#13707);
#11816=AXIS2_PLACEMENT_3D('',#17435,#13708,#13709);
#11817=AXIS2_PLACEMENT_3D('',#17439,#13711,#13712);
#11818=AXIS2_PLACEMENT_3D('',#17441,#13714,#13715);
#11819=AXIS2_PLACEMENT_3D('',#17446,#13718,#13719);
#11820=AXIS2_PLACEMENT_3D('',#17447,#13720,#13721);
#11821=AXIS2_PLACEMENT_3D('',#17451,#13723,#13724);
#11822=AXIS2_PLACEMENT_3D('',#17453,#13726,#13727);
#11823=AXIS2_PLACEMENT_3D('',#17458,#13730,#13731);
#11824=AXIS2_PLACEMENT_3D('',#17459,#13732,#13733);
#11825=AXIS2_PLACEMENT_3D('',#17463,#13735,#13736);
#11826=AXIS2_PLACEMENT_3D('',#17465,#13738,#13739);
#11827=AXIS2_PLACEMENT_3D('',#17470,#13742,#13743);
#11828=AXIS2_PLACEMENT_3D('',#17471,#13744,#13745);
#11829=AXIS2_PLACEMENT_3D('',#17472,#13746,#13747);
#11830=AXIS2_PLACEMENT_3D('',#17473,#13748,#13749);
#11831=AXIS2_PLACEMENT_3D('',#17474,#13750,#13751);
#11832=AXIS2_PLACEMENT_3D('',#17475,#13752,#13753);
#11833=AXIS2_PLACEMENT_3D('',#17476,#13754,#13755);
#11834=AXIS2_PLACEMENT_3D('',#17477,#13756,#13757);
#11835=AXIS2_PLACEMENT_3D('',#17478,#13758,#13759);
#11836=AXIS2_PLACEMENT_3D('',#17479,#13760,#13761);
#11837=AXIS2_PLACEMENT_3D('',#17480,#13762,#13763);
#11838=AXIS2_PLACEMENT_3D('',#17481,#13764,#13765);
#11839=AXIS2_PLACEMENT_3D('',#17482,#13766,#13767);
#11840=AXIS2_PLACEMENT_3D('',#17483,#13768,#13769);
#11841=AXIS2_PLACEMENT_3D('',#17484,#13770,#13771);
#11842=AXIS2_PLACEMENT_3D('',#17485,#13772,#13773);
#11843=AXIS2_PLACEMENT_3D('',#17486,#13774,#13775);
#11844=AXIS2_PLACEMENT_3D('',#17487,#13776,#13777);
#11845=AXIS2_PLACEMENT_3D('',#17491,#13779,#13780);
#11846=AXIS2_PLACEMENT_3D('',#17502,#13782,#13783);
#11847=AXIS2_PLACEMENT_3D('',#17505,#13785,#13786);
#11848=AXIS2_PLACEMENT_3D('',#17506,#13787,#13788);
#11849=AXIS2_PLACEMENT_3D('',#17518,#13790,#13791);
#11850=AXIS2_PLACEMENT_3D('',#17519,#13792,#13793);
#11851=AXIS2_PLACEMENT_3D('',#17523,#13795,#13796);
#11852=AXIS2_PLACEMENT_3D('',#17534,#13798,#13799);
#11853=AXIS2_PLACEMENT_3D('',#17537,#13801,#13802);
#11854=AXIS2_PLACEMENT_3D('',#17538,#13803,#13804);
#11855=AXIS2_PLACEMENT_3D('',#17550,#13806,#13807);
#11856=AXIS2_PLACEMENT_3D('',#17551,#13808,#13809);
#11857=AXIS2_PLACEMENT_3D('',#17555,#13811,#13812);
#11858=AXIS2_PLACEMENT_3D('',#17566,#13813,#13814);
#11859=AXIS2_PLACEMENT_3D('',#17577,#13815,#13816);
#11860=AXIS2_PLACEMENT_3D('',#17587,#13817,#13818);
#11861=AXIS2_PLACEMENT_3D('',#17588,#13819,#13820);
#11862=AXIS2_PLACEMENT_3D('',#17589,#13821,#13822);
#11863=AXIS2_PLACEMENT_3D('',#17590,#13823,#13824);
#11864=AXIS2_PLACEMENT_3D('',#17592,#13825,#13826);
#11865=AXIS2_PLACEMENT_3D('',#17602,#13827,#13828);
#11866=AXIS2_PLACEMENT_3D('',#17603,#13829,#13830);
#11867=AXIS2_PLACEMENT_3D('',#17606,#13832,#13833);
#11868=AXIS2_PLACEMENT_3D('',#17608,#13835,#13836);
#11869=AXIS2_PLACEMENT_3D('',#17611,#13838,#13839);
#11870=AXIS2_PLACEMENT_3D('',#17612,#13840,#13841);
#11871=AXIS2_PLACEMENT_3D('',#17614,#13843,#13844);
#11872=AXIS2_PLACEMENT_3D('',#17615,#13845,#13846);
#11873=AXIS2_PLACEMENT_3D('',#17618,#13848,#13849);
#11874=AXIS2_PLACEMENT_3D('',#17620,#13851,#13852);
#11875=AXIS2_PLACEMENT_3D('',#17623,#13854,#13855);
#11876=AXIS2_PLACEMENT_3D('',#17624,#13856,#13857);
#11877=AXIS2_PLACEMENT_3D('',#17626,#13859,#13860);
#11878=AXIS2_PLACEMENT_3D('',#17627,#13861,#13862);
#11879=AXIS2_PLACEMENT_3D('',#17628,#13863,#13864);
#11880=AXIS2_PLACEMENT_3D('',#17629,#13865,#13866);
#11881=AXIS2_PLACEMENT_3D('',#17630,#13867,#13868);
#11882=AXIS2_PLACEMENT_3D('',#17631,#13869,#13870);
#11883=AXIS2_PLACEMENT_3D('',#17632,#13871,#13872);
#11884=AXIS2_PLACEMENT_3D('',#17633,#13873,#13874);
#11885=AXIS2_PLACEMENT_3D('',#17634,#13875,#13876);
#11886=AXIS2_PLACEMENT_3D('',#17635,#13877,#13878);
#11887=AXIS2_PLACEMENT_3D('',#17639,#13880,#13881);
#11888=AXIS2_PLACEMENT_3D('',#17641,#13883,#13884);
#11889=AXIS2_PLACEMENT_3D('',#17646,#13887,#13888);
#11890=AXIS2_PLACEMENT_3D('',#17647,#13889,#13890);
#11891=AXIS2_PLACEMENT_3D('',#17651,#13892,#13893);
#11892=AXIS2_PLACEMENT_3D('',#17653,#13895,#13896);
#11893=AXIS2_PLACEMENT_3D('',#17658,#13899,#13900);
#11894=AXIS2_PLACEMENT_3D('',#17659,#13901,#13902);
#11895=AXIS2_PLACEMENT_3D('',#17663,#13904,#13905);
#11896=AXIS2_PLACEMENT_3D('',#17665,#13907,#13908);
#11897=AXIS2_PLACEMENT_3D('',#17670,#13911,#13912);
#11898=AXIS2_PLACEMENT_3D('',#17671,#13913,#13914);
#11899=AXIS2_PLACEMENT_3D('',#17675,#13916,#13917);
#11900=AXIS2_PLACEMENT_3D('',#17677,#13919,#13920);
#11901=AXIS2_PLACEMENT_3D('',#17682,#13923,#13924);
#11902=AXIS2_PLACEMENT_3D('',#17683,#13925,#13926);
#11903=AXIS2_PLACEMENT_3D('',#17684,#13927,#13928);
#11904=AXIS2_PLACEMENT_3D('',#17685,#13929,#13930);
#11905=AXIS2_PLACEMENT_3D('',#17686,#13931,#13932);
#11906=AXIS2_PLACEMENT_3D('',#17687,#13933,#13934);
#11907=AXIS2_PLACEMENT_3D('',#17688,#13935,#13936);
#11908=AXIS2_PLACEMENT_3D('',#17689,#13937,#13938);
#11909=AXIS2_PLACEMENT_3D('',#17690,#13939,#13940);
#11910=AXIS2_PLACEMENT_3D('',#17691,#13941,#13942);
#11911=AXIS2_PLACEMENT_3D('',#17692,#13943,#13944);
#11912=AXIS2_PLACEMENT_3D('',#17693,#13945,#13946);
#11913=AXIS2_PLACEMENT_3D('',#17694,#13947,#13948);
#11914=AXIS2_PLACEMENT_3D('',#17695,#13949,#13950);
#11915=AXIS2_PLACEMENT_3D('',#17696,#13951,#13952);
#11916=AXIS2_PLACEMENT_3D('',#17697,#13953,#13954);
#11917=AXIS2_PLACEMENT_3D('',#17698,#13955,#13956);
#11918=AXIS2_PLACEMENT_3D('',#17699,#13957,#13958);
#11919=AXIS2_PLACEMENT_3D('',#17703,#13960,#13961);
#11920=AXIS2_PLACEMENT_3D('',#17714,#13963,#13964);
#11921=AXIS2_PLACEMENT_3D('',#17717,#13966,#13967);
#11922=AXIS2_PLACEMENT_3D('',#17718,#13968,#13969);
#11923=AXIS2_PLACEMENT_3D('',#17730,#13971,#13972);
#11924=AXIS2_PLACEMENT_3D('',#17731,#13973,#13974);
#11925=AXIS2_PLACEMENT_3D('',#17735,#13976,#13977);
#11926=AXIS2_PLACEMENT_3D('',#17746,#13979,#13980);
#11927=AXIS2_PLACEMENT_3D('',#17749,#13982,#13983);
#11928=AXIS2_PLACEMENT_3D('',#17750,#13984,#13985);
#11929=AXIS2_PLACEMENT_3D('',#17762,#13987,#13988);
#11930=AXIS2_PLACEMENT_3D('',#17763,#13989,#13990);
#11931=AXIS2_PLACEMENT_3D('',#17767,#13992,#13993);
#11932=AXIS2_PLACEMENT_3D('',#17778,#13994,#13995);
#11933=AXIS2_PLACEMENT_3D('',#17789,#13996,#13997);
#11934=AXIS2_PLACEMENT_3D('',#17799,#13998,#13999);
#11935=AXIS2_PLACEMENT_3D('',#17800,#14000,#14001);
#11936=AXIS2_PLACEMENT_3D('',#17801,#14002,#14003);
#11937=AXIS2_PLACEMENT_3D('',#17802,#14004,#14005);
#11938=AXIS2_PLACEMENT_3D('',#17804,#14006,#14007);
#11939=AXIS2_PLACEMENT_3D('',#17814,#14008,#14009);
#11940=AXIS2_PLACEMENT_3D('',#17815,#14010,#14011);
#11941=AXIS2_PLACEMENT_3D('',#17818,#14013,#14014);
#11942=AXIS2_PLACEMENT_3D('',#17820,#14016,#14017);
#11943=AXIS2_PLACEMENT_3D('',#17823,#14019,#14020);
#11944=AXIS2_PLACEMENT_3D('',#17824,#14021,#14022);
#11945=AXIS2_PLACEMENT_3D('',#17826,#14024,#14025);
#11946=AXIS2_PLACEMENT_3D('',#17827,#14026,#14027);
#11947=AXIS2_PLACEMENT_3D('',#17830,#14029,#14030);
#11948=AXIS2_PLACEMENT_3D('',#17832,#14032,#14033);
#11949=AXIS2_PLACEMENT_3D('',#17835,#14035,#14036);
#11950=AXIS2_PLACEMENT_3D('',#17836,#14037,#14038);
#11951=AXIS2_PLACEMENT_3D('',#17838,#14040,#14041);
#11952=AXIS2_PLACEMENT_3D('',#17839,#14042,#14043);
#11953=AXIS2_PLACEMENT_3D('',#17840,#14044,#14045);
#11954=AXIS2_PLACEMENT_3D('',#17841,#14046,#14047);
#11955=AXIS2_PLACEMENT_3D('',#17842,#14048,#14049);
#11956=AXIS2_PLACEMENT_3D('',#17843,#14050,#14051);
#11957=AXIS2_PLACEMENT_3D('',#17844,#14052,#14053);
#11958=AXIS2_PLACEMENT_3D('',#17845,#14054,#14055);
#11959=AXIS2_PLACEMENT_3D('',#17846,#14056,#14057);
#11960=AXIS2_PLACEMENT_3D('',#17847,#14058,#14059);
#11961=AXIS2_PLACEMENT_3D('',#17851,#14061,#14062);
#11962=AXIS2_PLACEMENT_3D('',#17853,#14064,#14065);
#11963=AXIS2_PLACEMENT_3D('',#17858,#14068,#14069);
#11964=AXIS2_PLACEMENT_3D('',#17859,#14070,#14071);
#11965=AXIS2_PLACEMENT_3D('',#17863,#14073,#14074);
#11966=AXIS2_PLACEMENT_3D('',#17865,#14076,#14077);
#11967=AXIS2_PLACEMENT_3D('',#17870,#14080,#14081);
#11968=AXIS2_PLACEMENT_3D('',#17871,#14082,#14083);
#11969=AXIS2_PLACEMENT_3D('',#17875,#14085,#14086);
#11970=AXIS2_PLACEMENT_3D('',#17877,#14088,#14089);
#11971=AXIS2_PLACEMENT_3D('',#17882,#14092,#14093);
#11972=AXIS2_PLACEMENT_3D('',#17883,#14094,#14095);
#11973=AXIS2_PLACEMENT_3D('',#17887,#14097,#14098);
#11974=AXIS2_PLACEMENT_3D('',#17889,#14100,#14101);
#11975=AXIS2_PLACEMENT_3D('',#17894,#14104,#14105);
#11976=AXIS2_PLACEMENT_3D('',#17895,#14106,#14107);
#11977=AXIS2_PLACEMENT_3D('',#17896,#14108,#14109);
#11978=AXIS2_PLACEMENT_3D('',#17897,#14110,#14111);
#11979=AXIS2_PLACEMENT_3D('',#17898,#14112,#14113);
#11980=AXIS2_PLACEMENT_3D('',#17899,#14114,#14115);
#11981=AXIS2_PLACEMENT_3D('',#17900,#14116,#14117);
#11982=AXIS2_PLACEMENT_3D('',#17901,#14118,#14119);
#11983=AXIS2_PLACEMENT_3D('',#17902,#14120,#14121);
#11984=AXIS2_PLACEMENT_3D('',#17903,#14122,#14123);
#11985=AXIS2_PLACEMENT_3D('',#17904,#14124,#14125);
#11986=AXIS2_PLACEMENT_3D('',#17905,#14126,#14127);
#11987=AXIS2_PLACEMENT_3D('',#17906,#14128,#14129);
#11988=AXIS2_PLACEMENT_3D('',#17907,#14130,#14131);
#11989=AXIS2_PLACEMENT_3D('',#17908,#14132,#14133);
#11990=AXIS2_PLACEMENT_3D('',#17909,#14134,#14135);
#11991=AXIS2_PLACEMENT_3D('',#17910,#14136,#14137);
#11992=AXIS2_PLACEMENT_3D('',#17911,#14138,#14139);
#11993=AXIS2_PLACEMENT_3D('',#17915,#14141,#14142);
#11994=AXIS2_PLACEMENT_3D('',#17926,#14144,#14145);
#11995=AXIS2_PLACEMENT_3D('',#17929,#14147,#14148);
#11996=AXIS2_PLACEMENT_3D('',#17930,#14149,#14150);
#11997=AXIS2_PLACEMENT_3D('',#17942,#14152,#14153);
#11998=AXIS2_PLACEMENT_3D('',#17943,#14154,#14155);
#11999=AXIS2_PLACEMENT_3D('',#17946,#14157,#14158);
#12000=AXIS2_PLACEMENT_3D('',#17947,#14159,#14160);
#12001=AXIS2_PLACEMENT_3D('',#17951,#14162,#14163);
#12002=AXIS2_PLACEMENT_3D('',#17960,#14164,#14165);
#12003=AXIS2_PLACEMENT_3D('',#17963,#14167,#14168);
#12004=AXIS2_PLACEMENT_3D('',#17964,#14169,#14170);
#12005=AXIS2_PLACEMENT_3D('',#17976,#14172,#14173);
#12006=AXIS2_PLACEMENT_3D('',#17977,#14174,#14175);
#12007=AXIS2_PLACEMENT_3D('',#17980,#14177,#14178);
#12008=AXIS2_PLACEMENT_3D('',#17981,#14179,#14180);
#12009=AXIS2_PLACEMENT_3D('',#17985,#14182,#14183);
#12010=AXIS2_PLACEMENT_3D('',#17996,#14184,#14185);
#12011=AXIS2_PLACEMENT_3D('',#18007,#14186,#14187);
#12012=AXIS2_PLACEMENT_3D('',#18017,#14188,#14189);
#12013=AXIS2_PLACEMENT_3D('',#18018,#14190,#14191);
#12014=AXIS2_PLACEMENT_3D('',#18019,#14192,#14193);
#12015=AXIS2_PLACEMENT_3D('',#18029,#14194,#14195);
#12016=AXIS2_PLACEMENT_3D('',#18030,#14196,#14197);
#12017=AXIS2_PLACEMENT_3D('',#18033,#14199,#14200);
#12018=AXIS2_PLACEMENT_3D('',#18034,#14201,#14202);
#12019=AXIS2_PLACEMENT_3D('',#18037,#14204,#14205);
#12020=AXIS2_PLACEMENT_3D('',#18038,#14206,#14207);
#12021=AXIS2_PLACEMENT_3D('',#18040,#14209,#14210);
#12022=AXIS2_PLACEMENT_3D('',#18041,#14211,#14212);
#12023=AXIS2_PLACEMENT_3D('',#18043,#14214,#14215);
#12024=AXIS2_PLACEMENT_3D('',#18046,#14217,#14218);
#12025=AXIS2_PLACEMENT_3D('',#18047,#14219,#14220);
#12026=AXIS2_PLACEMENT_3D('',#18050,#14222,#14223);
#12027=AXIS2_PLACEMENT_3D('',#18051,#14224,#14225);
#12028=AXIS2_PLACEMENT_3D('',#18053,#14227,#14228);
#12029=AXIS2_PLACEMENT_3D('',#18054,#14229,#14230);
#12030=AXIS2_PLACEMENT_3D('',#18055,#14231,#14232);
#12031=AXIS2_PLACEMENT_3D('',#18056,#14233,#14234);
#12032=AXIS2_PLACEMENT_3D('',#18057,#14235,#14236);
#12033=AXIS2_PLACEMENT_3D('',#18058,#14237,#14238);
#12034=AXIS2_PLACEMENT_3D('',#18059,#14239,#14240);
#12035=AXIS2_PLACEMENT_3D('',#18061,#14242,#14243);
#12036=AXIS2_PLACEMENT_3D('',#18063,#14245,#14246);
#12037=AXIS2_PLACEMENT_3D('',#18064,#14247,#14248);
#12038=AXIS2_PLACEMENT_3D('',#18066,#14250,#14251);
#12039=AXIS2_PLACEMENT_3D('',#18067,#14252,#14253);
#12040=AXIS2_PLACEMENT_3D('',#18069,#14255,#14256);
#12041=AXIS2_PLACEMENT_3D('',#18071,#14258,#14259);
#12042=AXIS2_PLACEMENT_3D('',#18072,#14260,#14261);
#12043=AXIS2_PLACEMENT_3D('',#18073,#14262,#14263);
#12044=AXIS2_PLACEMENT_3D('',#18075,#14265,#14266);
#12045=AXIS2_PLACEMENT_3D('',#18077,#14268,#14269);
#12046=AXIS2_PLACEMENT_3D('',#18078,#14270,#14271);
#12047=AXIS2_PLACEMENT_3D('',#18084,#14275,#14276);
#12048=AXIS2_PLACEMENT_3D('',#18087,#14278,#14279);
#12049=AXIS2_PLACEMENT_3D('',#18088,#14280,#14281);
#12050=AXIS2_PLACEMENT_3D('',#18092,#14284,#14285);
#12051=AXIS2_PLACEMENT_3D('',#18093,#14286,#14287);
#12052=AXIS2_PLACEMENT_3D('',#18094,#14288,#14289);
#12053=AXIS2_PLACEMENT_3D('',#18098,#14291,#14292);
#12054=AXIS2_PLACEMENT_3D('',#18100,#14294,#14295);
#12055=AXIS2_PLACEMENT_3D('',#18104,#14298,#14299);
#12056=AXIS2_PLACEMENT_3D('',#18109,#14303,#14304);
#12057=AXIS2_PLACEMENT_3D('',#18111,#14306,#14307);
#12058=AXIS2_PLACEMENT_3D('',#18113,#14309,#14310);
#12059=AXIS2_PLACEMENT_3D('',#18114,#14311,#14312);
#12060=AXIS2_PLACEMENT_3D('',#18115,#14313,#14314);
#12061=AXIS2_PLACEMENT_3D('',#18117,#14316,#14317);
#12062=AXIS2_PLACEMENT_3D('',#18118,#14318,#14319);
#12063=AXIS2_PLACEMENT_3D('',#18124,#14323,#14324);
#12064=AXIS2_PLACEMENT_3D('',#18127,#14326,#14327);
#12065=AXIS2_PLACEMENT_3D('',#18128,#14328,#14329);
#12066=AXIS2_PLACEMENT_3D('',#18132,#14332,#14333);
#12067=AXIS2_PLACEMENT_3D('',#18133,#14334,#14335);
#12068=AXIS2_PLACEMENT_3D('',#18134,#14336,#14337);
#12069=AXIS2_PLACEMENT_3D('',#18138,#14339,#14340);
#12070=AXIS2_PLACEMENT_3D('',#18140,#14342,#14343);
#12071=AXIS2_PLACEMENT_3D('',#18144,#14346,#14347);
#12072=AXIS2_PLACEMENT_3D('',#18147,#14350,#14351);
#12073=AXIS2_PLACEMENT_3D('',#18149,#14353,#14354);
#12074=AXIS2_PLACEMENT_3D('',#18152,#14356,#14357);
#12075=AXIS2_PLACEMENT_3D('',#18153,#14358,#14359);
#12076=AXIS2_PLACEMENT_3D('',#18155,#14361,#14362);
#12077=AXIS2_PLACEMENT_3D('',#18157,#14364,#14365);
#12078=AXIS2_PLACEMENT_3D('',#18158,#14366,#14367);
#12079=AXIS2_PLACEMENT_3D('',#18164,#14371,#14372);
#12080=AXIS2_PLACEMENT_3D('',#18167,#14374,#14375);
#12081=AXIS2_PLACEMENT_3D('',#18168,#14376,#14377);
#12082=AXIS2_PLACEMENT_3D('',#18172,#14380,#14381);
#12083=AXIS2_PLACEMENT_3D('',#18173,#14382,#14383);
#12084=AXIS2_PLACEMENT_3D('',#18174,#14384,#14385);
#12085=AXIS2_PLACEMENT_3D('',#18178,#14387,#14388);
#12086=AXIS2_PLACEMENT_3D('',#18180,#14390,#14391);
#12087=AXIS2_PLACEMENT_3D('',#18184,#14394,#14395);
#12088=AXIS2_PLACEMENT_3D('',#18187,#14398,#14399);
#12089=AXIS2_PLACEMENT_3D('',#18189,#14401,#14402);
#12090=AXIS2_PLACEMENT_3D('',#18192,#14404,#14405);
#12091=AXIS2_PLACEMENT_3D('',#18193,#14406,#14407);
#12092=AXIS2_PLACEMENT_3D('',#18195,#14409,#14410);
#12093=AXIS2_PLACEMENT_3D('',#18197,#14412,#14413);
#12094=AXIS2_PLACEMENT_3D('',#18198,#14414,#14415);
#12095=AXIS2_PLACEMENT_3D('',#18204,#14419,#14420);
#12096=AXIS2_PLACEMENT_3D('',#18207,#14422,#14423);
#12097=AXIS2_PLACEMENT_3D('',#18208,#14424,#14425);
#12098=AXIS2_PLACEMENT_3D('',#18212,#14428,#14429);
#12099=AXIS2_PLACEMENT_3D('',#18213,#14430,#14431);
#12100=AXIS2_PLACEMENT_3D('',#18214,#14432,#14433);
#12101=AXIS2_PLACEMENT_3D('',#18218,#14435,#14436);
#12102=AXIS2_PLACEMENT_3D('',#18220,#14438,#14439);
#12103=AXIS2_PLACEMENT_3D('',#18224,#14442,#14443);
#12104=AXIS2_PLACEMENT_3D('',#18227,#14446,#14447);
#12105=AXIS2_PLACEMENT_3D('',#18229,#14449,#14450);
#12106=AXIS2_PLACEMENT_3D('',#18232,#14452,#14453);
#12107=AXIS2_PLACEMENT_3D('',#18233,#14454,#14455);
#12108=AXIS2_PLACEMENT_3D('',#18235,#14457,#14458);
#12109=AXIS2_PLACEMENT_3D('',#18237,#14460,#14461);
#12110=AXIS2_PLACEMENT_3D('',#18238,#14462,#14463);
#12111=AXIS2_PLACEMENT_3D('',#18244,#14467,#14468);
#12112=AXIS2_PLACEMENT_3D('',#18247,#14470,#14471);
#12113=AXIS2_PLACEMENT_3D('',#18248,#14472,#14473);
#12114=AXIS2_PLACEMENT_3D('',#18252,#14476,#14477);
#12115=AXIS2_PLACEMENT_3D('',#18253,#14478,#14479);
#12116=AXIS2_PLACEMENT_3D('',#18254,#14480,#14481);
#12117=AXIS2_PLACEMENT_3D('',#18258,#14483,#14484);
#12118=AXIS2_PLACEMENT_3D('',#18260,#14486,#14487);
#12119=AXIS2_PLACEMENT_3D('',#18264,#14490,#14491);
#12120=AXIS2_PLACEMENT_3D('',#18267,#14494,#14495);
#12121=AXIS2_PLACEMENT_3D('',#18269,#14497,#14498);
#12122=AXIS2_PLACEMENT_3D('',#18272,#14500,#14501);
#12123=AXIS2_PLACEMENT_3D('',#18273,#14502,#14503);
#12124=AXIS2_PLACEMENT_3D('',#18275,#14505,#14506);
#12125=AXIS2_PLACEMENT_3D('',#18277,#14508,#14509);
#12126=AXIS2_PLACEMENT_3D('',#18278,#14510,#14511);
#12127=AXIS2_PLACEMENT_3D('',#18284,#14515,#14516);
#12128=AXIS2_PLACEMENT_3D('',#18287,#14518,#14519);
#12129=AXIS2_PLACEMENT_3D('',#18288,#14520,#14521);
#12130=AXIS2_PLACEMENT_3D('',#18292,#14524,#14525);
#12131=AXIS2_PLACEMENT_3D('',#18293,#14526,#14527);
#12132=AXIS2_PLACEMENT_3D('',#18294,#14528,#14529);
#12133=AXIS2_PLACEMENT_3D('',#18298,#14531,#14532);
#12134=AXIS2_PLACEMENT_3D('',#18300,#14534,#14535);
#12135=AXIS2_PLACEMENT_3D('',#18304,#14538,#14539);
#12136=AXIS2_PLACEMENT_3D('',#18307,#14542,#14543);
#12137=AXIS2_PLACEMENT_3D('',#18309,#14545,#14546);
#12138=AXIS2_PLACEMENT_3D('',#18312,#14548,#14549);
#12139=AXIS2_PLACEMENT_3D('',#18313,#14550,#14551);
#12140=AXIS2_PLACEMENT_3D('',#18315,#14553,#14554);
#12141=AXIS2_PLACEMENT_3D('',#18317,#14556,#14557);
#12142=AXIS2_PLACEMENT_3D('',#18318,#14558,#14559);
#12143=AXIS2_PLACEMENT_3D('',#18324,#14563,#14564);
#12144=AXIS2_PLACEMENT_3D('',#18327,#14566,#14567);
#12145=AXIS2_PLACEMENT_3D('',#18328,#14568,#14569);
#12146=AXIS2_PLACEMENT_3D('',#18332,#14572,#14573);
#12147=AXIS2_PLACEMENT_3D('',#18333,#14574,#14575);
#12148=AXIS2_PLACEMENT_3D('',#18334,#14576,#14577);
#12149=AXIS2_PLACEMENT_3D('',#18338,#14579,#14580);
#12150=AXIS2_PLACEMENT_3D('',#18340,#14582,#14583);
#12151=AXIS2_PLACEMENT_3D('',#18344,#14586,#14587);
#12152=AXIS2_PLACEMENT_3D('',#18347,#14590,#14591);
#12153=AXIS2_PLACEMENT_3D('',#18349,#14593,#14594);
#12154=AXIS2_PLACEMENT_3D('',#18352,#14596,#14597);
#12155=AXIS2_PLACEMENT_3D('',#18353,#14598,#14599);
#12156=AXIS2_PLACEMENT_3D('',#18355,#14601,#14602);
#12157=AXIS2_PLACEMENT_3D('',#18357,#14604,#14605);
#12158=AXIS2_PLACEMENT_3D('',#18358,#14606,#14607);
#12159=AXIS2_PLACEMENT_3D('',#18364,#14611,#14612);
#12160=AXIS2_PLACEMENT_3D('',#18367,#14614,#14615);
#12161=AXIS2_PLACEMENT_3D('',#18368,#14616,#14617);
#12162=AXIS2_PLACEMENT_3D('',#18372,#14620,#14621);
#12163=AXIS2_PLACEMENT_3D('',#18373,#14622,#14623);
#12164=AXIS2_PLACEMENT_3D('',#18374,#14624,#14625);
#12165=AXIS2_PLACEMENT_3D('',#18378,#14627,#14628);
#12166=AXIS2_PLACEMENT_3D('',#18380,#14630,#14631);
#12167=AXIS2_PLACEMENT_3D('',#18384,#14634,#14635);
#12168=AXIS2_PLACEMENT_3D('',#18387,#14638,#14639);
#12169=AXIS2_PLACEMENT_3D('',#18389,#14641,#14642);
#12170=AXIS2_PLACEMENT_3D('',#18392,#14644,#14645);
#12171=AXIS2_PLACEMENT_3D('',#18393,#14646,#14647);
#12172=AXIS2_PLACEMENT_3D('',#18395,#14649,#14650);
#12173=AXIS2_PLACEMENT_3D('',#18397,#14652,#14653);
#12174=AXIS2_PLACEMENT_3D('',#18398,#14654,#14655);
#12175=AXIS2_PLACEMENT_3D('',#18404,#14659,#14660);
#12176=AXIS2_PLACEMENT_3D('',#18407,#14662,#14663);
#12177=AXIS2_PLACEMENT_3D('',#18408,#14664,#14665);
#12178=AXIS2_PLACEMENT_3D('',#18412,#14668,#14669);
#12179=AXIS2_PLACEMENT_3D('',#18413,#14670,#14671);
#12180=AXIS2_PLACEMENT_3D('',#18414,#14672,#14673);
#12181=AXIS2_PLACEMENT_3D('',#18418,#14675,#14676);
#12182=AXIS2_PLACEMENT_3D('',#18420,#14678,#14679);
#12183=AXIS2_PLACEMENT_3D('',#18424,#14682,#14683);
#12184=AXIS2_PLACEMENT_3D('',#18427,#14686,#14687);
#12185=AXIS2_PLACEMENT_3D('',#18429,#14689,#14690);
#12186=AXIS2_PLACEMENT_3D('',#18432,#14692,#14693);
#12187=AXIS2_PLACEMENT_3D('',#18433,#14694,#14695);
#12188=AXIS2_PLACEMENT_3D('',#18435,#14697,#14698);
#12189=AXIS2_PLACEMENT_3D('',#18437,#14700,#14701);
#12190=AXIS2_PLACEMENT_3D('',#18438,#14702,#14703);
#12191=AXIS2_PLACEMENT_3D('',#18444,#14707,#14708);
#12192=AXIS2_PLACEMENT_3D('',#18447,#14710,#14711);
#12193=AXIS2_PLACEMENT_3D('',#18448,#14712,#14713);
#12194=AXIS2_PLACEMENT_3D('',#18452,#14716,#14717);
#12195=AXIS2_PLACEMENT_3D('',#18453,#14718,#14719);
#12196=AXIS2_PLACEMENT_3D('',#18454,#14720,#14721);
#12197=AXIS2_PLACEMENT_3D('',#18458,#14723,#14724);
#12198=AXIS2_PLACEMENT_3D('',#18460,#14726,#14727);
#12199=AXIS2_PLACEMENT_3D('',#18464,#14730,#14731);
#12200=AXIS2_PLACEMENT_3D('',#18467,#14734,#14735);
#12201=AXIS2_PLACEMENT_3D('',#18469,#14737,#14738);
#12202=AXIS2_PLACEMENT_3D('',#18472,#14740,#14741);
#12203=AXIS2_PLACEMENT_3D('',#18473,#14742,#14743);
#12204=AXIS2_PLACEMENT_3D('',#18475,#14745,#14746);
#12205=AXIS2_PLACEMENT_3D('',#18477,#14748,#14749);
#12206=AXIS2_PLACEMENT_3D('',#18478,#14750,#14751);
#12207=AXIS2_PLACEMENT_3D('',#18484,#14755,#14756);
#12208=AXIS2_PLACEMENT_3D('',#18487,#14758,#14759);
#12209=AXIS2_PLACEMENT_3D('',#18488,#14760,#14761);
#12210=AXIS2_PLACEMENT_3D('',#18492,#14764,#14765);
#12211=AXIS2_PLACEMENT_3D('',#18493,#14766,#14767);
#12212=AXIS2_PLACEMENT_3D('',#18494,#14768,#14769);
#12213=AXIS2_PLACEMENT_3D('',#18498,#14771,#14772);
#12214=AXIS2_PLACEMENT_3D('',#18500,#14774,#14775);
#12215=AXIS2_PLACEMENT_3D('',#18504,#14778,#14779);
#12216=AXIS2_PLACEMENT_3D('',#18507,#14782,#14783);
#12217=AXIS2_PLACEMENT_3D('',#18509,#14785,#14786);
#12218=AXIS2_PLACEMENT_3D('',#18512,#14788,#14789);
#12219=AXIS2_PLACEMENT_3D('',#18513,#14790,#14791);
#12220=AXIS2_PLACEMENT_3D('',#18515,#14793,#14794);
#12221=AXIS2_PLACEMENT_3D('',#18517,#14796,#14797);
#12222=AXIS2_PLACEMENT_3D('',#18518,#14798,#14799);
#12223=AXIS2_PLACEMENT_3D('',#18524,#14803,#14804);
#12224=AXIS2_PLACEMENT_3D('',#18527,#14806,#14807);
#12225=AXIS2_PLACEMENT_3D('',#18528,#14808,#14809);
#12226=AXIS2_PLACEMENT_3D('',#18532,#14812,#14813);
#12227=AXIS2_PLACEMENT_3D('',#18533,#14814,#14815);
#12228=AXIS2_PLACEMENT_3D('',#18534,#14816,#14817);
#12229=AXIS2_PLACEMENT_3D('',#18538,#14819,#14820);
#12230=AXIS2_PLACEMENT_3D('',#18540,#14822,#14823);
#12231=AXIS2_PLACEMENT_3D('',#18544,#14826,#14827);
#12232=AXIS2_PLACEMENT_3D('',#18547,#14830,#14831);
#12233=AXIS2_PLACEMENT_3D('',#18549,#14833,#14834);
#12234=AXIS2_PLACEMENT_3D('',#18552,#14836,#14837);
#12235=AXIS2_PLACEMENT_3D('',#18553,#14838,#14839);
#12236=AXIS2_PLACEMENT_3D('',#18555,#14841,#14842);
#12237=AXIS2_PLACEMENT_3D('',#18557,#14844,#14845);
#12238=AXIS2_PLACEMENT_3D('',#18558,#14846,#14847);
#12239=AXIS2_PLACEMENT_3D('',#18564,#14851,#14852);
#12240=AXIS2_PLACEMENT_3D('',#18567,#14854,#14855);
#12241=AXIS2_PLACEMENT_3D('',#18568,#14856,#14857);
#12242=AXIS2_PLACEMENT_3D('',#18572,#14860,#14861);
#12243=AXIS2_PLACEMENT_3D('',#18573,#14862,#14863);
#12244=AXIS2_PLACEMENT_3D('',#18574,#14864,#14865);
#12245=AXIS2_PLACEMENT_3D('',#18578,#14867,#14868);
#12246=AXIS2_PLACEMENT_3D('',#18580,#14870,#14871);
#12247=AXIS2_PLACEMENT_3D('',#18584,#14874,#14875);
#12248=AXIS2_PLACEMENT_3D('',#18587,#14878,#14879);
#12249=AXIS2_PLACEMENT_3D('',#18589,#14881,#14882);
#12250=AXIS2_PLACEMENT_3D('',#18592,#14884,#14885);
#12251=AXIS2_PLACEMENT_3D('',#18593,#14886,#14887);
#12252=AXIS2_PLACEMENT_3D('',#18595,#14889,#14890);
#12253=AXIS2_PLACEMENT_3D('',#18597,#14892,#14893);
#12254=AXIS2_PLACEMENT_3D('',#18598,#14894,#14895);
#12255=AXIS2_PLACEMENT_3D('',#18604,#14899,#14900);
#12256=AXIS2_PLACEMENT_3D('',#18607,#14902,#14903);
#12257=AXIS2_PLACEMENT_3D('',#18608,#14904,#14905);
#12258=AXIS2_PLACEMENT_3D('',#18612,#14908,#14909);
#12259=AXIS2_PLACEMENT_3D('',#18613,#14910,#14911);
#12260=AXIS2_PLACEMENT_3D('',#18614,#14912,#14913);
#12261=AXIS2_PLACEMENT_3D('',#18618,#14915,#14916);
#12262=AXIS2_PLACEMENT_3D('',#18620,#14918,#14919);
#12263=AXIS2_PLACEMENT_3D('',#18624,#14922,#14923);
#12264=AXIS2_PLACEMENT_3D('',#18627,#14926,#14927);
#12265=AXIS2_PLACEMENT_3D('',#18629,#14929,#14930);
#12266=AXIS2_PLACEMENT_3D('',#18632,#14932,#14933);
#12267=AXIS2_PLACEMENT_3D('',#18633,#14934,#14935);
#12268=AXIS2_PLACEMENT_3D('',#18635,#14937,#14938);
#12269=AXIS2_PLACEMENT_3D('',#18637,#14940,#14941);
#12270=AXIS2_PLACEMENT_3D('',#18638,#14942,#14943);
#12271=AXIS2_PLACEMENT_3D('',#18644,#14947,#14948);
#12272=AXIS2_PLACEMENT_3D('',#18647,#14950,#14951);
#12273=AXIS2_PLACEMENT_3D('',#18648,#14952,#14953);
#12274=AXIS2_PLACEMENT_3D('',#18652,#14956,#14957);
#12275=AXIS2_PLACEMENT_3D('',#18653,#14958,#14959);
#12276=AXIS2_PLACEMENT_3D('',#18654,#14960,#14961);
#12277=AXIS2_PLACEMENT_3D('',#18658,#14963,#14964);
#12278=AXIS2_PLACEMENT_3D('',#18660,#14966,#14967);
#12279=AXIS2_PLACEMENT_3D('',#18664,#14970,#14971);
#12280=AXIS2_PLACEMENT_3D('',#18667,#14974,#14975);
#12281=AXIS2_PLACEMENT_3D('',#18669,#14977,#14978);
#12282=AXIS2_PLACEMENT_3D('',#18672,#14980,#14981);
#12283=AXIS2_PLACEMENT_3D('',#18673,#14982,#14983);
#12284=AXIS2_PLACEMENT_3D('',#18675,#14985,#14986);
#12285=AXIS2_PLACEMENT_3D('',#18677,#14988,#14989);
#12286=AXIS2_PLACEMENT_3D('',#18678,#14990,#14991);
#12287=AXIS2_PLACEMENT_3D('',#18684,#14995,#14996);
#12288=AXIS2_PLACEMENT_3D('',#18687,#14998,#14999);
#12289=AXIS2_PLACEMENT_3D('',#18688,#15000,#15001);
#12290=AXIS2_PLACEMENT_3D('',#18692,#15004,#15005);
#12291=AXIS2_PLACEMENT_3D('',#18693,#15006,#15007);
#12292=AXIS2_PLACEMENT_3D('',#18694,#15008,#15009);
#12293=AXIS2_PLACEMENT_3D('',#18698,#15011,#15012);
#12294=AXIS2_PLACEMENT_3D('',#18700,#15014,#15015);
#12295=AXIS2_PLACEMENT_3D('',#18704,#15018,#15019);
#12296=AXIS2_PLACEMENT_3D('',#18707,#15022,#15023);
#12297=AXIS2_PLACEMENT_3D('',#18709,#15025,#15026);
#12298=AXIS2_PLACEMENT_3D('',#18712,#15028,#15029);
#12299=AXIS2_PLACEMENT_3D('',#18713,#15030,#15031);
#12300=AXIS2_PLACEMENT_3D('',#18715,#15033,#15034);
#12301=AXIS2_PLACEMENT_3D('',#18717,#15036,#15037);
#12302=AXIS2_PLACEMENT_3D('',#18718,#15038,#15039);
#12303=AXIS2_PLACEMENT_3D('',#18724,#15043,#15044);
#12304=AXIS2_PLACEMENT_3D('',#18727,#15046,#15047);
#12305=AXIS2_PLACEMENT_3D('',#18728,#15048,#15049);
#12306=AXIS2_PLACEMENT_3D('',#18732,#15052,#15053);
#12307=AXIS2_PLACEMENT_3D('',#18733,#15054,#15055);
#12308=AXIS2_PLACEMENT_3D('',#18734,#15056,#15057);
#12309=AXIS2_PLACEMENT_3D('',#18738,#15059,#15060);
#12310=AXIS2_PLACEMENT_3D('',#18740,#15062,#15063);
#12311=AXIS2_PLACEMENT_3D('',#18744,#15066,#15067);
#12312=AXIS2_PLACEMENT_3D('',#18747,#15070,#15071);
#12313=AXIS2_PLACEMENT_3D('',#18749,#15073,#15074);
#12314=AXIS2_PLACEMENT_3D('',#18752,#15076,#15077);
#12315=AXIS2_PLACEMENT_3D('',#18753,#15078,#15079);
#12316=AXIS2_PLACEMENT_3D('',#18755,#15081,#15082);
#12317=AXIS2_PLACEMENT_3D('',#18757,#15084,#15085);
#12318=AXIS2_PLACEMENT_3D('',#18758,#15086,#15087);
#12319=AXIS2_PLACEMENT_3D('',#18764,#15091,#15092);
#12320=AXIS2_PLACEMENT_3D('',#18767,#15094,#15095);
#12321=AXIS2_PLACEMENT_3D('',#18768,#15096,#15097);
#12322=AXIS2_PLACEMENT_3D('',#18772,#15100,#15101);
#12323=AXIS2_PLACEMENT_3D('',#18773,#15102,#15103);
#12324=AXIS2_PLACEMENT_3D('',#18774,#15104,#15105);
#12325=AXIS2_PLACEMENT_3D('',#18778,#15107,#15108);
#12326=AXIS2_PLACEMENT_3D('',#18780,#15110,#15111);
#12327=AXIS2_PLACEMENT_3D('',#18784,#15114,#15115);
#12328=AXIS2_PLACEMENT_3D('',#18787,#15118,#15119);
#12329=AXIS2_PLACEMENT_3D('',#18789,#15121,#15122);
#12330=AXIS2_PLACEMENT_3D('',#18792,#15124,#15125);
#12331=AXIS2_PLACEMENT_3D('',#18793,#15126,#15127);
#12332=AXIS2_PLACEMENT_3D('',#18795,#15129,#15130);
#12333=AXIS2_PLACEMENT_3D('',#18797,#15132,#15133);
#12334=AXIS2_PLACEMENT_3D('',#18798,#15134,#15135);
#12335=AXIS2_PLACEMENT_3D('',#18804,#15139,#15140);
#12336=AXIS2_PLACEMENT_3D('',#18807,#15142,#15143);
#12337=AXIS2_PLACEMENT_3D('',#18808,#15144,#15145);
#12338=AXIS2_PLACEMENT_3D('',#18812,#15148,#15149);
#12339=AXIS2_PLACEMENT_3D('',#18813,#15150,#15151);
#12340=AXIS2_PLACEMENT_3D('',#18814,#15152,#15153);
#12341=AXIS2_PLACEMENT_3D('',#18818,#15155,#15156);
#12342=AXIS2_PLACEMENT_3D('',#18820,#15158,#15159);
#12343=AXIS2_PLACEMENT_3D('',#18824,#15162,#15163);
#12344=AXIS2_PLACEMENT_3D('',#18827,#15166,#15167);
#12345=AXIS2_PLACEMENT_3D('',#18829,#15169,#15170);
#12346=AXIS2_PLACEMENT_3D('',#18832,#15172,#15173);
#12347=AXIS2_PLACEMENT_3D('',#18833,#15174,#15175);
#12348=AXIS2_PLACEMENT_3D('',#18835,#15177,#15178);
#12349=AXIS2_PLACEMENT_3D('',#18837,#15180,#15181);
#12350=AXIS2_PLACEMENT_3D('',#18838,#15182,#15183);
#12351=AXIS2_PLACEMENT_3D('',#18844,#15187,#15188);
#12352=AXIS2_PLACEMENT_3D('',#18847,#15190,#15191);
#12353=AXIS2_PLACEMENT_3D('',#18848,#15192,#15193);
#12354=AXIS2_PLACEMENT_3D('',#18852,#15196,#15197);
#12355=AXIS2_PLACEMENT_3D('',#18853,#15198,#15199);
#12356=AXIS2_PLACEMENT_3D('',#18854,#15200,#15201);
#12357=AXIS2_PLACEMENT_3D('',#18858,#15203,#15204);
#12358=AXIS2_PLACEMENT_3D('',#18860,#15206,#15207);
#12359=AXIS2_PLACEMENT_3D('',#18864,#15210,#15211);
#12360=AXIS2_PLACEMENT_3D('',#18867,#15214,#15215);
#12361=AXIS2_PLACEMENT_3D('',#18869,#15217,#15218);
#12362=AXIS2_PLACEMENT_3D('',#18872,#15220,#15221);
#12363=AXIS2_PLACEMENT_3D('',#18873,#15222,#15223);
#12364=AXIS2_PLACEMENT_3D('',#18875,#15225,#15226);
#12365=AXIS2_PLACEMENT_3D('',#18877,#15228,#15229);
#12366=AXIS2_PLACEMENT_3D('',#18878,#15230,#15231);
#12367=AXIS2_PLACEMENT_3D('',#18884,#15235,#15236);
#12368=AXIS2_PLACEMENT_3D('',#18887,#15238,#15239);
#12369=AXIS2_PLACEMENT_3D('',#18888,#15240,#15241);
#12370=AXIS2_PLACEMENT_3D('',#18892,#15244,#15245);
#12371=AXIS2_PLACEMENT_3D('',#18893,#15246,#15247);
#12372=AXIS2_PLACEMENT_3D('',#18894,#15248,#15249);
#12373=AXIS2_PLACEMENT_3D('',#18898,#15251,#15252);
#12374=AXIS2_PLACEMENT_3D('',#18900,#15254,#15255);
#12375=AXIS2_PLACEMENT_3D('',#18904,#15258,#15259);
#12376=AXIS2_PLACEMENT_3D('',#18907,#15262,#15263);
#12377=AXIS2_PLACEMENT_3D('',#18909,#15265,#15266);
#12378=AXIS2_PLACEMENT_3D('',#18912,#15268,#15269);
#12379=AXIS2_PLACEMENT_3D('',#18913,#15270,#15271);
#12380=AXIS2_PLACEMENT_3D('',#18915,#15273,#15274);
#12381=AXIS2_PLACEMENT_3D('',#18917,#15276,#15277);
#12382=AXIS2_PLACEMENT_3D('',#18918,#15278,#15279);
#12383=AXIS2_PLACEMENT_3D('',#18924,#15283,#15284);
#12384=AXIS2_PLACEMENT_3D('',#18927,#15286,#15287);
#12385=AXIS2_PLACEMENT_3D('',#18928,#15288,#15289);
#12386=AXIS2_PLACEMENT_3D('',#18932,#15292,#15293);
#12387=AXIS2_PLACEMENT_3D('',#18933,#15294,#15295);
#12388=AXIS2_PLACEMENT_3D('',#18934,#15296,#15297);
#12389=AXIS2_PLACEMENT_3D('',#18938,#15299,#15300);
#12390=AXIS2_PLACEMENT_3D('',#18940,#15302,#15303);
#12391=AXIS2_PLACEMENT_3D('',#18944,#15306,#15307);
#12392=AXIS2_PLACEMENT_3D('',#18947,#15310,#15311);
#12393=AXIS2_PLACEMENT_3D('',#18949,#15313,#15314);
#12394=AXIS2_PLACEMENT_3D('',#18952,#15316,#15317);
#12395=AXIS2_PLACEMENT_3D('',#18953,#15318,#15319);
#12396=AXIS2_PLACEMENT_3D('',#18955,#15321,#15322);
#12397=AXIS2_PLACEMENT_3D('',#18957,#15324,#15325);
#12398=AXIS2_PLACEMENT_3D('',#18958,#15326,#15327);
#12399=AXIS2_PLACEMENT_3D('',#18964,#15331,#15332);
#12400=AXIS2_PLACEMENT_3D('',#18967,#15334,#15335);
#12401=AXIS2_PLACEMENT_3D('',#18968,#15336,#15337);
#12402=AXIS2_PLACEMENT_3D('',#18972,#15340,#15341);
#12403=AXIS2_PLACEMENT_3D('',#18973,#15342,#15343);
#12404=AXIS2_PLACEMENT_3D('',#18974,#15344,#15345);
#12405=AXIS2_PLACEMENT_3D('',#18978,#15347,#15348);
#12406=AXIS2_PLACEMENT_3D('',#18980,#15350,#15351);
#12407=AXIS2_PLACEMENT_3D('',#18984,#15354,#15355);
#12408=AXIS2_PLACEMENT_3D('',#18987,#15358,#15359);
#12409=AXIS2_PLACEMENT_3D('',#18989,#15361,#15362);
#12410=AXIS2_PLACEMENT_3D('',#18992,#15364,#15365);
#12411=AXIS2_PLACEMENT_3D('',#18993,#15366,#15367);
#12412=AXIS2_PLACEMENT_3D('',#18995,#15369,#15370);
#12413=AXIS2_PLACEMENT_3D('',#18997,#15372,#15373);
#12414=AXIS2_PLACEMENT_3D('',#18998,#15374,#15375);
#12415=AXIS2_PLACEMENT_3D('',#19004,#15379,#15380);
#12416=AXIS2_PLACEMENT_3D('',#19007,#15382,#15383);
#12417=AXIS2_PLACEMENT_3D('',#19008,#15384,#15385);
#12418=AXIS2_PLACEMENT_3D('',#19012,#15388,#15389);
#12419=AXIS2_PLACEMENT_3D('',#19013,#15390,#15391);
#12420=AXIS2_PLACEMENT_3D('',#19014,#15392,#15393);
#12421=AXIS2_PLACEMENT_3D('',#19018,#15395,#15396);
#12422=AXIS2_PLACEMENT_3D('',#19020,#15398,#15399);
#12423=AXIS2_PLACEMENT_3D('',#19024,#15402,#15403);
#12424=AXIS2_PLACEMENT_3D('',#19027,#15406,#15407);
#12425=AXIS2_PLACEMENT_3D('',#19029,#15409,#15410);
#12426=AXIS2_PLACEMENT_3D('',#19032,#15412,#15413);
#12427=AXIS2_PLACEMENT_3D('',#19033,#15414,#15415);
#12428=AXIS2_PLACEMENT_3D('',#19035,#15417,#15418);
#12429=AXIS2_PLACEMENT_3D('',#19037,#15420,#15421);
#12430=AXIS2_PLACEMENT_3D('',#19038,#15422,#15423);
#12431=AXIS2_PLACEMENT_3D('',#19044,#15427,#15428);
#12432=AXIS2_PLACEMENT_3D('',#19047,#15430,#15431);
#12433=AXIS2_PLACEMENT_3D('',#19048,#15432,#15433);
#12434=AXIS2_PLACEMENT_3D('',#19052,#15436,#15437);
#12435=AXIS2_PLACEMENT_3D('',#19053,#15438,#15439);
#12436=AXIS2_PLACEMENT_3D('',#19054,#15440,#15441);
#12437=AXIS2_PLACEMENT_3D('',#19058,#15443,#15444);
#12438=AXIS2_PLACEMENT_3D('',#19060,#15446,#15447);
#12439=AXIS2_PLACEMENT_3D('',#19064,#15450,#15451);
#12440=AXIS2_PLACEMENT_3D('',#19067,#15454,#15455);
#12441=AXIS2_PLACEMENT_3D('',#19069,#15457,#15458);
#12442=AXIS2_PLACEMENT_3D('',#19072,#15460,#15461);
#12443=AXIS2_PLACEMENT_3D('',#19073,#15462,#15463);
#12444=AXIS2_PLACEMENT_3D('',#19075,#15465,#15466);
#12445=AXIS2_PLACEMENT_3D('',#19077,#15468,#15469);
#12446=AXIS2_PLACEMENT_3D('',#19078,#15470,#15471);
#12447=AXIS2_PLACEMENT_3D('',#19084,#15475,#15476);
#12448=AXIS2_PLACEMENT_3D('',#19087,#15478,#15479);
#12449=AXIS2_PLACEMENT_3D('',#19088,#15480,#15481);
#12450=AXIS2_PLACEMENT_3D('',#19092,#15484,#15485);
#12451=AXIS2_PLACEMENT_3D('',#19093,#15486,#15487);
#12452=AXIS2_PLACEMENT_3D('',#19094,#15488,#15489);
#12453=AXIS2_PLACEMENT_3D('',#19098,#15491,#15492);
#12454=AXIS2_PLACEMENT_3D('',#19100,#15494,#15495);
#12455=AXIS2_PLACEMENT_3D('',#19104,#15498,#15499);
#12456=AXIS2_PLACEMENT_3D('',#19107,#15502,#15503);
#12457=AXIS2_PLACEMENT_3D('',#19109,#15505,#15506);
#12458=AXIS2_PLACEMENT_3D('',#19112,#15508,#15509);
#12459=AXIS2_PLACEMENT_3D('',#19113,#15510,#15511);
#12460=AXIS2_PLACEMENT_3D('',#19115,#15513,#15514);
#12461=AXIS2_PLACEMENT_3D('',#19117,#15516,#15517);
#12462=AXIS2_PLACEMENT_3D('',#19118,#15518,#15519);
#12463=AXIS2_PLACEMENT_3D('',#19124,#15523,#15524);
#12464=AXIS2_PLACEMENT_3D('',#19127,#15526,#15527);
#12465=AXIS2_PLACEMENT_3D('',#19128,#15528,#15529);
#12466=AXIS2_PLACEMENT_3D('',#19132,#15532,#15533);
#12467=AXIS2_PLACEMENT_3D('',#19133,#15534,#15535);
#12468=AXIS2_PLACEMENT_3D('',#19134,#15536,#15537);
#12469=AXIS2_PLACEMENT_3D('',#19138,#15539,#15540);
#12470=AXIS2_PLACEMENT_3D('',#19140,#15542,#15543);
#12471=AXIS2_PLACEMENT_3D('',#19144,#15546,#15547);
#12472=AXIS2_PLACEMENT_3D('',#19149,#15551,#15552);
#12473=AXIS2_PLACEMENT_3D('',#19151,#15554,#15555);
#12474=AXIS2_PLACEMENT_3D('',#19153,#15557,#15558);
#12475=AXIS2_PLACEMENT_3D('',#19154,#15559,#15560);
#12476=AXIS2_PLACEMENT_3D('',#19155,#15561,#15562);
#12477=AXIS2_PLACEMENT_3D('',#19157,#15564,#15565);
#12478=AXIS2_PLACEMENT_3D('',#19158,#15566,#15567);
#12479=AXIS2_PLACEMENT_3D('',#19164,#15571,#15572);
#12480=AXIS2_PLACEMENT_3D('',#19167,#15574,#15575);
#12481=AXIS2_PLACEMENT_3D('',#19168,#15576,#15577);
#12482=AXIS2_PLACEMENT_3D('',#19172,#15580,#15581);
#12483=AXIS2_PLACEMENT_3D('',#19173,#15582,#15583);
#12484=AXIS2_PLACEMENT_3D('',#19174,#15584,#15585);
#12485=AXIS2_PLACEMENT_3D('',#19178,#15587,#15588);
#12486=AXIS2_PLACEMENT_3D('',#19180,#15590,#15591);
#12487=AXIS2_PLACEMENT_3D('',#19184,#15594,#15595);
#12488=AXIS2_PLACEMENT_3D('',#19189,#15599,#15600);
#12489=AXIS2_PLACEMENT_3D('',#19191,#15602,#15603);
#12490=AXIS2_PLACEMENT_3D('',#19193,#15605,#15606);
#12491=AXIS2_PLACEMENT_3D('',#19194,#15607,#15608);
#12492=AXIS2_PLACEMENT_3D('',#19195,#15609,#15610);
#12493=AXIS2_PLACEMENT_3D('',#19197,#15612,#15613);
#12494=AXIS2_PLACEMENT_3D('',#19198,#15614,#15615);
#12495=AXIS2_PLACEMENT_3D('',#19204,#15619,#15620);
#12496=AXIS2_PLACEMENT_3D('',#19207,#15622,#15623);
#12497=AXIS2_PLACEMENT_3D('',#19208,#15624,#15625);
#12498=AXIS2_PLACEMENT_3D('',#19212,#15628,#15629);
#12499=AXIS2_PLACEMENT_3D('',#19213,#15630,#15631);
#12500=AXIS2_PLACEMENT_3D('',#19214,#15632,#15633);
#12501=AXIS2_PLACEMENT_3D('',#19218,#15635,#15636);
#12502=AXIS2_PLACEMENT_3D('',#19220,#15638,#15639);
#12503=AXIS2_PLACEMENT_3D('',#19224,#15642,#15643);
#12504=AXIS2_PLACEMENT_3D('',#19229,#15647,#15648);
#12505=AXIS2_PLACEMENT_3D('',#19231,#15650,#15651);
#12506=AXIS2_PLACEMENT_3D('',#19233,#15653,#15654);
#12507=AXIS2_PLACEMENT_3D('',#19234,#15655,#15656);
#12508=AXIS2_PLACEMENT_3D('',#19235,#15657,#15658);
#12509=AXIS2_PLACEMENT_3D('',#19237,#15660,#15661);
#12510=AXIS2_PLACEMENT_3D('',#19238,#15662,#15663);
#12511=AXIS2_PLACEMENT_3D('',#19244,#15667,#15668);
#12512=AXIS2_PLACEMENT_3D('',#19247,#15670,#15671);
#12513=AXIS2_PLACEMENT_3D('',#19248,#15672,#15673);
#12514=AXIS2_PLACEMENT_3D('',#19252,#15676,#15677);
#12515=AXIS2_PLACEMENT_3D('',#19253,#15678,#15679);
#12516=AXIS2_PLACEMENT_3D('',#19254,#15680,#15681);
#12517=AXIS2_PLACEMENT_3D('',#19258,#15683,#15684);
#12518=AXIS2_PLACEMENT_3D('',#19260,#15686,#15687);
#12519=AXIS2_PLACEMENT_3D('',#19264,#15690,#15691);
#12520=AXIS2_PLACEMENT_3D('',#19269,#15695,#15696);
#12521=AXIS2_PLACEMENT_3D('',#19271,#15698,#15699);
#12522=AXIS2_PLACEMENT_3D('',#19273,#15701,#15702);
#12523=AXIS2_PLACEMENT_3D('',#19274,#15703,#15704);
#12524=AXIS2_PLACEMENT_3D('',#19275,#15705,#15706);
#12525=AXIS2_PLACEMENT_3D('',#19277,#15708,#15709);
#12526=AXIS2_PLACEMENT_3D('',#19278,#15710,#15711);
#12527=AXIS2_PLACEMENT_3D('',#19284,#15715,#15716);
#12528=AXIS2_PLACEMENT_3D('',#19287,#15718,#15719);
#12529=AXIS2_PLACEMENT_3D('',#19288,#15720,#15721);
#12530=AXIS2_PLACEMENT_3D('',#19292,#15724,#15725);
#12531=AXIS2_PLACEMENT_3D('',#19293,#15726,#15727);
#12532=AXIS2_PLACEMENT_3D('',#19294,#15728,#15729);
#12533=AXIS2_PLACEMENT_3D('',#19298,#15731,#15732);
#12534=AXIS2_PLACEMENT_3D('',#19300,#15734,#15735);
#12535=AXIS2_PLACEMENT_3D('',#19304,#15738,#15739);
#12536=AXIS2_PLACEMENT_3D('',#19309,#15743,#15744);
#12537=AXIS2_PLACEMENT_3D('',#19311,#15746,#15747);
#12538=AXIS2_PLACEMENT_3D('',#19313,#15749,#15750);
#12539=AXIS2_PLACEMENT_3D('',#19314,#15751,#15752);
#12540=AXIS2_PLACEMENT_3D('',#19315,#15753,#15754);
#12541=AXIS2_PLACEMENT_3D('',#19317,#15756,#15757);
#12542=AXIS2_PLACEMENT_3D('',#19318,#15758,#15759);
#12543=AXIS2_PLACEMENT_3D('',#19324,#15763,#15764);
#12544=AXIS2_PLACEMENT_3D('',#19327,#15766,#15767);
#12545=AXIS2_PLACEMENT_3D('',#19328,#15768,#15769);
#12546=AXIS2_PLACEMENT_3D('',#19332,#15772,#15773);
#12547=AXIS2_PLACEMENT_3D('',#19333,#15774,#15775);
#12548=AXIS2_PLACEMENT_3D('',#19334,#15776,#15777);
#12549=AXIS2_PLACEMENT_3D('',#19338,#15779,#15780);
#12550=AXIS2_PLACEMENT_3D('',#19340,#15782,#15783);
#12551=AXIS2_PLACEMENT_3D('',#19344,#15786,#15787);
#12552=AXIS2_PLACEMENT_3D('',#19349,#15791,#15792);
#12553=AXIS2_PLACEMENT_3D('',#19351,#15794,#15795);
#12554=AXIS2_PLACEMENT_3D('',#19353,#15797,#15798);
#12555=AXIS2_PLACEMENT_3D('',#19354,#15799,#15800);
#12556=AXIS2_PLACEMENT_3D('',#19355,#15801,#15802);
#12557=AXIS2_PLACEMENT_3D('',#19357,#15804,#15805);
#12558=AXIS2_PLACEMENT_3D('',#19358,#15806,#15807);
#12559=AXIS2_PLACEMENT_3D('',#19364,#15811,#15812);
#12560=AXIS2_PLACEMENT_3D('',#19367,#15814,#15815);
#12561=AXIS2_PLACEMENT_3D('',#19368,#15816,#15817);
#12562=AXIS2_PLACEMENT_3D('',#19372,#15820,#15821);
#12563=AXIS2_PLACEMENT_3D('',#19373,#15822,#15823);
#12564=AXIS2_PLACEMENT_3D('',#19374,#15824,#15825);
#12565=AXIS2_PLACEMENT_3D('',#19378,#15827,#15828);
#12566=AXIS2_PLACEMENT_3D('',#19380,#15830,#15831);
#12567=AXIS2_PLACEMENT_3D('',#19384,#15834,#15835);
#12568=AXIS2_PLACEMENT_3D('',#19389,#15839,#15840);
#12569=AXIS2_PLACEMENT_3D('',#19391,#15842,#15843);
#12570=AXIS2_PLACEMENT_3D('',#19393,#15845,#15846);
#12571=AXIS2_PLACEMENT_3D('',#19394,#15847,#15848);
#12572=AXIS2_PLACEMENT_3D('',#19395,#15849,#15850);
#12573=AXIS2_PLACEMENT_3D('',#19397,#15852,#15853);
#12574=AXIS2_PLACEMENT_3D('',#19398,#15854,#15855);
#12575=AXIS2_PLACEMENT_3D('',#19404,#15859,#15860);
#12576=AXIS2_PLACEMENT_3D('',#19407,#15862,#15863);
#12577=AXIS2_PLACEMENT_3D('',#19408,#15864,#15865);
#12578=AXIS2_PLACEMENT_3D('',#19412,#15868,#15869);
#12579=AXIS2_PLACEMENT_3D('',#19413,#15870,#15871);
#12580=AXIS2_PLACEMENT_3D('',#19414,#15872,#15873);
#12581=AXIS2_PLACEMENT_3D('',#19418,#15875,#15876);
#12582=AXIS2_PLACEMENT_3D('',#19420,#15878,#15879);
#12583=AXIS2_PLACEMENT_3D('',#19424,#15882,#15883);
#12584=AXIS2_PLACEMENT_3D('',#19429,#15887,#15888);
#12585=AXIS2_PLACEMENT_3D('',#19431,#15890,#15891);
#12586=AXIS2_PLACEMENT_3D('',#19433,#15893,#15894);
#12587=AXIS2_PLACEMENT_3D('',#19434,#15895,#15896);
#12588=AXIS2_PLACEMENT_3D('',#19435,#15897,#15898);
#12589=AXIS2_PLACEMENT_3D('',#19437,#15900,#15901);
#12590=AXIS2_PLACEMENT_3D('',#19438,#15902,#15903);
#12591=AXIS2_PLACEMENT_3D('',#19444,#15907,#15908);
#12592=AXIS2_PLACEMENT_3D('',#19447,#15910,#15911);
#12593=AXIS2_PLACEMENT_3D('',#19448,#15912,#15913);
#12594=AXIS2_PLACEMENT_3D('',#19452,#15916,#15917);
#12595=AXIS2_PLACEMENT_3D('',#19453,#15918,#15919);
#12596=AXIS2_PLACEMENT_3D('',#19454,#15920,#15921);
#12597=AXIS2_PLACEMENT_3D('',#19458,#15923,#15924);
#12598=AXIS2_PLACEMENT_3D('',#19460,#15926,#15927);
#12599=AXIS2_PLACEMENT_3D('',#19464,#15930,#15931);
#12600=AXIS2_PLACEMENT_3D('',#19469,#15935,#15936);
#12601=AXIS2_PLACEMENT_3D('',#19471,#15938,#15939);
#12602=AXIS2_PLACEMENT_3D('',#19473,#15941,#15942);
#12603=AXIS2_PLACEMENT_3D('',#19474,#15943,#15944);
#12604=AXIS2_PLACEMENT_3D('',#19475,#15945,#15946);
#12605=AXIS2_PLACEMENT_3D('',#19477,#15948,#15949);
#12606=AXIS2_PLACEMENT_3D('',#19478,#15950,#15951);
#12607=AXIS2_PLACEMENT_3D('',#19484,#15955,#15956);
#12608=AXIS2_PLACEMENT_3D('',#19487,#15958,#15959);
#12609=AXIS2_PLACEMENT_3D('',#19488,#15960,#15961);
#12610=AXIS2_PLACEMENT_3D('',#19492,#15964,#15965);
#12611=AXIS2_PLACEMENT_3D('',#19493,#15966,#15967);
#12612=AXIS2_PLACEMENT_3D('',#19494,#15968,#15969);
#12613=AXIS2_PLACEMENT_3D('',#19498,#15971,#15972);
#12614=AXIS2_PLACEMENT_3D('',#19500,#15974,#15975);
#12615=AXIS2_PLACEMENT_3D('',#19504,#15978,#15979);
#12616=AXIS2_PLACEMENT_3D('',#19509,#15983,#15984);
#12617=AXIS2_PLACEMENT_3D('',#19511,#15986,#15987);
#12618=AXIS2_PLACEMENT_3D('',#19513,#15989,#15990);
#12619=AXIS2_PLACEMENT_3D('',#19514,#15991,#15992);
#12620=AXIS2_PLACEMENT_3D('',#19515,#15993,#15994);
#12621=AXIS2_PLACEMENT_3D('',#19517,#15996,#15997);
#12622=AXIS2_PLACEMENT_3D('',#19518,#15998,#15999);
#12623=AXIS2_PLACEMENT_3D('',#19524,#16003,#16004);
#12624=AXIS2_PLACEMENT_3D('',#19527,#16006,#16007);
#12625=AXIS2_PLACEMENT_3D('',#19528,#16008,#16009);
#12626=AXIS2_PLACEMENT_3D('',#19532,#16012,#16013);
#12627=AXIS2_PLACEMENT_3D('',#19533,#16014,#16015);
#12628=AXIS2_PLACEMENT_3D('',#19534,#16016,#16017);
#12629=AXIS2_PLACEMENT_3D('',#19538,#16019,#16020);
#12630=AXIS2_PLACEMENT_3D('',#19540,#16022,#16023);
#12631=AXIS2_PLACEMENT_3D('',#19544,#16026,#16027);
#12632=AXIS2_PLACEMENT_3D('',#19549,#16031,#16032);
#12633=AXIS2_PLACEMENT_3D('',#19551,#16034,#16035);
#12634=AXIS2_PLACEMENT_3D('',#19553,#16037,#16038);
#12635=AXIS2_PLACEMENT_3D('',#19554,#16039,#16040);
#12636=AXIS2_PLACEMENT_3D('',#19555,#16041,#16042);
#12637=AXIS2_PLACEMENT_3D('',#19557,#16044,#16045);
#12638=AXIS2_PLACEMENT_3D('',#19558,#16046,#16047);
#12639=AXIS2_PLACEMENT_3D('',#19564,#16051,#16052);
#12640=AXIS2_PLACEMENT_3D('',#19567,#16054,#16055);
#12641=AXIS2_PLACEMENT_3D('',#19568,#16056,#16057);
#12642=AXIS2_PLACEMENT_3D('',#19572,#16060,#16061);
#12643=AXIS2_PLACEMENT_3D('',#19573,#16062,#16063);
#12644=AXIS2_PLACEMENT_3D('',#19574,#16064,#16065);
#12645=AXIS2_PLACEMENT_3D('',#19578,#16067,#16068);
#12646=AXIS2_PLACEMENT_3D('',#19580,#16070,#16071);
#12647=AXIS2_PLACEMENT_3D('',#19584,#16074,#16075);
#12648=AXIS2_PLACEMENT_3D('',#19589,#16079,#16080);
#12649=AXIS2_PLACEMENT_3D('',#19591,#16082,#16083);
#12650=AXIS2_PLACEMENT_3D('',#19593,#16085,#16086);
#12651=AXIS2_PLACEMENT_3D('',#19594,#16087,#16088);
#12652=AXIS2_PLACEMENT_3D('',#19595,#16089,#16090);
#12653=AXIS2_PLACEMENT_3D('',#19597,#16092,#16093);
#12654=AXIS2_PLACEMENT_3D('',#19598,#16094,#16095);
#12655=AXIS2_PLACEMENT_3D('',#19604,#16099,#16100);
#12656=AXIS2_PLACEMENT_3D('',#19607,#16102,#16103);
#12657=AXIS2_PLACEMENT_3D('',#19608,#16104,#16105);
#12658=AXIS2_PLACEMENT_3D('',#19612,#16108,#16109);
#12659=AXIS2_PLACEMENT_3D('',#19613,#16110,#16111);
#12660=AXIS2_PLACEMENT_3D('',#19614,#16112,#16113);
#12661=AXIS2_PLACEMENT_3D('',#19618,#16115,#16116);
#12662=AXIS2_PLACEMENT_3D('',#19620,#16118,#16119);
#12663=AXIS2_PLACEMENT_3D('',#19624,#16122,#16123);
#12664=AXIS2_PLACEMENT_3D('',#19629,#16127,#16128);
#12665=AXIS2_PLACEMENT_3D('',#19631,#16130,#16131);
#12666=AXIS2_PLACEMENT_3D('',#19633,#16133,#16134);
#12667=AXIS2_PLACEMENT_3D('',#19634,#16135,#16136);
#12668=AXIS2_PLACEMENT_3D('',#19635,#16137,#16138);
#12669=AXIS2_PLACEMENT_3D('',#19637,#16140,#16141);
#12670=AXIS2_PLACEMENT_3D('',#19638,#16142,#16143);
#12671=AXIS2_PLACEMENT_3D('',#19644,#16147,#16148);
#12672=AXIS2_PLACEMENT_3D('',#19647,#16150,#16151);
#12673=AXIS2_PLACEMENT_3D('',#19648,#16152,#16153);
#12674=AXIS2_PLACEMENT_3D('',#19652,#16156,#16157);
#12675=AXIS2_PLACEMENT_3D('',#19653,#16158,#16159);
#12676=AXIS2_PLACEMENT_3D('',#19654,#16160,#16161);
#12677=AXIS2_PLACEMENT_3D('',#19658,#16163,#16164);
#12678=AXIS2_PLACEMENT_3D('',#19660,#16166,#16167);
#12679=AXIS2_PLACEMENT_3D('',#19664,#16170,#16171);
#12680=AXIS2_PLACEMENT_3D('',#19669,#16175,#16176);
#12681=AXIS2_PLACEMENT_3D('',#19671,#16178,#16179);
#12682=AXIS2_PLACEMENT_3D('',#19673,#16181,#16182);
#12683=AXIS2_PLACEMENT_3D('',#19674,#16183,#16184);
#12684=AXIS2_PLACEMENT_3D('',#19675,#16185,#16186);
#12685=AXIS2_PLACEMENT_3D('',#19677,#16188,#16189);
#12686=AXIS2_PLACEMENT_3D('',#19678,#16190,#16191);
#12687=AXIS2_PLACEMENT_3D('',#19684,#16195,#16196);
#12688=AXIS2_PLACEMENT_3D('',#19687,#16198,#16199);
#12689=AXIS2_PLACEMENT_3D('',#19688,#16200,#16201);
#12690=AXIS2_PLACEMENT_3D('',#19692,#16204,#16205);
#12691=AXIS2_PLACEMENT_3D('',#19693,#16206,#16207);
#12692=AXIS2_PLACEMENT_3D('',#19694,#16208,#16209);
#12693=AXIS2_PLACEMENT_3D('',#19698,#16211,#16212);
#12694=AXIS2_PLACEMENT_3D('',#19700,#16214,#16215);
#12695=AXIS2_PLACEMENT_3D('',#19704,#16218,#16219);
#12696=AXIS2_PLACEMENT_3D('',#19709,#16223,#16224);
#12697=AXIS2_PLACEMENT_3D('',#19711,#16226,#16227);
#12698=AXIS2_PLACEMENT_3D('',#19713,#16229,#16230);
#12699=AXIS2_PLACEMENT_3D('',#19714,#16231,#16232);
#12700=AXIS2_PLACEMENT_3D('',#19715,#16233,#16234);
#12701=AXIS2_PLACEMENT_3D('',#19717,#16236,#16237);
#12702=DIRECTION('axis',(0.,0.,1.));
#12703=DIRECTION('refdir',(1.,0.,0.));
#12704=DIRECTION('center_axis',(0.108447510175417,0.,0.994102176607995));
#12705=DIRECTION('ref_axis',(0.702936390271821,-0.707106781186547,-0.0766839698478343));
#12706=DIRECTION('center_axis',(0.,0.,-1.));
#12707=DIRECTION('ref_axis',(1.,1.37959390662522E-15,0.));
#12708=DIRECTION('',(-0.108447510175417,0.,-0.994102176607995));
#12709=DIRECTION('center_axis',(-7.40148683083438E-15,7.22400096356282E-30,
-1.));
#12710=DIRECTION('ref_axis',(1.,1.37959390662523E-15,-7.40175956802014E-15));
#12711=DIRECTION('',(0.108447510175417,0.,0.994102176607995));
#12712=DIRECTION('center_axis',(-0.994102176607995,9.702638464178E-16,0.108447510175417));
#12713=DIRECTION('ref_axis',(-0.108447510175417,-6.64049481059123E-18,-0.994102176607995));
#12714=DIRECTION('',(-9.76020241428769E-16,-1.,0.));
#12715=DIRECTION('',(0.108447510175417,0.,0.994102176607995));
#12716=DIRECTION('',(-9.76020241428769E-16,-1.,0.));
#12717=DIRECTION('center_axis',(0.,0.108447510175417,-0.994102176607995));
#12718=DIRECTION('ref_axis',(0.707106781186547,-0.702936390271821,-0.076683969847835));
#12719=DIRECTION('center_axis',(0.,0.,-1.));
#12720=DIRECTION('ref_axis',(1.30371624176084E-14,-1.,0.));
#12721=DIRECTION('',(0.,0.108447510175417,-0.994102176607995));
#12722=DIRECTION('center_axis',(-7.40148683083438E-15,7.22400096356282E-30,
-1.));
#12723=DIRECTION('ref_axis',(-5.93225379848846E-14,-1.,4.28373807320684E-28));
#12724=DIRECTION('',(0.,-0.108447510175417,0.994102176607995));
#12725=DIRECTION('center_axis',(0.,0.,1.));
#12726=DIRECTION('ref_axis',(1.,0.,0.));
#12727=DIRECTION('',(-1.,0.,0.));
#12728=DIRECTION('center_axis',(0.,0.,1.));
#12729=DIRECTION('ref_axis',(1.,0.,0.));
#12730=DIRECTION('',(0.,-1.,0.));
#12731=DIRECTION('',(-1.,-1.17122428971447E-15,0.));
#12732=DIRECTION('center_axis',(0.,0.,-1.));
#12733=DIRECTION('ref_axis',(5.72531471249468E-15,-1.,0.));
#12734=DIRECTION('',(0.,1.,0.));
#12735=DIRECTION('center_axis',(0.,0.,1.));
#12736=DIRECTION('ref_axis',(1.,0.,0.));
#12737=DIRECTION('',(-1.,0.,0.));
#12738=DIRECTION('center_axis',(0.,0.,-1.));
#12739=DIRECTION('ref_axis',(-1.,1.13816497296581E-14,0.));
#12740=DIRECTION('',(-8.78418217285802E-16,1.,0.));
#12741=DIRECTION('center_axis',(0.,0.,-1.));
#12742=DIRECTION('ref_axis',(-1.,-1.13816497296581E-14,0.));
#12743=DIRECTION('',(1.,0.,0.));
#12744=DIRECTION('center_axis',(0.,0.,1.));
#12745=DIRECTION('ref_axis',(1.,0.,0.));
#12746=DIRECTION('',(0.,1.,0.));
#12747=DIRECTION('center_axis',(0.,0.,-1.));
#12748=DIRECTION('ref_axis',(1.37959390662522E-15,1.,0.));
#12749=DIRECTION('',(1.,3.90408096571483E-16,0.));
#12750=DIRECTION('center_axis',(0.,0.,-1.));
#12751=DIRECTION('ref_axis',(-1.37959390662522E-15,1.,0.));
#12752=DIRECTION('',(0.,-1.,0.));
#12753=DIRECTION('center_axis',(0.,0.,1.));
#12754=DIRECTION('ref_axis',(1.,0.,0.));
#12755=DIRECTION('',(1.,0.,0.));
#12756=DIRECTION('center_axis',(0.,0.,-1.));
#12757=DIRECTION('ref_axis',(1.,-1.13816497296581E-14,0.));
#12758=DIRECTION('',(0.,1.,0.));
#12759=DIRECTION('center_axis',(0.,0.,-1.));
#12760=DIRECTION('ref_axis',(-1.,0.,0.));
#12761=DIRECTION('',(0.,-1.,0.));
#12762=DIRECTION('center_axis',(0.,0.,-1.));
#12763=DIRECTION('ref_axis',(1.,0.,0.));
#12764=DIRECTION('',(0.,1.,0.));
#12765=DIRECTION('center_axis',(0.,0.,-1.));
#12766=DIRECTION('ref_axis',(-1.,0.,0.));
#12767=DIRECTION('',(0.,-1.,0.));
#12768=DIRECTION('center_axis',(0.,0.,-1.));
#12769=DIRECTION('ref_axis',(1.,0.,0.));
#12770=DIRECTION('',(0.,1.,0.));
#12771=DIRECTION('center_axis',(0.,0.,-1.));
#12772=DIRECTION('ref_axis',(-1.,0.,0.));
#12773=DIRECTION('',(0.,-1.,0.));
#12774=DIRECTION('center_axis',(0.,0.,-1.));
#12775=DIRECTION('ref_axis',(1.,0.,0.));
#12776=DIRECTION('',(0.,1.,0.));
#12777=DIRECTION('center_axis',(0.,0.,-1.));
#12778=DIRECTION('ref_axis',(-1.,0.,0.));
#12779=DIRECTION('',(0.,-1.,0.));
#12780=DIRECTION('center_axis',(0.,0.,-1.));
#12781=DIRECTION('ref_axis',(1.,0.,0.));
#12782=DIRECTION('',(0.,1.,0.));
#12783=DIRECTION('center_axis',(0.,0.,-1.));
#12784=DIRECTION('ref_axis',(-1.,0.,0.));
#12785=DIRECTION('',(0.,-1.,0.));
#12786=DIRECTION('center_axis',(0.,0.,-1.));
#12787=DIRECTION('ref_axis',(1.,0.,0.));
#12788=DIRECTION('',(0.,1.,0.));
#12789=DIRECTION('center_axis',(0.,0.,-1.));
#12790=DIRECTION('ref_axis',(-1.,0.,0.));
#12791=DIRECTION('',(0.,-1.,0.));
#12792=DIRECTION('center_axis',(0.,0.,-1.));
#12793=DIRECTION('ref_axis',(1.,0.,0.));
#12794=DIRECTION('',(0.,1.,0.));
#12795=DIRECTION('center_axis',(0.,0.,-1.));
#12796=DIRECTION('ref_axis',(-1.,0.,0.));
#12797=DIRECTION('',(0.,-1.,0.));
#12798=DIRECTION('center_axis',(0.,0.,-1.));
#12799=DIRECTION('ref_axis',(1.,0.,0.));
#12800=DIRECTION('',(0.,1.,0.));
#12801=DIRECTION('center_axis',(0.,0.,-1.));
#12802=DIRECTION('ref_axis',(-1.,0.,0.));
#12803=DIRECTION('',(0.,-1.,0.));
#12804=DIRECTION('center_axis',(0.,0.,-1.));
#12805=DIRECTION('ref_axis',(1.,0.,0.));
#12806=DIRECTION('',(0.,1.,0.));
#12807=DIRECTION('center_axis',(0.,0.,-1.));
#12808=DIRECTION('ref_axis',(-1.,0.,0.));
#12809=DIRECTION('',(0.,-1.,0.));
#12810=DIRECTION('center_axis',(0.,0.,-1.));
#12811=DIRECTION('ref_axis',(1.,0.,0.));
#12812=DIRECTION('',(0.,1.,0.));
#12813=DIRECTION('center_axis',(0.,0.,-1.));
#12814=DIRECTION('ref_axis',(-1.,0.,0.));
#12815=DIRECTION('',(0.,-1.,0.));
#12816=DIRECTION('center_axis',(0.,0.,-1.));
#12817=DIRECTION('ref_axis',(1.,0.,0.));
#12818=DIRECTION('',(0.,1.,0.));
#12819=DIRECTION('center_axis',(0.,0.,-1.));
#12820=DIRECTION('ref_axis',(-1.,0.,0.));
#12821=DIRECTION('',(0.,-1.,0.));
#12822=DIRECTION('center_axis',(0.,0.,-1.));
#12823=DIRECTION('ref_axis',(1.,0.,0.));
#12824=DIRECTION('',(0.,1.,0.));
#12825=DIRECTION('center_axis',(0.,0.,-1.));
#12826=DIRECTION('ref_axis',(-1.,0.,0.));
#12827=DIRECTION('',(0.,-1.,0.));
#12828=DIRECTION('center_axis',(0.,0.,-1.));
#12829=DIRECTION('ref_axis',(1.,0.,0.));
#12830=DIRECTION('',(0.,1.,0.));
#12831=DIRECTION('center_axis',(0.,0.,-1.));
#12832=DIRECTION('ref_axis',(-1.,0.,0.));
#12833=DIRECTION('',(0.,-1.,0.));
#12834=DIRECTION('center_axis',(0.,0.,-1.));
#12835=DIRECTION('ref_axis',(1.,0.,0.));
#12836=DIRECTION('',(0.,1.,0.));
#12837=DIRECTION('center_axis',(0.,0.,-1.));
#12838=DIRECTION('ref_axis',(-1.,0.,0.));
#12839=DIRECTION('',(0.,-1.,0.));
#12840=DIRECTION('center_axis',(0.,0.,-1.));
#12841=DIRECTION('ref_axis',(1.,0.,0.));
#12842=DIRECTION('',(0.,1.,0.));
#12843=DIRECTION('center_axis',(0.,0.,-1.));
#12844=DIRECTION('ref_axis',(-1.,0.,0.));
#12845=DIRECTION('',(0.,-1.,0.));
#12846=DIRECTION('center_axis',(0.,0.,-1.));
#12847=DIRECTION('ref_axis',(1.,0.,0.));
#12848=DIRECTION('',(0.,1.,0.));
#12849=DIRECTION('center_axis',(0.,0.,-1.));
#12850=DIRECTION('ref_axis',(-1.,0.,0.));
#12851=DIRECTION('',(0.,-1.,0.));
#12852=DIRECTION('center_axis',(0.,0.,-1.));
#12853=DIRECTION('ref_axis',(1.,0.,0.));
#12854=DIRECTION('',(0.,1.,0.));
#12855=DIRECTION('center_axis',(0.,0.,-1.));
#12856=DIRECTION('ref_axis',(-1.,0.,0.));
#12857=DIRECTION('',(0.,-1.,0.));
#12858=DIRECTION('center_axis',(0.,0.,-1.));
#12859=DIRECTION('ref_axis',(1.,0.,0.));
#12860=DIRECTION('',(0.,1.,0.));
#12861=DIRECTION('center_axis',(0.,0.,-1.));
#12862=DIRECTION('ref_axis',(-1.,0.,0.));
#12863=DIRECTION('',(0.,-1.,0.));
#12864=DIRECTION('center_axis',(0.,0.,-1.));
#12865=DIRECTION('ref_axis',(1.,0.,0.));
#12866=DIRECTION('',(0.,1.,0.));
#12867=DIRECTION('center_axis',(0.,0.,-1.));
#12868=DIRECTION('ref_axis',(-1.,0.,0.));
#12869=DIRECTION('',(0.,-1.,0.));
#12870=DIRECTION('center_axis',(0.,0.,-1.));
#12871=DIRECTION('ref_axis',(1.,0.,0.));
#12872=DIRECTION('',(0.,1.,0.));
#12873=DIRECTION('center_axis',(0.,0.,-1.));
#12874=DIRECTION('ref_axis',(-1.,0.,0.));
#12875=DIRECTION('',(0.,-1.,0.));
#12876=DIRECTION('center_axis',(0.,0.,-1.));
#12877=DIRECTION('ref_axis',(1.,0.,0.));
#12878=DIRECTION('',(0.,1.,0.));
#12879=DIRECTION('center_axis',(0.,0.,-1.));
#12880=DIRECTION('ref_axis',(-1.,0.,0.));
#12881=DIRECTION('',(0.,-1.,0.));
#12882=DIRECTION('center_axis',(0.,0.,-1.));
#12883=DIRECTION('ref_axis',(1.,0.,0.));
#12884=DIRECTION('',(0.,1.,0.));
#12885=DIRECTION('center_axis',(0.,0.,-1.));
#12886=DIRECTION('ref_axis',(-1.,0.,0.));
#12887=DIRECTION('',(0.,-1.,0.));
#12888=DIRECTION('center_axis',(0.,0.,-1.));
#12889=DIRECTION('ref_axis',(1.,0.,0.));
#12890=DIRECTION('',(0.,1.,0.));
#12891=DIRECTION('center_axis',(0.,0.,-1.));
#12892=DIRECTION('ref_axis',(-1.,0.,0.));
#12893=DIRECTION('',(0.,-1.,0.));
#12894=DIRECTION('center_axis',(0.,0.,-1.));
#12895=DIRECTION('ref_axis',(1.,0.,0.));
#12896=DIRECTION('',(0.,1.,0.));
#12897=DIRECTION('center_axis',(0.,0.,-1.));
#12898=DIRECTION('ref_axis',(-1.,0.,0.));
#12899=DIRECTION('',(0.,-1.,0.));
#12900=DIRECTION('center_axis',(0.,0.,-1.));
#12901=DIRECTION('ref_axis',(1.,0.,0.));
#12902=DIRECTION('',(0.,1.,0.));
#12903=DIRECTION('center_axis',(0.,0.,-1.));
#12904=DIRECTION('ref_axis',(-1.,0.,0.));
#12905=DIRECTION('',(0.,-1.,0.));
#12906=DIRECTION('center_axis',(0.,0.,-1.));
#12907=DIRECTION('ref_axis',(1.,0.,0.));
#12908=DIRECTION('',(0.,1.,0.));
#12909=DIRECTION('center_axis',(0.,0.,-1.));
#12910=DIRECTION('ref_axis',(-1.,0.,0.));
#12911=DIRECTION('',(0.,-1.,0.));
#12912=DIRECTION('center_axis',(0.,0.,-1.));
#12913=DIRECTION('ref_axis',(1.,0.,0.));
#12914=DIRECTION('',(0.,1.,0.));
#12915=DIRECTION('center_axis',(0.,0.,-1.));
#12916=DIRECTION('ref_axis',(-1.,0.,0.));
#12917=DIRECTION('',(0.,-1.,0.));
#12918=DIRECTION('center_axis',(0.,0.,-1.));
#12919=DIRECTION('ref_axis',(1.,0.,0.));
#12920=DIRECTION('',(0.,1.,0.));
#12921=DIRECTION('center_axis',(0.,0.,-1.));
#12922=DIRECTION('ref_axis',(-1.,0.,0.));
#12923=DIRECTION('',(0.,-1.,0.));
#12924=DIRECTION('center_axis',(0.,0.,-1.));
#12925=DIRECTION('ref_axis',(1.,0.,0.));
#12926=DIRECTION('',(0.,1.,0.));
#12927=DIRECTION('center_axis',(0.,0.,-1.));
#12928=DIRECTION('ref_axis',(-1.,0.,0.));
#12929=DIRECTION('',(0.,-1.,0.));
#12930=DIRECTION('center_axis',(0.,0.,-1.));
#12931=DIRECTION('ref_axis',(1.,0.,0.));
#12932=DIRECTION('',(0.,1.,0.));
#12933=DIRECTION('center_axis',(0.,0.,-1.));
#12934=DIRECTION('ref_axis',(-1.,0.,0.));
#12935=DIRECTION('',(0.,-1.,0.));
#12936=DIRECTION('center_axis',(0.,0.,-1.));
#12937=DIRECTION('ref_axis',(1.,0.,0.));
#12938=DIRECTION('',(0.,1.,0.));
#12939=DIRECTION('center_axis',(0.,0.,-1.));
#12940=DIRECTION('ref_axis',(-1.,0.,0.));
#12941=DIRECTION('',(0.,-1.,0.));
#12942=DIRECTION('center_axis',(0.,0.,-1.));
#12943=DIRECTION('ref_axis',(1.,0.,0.));
#12944=DIRECTION('',(0.,1.,0.));
#12945=DIRECTION('center_axis',(0.,0.,-1.));
#12946=DIRECTION('ref_axis',(-1.,0.,0.));
#12947=DIRECTION('',(0.,-1.,0.));
#12948=DIRECTION('center_axis',(0.,0.,-1.));
#12949=DIRECTION('ref_axis',(1.,0.,0.));
#12950=DIRECTION('',(0.,1.,0.));
#12951=DIRECTION('center_axis',(0.,0.,-1.));
#12952=DIRECTION('ref_axis',(-1.,0.,0.));
#12953=DIRECTION('',(0.,-1.,0.));
#12954=DIRECTION('center_axis',(0.,0.,-1.));
#12955=DIRECTION('ref_axis',(1.,0.,0.));
#12956=DIRECTION('',(0.,1.,0.));
#12957=DIRECTION('center_axis',(0.,0.,-1.));
#12958=DIRECTION('ref_axis',(-1.,0.,0.));
#12959=DIRECTION('',(0.,-1.,0.));
#12960=DIRECTION('center_axis',(0.,0.,-1.));
#12961=DIRECTION('ref_axis',(1.,0.,0.));
#12962=DIRECTION('',(0.,1.,0.));
#12963=DIRECTION('center_axis',(0.,0.,-1.));
#12964=DIRECTION('ref_axis',(-1.,0.,0.));
#12965=DIRECTION('',(0.,-1.,0.));
#12966=DIRECTION('center_axis',(0.,0.,-1.));
#12967=DIRECTION('ref_axis',(1.,0.,0.));
#12968=DIRECTION('',(0.,1.,0.));
#12969=DIRECTION('center_axis',(0.,0.,-1.));
#12970=DIRECTION('ref_axis',(-1.,0.,0.));
#12971=DIRECTION('',(0.,-1.,0.));
#12972=DIRECTION('center_axis',(0.,0.,-1.));
#12973=DIRECTION('ref_axis',(1.,0.,0.));
#12974=DIRECTION('',(0.,1.,0.));
#12975=DIRECTION('center_axis',(0.,0.,-1.));
#12976=DIRECTION('ref_axis',(-1.,0.,0.));
#12977=DIRECTION('',(0.,-1.,0.));
#12978=DIRECTION('center_axis',(0.,0.,-1.));
#12979=DIRECTION('ref_axis',(1.,0.,0.));
#12980=DIRECTION('',(0.,1.,0.));
#12981=DIRECTION('center_axis',(0.,0.,-1.));
#12982=DIRECTION('ref_axis',(-1.,0.,0.));
#12983=DIRECTION('',(0.,-1.,0.));
#12984=DIRECTION('center_axis',(0.,0.,-1.));
#12985=DIRECTION('ref_axis',(1.,0.,0.));
#12986=DIRECTION('',(0.,1.,0.));
#12987=DIRECTION('center_axis',(0.,0.,-1.));
#12988=DIRECTION('ref_axis',(-1.,0.,0.));
#12989=DIRECTION('',(0.,-1.,0.));
#12990=DIRECTION('center_axis',(0.,0.,-1.));
#12991=DIRECTION('ref_axis',(1.,0.,0.));
#12992=DIRECTION('',(0.,1.,0.));
#12993=DIRECTION('center_axis',(0.,0.,-1.));
#12994=DIRECTION('ref_axis',(-1.,0.,0.));
#12995=DIRECTION('',(0.,-1.,0.));
#12996=DIRECTION('center_axis',(0.,0.,-1.));
#12997=DIRECTION('ref_axis',(1.,0.,0.));
#12998=DIRECTION('',(0.,1.,0.));
#12999=DIRECTION('center_axis',(0.,0.,-1.));
#13000=DIRECTION('ref_axis',(-1.,0.,0.));
#13001=DIRECTION('',(0.,-1.,0.));
#13002=DIRECTION('center_axis',(0.,0.,-1.));
#13003=DIRECTION('ref_axis',(1.,0.,0.));
#13004=DIRECTION('center_axis',(-1.16431661570131E-15,0.994102176607995,
0.108447510175417));
#13005=DIRECTION('ref_axis',(-1.32809896211825E-17,0.108447510175417,-0.994102176607995));
#13006=DIRECTION('',(-1.,-1.17122428971447E-15,0.));
#13007=DIRECTION('',(0.,0.108447510175417,-0.994102176607995));
#13008=DIRECTION('center_axis',(0.,-0.108447510175417,0.994102176607995));
#13009=DIRECTION('ref_axis',(-0.707106781186543,-0.702936390271824,-0.0766839698478347));
#13010=DIRECTION('center_axis',(-7.40148683083438E-15,7.22400096356282E-30,
-1.));
#13011=DIRECTION('ref_axis',(-6.67033653853296E-14,-1.,5.35712324258018E-28));
#13012=DIRECTION('',(0.,-0.108447510175417,0.994102176607995));
#13013=DIRECTION('center_axis',(0.108447510175417,0.,-0.994102176607995));
#13014=DIRECTION('ref_axis',(-0.702936390271818,-0.70710678118655,-0.0766839698478343));
#13015=DIRECTION('',(0.108447510175417,0.,-0.994102176607995));
#13016=DIRECTION('center_axis',(-7.40148683083438E-15,7.22400096356282E-30,
-1.));
#13017=DIRECTION('ref_axis',(-1.,1.13816497296581E-14,7.40175956802012E-15));
#13018=DIRECTION('',(-0.108447510175417,0.,0.994102176607995));
#13019=DIRECTION('center_axis',(0.994102176607995,8.7323746177593E-16,0.108447510175417));
#13020=DIRECTION('ref_axis',(0.108447510175417,1.99214844317737E-17,-0.994102176607995));
#13021=DIRECTION('',(-8.78418217285802E-16,1.,0.));
#13022=DIRECTION('',(0.108447510175417,0.,-0.994102176607995));
#13023=DIRECTION('center_axis',(-0.108447510175417,0.,0.994102176607995));
#13024=DIRECTION('ref_axis',(-0.702936390271818,0.70710678118655,-0.0766839698478343));
#13025=DIRECTION('center_axis',(-7.40148683083438E-15,7.22400096356282E-30,
-1.));
#13026=DIRECTION('ref_axis',(-1.,-1.13816497296581E-14,7.40175956802012E-15));
#13027=DIRECTION('',(-0.108447510175417,0.,0.994102176607995));
#13028=DIRECTION('center_axis',(0.,-0.108447510175417,-0.994102176607995));
#13029=DIRECTION('ref_axis',(-0.707106781186547,0.702936390271821,-0.0766839698478346));
#13030=DIRECTION('',(0.,-0.108447510175417,-0.994102176607995));
#13031=DIRECTION('center_axis',(-7.40148683083438E-15,7.22400096356282E-30,
-1.));
#13032=DIRECTION('ref_axis',(-7.1049086191199E-14,1.,5.35712324258018E-28));
#13033=DIRECTION('',(0.,0.108447510175417,0.994102176607995));
#13034=DIRECTION('center_axis',(3.88105538567096E-16,-0.994102176607995,
0.108447510175417));
#13035=DIRECTION('ref_axis',(0.,-0.108447510175417,-0.994102176607995));
#13036=DIRECTION('',(1.,3.90408096571483E-16,0.));
#13037=DIRECTION('',(0.,-0.108447510175417,-0.994102176607995));
#13038=DIRECTION('center_axis',(0.,0.108447510175417,0.994102176607995));
#13039=DIRECTION('ref_axis',(0.707106781186547,0.702936390271821,-0.0766839698478346));
#13040=DIRECTION('center_axis',(-7.40148683083438E-15,7.22400096356282E-30,
-1.));
#13041=DIRECTION('ref_axis',(-6.65654059946671E-14,1.,4.81798000682188E-28));
#13042=DIRECTION('',(0.,0.108447510175417,0.994102176607995));
#13043=DIRECTION('center_axis',(-0.108447510175417,0.,-0.994102176607995));
#13044=DIRECTION('ref_axis',(0.702936390271818,0.70710678118655,-0.0766839698478343));
#13045=DIRECTION('',(-0.108447510175417,0.,-0.994102176607995));
#13046=DIRECTION('center_axis',(-7.40148683083438E-15,7.22400096356282E-30,
-1.));
#13047=DIRECTION('ref_axis',(1.,-4.00082232921315E-15,-7.40175956802013E-15));
#13048=DIRECTION('center_axis',(0.,-1.,0.));
#13049=DIRECTION('ref_axis',(-1.,0.,0.));
#13050=DIRECTION('',(0.,0.,-1.));
#13051=DIRECTION('',(1.,0.,-7.40148683083438E-15));
#13052=DIRECTION('center_axis',(-0.707106781186036,-5.65233285125741E-16,
-0.707106781187059));
#13053=DIRECTION('ref_axis',(-0.707106781187059,0.,0.707106781186036));
#13054=DIRECTION('',(0.707106781187059,0.,-0.707106781186036));
#13055=DIRECTION('',(7.99360577730113E-16,-1.,-1.31404577527204E-29));
#13056=DIRECTION('',(-0.707106781187053,-1.25607396694797E-14,0.707106781186042));
#13057=DIRECTION('',(-7.99360577730113E-16,1.,1.31404577527204E-29));
#13058=DIRECTION('center_axis',(0.,0.,1.));
#13059=DIRECTION('ref_axis',(2.5161575528351E-44,1.,3.39952986520609E-30));
#13060=DIRECTION('',(0.,-0.707106781187475,-0.70710678118562));
#13061=DIRECTION('center_axis',(7.40148683083438E-15,-7.22400096356282E-30,
1.));
#13062=DIRECTION('ref_axis',(5.34683479977451E-44,1.,7.22400096356282E-30));
#13063=DIRECTION('center_axis',(-7.40148683083438E-15,7.22400096356282E-30,
-1.));
#13064=DIRECTION('ref_axis',(0.,1.,0.));
#13065=DIRECTION('center_axis',(-5.42205262398991E-15,0.707106781186275,
-0.70710678118682));
#13066=DIRECTION('ref_axis',(-1.,0.,7.66794035674421E-15));
#13067=DIRECTION('',(0.,-0.70710678118682,-0.707106781186275));
#13068=DIRECTION('',(-1.,-2.66453525910038E-16,7.40148683083438E-15));
#13069=DIRECTION('',(1.,2.66453525910038E-16,-7.40148683083438E-15));
#13070=DIRECTION('center_axis',(0.,0.,1.));
#13071=DIRECTION('ref_axis',(1.,2.51615755283507E-44,-3.48305262627501E-15));
#13072=DIRECTION('',(-0.707106781186563,0.,-0.707106781186532));
#13073=DIRECTION('center_axis',(7.40148683083438E-15,-7.22400096356282E-30,
1.));
#13074=DIRECTION('ref_axis',(1.,5.34683479977451E-44,-7.40148683083438E-15));
#13075=DIRECTION('center_axis',(-7.40148683083438E-15,7.22400096356282E-30,
-1.));
#13076=DIRECTION('ref_axis',(1.,0.,0.));
#13077=DIRECTION('center_axis',(0.707106781186559,-6.28036983473521E-16,
-0.707106781186536));
#13078=DIRECTION('ref_axis',(-0.707106781186536,0.,-0.707106781186559));
#13079=DIRECTION('',(-0.707106781186536,0.,-0.707106781186559));
#13080=DIRECTION('',(8.88178419700126E-16,1.,6.50160086721052E-31));
#13081=DIRECTION('',(-8.88178419700126E-16,-1.,-6.50160086721052E-31));
#13082=DIRECTION('center_axis',(0.,0.,1.));
#13083=DIRECTION('ref_axis',(-2.51615755283525E-44,-1.,-3.39952986520628E-30));
#13084=DIRECTION('',(0.,0.707106781186618,-0.707106781186477));
#13085=DIRECTION('center_axis',(7.40148683083438E-15,-7.22400096356282E-30,
1.));
#13086=DIRECTION('ref_axis',(-5.34683479977451E-44,-1.,-7.22400096356283E-30));
#13087=DIRECTION('center_axis',(-7.40148683083438E-15,7.22400096356282E-30,
-1.));
#13088=DIRECTION('ref_axis',(0.,-1.,0.));
#13089=DIRECTION('center_axis',(-4.35438975208579E-15,-0.707106781186225,
-0.70710678118687));
#13090=DIRECTION('ref_axis',(-1.,0.,6.15803704325533E-15));
#13091=DIRECTION('',(0.,0.70710678118687,-0.707106781186225));
#13092=DIRECTION('',(1.,1.24344978758018E-15,-7.40148683083438E-15));
#13093=DIRECTION('',(-1.,-1.24344978758018E-15,7.40148683083438E-15));
#13094=DIRECTION('center_axis',(0.,0.,1.));
#13095=DIRECTION('ref_axis',(-1.,-2.51615755283493E-44,3.48305262627481E-15));
#13096=DIRECTION('center_axis',(7.40148683083438E-15,-7.22400096356282E-30,
1.));
#13097=DIRECTION('ref_axis',(-1.,-5.34683479977451E-44,7.40148683083438E-15));
#13098=DIRECTION('center_axis',(-7.40148683083438E-15,7.22400096356282E-30,
-1.));
#13099=DIRECTION('ref_axis',(-1.,0.,0.));
#13100=DIRECTION('center_axis',(0.,0.,1.));
#13101=DIRECTION('ref_axis',(1.,0.,0.));
#13102=DIRECTION('',(0.,0.,1.));
#13103=DIRECTION('center_axis',(0.,0.,1.));
#13104=DIRECTION('ref_axis',(1.,0.,0.));
#13105=DIRECTION('',(0.,0.,1.));
#13106=DIRECTION('center_axis',(-2.66453525910038E-16,1.,0.));
#13107=DIRECTION('ref_axis',(-1.,-2.66453525910038E-16,0.));
#13108=DIRECTION('',(0.,0.,1.));
#13109=DIRECTION('',(-1.,-2.66453525910038E-16,0.));
#13110=DIRECTION('center_axis',(0.,0.,1.));
#13111=DIRECTION('ref_axis',(0.,1.,0.));
#13112=DIRECTION('',(0.,0.,1.));
#13113=DIRECTION('center_axis',(0.,0.,1.));
#13114=DIRECTION('ref_axis',(0.,1.,0.));
#13115=DIRECTION('center_axis',(-1.,-7.99360577730113E-16,0.));
#13116=DIRECTION('ref_axis',(7.99360577730113E-16,-1.,0.));
#13117=DIRECTION('',(0.,0.,1.));
#13118=DIRECTION('',(7.99360577730113E-16,-1.,0.));
#13119=DIRECTION('center_axis',(-7.40148683083438E-15,7.22400096356282E-30,
-1.));
#13120=DIRECTION('ref_axis',(1.,6.12323399573677E-17,-7.40148683083438E-15));
#13121=DIRECTION('center_axis',(-7.40148683083438E-15,7.22400096356282E-30,
-1.));
#13122=DIRECTION('ref_axis',(-0.707106781186506,0.707106781186589,3.92523114670925E-15));
#13123=DIRECTION('center_axis',(-7.40148683083438E-15,7.22400096356282E-30,
-1.));
#13124=DIRECTION('ref_axis',(-1.,-2.93213521277957E-44,4.05887987497369E-15));
#13125=DIRECTION('center_axis',(-7.40148683083438E-15,7.22400096356282E-30,
-1.));
#13126=DIRECTION('ref_axis',(0.707106781186506,-0.707106781186589,-3.92523114670923E-15));
#13127=DIRECTION('center_axis',(-7.40148683083438E-15,7.22400096356282E-30,
-1.));
#13128=DIRECTION('ref_axis',(1.,2.93213521277958E-44,-4.0588798749737E-15));
#13129=DIRECTION('center_axis',(-7.40148683083438E-15,7.22400096356282E-30,
-1.));
#13130=DIRECTION('ref_axis',(0.707106781186548,0.707106781186548,-3.92523114670946E-15));
#13131=DIRECTION('center_axis',(-7.40148683083438E-15,7.22400096356282E-30,
-1.));
#13132=DIRECTION('ref_axis',(1.,2.93213521277958E-44,-4.0588798749737E-15));
#13133=DIRECTION('center_axis',(-7.40148683083438E-15,7.22400096356282E-30,
-1.));
#13134=DIRECTION('ref_axis',(0.707106781186506,0.707106781186589,-3.92523114670923E-15));
#13135=DIRECTION('center_axis',(-7.40148683083438E-15,7.22400096356282E-30,
-1.));
#13136=DIRECTION('ref_axis',(-1.,-2.93213521277957E-44,4.05887987497369E-15));
#13137=DIRECTION('center_axis',(-7.40148683083438E-15,7.22400096356282E-30,
-1.));
#13138=DIRECTION('ref_axis',(-0.707106781186506,0.707106781186589,3.92523114670925E-15));
#13139=DIRECTION('center_axis',(-7.40148683083438E-15,7.22400096356282E-30,
-1.));
#13140=DIRECTION('ref_axis',(-1.,-2.93213521277957E-44,4.05887987497369E-15));
#13141=DIRECTION('center_axis',(-7.40148683083438E-15,7.22400096356282E-30,
-1.));
#13142=DIRECTION('ref_axis',(0.707106781186506,-0.707106781186589,-3.92523114670923E-15));
#13143=DIRECTION('center_axis',(-7.40148683083438E-15,7.22400096356282E-30,
-1.));
#13144=DIRECTION('ref_axis',(1.,2.93213521277958E-44,-4.0588798749737E-15));
#13145=DIRECTION('center_axis',(-7.40148683083438E-15,7.22400096356282E-30,
-1.));
#13146=DIRECTION('ref_axis',(0.707106781186548,0.707106781186548,-3.92523114670946E-15));
#13147=DIRECTION('center_axis',(-7.40148683083438E-15,7.22400096356282E-30,
-1.));
#13148=DIRECTION('ref_axis',(1.,2.93213521277958E-44,-4.0588798749737E-15));
#13149=DIRECTION('center_axis',(-7.40148683083438E-15,7.22400096356282E-30,
-1.));
#13150=DIRECTION('ref_axis',(0.707106781186506,0.707106781186589,-3.92523114670923E-15));
#13151=DIRECTION('center_axis',(-7.40148683083438E-15,7.22400096356282E-30,
-1.));
#13152=DIRECTION('ref_axis',(-1.,-2.93213521277957E-44,4.05887987497369E-15));
#13153=DIRECTION('',(0.,-1.,-7.22400096356282E-30));
#13154=DIRECTION('center_axis',(7.40148683083438E-15,-7.22400096356282E-30,
1.));
#13155=DIRECTION('ref_axis',(1.,0.,0.));
#13156=DIRECTION('',(-1.,0.,7.40148683083438E-15));
#13157=DIRECTION('center_axis',(7.40148683083438E-15,-7.22400096356282E-30,
1.));
#13158=DIRECTION('ref_axis',(1.,0.,0.));
#13159=DIRECTION('',(0.,-1.,-7.22400096356282E-30));
#13160=DIRECTION('',(0.,1.,7.22400096356282E-30));
#13161=DIRECTION('center_axis',(7.40148683083438E-15,-7.22400096356282E-30,
1.));
#13162=DIRECTION('ref_axis',(1.,0.,0.));
#13163=DIRECTION('',(1.,0.,-7.40148683083438E-15));
#13164=DIRECTION('',(-1.,0.,7.40148683083438E-15));
#13165=DIRECTION('center_axis',(7.40148683083438E-15,-7.22400096356282E-30,
1.));
#13166=DIRECTION('ref_axis',(1.,0.,0.));
#13167=DIRECTION('',(0.,1.,7.22400096356282E-30));
#13168=DIRECTION('center_axis',(-7.40148683083438E-15,7.22400096356282E-30,
-1.));
#13169=DIRECTION('ref_axis',(-0.707106781186506,0.707106781186589,5.23364152894561E-15));
#13170=DIRECTION('center_axis',(-7.40148683083438E-15,7.22400096356282E-30,
-1.));
#13171=DIRECTION('ref_axis',(-1.,-5.34683479977451E-44,7.40148683083438E-15));
#13172=DIRECTION('center_axis',(-7.40148683083438E-15,7.22400096356282E-30,
-1.));
#13173=DIRECTION('ref_axis',(0.707106781186506,-0.707106781186589,-5.23364152894561E-15));
#13174=DIRECTION('center_axis',(-7.40148683083438E-15,7.22400096356282E-30,
-1.));
#13175=DIRECTION('ref_axis',(1.,5.34683479977451E-44,-7.40148683083438E-15));
#13176=DIRECTION('center_axis',(-7.40148683083438E-15,7.22400096356282E-30,
-1.));
#13177=DIRECTION('ref_axis',(0.707106781186548,0.707106781186548,-5.23364152894591E-15));
#13178=DIRECTION('center_axis',(-7.40148683083438E-15,7.22400096356282E-30,
-1.));
#13179=DIRECTION('ref_axis',(1.,5.34683479977451E-44,-7.40148683083438E-15));
#13180=DIRECTION('center_axis',(-7.40148683083438E-15,7.22400096356282E-30,
-1.));
#13181=DIRECTION('ref_axis',(0.707106781186506,0.707106781186589,-5.2336415289456E-15));
#13182=DIRECTION('center_axis',(-7.40148683083438E-15,7.22400096356282E-30,
-1.));
#13183=DIRECTION('ref_axis',(-1.,-5.34683479977451E-44,7.40148683083438E-15));
#13184=DIRECTION('center_axis',(-7.40148683083438E-15,7.22400096356282E-30,
-1.));
#13185=DIRECTION('ref_axis',(-0.707106781186506,0.707106781186589,3.92523114670925E-15));
#13186=DIRECTION('center_axis',(-7.40148683083438E-15,7.22400096356282E-30,
-1.));
#13187=DIRECTION('ref_axis',(-1.,-2.93213521277957E-44,4.05887987497369E-15));
#13188=DIRECTION('center_axis',(-7.40148683083438E-15,7.22400096356282E-30,
-1.));
#13189=DIRECTION('ref_axis',(0.707106781186506,-0.707106781186589,-3.92523114670923E-15));
#13190=DIRECTION('center_axis',(-7.40148683083438E-15,7.22400096356282E-30,
-1.));
#13191=DIRECTION('ref_axis',(1.,2.93213521277958E-44,-4.0588798749737E-15));
#13192=DIRECTION('center_axis',(-7.40148683083438E-15,7.22400096356282E-30,
-1.));
#13193=DIRECTION('ref_axis',(0.707106781186548,0.707106781186548,-3.92523114670946E-15));
#13194=DIRECTION('center_axis',(-7.40148683083438E-15,7.22400096356282E-30,
-1.));
#13195=DIRECTION('ref_axis',(1.,2.93213521277958E-44,-4.0588798749737E-15));
#13196=DIRECTION('center_axis',(-7.40148683083438E-15,7.22400096356282E-30,
-1.));
#13197=DIRECTION('ref_axis',(0.707106781186506,0.707106781186589,-3.92523114670923E-15));
#13198=DIRECTION('center_axis',(-7.40148683083438E-15,7.22400096356282E-30,
-1.));
#13199=DIRECTION('ref_axis',(-1.,-2.93213521277957E-44,4.05887987497369E-15));
#13200=DIRECTION('center_axis',(-0.707106781186542,-5.65233285126155E-16,
0.707106781186553));
#13201=DIRECTION('ref_axis',(0.707106781186553,0.,0.707106781186542));
#13202=DIRECTION('',(0.707106781186546,0.,0.707106781186549));
#13203=DIRECTION('',(-7.99360577730113E-16,1.,0.));
#13204=DIRECTION('',(-0.707106781186553,0.,-0.707106781186542));
#13205=DIRECTION('center_axis',(0.,0.,-1.));
#13206=DIRECTION('ref_axis',(-1.,0.,0.));
#13207=DIRECTION('',(0.,0.707106781186616,0.70710678118648));
#13208=DIRECTION('center_axis',(0.,0.,-1.));
#13209=DIRECTION('ref_axis',(-1.,0.,0.));
#13210=DIRECTION('center_axis',(0.,0.,1.));
#13211=DIRECTION('ref_axis',(-1.,0.,0.));
#13212=DIRECTION('center_axis',(8.79251776862917E-16,-0.707106781186549,
0.707106781186546));
#13213=DIRECTION('ref_axis',(1.,0.,-1.24344978758018E-15));
#13214=DIRECTION('',(0.,0.707106781186553,0.707106781186542));
#13215=DIRECTION('',(-1.,-1.24344978758018E-15,0.));
#13216=DIRECTION('',(1.,1.24344978758018E-15,0.));
#13217=DIRECTION('center_axis',(0.,0.,-1.));
#13218=DIRECTION('ref_axis',(0.,-1.,0.));
#13219=DIRECTION('',(-0.707106781186477,0.,0.707106781186618));
#13220=DIRECTION('center_axis',(0.,0.,-1.));
#13221=DIRECTION('ref_axis',(0.,-1.,0.));
#13222=DIRECTION('center_axis',(0.,0.,1.));
#13223=DIRECTION('ref_axis',(0.,-1.,0.));
#13224=DIRECTION('center_axis',(0.707106781186555,-6.28036983473517E-16,
0.70710678118654));
#13225=DIRECTION('ref_axis',(0.70710678118654,0.,-0.707106781186555));
#13226=DIRECTION('',(-0.707106781186559,0.,0.707106781186536));
#13227=DIRECTION('',(-8.88178419700126E-16,-1.,0.));
#13228=DIRECTION('',(8.88178419700126E-16,1.,0.));
#13229=DIRECTION('center_axis',(0.,0.,-1.));
#13230=DIRECTION('ref_axis',(1.,0.,0.));
#13231=DIRECTION('',(0.,-0.707106781186565,0.70710678118653));
#13232=DIRECTION('center_axis',(0.,0.,-1.));
#13233=DIRECTION('ref_axis',(1.,0.,0.));
#13234=DIRECTION('center_axis',(-1.88411095042053E-16,0.707106781186549,
0.707106781186546));
#13235=DIRECTION('ref_axis',(1.,0.,2.66453525910038E-16));
#13236=DIRECTION('',(-1.25607396694702E-14,-0.707106781186546,0.707106781186549));
#13237=DIRECTION('',(1.,2.66453525910038E-16,0.));
#13238=DIRECTION('center_axis',(0.,0.,-1.));
#13239=DIRECTION('ref_axis',(0.,1.,0.));
#13240=DIRECTION('center_axis',(0.,0.,-1.));
#13241=DIRECTION('ref_axis',(0.,1.,0.));
#13242=DIRECTION('center_axis',(0.,0.,1.));
#13243=DIRECTION('ref_axis',(0.,-1.,0.));
#13244=DIRECTION('',(0.,0.,1.));
#13245=DIRECTION('',(0.,0.,1.));
#13246=DIRECTION('center_axis',(1.24344978758018E-15,-1.,0.));
#13247=DIRECTION('ref_axis',(1.,1.24344978758018E-15,0.));
#13248=DIRECTION('',(0.,0.,1.));
#13249=DIRECTION('center_axis',(0.,0.,1.));
#13250=DIRECTION('ref_axis',(-1.,0.,0.));
#13251=DIRECTION('center_axis',(0.,0.,1.));
#13252=DIRECTION('ref_axis',(1.,0.,0.));
#13253=DIRECTION('',(0.,1.,0.));
#13254=DIRECTION('center_axis',(0.,0.,1.));
#13255=DIRECTION('ref_axis',(-1.,0.,0.));
#13256=DIRECTION('',(0.,-1.,0.));
#13257=DIRECTION('center_axis',(0.,0.,1.));
#13258=DIRECTION('ref_axis',(1.,0.,0.));
#13259=DIRECTION('center_axis',(0.,0.,1.));
#13260=DIRECTION('ref_axis',(-1.,0.,0.));
#13261=DIRECTION('',(0.,-1.,0.));
#13262=DIRECTION('center_axis',(0.,0.,1.));
#13263=DIRECTION('ref_axis',(1.,0.,0.));
#13264=DIRECTION('',(0.,1.,0.));
#13265=DIRECTION('center_axis',(0.,0.,1.));
#13266=DIRECTION('ref_axis',(-1.,0.,0.));
#13267=DIRECTION('',(0.,-1.,0.));
#13268=DIRECTION('center_axis',(0.,0.,1.));
#13269=DIRECTION('ref_axis',(1.,0.,0.));
#13270=DIRECTION('',(0.,1.,0.));
#13271=DIRECTION('center_axis',(0.,0.,1.));
#13272=DIRECTION('ref_axis',(-1.,0.,0.));
#13273=DIRECTION('',(0.,-1.,0.));
#13274=DIRECTION('center_axis',(0.,0.,1.));
#13275=DIRECTION('ref_axis',(1.,0.,0.));
#13276=DIRECTION('',(0.,1.,0.));
#13277=DIRECTION('center_axis',(0.,0.,1.));
#13278=DIRECTION('ref_axis',(-1.,0.,0.));
#13279=DIRECTION('',(0.,-1.,0.));
#13280=DIRECTION('center_axis',(0.,0.,1.));
#13281=DIRECTION('ref_axis',(1.,0.,0.));
#13282=DIRECTION('',(0.,1.,0.));
#13283=DIRECTION('center_axis',(0.,0.,1.));
#13284=DIRECTION('ref_axis',(-1.,0.,0.));
#13285=DIRECTION('',(0.,-1.,0.));
#13286=DIRECTION('center_axis',(0.,0.,1.));
#13287=DIRECTION('ref_axis',(1.,0.,0.));
#13288=DIRECTION('',(0.,1.,0.));
#13289=DIRECTION('center_axis',(0.,0.,1.));
#13290=DIRECTION('ref_axis',(-1.,0.,0.));
#13291=DIRECTION('',(0.,-1.,0.));
#13292=DIRECTION('center_axis',(0.,0.,1.));
#13293=DIRECTION('ref_axis',(1.,0.,0.));
#13294=DIRECTION('',(0.,1.,0.));
#13295=DIRECTION('center_axis',(0.,0.,1.));
#13296=DIRECTION('ref_axis',(-1.,0.,0.));
#13297=DIRECTION('',(0.,-1.,0.));
#13298=DIRECTION('center_axis',(0.,0.,1.));
#13299=DIRECTION('ref_axis',(1.,0.,0.));
#13300=DIRECTION('',(0.,1.,0.));
#13301=DIRECTION('center_axis',(0.,0.,1.));
#13302=DIRECTION('ref_axis',(-1.,0.,0.));
#13303=DIRECTION('',(0.,-1.,0.));
#13304=DIRECTION('center_axis',(0.,0.,1.));
#13305=DIRECTION('ref_axis',(1.,0.,0.));
#13306=DIRECTION('',(0.,1.,0.));
#13307=DIRECTION('center_axis',(0.,0.,1.));
#13308=DIRECTION('ref_axis',(-1.,0.,0.));
#13309=DIRECTION('',(0.,-1.,0.));
#13310=DIRECTION('center_axis',(0.,0.,1.));
#13311=DIRECTION('ref_axis',(1.,0.,0.));
#13312=DIRECTION('',(0.,1.,0.));
#13313=DIRECTION('center_axis',(0.,0.,1.));
#13314=DIRECTION('ref_axis',(-1.,0.,0.));
#13315=DIRECTION('',(0.,-1.,0.));
#13316=DIRECTION('center_axis',(0.,0.,1.));
#13317=DIRECTION('ref_axis',(1.,0.,0.));
#13318=DIRECTION('',(0.,1.,0.));
#13319=DIRECTION('center_axis',(0.,0.,1.));
#13320=DIRECTION('ref_axis',(-1.,0.,0.));
#13321=DIRECTION('',(0.,-1.,0.));
#13322=DIRECTION('center_axis',(0.,0.,1.));
#13323=DIRECTION('ref_axis',(1.,0.,0.));
#13324=DIRECTION('',(0.,1.,0.));
#13325=DIRECTION('center_axis',(0.,0.,1.));
#13326=DIRECTION('ref_axis',(-1.,0.,0.));
#13327=DIRECTION('',(0.,-1.,0.));
#13328=DIRECTION('center_axis',(0.,0.,1.));
#13329=DIRECTION('ref_axis',(1.,0.,0.));
#13330=DIRECTION('',(0.,1.,0.));
#13331=DIRECTION('center_axis',(0.,0.,1.));
#13332=DIRECTION('ref_axis',(-1.,0.,0.));
#13333=DIRECTION('',(0.,-1.,0.));
#13334=DIRECTION('center_axis',(0.,0.,1.));
#13335=DIRECTION('ref_axis',(1.,0.,0.));
#13336=DIRECTION('',(0.,1.,0.));
#13337=DIRECTION('center_axis',(0.,0.,1.));
#13338=DIRECTION('ref_axis',(-1.,0.,0.));
#13339=DIRECTION('',(0.,-1.,0.));
#13340=DIRECTION('center_axis',(0.,0.,1.));
#13341=DIRECTION('ref_axis',(1.,0.,0.));
#13342=DIRECTION('',(0.,1.,0.));
#13343=DIRECTION('center_axis',(0.,0.,1.));
#13344=DIRECTION('ref_axis',(-1.,0.,0.));
#13345=DIRECTION('',(0.,-1.,0.));
#13346=DIRECTION('center_axis',(0.,0.,1.));
#13347=DIRECTION('ref_axis',(1.,0.,0.));
#13348=DIRECTION('',(0.,1.,0.));
#13349=DIRECTION('center_axis',(0.,0.,1.));
#13350=DIRECTION('ref_axis',(-1.,0.,0.));
#13351=DIRECTION('',(0.,-1.,0.));
#13352=DIRECTION('center_axis',(0.,0.,1.));
#13353=DIRECTION('ref_axis',(1.,0.,0.));
#13354=DIRECTION('',(0.,1.,0.));
#13355=DIRECTION('center_axis',(0.,0.,1.));
#13356=DIRECTION('ref_axis',(-1.,0.,0.));
#13357=DIRECTION('',(0.,-1.,0.));
#13358=DIRECTION('center_axis',(0.,0.,1.));
#13359=DIRECTION('ref_axis',(1.,0.,0.));
#13360=DIRECTION('',(0.,1.,0.));
#13361=DIRECTION('center_axis',(0.,0.,1.));
#13362=DIRECTION('ref_axis',(-1.,0.,0.));
#13363=DIRECTION('',(0.,-1.,0.));
#13364=DIRECTION('center_axis',(0.,0.,1.));
#13365=DIRECTION('ref_axis',(1.,0.,0.));
#13366=DIRECTION('',(0.,1.,0.));
#13367=DIRECTION('center_axis',(0.,0.,1.));
#13368=DIRECTION('ref_axis',(-1.,0.,0.));
#13369=DIRECTION('',(0.,-1.,0.));
#13370=DIRECTION('center_axis',(0.,0.,1.));
#13371=DIRECTION('ref_axis',(1.,0.,0.));
#13372=DIRECTION('',(0.,1.,0.));
#13373=DIRECTION('center_axis',(0.,0.,1.));
#13374=DIRECTION('ref_axis',(-1.,0.,0.));
#13375=DIRECTION('',(0.,-1.,0.));
#13376=DIRECTION('center_axis',(0.,0.,1.));
#13377=DIRECTION('ref_axis',(1.,0.,0.));
#13378=DIRECTION('',(0.,1.,0.));
#13379=DIRECTION('center_axis',(0.,0.,1.));
#13380=DIRECTION('ref_axis',(-1.,0.,0.));
#13381=DIRECTION('',(0.,-1.,0.));
#13382=DIRECTION('center_axis',(0.,0.,1.));
#13383=DIRECTION('ref_axis',(1.,0.,0.));
#13384=DIRECTION('',(0.,1.,0.));
#13385=DIRECTION('center_axis',(0.,0.,1.));
#13386=DIRECTION('ref_axis',(-1.,0.,0.));
#13387=DIRECTION('',(0.,-1.,0.));
#13388=DIRECTION('center_axis',(0.,0.,1.));
#13389=DIRECTION('ref_axis',(1.,0.,0.));
#13390=DIRECTION('',(0.,1.,0.));
#13391=DIRECTION('center_axis',(0.,0.,1.));
#13392=DIRECTION('ref_axis',(-1.,0.,0.));
#13393=DIRECTION('',(0.,-1.,0.));
#13394=DIRECTION('center_axis',(0.,0.,1.));
#13395=DIRECTION('ref_axis',(1.,0.,0.));
#13396=DIRECTION('',(0.,1.,0.));
#13397=DIRECTION('center_axis',(0.,0.,1.));
#13398=DIRECTION('ref_axis',(-1.,0.,0.));
#13399=DIRECTION('',(0.,-1.,0.));
#13400=DIRECTION('center_axis',(0.,0.,1.));
#13401=DIRECTION('ref_axis',(1.,0.,0.));
#13402=DIRECTION('',(0.,1.,0.));
#13403=DIRECTION('center_axis',(0.,0.,1.));
#13404=DIRECTION('ref_axis',(-1.,0.,0.));
#13405=DIRECTION('',(0.,-1.,0.));
#13406=DIRECTION('center_axis',(0.,0.,1.));
#13407=DIRECTION('ref_axis',(1.,0.,0.));
#13408=DIRECTION('',(0.,1.,0.));
#13409=DIRECTION('',(0.,1.,0.));
#13410=DIRECTION('center_axis',(0.,0.,1.));
#13411=DIRECTION('ref_axis',(-1.,0.,0.));
#13412=DIRECTION('',(0.,-1.,0.));
#13413=DIRECTION('center_axis',(0.,0.,1.));
#13414=DIRECTION('ref_axis',(1.,0.,0.));
#13415=DIRECTION('',(0.,1.,0.));
#13416=DIRECTION('center_axis',(0.,0.,1.));
#13417=DIRECTION('ref_axis',(-1.,0.,0.));
#13418=DIRECTION('',(0.,-1.,0.));
#13419=DIRECTION('center_axis',(0.,0.,1.));
#13420=DIRECTION('ref_axis',(1.,0.,0.));
#13421=DIRECTION('',(0.,1.,0.));
#13422=DIRECTION('center_axis',(0.,0.,1.));
#13423=DIRECTION('ref_axis',(-1.,0.,0.));
#13424=DIRECTION('',(0.,-1.,0.));
#13425=DIRECTION('center_axis',(0.,0.,1.));
#13426=DIRECTION('ref_axis',(1.,0.,0.));
#13427=DIRECTION('',(0.,1.,0.));
#13428=DIRECTION('center_axis',(0.,0.,1.));
#13429=DIRECTION('ref_axis',(-1.,0.,0.));
#13430=DIRECTION('',(0.,-1.,0.));
#13431=DIRECTION('center_axis',(0.,0.,1.));
#13432=DIRECTION('ref_axis',(1.,0.,0.));
#13433=DIRECTION('',(0.,1.,0.));
#13434=DIRECTION('center_axis',(0.,0.,1.));
#13435=DIRECTION('ref_axis',(-1.,0.,0.));
#13436=DIRECTION('',(0.,-1.,0.));
#13437=DIRECTION('center_axis',(0.,0.,1.));
#13438=DIRECTION('ref_axis',(1.,0.,0.));
#13439=DIRECTION('',(0.,1.,0.));
#13440=DIRECTION('center_axis',(0.,0.,1.));
#13441=DIRECTION('ref_axis',(-1.,0.,0.));
#13442=DIRECTION('',(0.,-1.,0.));
#13443=DIRECTION('center_axis',(0.,0.,1.));
#13444=DIRECTION('ref_axis',(1.,0.,0.));
#13445=DIRECTION('',(0.,1.,0.));
#13446=DIRECTION('center_axis',(0.,0.,1.));
#13447=DIRECTION('ref_axis',(-1.,0.,0.));
#13448=DIRECTION('',(0.,-1.,0.));
#13449=DIRECTION('center_axis',(0.,0.,1.));
#13450=DIRECTION('ref_axis',(1.,0.,0.));
#13451=DIRECTION('',(0.,1.,0.));
#13452=DIRECTION('center_axis',(0.,0.,1.));
#13453=DIRECTION('ref_axis',(-1.,0.,0.));
#13454=DIRECTION('',(0.,-1.,0.));
#13455=DIRECTION('center_axis',(0.,0.,1.));
#13456=DIRECTION('ref_axis',(1.,0.,0.));
#13457=DIRECTION('',(0.,1.,0.));
#13458=DIRECTION('center_axis',(0.,0.,1.));
#13459=DIRECTION('ref_axis',(-1.,0.,0.));
#13460=DIRECTION('',(0.,-1.,0.));
#13461=DIRECTION('center_axis',(0.,0.,1.));
#13462=DIRECTION('ref_axis',(1.,0.,0.));
#13463=DIRECTION('',(0.,1.,0.));
#13464=DIRECTION('center_axis',(0.,0.,1.));
#13465=DIRECTION('ref_axis',(-1.,0.,0.));
#13466=DIRECTION('',(0.,-1.,0.));
#13467=DIRECTION('center_axis',(0.,0.,1.));
#13468=DIRECTION('ref_axis',(1.,0.,0.));
#13469=DIRECTION('',(0.,1.,0.));
#13470=DIRECTION('center_axis',(0.,0.,1.));
#13471=DIRECTION('ref_axis',(-1.,0.,0.));
#13472=DIRECTION('',(0.,-1.,0.));
#13473=DIRECTION('center_axis',(0.,0.,1.));
#13474=DIRECTION('ref_axis',(1.,0.,0.));
#13475=DIRECTION('',(0.,1.,0.));
#13476=DIRECTION('center_axis',(0.,0.,1.));
#13477=DIRECTION('ref_axis',(-1.,0.,0.));
#13478=DIRECTION('',(0.,-1.,0.));
#13479=DIRECTION('center_axis',(0.,0.,1.));
#13480=DIRECTION('ref_axis',(1.,0.,0.));
#13481=DIRECTION('',(0.,1.,0.));
#13482=DIRECTION('center_axis',(0.,0.,1.));
#13483=DIRECTION('ref_axis',(-1.,0.,0.));
#13484=DIRECTION('',(0.,-1.,0.));
#13485=DIRECTION('center_axis',(0.,0.,1.));
#13486=DIRECTION('ref_axis',(1.,0.,0.));
#13487=DIRECTION('',(0.,1.,0.));
#13488=DIRECTION('center_axis',(0.,0.,1.));
#13489=DIRECTION('ref_axis',(-1.,0.,0.));
#13490=DIRECTION('',(0.,-1.,0.));
#13491=DIRECTION('center_axis',(0.,0.,1.));
#13492=DIRECTION('ref_axis',(1.,0.,0.));
#13493=DIRECTION('',(0.,1.,0.));
#13494=DIRECTION('center_axis',(0.,0.,1.));
#13495=DIRECTION('ref_axis',(-1.,0.,0.));
#13496=DIRECTION('',(0.,-1.,0.));
#13497=DIRECTION('center_axis',(0.,0.,1.));
#13498=DIRECTION('ref_axis',(1.,0.,0.));
#13499=DIRECTION('center_axis',(0.,0.,1.));
#13500=DIRECTION('ref_axis',(1.,0.,0.));
#13501=DIRECTION('center_axis',(0.,0.,1.));
#13502=DIRECTION('ref_axis',(1.,0.,0.));
#13503=DIRECTION('center_axis',(0.,0.,1.));
#13504=DIRECTION('ref_axis',(1.,0.,0.));
#13505=DIRECTION('center_axis',(0.,0.,1.));
#13506=DIRECTION('ref_axis',(1.,0.,0.));
#13507=DIRECTION('center_axis',(0.,0.,1.));
#13508=DIRECTION('ref_axis',(1.,0.,0.));
#13509=DIRECTION('center_axis',(0.,0.,1.));
#13510=DIRECTION('ref_axis',(1.,0.,0.));
#13511=DIRECTION('center_axis',(0.,0.,1.));
#13512=DIRECTION('ref_axis',(1.,0.,0.));
#13513=DIRECTION('center_axis',(0.,0.,1.));
#13514=DIRECTION('ref_axis',(1.,0.,0.));
#13515=DIRECTION('center_axis',(0.,0.,-1.));
#13516=DIRECTION('ref_axis',(-0.707106781186506,0.707106781186589,3.92523114670925E-15));
#13517=DIRECTION('',(0.0626084129175485,-0.704329600848979,0.707106781186451));
#13518=DIRECTION('center_axis',(7.40148683083438E-15,-7.22400096356282E-30,
1.));
#13519=DIRECTION('ref_axis',(-0.707106781186506,0.707106781186589,0.));
#13520=DIRECTION('',(-0.0626084129175485,-0.704329600848979,-0.707106781186451));
#13521=DIRECTION('center_axis',(0.,0.,-1.));
#13522=DIRECTION('ref_axis',(-1.,-2.93213521277957E-44,4.05887987497369E-15));
#13523=DIRECTION('',(-0.682085079830278,0.186440188460016,-0.707106781186489));
#13524=DIRECTION('',(0.186440188460016,-0.682085079830277,0.70710678118649));
#13525=DIRECTION('center_axis',(0.,0.,1.));
#13526=DIRECTION('ref_axis',(1.,0.,0.));
#13527=DIRECTION('center_axis',(0.,0.,-1.));
#13528=DIRECTION('ref_axis',(0.707106781186506,0.707106781186589,-3.92523114670923E-15));
#13529=DIRECTION('',(-0.704329600848933,-0.0626084129175462,0.707106781186497));
#13530=DIRECTION('center_axis',(7.40148683083438E-15,-7.22400096356282E-30,
1.));
#13531=DIRECTION('ref_axis',(0.707106781186506,0.707106781186589,0.));
#13532=DIRECTION('',(-0.704329600848938,0.0626084129175467,-0.707106781186492));
#13533=DIRECTION('center_axis',(0.,0.,-1.));
#13534=DIRECTION('ref_axis',(1.,2.93213521277958E-44,-4.0588798749737E-15));
#13535=DIRECTION('',(0.186440188460009,0.682085079830254,-0.707106781186513));
#13536=DIRECTION('',(-0.682085079830253,-0.186440188460009,0.707106781186515));
#13537=DIRECTION('center_axis',(0.,0.,1.));
#13538=DIRECTION('ref_axis',(1.,0.,0.));
#13539=DIRECTION('center_axis',(0.,0.,-1.));
#13540=DIRECTION('ref_axis',(0.707106781186547,0.707106781186547,-3.92523114670946E-15));
#13541=DIRECTION('',(-0.0626084129175844,0.704329600848912,0.707106781186515));
#13542=DIRECTION('center_axis',(7.40148683083438E-15,-7.22400096356282E-30,
1.));
#13543=DIRECTION('ref_axis',(0.707106781186547,0.707106781186547,0.));
#13544=DIRECTION('',(0.0626084129176061,0.7043296008489,-0.707106781186524));
#13545=DIRECTION('center_axis',(0.,0.,-1.));
#13546=DIRECTION('ref_axis',(1.,2.93213521277958E-44,-4.0588798749737E-15));
#13547=DIRECTION('',(0.682085079830253,-0.186440188460009,-0.707106781186515));
#13548=DIRECTION('',(-0.186440188460009,0.682085079830254,0.707106781186513));
#13549=DIRECTION('center_axis',(0.,0.,1.));
#13550=DIRECTION('ref_axis',(1.,0.,0.));
#13551=DIRECTION('center_axis',(0.,0.,-1.));
#13552=DIRECTION('ref_axis',(0.707106781186506,-0.707106781186589,-3.92523114670923E-15));
#13553=DIRECTION('',(0.704329600848938,0.0626084129175467,0.707106781186492));
#13554=DIRECTION('center_axis',(7.40148683083438E-15,-7.22400096356282E-30,
1.));
#13555=DIRECTION('ref_axis',(0.707106781186506,-0.707106781186589,0.));
#13556=DIRECTION('',(0.704329600848933,-0.0626084129175462,-0.707106781186497));
#13557=DIRECTION('center_axis',(0.,0.,-1.));
#13558=DIRECTION('ref_axis',(-1.,-2.93213521277957E-44,4.05887987497369E-15));
#13559=DIRECTION('',(-0.186440188460016,-0.682085079830277,-0.70710678118649));
#13560=DIRECTION('',(0.682085079830278,0.186440188460016,0.707106781186489));
#13561=DIRECTION('center_axis',(0.,0.,1.));
#13562=DIRECTION('ref_axis',(1.,0.,0.));
#13563=DIRECTION('center_axis',(0.,0.,1.));
#13564=DIRECTION('ref_axis',(-0.263666243091528,-0.964613970588234,0.));
#13565=DIRECTION('center_axis',(0.,0.,-1.));
#13566=DIRECTION('ref_axis',(-0.263666243091528,-0.964613970588234,0.));
#13567=DIRECTION('center_axis',(0.,0.,1.));
#13568=DIRECTION('ref_axis',(0.263666243091528,-0.964613970588234,0.));
#13569=DIRECTION('center_axis',(0.,0.,-1.));
#13570=DIRECTION('ref_axis',(0.263666243091528,-0.964613970588234,0.));
#13571=DIRECTION('center_axis',(0.,0.,1.));
#13572=DIRECTION('ref_axis',(0.964613970588234,-0.263666243091528,0.));
#13573=DIRECTION('center_axis',(0.,0.,-1.));
#13574=DIRECTION('ref_axis',(0.964613970588234,-0.263666243091528,0.));
#13575=DIRECTION('center_axis',(0.,0.,1.));
#13576=DIRECTION('ref_axis',(0.964613970588234,0.263666243091528,0.));
#13577=DIRECTION('center_axis',(0.,0.,-1.));
#13578=DIRECTION('ref_axis',(0.964613970588234,0.263666243091528,0.));
#13579=DIRECTION('center_axis',(0.,0.,1.));
#13580=DIRECTION('ref_axis',(0.263666243091528,0.964613970588234,0.));
#13581=DIRECTION('center_axis',(0.,0.,-1.));
#13582=DIRECTION('ref_axis',(0.263666243091528,0.964613970588234,0.));
#13583=DIRECTION('center_axis',(0.,0.,1.));
#13584=DIRECTION('ref_axis',(-0.263666243091528,0.964613970588234,0.));
#13585=DIRECTION('center_axis',(0.,0.,-1.));
#13586=DIRECTION('ref_axis',(-0.263666243091528,0.964613970588234,0.));
#13587=DIRECTION('center_axis',(0.,0.,1.));
#13588=DIRECTION('ref_axis',(-0.964613970588234,0.263666243091528,0.));
#13589=DIRECTION('center_axis',(0.,0.,-1.));
#13590=DIRECTION('ref_axis',(-0.964613970588234,0.263666243091528,0.));
#13591=DIRECTION('center_axis',(0.,0.,1.));
#13592=DIRECTION('ref_axis',(-0.964613970588234,-0.263666243091528,0.));
#13593=DIRECTION('center_axis',(0.,0.,-1.));
#13594=DIRECTION('ref_axis',(-0.964613970588234,-0.263666243091528,0.));
#13595=DIRECTION('center_axis',(0.,0.,1.));
#13596=DIRECTION('ref_axis',(0.964613970588234,0.263666243091528,0.));
#13597=DIRECTION('',(0.,0.,1.));
#13598=DIRECTION('center_axis',(0.,0.,1.));
#13599=DIRECTION('ref_axis',(0.964613970588234,0.263666243091528,0.));
#13600=DIRECTION('',(0.,0.,1.));
#13601=DIRECTION('center_axis',(0.,0.,-1.));
#13602=DIRECTION('ref_axis',(0.707106781186547,0.707106781186547,0.));
#13603=DIRECTION('',(0.,0.,-1.));
#13604=DIRECTION('center_axis',(0.,0.,-1.));
#13605=DIRECTION('ref_axis',(0.707106781186506,-0.707106781186589,0.));
#13606=DIRECTION('center_axis',(0.,0.,-1.));
#13607=DIRECTION('ref_axis',(0.964613970588234,-0.263666243091528,0.));
#13608=DIRECTION('',(0.,0.,-1.));
#13609=DIRECTION('center_axis',(0.,0.,1.));
#13610=DIRECTION('ref_axis',(0.964613970588234,-0.263666243091528,0.));
#13611=DIRECTION('center_axis',(0.,0.,1.));
#13612=DIRECTION('ref_axis',(0.263666243091528,-0.964613970588234,0.));
#13613=DIRECTION('',(0.,0.,1.));
#13614=DIRECTION('center_axis',(0.,0.,1.));
#13615=DIRECTION('ref_axis',(0.263666243091528,-0.964613970588234,0.));
#13616=DIRECTION('',(0.,0.,1.));
#13617=DIRECTION('center_axis',(0.,0.,-1.));
#13618=DIRECTION('ref_axis',(0.707106781186506,-0.707106781186589,0.));
#13619=DIRECTION('',(0.,0.,-1.));
#13620=DIRECTION('center_axis',(0.,0.,-1.));
#13621=DIRECTION('ref_axis',(0.707106781186506,-0.707106781186589,0.));
#13622=DIRECTION('center_axis',(0.,0.,-1.));
#13623=DIRECTION('ref_axis',(-0.263666243091528,-0.964613970588234,0.));
#13624=DIRECTION('',(0.,0.,-1.));
#13625=DIRECTION('center_axis',(0.,0.,1.));
#13626=DIRECTION('ref_axis',(-0.263666243091528,-0.964613970588234,0.));
#13627=DIRECTION('center_axis',(0.,0.,1.));
#13628=DIRECTION('ref_axis',(1.,0.,0.));
#13629=DIRECTION('',(0.70710678118655,8.65956056235496E-17,-0.707106781186545));
#13630=DIRECTION('center_axis',(0.,0.,1.));
#13631=DIRECTION('ref_axis',(1.,0.,0.));
#13632=DIRECTION('center_axis',(0.,0.,-1.));
#13633=DIRECTION('ref_axis',(1.,0.,0.));
#13634=DIRECTION('center_axis',(0.,0.,1.));
#13635=DIRECTION('ref_axis',(1.,0.,0.));
#13636=DIRECTION('center_axis',(0.,0.,-1.));
#13637=DIRECTION('ref_axis',(1.,0.,0.));
#13638=DIRECTION('center_axis',(0.,0.,1.));
#13639=DIRECTION('ref_axis',(1.,0.,0.));
#13640=DIRECTION('center_axis',(0.,0.,-1.));
#13641=DIRECTION('ref_axis',(1.,0.,0.));
#13642=DIRECTION('center_axis',(0.,0.,1.));
#13643=DIRECTION('ref_axis',(1.,0.,0.));
#13644=DIRECTION('center_axis',(0.,0.,-1.));
#13645=DIRECTION('ref_axis',(1.,0.,0.));
#13646=DIRECTION('center_axis',(0.,0.,1.));
#13647=DIRECTION('ref_axis',(1.,0.,0.));
#13648=DIRECTION('center_axis',(0.,0.,1.));
#13649=DIRECTION('ref_axis',(-0.964613970588234,-0.263666243091528,0.));
#13650=DIRECTION('',(0.,0.,1.));
#13651=DIRECTION('center_axis',(0.,0.,1.));
#13652=DIRECTION('ref_axis',(-0.964613970588234,-0.263666243091528,0.));
#13653=DIRECTION('',(0.,0.,1.));
#13654=DIRECTION('center_axis',(0.,0.,-1.));
#13655=DIRECTION('ref_axis',(-0.707106781186506,0.707106781186589,0.));
#13656=DIRECTION('',(0.,0.,-1.));
#13657=DIRECTION('center_axis',(0.,0.,-1.));
#13658=DIRECTION('ref_axis',(-0.707106781186506,-0.707106781186589,0.));
#13659=DIRECTION('center_axis',(0.,0.,-1.));
#13660=DIRECTION('ref_axis',(-0.964613970588234,0.263666243091528,0.));
#13661=DIRECTION('',(0.,0.,-1.));
#13662=DIRECTION('center_axis',(0.,0.,1.));
#13663=DIRECTION('ref_axis',(-0.964613970588234,0.263666243091528,0.));
#13664=DIRECTION('center_axis',(0.,0.,1.));
#13665=DIRECTION('ref_axis',(-0.263666243091528,0.964613970588234,0.));
#13666=DIRECTION('',(0.,0.,1.));
#13667=DIRECTION('center_axis',(0.,0.,1.));
#13668=DIRECTION('ref_axis',(-0.263666243091528,0.964613970588234,0.));
#13669=DIRECTION('',(0.,0.,1.));
#13670=DIRECTION('center_axis',(0.,0.,-1.));
#13671=DIRECTION('ref_axis',(0.707106781186506,0.707106781186589,0.));
#13672=DIRECTION('',(0.,0.,-1.));
#13673=DIRECTION('center_axis',(0.,0.,-1.));
#13674=DIRECTION('ref_axis',(0.707106781186506,0.707106781186589,0.));
#13675=DIRECTION('center_axis',(0.,0.,-1.));
#13676=DIRECTION('ref_axis',(0.263666243091528,0.964613970588234,0.));
#13677=DIRECTION('',(0.,0.,-1.));
#13678=DIRECTION('center_axis',(0.,0.,1.));
#13679=DIRECTION('ref_axis',(0.263666243091528,0.964613970588234,0.));
#13680=DIRECTION('center_axis',(0.,0.,-1.));
#13681=DIRECTION('ref_axis',(-1.,0.,0.));
#13682=DIRECTION('center_axis',(0.,0.,-1.));
#13683=DIRECTION('ref_axis',(-1.,0.,0.));
#13684=DIRECTION('center_axis',(0.,0.,-1.));
#13685=DIRECTION('ref_axis',(-1.,0.,0.));
#13686=DIRECTION('center_axis',(0.,0.,-1.));
#13687=DIRECTION('ref_axis',(-1.,0.,0.));
#13688=DIRECTION('center_axis',(0.,0.,-1.));
#13689=DIRECTION('ref_axis',(1.,0.,0.));
#13690=DIRECTION('center_axis',(0.,0.,-1.));
#13691=DIRECTION('ref_axis',(1.,0.,0.));
#13692=DIRECTION('center_axis',(0.,0.,-1.));
#13693=DIRECTION('ref_axis',(1.,0.,0.));
#13694=DIRECTION('center_axis',(0.,0.,-1.));
#13695=DIRECTION('ref_axis',(1.,0.,0.));
#13696=DIRECTION('center_axis',(0.,0.,-1.));
#13697=DIRECTION('ref_axis',(-0.707106781186506,0.707106781186589,3.92523114670925E-15));
#13698=DIRECTION('',(0.0626084129175485,-0.704329600848979,0.707106781186451));
#13699=DIRECTION('center_axis',(7.40148683083438E-15,-7.22400096356282E-30,
1.));
#13700=DIRECTION('ref_axis',(-0.707106781186506,0.707106781186589,0.));
#13701=DIRECTION('',(-0.0626084129175485,-0.704329600848979,-0.707106781186451));
#13702=DIRECTION('center_axis',(0.,0.,-1.));
#13703=DIRECTION('ref_axis',(-1.,-2.93213521277957E-44,4.05887987497369E-15));
#13704=DIRECTION('',(-0.682085079830278,0.186440188460016,-0.707106781186489));
#13705=DIRECTION('',(0.186440188460016,-0.682085079830277,0.70710678118649));
#13706=DIRECTION('center_axis',(0.,0.,1.));
#13707=DIRECTION('ref_axis',(1.,0.,0.));
#13708=DIRECTION('center_axis',(0.,0.,-1.));
#13709=DIRECTION('ref_axis',(0.707106781186506,0.707106781186589,-3.92523114670923E-15));
#13710=DIRECTION('',(-0.704329600848933,-0.0626084129175462,0.707106781186497));
#13711=DIRECTION('center_axis',(7.40148683083438E-15,-7.22400096356282E-30,
1.));
#13712=DIRECTION('ref_axis',(0.707106781186506,0.707106781186589,0.));
#13713=DIRECTION('',(-0.704329600848938,0.0626084129175467,-0.707106781186492));
#13714=DIRECTION('center_axis',(0.,0.,-1.));
#13715=DIRECTION('ref_axis',(1.,2.93213521277958E-44,-4.0588798749737E-15));
#13716=DIRECTION('',(0.186440188460009,0.682085079830254,-0.707106781186513));
#13717=DIRECTION('',(-0.682085079830253,-0.186440188460009,0.707106781186515));
#13718=DIRECTION('center_axis',(0.,0.,1.));
#13719=DIRECTION('ref_axis',(1.,0.,0.));
#13720=DIRECTION('center_axis',(0.,0.,-1.));
#13721=DIRECTION('ref_axis',(0.707106781186547,0.707106781186547,-3.92523114670946E-15));
#13722=DIRECTION('',(-0.0626084129175844,0.704329600848912,0.707106781186515));
#13723=DIRECTION('center_axis',(7.40148683083438E-15,-7.22400096356282E-30,
1.));
#13724=DIRECTION('ref_axis',(0.707106781186547,0.707106781186547,0.));
#13725=DIRECTION('',(0.0626084129176061,0.7043296008489,-0.707106781186524));
#13726=DIRECTION('center_axis',(0.,0.,-1.));
#13727=DIRECTION('ref_axis',(1.,2.93213521277958E-44,-4.0588798749737E-15));
#13728=DIRECTION('',(0.682085079830253,-0.186440188460009,-0.707106781186515));
#13729=DIRECTION('',(-0.186440188460009,0.682085079830254,0.707106781186513));
#13730=DIRECTION('center_axis',(0.,0.,1.));
#13731=DIRECTION('ref_axis',(1.,0.,0.));
#13732=DIRECTION('center_axis',(0.,0.,-1.));
#13733=DIRECTION('ref_axis',(0.707106781186506,-0.707106781186589,-3.92523114670923E-15));
#13734=DIRECTION('',(0.704329600848938,0.0626084129175467,0.707106781186492));
#13735=DIRECTION('center_axis',(7.40148683083438E-15,-7.22400096356282E-30,
1.));
#13736=DIRECTION('ref_axis',(0.707106781186506,-0.707106781186589,0.));
#13737=DIRECTION('',(0.704329600848933,-0.0626084129175462,-0.707106781186497));
#13738=DIRECTION('center_axis',(0.,0.,-1.));
#13739=DIRECTION('ref_axis',(-1.,-2.93213521277957E-44,4.05887987497369E-15));
#13740=DIRECTION('',(-0.186440188460016,-0.682085079830277,-0.70710678118649));
#13741=DIRECTION('',(0.682085079830278,0.186440188460016,0.707106781186489));
#13742=DIRECTION('center_axis',(0.,0.,1.));
#13743=DIRECTION('ref_axis',(1.,0.,0.));
#13744=DIRECTION('center_axis',(0.,0.,1.));
#13745=DIRECTION('ref_axis',(-0.263666243091528,-0.964613970588234,0.));
#13746=DIRECTION('center_axis',(0.,0.,-1.));
#13747=DIRECTION('ref_axis',(-0.263666243091528,-0.964613970588234,0.));
#13748=DIRECTION('center_axis',(0.,0.,1.));
#13749=DIRECTION('ref_axis',(0.263666243091528,-0.964613970588234,0.));
#13750=DIRECTION('center_axis',(0.,0.,-1.));
#13751=DIRECTION('ref_axis',(0.263666243091528,-0.964613970588234,0.));
#13752=DIRECTION('center_axis',(0.,0.,1.));
#13753=DIRECTION('ref_axis',(0.964613970588234,-0.263666243091528,0.));
#13754=DIRECTION('center_axis',(0.,0.,-1.));
#13755=DIRECTION('ref_axis',(0.964613970588234,-0.263666243091528,0.));
#13756=DIRECTION('center_axis',(0.,0.,1.));
#13757=DIRECTION('ref_axis',(0.964613970588234,0.263666243091528,0.));
#13758=DIRECTION('center_axis',(0.,0.,-1.));
#13759=DIRECTION('ref_axis',(0.964613970588234,0.263666243091528,0.));
#13760=DIRECTION('center_axis',(0.,0.,1.));
#13761=DIRECTION('ref_axis',(0.263666243091528,0.964613970588234,0.));
#13762=DIRECTION('center_axis',(0.,0.,-1.));
#13763=DIRECTION('ref_axis',(0.263666243091528,0.964613970588234,0.));
#13764=DIRECTION('center_axis',(0.,0.,1.));
#13765=DIRECTION('ref_axis',(-0.263666243091528,0.964613970588234,0.));
#13766=DIRECTION('center_axis',(0.,0.,-1.));
#13767=DIRECTION('ref_axis',(-0.263666243091528,0.964613970588234,0.));
#13768=DIRECTION('center_axis',(0.,0.,1.));
#13769=DIRECTION('ref_axis',(-0.964613970588234,0.263666243091528,0.));
#13770=DIRECTION('center_axis',(0.,0.,-1.));
#13771=DIRECTION('ref_axis',(-0.964613970588234,0.263666243091528,0.));
#13772=DIRECTION('center_axis',(0.,0.,1.));
#13773=DIRECTION('ref_axis',(-0.964613970588234,-0.263666243091528,0.));
#13774=DIRECTION('center_axis',(0.,0.,-1.));
#13775=DIRECTION('ref_axis',(-0.964613970588234,-0.263666243091528,0.));
#13776=DIRECTION('center_axis',(0.,0.,1.));
#13777=DIRECTION('ref_axis',(0.964613970588234,0.263666243091528,0.));
#13778=DIRECTION('',(0.,0.,1.));
#13779=DIRECTION('center_axis',(0.,0.,1.));
#13780=DIRECTION('ref_axis',(0.964613970588234,0.263666243091528,0.));
#13781=DIRECTION('',(0.,0.,1.));
#13782=DIRECTION('center_axis',(0.,0.,-1.));
#13783=DIRECTION('ref_axis',(0.707106781186547,0.707106781186547,0.));
#13784=DIRECTION('',(0.,0.,-1.));
#13785=DIRECTION('center_axis',(0.,0.,-1.));
#13786=DIRECTION('ref_axis',(0.707106781186506,-0.707106781186589,0.));
#13787=DIRECTION('center_axis',(0.,0.,-1.));
#13788=DIRECTION('ref_axis',(0.964613970588234,-0.263666243091528,0.));
#13789=DIRECTION('',(0.,0.,-1.));
#13790=DIRECTION('center_axis',(0.,0.,1.));
#13791=DIRECTION('ref_axis',(0.964613970588234,-0.263666243091528,0.));
#13792=DIRECTION('center_axis',(0.,0.,1.));
#13793=DIRECTION('ref_axis',(0.263666243091528,-0.964613970588234,0.));
#13794=DIRECTION('',(0.,0.,1.));
#13795=DIRECTION('center_axis',(0.,0.,1.));
#13796=DIRECTION('ref_axis',(0.263666243091528,-0.964613970588234,0.));
#13797=DIRECTION('',(0.,0.,1.));
#13798=DIRECTION('center_axis',(0.,0.,-1.));
#13799=DIRECTION('ref_axis',(0.707106781186506,-0.707106781186589,0.));
#13800=DIRECTION('',(0.,0.,-1.));
#13801=DIRECTION('center_axis',(0.,0.,-1.));
#13802=DIRECTION('ref_axis',(0.707106781186506,-0.707106781186589,0.));
#13803=DIRECTION('center_axis',(0.,0.,-1.));
#13804=DIRECTION('ref_axis',(-0.263666243091528,-0.964613970588234,0.));
#13805=DIRECTION('',(0.,0.,-1.));
#13806=DIRECTION('center_axis',(0.,0.,1.));
#13807=DIRECTION('ref_axis',(-0.263666243091528,-0.964613970588234,0.));
#13808=DIRECTION('center_axis',(0.,0.,1.));
#13809=DIRECTION('ref_axis',(1.,0.,0.));
#13810=DIRECTION('',(0.70710678118655,8.65956056235496E-17,-0.707106781186545));
#13811=DIRECTION('center_axis',(0.,0.,1.));
#13812=DIRECTION('ref_axis',(1.,0.,0.));
#13813=DIRECTION('center_axis',(0.,0.,-1.));
#13814=DIRECTION('ref_axis',(1.,0.,0.));
#13815=DIRECTION('center_axis',(0.,0.,1.));
#13816=DIRECTION('ref_axis',(1.,0.,0.));
#13817=DIRECTION('center_axis',(0.,0.,-1.));
#13818=DIRECTION('ref_axis',(1.,0.,0.));
#13819=DIRECTION('center_axis',(0.,0.,1.));
#13820=DIRECTION('ref_axis',(1.,0.,0.));
#13821=DIRECTION('center_axis',(0.,0.,-1.));
#13822=DIRECTION('ref_axis',(1.,0.,0.));
#13823=DIRECTION('center_axis',(0.,0.,1.));
#13824=DIRECTION('ref_axis',(1.,0.,0.));
#13825=DIRECTION('center_axis',(0.,0.,-1.));
#13826=DIRECTION('ref_axis',(1.,0.,0.));
#13827=DIRECTION('center_axis',(0.,0.,1.));
#13828=DIRECTION('ref_axis',(1.,0.,0.));
#13829=DIRECTION('center_axis',(0.,0.,1.));
#13830=DIRECTION('ref_axis',(-0.964613970588234,-0.263666243091528,0.));
#13831=DIRECTION('',(0.,0.,1.));
#13832=DIRECTION('center_axis',(0.,0.,1.));
#13833=DIRECTION('ref_axis',(-0.964613970588234,-0.263666243091528,0.));
#13834=DIRECTION('',(0.,0.,1.));
#13835=DIRECTION('center_axis',(0.,0.,-1.));
#13836=DIRECTION('ref_axis',(-0.707106781186506,0.707106781186589,0.));
#13837=DIRECTION('',(0.,0.,-1.));
#13838=DIRECTION('center_axis',(0.,0.,-1.));
#13839=DIRECTION('ref_axis',(-0.707106781186506,-0.707106781186589,0.));
#13840=DIRECTION('center_axis',(0.,0.,-1.));
#13841=DIRECTION('ref_axis',(-0.964613970588234,0.263666243091528,0.));
#13842=DIRECTION('',(0.,0.,-1.));
#13843=DIRECTION('center_axis',(0.,0.,1.));
#13844=DIRECTION('ref_axis',(-0.964613970588234,0.263666243091528,0.));
#13845=DIRECTION('center_axis',(0.,0.,1.));
#13846=DIRECTION('ref_axis',(-0.263666243091528,0.964613970588234,0.));
#13847=DIRECTION('',(0.,0.,1.));
#13848=DIRECTION('center_axis',(0.,0.,1.));
#13849=DIRECTION('ref_axis',(-0.263666243091528,0.964613970588234,0.));
#13850=DIRECTION('',(0.,0.,1.));
#13851=DIRECTION('center_axis',(0.,0.,-1.));
#13852=DIRECTION('ref_axis',(0.707106781186506,0.707106781186589,0.));
#13853=DIRECTION('',(0.,0.,-1.));
#13854=DIRECTION('center_axis',(0.,0.,-1.));
#13855=DIRECTION('ref_axis',(0.707106781186506,0.707106781186589,0.));
#13856=DIRECTION('center_axis',(0.,0.,-1.));
#13857=DIRECTION('ref_axis',(0.263666243091528,0.964613970588234,0.));
#13858=DIRECTION('',(0.,0.,-1.));
#13859=DIRECTION('center_axis',(0.,0.,1.));
#13860=DIRECTION('ref_axis',(0.263666243091528,0.964613970588234,0.));
#13861=DIRECTION('center_axis',(0.,0.,-1.));
#13862=DIRECTION('ref_axis',(-1.,0.,0.));
#13863=DIRECTION('center_axis',(0.,0.,-1.));
#13864=DIRECTION('ref_axis',(-1.,0.,0.));
#13865=DIRECTION('center_axis',(0.,0.,-1.));
#13866=DIRECTION('ref_axis',(-1.,0.,0.));
#13867=DIRECTION('center_axis',(0.,0.,-1.));
#13868=DIRECTION('ref_axis',(-1.,0.,0.));
#13869=DIRECTION('center_axis',(0.,0.,-1.));
#13870=DIRECTION('ref_axis',(1.,0.,0.));
#13871=DIRECTION('center_axis',(0.,0.,-1.));
#13872=DIRECTION('ref_axis',(1.,0.,0.));
#13873=DIRECTION('center_axis',(0.,0.,-1.));
#13874=DIRECTION('ref_axis',(1.,0.,0.));
#13875=DIRECTION('center_axis',(0.,0.,-1.));
#13876=DIRECTION('ref_axis',(1.,0.,0.));
#13877=DIRECTION('center_axis',(0.,0.,-1.));
#13878=DIRECTION('ref_axis',(-0.707106781186506,0.707106781186589,3.92523114670925E-15));
#13879=DIRECTION('',(0.0626084129175485,-0.704329600848979,0.707106781186451));
#13880=DIRECTION('center_axis',(7.40148683083438E-15,-7.22400096356282E-30,
1.));
#13881=DIRECTION('ref_axis',(-0.707106781186506,0.707106781186589,0.));
#13882=DIRECTION('',(-0.0626084129175485,-0.704329600848979,-0.707106781186451));
#13883=DIRECTION('center_axis',(0.,0.,-1.));
#13884=DIRECTION('ref_axis',(-1.,-2.93213521277957E-44,4.05887987497369E-15));
#13885=DIRECTION('',(-0.682085079830278,0.186440188460016,-0.707106781186489));
#13886=DIRECTION('',(0.186440188460016,-0.682085079830277,0.70710678118649));
#13887=DIRECTION('center_axis',(0.,0.,1.));
#13888=DIRECTION('ref_axis',(1.,0.,0.));
#13889=DIRECTION('center_axis',(0.,0.,-1.));
#13890=DIRECTION('ref_axis',(0.707106781186506,0.707106781186589,-3.92523114670923E-15));
#13891=DIRECTION('',(-0.704329600848933,-0.0626084129175462,0.707106781186497));
#13892=DIRECTION('center_axis',(7.40148683083438E-15,-7.22400096356282E-30,
1.));
#13893=DIRECTION('ref_axis',(0.707106781186506,0.707106781186589,0.));
#13894=DIRECTION('',(-0.704329600848938,0.0626084129175467,-0.707106781186492));
#13895=DIRECTION('center_axis',(0.,0.,-1.));
#13896=DIRECTION('ref_axis',(1.,2.93213521277958E-44,-4.0588798749737E-15));
#13897=DIRECTION('',(0.186440188460009,0.682085079830254,-0.707106781186513));
#13898=DIRECTION('',(-0.682085079830253,-0.186440188460009,0.707106781186515));
#13899=DIRECTION('center_axis',(0.,0.,1.));
#13900=DIRECTION('ref_axis',(1.,0.,0.));
#13901=DIRECTION('center_axis',(0.,0.,-1.));
#13902=DIRECTION('ref_axis',(0.707106781186547,0.707106781186547,-3.92523114670946E-15));
#13903=DIRECTION('',(-0.0626084129175844,0.704329600848912,0.707106781186515));
#13904=DIRECTION('center_axis',(7.40148683083438E-15,-7.22400096356282E-30,
1.));
#13905=DIRECTION('ref_axis',(0.707106781186547,0.707106781186547,0.));
#13906=DIRECTION('',(0.0626084129176061,0.7043296008489,-0.707106781186524));
#13907=DIRECTION('center_axis',(0.,0.,-1.));
#13908=DIRECTION('ref_axis',(1.,2.93213521277958E-44,-4.0588798749737E-15));
#13909=DIRECTION('',(0.682085079830253,-0.186440188460009,-0.707106781186515));
#13910=DIRECTION('',(-0.186440188460009,0.682085079830254,0.707106781186513));
#13911=DIRECTION('center_axis',(0.,0.,1.));
#13912=DIRECTION('ref_axis',(1.,0.,0.));
#13913=DIRECTION('center_axis',(0.,0.,-1.));
#13914=DIRECTION('ref_axis',(0.707106781186506,-0.707106781186589,-3.92523114670923E-15));
#13915=DIRECTION('',(0.704329600848938,0.0626084129175467,0.707106781186492));
#13916=DIRECTION('center_axis',(7.40148683083438E-15,-7.22400096356282E-30,
1.));
#13917=DIRECTION('ref_axis',(0.707106781186506,-0.707106781186589,0.));
#13918=DIRECTION('',(0.704329600848933,-0.0626084129175462,-0.707106781186497));
#13919=DIRECTION('center_axis',(0.,0.,-1.));
#13920=DIRECTION('ref_axis',(-1.,-2.93213521277957E-44,4.05887987497369E-15));
#13921=DIRECTION('',(-0.186440188460016,-0.682085079830277,-0.70710678118649));
#13922=DIRECTION('',(0.682085079830278,0.186440188460016,0.707106781186489));
#13923=DIRECTION('center_axis',(0.,0.,1.));
#13924=DIRECTION('ref_axis',(1.,0.,0.));
#13925=DIRECTION('center_axis',(0.,0.,1.));
#13926=DIRECTION('ref_axis',(-0.263666243091528,-0.964613970588234,0.));
#13927=DIRECTION('center_axis',(0.,0.,-1.));
#13928=DIRECTION('ref_axis',(-0.263666243091528,-0.964613970588234,0.));
#13929=DIRECTION('center_axis',(0.,0.,1.));
#13930=DIRECTION('ref_axis',(0.263666243091528,-0.964613970588234,0.));
#13931=DIRECTION('center_axis',(0.,0.,-1.));
#13932=DIRECTION('ref_axis',(0.263666243091528,-0.964613970588234,0.));
#13933=DIRECTION('center_axis',(0.,0.,1.));
#13934=DIRECTION('ref_axis',(0.964613970588234,-0.263666243091528,0.));
#13935=DIRECTION('center_axis',(0.,0.,-1.));
#13936=DIRECTION('ref_axis',(0.964613970588234,-0.263666243091528,0.));
#13937=DIRECTION('center_axis',(0.,0.,1.));
#13938=DIRECTION('ref_axis',(0.964613970588234,0.263666243091528,0.));
#13939=DIRECTION('center_axis',(0.,0.,-1.));
#13940=DIRECTION('ref_axis',(0.964613970588234,0.263666243091528,0.));
#13941=DIRECTION('center_axis',(0.,0.,1.));
#13942=DIRECTION('ref_axis',(0.263666243091528,0.964613970588234,0.));
#13943=DIRECTION('center_axis',(0.,0.,-1.));
#13944=DIRECTION('ref_axis',(0.263666243091528,0.964613970588234,0.));
#13945=DIRECTION('center_axis',(0.,0.,1.));
#13946=DIRECTION('ref_axis',(-0.263666243091528,0.964613970588234,0.));
#13947=DIRECTION('center_axis',(0.,0.,-1.));
#13948=DIRECTION('ref_axis',(-0.263666243091528,0.964613970588234,0.));
#13949=DIRECTION('center_axis',(0.,0.,1.));
#13950=DIRECTION('ref_axis',(-0.964613970588234,0.263666243091528,0.));
#13951=DIRECTION('center_axis',(0.,0.,-1.));
#13952=DIRECTION('ref_axis',(-0.964613970588234,0.263666243091528,0.));
#13953=DIRECTION('center_axis',(0.,0.,1.));
#13954=DIRECTION('ref_axis',(-0.964613970588234,-0.263666243091528,0.));
#13955=DIRECTION('center_axis',(0.,0.,-1.));
#13956=DIRECTION('ref_axis',(-0.964613970588234,-0.263666243091528,0.));
#13957=DIRECTION('center_axis',(0.,0.,1.));
#13958=DIRECTION('ref_axis',(0.964613970588234,0.263666243091528,0.));
#13959=DIRECTION('',(0.,0.,1.));
#13960=DIRECTION('center_axis',(0.,0.,1.));
#13961=DIRECTION('ref_axis',(0.964613970588234,0.263666243091528,0.));
#13962=DIRECTION('',(0.,0.,1.));
#13963=DIRECTION('center_axis',(0.,0.,-1.));
#13964=DIRECTION('ref_axis',(0.707106781186547,0.707106781186547,0.));
#13965=DIRECTION('',(0.,0.,-1.));
#13966=DIRECTION('center_axis',(0.,0.,-1.));
#13967=DIRECTION('ref_axis',(0.707106781186506,-0.707106781186589,0.));
#13968=DIRECTION('center_axis',(0.,0.,-1.));
#13969=DIRECTION('ref_axis',(0.964613970588234,-0.263666243091528,0.));
#13970=DIRECTION('',(0.,0.,-1.));
#13971=DIRECTION('center_axis',(0.,0.,1.));
#13972=DIRECTION('ref_axis',(0.964613970588234,-0.263666243091528,0.));
#13973=DIRECTION('center_axis',(0.,0.,1.));
#13974=DIRECTION('ref_axis',(0.263666243091528,-0.964613970588234,0.));
#13975=DIRECTION('',(0.,0.,1.));
#13976=DIRECTION('center_axis',(0.,0.,1.));
#13977=DIRECTION('ref_axis',(0.263666243091528,-0.964613970588234,0.));
#13978=DIRECTION('',(0.,0.,1.));
#13979=DIRECTION('center_axis',(0.,0.,-1.));
#13980=DIRECTION('ref_axis',(0.707106781186506,-0.707106781186589,0.));
#13981=DIRECTION('',(0.,0.,-1.));
#13982=DIRECTION('center_axis',(0.,0.,-1.));
#13983=DIRECTION('ref_axis',(0.707106781186506,-0.707106781186589,0.));
#13984=DIRECTION('center_axis',(0.,0.,-1.));
#13985=DIRECTION('ref_axis',(-0.263666243091528,-0.964613970588234,0.));
#13986=DIRECTION('',(0.,0.,-1.));
#13987=DIRECTION('center_axis',(0.,0.,1.));
#13988=DIRECTION('ref_axis',(-0.263666243091528,-0.964613970588234,0.));
#13989=DIRECTION('center_axis',(0.,0.,1.));
#13990=DIRECTION('ref_axis',(1.,0.,0.));
#13991=DIRECTION('',(0.70710678118655,8.65956056235496E-17,-0.707106781186545));
#13992=DIRECTION('center_axis',(0.,0.,1.));
#13993=DIRECTION('ref_axis',(1.,0.,0.));
#13994=DIRECTION('center_axis',(0.,0.,-1.));
#13995=DIRECTION('ref_axis',(1.,0.,0.));
#13996=DIRECTION('center_axis',(0.,0.,1.));
#13997=DIRECTION('ref_axis',(1.,0.,0.));
#13998=DIRECTION('center_axis',(0.,0.,-1.));
#13999=DIRECTION('ref_axis',(1.,0.,0.));
#14000=DIRECTION('center_axis',(0.,0.,1.));
#14001=DIRECTION('ref_axis',(1.,0.,0.));
#14002=DIRECTION('center_axis',(0.,0.,-1.));
#14003=DIRECTION('ref_axis',(1.,0.,0.));
#14004=DIRECTION('center_axis',(0.,0.,1.));
#14005=DIRECTION('ref_axis',(1.,0.,0.));
#14006=DIRECTION('center_axis',(0.,0.,-1.));
#14007=DIRECTION('ref_axis',(1.,0.,0.));
#14008=DIRECTION('center_axis',(0.,0.,1.));
#14009=DIRECTION('ref_axis',(1.,0.,0.));
#14010=DIRECTION('center_axis',(0.,0.,1.));
#14011=DIRECTION('ref_axis',(-0.964613970588234,-0.263666243091528,0.));
#14012=DIRECTION('',(0.,0.,1.));
#14013=DIRECTION('center_axis',(0.,0.,1.));
#14014=DIRECTION('ref_axis',(-0.964613970588234,-0.263666243091528,0.));
#14015=DIRECTION('',(0.,0.,1.));
#14016=DIRECTION('center_axis',(0.,0.,-1.));
#14017=DIRECTION('ref_axis',(-0.707106781186506,0.707106781186589,0.));
#14018=DIRECTION('',(0.,0.,-1.));
#14019=DIRECTION('center_axis',(0.,0.,-1.));
#14020=DIRECTION('ref_axis',(-0.707106781186506,-0.707106781186589,0.));
#14021=DIRECTION('center_axis',(0.,0.,-1.));
#14022=DIRECTION('ref_axis',(-0.964613970588234,0.263666243091528,0.));
#14023=DIRECTION('',(0.,0.,-1.));
#14024=DIRECTION('center_axis',(0.,0.,1.));
#14025=DIRECTION('ref_axis',(-0.964613970588234,0.263666243091528,0.));
#14026=DIRECTION('center_axis',(0.,0.,1.));
#14027=DIRECTION('ref_axis',(-0.263666243091528,0.964613970588234,0.));
#14028=DIRECTION('',(0.,0.,1.));
#14029=DIRECTION('center_axis',(0.,0.,1.));
#14030=DIRECTION('ref_axis',(-0.263666243091528,0.964613970588234,0.));
#14031=DIRECTION('',(0.,0.,1.));
#14032=DIRECTION('center_axis',(0.,0.,-1.));
#14033=DIRECTION('ref_axis',(0.707106781186506,0.707106781186589,0.));
#14034=DIRECTION('',(0.,0.,-1.));
#14035=DIRECTION('center_axis',(0.,0.,-1.));
#14036=DIRECTION('ref_axis',(0.707106781186506,0.707106781186589,0.));
#14037=DIRECTION('center_axis',(0.,0.,-1.));
#14038=DIRECTION('ref_axis',(0.263666243091528,0.964613970588234,0.));
#14039=DIRECTION('',(0.,0.,-1.));
#14040=DIRECTION('center_axis',(0.,0.,1.));
#14041=DIRECTION('ref_axis',(0.263666243091528,0.964613970588234,0.));
#14042=DIRECTION('center_axis',(0.,0.,-1.));
#14043=DIRECTION('ref_axis',(-1.,0.,0.));
#14044=DIRECTION('center_axis',(0.,0.,-1.));
#14045=DIRECTION('ref_axis',(-1.,0.,0.));
#14046=DIRECTION('center_axis',(0.,0.,-1.));
#14047=DIRECTION('ref_axis',(-1.,0.,0.));
#14048=DIRECTION('center_axis',(0.,0.,-1.));
#14049=DIRECTION('ref_axis',(-1.,0.,0.));
#14050=DIRECTION('center_axis',(0.,0.,-1.));
#14051=DIRECTION('ref_axis',(1.,0.,0.));
#14052=DIRECTION('center_axis',(0.,0.,-1.));
#14053=DIRECTION('ref_axis',(1.,0.,0.));
#14054=DIRECTION('center_axis',(0.,0.,-1.));
#14055=DIRECTION('ref_axis',(1.,0.,0.));
#14056=DIRECTION('center_axis',(0.,0.,-1.));
#14057=DIRECTION('ref_axis',(1.,0.,0.));
#14058=DIRECTION('center_axis',(0.,0.,-1.));
#14059=DIRECTION('ref_axis',(-0.707106781186506,0.707106781186589,3.92523114670925E-15));
#14060=DIRECTION('',(0.0626084129175485,-0.704329600848979,0.707106781186451));
#14061=DIRECTION('center_axis',(7.40148683083438E-15,-7.22400096356282E-30,
1.));
#14062=DIRECTION('ref_axis',(-0.707106781186506,0.707106781186589,0.));
#14063=DIRECTION('',(-0.0626084129175485,-0.704329600848979,-0.707106781186451));
#14064=DIRECTION('center_axis',(0.,0.,-1.));
#14065=DIRECTION('ref_axis',(-1.,-2.93213521277957E-44,4.05887987497369E-15));
#14066=DIRECTION('',(-0.682085079830278,0.186440188460016,-0.707106781186489));
#14067=DIRECTION('',(0.186440188460016,-0.682085079830277,0.70710678118649));
#14068=DIRECTION('center_axis',(7.40148683083438E-15,-7.22400096356282E-30,
1.));
#14069=DIRECTION('ref_axis',(-1.,0.,0.));
#14070=DIRECTION('center_axis',(0.,0.,-1.));
#14071=DIRECTION('ref_axis',(0.707106781186506,0.707106781186589,-3.92523114670923E-15));
#14072=DIRECTION('',(-0.704329600848933,-0.0626084129175462,0.707106781186497));
#14073=DIRECTION('center_axis',(7.40148683083438E-15,-7.22400096356282E-30,
1.));
#14074=DIRECTION('ref_axis',(0.707106781186506,0.707106781186589,0.));
#14075=DIRECTION('',(-0.704329600848938,0.0626084129175467,-0.707106781186492));
#14076=DIRECTION('center_axis',(0.,0.,-1.));
#14077=DIRECTION('ref_axis',(1.,2.93213521277958E-44,-4.0588798749737E-15));
#14078=DIRECTION('',(0.186440188460009,0.682085079830254,-0.707106781186513));
#14079=DIRECTION('',(-0.682085079830253,-0.186440188460009,0.707106781186515));
#14080=DIRECTION('center_axis',(7.40148683083438E-15,-7.22400096356282E-30,
1.));
#14081=DIRECTION('ref_axis',(1.,0.,0.));
#14082=DIRECTION('center_axis',(0.,0.,-1.));
#14083=DIRECTION('ref_axis',(0.707106781186547,0.707106781186547,-3.92523114670946E-15));
#14084=DIRECTION('',(-0.0626084129175844,0.704329600848912,0.707106781186515));
#14085=DIRECTION('center_axis',(7.40148683083438E-15,-7.22400096356282E-30,
1.));
#14086=DIRECTION('ref_axis',(0.707106781186547,0.707106781186547,0.));
#14087=DIRECTION('',(0.0626084129176061,0.7043296008489,-0.707106781186524));
#14088=DIRECTION('center_axis',(0.,0.,-1.));
#14089=DIRECTION('ref_axis',(1.,2.93213521277958E-44,-4.0588798749737E-15));
#14090=DIRECTION('',(0.682085079830253,-0.186440188460009,-0.707106781186515));
#14091=DIRECTION('',(-0.186440188460009,0.682085079830254,0.707106781186513));
#14092=DIRECTION('center_axis',(7.40148683083438E-15,-7.22400096356282E-30,
1.));
#14093=DIRECTION('ref_axis',(1.,0.,0.));
#14094=DIRECTION('center_axis',(0.,0.,-1.));
#14095=DIRECTION('ref_axis',(0.707106781186506,-0.707106781186589,-3.92523114670923E-15));
#14096=DIRECTION('',(0.704329600848938,0.0626084129175467,0.707106781186492));
#14097=DIRECTION('center_axis',(7.40148683083438E-15,-7.22400096356282E-30,
1.));
#14098=DIRECTION('ref_axis',(0.707106781186506,-0.707106781186589,0.));
#14099=DIRECTION('',(0.704329600848933,-0.0626084129175462,-0.707106781186497));
#14100=DIRECTION('center_axis',(0.,0.,-1.));
#14101=DIRECTION('ref_axis',(-1.,-2.93213521277957E-44,4.05887987497369E-15));
#14102=DIRECTION('',(-0.186440188460016,-0.682085079830277,-0.70710678118649));
#14103=DIRECTION('',(0.682085079830278,0.186440188460016,0.707106781186489));
#14104=DIRECTION('center_axis',(7.40148683083438E-15,-7.22400096356282E-30,
1.));
#14105=DIRECTION('ref_axis',(-1.,0.,0.));
#14106=DIRECTION('center_axis',(0.,0.,1.));
#14107=DIRECTION('ref_axis',(-0.263666243091528,-0.964613970588234,0.));
#14108=DIRECTION('center_axis',(0.,0.,-1.));
#14109=DIRECTION('ref_axis',(-0.263666243091528,-0.964613970588234,0.));
#14110=DIRECTION('center_axis',(0.,0.,1.));
#14111=DIRECTION('ref_axis',(0.263666243091528,-0.964613970588234,0.));
#14112=DIRECTION('center_axis',(0.,0.,-1.));
#14113=DIRECTION('ref_axis',(0.263666243091528,-0.964613970588234,0.));
#14114=DIRECTION('center_axis',(0.,0.,1.));
#14115=DIRECTION('ref_axis',(0.964613970588234,-0.263666243091528,0.));
#14116=DIRECTION('center_axis',(0.,0.,-1.));
#14117=DIRECTION('ref_axis',(0.964613970588234,-0.263666243091528,0.));
#14118=DIRECTION('center_axis',(0.,0.,1.));
#14119=DIRECTION('ref_axis',(0.964613970588234,0.263666243091528,0.));
#14120=DIRECTION('center_axis',(0.,0.,-1.));
#14121=DIRECTION('ref_axis',(0.964613970588234,0.263666243091528,0.));
#14122=DIRECTION('center_axis',(0.,0.,1.));
#14123=DIRECTION('ref_axis',(0.263666243091528,0.964613970588234,0.));
#14124=DIRECTION('center_axis',(0.,0.,-1.));
#14125=DIRECTION('ref_axis',(0.263666243091528,0.964613970588234,0.));
#14126=DIRECTION('center_axis',(0.,0.,1.));
#14127=DIRECTION('ref_axis',(-0.263666243091528,0.964613970588234,0.));
#14128=DIRECTION('center_axis',(0.,0.,-1.));
#14129=DIRECTION('ref_axis',(-0.263666243091528,0.964613970588234,0.));
#14130=DIRECTION('center_axis',(0.,0.,1.));
#14131=DIRECTION('ref_axis',(-0.964613970588234,0.263666243091528,0.));
#14132=DIRECTION('center_axis',(0.,0.,-1.));
#14133=DIRECTION('ref_axis',(-0.964613970588234,0.263666243091528,0.));
#14134=DIRECTION('center_axis',(0.,0.,1.));
#14135=DIRECTION('ref_axis',(-0.964613970588234,-0.263666243091528,0.));
#14136=DIRECTION('center_axis',(0.,0.,-1.));
#14137=DIRECTION('ref_axis',(-0.964613970588234,-0.263666243091528,0.));
#14138=DIRECTION('center_axis',(0.,0.,1.));
#14139=DIRECTION('ref_axis',(0.964613970588234,0.263666243091528,0.));
#14140=DIRECTION('',(0.,0.,1.));
#14141=DIRECTION('center_axis',(0.,0.,1.));
#14142=DIRECTION('ref_axis',(0.964613970588234,0.263666243091528,0.));
#14143=DIRECTION('',(0.,0.,-1.));
#14144=DIRECTION('center_axis',(0.,0.,-1.));
#14145=DIRECTION('ref_axis',(0.707106781186547,0.707106781186547,0.));
#14146=DIRECTION('',(0.,0.,-1.));
#14147=DIRECTION('center_axis',(0.,0.,-1.));
#14148=DIRECTION('ref_axis',(0.707106781186506,-0.707106781186589,0.));
#14149=DIRECTION('center_axis',(0.,0.,-1.));
#14150=DIRECTION('ref_axis',(0.964613970588234,-0.263666243091528,0.));
#14151=DIRECTION('',(0.,0.,1.));
#14152=DIRECTION('center_axis',(0.,0.,1.));
#14153=DIRECTION('ref_axis',(0.964613970588234,-0.263666243091528,0.));
#14154=DIRECTION('center_axis',(0.,0.,-1.));
#14155=DIRECTION('ref_axis',(1.,0.,0.));
#14156=DIRECTION('',(0.,0.,-1.));
#14157=DIRECTION('center_axis',(0.,0.,-1.));
#14158=DIRECTION('ref_axis',(1.,0.,0.));
#14159=DIRECTION('center_axis',(0.,0.,1.));
#14160=DIRECTION('ref_axis',(0.263666243091528,-0.964613970588234,0.));
#14161=DIRECTION('',(0.,0.,1.));
#14162=DIRECTION('center_axis',(0.,0.,1.));
#14163=DIRECTION('ref_axis',(0.263666243091528,-0.964613970588234,0.));
#14164=DIRECTION('center_axis',(0.,0.,-1.));
#14165=DIRECTION('ref_axis',(0.707106781186506,-0.707106781186589,0.));
#14166=DIRECTION('',(0.,0.,-1.));
#14167=DIRECTION('center_axis',(0.,0.,-1.));
#14168=DIRECTION('ref_axis',(0.707106781186506,-0.707106781186589,0.));
#14169=DIRECTION('center_axis',(0.,0.,-1.));
#14170=DIRECTION('ref_axis',(-0.263666243091528,-0.964613970588234,0.));
#14171=DIRECTION('',(0.,0.,1.));
#14172=DIRECTION('center_axis',(0.,0.,1.));
#14173=DIRECTION('ref_axis',(-0.263666243091528,-0.964613970588234,0.));
#14174=DIRECTION('center_axis',(0.,0.,-1.));
#14175=DIRECTION('ref_axis',(1.,0.,0.));
#14176=DIRECTION('',(0.,0.,-1.));
#14177=DIRECTION('center_axis',(0.,0.,-1.));
#14178=DIRECTION('ref_axis',(1.,0.,0.));
#14179=DIRECTION('center_axis',(0.,0.,1.));
#14180=DIRECTION('ref_axis',(1.,0.,0.));
#14181=DIRECTION('',(0.70710678118655,8.65956056235496E-17,-0.707106781186545));
#14182=DIRECTION('center_axis',(0.,0.,1.));
#14183=DIRECTION('ref_axis',(1.,0.,0.));
#14184=DIRECTION('center_axis',(0.,0.,-1.));
#14185=DIRECTION('ref_axis',(1.,0.,0.));
#14186=DIRECTION('center_axis',(0.,0.,1.));
#14187=DIRECTION('ref_axis',(1.,0.,0.));
#14188=DIRECTION('center_axis',(0.,0.,-1.));
#14189=DIRECTION('ref_axis',(1.,0.,0.));
#14190=DIRECTION('center_axis',(0.,0.,1.));
#14191=DIRECTION('ref_axis',(1.,0.,0.));
#14192=DIRECTION('center_axis',(0.,0.,1.));
#14193=DIRECTION('ref_axis',(1.,0.,0.));
#14194=DIRECTION('center_axis',(0.,0.,1.));
#14195=DIRECTION('ref_axis',(1.,0.,0.));
#14196=DIRECTION('center_axis',(0.,0.,1.));
#14197=DIRECTION('ref_axis',(-0.964613970588234,-0.263666243091528,0.));
#14198=DIRECTION('',(0.,0.,1.));
#14199=DIRECTION('center_axis',(0.,0.,1.));
#14200=DIRECTION('ref_axis',(-0.964613970588234,-0.263666243091528,0.));
#14201=DIRECTION('center_axis',(0.,0.,-1.));
#14202=DIRECTION('ref_axis',(-0.707106781186506,0.707106781186589,0.));
#14203=DIRECTION('',(0.,0.,-1.));
#14204=DIRECTION('center_axis',(0.,0.,-1.));
#14205=DIRECTION('ref_axis',(-0.707106781186506,-0.707106781186589,0.));
#14206=DIRECTION('center_axis',(0.,0.,-1.));
#14207=DIRECTION('ref_axis',(-0.964613970588234,0.263666243091528,0.));
#14208=DIRECTION('',(0.,0.,1.));
#14209=DIRECTION('center_axis',(0.,0.,1.));
#14210=DIRECTION('ref_axis',(-0.964613970588234,0.263666243091528,0.));
#14211=DIRECTION('center_axis',(0.,0.,-1.));
#14212=DIRECTION('ref_axis',(1.,0.,0.));
#14213=DIRECTION('',(0.,0.,-1.));
#14214=DIRECTION('center_axis',(0.,0.,1.));
#14215=DIRECTION('ref_axis',(-0.263666243091528,0.964613970588234,0.));
#14216=DIRECTION('',(0.,0.,1.));
#14217=DIRECTION('center_axis',(0.,0.,1.));
#14218=DIRECTION('ref_axis',(-0.263666243091528,0.964613970588234,0.));
#14219=DIRECTION('center_axis',(0.,0.,-1.));
#14220=DIRECTION('ref_axis',(0.707106781186506,0.707106781186589,0.));
#14221=DIRECTION('',(0.,0.,-1.));
#14222=DIRECTION('center_axis',(0.,0.,-1.));
#14223=DIRECTION('ref_axis',(0.707106781186506,0.707106781186589,0.));
#14224=DIRECTION('center_axis',(0.,0.,-1.));
#14225=DIRECTION('ref_axis',(0.263666243091528,0.964613970588234,0.));
#14226=DIRECTION('',(0.,0.,1.));
#14227=DIRECTION('center_axis',(0.,0.,1.));
#14228=DIRECTION('ref_axis',(0.263666243091528,0.964613970588234,0.));
#14229=DIRECTION('center_axis',(0.,0.,-1.));
#14230=DIRECTION('ref_axis',(1.,0.,0.));
#14231=DIRECTION('center_axis',(0.,0.,-1.));
#14232=DIRECTION('ref_axis',(-1.,0.,0.));
#14233=DIRECTION('center_axis',(0.,0.,-1.));
#14234=DIRECTION('ref_axis',(-1.,0.,0.));
#14235=DIRECTION('center_axis',(0.,0.,-1.));
#14236=DIRECTION('ref_axis',(-1.,0.,0.));
#14237=DIRECTION('center_axis',(0.,0.,-1.));
#14238=DIRECTION('ref_axis',(-1.,0.,0.));
#14239=DIRECTION('center_axis',(1.,0.,0.));
#14240=DIRECTION('ref_axis',(0.,-1.,0.));
#14241=DIRECTION('',(0.,0.,-1.));
#14242=DIRECTION('center_axis',(0.,0.,-1.));
#14243=DIRECTION('ref_axis',(1.,0.,0.));
#14244=DIRECTION('',(0.,0.,-1.));
#14245=DIRECTION('center_axis',(0.,1.,0.));
#14246=DIRECTION('ref_axis',(1.,0.,0.));
#14247=DIRECTION('center_axis',(-1.,0.,0.));
#14248=DIRECTION('ref_axis',(0.,1.,0.));
#14249=DIRECTION('',(0.,0.,-1.));
#14250=DIRECTION('center_axis',(0.,0.,-1.));
#14251=DIRECTION('ref_axis',(1.,0.,0.));
#14252=DIRECTION('center_axis',(-1.,0.,0.));
#14253=DIRECTION('ref_axis',(0.,1.,0.));
#14254=DIRECTION('',(0.,0.,-1.));
#14255=DIRECTION('center_axis',(0.,1.,0.));
#14256=DIRECTION('ref_axis',(1.,0.,0.));
#14257=DIRECTION('',(0.,0.,-1.));
#14258=DIRECTION('center_axis',(0.,0.,-1.));
#14259=DIRECTION('ref_axis',(1.,0.,0.));
#14260=DIRECTION('center_axis',(1.,-8.88178419700126E-16,0.));
#14261=DIRECTION('ref_axis',(8.88178419700126E-16,1.,0.));
#14262=DIRECTION('center_axis',(0.,-1.,0.));
#14263=DIRECTION('ref_axis',(-1.,0.,0.));
#14264=DIRECTION('',(0.,0.,-1.));
#14265=DIRECTION('center_axis',(1.,0.,0.));
#14266=DIRECTION('ref_axis',(0.,-1.,0.));
#14267=DIRECTION('',(0.,0.,-1.));
#14268=DIRECTION('center_axis',(0.,0.,-1.));
#14269=DIRECTION('ref_axis',(1.,0.,0.));
#14270=DIRECTION('center_axis',(-0.707106781186547,0.,0.707106781186548));
#14271=DIRECTION('ref_axis',(0.707106781186548,0.,0.707106781186547));
#14272=DIRECTION('',(0.707106781186548,0.,0.707106781186547));
#14273=DIRECTION('',(-0.707106781186548,0.,-0.707106781186547));
#14274=DIRECTION('',(0.,-1.,0.));
#14275=DIRECTION('center_axis',(0.,0.,1.));
#14276=DIRECTION('ref_axis',(-1.,0.,0.));
#14277=DIRECTION('',(-0.707106781186548,0.,0.707106781186547));
#14278=DIRECTION('center_axis',(0.,0.,-1.));
#14279=DIRECTION('ref_axis',(-1.,0.,0.));
#14280=DIRECTION('center_axis',(0.707106781186547,0.,0.707106781186548));
#14281=DIRECTION('ref_axis',(0.707106781186548,0.,-0.707106781186547));
#14282=DIRECTION('',(-0.707106781186548,0.,0.707106781186547));
#14283=DIRECTION('',(0.,1.,0.));
#14284=DIRECTION('center_axis',(0.,0.,1.));
#14285=DIRECTION('ref_axis',(1.,0.,0.));
#14286=DIRECTION('center_axis',(0.,0.,-1.));
#14287=DIRECTION('ref_axis',(1.,0.,0.));
#14288=DIRECTION('center_axis',(0.,0.,1.));
#14289=DIRECTION('ref_axis',(-1.,0.,0.));
#14290=DIRECTION('',(0.,0.,1.));
#14291=DIRECTION('center_axis',(0.,0.,1.));
#14292=DIRECTION('ref_axis',(-1.,0.,0.));
#14293=DIRECTION('',(0.,0.,1.));
#14294=DIRECTION('center_axis',(1.,0.,0.));
#14295=DIRECTION('ref_axis',(0.,1.,0.));
#14296=DIRECTION('',(0.,0.,1.));
#14297=DIRECTION('',(0.,1.,0.));
#14298=DIRECTION('center_axis',(0.707106781186547,0.,-0.707106781186548));
#14299=DIRECTION('ref_axis',(-0.707106781186548,0.,-0.707106781186547));
#14300=DIRECTION('',(-0.707106781186548,0.,-0.707106781186547));
#14301=DIRECTION('',(0.707106781186548,0.,0.707106781186547));
#14302=DIRECTION('',(0.,-1.,0.));
#14303=DIRECTION('center_axis',(0.,0.,-1.));
#14304=DIRECTION('ref_axis',(-1.,0.,0.));
#14305=DIRECTION('',(0.707106781186548,0.,-0.707106781186547));
#14306=DIRECTION('center_axis',(-0.707106781186547,0.,-0.707106781186548));
#14307=DIRECTION('ref_axis',(-0.707106781186548,0.,0.707106781186547));
#14308=DIRECTION('',(0.707106781186548,0.,-0.707106781186547));
#14309=DIRECTION('center_axis',(0.,0.,-1.));
#14310=DIRECTION('ref_axis',(1.,0.,0.));
#14311=DIRECTION('center_axis',(0.,0.,1.));
#14312=DIRECTION('ref_axis',(1.,0.,0.));
#14313=DIRECTION('center_axis',(-1.,0.,0.));
#14314=DIRECTION('ref_axis',(0.,-1.,0.));
#14315=DIRECTION('',(0.,0.,1.));
#14316=DIRECTION('center_axis',(0.,0.,1.));
#14317=DIRECTION('ref_axis',(1.,0.,0.));
#14318=DIRECTION('center_axis',(0.707106781186547,0.,-0.707106781186548));
#14319=DIRECTION('ref_axis',(-0.707106781186548,0.,-0.707106781186547));
#14320=DIRECTION('',(-0.707106781186548,0.,-0.707106781186547));
#14321=DIRECTION('',(0.707106781186548,0.,0.707106781186547));
#14322=DIRECTION('',(0.,-1.,0.));
#14323=DIRECTION('center_axis',(0.,0.,-1.));
#14324=DIRECTION('ref_axis',(-1.,0.,0.));
#14325=DIRECTION('',(0.707106781186548,0.,-0.707106781186547));
#14326=DIRECTION('center_axis',(0.,0.,1.));
#14327=DIRECTION('ref_axis',(-1.,0.,0.));
#14328=DIRECTION('center_axis',(-0.707106781186547,0.,-0.707106781186548));
#14329=DIRECTION('ref_axis',(-0.707106781186548,0.,0.707106781186547));
#14330=DIRECTION('',(0.707106781186548,0.,-0.707106781186547));
#14331=DIRECTION('',(0.,1.,0.));
#14332=DIRECTION('center_axis',(0.,0.,-1.));
#14333=DIRECTION('ref_axis',(1.,0.,0.));
#14334=DIRECTION('center_axis',(0.,0.,1.));
#14335=DIRECTION('ref_axis',(1.,0.,0.));
#14336=DIRECTION('center_axis',(0.,0.,1.));
#14337=DIRECTION('ref_axis',(-1.,0.,0.));
#14338=DIRECTION('',(0.,0.,1.));
#14339=DIRECTION('center_axis',(0.,0.,-1.));
#14340=DIRECTION('ref_axis',(-1.,0.,0.));
#14341=DIRECTION('',(0.,0.,1.));
#14342=DIRECTION('center_axis',(-1.,0.,0.));
#14343=DIRECTION('ref_axis',(0.,-1.,0.));
#14344=DIRECTION('',(0.,0.,1.));
#14345=DIRECTION('',(0.,1.,0.));
#14346=DIRECTION('center_axis',(0.,0.,1.));
#14347=DIRECTION('ref_axis',(-1.,0.,0.));
#14348=DIRECTION('',(-0.707106781186548,0.,0.707106781186547));
#14349=DIRECTION('',(-0.707106781186548,0.,-0.707106781186547));
#14350=DIRECTION('center_axis',(0.707106781186547,0.,0.707106781186548));
#14351=DIRECTION('ref_axis',(0.707106781186548,0.,-0.707106781186547));
#14352=DIRECTION('',(-0.707106781186548,0.,0.707106781186547));
#14353=DIRECTION('center_axis',(0.,0.,1.));
#14354=DIRECTION('ref_axis',(1.,0.,0.));
#14355=DIRECTION('',(0.707106781186548,0.,0.707106781186547));
#14356=DIRECTION('center_axis',(0.,0.,-1.));
#14357=DIRECTION('ref_axis',(1.,0.,0.));
#14358=DIRECTION('center_axis',(-0.707106781186547,0.,0.707106781186548));
#14359=DIRECTION('ref_axis',(0.707106781186548,0.,0.707106781186547));
#14360=DIRECTION('',(0.,-1.,0.));
#14361=DIRECTION('center_axis',(1.,0.,0.));
#14362=DIRECTION('ref_axis',(0.,1.,0.));
#14363=DIRECTION('',(0.,0.,1.));
#14364=DIRECTION('center_axis',(0.,0.,1.));
#14365=DIRECTION('ref_axis',(1.,0.,0.));
#14366=DIRECTION('center_axis',(0.707106781186547,0.,-0.707106781186548));
#14367=DIRECTION('ref_axis',(-0.707106781186548,0.,-0.707106781186547));
#14368=DIRECTION('',(-0.707106781186548,0.,-0.707106781186547));
#14369=DIRECTION('',(0.707106781186548,0.,0.707106781186547));
#14370=DIRECTION('',(0.,-1.,0.));
#14371=DIRECTION('center_axis',(0.,0.,-1.));
#14372=DIRECTION('ref_axis',(-1.,0.,0.));
#14373=DIRECTION('',(0.707106781186548,0.,-0.707106781186547));
#14374=DIRECTION('center_axis',(0.,0.,1.));
#14375=DIRECTION('ref_axis',(-1.,0.,0.));
#14376=DIRECTION('center_axis',(-0.707106781186547,0.,-0.707106781186548));
#14377=DIRECTION('ref_axis',(-0.707106781186548,0.,0.707106781186547));
#14378=DIRECTION('',(0.707106781186548,0.,-0.707106781186547));
#14379=DIRECTION('',(0.,1.,0.));
#14380=DIRECTION('center_axis',(0.,0.,-1.));
#14381=DIRECTION('ref_axis',(1.,0.,0.));
#14382=DIRECTION('center_axis',(0.,0.,1.));
#14383=DIRECTION('ref_axis',(1.,0.,0.));
#14384=DIRECTION('center_axis',(0.,0.,1.));
#14385=DIRECTION('ref_axis',(-1.,0.,0.));
#14386=DIRECTION('',(0.,0.,1.));
#14387=DIRECTION('center_axis',(0.,0.,-1.));
#14388=DIRECTION('ref_axis',(-1.,0.,0.));
#14389=DIRECTION('',(0.,0.,1.));
#14390=DIRECTION('center_axis',(-1.,0.,0.));
#14391=DIRECTION('ref_axis',(0.,-1.,0.));
#14392=DIRECTION('',(0.,0.,1.));
#14393=DIRECTION('',(0.,1.,0.));
#14394=DIRECTION('center_axis',(0.,0.,1.));
#14395=DIRECTION('ref_axis',(-1.,0.,0.));
#14396=DIRECTION('',(-0.707106781186548,0.,0.707106781186547));
#14397=DIRECTION('',(-0.707106781186548,0.,-0.707106781186547));
#14398=DIRECTION('center_axis',(0.707106781186547,0.,0.707106781186548));
#14399=DIRECTION('ref_axis',(0.707106781186548,0.,-0.707106781186547));
#14400=DIRECTION('',(-0.707106781186548,0.,0.707106781186547));
#14401=DIRECTION('center_axis',(0.,0.,1.));
#14402=DIRECTION('ref_axis',(1.,0.,0.));
#14403=DIRECTION('',(0.707106781186548,0.,0.707106781186547));
#14404=DIRECTION('center_axis',(0.,0.,-1.));
#14405=DIRECTION('ref_axis',(1.,0.,0.));
#14406=DIRECTION('center_axis',(-0.707106781186547,0.,0.707106781186548));
#14407=DIRECTION('ref_axis',(0.707106781186548,0.,0.707106781186547));
#14408=DIRECTION('',(0.,-1.,0.));
#14409=DIRECTION('center_axis',(1.,0.,0.));
#14410=DIRECTION('ref_axis',(0.,1.,0.));
#14411=DIRECTION('',(0.,0.,1.));
#14412=DIRECTION('center_axis',(0.,0.,1.));
#14413=DIRECTION('ref_axis',(1.,0.,0.));
#14414=DIRECTION('center_axis',(0.707106781186547,0.,-0.707106781186548));
#14415=DIRECTION('ref_axis',(-0.707106781186548,0.,-0.707106781186547));
#14416=DIRECTION('',(-0.707106781186548,0.,-0.707106781186547));
#14417=DIRECTION('',(0.707106781186548,0.,0.707106781186547));
#14418=DIRECTION('',(0.,-1.,0.));
#14419=DIRECTION('center_axis',(0.,0.,-1.));
#14420=DIRECTION('ref_axis',(-1.,0.,0.));
#14421=DIRECTION('',(0.707106781186548,0.,-0.707106781186547));
#14422=DIRECTION('center_axis',(0.,0.,1.));
#14423=DIRECTION('ref_axis',(-1.,0.,0.));
#14424=DIRECTION('center_axis',(-0.707106781186547,0.,-0.707106781186548));
#14425=DIRECTION('ref_axis',(-0.707106781186548,0.,0.707106781186547));
#14426=DIRECTION('',(0.707106781186548,0.,-0.707106781186547));
#14427=DIRECTION('',(0.,1.,0.));
#14428=DIRECTION('center_axis',(0.,0.,-1.));
#14429=DIRECTION('ref_axis',(1.,0.,0.));
#14430=DIRECTION('center_axis',(0.,0.,1.));
#14431=DIRECTION('ref_axis',(1.,0.,0.));
#14432=DIRECTION('center_axis',(0.,0.,1.));
#14433=DIRECTION('ref_axis',(-1.,0.,0.));
#14434=DIRECTION('',(0.,0.,1.));
#14435=DIRECTION('center_axis',(0.,0.,-1.));
#14436=DIRECTION('ref_axis',(-1.,0.,0.));
#14437=DIRECTION('',(0.,0.,1.));
#14438=DIRECTION('center_axis',(-1.,0.,0.));
#14439=DIRECTION('ref_axis',(0.,-1.,0.));
#14440=DIRECTION('',(0.,0.,1.));
#14441=DIRECTION('',(0.,1.,0.));
#14442=DIRECTION('center_axis',(0.,0.,1.));
#14443=DIRECTION('ref_axis',(-1.,0.,0.));
#14444=DIRECTION('',(-0.707106781186548,0.,0.707106781186547));
#14445=DIRECTION('',(-0.707106781186548,0.,-0.707106781186547));
#14446=DIRECTION('center_axis',(0.707106781186547,0.,0.707106781186548));
#14447=DIRECTION('ref_axis',(0.707106781186548,0.,-0.707106781186547));
#14448=DIRECTION('',(-0.707106781186548,0.,0.707106781186547));
#14449=DIRECTION('center_axis',(0.,0.,1.));
#14450=DIRECTION('ref_axis',(1.,0.,0.));
#14451=DIRECTION('',(0.707106781186548,0.,0.707106781186547));
#14452=DIRECTION('center_axis',(0.,0.,-1.));
#14453=DIRECTION('ref_axis',(1.,0.,0.));
#14454=DIRECTION('center_axis',(-0.707106781186547,0.,0.707106781186548));
#14455=DIRECTION('ref_axis',(0.707106781186548,0.,0.707106781186547));
#14456=DIRECTION('',(0.,-1.,0.));
#14457=DIRECTION('center_axis',(1.,0.,0.));
#14458=DIRECTION('ref_axis',(0.,1.,0.));
#14459=DIRECTION('',(0.,0.,1.));
#14460=DIRECTION('center_axis',(0.,0.,1.));
#14461=DIRECTION('ref_axis',(1.,0.,0.));
#14462=DIRECTION('center_axis',(0.707106781186547,0.,-0.707106781186548));
#14463=DIRECTION('ref_axis',(-0.707106781186548,0.,-0.707106781186547));
#14464=DIRECTION('',(-0.707106781186548,0.,-0.707106781186547));
#14465=DIRECTION('',(0.707106781186548,0.,0.707106781186547));
#14466=DIRECTION('',(0.,-1.,0.));
#14467=DIRECTION('center_axis',(0.,0.,-1.));
#14468=DIRECTION('ref_axis',(-1.,0.,0.));
#14469=DIRECTION('',(0.707106781186548,0.,-0.707106781186547));
#14470=DIRECTION('center_axis',(0.,0.,1.));
#14471=DIRECTION('ref_axis',(-1.,0.,0.));
#14472=DIRECTION('center_axis',(-0.707106781186547,0.,-0.707106781186548));
#14473=DIRECTION('ref_axis',(-0.707106781186548,0.,0.707106781186547));
#14474=DIRECTION('',(0.707106781186548,0.,-0.707106781186547));
#14475=DIRECTION('',(0.,1.,0.));
#14476=DIRECTION('center_axis',(0.,0.,-1.));
#14477=DIRECTION('ref_axis',(1.,0.,0.));
#14478=DIRECTION('center_axis',(0.,0.,1.));
#14479=DIRECTION('ref_axis',(1.,0.,0.));
#14480=DIRECTION('center_axis',(0.,0.,1.));
#14481=DIRECTION('ref_axis',(-1.,0.,0.));
#14482=DIRECTION('',(0.,0.,1.));
#14483=DIRECTION('center_axis',(0.,0.,-1.));
#14484=DIRECTION('ref_axis',(-1.,0.,0.));
#14485=DIRECTION('',(0.,0.,1.));
#14486=DIRECTION('center_axis',(-1.,0.,0.));
#14487=DIRECTION('ref_axis',(0.,-1.,0.));
#14488=DIRECTION('',(0.,0.,1.));
#14489=DIRECTION('',(0.,1.,0.));
#14490=DIRECTION('center_axis',(0.,0.,1.));
#14491=DIRECTION('ref_axis',(-1.,0.,0.));
#14492=DIRECTION('',(-0.707106781186548,0.,0.707106781186547));
#14493=DIRECTION('',(-0.707106781186548,0.,-0.707106781186547));
#14494=DIRECTION('center_axis',(0.707106781186547,0.,0.707106781186548));
#14495=DIRECTION('ref_axis',(0.707106781186548,0.,-0.707106781186547));
#14496=DIRECTION('',(-0.707106781186548,0.,0.707106781186547));
#14497=DIRECTION('center_axis',(0.,0.,1.));
#14498=DIRECTION('ref_axis',(1.,0.,0.));
#14499=DIRECTION('',(0.707106781186548,0.,0.707106781186547));
#14500=DIRECTION('center_axis',(0.,0.,-1.));
#14501=DIRECTION('ref_axis',(1.,0.,0.));
#14502=DIRECTION('center_axis',(-0.707106781186547,0.,0.707106781186548));
#14503=DIRECTION('ref_axis',(0.707106781186548,0.,0.707106781186547));
#14504=DIRECTION('',(0.,-1.,0.));
#14505=DIRECTION('center_axis',(1.,0.,0.));
#14506=DIRECTION('ref_axis',(0.,1.,0.));
#14507=DIRECTION('',(0.,0.,1.));
#14508=DIRECTION('center_axis',(0.,0.,1.));
#14509=DIRECTION('ref_axis',(1.,0.,0.));
#14510=DIRECTION('center_axis',(0.707106781186547,0.,-0.707106781186548));
#14511=DIRECTION('ref_axis',(-0.707106781186548,0.,-0.707106781186547));
#14512=DIRECTION('',(-0.707106781186548,0.,-0.707106781186547));
#14513=DIRECTION('',(0.707106781186548,0.,0.707106781186547));
#14514=DIRECTION('',(0.,-1.,0.));
#14515=DIRECTION('center_axis',(0.,0.,-1.));
#14516=DIRECTION('ref_axis',(-1.,0.,0.));
#14517=DIRECTION('',(0.707106781186548,0.,-0.707106781186547));
#14518=DIRECTION('center_axis',(0.,0.,1.));
#14519=DIRECTION('ref_axis',(-1.,0.,0.));
#14520=DIRECTION('center_axis',(-0.707106781186547,0.,-0.707106781186548));
#14521=DIRECTION('ref_axis',(-0.707106781186548,0.,0.707106781186547));
#14522=DIRECTION('',(0.707106781186548,0.,-0.707106781186547));
#14523=DIRECTION('',(0.,1.,0.));
#14524=DIRECTION('center_axis',(0.,0.,-1.));
#14525=DIRECTION('ref_axis',(1.,0.,0.));
#14526=DIRECTION('center_axis',(0.,0.,1.));
#14527=DIRECTION('ref_axis',(1.,0.,0.));
#14528=DIRECTION('center_axis',(0.,0.,1.));
#14529=DIRECTION('ref_axis',(-1.,0.,0.));
#14530=DIRECTION('',(0.,0.,1.));
#14531=DIRECTION('center_axis',(0.,0.,-1.));
#14532=DIRECTION('ref_axis',(-1.,0.,0.));
#14533=DIRECTION('',(0.,0.,1.));
#14534=DIRECTION('center_axis',(-1.,0.,0.));
#14535=DIRECTION('ref_axis',(0.,-1.,0.));
#14536=DIRECTION('',(0.,0.,1.));
#14537=DIRECTION('',(0.,1.,0.));
#14538=DIRECTION('center_axis',(0.,0.,1.));
#14539=DIRECTION('ref_axis',(-1.,0.,0.));
#14540=DIRECTION('',(-0.707106781186548,0.,0.707106781186547));
#14541=DIRECTION('',(-0.707106781186548,0.,-0.707106781186547));
#14542=DIRECTION('center_axis',(0.707106781186547,0.,0.707106781186548));
#14543=DIRECTION('ref_axis',(0.707106781186548,0.,-0.707106781186547));
#14544=DIRECTION('',(-0.707106781186548,0.,0.707106781186547));
#14545=DIRECTION('center_axis',(0.,0.,1.));
#14546=DIRECTION('ref_axis',(1.,0.,0.));
#14547=DIRECTION('',(0.707106781186548,0.,0.707106781186547));
#14548=DIRECTION('center_axis',(0.,0.,-1.));
#14549=DIRECTION('ref_axis',(1.,0.,0.));
#14550=DIRECTION('center_axis',(-0.707106781186547,0.,0.707106781186548));
#14551=DIRECTION('ref_axis',(0.707106781186548,0.,0.707106781186547));
#14552=DIRECTION('',(0.,-1.,0.));
#14553=DIRECTION('center_axis',(1.,0.,0.));
#14554=DIRECTION('ref_axis',(0.,1.,0.));
#14555=DIRECTION('',(0.,0.,1.));
#14556=DIRECTION('center_axis',(0.,0.,1.));
#14557=DIRECTION('ref_axis',(1.,0.,0.));
#14558=DIRECTION('center_axis',(0.707106781186547,0.,-0.707106781186548));
#14559=DIRECTION('ref_axis',(-0.707106781186548,0.,-0.707106781186547));
#14560=DIRECTION('',(-0.707106781186548,0.,-0.707106781186547));
#14561=DIRECTION('',(0.707106781186548,0.,0.707106781186547));
#14562=DIRECTION('',(0.,-1.,0.));
#14563=DIRECTION('center_axis',(0.,0.,-1.));
#14564=DIRECTION('ref_axis',(-1.,0.,0.));
#14565=DIRECTION('',(0.707106781186548,0.,-0.707106781186547));
#14566=DIRECTION('center_axis',(0.,0.,1.));
#14567=DIRECTION('ref_axis',(-1.,0.,0.));
#14568=DIRECTION('center_axis',(-0.707106781186547,0.,-0.707106781186548));
#14569=DIRECTION('ref_axis',(-0.707106781186548,0.,0.707106781186547));
#14570=DIRECTION('',(0.707106781186548,0.,-0.707106781186547));
#14571=DIRECTION('',(0.,1.,0.));
#14572=DIRECTION('center_axis',(0.,0.,-1.));
#14573=DIRECTION('ref_axis',(1.,0.,0.));
#14574=DIRECTION('center_axis',(0.,0.,1.));
#14575=DIRECTION('ref_axis',(1.,0.,0.));
#14576=DIRECTION('center_axis',(0.,0.,1.));
#14577=DIRECTION('ref_axis',(-1.,0.,0.));
#14578=DIRECTION('',(0.,0.,1.));
#14579=DIRECTION('center_axis',(0.,0.,-1.));
#14580=DIRECTION('ref_axis',(-1.,0.,0.));
#14581=DIRECTION('',(0.,0.,1.));
#14582=DIRECTION('center_axis',(-1.,0.,0.));
#14583=DIRECTION('ref_axis',(0.,-1.,0.));
#14584=DIRECTION('',(0.,0.,1.));
#14585=DIRECTION('',(0.,1.,0.));
#14586=DIRECTION('center_axis',(0.,0.,1.));
#14587=DIRECTION('ref_axis',(-1.,0.,0.));
#14588=DIRECTION('',(-0.707106781186548,0.,0.707106781186547));
#14589=DIRECTION('',(-0.707106781186548,0.,-0.707106781186547));
#14590=DIRECTION('center_axis',(0.707106781186547,0.,0.707106781186548));
#14591=DIRECTION('ref_axis',(0.707106781186548,0.,-0.707106781186547));
#14592=DIRECTION('',(-0.707106781186548,0.,0.707106781186547));
#14593=DIRECTION('center_axis',(0.,0.,1.));
#14594=DIRECTION('ref_axis',(1.,0.,0.));
#14595=DIRECTION('',(0.707106781186548,0.,0.707106781186547));
#14596=DIRECTION('center_axis',(0.,0.,-1.));
#14597=DIRECTION('ref_axis',(1.,0.,0.));
#14598=DIRECTION('center_axis',(-0.707106781186547,0.,0.707106781186548));
#14599=DIRECTION('ref_axis',(0.707106781186548,0.,0.707106781186547));
#14600=DIRECTION('',(0.,-1.,0.));
#14601=DIRECTION('center_axis',(1.,0.,0.));
#14602=DIRECTION('ref_axis',(0.,1.,0.));
#14603=DIRECTION('',(0.,0.,1.));
#14604=DIRECTION('center_axis',(0.,0.,1.));
#14605=DIRECTION('ref_axis',(1.,0.,0.));
#14606=DIRECTION('center_axis',(0.707106781186547,0.,-0.707106781186548));
#14607=DIRECTION('ref_axis',(-0.707106781186548,0.,-0.707106781186547));
#14608=DIRECTION('',(-0.707106781186548,0.,-0.707106781186547));
#14609=DIRECTION('',(0.707106781186548,0.,0.707106781186547));
#14610=DIRECTION('',(0.,-1.,0.));
#14611=DIRECTION('center_axis',(0.,0.,-1.));
#14612=DIRECTION('ref_axis',(-1.,0.,0.));
#14613=DIRECTION('',(0.707106781186548,0.,-0.707106781186547));
#14614=DIRECTION('center_axis',(0.,0.,1.));
#14615=DIRECTION('ref_axis',(-1.,0.,0.));
#14616=DIRECTION('center_axis',(-0.707106781186547,0.,-0.707106781186548));
#14617=DIRECTION('ref_axis',(-0.707106781186548,0.,0.707106781186547));
#14618=DIRECTION('',(0.707106781186548,0.,-0.707106781186547));
#14619=DIRECTION('',(0.,1.,0.));
#14620=DIRECTION('center_axis',(0.,0.,-1.));
#14621=DIRECTION('ref_axis',(1.,0.,0.));
#14622=DIRECTION('center_axis',(0.,0.,1.));
#14623=DIRECTION('ref_axis',(1.,0.,0.));
#14624=DIRECTION('center_axis',(0.,0.,1.));
#14625=DIRECTION('ref_axis',(-1.,0.,0.));
#14626=DIRECTION('',(0.,0.,1.));
#14627=DIRECTION('center_axis',(0.,0.,-1.));
#14628=DIRECTION('ref_axis',(-1.,0.,0.));
#14629=DIRECTION('',(0.,0.,1.));
#14630=DIRECTION('center_axis',(-1.,0.,0.));
#14631=DIRECTION('ref_axis',(0.,-1.,0.));
#14632=DIRECTION('',(0.,0.,1.));
#14633=DIRECTION('',(0.,1.,0.));
#14634=DIRECTION('center_axis',(0.,0.,1.));
#14635=DIRECTION('ref_axis',(-1.,0.,0.));
#14636=DIRECTION('',(-0.707106781186548,0.,0.707106781186547));
#14637=DIRECTION('',(-0.707106781186548,0.,-0.707106781186547));
#14638=DIRECTION('center_axis',(0.707106781186547,0.,0.707106781186548));
#14639=DIRECTION('ref_axis',(0.707106781186548,0.,-0.707106781186547));
#14640=DIRECTION('',(-0.707106781186548,0.,0.707106781186547));
#14641=DIRECTION('center_axis',(0.,0.,1.));
#14642=DIRECTION('ref_axis',(1.,0.,0.));
#14643=DIRECTION('',(0.707106781186548,0.,0.707106781186547));
#14644=DIRECTION('center_axis',(0.,0.,-1.));
#14645=DIRECTION('ref_axis',(1.,0.,0.));
#14646=DIRECTION('center_axis',(-0.707106781186547,0.,0.707106781186548));
#14647=DIRECTION('ref_axis',(0.707106781186548,0.,0.707106781186547));
#14648=DIRECTION('',(0.,-1.,0.));
#14649=DIRECTION('center_axis',(1.,0.,0.));
#14650=DIRECTION('ref_axis',(0.,1.,0.));
#14651=DIRECTION('',(0.,0.,1.));
#14652=DIRECTION('center_axis',(0.,0.,1.));
#14653=DIRECTION('ref_axis',(1.,0.,0.));
#14654=DIRECTION('center_axis',(0.707106781186547,0.,-0.707106781186548));
#14655=DIRECTION('ref_axis',(-0.707106781186548,0.,-0.707106781186547));
#14656=DIRECTION('',(-0.707106781186548,0.,-0.707106781186547));
#14657=DIRECTION('',(0.707106781186548,0.,0.707106781186547));
#14658=DIRECTION('',(0.,-1.,0.));
#14659=DIRECTION('center_axis',(0.,0.,-1.));
#14660=DIRECTION('ref_axis',(-1.,0.,0.));
#14661=DIRECTION('',(0.707106781186548,0.,-0.707106781186547));
#14662=DIRECTION('center_axis',(0.,0.,1.));
#14663=DIRECTION('ref_axis',(-1.,0.,0.));
#14664=DIRECTION('center_axis',(-0.707106781186547,0.,-0.707106781186548));
#14665=DIRECTION('ref_axis',(-0.707106781186548,0.,0.707106781186547));
#14666=DIRECTION('',(0.707106781186548,0.,-0.707106781186547));
#14667=DIRECTION('',(0.,1.,0.));
#14668=DIRECTION('center_axis',(0.,0.,-1.));
#14669=DIRECTION('ref_axis',(1.,0.,0.));
#14670=DIRECTION('center_axis',(0.,0.,1.));
#14671=DIRECTION('ref_axis',(1.,0.,0.));
#14672=DIRECTION('center_axis',(0.,0.,1.));
#14673=DIRECTION('ref_axis',(-1.,0.,0.));
#14674=DIRECTION('',(0.,0.,1.));
#14675=DIRECTION('center_axis',(0.,0.,-1.));
#14676=DIRECTION('ref_axis',(-1.,0.,0.));
#14677=DIRECTION('',(0.,0.,1.));
#14678=DIRECTION('center_axis',(-1.,0.,0.));
#14679=DIRECTION('ref_axis',(0.,-1.,0.));
#14680=DIRECTION('',(0.,0.,1.));
#14681=DIRECTION('',(0.,1.,0.));
#14682=DIRECTION('center_axis',(0.,0.,1.));
#14683=DIRECTION('ref_axis',(-1.,0.,0.));
#14684=DIRECTION('',(-0.707106781186548,0.,0.707106781186547));
#14685=DIRECTION('',(-0.707106781186548,0.,-0.707106781186547));
#14686=DIRECTION('center_axis',(0.707106781186547,0.,0.707106781186548));
#14687=DIRECTION('ref_axis',(0.707106781186548,0.,-0.707106781186547));
#14688=DIRECTION('',(-0.707106781186548,0.,0.707106781186547));
#14689=DIRECTION('center_axis',(0.,0.,1.));
#14690=DIRECTION('ref_axis',(1.,0.,0.));
#14691=DIRECTION('',(0.707106781186548,0.,0.707106781186547));
#14692=DIRECTION('center_axis',(0.,0.,-1.));
#14693=DIRECTION('ref_axis',(1.,0.,0.));
#14694=DIRECTION('center_axis',(-0.707106781186547,0.,0.707106781186548));
#14695=DIRECTION('ref_axis',(0.707106781186548,0.,0.707106781186547));
#14696=DIRECTION('',(0.,-1.,0.));
#14697=DIRECTION('center_axis',(1.,0.,0.));
#14698=DIRECTION('ref_axis',(0.,1.,0.));
#14699=DIRECTION('',(0.,0.,1.));
#14700=DIRECTION('center_axis',(0.,0.,1.));
#14701=DIRECTION('ref_axis',(1.,0.,0.));
#14702=DIRECTION('center_axis',(0.707106781186547,0.,-0.707106781186548));
#14703=DIRECTION('ref_axis',(-0.707106781186548,0.,-0.707106781186547));
#14704=DIRECTION('',(-0.707106781186548,0.,-0.707106781186547));
#14705=DIRECTION('',(0.707106781186548,0.,0.707106781186547));
#14706=DIRECTION('',(0.,-1.,0.));
#14707=DIRECTION('center_axis',(0.,0.,-1.));
#14708=DIRECTION('ref_axis',(-1.,0.,0.));
#14709=DIRECTION('',(0.707106781186548,0.,-0.707106781186547));
#14710=DIRECTION('center_axis',(0.,0.,1.));
#14711=DIRECTION('ref_axis',(-1.,0.,0.));
#14712=DIRECTION('center_axis',(-0.707106781186547,0.,-0.707106781186548));
#14713=DIRECTION('ref_axis',(-0.707106781186548,0.,0.707106781186547));
#14714=DIRECTION('',(0.707106781186548,0.,-0.707106781186547));
#14715=DIRECTION('',(0.,1.,0.));
#14716=DIRECTION('center_axis',(0.,0.,-1.));
#14717=DIRECTION('ref_axis',(1.,0.,0.));
#14718=DIRECTION('center_axis',(0.,0.,1.));
#14719=DIRECTION('ref_axis',(1.,0.,0.));
#14720=DIRECTION('center_axis',(0.,0.,1.));
#14721=DIRECTION('ref_axis',(-1.,0.,0.));
#14722=DIRECTION('',(0.,0.,1.));
#14723=DIRECTION('center_axis',(0.,0.,-1.));
#14724=DIRECTION('ref_axis',(-1.,0.,0.));
#14725=DIRECTION('',(0.,0.,1.));
#14726=DIRECTION('center_axis',(-1.,0.,0.));
#14727=DIRECTION('ref_axis',(0.,-1.,0.));
#14728=DIRECTION('',(0.,0.,1.));
#14729=DIRECTION('',(0.,1.,0.));
#14730=DIRECTION('center_axis',(0.,0.,1.));
#14731=DIRECTION('ref_axis',(-1.,0.,0.));
#14732=DIRECTION('',(-0.707106781186548,0.,0.707106781186547));
#14733=DIRECTION('',(-0.707106781186548,0.,-0.707106781186547));
#14734=DIRECTION('center_axis',(0.707106781186547,0.,0.707106781186548));
#14735=DIRECTION('ref_axis',(0.707106781186548,0.,-0.707106781186547));
#14736=DIRECTION('',(-0.707106781186548,0.,0.707106781186547));
#14737=DIRECTION('center_axis',(0.,0.,1.));
#14738=DIRECTION('ref_axis',(1.,0.,0.));
#14739=DIRECTION('',(0.707106781186548,0.,0.707106781186547));
#14740=DIRECTION('center_axis',(0.,0.,-1.));
#14741=DIRECTION('ref_axis',(1.,0.,0.));
#14742=DIRECTION('center_axis',(-0.707106781186547,0.,0.707106781186548));
#14743=DIRECTION('ref_axis',(0.707106781186548,0.,0.707106781186547));
#14744=DIRECTION('',(0.,-1.,0.));
#14745=DIRECTION('center_axis',(1.,0.,0.));
#14746=DIRECTION('ref_axis',(0.,1.,0.));
#14747=DIRECTION('',(0.,0.,1.));
#14748=DIRECTION('center_axis',(0.,0.,1.));
#14749=DIRECTION('ref_axis',(1.,0.,0.));
#14750=DIRECTION('center_axis',(0.707106781186547,0.,-0.707106781186548));
#14751=DIRECTION('ref_axis',(-0.707106781186548,0.,-0.707106781186547));
#14752=DIRECTION('',(-0.707106781186548,0.,-0.707106781186547));
#14753=DIRECTION('',(0.707106781186548,0.,0.707106781186547));
#14754=DIRECTION('',(0.,-1.,0.));
#14755=DIRECTION('center_axis',(0.,0.,-1.));
#14756=DIRECTION('ref_axis',(-1.,0.,0.));
#14757=DIRECTION('',(0.707106781186548,0.,-0.707106781186547));
#14758=DIRECTION('center_axis',(0.,0.,1.));
#14759=DIRECTION('ref_axis',(-1.,0.,0.));
#14760=DIRECTION('center_axis',(-0.707106781186547,0.,-0.707106781186548));
#14761=DIRECTION('ref_axis',(-0.707106781186548,0.,0.707106781186547));
#14762=DIRECTION('',(0.707106781186548,0.,-0.707106781186547));
#14763=DIRECTION('',(0.,1.,0.));
#14764=DIRECTION('center_axis',(0.,0.,-1.));
#14765=DIRECTION('ref_axis',(1.,0.,0.));
#14766=DIRECTION('center_axis',(0.,0.,1.));
#14767=DIRECTION('ref_axis',(1.,0.,0.));
#14768=DIRECTION('center_axis',(0.,0.,1.));
#14769=DIRECTION('ref_axis',(-1.,0.,0.));
#14770=DIRECTION('',(0.,0.,1.));
#14771=DIRECTION('center_axis',(0.,0.,-1.));
#14772=DIRECTION('ref_axis',(-1.,0.,0.));
#14773=DIRECTION('',(0.,0.,1.));
#14774=DIRECTION('center_axis',(-1.,0.,0.));
#14775=DIRECTION('ref_axis',(0.,-1.,0.));
#14776=DIRECTION('',(0.,0.,1.));
#14777=DIRECTION('',(0.,1.,0.));
#14778=DIRECTION('center_axis',(0.,0.,1.));
#14779=DIRECTION('ref_axis',(-1.,0.,0.));
#14780=DIRECTION('',(-0.707106781186548,0.,0.707106781186547));
#14781=DIRECTION('',(-0.707106781186548,0.,-0.707106781186547));
#14782=DIRECTION('center_axis',(0.707106781186547,0.,0.707106781186548));
#14783=DIRECTION('ref_axis',(0.707106781186548,0.,-0.707106781186547));
#14784=DIRECTION('',(-0.707106781186548,0.,0.707106781186547));
#14785=DIRECTION('center_axis',(0.,0.,1.));
#14786=DIRECTION('ref_axis',(1.,0.,0.));
#14787=DIRECTION('',(0.707106781186548,0.,0.707106781186547));
#14788=DIRECTION('center_axis',(0.,0.,-1.));
#14789=DIRECTION('ref_axis',(1.,0.,0.));
#14790=DIRECTION('center_axis',(-0.707106781186547,0.,0.707106781186548));
#14791=DIRECTION('ref_axis',(0.707106781186548,0.,0.707106781186547));
#14792=DIRECTION('',(0.,-1.,0.));
#14793=DIRECTION('center_axis',(1.,0.,0.));
#14794=DIRECTION('ref_axis',(0.,1.,0.));
#14795=DIRECTION('',(0.,0.,1.));
#14796=DIRECTION('center_axis',(0.,0.,1.));
#14797=DIRECTION('ref_axis',(1.,0.,0.));
#14798=DIRECTION('center_axis',(0.707106781186547,0.,-0.707106781186548));
#14799=DIRECTION('ref_axis',(-0.707106781186548,0.,-0.707106781186547));
#14800=DIRECTION('',(-0.707106781186548,0.,-0.707106781186547));
#14801=DIRECTION('',(0.707106781186548,0.,0.707106781186547));
#14802=DIRECTION('',(0.,-1.,0.));
#14803=DIRECTION('center_axis',(0.,0.,-1.));
#14804=DIRECTION('ref_axis',(-1.,0.,0.));
#14805=DIRECTION('',(0.707106781186548,0.,-0.707106781186547));
#14806=DIRECTION('center_axis',(0.,0.,1.));
#14807=DIRECTION('ref_axis',(-1.,0.,0.));
#14808=DIRECTION('center_axis',(-0.707106781186547,0.,-0.707106781186548));
#14809=DIRECTION('ref_axis',(-0.707106781186548,0.,0.707106781186547));
#14810=DIRECTION('',(0.707106781186548,0.,-0.707106781186547));
#14811=DIRECTION('',(0.,1.,0.));
#14812=DIRECTION('center_axis',(0.,0.,-1.));
#14813=DIRECTION('ref_axis',(1.,0.,0.));
#14814=DIRECTION('center_axis',(0.,0.,1.));
#14815=DIRECTION('ref_axis',(1.,0.,0.));
#14816=DIRECTION('center_axis',(0.,0.,1.));
#14817=DIRECTION('ref_axis',(-1.,0.,0.));
#14818=DIRECTION('',(0.,0.,1.));
#14819=DIRECTION('center_axis',(0.,0.,-1.));
#14820=DIRECTION('ref_axis',(-1.,0.,0.));
#14821=DIRECTION('',(0.,0.,1.));
#14822=DIRECTION('center_axis',(-1.,0.,0.));
#14823=DIRECTION('ref_axis',(0.,-1.,0.));
#14824=DIRECTION('',(0.,0.,1.));
#14825=DIRECTION('',(0.,1.,0.));
#14826=DIRECTION('center_axis',(0.,0.,1.));
#14827=DIRECTION('ref_axis',(-1.,0.,0.));
#14828=DIRECTION('',(-0.707106781186548,0.,0.707106781186547));
#14829=DIRECTION('',(-0.707106781186548,0.,-0.707106781186547));
#14830=DIRECTION('center_axis',(0.707106781186547,0.,0.707106781186548));
#14831=DIRECTION('ref_axis',(0.707106781186548,0.,-0.707106781186547));
#14832=DIRECTION('',(-0.707106781186548,0.,0.707106781186547));
#14833=DIRECTION('center_axis',(0.,0.,1.));
#14834=DIRECTION('ref_axis',(1.,0.,0.));
#14835=DIRECTION('',(0.707106781186548,0.,0.707106781186547));
#14836=DIRECTION('center_axis',(0.,0.,-1.));
#14837=DIRECTION('ref_axis',(1.,0.,0.));
#14838=DIRECTION('center_axis',(-0.707106781186547,0.,0.707106781186548));
#14839=DIRECTION('ref_axis',(0.707106781186548,0.,0.707106781186547));
#14840=DIRECTION('',(0.,-1.,0.));
#14841=DIRECTION('center_axis',(1.,0.,0.));
#14842=DIRECTION('ref_axis',(0.,1.,0.));
#14843=DIRECTION('',(0.,0.,1.));
#14844=DIRECTION('center_axis',(0.,0.,1.));
#14845=DIRECTION('ref_axis',(1.,0.,0.));
#14846=DIRECTION('center_axis',(0.707106781186547,0.,-0.707106781186548));
#14847=DIRECTION('ref_axis',(-0.707106781186548,0.,-0.707106781186547));
#14848=DIRECTION('',(-0.707106781186548,0.,-0.707106781186547));
#14849=DIRECTION('',(0.707106781186548,0.,0.707106781186547));
#14850=DIRECTION('',(0.,-1.,0.));
#14851=DIRECTION('center_axis',(0.,0.,-1.));
#14852=DIRECTION('ref_axis',(-1.,0.,0.));
#14853=DIRECTION('',(0.707106781186548,0.,-0.707106781186547));
#14854=DIRECTION('center_axis',(0.,0.,1.));
#14855=DIRECTION('ref_axis',(-1.,0.,0.));
#14856=DIRECTION('center_axis',(-0.707106781186547,0.,-0.707106781186548));
#14857=DIRECTION('ref_axis',(-0.707106781186548,0.,0.707106781186547));
#14858=DIRECTION('',(0.707106781186548,0.,-0.707106781186547));
#14859=DIRECTION('',(0.,1.,0.));
#14860=DIRECTION('center_axis',(0.,0.,-1.));
#14861=DIRECTION('ref_axis',(1.,0.,0.));
#14862=DIRECTION('center_axis',(0.,0.,1.));
#14863=DIRECTION('ref_axis',(1.,0.,0.));
#14864=DIRECTION('center_axis',(0.,0.,1.));
#14865=DIRECTION('ref_axis',(-1.,0.,0.));
#14866=DIRECTION('',(0.,0.,1.));
#14867=DIRECTION('center_axis',(0.,0.,-1.));
#14868=DIRECTION('ref_axis',(-1.,0.,0.));
#14869=DIRECTION('',(0.,0.,1.));
#14870=DIRECTION('center_axis',(-1.,0.,0.));
#14871=DIRECTION('ref_axis',(0.,-1.,0.));
#14872=DIRECTION('',(0.,0.,1.));
#14873=DIRECTION('',(0.,1.,0.));
#14874=DIRECTION('center_axis',(0.,0.,1.));
#14875=DIRECTION('ref_axis',(-1.,0.,0.));
#14876=DIRECTION('',(-0.707106781186548,0.,0.707106781186547));
#14877=DIRECTION('',(-0.707106781186548,0.,-0.707106781186547));
#14878=DIRECTION('center_axis',(0.707106781186547,0.,0.707106781186548));
#14879=DIRECTION('ref_axis',(0.707106781186548,0.,-0.707106781186547));
#14880=DIRECTION('',(-0.707106781186548,0.,0.707106781186547));
#14881=DIRECTION('center_axis',(0.,0.,1.));
#14882=DIRECTION('ref_axis',(1.,0.,0.));
#14883=DIRECTION('',(0.707106781186548,0.,0.707106781186547));
#14884=DIRECTION('center_axis',(0.,0.,-1.));
#14885=DIRECTION('ref_axis',(1.,0.,0.));
#14886=DIRECTION('center_axis',(-0.707106781186547,0.,0.707106781186548));
#14887=DIRECTION('ref_axis',(0.707106781186548,0.,0.707106781186547));
#14888=DIRECTION('',(0.,-1.,0.));
#14889=DIRECTION('center_axis',(1.,0.,0.));
#14890=DIRECTION('ref_axis',(0.,1.,0.));
#14891=DIRECTION('',(0.,0.,1.));
#14892=DIRECTION('center_axis',(0.,0.,1.));
#14893=DIRECTION('ref_axis',(1.,0.,0.));
#14894=DIRECTION('center_axis',(0.707106781186547,0.,-0.707106781186548));
#14895=DIRECTION('ref_axis',(-0.707106781186548,0.,-0.707106781186547));
#14896=DIRECTION('',(-0.707106781186548,0.,-0.707106781186547));
#14897=DIRECTION('',(0.707106781186548,0.,0.707106781186547));
#14898=DIRECTION('',(0.,-1.,0.));
#14899=DIRECTION('center_axis',(0.,0.,-1.));
#14900=DIRECTION('ref_axis',(-1.,0.,0.));
#14901=DIRECTION('',(0.707106781186548,0.,-0.707106781186547));
#14902=DIRECTION('center_axis',(0.,0.,1.));
#14903=DIRECTION('ref_axis',(-1.,0.,0.));
#14904=DIRECTION('center_axis',(-0.707106781186547,0.,-0.707106781186548));
#14905=DIRECTION('ref_axis',(-0.707106781186548,0.,0.707106781186547));
#14906=DIRECTION('',(0.707106781186548,0.,-0.707106781186547));
#14907=DIRECTION('',(0.,1.,0.));
#14908=DIRECTION('center_axis',(0.,0.,-1.));
#14909=DIRECTION('ref_axis',(1.,0.,0.));
#14910=DIRECTION('center_axis',(0.,0.,1.));
#14911=DIRECTION('ref_axis',(1.,0.,0.));
#14912=DIRECTION('center_axis',(0.,0.,1.));
#14913=DIRECTION('ref_axis',(-1.,0.,0.));
#14914=DIRECTION('',(0.,0.,1.));
#14915=DIRECTION('center_axis',(0.,0.,-1.));
#14916=DIRECTION('ref_axis',(-1.,0.,0.));
#14917=DIRECTION('',(0.,0.,1.));
#14918=DIRECTION('center_axis',(-1.,0.,0.));
#14919=DIRECTION('ref_axis',(0.,-1.,0.));
#14920=DIRECTION('',(0.,0.,1.));
#14921=DIRECTION('',(0.,1.,0.));
#14922=DIRECTION('center_axis',(0.,0.,1.));
#14923=DIRECTION('ref_axis',(-1.,0.,0.));
#14924=DIRECTION('',(-0.707106781186548,0.,0.707106781186547));
#14925=DIRECTION('',(-0.707106781186548,0.,-0.707106781186547));
#14926=DIRECTION('center_axis',(0.707106781186547,0.,0.707106781186548));
#14927=DIRECTION('ref_axis',(0.707106781186548,0.,-0.707106781186547));
#14928=DIRECTION('',(-0.707106781186548,0.,0.707106781186547));
#14929=DIRECTION('center_axis',(0.,0.,1.));
#14930=DIRECTION('ref_axis',(1.,0.,0.));
#14931=DIRECTION('',(0.707106781186548,0.,0.707106781186547));
#14932=DIRECTION('center_axis',(0.,0.,-1.));
#14933=DIRECTION('ref_axis',(1.,0.,0.));
#14934=DIRECTION('center_axis',(-0.707106781186547,0.,0.707106781186548));
#14935=DIRECTION('ref_axis',(0.707106781186548,0.,0.707106781186547));
#14936=DIRECTION('',(0.,-1.,0.));
#14937=DIRECTION('center_axis',(1.,0.,0.));
#14938=DIRECTION('ref_axis',(0.,1.,0.));
#14939=DIRECTION('',(0.,0.,1.));
#14940=DIRECTION('center_axis',(0.,0.,1.));
#14941=DIRECTION('ref_axis',(1.,0.,0.));
#14942=DIRECTION('center_axis',(0.707106781186547,0.,-0.707106781186548));
#14943=DIRECTION('ref_axis',(-0.707106781186548,0.,-0.707106781186547));
#14944=DIRECTION('',(-0.707106781186548,0.,-0.707106781186547));
#14945=DIRECTION('',(0.707106781186548,0.,0.707106781186547));
#14946=DIRECTION('',(0.,-1.,0.));
#14947=DIRECTION('center_axis',(0.,0.,-1.));
#14948=DIRECTION('ref_axis',(-1.,0.,0.));
#14949=DIRECTION('',(0.707106781186548,0.,-0.707106781186547));
#14950=DIRECTION('center_axis',(0.,0.,1.));
#14951=DIRECTION('ref_axis',(-1.,0.,0.));
#14952=DIRECTION('center_axis',(-0.707106781186547,0.,-0.707106781186548));
#14953=DIRECTION('ref_axis',(-0.707106781186548,0.,0.707106781186547));
#14954=DIRECTION('',(0.707106781186548,0.,-0.707106781186547));
#14955=DIRECTION('',(0.,1.,0.));
#14956=DIRECTION('center_axis',(0.,0.,-1.));
#14957=DIRECTION('ref_axis',(1.,0.,0.));
#14958=DIRECTION('center_axis',(0.,0.,1.));
#14959=DIRECTION('ref_axis',(1.,0.,0.));
#14960=DIRECTION('center_axis',(0.,0.,1.));
#14961=DIRECTION('ref_axis',(-1.,0.,0.));
#14962=DIRECTION('',(0.,0.,1.));
#14963=DIRECTION('center_axis',(0.,0.,-1.));
#14964=DIRECTION('ref_axis',(-1.,0.,0.));
#14965=DIRECTION('',(0.,0.,1.));
#14966=DIRECTION('center_axis',(-1.,0.,0.));
#14967=DIRECTION('ref_axis',(0.,-1.,0.));
#14968=DIRECTION('',(0.,0.,1.));
#14969=DIRECTION('',(0.,1.,0.));
#14970=DIRECTION('center_axis',(0.,0.,1.));
#14971=DIRECTION('ref_axis',(-1.,0.,0.));
#14972=DIRECTION('',(-0.707106781186548,0.,0.707106781186547));
#14973=DIRECTION('',(-0.707106781186548,0.,-0.707106781186547));
#14974=DIRECTION('center_axis',(0.707106781186547,0.,0.707106781186548));
#14975=DIRECTION('ref_axis',(0.707106781186548,0.,-0.707106781186547));
#14976=DIRECTION('',(-0.707106781186548,0.,0.707106781186547));
#14977=DIRECTION('center_axis',(0.,0.,1.));
#14978=DIRECTION('ref_axis',(1.,0.,0.));
#14979=DIRECTION('',(0.707106781186548,0.,0.707106781186547));
#14980=DIRECTION('center_axis',(0.,0.,-1.));
#14981=DIRECTION('ref_axis',(1.,0.,0.));
#14982=DIRECTION('center_axis',(-0.707106781186547,0.,0.707106781186548));
#14983=DIRECTION('ref_axis',(0.707106781186548,0.,0.707106781186547));
#14984=DIRECTION('',(0.,-1.,0.));
#14985=DIRECTION('center_axis',(1.,0.,0.));
#14986=DIRECTION('ref_axis',(0.,1.,0.));
#14987=DIRECTION('',(0.,0.,1.));
#14988=DIRECTION('center_axis',(0.,0.,1.));
#14989=DIRECTION('ref_axis',(1.,0.,0.));
#14990=DIRECTION('center_axis',(0.707106781186547,0.,-0.707106781186548));
#14991=DIRECTION('ref_axis',(-0.707106781186548,0.,-0.707106781186547));
#14992=DIRECTION('',(-0.707106781186548,0.,-0.707106781186547));
#14993=DIRECTION('',(0.707106781186548,0.,0.707106781186547));
#14994=DIRECTION('',(0.,-1.,0.));
#14995=DIRECTION('center_axis',(0.,0.,-1.));
#14996=DIRECTION('ref_axis',(-1.,0.,0.));
#14997=DIRECTION('',(0.707106781186548,0.,-0.707106781186547));
#14998=DIRECTION('center_axis',(0.,0.,1.));
#14999=DIRECTION('ref_axis',(-1.,0.,0.));
#15000=DIRECTION('center_axis',(-0.707106781186547,0.,-0.707106781186548));
#15001=DIRECTION('ref_axis',(-0.707106781186548,0.,0.707106781186547));
#15002=DIRECTION('',(0.707106781186548,0.,-0.707106781186547));
#15003=DIRECTION('',(0.,1.,0.));
#15004=DIRECTION('center_axis',(0.,0.,-1.));
#15005=DIRECTION('ref_axis',(1.,0.,0.));
#15006=DIRECTION('center_axis',(0.,0.,1.));
#15007=DIRECTION('ref_axis',(1.,0.,0.));
#15008=DIRECTION('center_axis',(0.,0.,1.));
#15009=DIRECTION('ref_axis',(-1.,0.,0.));
#15010=DIRECTION('',(0.,0.,1.));
#15011=DIRECTION('center_axis',(0.,0.,-1.));
#15012=DIRECTION('ref_axis',(-1.,0.,0.));
#15013=DIRECTION('',(0.,0.,1.));
#15014=DIRECTION('center_axis',(-1.,0.,0.));
#15015=DIRECTION('ref_axis',(0.,-1.,0.));
#15016=DIRECTION('',(0.,0.,1.));
#15017=DIRECTION('',(0.,1.,0.));
#15018=DIRECTION('center_axis',(0.,0.,1.));
#15019=DIRECTION('ref_axis',(-1.,0.,0.));
#15020=DIRECTION('',(-0.707106781186548,0.,0.707106781186547));
#15021=DIRECTION('',(-0.707106781186548,0.,-0.707106781186547));
#15022=DIRECTION('center_axis',(0.707106781186547,0.,0.707106781186548));
#15023=DIRECTION('ref_axis',(0.707106781186548,0.,-0.707106781186547));
#15024=DIRECTION('',(-0.707106781186548,0.,0.707106781186547));
#15025=DIRECTION('center_axis',(0.,0.,1.));
#15026=DIRECTION('ref_axis',(1.,0.,0.));
#15027=DIRECTION('',(0.707106781186548,0.,0.707106781186547));
#15028=DIRECTION('center_axis',(0.,0.,-1.));
#15029=DIRECTION('ref_axis',(1.,0.,0.));
#15030=DIRECTION('center_axis',(-0.707106781186547,0.,0.707106781186548));
#15031=DIRECTION('ref_axis',(0.707106781186548,0.,0.707106781186547));
#15032=DIRECTION('',(0.,-1.,0.));
#15033=DIRECTION('center_axis',(1.,0.,0.));
#15034=DIRECTION('ref_axis',(0.,1.,0.));
#15035=DIRECTION('',(0.,0.,1.));
#15036=DIRECTION('center_axis',(0.,0.,1.));
#15037=DIRECTION('ref_axis',(1.,0.,0.));
#15038=DIRECTION('center_axis',(0.707106781186547,0.,-0.707106781186548));
#15039=DIRECTION('ref_axis',(-0.707106781186548,0.,-0.707106781186547));
#15040=DIRECTION('',(-0.707106781186548,0.,-0.707106781186547));
#15041=DIRECTION('',(0.707106781186548,0.,0.707106781186547));
#15042=DIRECTION('',(0.,-1.,0.));
#15043=DIRECTION('center_axis',(0.,0.,-1.));
#15044=DIRECTION('ref_axis',(-1.,0.,0.));
#15045=DIRECTION('',(0.707106781186548,0.,-0.707106781186547));
#15046=DIRECTION('center_axis',(0.,0.,1.));
#15047=DIRECTION('ref_axis',(-1.,0.,0.));
#15048=DIRECTION('center_axis',(-0.707106781186547,0.,-0.707106781186548));
#15049=DIRECTION('ref_axis',(-0.707106781186548,0.,0.707106781186547));
#15050=DIRECTION('',(0.707106781186548,0.,-0.707106781186547));
#15051=DIRECTION('',(0.,1.,0.));
#15052=DIRECTION('center_axis',(0.,0.,-1.));
#15053=DIRECTION('ref_axis',(1.,0.,0.));
#15054=DIRECTION('center_axis',(0.,0.,1.));
#15055=DIRECTION('ref_axis',(1.,0.,0.));
#15056=DIRECTION('center_axis',(0.,0.,1.));
#15057=DIRECTION('ref_axis',(-1.,0.,0.));
#15058=DIRECTION('',(0.,0.,1.));
#15059=DIRECTION('center_axis',(0.,0.,-1.));
#15060=DIRECTION('ref_axis',(-1.,0.,0.));
#15061=DIRECTION('',(0.,0.,1.));
#15062=DIRECTION('center_axis',(-1.,0.,0.));
#15063=DIRECTION('ref_axis',(0.,-1.,0.));
#15064=DIRECTION('',(0.,0.,1.));
#15065=DIRECTION('',(0.,1.,0.));
#15066=DIRECTION('center_axis',(0.,0.,1.));
#15067=DIRECTION('ref_axis',(-1.,0.,0.));
#15068=DIRECTION('',(-0.707106781186548,0.,0.707106781186547));
#15069=DIRECTION('',(-0.707106781186548,0.,-0.707106781186547));
#15070=DIRECTION('center_axis',(0.707106781186547,0.,0.707106781186548));
#15071=DIRECTION('ref_axis',(0.707106781186548,0.,-0.707106781186547));
#15072=DIRECTION('',(-0.707106781186548,0.,0.707106781186547));
#15073=DIRECTION('center_axis',(0.,0.,1.));
#15074=DIRECTION('ref_axis',(1.,0.,0.));
#15075=DIRECTION('',(0.707106781186548,0.,0.707106781186547));
#15076=DIRECTION('center_axis',(0.,0.,-1.));
#15077=DIRECTION('ref_axis',(1.,0.,0.));
#15078=DIRECTION('center_axis',(-0.707106781186547,0.,0.707106781186548));
#15079=DIRECTION('ref_axis',(0.707106781186548,0.,0.707106781186547));
#15080=DIRECTION('',(0.,-1.,0.));
#15081=DIRECTION('center_axis',(1.,0.,0.));
#15082=DIRECTION('ref_axis',(0.,1.,0.));
#15083=DIRECTION('',(0.,0.,1.));
#15084=DIRECTION('center_axis',(0.,0.,1.));
#15085=DIRECTION('ref_axis',(1.,0.,0.));
#15086=DIRECTION('center_axis',(0.707106781186547,0.,-0.707106781186548));
#15087=DIRECTION('ref_axis',(-0.707106781186548,0.,-0.707106781186547));
#15088=DIRECTION('',(-0.707106781186548,0.,-0.707106781186547));
#15089=DIRECTION('',(0.707106781186548,0.,0.707106781186547));
#15090=DIRECTION('',(0.,-1.,0.));
#15091=DIRECTION('center_axis',(0.,0.,-1.));
#15092=DIRECTION('ref_axis',(-1.,0.,0.));
#15093=DIRECTION('',(0.707106781186548,0.,-0.707106781186547));
#15094=DIRECTION('center_axis',(0.,0.,1.));
#15095=DIRECTION('ref_axis',(-1.,0.,0.));
#15096=DIRECTION('center_axis',(-0.707106781186547,0.,-0.707106781186548));
#15097=DIRECTION('ref_axis',(-0.707106781186548,0.,0.707106781186547));
#15098=DIRECTION('',(0.707106781186548,0.,-0.707106781186547));
#15099=DIRECTION('',(0.,1.,0.));
#15100=DIRECTION('center_axis',(0.,0.,-1.));
#15101=DIRECTION('ref_axis',(1.,0.,0.));
#15102=DIRECTION('center_axis',(0.,0.,1.));
#15103=DIRECTION('ref_axis',(1.,0.,0.));
#15104=DIRECTION('center_axis',(0.,0.,1.));
#15105=DIRECTION('ref_axis',(-1.,0.,0.));
#15106=DIRECTION('',(0.,0.,1.));
#15107=DIRECTION('center_axis',(0.,0.,-1.));
#15108=DIRECTION('ref_axis',(-1.,0.,0.));
#15109=DIRECTION('',(0.,0.,1.));
#15110=DIRECTION('center_axis',(-1.,0.,0.));
#15111=DIRECTION('ref_axis',(0.,-1.,0.));
#15112=DIRECTION('',(0.,0.,1.));
#15113=DIRECTION('',(0.,1.,0.));
#15114=DIRECTION('center_axis',(0.,0.,1.));
#15115=DIRECTION('ref_axis',(-1.,0.,0.));
#15116=DIRECTION('',(-0.707106781186548,0.,0.707106781186547));
#15117=DIRECTION('',(-0.707106781186548,0.,-0.707106781186547));
#15118=DIRECTION('center_axis',(0.707106781186547,0.,0.707106781186548));
#15119=DIRECTION('ref_axis',(0.707106781186548,0.,-0.707106781186547));
#15120=DIRECTION('',(-0.707106781186548,0.,0.707106781186547));
#15121=DIRECTION('center_axis',(0.,0.,1.));
#15122=DIRECTION('ref_axis',(1.,0.,0.));
#15123=DIRECTION('',(0.707106781186548,0.,0.707106781186547));
#15124=DIRECTION('center_axis',(0.,0.,-1.));
#15125=DIRECTION('ref_axis',(1.,0.,0.));
#15126=DIRECTION('center_axis',(-0.707106781186547,0.,0.707106781186548));
#15127=DIRECTION('ref_axis',(0.707106781186548,0.,0.707106781186547));
#15128=DIRECTION('',(0.,-1.,0.));
#15129=DIRECTION('center_axis',(1.,0.,0.));
#15130=DIRECTION('ref_axis',(0.,1.,0.));
#15131=DIRECTION('',(0.,0.,1.));
#15132=DIRECTION('center_axis',(0.,0.,1.));
#15133=DIRECTION('ref_axis',(1.,0.,0.));
#15134=DIRECTION('center_axis',(0.707106781186547,0.,-0.707106781186548));
#15135=DIRECTION('ref_axis',(-0.707106781186548,0.,-0.707106781186547));
#15136=DIRECTION('',(-0.707106781186548,0.,-0.707106781186547));
#15137=DIRECTION('',(0.707106781186548,0.,0.707106781186547));
#15138=DIRECTION('',(0.,-1.,0.));
#15139=DIRECTION('center_axis',(0.,0.,-1.));
#15140=DIRECTION('ref_axis',(-1.,0.,0.));
#15141=DIRECTION('',(0.707106781186548,0.,-0.707106781186547));
#15142=DIRECTION('center_axis',(0.,0.,1.));
#15143=DIRECTION('ref_axis',(-1.,0.,0.));
#15144=DIRECTION('center_axis',(-0.707106781186547,0.,-0.707106781186548));
#15145=DIRECTION('ref_axis',(-0.707106781186548,0.,0.707106781186547));
#15146=DIRECTION('',(0.707106781186548,0.,-0.707106781186547));
#15147=DIRECTION('',(0.,1.,0.));
#15148=DIRECTION('center_axis',(0.,0.,-1.));
#15149=DIRECTION('ref_axis',(1.,0.,0.));
#15150=DIRECTION('center_axis',(0.,0.,1.));
#15151=DIRECTION('ref_axis',(1.,0.,0.));
#15152=DIRECTION('center_axis',(0.,0.,1.));
#15153=DIRECTION('ref_axis',(-1.,0.,0.));
#15154=DIRECTION('',(0.,0.,1.));
#15155=DIRECTION('center_axis',(0.,0.,-1.));
#15156=DIRECTION('ref_axis',(-1.,0.,0.));
#15157=DIRECTION('',(0.,0.,1.));
#15158=DIRECTION('center_axis',(-1.,0.,0.));
#15159=DIRECTION('ref_axis',(0.,-1.,0.));
#15160=DIRECTION('',(0.,0.,1.));
#15161=DIRECTION('',(0.,1.,0.));
#15162=DIRECTION('center_axis',(0.,0.,1.));
#15163=DIRECTION('ref_axis',(-1.,0.,0.));
#15164=DIRECTION('',(-0.707106781186548,0.,0.707106781186547));
#15165=DIRECTION('',(-0.707106781186548,0.,-0.707106781186547));
#15166=DIRECTION('center_axis',(0.707106781186547,0.,0.707106781186548));
#15167=DIRECTION('ref_axis',(0.707106781186548,0.,-0.707106781186547));
#15168=DIRECTION('',(-0.707106781186548,0.,0.707106781186547));
#15169=DIRECTION('center_axis',(0.,0.,1.));
#15170=DIRECTION('ref_axis',(1.,0.,0.));
#15171=DIRECTION('',(0.707106781186548,0.,0.707106781186547));
#15172=DIRECTION('center_axis',(0.,0.,-1.));
#15173=DIRECTION('ref_axis',(1.,0.,0.));
#15174=DIRECTION('center_axis',(-0.707106781186547,0.,0.707106781186548));
#15175=DIRECTION('ref_axis',(0.707106781186548,0.,0.707106781186547));
#15176=DIRECTION('',(0.,-1.,0.));
#15177=DIRECTION('center_axis',(1.,0.,0.));
#15178=DIRECTION('ref_axis',(0.,1.,0.));
#15179=DIRECTION('',(0.,0.,1.));
#15180=DIRECTION('center_axis',(0.,0.,1.));
#15181=DIRECTION('ref_axis',(1.,0.,0.));
#15182=DIRECTION('center_axis',(0.707106781186547,0.,-0.707106781186548));
#15183=DIRECTION('ref_axis',(-0.707106781186548,0.,-0.707106781186547));
#15184=DIRECTION('',(-0.707106781186548,0.,-0.707106781186547));
#15185=DIRECTION('',(0.707106781186548,0.,0.707106781186547));
#15186=DIRECTION('',(0.,-1.,0.));
#15187=DIRECTION('center_axis',(0.,0.,-1.));
#15188=DIRECTION('ref_axis',(-1.,0.,0.));
#15189=DIRECTION('',(0.707106781186548,0.,-0.707106781186547));
#15190=DIRECTION('center_axis',(0.,0.,1.));
#15191=DIRECTION('ref_axis',(-1.,0.,0.));
#15192=DIRECTION('center_axis',(-0.707106781186547,0.,-0.707106781186548));
#15193=DIRECTION('ref_axis',(-0.707106781186548,0.,0.707106781186547));
#15194=DIRECTION('',(0.707106781186548,0.,-0.707106781186547));
#15195=DIRECTION('',(0.,1.,0.));
#15196=DIRECTION('center_axis',(0.,0.,-1.));
#15197=DIRECTION('ref_axis',(1.,0.,0.));
#15198=DIRECTION('center_axis',(0.,0.,1.));
#15199=DIRECTION('ref_axis',(1.,0.,0.));
#15200=DIRECTION('center_axis',(0.,0.,1.));
#15201=DIRECTION('ref_axis',(-1.,0.,0.));
#15202=DIRECTION('',(0.,0.,1.));
#15203=DIRECTION('center_axis',(0.,0.,-1.));
#15204=DIRECTION('ref_axis',(-1.,0.,0.));
#15205=DIRECTION('',(0.,0.,1.));
#15206=DIRECTION('center_axis',(-1.,0.,0.));
#15207=DIRECTION('ref_axis',(0.,-1.,0.));
#15208=DIRECTION('',(0.,0.,1.));
#15209=DIRECTION('',(0.,1.,0.));
#15210=DIRECTION('center_axis',(0.,0.,1.));
#15211=DIRECTION('ref_axis',(-1.,0.,0.));
#15212=DIRECTION('',(-0.707106781186548,0.,0.707106781186547));
#15213=DIRECTION('',(-0.707106781186548,0.,-0.707106781186547));
#15214=DIRECTION('center_axis',(0.707106781186547,0.,0.707106781186548));
#15215=DIRECTION('ref_axis',(0.707106781186548,0.,-0.707106781186547));
#15216=DIRECTION('',(-0.707106781186548,0.,0.707106781186547));
#15217=DIRECTION('center_axis',(0.,0.,1.));
#15218=DIRECTION('ref_axis',(1.,0.,0.));
#15219=DIRECTION('',(0.707106781186548,0.,0.707106781186547));
#15220=DIRECTION('center_axis',(0.,0.,-1.));
#15221=DIRECTION('ref_axis',(1.,0.,0.));
#15222=DIRECTION('center_axis',(-0.707106781186547,0.,0.707106781186548));
#15223=DIRECTION('ref_axis',(0.707106781186548,0.,0.707106781186547));
#15224=DIRECTION('',(0.,-1.,0.));
#15225=DIRECTION('center_axis',(1.,0.,0.));
#15226=DIRECTION('ref_axis',(0.,1.,0.));
#15227=DIRECTION('',(0.,0.,1.));
#15228=DIRECTION('center_axis',(0.,0.,1.));
#15229=DIRECTION('ref_axis',(1.,0.,0.));
#15230=DIRECTION('center_axis',(0.707106781186547,0.,-0.707106781186548));
#15231=DIRECTION('ref_axis',(-0.707106781186548,0.,-0.707106781186547));
#15232=DIRECTION('',(-0.707106781186548,0.,-0.707106781186547));
#15233=DIRECTION('',(0.707106781186548,0.,0.707106781186547));
#15234=DIRECTION('',(0.,-1.,0.));
#15235=DIRECTION('center_axis',(0.,0.,-1.));
#15236=DIRECTION('ref_axis',(-1.,0.,0.));
#15237=DIRECTION('',(0.707106781186548,0.,-0.707106781186547));
#15238=DIRECTION('center_axis',(0.,0.,1.));
#15239=DIRECTION('ref_axis',(-1.,0.,0.));
#15240=DIRECTION('center_axis',(-0.707106781186547,0.,-0.707106781186548));
#15241=DIRECTION('ref_axis',(-0.707106781186548,0.,0.707106781186547));
#15242=DIRECTION('',(0.707106781186548,0.,-0.707106781186547));
#15243=DIRECTION('',(0.,1.,0.));
#15244=DIRECTION('center_axis',(0.,0.,-1.));
#15245=DIRECTION('ref_axis',(1.,0.,0.));
#15246=DIRECTION('center_axis',(0.,0.,1.));
#15247=DIRECTION('ref_axis',(1.,0.,0.));
#15248=DIRECTION('center_axis',(0.,0.,1.));
#15249=DIRECTION('ref_axis',(-1.,0.,0.));
#15250=DIRECTION('',(0.,0.,1.));
#15251=DIRECTION('center_axis',(0.,0.,-1.));
#15252=DIRECTION('ref_axis',(-1.,0.,0.));
#15253=DIRECTION('',(0.,0.,1.));
#15254=DIRECTION('center_axis',(-1.,0.,0.));
#15255=DIRECTION('ref_axis',(0.,-1.,0.));
#15256=DIRECTION('',(0.,0.,1.));
#15257=DIRECTION('',(0.,1.,0.));
#15258=DIRECTION('center_axis',(0.,0.,1.));
#15259=DIRECTION('ref_axis',(-1.,0.,0.));
#15260=DIRECTION('',(-0.707106781186548,0.,0.707106781186547));
#15261=DIRECTION('',(-0.707106781186548,0.,-0.707106781186547));
#15262=DIRECTION('center_axis',(0.707106781186547,0.,0.707106781186548));
#15263=DIRECTION('ref_axis',(0.707106781186548,0.,-0.707106781186547));
#15264=DIRECTION('',(-0.707106781186548,0.,0.707106781186547));
#15265=DIRECTION('center_axis',(0.,0.,1.));
#15266=DIRECTION('ref_axis',(1.,0.,0.));
#15267=DIRECTION('',(0.707106781186548,0.,0.707106781186547));
#15268=DIRECTION('center_axis',(0.,0.,-1.));
#15269=DIRECTION('ref_axis',(1.,0.,0.));
#15270=DIRECTION('center_axis',(-0.707106781186547,0.,0.707106781186548));
#15271=DIRECTION('ref_axis',(0.707106781186548,0.,0.707106781186547));
#15272=DIRECTION('',(0.,-1.,0.));
#15273=DIRECTION('center_axis',(1.,0.,0.));
#15274=DIRECTION('ref_axis',(0.,1.,0.));
#15275=DIRECTION('',(0.,0.,1.));
#15276=DIRECTION('center_axis',(0.,0.,1.));
#15277=DIRECTION('ref_axis',(1.,0.,0.));
#15278=DIRECTION('center_axis',(0.707106781186547,0.,-0.707106781186548));
#15279=DIRECTION('ref_axis',(-0.707106781186548,0.,-0.707106781186547));
#15280=DIRECTION('',(-0.707106781186548,0.,-0.707106781186547));
#15281=DIRECTION('',(0.707106781186548,0.,0.707106781186547));
#15282=DIRECTION('',(0.,-1.,0.));
#15283=DIRECTION('center_axis',(0.,0.,-1.));
#15284=DIRECTION('ref_axis',(-1.,0.,0.));
#15285=DIRECTION('',(0.707106781186548,0.,-0.707106781186547));
#15286=DIRECTION('center_axis',(0.,0.,1.));
#15287=DIRECTION('ref_axis',(-1.,0.,0.));
#15288=DIRECTION('center_axis',(-0.707106781186547,0.,-0.707106781186548));
#15289=DIRECTION('ref_axis',(-0.707106781186548,0.,0.707106781186547));
#15290=DIRECTION('',(0.707106781186548,0.,-0.707106781186547));
#15291=DIRECTION('',(0.,1.,0.));
#15292=DIRECTION('center_axis',(0.,0.,-1.));
#15293=DIRECTION('ref_axis',(1.,0.,0.));
#15294=DIRECTION('center_axis',(0.,0.,1.));
#15295=DIRECTION('ref_axis',(1.,0.,0.));
#15296=DIRECTION('center_axis',(0.,0.,1.));
#15297=DIRECTION('ref_axis',(-1.,0.,0.));
#15298=DIRECTION('',(0.,0.,1.));
#15299=DIRECTION('center_axis',(0.,0.,-1.));
#15300=DIRECTION('ref_axis',(-1.,0.,0.));
#15301=DIRECTION('',(0.,0.,1.));
#15302=DIRECTION('center_axis',(-1.,0.,0.));
#15303=DIRECTION('ref_axis',(0.,-1.,0.));
#15304=DIRECTION('',(0.,0.,1.));
#15305=DIRECTION('',(0.,1.,0.));
#15306=DIRECTION('center_axis',(0.,0.,1.));
#15307=DIRECTION('ref_axis',(-1.,0.,0.));
#15308=DIRECTION('',(-0.707106781186548,0.,0.707106781186547));
#15309=DIRECTION('',(-0.707106781186548,0.,-0.707106781186547));
#15310=DIRECTION('center_axis',(0.707106781186547,0.,0.707106781186548));
#15311=DIRECTION('ref_axis',(0.707106781186548,0.,-0.707106781186547));
#15312=DIRECTION('',(-0.707106781186548,0.,0.707106781186547));
#15313=DIRECTION('center_axis',(0.,0.,1.));
#15314=DIRECTION('ref_axis',(1.,0.,0.));
#15315=DIRECTION('',(0.707106781186548,0.,0.707106781186547));
#15316=DIRECTION('center_axis',(0.,0.,-1.));
#15317=DIRECTION('ref_axis',(1.,0.,0.));
#15318=DIRECTION('center_axis',(-0.707106781186547,0.,0.707106781186548));
#15319=DIRECTION('ref_axis',(0.707106781186548,0.,0.707106781186547));
#15320=DIRECTION('',(0.,-1.,0.));
#15321=DIRECTION('center_axis',(1.,0.,0.));
#15322=DIRECTION('ref_axis',(0.,1.,0.));
#15323=DIRECTION('',(0.,0.,1.));
#15324=DIRECTION('center_axis',(0.,0.,1.));
#15325=DIRECTION('ref_axis',(1.,0.,0.));
#15326=DIRECTION('center_axis',(0.707106781186547,0.,-0.707106781186548));
#15327=DIRECTION('ref_axis',(-0.707106781186548,0.,-0.707106781186547));
#15328=DIRECTION('',(-0.707106781186548,0.,-0.707106781186547));
#15329=DIRECTION('',(0.707106781186548,0.,0.707106781186547));
#15330=DIRECTION('',(0.,-1.,0.));
#15331=DIRECTION('center_axis',(0.,0.,-1.));
#15332=DIRECTION('ref_axis',(-1.,0.,0.));
#15333=DIRECTION('',(0.707106781186548,0.,-0.707106781186547));
#15334=DIRECTION('center_axis',(0.,0.,1.));
#15335=DIRECTION('ref_axis',(-1.,0.,0.));
#15336=DIRECTION('center_axis',(-0.707106781186547,0.,-0.707106781186548));
#15337=DIRECTION('ref_axis',(-0.707106781186548,0.,0.707106781186547));
#15338=DIRECTION('',(0.707106781186548,0.,-0.707106781186547));
#15339=DIRECTION('',(0.,1.,0.));
#15340=DIRECTION('center_axis',(0.,0.,-1.));
#15341=DIRECTION('ref_axis',(1.,0.,0.));
#15342=DIRECTION('center_axis',(0.,0.,1.));
#15343=DIRECTION('ref_axis',(1.,0.,0.));
#15344=DIRECTION('center_axis',(0.,0.,1.));
#15345=DIRECTION('ref_axis',(-1.,0.,0.));
#15346=DIRECTION('',(0.,0.,1.));
#15347=DIRECTION('center_axis',(0.,0.,-1.));
#15348=DIRECTION('ref_axis',(-1.,0.,0.));
#15349=DIRECTION('',(0.,0.,1.));
#15350=DIRECTION('center_axis',(-1.,0.,0.));
#15351=DIRECTION('ref_axis',(0.,-1.,0.));
#15352=DIRECTION('',(0.,0.,1.));
#15353=DIRECTION('',(0.,1.,0.));
#15354=DIRECTION('center_axis',(0.,0.,1.));
#15355=DIRECTION('ref_axis',(-1.,0.,0.));
#15356=DIRECTION('',(-0.707106781186548,0.,0.707106781186547));
#15357=DIRECTION('',(-0.707106781186548,0.,-0.707106781186547));
#15358=DIRECTION('center_axis',(0.707106781186547,0.,0.707106781186548));
#15359=DIRECTION('ref_axis',(0.707106781186548,0.,-0.707106781186547));
#15360=DIRECTION('',(-0.707106781186548,0.,0.707106781186547));
#15361=DIRECTION('center_axis',(0.,0.,1.));
#15362=DIRECTION('ref_axis',(1.,0.,0.));
#15363=DIRECTION('',(0.707106781186548,0.,0.707106781186547));
#15364=DIRECTION('center_axis',(0.,0.,-1.));
#15365=DIRECTION('ref_axis',(1.,0.,0.));
#15366=DIRECTION('center_axis',(-0.707106781186547,0.,0.707106781186548));
#15367=DIRECTION('ref_axis',(0.707106781186548,0.,0.707106781186547));
#15368=DIRECTION('',(0.,-1.,0.));
#15369=DIRECTION('center_axis',(1.,0.,0.));
#15370=DIRECTION('ref_axis',(0.,1.,0.));
#15371=DIRECTION('',(0.,0.,1.));
#15372=DIRECTION('center_axis',(0.,0.,1.));
#15373=DIRECTION('ref_axis',(1.,0.,0.));
#15374=DIRECTION('center_axis',(0.707106781186547,0.,-0.707106781186548));
#15375=DIRECTION('ref_axis',(-0.707106781186548,0.,-0.707106781186547));
#15376=DIRECTION('',(-0.707106781186548,0.,-0.707106781186547));
#15377=DIRECTION('',(0.707106781186548,0.,0.707106781186547));
#15378=DIRECTION('',(0.,-1.,0.));
#15379=DIRECTION('center_axis',(0.,0.,-1.));
#15380=DIRECTION('ref_axis',(-1.,0.,0.));
#15381=DIRECTION('',(0.707106781186548,0.,-0.707106781186547));
#15382=DIRECTION('center_axis',(0.,0.,1.));
#15383=DIRECTION('ref_axis',(-1.,0.,0.));
#15384=DIRECTION('center_axis',(-0.707106781186547,0.,-0.707106781186548));
#15385=DIRECTION('ref_axis',(-0.707106781186548,0.,0.707106781186547));
#15386=DIRECTION('',(0.707106781186548,0.,-0.707106781186547));
#15387=DIRECTION('',(0.,1.,0.));
#15388=DIRECTION('center_axis',(0.,0.,-1.));
#15389=DIRECTION('ref_axis',(1.,0.,0.));
#15390=DIRECTION('center_axis',(0.,0.,1.));
#15391=DIRECTION('ref_axis',(1.,0.,0.));
#15392=DIRECTION('center_axis',(0.,0.,1.));
#15393=DIRECTION('ref_axis',(-1.,0.,0.));
#15394=DIRECTION('',(0.,0.,1.));
#15395=DIRECTION('center_axis',(0.,0.,-1.));
#15396=DIRECTION('ref_axis',(-1.,0.,0.));
#15397=DIRECTION('',(0.,0.,1.));
#15398=DIRECTION('center_axis',(-1.,0.,0.));
#15399=DIRECTION('ref_axis',(0.,-1.,0.));
#15400=DIRECTION('',(0.,0.,1.));
#15401=DIRECTION('',(0.,1.,0.));
#15402=DIRECTION('center_axis',(0.,0.,1.));
#15403=DIRECTION('ref_axis',(-1.,0.,0.));
#15404=DIRECTION('',(-0.707106781186548,0.,0.707106781186547));
#15405=DIRECTION('',(-0.707106781186548,0.,-0.707106781186547));
#15406=DIRECTION('center_axis',(0.707106781186547,0.,0.707106781186548));
#15407=DIRECTION('ref_axis',(0.707106781186548,0.,-0.707106781186547));
#15408=DIRECTION('',(-0.707106781186548,0.,0.707106781186547));
#15409=DIRECTION('center_axis',(0.,0.,1.));
#15410=DIRECTION('ref_axis',(1.,0.,0.));
#15411=DIRECTION('',(0.707106781186548,0.,0.707106781186547));
#15412=DIRECTION('center_axis',(0.,0.,-1.));
#15413=DIRECTION('ref_axis',(1.,0.,0.));
#15414=DIRECTION('center_axis',(-0.707106781186547,0.,0.707106781186548));
#15415=DIRECTION('ref_axis',(0.707106781186548,0.,0.707106781186547));
#15416=DIRECTION('',(0.,-1.,0.));
#15417=DIRECTION('center_axis',(1.,0.,0.));
#15418=DIRECTION('ref_axis',(0.,1.,0.));
#15419=DIRECTION('',(0.,0.,1.));
#15420=DIRECTION('center_axis',(0.,0.,1.));
#15421=DIRECTION('ref_axis',(1.,0.,0.));
#15422=DIRECTION('center_axis',(0.707106781186547,0.,-0.707106781186548));
#15423=DIRECTION('ref_axis',(-0.707106781186548,0.,-0.707106781186547));
#15424=DIRECTION('',(-0.707106781186548,0.,-0.707106781186547));
#15425=DIRECTION('',(0.707106781186548,0.,0.707106781186547));
#15426=DIRECTION('',(0.,-1.,0.));
#15427=DIRECTION('center_axis',(0.,0.,-1.));
#15428=DIRECTION('ref_axis',(-1.,0.,0.));
#15429=DIRECTION('',(0.707106781186548,0.,-0.707106781186547));
#15430=DIRECTION('center_axis',(0.,0.,1.));
#15431=DIRECTION('ref_axis',(-1.,0.,0.));
#15432=DIRECTION('center_axis',(-0.707106781186547,0.,-0.707106781186548));
#15433=DIRECTION('ref_axis',(-0.707106781186548,0.,0.707106781186547));
#15434=DIRECTION('',(0.707106781186548,0.,-0.707106781186547));
#15435=DIRECTION('',(0.,1.,0.));
#15436=DIRECTION('center_axis',(0.,0.,-1.));
#15437=DIRECTION('ref_axis',(1.,0.,0.));
#15438=DIRECTION('center_axis',(0.,0.,1.));
#15439=DIRECTION('ref_axis',(1.,0.,0.));
#15440=DIRECTION('center_axis',(0.,0.,1.));
#15441=DIRECTION('ref_axis',(-1.,0.,0.));
#15442=DIRECTION('',(0.,0.,1.));
#15443=DIRECTION('center_axis',(0.,0.,-1.));
#15444=DIRECTION('ref_axis',(-1.,0.,0.));
#15445=DIRECTION('',(0.,0.,1.));
#15446=DIRECTION('center_axis',(-1.,0.,0.));
#15447=DIRECTION('ref_axis',(0.,-1.,0.));
#15448=DIRECTION('',(0.,0.,1.));
#15449=DIRECTION('',(0.,1.,0.));
#15450=DIRECTION('center_axis',(0.,0.,1.));
#15451=DIRECTION('ref_axis',(-1.,0.,0.));
#15452=DIRECTION('',(-0.707106781186548,0.,0.707106781186547));
#15453=DIRECTION('',(-0.707106781186548,0.,-0.707106781186547));
#15454=DIRECTION('center_axis',(0.707106781186547,0.,0.707106781186548));
#15455=DIRECTION('ref_axis',(0.707106781186548,0.,-0.707106781186547));
#15456=DIRECTION('',(-0.707106781186548,0.,0.707106781186547));
#15457=DIRECTION('center_axis',(0.,0.,1.));
#15458=DIRECTION('ref_axis',(1.,0.,0.));
#15459=DIRECTION('',(0.707106781186548,0.,0.707106781186547));
#15460=DIRECTION('center_axis',(0.,0.,-1.));
#15461=DIRECTION('ref_axis',(1.,0.,0.));
#15462=DIRECTION('center_axis',(-0.707106781186547,0.,0.707106781186548));
#15463=DIRECTION('ref_axis',(0.707106781186548,0.,0.707106781186547));
#15464=DIRECTION('',(0.,-1.,0.));
#15465=DIRECTION('center_axis',(1.,0.,0.));
#15466=DIRECTION('ref_axis',(0.,1.,0.));
#15467=DIRECTION('',(0.,0.,1.));
#15468=DIRECTION('center_axis',(0.,0.,1.));
#15469=DIRECTION('ref_axis',(1.,0.,0.));
#15470=DIRECTION('center_axis',(0.707106781186547,0.,-0.707106781186548));
#15471=DIRECTION('ref_axis',(-0.707106781186548,0.,-0.707106781186547));
#15472=DIRECTION('',(-0.707106781186548,0.,-0.707106781186547));
#15473=DIRECTION('',(0.707106781186548,0.,0.707106781186547));
#15474=DIRECTION('',(0.,-1.,0.));
#15475=DIRECTION('center_axis',(0.,0.,-1.));
#15476=DIRECTION('ref_axis',(-1.,0.,0.));
#15477=DIRECTION('',(0.707106781186548,0.,-0.707106781186547));
#15478=DIRECTION('center_axis',(0.,0.,1.));
#15479=DIRECTION('ref_axis',(-1.,0.,0.));
#15480=DIRECTION('center_axis',(-0.707106781186547,0.,-0.707106781186548));
#15481=DIRECTION('ref_axis',(-0.707106781186548,0.,0.707106781186547));
#15482=DIRECTION('',(0.707106781186548,0.,-0.707106781186547));
#15483=DIRECTION('',(0.,1.,0.));
#15484=DIRECTION('center_axis',(0.,0.,-1.));
#15485=DIRECTION('ref_axis',(1.,0.,0.));
#15486=DIRECTION('center_axis',(0.,0.,1.));
#15487=DIRECTION('ref_axis',(1.,0.,0.));
#15488=DIRECTION('center_axis',(0.,0.,1.));
#15489=DIRECTION('ref_axis',(-1.,0.,0.));
#15490=DIRECTION('',(0.,0.,1.));
#15491=DIRECTION('center_axis',(0.,0.,-1.));
#15492=DIRECTION('ref_axis',(-1.,0.,0.));
#15493=DIRECTION('',(0.,0.,1.));
#15494=DIRECTION('center_axis',(-1.,0.,0.));
#15495=DIRECTION('ref_axis',(0.,-1.,0.));
#15496=DIRECTION('',(0.,0.,1.));
#15497=DIRECTION('',(0.,1.,0.));
#15498=DIRECTION('center_axis',(0.,0.,1.));
#15499=DIRECTION('ref_axis',(-1.,0.,0.));
#15500=DIRECTION('',(-0.707106781186548,0.,0.707106781186547));
#15501=DIRECTION('',(-0.707106781186548,0.,-0.707106781186547));
#15502=DIRECTION('center_axis',(0.707106781186547,0.,0.707106781186548));
#15503=DIRECTION('ref_axis',(0.707106781186548,0.,-0.707106781186547));
#15504=DIRECTION('',(-0.707106781186548,0.,0.707106781186547));
#15505=DIRECTION('center_axis',(0.,0.,1.));
#15506=DIRECTION('ref_axis',(1.,0.,0.));
#15507=DIRECTION('',(0.707106781186548,0.,0.707106781186547));
#15508=DIRECTION('center_axis',(0.,0.,-1.));
#15509=DIRECTION('ref_axis',(1.,0.,0.));
#15510=DIRECTION('center_axis',(-0.707106781186547,0.,0.707106781186548));
#15511=DIRECTION('ref_axis',(0.707106781186548,0.,0.707106781186547));
#15512=DIRECTION('',(0.,-1.,0.));
#15513=DIRECTION('center_axis',(1.,0.,0.));
#15514=DIRECTION('ref_axis',(0.,1.,0.));
#15515=DIRECTION('',(0.,0.,1.));
#15516=DIRECTION('center_axis',(0.,0.,1.));
#15517=DIRECTION('ref_axis',(1.,0.,0.));
#15518=DIRECTION('center_axis',(-0.707106781186547,0.,0.707106781186548));
#15519=DIRECTION('ref_axis',(0.707106781186548,0.,0.707106781186547));
#15520=DIRECTION('',(0.707106781186548,0.,0.707106781186547));
#15521=DIRECTION('',(-0.707106781186548,0.,-0.707106781186547));
#15522=DIRECTION('',(0.,-1.,0.));
#15523=DIRECTION('center_axis',(0.,0.,1.));
#15524=DIRECTION('ref_axis',(-1.,0.,0.));
#15525=DIRECTION('',(-0.707106781186548,0.,0.707106781186547));
#15526=DIRECTION('center_axis',(0.,0.,-1.));
#15527=DIRECTION('ref_axis',(-1.,0.,0.));
#15528=DIRECTION('center_axis',(0.707106781186547,0.,0.707106781186548));
#15529=DIRECTION('ref_axis',(0.707106781186548,0.,-0.707106781186547));
#15530=DIRECTION('',(-0.707106781186548,0.,0.707106781186547));
#15531=DIRECTION('',(0.,1.,0.));
#15532=DIRECTION('center_axis',(0.,0.,1.));
#15533=DIRECTION('ref_axis',(1.,0.,0.));
#15534=DIRECTION('center_axis',(0.,0.,-1.));
#15535=DIRECTION('ref_axis',(1.,0.,0.));
#15536=DIRECTION('center_axis',(0.,0.,1.));
#15537=DIRECTION('ref_axis',(-1.,0.,0.));
#15538=DIRECTION('',(0.,0.,1.));
#15539=DIRECTION('center_axis',(0.,0.,1.));
#15540=DIRECTION('ref_axis',(-1.,0.,0.));
#15541=DIRECTION('',(0.,0.,1.));
#15542=DIRECTION('center_axis',(1.,0.,0.));
#15543=DIRECTION('ref_axis',(0.,1.,0.));
#15544=DIRECTION('',(0.,0.,1.));
#15545=DIRECTION('',(0.,1.,0.));
#15546=DIRECTION('center_axis',(0.707106781186547,0.,-0.707106781186548));
#15547=DIRECTION('ref_axis',(-0.707106781186548,0.,-0.707106781186547));
#15548=DIRECTION('',(-0.707106781186548,0.,-0.707106781186547));
#15549=DIRECTION('',(0.707106781186548,0.,0.707106781186547));
#15550=DIRECTION('',(0.,-1.,0.));
#15551=DIRECTION('center_axis',(0.,0.,-1.));
#15552=DIRECTION('ref_axis',(-1.,0.,0.));
#15553=DIRECTION('',(0.707106781186548,0.,-0.707106781186547));
#15554=DIRECTION('center_axis',(-0.707106781186547,0.,-0.707106781186548));
#15555=DIRECTION('ref_axis',(-0.707106781186548,0.,0.707106781186547));
#15556=DIRECTION('',(0.707106781186548,0.,-0.707106781186547));
#15557=DIRECTION('center_axis',(0.,0.,-1.));
#15558=DIRECTION('ref_axis',(1.,0.,0.));
#15559=DIRECTION('center_axis',(0.,0.,1.));
#15560=DIRECTION('ref_axis',(1.,0.,0.));
#15561=DIRECTION('center_axis',(-1.,0.,0.));
#15562=DIRECTION('ref_axis',(0.,-1.,0.));
#15563=DIRECTION('',(0.,0.,1.));
#15564=DIRECTION('center_axis',(0.,0.,1.));
#15565=DIRECTION('ref_axis',(1.,0.,0.));
#15566=DIRECTION('center_axis',(-0.707106781186547,0.,0.707106781186548));
#15567=DIRECTION('ref_axis',(0.707106781186548,0.,0.707106781186547));
#15568=DIRECTION('',(0.707106781186548,0.,0.707106781186547));
#15569=DIRECTION('',(-0.707106781186548,0.,-0.707106781186547));
#15570=DIRECTION('',(0.,-1.,0.));
#15571=DIRECTION('center_axis',(0.,0.,1.));
#15572=DIRECTION('ref_axis',(-1.,0.,0.));
#15573=DIRECTION('',(-0.707106781186548,0.,0.707106781186547));
#15574=DIRECTION('center_axis',(0.,0.,-1.));
#15575=DIRECTION('ref_axis',(-1.,0.,0.));
#15576=DIRECTION('center_axis',(0.707106781186547,0.,0.707106781186548));
#15577=DIRECTION('ref_axis',(0.707106781186548,0.,-0.707106781186547));
#15578=DIRECTION('',(-0.707106781186548,0.,0.707106781186547));
#15579=DIRECTION('',(0.,1.,0.));
#15580=DIRECTION('center_axis',(0.,0.,1.));
#15581=DIRECTION('ref_axis',(1.,0.,0.));
#15582=DIRECTION('center_axis',(0.,0.,-1.));
#15583=DIRECTION('ref_axis',(1.,0.,0.));
#15584=DIRECTION('center_axis',(0.,0.,1.));
#15585=DIRECTION('ref_axis',(-1.,0.,0.));
#15586=DIRECTION('',(0.,0.,1.));
#15587=DIRECTION('center_axis',(0.,0.,1.));
#15588=DIRECTION('ref_axis',(-1.,0.,0.));
#15589=DIRECTION('',(0.,0.,1.));
#15590=DIRECTION('center_axis',(1.,0.,0.));
#15591=DIRECTION('ref_axis',(0.,1.,0.));
#15592=DIRECTION('',(0.,0.,1.));
#15593=DIRECTION('',(0.,1.,0.));
#15594=DIRECTION('center_axis',(0.707106781186547,0.,-0.707106781186548));
#15595=DIRECTION('ref_axis',(-0.707106781186548,0.,-0.707106781186547));
#15596=DIRECTION('',(-0.707106781186548,0.,-0.707106781186547));
#15597=DIRECTION('',(0.707106781186548,0.,0.707106781186547));
#15598=DIRECTION('',(0.,-1.,0.));
#15599=DIRECTION('center_axis',(0.,0.,-1.));
#15600=DIRECTION('ref_axis',(-1.,0.,0.));
#15601=DIRECTION('',(0.707106781186548,0.,-0.707106781186547));
#15602=DIRECTION('center_axis',(-0.707106781186547,0.,-0.707106781186548));
#15603=DIRECTION('ref_axis',(-0.707106781186548,0.,0.707106781186547));
#15604=DIRECTION('',(0.707106781186548,0.,-0.707106781186547));
#15605=DIRECTION('center_axis',(0.,0.,-1.));
#15606=DIRECTION('ref_axis',(1.,0.,0.));
#15607=DIRECTION('center_axis',(0.,0.,1.));
#15608=DIRECTION('ref_axis',(1.,0.,0.));
#15609=DIRECTION('center_axis',(-1.,0.,0.));
#15610=DIRECTION('ref_axis',(0.,-1.,0.));
#15611=DIRECTION('',(0.,0.,1.));
#15612=DIRECTION('center_axis',(0.,0.,1.));
#15613=DIRECTION('ref_axis',(1.,0.,0.));
#15614=DIRECTION('center_axis',(-0.707106781186547,0.,0.707106781186548));
#15615=DIRECTION('ref_axis',(0.707106781186548,0.,0.707106781186547));
#15616=DIRECTION('',(0.707106781186548,0.,0.707106781186547));
#15617=DIRECTION('',(-0.707106781186548,0.,-0.707106781186547));
#15618=DIRECTION('',(0.,-1.,0.));
#15619=DIRECTION('center_axis',(0.,0.,1.));
#15620=DIRECTION('ref_axis',(-1.,0.,0.));
#15621=DIRECTION('',(-0.707106781186548,0.,0.707106781186547));
#15622=DIRECTION('center_axis',(0.,0.,-1.));
#15623=DIRECTION('ref_axis',(-1.,0.,0.));
#15624=DIRECTION('center_axis',(0.707106781186547,0.,0.707106781186548));
#15625=DIRECTION('ref_axis',(0.707106781186548,0.,-0.707106781186547));
#15626=DIRECTION('',(-0.707106781186548,0.,0.707106781186547));
#15627=DIRECTION('',(0.,1.,0.));
#15628=DIRECTION('center_axis',(0.,0.,1.));
#15629=DIRECTION('ref_axis',(1.,0.,0.));
#15630=DIRECTION('center_axis',(0.,0.,-1.));
#15631=DIRECTION('ref_axis',(1.,0.,0.));
#15632=DIRECTION('center_axis',(0.,0.,1.));
#15633=DIRECTION('ref_axis',(-1.,0.,0.));
#15634=DIRECTION('',(0.,0.,1.));
#15635=DIRECTION('center_axis',(0.,0.,1.));
#15636=DIRECTION('ref_axis',(-1.,0.,0.));
#15637=DIRECTION('',(0.,0.,1.));
#15638=DIRECTION('center_axis',(1.,0.,0.));
#15639=DIRECTION('ref_axis',(0.,1.,0.));
#15640=DIRECTION('',(0.,0.,1.));
#15641=DIRECTION('',(0.,1.,0.));
#15642=DIRECTION('center_axis',(0.707106781186547,0.,-0.707106781186548));
#15643=DIRECTION('ref_axis',(-0.707106781186548,0.,-0.707106781186547));
#15644=DIRECTION('',(-0.707106781186548,0.,-0.707106781186547));
#15645=DIRECTION('',(0.707106781186548,0.,0.707106781186547));
#15646=DIRECTION('',(0.,-1.,0.));
#15647=DIRECTION('center_axis',(0.,0.,-1.));
#15648=DIRECTION('ref_axis',(-1.,0.,0.));
#15649=DIRECTION('',(0.707106781186548,0.,-0.707106781186547));
#15650=DIRECTION('center_axis',(-0.707106781186547,0.,-0.707106781186548));
#15651=DIRECTION('ref_axis',(-0.707106781186548,0.,0.707106781186547));
#15652=DIRECTION('',(0.707106781186548,0.,-0.707106781186547));
#15653=DIRECTION('center_axis',(0.,0.,-1.));
#15654=DIRECTION('ref_axis',(1.,0.,0.));
#15655=DIRECTION('center_axis',(0.,0.,1.));
#15656=DIRECTION('ref_axis',(1.,0.,0.));
#15657=DIRECTION('center_axis',(-1.,0.,0.));
#15658=DIRECTION('ref_axis',(0.,-1.,0.));
#15659=DIRECTION('',(0.,0.,1.));
#15660=DIRECTION('center_axis',(0.,0.,1.));
#15661=DIRECTION('ref_axis',(1.,0.,0.));
#15662=DIRECTION('center_axis',(-0.707106781186547,0.,0.707106781186548));
#15663=DIRECTION('ref_axis',(0.707106781186548,0.,0.707106781186547));
#15664=DIRECTION('',(0.707106781186548,0.,0.707106781186547));
#15665=DIRECTION('',(-0.707106781186548,0.,-0.707106781186547));
#15666=DIRECTION('',(0.,-1.,0.));
#15667=DIRECTION('center_axis',(0.,0.,1.));
#15668=DIRECTION('ref_axis',(-1.,0.,0.));
#15669=DIRECTION('',(-0.707106781186548,0.,0.707106781186547));
#15670=DIRECTION('center_axis',(0.,0.,-1.));
#15671=DIRECTION('ref_axis',(-1.,0.,0.));
#15672=DIRECTION('center_axis',(0.707106781186547,0.,0.707106781186548));
#15673=DIRECTION('ref_axis',(0.707106781186548,0.,-0.707106781186547));
#15674=DIRECTION('',(-0.707106781186548,0.,0.707106781186547));
#15675=DIRECTION('',(0.,1.,0.));
#15676=DIRECTION('center_axis',(0.,0.,1.));
#15677=DIRECTION('ref_axis',(1.,0.,0.));
#15678=DIRECTION('center_axis',(0.,0.,-1.));
#15679=DIRECTION('ref_axis',(1.,0.,0.));
#15680=DIRECTION('center_axis',(0.,0.,1.));
#15681=DIRECTION('ref_axis',(-1.,0.,0.));
#15682=DIRECTION('',(0.,0.,1.));
#15683=DIRECTION('center_axis',(0.,0.,1.));
#15684=DIRECTION('ref_axis',(-1.,0.,0.));
#15685=DIRECTION('',(0.,0.,1.));
#15686=DIRECTION('center_axis',(1.,0.,0.));
#15687=DIRECTION('ref_axis',(0.,1.,0.));
#15688=DIRECTION('',(0.,0.,1.));
#15689=DIRECTION('',(0.,1.,0.));
#15690=DIRECTION('center_axis',(0.707106781186547,0.,-0.707106781186548));
#15691=DIRECTION('ref_axis',(-0.707106781186548,0.,-0.707106781186547));
#15692=DIRECTION('',(-0.707106781186548,0.,-0.707106781186547));
#15693=DIRECTION('',(0.707106781186548,0.,0.707106781186547));
#15694=DIRECTION('',(0.,-1.,0.));
#15695=DIRECTION('center_axis',(0.,0.,-1.));
#15696=DIRECTION('ref_axis',(-1.,0.,0.));
#15697=DIRECTION('',(0.707106781186548,0.,-0.707106781186547));
#15698=DIRECTION('center_axis',(-0.707106781186547,0.,-0.707106781186548));
#15699=DIRECTION('ref_axis',(-0.707106781186548,0.,0.707106781186547));
#15700=DIRECTION('',(0.707106781186548,0.,-0.707106781186547));
#15701=DIRECTION('center_axis',(0.,0.,-1.));
#15702=DIRECTION('ref_axis',(1.,0.,0.));
#15703=DIRECTION('center_axis',(0.,0.,1.));
#15704=DIRECTION('ref_axis',(1.,0.,0.));
#15705=DIRECTION('center_axis',(-1.,0.,0.));
#15706=DIRECTION('ref_axis',(0.,-1.,0.));
#15707=DIRECTION('',(0.,0.,1.));
#15708=DIRECTION('center_axis',(0.,0.,1.));
#15709=DIRECTION('ref_axis',(1.,0.,0.));
#15710=DIRECTION('center_axis',(-0.707106781186547,0.,0.707106781186548));
#15711=DIRECTION('ref_axis',(0.707106781186548,0.,0.707106781186547));
#15712=DIRECTION('',(0.707106781186548,0.,0.707106781186547));
#15713=DIRECTION('',(-0.707106781186548,0.,-0.707106781186547));
#15714=DIRECTION('',(0.,-1.,0.));
#15715=DIRECTION('center_axis',(0.,0.,1.));
#15716=DIRECTION('ref_axis',(-1.,0.,0.));
#15717=DIRECTION('',(-0.707106781186548,0.,0.707106781186547));
#15718=DIRECTION('center_axis',(0.,0.,-1.));
#15719=DIRECTION('ref_axis',(-1.,0.,0.));
#15720=DIRECTION('center_axis',(0.707106781186547,0.,0.707106781186548));
#15721=DIRECTION('ref_axis',(0.707106781186548,0.,-0.707106781186547));
#15722=DIRECTION('',(-0.707106781186548,0.,0.707106781186547));
#15723=DIRECTION('',(0.,1.,0.));
#15724=DIRECTION('center_axis',(0.,0.,1.));
#15725=DIRECTION('ref_axis',(1.,0.,0.));
#15726=DIRECTION('center_axis',(0.,0.,-1.));
#15727=DIRECTION('ref_axis',(1.,0.,0.));
#15728=DIRECTION('center_axis',(0.,0.,1.));
#15729=DIRECTION('ref_axis',(-1.,0.,0.));
#15730=DIRECTION('',(0.,0.,1.));
#15731=DIRECTION('center_axis',(0.,0.,1.));
#15732=DIRECTION('ref_axis',(-1.,0.,0.));
#15733=DIRECTION('',(0.,0.,1.));
#15734=DIRECTION('center_axis',(1.,0.,0.));
#15735=DIRECTION('ref_axis',(0.,1.,0.));
#15736=DIRECTION('',(0.,0.,1.));
#15737=DIRECTION('',(0.,1.,0.));
#15738=DIRECTION('center_axis',(0.707106781186547,0.,-0.707106781186548));
#15739=DIRECTION('ref_axis',(-0.707106781186548,0.,-0.707106781186547));
#15740=DIRECTION('',(-0.707106781186548,0.,-0.707106781186547));
#15741=DIRECTION('',(0.707106781186548,0.,0.707106781186547));
#15742=DIRECTION('',(0.,-1.,0.));
#15743=DIRECTION('center_axis',(0.,0.,-1.));
#15744=DIRECTION('ref_axis',(-1.,0.,0.));
#15745=DIRECTION('',(0.707106781186548,0.,-0.707106781186547));
#15746=DIRECTION('center_axis',(-0.707106781186547,0.,-0.707106781186548));
#15747=DIRECTION('ref_axis',(-0.707106781186548,0.,0.707106781186547));
#15748=DIRECTION('',(0.707106781186548,0.,-0.707106781186547));
#15749=DIRECTION('center_axis',(0.,0.,-1.));
#15750=DIRECTION('ref_axis',(1.,0.,0.));
#15751=DIRECTION('center_axis',(0.,0.,1.));
#15752=DIRECTION('ref_axis',(1.,0.,0.));
#15753=DIRECTION('center_axis',(-1.,0.,0.));
#15754=DIRECTION('ref_axis',(0.,-1.,0.));
#15755=DIRECTION('',(0.,0.,1.));
#15756=DIRECTION('center_axis',(0.,0.,1.));
#15757=DIRECTION('ref_axis',(1.,0.,0.));
#15758=DIRECTION('center_axis',(-0.707106781186547,0.,0.707106781186548));
#15759=DIRECTION('ref_axis',(0.707106781186548,0.,0.707106781186547));
#15760=DIRECTION('',(0.707106781186548,0.,0.707106781186547));
#15761=DIRECTION('',(-0.707106781186548,0.,-0.707106781186547));
#15762=DIRECTION('',(0.,-1.,0.));
#15763=DIRECTION('center_axis',(0.,0.,1.));
#15764=DIRECTION('ref_axis',(-1.,0.,0.));
#15765=DIRECTION('',(-0.707106781186548,0.,0.707106781186547));
#15766=DIRECTION('center_axis',(0.,0.,-1.));
#15767=DIRECTION('ref_axis',(-1.,0.,0.));
#15768=DIRECTION('center_axis',(0.707106781186547,0.,0.707106781186548));
#15769=DIRECTION('ref_axis',(0.707106781186548,0.,-0.707106781186547));
#15770=DIRECTION('',(-0.707106781186548,0.,0.707106781186547));
#15771=DIRECTION('',(0.,1.,0.));
#15772=DIRECTION('center_axis',(0.,0.,1.));
#15773=DIRECTION('ref_axis',(1.,0.,0.));
#15774=DIRECTION('center_axis',(0.,0.,-1.));
#15775=DIRECTION('ref_axis',(1.,0.,0.));
#15776=DIRECTION('center_axis',(0.,0.,1.));
#15777=DIRECTION('ref_axis',(-1.,0.,0.));
#15778=DIRECTION('',(0.,0.,1.));
#15779=DIRECTION('center_axis',(0.,0.,1.));
#15780=DIRECTION('ref_axis',(-1.,0.,0.));
#15781=DIRECTION('',(0.,0.,1.));
#15782=DIRECTION('center_axis',(1.,0.,0.));
#15783=DIRECTION('ref_axis',(0.,1.,0.));
#15784=DIRECTION('',(0.,0.,1.));
#15785=DIRECTION('',(0.,1.,0.));
#15786=DIRECTION('center_axis',(0.707106781186547,0.,-0.707106781186548));
#15787=DIRECTION('ref_axis',(-0.707106781186548,0.,-0.707106781186547));
#15788=DIRECTION('',(-0.707106781186548,0.,-0.707106781186547));
#15789=DIRECTION('',(0.707106781186548,0.,0.707106781186547));
#15790=DIRECTION('',(0.,-1.,0.));
#15791=DIRECTION('center_axis',(0.,0.,-1.));
#15792=DIRECTION('ref_axis',(-1.,0.,0.));
#15793=DIRECTION('',(0.707106781186548,0.,-0.707106781186547));
#15794=DIRECTION('center_axis',(-0.707106781186547,0.,-0.707106781186548));
#15795=DIRECTION('ref_axis',(-0.707106781186548,0.,0.707106781186547));
#15796=DIRECTION('',(0.707106781186548,0.,-0.707106781186547));
#15797=DIRECTION('center_axis',(0.,0.,-1.));
#15798=DIRECTION('ref_axis',(1.,0.,0.));
#15799=DIRECTION('center_axis',(0.,0.,1.));
#15800=DIRECTION('ref_axis',(1.,0.,0.));
#15801=DIRECTION('center_axis',(-1.,0.,0.));
#15802=DIRECTION('ref_axis',(0.,-1.,0.));
#15803=DIRECTION('',(0.,0.,1.));
#15804=DIRECTION('center_axis',(0.,0.,1.));
#15805=DIRECTION('ref_axis',(1.,0.,0.));
#15806=DIRECTION('center_axis',(-0.707106781186547,0.,0.707106781186548));
#15807=DIRECTION('ref_axis',(0.707106781186548,0.,0.707106781186547));
#15808=DIRECTION('',(0.707106781186548,0.,0.707106781186547));
#15809=DIRECTION('',(-0.707106781186548,0.,-0.707106781186547));
#15810=DIRECTION('',(0.,-1.,0.));
#15811=DIRECTION('center_axis',(0.,0.,1.));
#15812=DIRECTION('ref_axis',(-1.,0.,0.));
#15813=DIRECTION('',(-0.707106781186548,0.,0.707106781186547));
#15814=DIRECTION('center_axis',(0.,0.,-1.));
#15815=DIRECTION('ref_axis',(-1.,0.,0.));
#15816=DIRECTION('center_axis',(0.707106781186547,0.,0.707106781186548));
#15817=DIRECTION('ref_axis',(0.707106781186548,0.,-0.707106781186547));
#15818=DIRECTION('',(-0.707106781186548,0.,0.707106781186547));
#15819=DIRECTION('',(0.,1.,0.));
#15820=DIRECTION('center_axis',(0.,0.,1.));
#15821=DIRECTION('ref_axis',(1.,0.,0.));
#15822=DIRECTION('center_axis',(0.,0.,-1.));
#15823=DIRECTION('ref_axis',(1.,0.,0.));
#15824=DIRECTION('center_axis',(0.,0.,1.));
#15825=DIRECTION('ref_axis',(-1.,0.,0.));
#15826=DIRECTION('',(0.,0.,1.));
#15827=DIRECTION('center_axis',(0.,0.,1.));
#15828=DIRECTION('ref_axis',(-1.,0.,0.));
#15829=DIRECTION('',(0.,0.,1.));
#15830=DIRECTION('center_axis',(1.,0.,0.));
#15831=DIRECTION('ref_axis',(0.,1.,0.));
#15832=DIRECTION('',(0.,0.,1.));
#15833=DIRECTION('',(0.,1.,0.));
#15834=DIRECTION('center_axis',(0.707106781186547,0.,-0.707106781186548));
#15835=DIRECTION('ref_axis',(-0.707106781186548,0.,-0.707106781186547));
#15836=DIRECTION('',(-0.707106781186548,0.,-0.707106781186547));
#15837=DIRECTION('',(0.707106781186548,0.,0.707106781186547));
#15838=DIRECTION('',(0.,-1.,0.));
#15839=DIRECTION('center_axis',(0.,0.,-1.));
#15840=DIRECTION('ref_axis',(-1.,0.,0.));
#15841=DIRECTION('',(0.707106781186548,0.,-0.707106781186547));
#15842=DIRECTION('center_axis',(-0.707106781186547,0.,-0.707106781186548));
#15843=DIRECTION('ref_axis',(-0.707106781186548,0.,0.707106781186547));
#15844=DIRECTION('',(0.707106781186548,0.,-0.707106781186547));
#15845=DIRECTION('center_axis',(0.,0.,-1.));
#15846=DIRECTION('ref_axis',(1.,0.,0.));
#15847=DIRECTION('center_axis',(0.,0.,1.));
#15848=DIRECTION('ref_axis',(1.,0.,0.));
#15849=DIRECTION('center_axis',(-1.,0.,0.));
#15850=DIRECTION('ref_axis',(0.,-1.,0.));
#15851=DIRECTION('',(0.,0.,1.));
#15852=DIRECTION('center_axis',(0.,0.,1.));
#15853=DIRECTION('ref_axis',(1.,0.,0.));
#15854=DIRECTION('center_axis',(-0.707106781186547,0.,0.707106781186548));
#15855=DIRECTION('ref_axis',(0.707106781186548,0.,0.707106781186547));
#15856=DIRECTION('',(0.707106781186548,0.,0.707106781186547));
#15857=DIRECTION('',(-0.707106781186548,0.,-0.707106781186547));
#15858=DIRECTION('',(0.,-1.,0.));
#15859=DIRECTION('center_axis',(0.,0.,1.));
#15860=DIRECTION('ref_axis',(-1.,0.,0.));
#15861=DIRECTION('',(-0.707106781186548,0.,0.707106781186547));
#15862=DIRECTION('center_axis',(0.,0.,-1.));
#15863=DIRECTION('ref_axis',(-1.,0.,0.));
#15864=DIRECTION('center_axis',(0.707106781186547,0.,0.707106781186548));
#15865=DIRECTION('ref_axis',(0.707106781186548,0.,-0.707106781186547));
#15866=DIRECTION('',(-0.707106781186548,0.,0.707106781186547));
#15867=DIRECTION('',(0.,1.,0.));
#15868=DIRECTION('center_axis',(0.,0.,1.));
#15869=DIRECTION('ref_axis',(1.,0.,0.));
#15870=DIRECTION('center_axis',(0.,0.,-1.));
#15871=DIRECTION('ref_axis',(1.,0.,0.));
#15872=DIRECTION('center_axis',(0.,0.,1.));
#15873=DIRECTION('ref_axis',(-1.,0.,0.));
#15874=DIRECTION('',(0.,0.,1.));
#15875=DIRECTION('center_axis',(0.,0.,1.));
#15876=DIRECTION('ref_axis',(-1.,0.,0.));
#15877=DIRECTION('',(0.,0.,1.));
#15878=DIRECTION('center_axis',(1.,0.,0.));
#15879=DIRECTION('ref_axis',(0.,1.,0.));
#15880=DIRECTION('',(0.,0.,1.));
#15881=DIRECTION('',(0.,1.,0.));
#15882=DIRECTION('center_axis',(0.707106781186547,0.,-0.707106781186548));
#15883=DIRECTION('ref_axis',(-0.707106781186548,0.,-0.707106781186547));
#15884=DIRECTION('',(-0.707106781186548,0.,-0.707106781186547));
#15885=DIRECTION('',(0.707106781186548,0.,0.707106781186547));
#15886=DIRECTION('',(0.,-1.,0.));
#15887=DIRECTION('center_axis',(0.,0.,-1.));
#15888=DIRECTION('ref_axis',(-1.,0.,0.));
#15889=DIRECTION('',(0.707106781186548,0.,-0.707106781186547));
#15890=DIRECTION('center_axis',(-0.707106781186547,0.,-0.707106781186548));
#15891=DIRECTION('ref_axis',(-0.707106781186548,0.,0.707106781186547));
#15892=DIRECTION('',(0.707106781186548,0.,-0.707106781186547));
#15893=DIRECTION('center_axis',(0.,0.,-1.));
#15894=DIRECTION('ref_axis',(1.,0.,0.));
#15895=DIRECTION('center_axis',(0.,0.,1.));
#15896=DIRECTION('ref_axis',(1.,0.,0.));
#15897=DIRECTION('center_axis',(-1.,0.,0.));
#15898=DIRECTION('ref_axis',(0.,-1.,0.));
#15899=DIRECTION('',(0.,0.,1.));
#15900=DIRECTION('center_axis',(0.,0.,1.));
#15901=DIRECTION('ref_axis',(1.,0.,0.));
#15902=DIRECTION('center_axis',(-0.707106781186547,0.,0.707106781186548));
#15903=DIRECTION('ref_axis',(0.707106781186548,0.,0.707106781186547));
#15904=DIRECTION('',(0.707106781186548,0.,0.707106781186547));
#15905=DIRECTION('',(-0.707106781186548,0.,-0.707106781186547));
#15906=DIRECTION('',(0.,-1.,0.));
#15907=DIRECTION('center_axis',(0.,0.,1.));
#15908=DIRECTION('ref_axis',(-1.,0.,0.));
#15909=DIRECTION('',(-0.707106781186548,0.,0.707106781186547));
#15910=DIRECTION('center_axis',(0.,0.,-1.));
#15911=DIRECTION('ref_axis',(-1.,0.,0.));
#15912=DIRECTION('center_axis',(0.707106781186547,0.,0.707106781186548));
#15913=DIRECTION('ref_axis',(0.707106781186548,0.,-0.707106781186547));
#15914=DIRECTION('',(-0.707106781186548,0.,0.707106781186547));
#15915=DIRECTION('',(0.,1.,0.));
#15916=DIRECTION('center_axis',(0.,0.,1.));
#15917=DIRECTION('ref_axis',(1.,0.,0.));
#15918=DIRECTION('center_axis',(0.,0.,-1.));
#15919=DIRECTION('ref_axis',(1.,0.,0.));
#15920=DIRECTION('center_axis',(0.,0.,1.));
#15921=DIRECTION('ref_axis',(-1.,0.,0.));
#15922=DIRECTION('',(0.,0.,1.));
#15923=DIRECTION('center_axis',(0.,0.,1.));
#15924=DIRECTION('ref_axis',(-1.,0.,0.));
#15925=DIRECTION('',(0.,0.,1.));
#15926=DIRECTION('center_axis',(1.,0.,0.));
#15927=DIRECTION('ref_axis',(0.,1.,0.));
#15928=DIRECTION('',(0.,0.,1.));
#15929=DIRECTION('',(0.,1.,0.));
#15930=DIRECTION('center_axis',(0.707106781186547,0.,-0.707106781186548));
#15931=DIRECTION('ref_axis',(-0.707106781186548,0.,-0.707106781186547));
#15932=DIRECTION('',(-0.707106781186548,0.,-0.707106781186547));
#15933=DIRECTION('',(0.707106781186548,0.,0.707106781186547));
#15934=DIRECTION('',(0.,-1.,0.));
#15935=DIRECTION('center_axis',(0.,0.,-1.));
#15936=DIRECTION('ref_axis',(-1.,0.,0.));
#15937=DIRECTION('',(0.707106781186548,0.,-0.707106781186547));
#15938=DIRECTION('center_axis',(-0.707106781186547,0.,-0.707106781186548));
#15939=DIRECTION('ref_axis',(-0.707106781186548,0.,0.707106781186547));
#15940=DIRECTION('',(0.707106781186548,0.,-0.707106781186547));
#15941=DIRECTION('center_axis',(0.,0.,-1.));
#15942=DIRECTION('ref_axis',(1.,0.,0.));
#15943=DIRECTION('center_axis',(0.,0.,1.));
#15944=DIRECTION('ref_axis',(1.,0.,0.));
#15945=DIRECTION('center_axis',(-1.,0.,0.));
#15946=DIRECTION('ref_axis',(0.,-1.,0.));
#15947=DIRECTION('',(0.,0.,1.));
#15948=DIRECTION('center_axis',(0.,0.,1.));
#15949=DIRECTION('ref_axis',(1.,0.,0.));
#15950=DIRECTION('center_axis',(-0.707106781186547,0.,0.707106781186548));
#15951=DIRECTION('ref_axis',(0.707106781186548,0.,0.707106781186547));
#15952=DIRECTION('',(0.707106781186548,0.,0.707106781186547));
#15953=DIRECTION('',(-0.707106781186548,0.,-0.707106781186547));
#15954=DIRECTION('',(0.,-1.,0.));
#15955=DIRECTION('center_axis',(0.,0.,1.));
#15956=DIRECTION('ref_axis',(-1.,0.,0.));
#15957=DIRECTION('',(-0.707106781186548,0.,0.707106781186547));
#15958=DIRECTION('center_axis',(0.,0.,-1.));
#15959=DIRECTION('ref_axis',(-1.,0.,0.));
#15960=DIRECTION('center_axis',(0.707106781186547,0.,0.707106781186548));
#15961=DIRECTION('ref_axis',(0.707106781186548,0.,-0.707106781186547));
#15962=DIRECTION('',(-0.707106781186548,0.,0.707106781186547));
#15963=DIRECTION('',(0.,1.,0.));
#15964=DIRECTION('center_axis',(0.,0.,1.));
#15965=DIRECTION('ref_axis',(1.,0.,0.));
#15966=DIRECTION('center_axis',(0.,0.,-1.));
#15967=DIRECTION('ref_axis',(1.,0.,0.));
#15968=DIRECTION('center_axis',(0.,0.,1.));
#15969=DIRECTION('ref_axis',(-1.,0.,0.));
#15970=DIRECTION('',(0.,0.,1.));
#15971=DIRECTION('center_axis',(0.,0.,1.));
#15972=DIRECTION('ref_axis',(-1.,0.,0.));
#15973=DIRECTION('',(0.,0.,1.));
#15974=DIRECTION('center_axis',(1.,0.,0.));
#15975=DIRECTION('ref_axis',(0.,1.,0.));
#15976=DIRECTION('',(0.,0.,1.));
#15977=DIRECTION('',(0.,1.,0.));
#15978=DIRECTION('center_axis',(0.707106781186547,0.,-0.707106781186548));
#15979=DIRECTION('ref_axis',(-0.707106781186548,0.,-0.707106781186547));
#15980=DIRECTION('',(-0.707106781186548,0.,-0.707106781186547));
#15981=DIRECTION('',(0.707106781186548,0.,0.707106781186547));
#15982=DIRECTION('',(0.,-1.,0.));
#15983=DIRECTION('center_axis',(0.,0.,-1.));
#15984=DIRECTION('ref_axis',(-1.,0.,0.));
#15985=DIRECTION('',(0.707106781186548,0.,-0.707106781186547));
#15986=DIRECTION('center_axis',(-0.707106781186547,0.,-0.707106781186548));
#15987=DIRECTION('ref_axis',(-0.707106781186548,0.,0.707106781186547));
#15988=DIRECTION('',(0.707106781186548,0.,-0.707106781186547));
#15989=DIRECTION('center_axis',(0.,0.,-1.));
#15990=DIRECTION('ref_axis',(1.,0.,0.));
#15991=DIRECTION('center_axis',(0.,0.,1.));
#15992=DIRECTION('ref_axis',(1.,0.,0.));
#15993=DIRECTION('center_axis',(-1.,0.,0.));
#15994=DIRECTION('ref_axis',(0.,-1.,0.));
#15995=DIRECTION('',(0.,0.,1.));
#15996=DIRECTION('center_axis',(0.,0.,1.));
#15997=DIRECTION('ref_axis',(1.,0.,0.));
#15998=DIRECTION('center_axis',(-0.707106781186547,0.,0.707106781186548));
#15999=DIRECTION('ref_axis',(0.707106781186548,0.,0.707106781186547));
#16000=DIRECTION('',(0.707106781186548,0.,0.707106781186547));
#16001=DIRECTION('',(-0.707106781186548,0.,-0.707106781186547));
#16002=DIRECTION('',(0.,-1.,0.));
#16003=DIRECTION('center_axis',(0.,0.,1.));
#16004=DIRECTION('ref_axis',(-1.,0.,0.));
#16005=DIRECTION('',(-0.707106781186548,0.,0.707106781186547));
#16006=DIRECTION('center_axis',(0.,0.,-1.));
#16007=DIRECTION('ref_axis',(-1.,0.,0.));
#16008=DIRECTION('center_axis',(0.707106781186547,0.,0.707106781186548));
#16009=DIRECTION('ref_axis',(0.707106781186548,0.,-0.707106781186547));
#16010=DIRECTION('',(-0.707106781186548,0.,0.707106781186547));
#16011=DIRECTION('',(0.,1.,0.));
#16012=DIRECTION('center_axis',(0.,0.,1.));
#16013=DIRECTION('ref_axis',(1.,0.,0.));
#16014=DIRECTION('center_axis',(0.,0.,-1.));
#16015=DIRECTION('ref_axis',(1.,0.,0.));
#16016=DIRECTION('center_axis',(0.,0.,1.));
#16017=DIRECTION('ref_axis',(-1.,0.,0.));
#16018=DIRECTION('',(0.,0.,1.));
#16019=DIRECTION('center_axis',(0.,0.,1.));
#16020=DIRECTION('ref_axis',(-1.,0.,0.));
#16021=DIRECTION('',(0.,0.,1.));
#16022=DIRECTION('center_axis',(1.,0.,0.));
#16023=DIRECTION('ref_axis',(0.,1.,0.));
#16024=DIRECTION('',(0.,0.,1.));
#16025=DIRECTION('',(0.,1.,0.));
#16026=DIRECTION('center_axis',(0.707106781186547,0.,-0.707106781186548));
#16027=DIRECTION('ref_axis',(-0.707106781186548,0.,-0.707106781186547));
#16028=DIRECTION('',(-0.707106781186548,0.,-0.707106781186547));
#16029=DIRECTION('',(0.707106781186548,0.,0.707106781186547));
#16030=DIRECTION('',(0.,-1.,0.));
#16031=DIRECTION('center_axis',(0.,0.,-1.));
#16032=DIRECTION('ref_axis',(-1.,0.,0.));
#16033=DIRECTION('',(0.707106781186548,0.,-0.707106781186547));
#16034=DIRECTION('center_axis',(-0.707106781186547,0.,-0.707106781186548));
#16035=DIRECTION('ref_axis',(-0.707106781186548,0.,0.707106781186547));
#16036=DIRECTION('',(0.707106781186548,0.,-0.707106781186547));
#16037=DIRECTION('center_axis',(0.,0.,-1.));
#16038=DIRECTION('ref_axis',(1.,0.,0.));
#16039=DIRECTION('center_axis',(0.,0.,1.));
#16040=DIRECTION('ref_axis',(1.,0.,0.));
#16041=DIRECTION('center_axis',(-1.,0.,0.));
#16042=DIRECTION('ref_axis',(0.,-1.,0.));
#16043=DIRECTION('',(0.,0.,1.));
#16044=DIRECTION('center_axis',(0.,0.,1.));
#16045=DIRECTION('ref_axis',(1.,0.,0.));
#16046=DIRECTION('center_axis',(-0.707106781186547,0.,0.707106781186548));
#16047=DIRECTION('ref_axis',(0.707106781186548,0.,0.707106781186547));
#16048=DIRECTION('',(0.707106781186548,0.,0.707106781186547));
#16049=DIRECTION('',(-0.707106781186548,0.,-0.707106781186547));
#16050=DIRECTION('',(0.,-1.,0.));
#16051=DIRECTION('center_axis',(0.,0.,1.));
#16052=DIRECTION('ref_axis',(-1.,0.,0.));
#16053=DIRECTION('',(-0.707106781186548,0.,0.707106781186547));
#16054=DIRECTION('center_axis',(0.,0.,-1.));
#16055=DIRECTION('ref_axis',(-1.,0.,0.));
#16056=DIRECTION('center_axis',(0.707106781186547,0.,0.707106781186548));
#16057=DIRECTION('ref_axis',(0.707106781186548,0.,-0.707106781186547));
#16058=DIRECTION('',(-0.707106781186548,0.,0.707106781186547));
#16059=DIRECTION('',(0.,1.,0.));
#16060=DIRECTION('center_axis',(0.,0.,1.));
#16061=DIRECTION('ref_axis',(1.,0.,0.));
#16062=DIRECTION('center_axis',(0.,0.,-1.));
#16063=DIRECTION('ref_axis',(1.,0.,0.));
#16064=DIRECTION('center_axis',(0.,0.,1.));
#16065=DIRECTION('ref_axis',(-1.,0.,0.));
#16066=DIRECTION('',(0.,0.,1.));
#16067=DIRECTION('center_axis',(0.,0.,1.));
#16068=DIRECTION('ref_axis',(-1.,0.,0.));
#16069=DIRECTION('',(0.,0.,1.));
#16070=DIRECTION('center_axis',(1.,0.,0.));
#16071=DIRECTION('ref_axis',(0.,1.,0.));
#16072=DIRECTION('',(0.,0.,1.));
#16073=DIRECTION('',(0.,1.,0.));
#16074=DIRECTION('center_axis',(0.707106781186547,0.,-0.707106781186548));
#16075=DIRECTION('ref_axis',(-0.707106781186548,0.,-0.707106781186547));
#16076=DIRECTION('',(-0.707106781186548,0.,-0.707106781186547));
#16077=DIRECTION('',(0.707106781186548,0.,0.707106781186547));
#16078=DIRECTION('',(0.,-1.,0.));
#16079=DIRECTION('center_axis',(0.,0.,-1.));
#16080=DIRECTION('ref_axis',(-1.,0.,0.));
#16081=DIRECTION('',(0.707106781186548,0.,-0.707106781186547));
#16082=DIRECTION('center_axis',(-0.707106781186547,0.,-0.707106781186548));
#16083=DIRECTION('ref_axis',(-0.707106781186548,0.,0.707106781186547));
#16084=DIRECTION('',(0.707106781186548,0.,-0.707106781186547));
#16085=DIRECTION('center_axis',(0.,0.,-1.));
#16086=DIRECTION('ref_axis',(1.,0.,0.));
#16087=DIRECTION('center_axis',(0.,0.,1.));
#16088=DIRECTION('ref_axis',(1.,0.,0.));
#16089=DIRECTION('center_axis',(-1.,0.,0.));
#16090=DIRECTION('ref_axis',(0.,-1.,0.));
#16091=DIRECTION('',(0.,0.,1.));
#16092=DIRECTION('center_axis',(0.,0.,1.));
#16093=DIRECTION('ref_axis',(1.,0.,0.));
#16094=DIRECTION('center_axis',(-0.707106781186547,0.,0.707106781186548));
#16095=DIRECTION('ref_axis',(0.707106781186548,0.,0.707106781186547));
#16096=DIRECTION('',(0.707106781186548,0.,0.707106781186547));
#16097=DIRECTION('',(-0.707106781186548,0.,-0.707106781186547));
#16098=DIRECTION('',(0.,-1.,0.));
#16099=DIRECTION('center_axis',(0.,0.,1.));
#16100=DIRECTION('ref_axis',(-1.,0.,0.));
#16101=DIRECTION('',(-0.707106781186548,0.,0.707106781186547));
#16102=DIRECTION('center_axis',(0.,0.,-1.));
#16103=DIRECTION('ref_axis',(-1.,0.,0.));
#16104=DIRECTION('center_axis',(0.707106781186547,0.,0.707106781186548));
#16105=DIRECTION('ref_axis',(0.707106781186548,0.,-0.707106781186547));
#16106=DIRECTION('',(-0.707106781186548,0.,0.707106781186547));
#16107=DIRECTION('',(0.,1.,0.));
#16108=DIRECTION('center_axis',(0.,0.,1.));
#16109=DIRECTION('ref_axis',(1.,0.,0.));
#16110=DIRECTION('center_axis',(0.,0.,-1.));
#16111=DIRECTION('ref_axis',(1.,0.,0.));
#16112=DIRECTION('center_axis',(0.,0.,1.));
#16113=DIRECTION('ref_axis',(-1.,0.,0.));
#16114=DIRECTION('',(0.,0.,1.));
#16115=DIRECTION('center_axis',(0.,0.,1.));
#16116=DIRECTION('ref_axis',(-1.,0.,0.));
#16117=DIRECTION('',(0.,0.,1.));
#16118=DIRECTION('center_axis',(1.,0.,0.));
#16119=DIRECTION('ref_axis',(0.,1.,0.));
#16120=DIRECTION('',(0.,0.,1.));
#16121=DIRECTION('',(0.,1.,0.));
#16122=DIRECTION('center_axis',(0.707106781186547,0.,-0.707106781186548));
#16123=DIRECTION('ref_axis',(-0.707106781186548,0.,-0.707106781186547));
#16124=DIRECTION('',(-0.707106781186548,0.,-0.707106781186547));
#16125=DIRECTION('',(0.707106781186548,0.,0.707106781186547));
#16126=DIRECTION('',(0.,-1.,0.));
#16127=DIRECTION('center_axis',(0.,0.,-1.));
#16128=DIRECTION('ref_axis',(-1.,0.,0.));
#16129=DIRECTION('',(0.707106781186548,0.,-0.707106781186547));
#16130=DIRECTION('center_axis',(-0.707106781186547,0.,-0.707106781186548));
#16131=DIRECTION('ref_axis',(-0.707106781186548,0.,0.707106781186547));
#16132=DIRECTION('',(0.707106781186548,0.,-0.707106781186547));
#16133=DIRECTION('center_axis',(0.,0.,-1.));
#16134=DIRECTION('ref_axis',(1.,0.,0.));
#16135=DIRECTION('center_axis',(0.,0.,1.));
#16136=DIRECTION('ref_axis',(1.,0.,0.));
#16137=DIRECTION('center_axis',(-1.,0.,0.));
#16138=DIRECTION('ref_axis',(0.,-1.,0.));
#16139=DIRECTION('',(0.,0.,1.));
#16140=DIRECTION('center_axis',(0.,0.,1.));
#16141=DIRECTION('ref_axis',(1.,0.,0.));
#16142=DIRECTION('center_axis',(-0.707106781186547,0.,0.707106781186548));
#16143=DIRECTION('ref_axis',(0.707106781186548,0.,0.707106781186547));
#16144=DIRECTION('',(0.707106781186548,0.,0.707106781186547));
#16145=DIRECTION('',(-0.707106781186548,0.,-0.707106781186547));
#16146=DIRECTION('',(0.,-1.,0.));
#16147=DIRECTION('center_axis',(0.,0.,1.));
#16148=DIRECTION('ref_axis',(-1.,0.,0.));
#16149=DIRECTION('',(-0.707106781186548,0.,0.707106781186547));
#16150=DIRECTION('center_axis',(0.,0.,-1.));
#16151=DIRECTION('ref_axis',(-1.,0.,0.));
#16152=DIRECTION('center_axis',(0.707106781186547,0.,0.707106781186548));
#16153=DIRECTION('ref_axis',(0.707106781186548,0.,-0.707106781186547));
#16154=DIRECTION('',(-0.707106781186548,0.,0.707106781186547));
#16155=DIRECTION('',(0.,1.,0.));
#16156=DIRECTION('center_axis',(0.,0.,1.));
#16157=DIRECTION('ref_axis',(1.,0.,0.));
#16158=DIRECTION('center_axis',(0.,0.,-1.));
#16159=DIRECTION('ref_axis',(1.,0.,0.));
#16160=DIRECTION('center_axis',(0.,0.,1.));
#16161=DIRECTION('ref_axis',(-1.,0.,0.));
#16162=DIRECTION('',(0.,0.,1.));
#16163=DIRECTION('center_axis',(0.,0.,1.));
#16164=DIRECTION('ref_axis',(-1.,0.,0.));
#16165=DIRECTION('',(0.,0.,1.));
#16166=DIRECTION('center_axis',(1.,0.,0.));
#16167=DIRECTION('ref_axis',(0.,1.,0.));
#16168=DIRECTION('',(0.,0.,1.));
#16169=DIRECTION('',(0.,1.,0.));
#16170=DIRECTION('center_axis',(0.707106781186547,0.,-0.707106781186548));
#16171=DIRECTION('ref_axis',(-0.707106781186548,0.,-0.707106781186547));
#16172=DIRECTION('',(-0.707106781186548,0.,-0.707106781186547));
#16173=DIRECTION('',(0.707106781186548,0.,0.707106781186547));
#16174=DIRECTION('',(0.,-1.,0.));
#16175=DIRECTION('center_axis',(0.,0.,-1.));
#16176=DIRECTION('ref_axis',(-1.,0.,0.));
#16177=DIRECTION('',(0.707106781186548,0.,-0.707106781186547));
#16178=DIRECTION('center_axis',(-0.707106781186547,0.,-0.707106781186548));
#16179=DIRECTION('ref_axis',(-0.707106781186548,0.,0.707106781186547));
#16180=DIRECTION('',(0.707106781186548,0.,-0.707106781186547));
#16181=DIRECTION('center_axis',(0.,0.,-1.));
#16182=DIRECTION('ref_axis',(1.,0.,0.));
#16183=DIRECTION('center_axis',(0.,0.,1.));
#16184=DIRECTION('ref_axis',(1.,0.,0.));
#16185=DIRECTION('center_axis',(-1.,0.,0.));
#16186=DIRECTION('ref_axis',(0.,-1.,0.));
#16187=DIRECTION('',(0.,0.,1.));
#16188=DIRECTION('center_axis',(0.,0.,1.));
#16189=DIRECTION('ref_axis',(1.,0.,0.));
#16190=DIRECTION('center_axis',(-0.707106781186547,0.,0.707106781186548));
#16191=DIRECTION('ref_axis',(0.707106781186548,0.,0.707106781186547));
#16192=DIRECTION('',(0.707106781186548,0.,0.707106781186547));
#16193=DIRECTION('',(-0.707106781186548,0.,-0.707106781186547));
#16194=DIRECTION('',(0.,-1.,0.));
#16195=DIRECTION('center_axis',(0.,0.,1.));
#16196=DIRECTION('ref_axis',(-1.,0.,0.));
#16197=DIRECTION('',(-0.707106781186548,0.,0.707106781186547));
#16198=DIRECTION('center_axis',(0.,0.,-1.));
#16199=DIRECTION('ref_axis',(-1.,0.,0.));
#16200=DIRECTION('center_axis',(0.707106781186547,0.,0.707106781186548));
#16201=DIRECTION('ref_axis',(0.707106781186548,0.,-0.707106781186547));
#16202=DIRECTION('',(-0.707106781186548,0.,0.707106781186547));
#16203=DIRECTION('',(0.,1.,0.));
#16204=DIRECTION('center_axis',(0.,0.,1.));
#16205=DIRECTION('ref_axis',(1.,0.,0.));
#16206=DIRECTION('center_axis',(0.,0.,-1.));
#16207=DIRECTION('ref_axis',(1.,0.,0.));
#16208=DIRECTION('center_axis',(0.,0.,1.));
#16209=DIRECTION('ref_axis',(-1.,0.,0.));
#16210=DIRECTION('',(0.,0.,1.));
#16211=DIRECTION('center_axis',(0.,0.,1.));
#16212=DIRECTION('ref_axis',(-1.,0.,0.));
#16213=DIRECTION('',(0.,0.,1.));
#16214=DIRECTION('center_axis',(1.,0.,0.));
#16215=DIRECTION('ref_axis',(0.,1.,0.));
#16216=DIRECTION('',(0.,0.,1.));
#16217=DIRECTION('',(0.,1.,0.));
#16218=DIRECTION('center_axis',(0.707106781186547,0.,-0.707106781186548));
#16219=DIRECTION('ref_axis',(-0.707106781186548,0.,-0.707106781186547));
#16220=DIRECTION('',(-0.707106781186548,0.,-0.707106781186547));
#16221=DIRECTION('',(0.707106781186548,0.,0.707106781186547));
#16222=DIRECTION('',(0.,-1.,0.));
#16223=DIRECTION('center_axis',(0.,0.,-1.));
#16224=DIRECTION('ref_axis',(-1.,0.,0.));
#16225=DIRECTION('',(0.707106781186548,0.,-0.707106781186547));
#16226=DIRECTION('center_axis',(-0.707106781186547,0.,-0.707106781186548));
#16227=DIRECTION('ref_axis',(-0.707106781186548,0.,0.707106781186547));
#16228=DIRECTION('',(0.707106781186548,0.,-0.707106781186547));
#16229=DIRECTION('center_axis',(0.,0.,-1.));
#16230=DIRECTION('ref_axis',(1.,0.,0.));
#16231=DIRECTION('center_axis',(0.,0.,1.));
#16232=DIRECTION('ref_axis',(1.,0.,0.));
#16233=DIRECTION('center_axis',(-1.,0.,0.));
#16234=DIRECTION('ref_axis',(0.,-1.,0.));
#16235=DIRECTION('',(0.,0.,1.));
#16236=DIRECTION('center_axis',(0.,0.,1.));
#16237=DIRECTION('ref_axis',(1.,0.,0.));
#16238=CARTESIAN_POINT('',(0.,0.,0.));
#16239=CARTESIAN_POINT('Origin',(92.9883087061782,-81.4999999999999,0.110366322962389));
#16240=CARTESIAN_POINT('',(96.9999999999999,-81.4999999999999,1.11022302462516E-15));
#16241=CARTESIAN_POINT('',(92.9762687436732,-85.4999999999999,0.));
#16242=CARTESIAN_POINT('Origin',(92.9762687436732,-81.4999999999999,0.));
#16243=CARTESIAN_POINT('',(95.8,-81.4999999999999,-11.));
#16244=CARTESIAN_POINT('',(96.9647174126102,-81.4999999999999,-0.323423717739281));
#16245=CARTESIAN_POINT('',(91.7762687436732,-85.4999999999999,-10.9999999999999));
#16246=CARTESIAN_POINT('Origin',(91.7762687436732,-81.4999999999999,-11.));
#16247=CARTESIAN_POINT('',(92.9883087061782,-85.4999999999999,0.110366322962389));
#16248=CARTESIAN_POINT('Origin',(97.0000000000001,90.9999999999999,0.));
#16249=CARTESIAN_POINT('',(97.0000000000001,81.4999999999999,1.11022302462516E-15));
#16250=CARTESIAN_POINT('',(97.,45.4999999999999,1.11022302462516E-15));
#16251=CARTESIAN_POINT('',(95.8000000000001,81.4999999999999,-11.));
#16252=CARTESIAN_POINT('',(97.017641293695,81.4999999999999,0.161711858869648));
#16253=CARTESIAN_POINT('',(95.8000000000001,90.9999999999999,-11.));
#16254=CARTESIAN_POINT('Origin',(81.5000000000001,-93.0412325872626,0.595501899571325));
#16255=CARTESIAN_POINT('',(85.5000000000001,-92.976268743673,0.));
#16256=CARTESIAN_POINT('',(81.5000000000001,-96.9999999999997,0.));
#16257=CARTESIAN_POINT('Origin',(81.5000000000001,-92.976268743673,0.));
#16258=CARTESIAN_POINT('',(85.5000000000001,-91.7762687436731,-10.9999999999999));
#16259=CARTESIAN_POINT('',(85.5000000000001,-93.0412325872626,0.595501899571325));
#16260=CARTESIAN_POINT('',(81.5000000000001,-95.7999999999998,-11.));
#16261=CARTESIAN_POINT('Origin',(81.5000000000001,-91.776268743673,-10.9999999999999));
#16262=CARTESIAN_POINT('',(81.5000000000001,-97.0176412936946,0.161711858869656));
#16263=CARTESIAN_POINT('Origin',(8.88178419700125E-14,-8.88178419700125E-14,
0.));
#16264=CARTESIAN_POINT('',(91.0000000000001,-85.4999999999999,0.));
#16265=CARTESIAN_POINT('',(45.5000000000001,-85.4999999999999,0.));
#16266=CARTESIAN_POINT('',(85.5000000000001,-90.9999999999999,0.));
#16267=CARTESIAN_POINT('Origin',(91.0000000000001,-90.9999999999999,0.));
#16268=CARTESIAN_POINT('',(85.5000000000001,-50.,0.));
#16269=CARTESIAN_POINT('',(-81.5000000000001,-96.9999999999999,0.));
#16270=CARTESIAN_POINT('',(45.4999999999946,-96.9999999999998,0.));
#16271=CARTESIAN_POINT('',(-85.5000000000001,-92.9762687436732,0.));
#16272=CARTESIAN_POINT('Origin',(-81.5000000000001,-92.9762687436732,0.));
#16273=CARTESIAN_POINT('',(-85.5000000000001,-90.9999999999999,0.));
#16274=CARTESIAN_POINT('',(-85.5000000000001,-45.5,0.));
#16275=CARTESIAN_POINT('',(-91.0000000000001,-85.4999999999999,0.));
#16276=CARTESIAN_POINT('Origin',(-91.0000000000001,-90.9999999999999,0.));
#16277=CARTESIAN_POINT('',(-92.9762687436731,-85.4999999999999,0.));
#16278=CARTESIAN_POINT('',(-50.,-85.4999999999999,0.));
#16279=CARTESIAN_POINT('',(-96.9999999999998,-81.4999999999999,1.11022302462516E-15));
#16280=CARTESIAN_POINT('Origin',(-92.9762687436731,-81.4999999999999,0.));
#16281=CARTESIAN_POINT('',(-96.9999999999999,81.4999999999999,1.11022302462516E-15));
#16282=CARTESIAN_POINT('',(-96.9999999999998,-45.5000000000039,1.11022302462516E-15));
#16283=CARTESIAN_POINT('',(-92.9762687436732,85.4999999999999,0.));
#16284=CARTESIAN_POINT('Origin',(-92.9762687436732,81.4999999999999,0.));
#16285=CARTESIAN_POINT('',(-91.0000000000001,85.4999999999999,0.));
#16286=CARTESIAN_POINT('',(-45.5,85.4999999999999,0.));
#16287=CARTESIAN_POINT('',(-85.5000000000001,90.9999999999999,0.));
#16288=CARTESIAN_POINT('Origin',(-91.0000000000001,90.9999999999999,0.));
#16289=CARTESIAN_POINT('',(-85.5000000000001,92.9762687436731,0.));
#16290=CARTESIAN_POINT('',(-85.5000000000001,49.9999999999999,0.));
#16291=CARTESIAN_POINT('',(-81.5000000000001,96.9999999999998,1.11022302462516E-15));
#16292=CARTESIAN_POINT('Origin',(-81.5000000000001,92.9762687436731,0.));
#16293=CARTESIAN_POINT('',(81.5000000000001,96.9999999999999,1.11022302462516E-15));
#16294=CARTESIAN_POINT('',(2.54741283012893E-14,96.9999999999999,1.11022302462516E-15));
#16295=CARTESIAN_POINT('',(85.5000000000001,92.9762687436732,0.));
#16296=CARTESIAN_POINT('Origin',(81.5000000000001,92.9762687436732,0.));
#16297=CARTESIAN_POINT('',(85.5000000000001,90.9999999999999,0.));
#16298=CARTESIAN_POINT('',(85.5000000000001,45.4999999999999,0.));
#16299=CARTESIAN_POINT('',(91.0000000000001,85.4999999999999,0.));
#16300=CARTESIAN_POINT('Origin',(91.0000000000001,90.9999999999999,0.));
#16301=CARTESIAN_POINT('',(92.9762687436734,85.4999999999999,0.));
#16302=CARTESIAN_POINT('',(50.0000000000001,85.4999999999999,0.));
#16303=CARTESIAN_POINT('Origin',(92.9762687436734,81.4999999999999,0.));
#16304=CARTESIAN_POINT('',(56.6000000000003,-65.4500000000001,0.));
#16305=CARTESIAN_POINT('',(56.6000000000003,-54.5500000000001,0.));
#16306=CARTESIAN_POINT('',(56.6000000000003,-87.2750000000001,0.));
#16307=CARTESIAN_POINT('',(63.4000000000002,-65.4500000000001,0.));
#16308=CARTESIAN_POINT('Origin',(60.0000000000002,-65.4500000000001,0.));
#16309=CARTESIAN_POINT('',(63.4000000000002,-54.5500000000001,0.));
#16310=CARTESIAN_POINT('',(63.4000000000002,-92.7250000000001,0.));
#16311=CARTESIAN_POINT('Origin',(60.0000000000002,-54.5500000000001,0.));
#16312=CARTESIAN_POINT('',(16.6000000000003,-65.4500000000001,0.));
#16313=CARTESIAN_POINT('',(16.6000000000003,-54.5500000000001,0.));
#16314=CARTESIAN_POINT('',(16.6000000000003,-87.2750000000001,0.));
#16315=CARTESIAN_POINT('',(23.4000000000002,-65.4500000000001,0.));
#16316=CARTESIAN_POINT('Origin',(20.0000000000002,-65.4500000000001,0.));
#16317=CARTESIAN_POINT('',(23.4000000000002,-54.5500000000001,0.));
#16318=CARTESIAN_POINT('',(23.4000000000002,-92.7250000000001,0.));
#16319=CARTESIAN_POINT('Origin',(20.0000000000002,-54.5500000000001,0.));
#16320=CARTESIAN_POINT('',(-23.3999999999997,-65.4500000000001,0.));
#16321=CARTESIAN_POINT('',(-23.3999999999997,-54.5500000000001,0.));
#16322=CARTESIAN_POINT('',(-23.3999999999997,-87.2750000000001,0.));
#16323=CARTESIAN_POINT('',(-16.5999999999998,-65.4500000000001,0.));
#16324=CARTESIAN_POINT('Origin',(-19.9999999999998,-65.4500000000001,0.));
#16325=CARTESIAN_POINT('',(-16.5999999999998,-54.5500000000001,0.));
#16326=CARTESIAN_POINT('',(-16.5999999999998,-92.7250000000001,0.));
#16327=CARTESIAN_POINT('Origin',(-19.9999999999998,-54.5500000000001,0.));
#16328=CARTESIAN_POINT('',(-63.3999999999997,-65.4500000000001,0.));
#16329=CARTESIAN_POINT('',(-63.3999999999997,-54.5500000000001,0.));
#16330=CARTESIAN_POINT('',(-63.3999999999997,-87.2750000000001,0.));
#16331=CARTESIAN_POINT('',(-56.5999999999998,-65.4500000000001,0.));
#16332=CARTESIAN_POINT('Origin',(-59.9999999999998,-65.4500000000001,0.));
#16333=CARTESIAN_POINT('',(-56.5999999999998,-54.5500000000001,0.));
#16334=CARTESIAN_POINT('',(-56.5999999999998,-92.7250000000001,0.));
#16335=CARTESIAN_POINT('Origin',(-59.9999999999998,-54.5500000000001,0.));
#16336=CARTESIAN_POINT('',(56.6000000000003,-25.4500000000001,0.));
#16337=CARTESIAN_POINT('',(56.6000000000003,-14.5500000000001,0.));
#16338=CARTESIAN_POINT('',(56.6000000000003,-47.2750000000001,0.));
#16339=CARTESIAN_POINT('',(63.4000000000002,-25.4500000000001,0.));
#16340=CARTESIAN_POINT('Origin',(60.0000000000002,-25.4500000000001,0.));
#16341=CARTESIAN_POINT('',(63.4000000000002,-14.5500000000001,0.));
#16342=CARTESIAN_POINT('',(63.4000000000002,-52.7250000000001,0.));
#16343=CARTESIAN_POINT('Origin',(60.0000000000002,-14.5500000000001,0.));
#16344=CARTESIAN_POINT('',(16.6000000000003,-25.4500000000001,0.));
#16345=CARTESIAN_POINT('',(16.6000000000003,-14.5500000000001,0.));
#16346=CARTESIAN_POINT('',(16.6000000000003,-47.2750000000001,0.));
#16347=CARTESIAN_POINT('',(23.4000000000002,-25.4500000000001,0.));
#16348=CARTESIAN_POINT('Origin',(20.0000000000002,-25.4500000000001,0.));
#16349=CARTESIAN_POINT('',(23.4000000000002,-14.5500000000001,0.));
#16350=CARTESIAN_POINT('',(23.4000000000002,-52.7250000000001,0.));
#16351=CARTESIAN_POINT('Origin',(20.0000000000002,-14.5500000000001,0.));
#16352=CARTESIAN_POINT('',(-23.3999999999997,-25.4500000000001,0.));
#16353=CARTESIAN_POINT('',(-23.3999999999997,-14.5500000000001,0.));
#16354=CARTESIAN_POINT('',(-23.3999999999997,-47.2750000000001,0.));
#16355=CARTESIAN_POINT('',(-16.5999999999998,-25.4500000000001,0.));
#16356=CARTESIAN_POINT('Origin',(-19.9999999999998,-25.4500000000001,0.));
#16357=CARTESIAN_POINT('',(-16.5999999999998,-14.5500000000001,0.));
#16358=CARTESIAN_POINT('',(-16.5999999999998,-52.7250000000001,0.));
#16359=CARTESIAN_POINT('Origin',(-19.9999999999998,-14.5500000000001,0.));
#16360=CARTESIAN_POINT('',(-63.3999999999997,-25.4500000000001,0.));
#16361=CARTESIAN_POINT('',(-63.3999999999997,-14.5500000000001,0.));
#16362=CARTESIAN_POINT('',(-63.3999999999997,-47.2750000000001,0.));
#16363=CARTESIAN_POINT('',(-56.5999999999998,-25.4500000000001,0.));
#16364=CARTESIAN_POINT('Origin',(-59.9999999999998,-25.4500000000001,0.));
#16365=CARTESIAN_POINT('',(-56.5999999999998,-14.5500000000001,0.));
#16366=CARTESIAN_POINT('',(-56.5999999999998,-52.7250000000001,0.));
#16367=CARTESIAN_POINT('Origin',(-59.9999999999998,-14.5500000000001,0.));
#16368=CARTESIAN_POINT('',(56.6000000000003,14.5499999999999,0.));
#16369=CARTESIAN_POINT('',(56.6000000000003,25.4499999999999,0.));
#16370=CARTESIAN_POINT('',(56.6000000000003,-7.27500000000011,0.));
#16371=CARTESIAN_POINT('',(63.4000000000002,14.5499999999999,0.));
#16372=CARTESIAN_POINT('Origin',(60.0000000000002,14.5499999999999,0.));
#16373=CARTESIAN_POINT('',(63.4000000000002,25.4499999999999,0.));
#16374=CARTESIAN_POINT('',(63.4000000000002,-12.7250000000001,0.));
#16375=CARTESIAN_POINT('Origin',(60.0000000000002,25.4499999999999,0.));
#16376=CARTESIAN_POINT('',(16.6000000000003,14.5499999999999,0.));
#16377=CARTESIAN_POINT('',(16.6000000000003,25.4499999999999,0.));
#16378=CARTESIAN_POINT('',(16.6000000000003,-7.27500000000011,0.));
#16379=CARTESIAN_POINT('',(23.4000000000002,14.5499999999999,0.));
#16380=CARTESIAN_POINT('Origin',(20.0000000000002,14.5499999999999,0.));
#16381=CARTESIAN_POINT('',(23.4000000000002,25.4499999999999,0.));
#16382=CARTESIAN_POINT('',(23.4000000000002,-12.7250000000001,0.));
#16383=CARTESIAN_POINT('Origin',(20.0000000000002,25.4499999999999,0.));
#16384=CARTESIAN_POINT('',(-23.3999999999997,14.5499999999999,0.));
#16385=CARTESIAN_POINT('',(-23.3999999999997,25.4499999999999,0.));
#16386=CARTESIAN_POINT('',(-23.3999999999997,-7.27500000000011,0.));
#16387=CARTESIAN_POINT('',(-16.5999999999998,14.5499999999999,0.));
#16388=CARTESIAN_POINT('Origin',(-19.9999999999998,14.5499999999999,0.));
#16389=CARTESIAN_POINT('',(-16.5999999999998,25.4499999999999,0.));
#16390=CARTESIAN_POINT('',(-16.5999999999998,-12.7250000000001,0.));
#16391=CARTESIAN_POINT('Origin',(-19.9999999999998,25.4499999999999,0.));
#16392=CARTESIAN_POINT('',(-63.3999999999997,14.5499999999999,0.));
#16393=CARTESIAN_POINT('',(-63.3999999999997,25.4499999999999,0.));
#16394=CARTESIAN_POINT('',(-63.3999999999997,-7.27500000000011,0.));
#16395=CARTESIAN_POINT('',(-56.5999999999998,14.5499999999999,0.));
#16396=CARTESIAN_POINT('Origin',(-59.9999999999998,14.5499999999999,0.));
#16397=CARTESIAN_POINT('',(-56.5999999999998,25.4499999999999,0.));
#16398=CARTESIAN_POINT('',(-56.5999999999998,-12.7250000000001,0.));
#16399=CARTESIAN_POINT('Origin',(-59.9999999999998,25.4499999999999,0.));
#16400=CARTESIAN_POINT('',(56.6000000000003,54.5499999999999,0.));
#16401=CARTESIAN_POINT('',(56.6000000000003,65.4499999999999,0.));
#16402=CARTESIAN_POINT('',(56.6000000000003,32.7249999999999,0.));
#16403=CARTESIAN_POINT('',(63.4000000000002,54.5499999999999,0.));
#16404=CARTESIAN_POINT('Origin',(60.0000000000002,54.5499999999999,0.));
#16405=CARTESIAN_POINT('',(63.4000000000002,65.4499999999999,0.));
#16406=CARTESIAN_POINT('',(63.4000000000002,27.2749999999999,0.));
#16407=CARTESIAN_POINT('Origin',(60.0000000000002,65.4499999999999,0.));
#16408=CARTESIAN_POINT('',(16.6000000000003,54.5499999999999,0.));
#16409=CARTESIAN_POINT('',(16.6000000000003,65.4499999999999,0.));
#16410=CARTESIAN_POINT('',(16.6000000000003,32.7249999999999,0.));
#16411=CARTESIAN_POINT('',(23.4000000000002,54.5499999999999,0.));
#16412=CARTESIAN_POINT('Origin',(20.0000000000002,54.5499999999999,0.));
#16413=CARTESIAN_POINT('',(23.4000000000002,65.4499999999999,0.));
#16414=CARTESIAN_POINT('',(23.4000000000002,27.2749999999999,0.));
#16415=CARTESIAN_POINT('Origin',(20.0000000000002,65.4499999999999,0.));
#16416=CARTESIAN_POINT('',(-23.3999999999997,54.5499999999999,0.));
#16417=CARTESIAN_POINT('',(-23.3999999999997,65.4499999999999,0.));
#16418=CARTESIAN_POINT('',(-23.3999999999997,32.7249999999999,0.));
#16419=CARTESIAN_POINT('',(-16.5999999999998,54.5499999999999,0.));
#16420=CARTESIAN_POINT('Origin',(-19.9999999999998,54.5499999999999,0.));
#16421=CARTESIAN_POINT('',(-16.5999999999998,65.4499999999999,0.));
#16422=CARTESIAN_POINT('',(-16.5999999999998,27.2749999999999,0.));
#16423=CARTESIAN_POINT('Origin',(-19.9999999999998,65.4499999999999,0.));
#16424=CARTESIAN_POINT('',(-83.3999999999997,74.5499999999999,0.));
#16425=CARTESIAN_POINT('',(-83.3999999999997,85.4499999999999,0.));
#16426=CARTESIAN_POINT('',(-83.3999999999997,42.7249999999999,0.));
#16427=CARTESIAN_POINT('',(-76.5999999999998,74.5499999999999,0.));
#16428=CARTESIAN_POINT('Origin',(-79.9999999999997,74.5499999999999,0.));
#16429=CARTESIAN_POINT('',(-76.5999999999998,85.4499999999999,0.));
#16430=CARTESIAN_POINT('',(-76.5999999999998,37.2749999999999,0.));
#16431=CARTESIAN_POINT('Origin',(-79.9999999999997,85.4499999999999,0.));
#16432=CARTESIAN_POINT('',(-43.3999999999997,74.5499999999999,0.));
#16433=CARTESIAN_POINT('',(-43.3999999999997,85.4499999999999,0.));
#16434=CARTESIAN_POINT('',(-43.3999999999997,42.7249999999999,0.));
#16435=CARTESIAN_POINT('',(-36.5999999999998,74.5499999999999,0.));
#16436=CARTESIAN_POINT('Origin',(-39.9999999999998,74.5499999999999,0.));
#16437=CARTESIAN_POINT('',(-36.5999999999998,85.4499999999999,0.));
#16438=CARTESIAN_POINT('',(-36.5999999999998,37.2749999999999,0.));
#16439=CARTESIAN_POINT('Origin',(-39.9999999999998,85.4499999999999,0.));
#16440=CARTESIAN_POINT('',(-3.39999999999975,74.5499999999999,0.));
#16441=CARTESIAN_POINT('',(-3.39999999999975,85.4499999999999,0.));
#16442=CARTESIAN_POINT('',(-3.39999999999975,42.7249999999999,0.));
#16443=CARTESIAN_POINT('',(3.40000000000025,74.5499999999999,0.));
#16444=CARTESIAN_POINT('Origin',(2.48689957516035E-13,74.5499999999999,
0.));
#16445=CARTESIAN_POINT('',(3.40000000000025,85.4499999999999,0.));
#16446=CARTESIAN_POINT('',(3.40000000000025,37.2749999999999,0.));
#16447=CARTESIAN_POINT('Origin',(2.48689957516035E-13,85.4499999999999,
0.));
#16448=CARTESIAN_POINT('',(36.6000000000003,74.5499999999999,0.));
#16449=CARTESIAN_POINT('',(36.6000000000003,85.4499999999999,0.));
#16450=CARTESIAN_POINT('',(36.6000000000003,42.7249999999999,0.));
#16451=CARTESIAN_POINT('',(43.4000000000002,74.5499999999999,0.));
#16452=CARTESIAN_POINT('Origin',(40.0000000000002,74.5499999999999,0.));
#16453=CARTESIAN_POINT('',(43.4000000000002,85.4499999999999,0.));
#16454=CARTESIAN_POINT('',(43.4000000000002,37.2749999999999,0.));
#16455=CARTESIAN_POINT('Origin',(40.0000000000002,85.4499999999999,0.));
#16456=CARTESIAN_POINT('',(76.6000000000003,74.5499999999999,0.));
#16457=CARTESIAN_POINT('',(76.6000000000003,85.4499999999999,0.));
#16458=CARTESIAN_POINT('',(76.6000000000003,42.7249999999999,0.));
#16459=CARTESIAN_POINT('',(83.4000000000002,74.5499999999999,0.));
#16460=CARTESIAN_POINT('Origin',(80.0000000000003,74.5499999999999,0.));
#16461=CARTESIAN_POINT('',(83.4000000000002,85.4499999999999,0.));
#16462=CARTESIAN_POINT('',(83.4000000000002,37.2749999999999,0.));
#16463=CARTESIAN_POINT('Origin',(80.0000000000003,85.4499999999999,0.));
#16464=CARTESIAN_POINT('',(-83.3999999999997,34.5499999999999,0.));
#16465=CARTESIAN_POINT('',(-83.3999999999997,45.4499999999999,0.));
#16466=CARTESIAN_POINT('',(-83.3999999999997,2.72499999999989,0.));
#16467=CARTESIAN_POINT('',(-76.5999999999998,34.5499999999999,0.));
#16468=CARTESIAN_POINT('Origin',(-79.9999999999997,34.5499999999999,0.));
#16469=CARTESIAN_POINT('',(-76.5999999999998,45.4499999999999,0.));
#16470=CARTESIAN_POINT('',(-76.5999999999998,-2.72500000000011,0.));
#16471=CARTESIAN_POINT('Origin',(-79.9999999999997,45.4499999999999,0.));
#16472=CARTESIAN_POINT('',(-43.3999999999997,34.5499999999999,0.));
#16473=CARTESIAN_POINT('',(-43.3999999999997,45.4499999999999,0.));
#16474=CARTESIAN_POINT('',(-43.3999999999997,2.72499999999989,0.));
#16475=CARTESIAN_POINT('',(-36.5999999999998,34.5499999999999,0.));
#16476=CARTESIAN_POINT('Origin',(-39.9999999999998,34.5499999999999,0.));
#16477=CARTESIAN_POINT('',(-36.5999999999998,45.4499999999999,0.));
#16478=CARTESIAN_POINT('',(-36.5999999999998,-2.72500000000011,0.));
#16479=CARTESIAN_POINT('Origin',(-39.9999999999998,45.4499999999999,0.));
#16480=CARTESIAN_POINT('',(-3.39999999999975,34.5499999999999,0.));
#16481=CARTESIAN_POINT('',(-3.39999999999975,45.4499999999999,0.));
#16482=CARTESIAN_POINT('',(-3.39999999999975,2.72499999999989,0.));
#16483=CARTESIAN_POINT('',(3.40000000000025,34.5499999999999,0.));
#16484=CARTESIAN_POINT('Origin',(2.48689957516035E-13,34.5499999999999,
0.));
#16485=CARTESIAN_POINT('',(3.40000000000025,45.4499999999999,0.));
#16486=CARTESIAN_POINT('',(3.40000000000025,-2.72500000000011,0.));
#16487=CARTESIAN_POINT('Origin',(2.48689957516035E-13,45.4499999999999,
0.));
#16488=CARTESIAN_POINT('',(36.6000000000003,34.5499999999999,0.));
#16489=CARTESIAN_POINT('',(36.6000000000003,45.4499999999999,0.));
#16490=CARTESIAN_POINT('',(36.6000000000003,2.72499999999989,0.));
#16491=CARTESIAN_POINT('',(43.4000000000002,34.5499999999999,0.));
#16492=CARTESIAN_POINT('Origin',(40.0000000000002,34.5499999999999,0.));
#16493=CARTESIAN_POINT('',(43.4000000000002,45.4499999999999,0.));
#16494=CARTESIAN_POINT('',(43.4000000000002,-2.72500000000011,0.));
#16495=CARTESIAN_POINT('Origin',(40.0000000000002,45.4499999999999,0.));
#16496=CARTESIAN_POINT('',(76.6000000000003,34.5499999999999,0.));
#16497=CARTESIAN_POINT('',(76.6000000000003,45.4499999999999,0.));
#16498=CARTESIAN_POINT('',(76.6000000000003,2.72499999999989,0.));
#16499=CARTESIAN_POINT('',(83.4000000000002,34.5499999999999,0.));
#16500=CARTESIAN_POINT('Origin',(80.0000000000003,34.5499999999999,0.));
#16501=CARTESIAN_POINT('',(83.4000000000002,45.4499999999999,0.));
#16502=CARTESIAN_POINT('',(83.4000000000002,-2.72500000000011,0.));
#16503=CARTESIAN_POINT('Origin',(80.0000000000003,45.4499999999999,0.));
#16504=CARTESIAN_POINT('',(-83.3999999999997,-5.45000000000012,0.));
#16505=CARTESIAN_POINT('',(-83.3999999999997,5.44999999999987,0.));
#16506=CARTESIAN_POINT('',(-83.3999999999997,-37.2750000000001,0.));
#16507=CARTESIAN_POINT('',(-76.5999999999998,-5.45000000000012,0.));
#16508=CARTESIAN_POINT('Origin',(-79.9999999999997,-5.45000000000012,0.));
#16509=CARTESIAN_POINT('',(-76.5999999999998,5.44999999999987,0.));
#16510=CARTESIAN_POINT('',(-76.5999999999998,-42.7250000000001,0.));
#16511=CARTESIAN_POINT('Origin',(-79.9999999999997,5.44999999999987,0.));
#16512=CARTESIAN_POINT('',(-43.3999999999997,-5.45000000000012,0.));
#16513=CARTESIAN_POINT('',(-43.3999999999997,5.44999999999987,0.));
#16514=CARTESIAN_POINT('',(-43.3999999999997,-37.2750000000001,0.));
#16515=CARTESIAN_POINT('',(-36.5999999999998,-5.45000000000012,0.));
#16516=CARTESIAN_POINT('Origin',(-39.9999999999998,-5.45000000000012,0.));
#16517=CARTESIAN_POINT('',(-36.5999999999998,5.44999999999987,0.));
#16518=CARTESIAN_POINT('',(-36.5999999999998,-42.7250000000001,0.));
#16519=CARTESIAN_POINT('Origin',(-39.9999999999998,5.44999999999987,0.));
#16520=CARTESIAN_POINT('',(-3.39999999999975,-5.45000000000012,0.));
#16521=CARTESIAN_POINT('',(-3.39999999999975,5.44999999999987,0.));
#16522=CARTESIAN_POINT('',(-3.39999999999975,-37.2750000000001,0.));
#16523=CARTESIAN_POINT('',(3.40000000000025,-5.45000000000012,0.));
#16524=CARTESIAN_POINT('Origin',(2.48689957516035E-13,-5.45000000000012,
0.));
#16525=CARTESIAN_POINT('',(3.40000000000025,5.44999999999987,0.));
#16526=CARTESIAN_POINT('',(3.40000000000025,-42.7250000000001,0.));
#16527=CARTESIAN_POINT('Origin',(2.48689957516035E-13,5.44999999999987,
0.));
#16528=CARTESIAN_POINT('',(36.6000000000003,-5.45000000000012,0.));
#16529=CARTESIAN_POINT('',(36.6000000000003,5.44999999999987,0.));
#16530=CARTESIAN_POINT('',(36.6000000000003,-37.2750000000001,0.));
#16531=CARTESIAN_POINT('',(43.4000000000002,-5.45000000000012,0.));
#16532=CARTESIAN_POINT('Origin',(40.0000000000002,-5.45000000000012,0.));
#16533=CARTESIAN_POINT('',(43.4000000000002,5.44999999999987,0.));
#16534=CARTESIAN_POINT('',(43.4000000000002,-42.7250000000001,0.));
#16535=CARTESIAN_POINT('Origin',(40.0000000000002,5.44999999999987,0.));
#16536=CARTESIAN_POINT('',(76.6000000000003,-5.45000000000012,0.));
#16537=CARTESIAN_POINT('',(76.6000000000003,5.44999999999987,0.));
#16538=CARTESIAN_POINT('',(76.6000000000003,-37.2750000000001,0.));
#16539=CARTESIAN_POINT('',(83.4000000000002,-5.45000000000012,0.));
#16540=CARTESIAN_POINT('Origin',(80.0000000000003,-5.45000000000012,0.));
#16541=CARTESIAN_POINT('',(83.4000000000002,5.44999999999987,0.));
#16542=CARTESIAN_POINT('',(83.4000000000002,-42.7250000000001,0.));
#16543=CARTESIAN_POINT('Origin',(80.0000000000003,5.44999999999987,0.));
#16544=CARTESIAN_POINT('',(-83.3999999999997,-45.4500000000001,0.));
#16545=CARTESIAN_POINT('',(-83.3999999999997,-34.5500000000001,0.));
#16546=CARTESIAN_POINT('',(-83.3999999999997,-77.2750000000001,0.));
#16547=CARTESIAN_POINT('',(-76.5999999999998,-45.4500000000001,0.));
#16548=CARTESIAN_POINT('Origin',(-79.9999999999997,-45.4500000000001,0.));
#16549=CARTESIAN_POINT('',(-76.5999999999998,-34.5500000000001,0.));
#16550=CARTESIAN_POINT('',(-76.5999999999998,-82.7250000000001,0.));
#16551=CARTESIAN_POINT('Origin',(-79.9999999999997,-34.5500000000001,0.));
#16552=CARTESIAN_POINT('',(-43.3999999999997,-45.4500000000001,0.));
#16553=CARTESIAN_POINT('',(-43.3999999999997,-34.5500000000001,0.));
#16554=CARTESIAN_POINT('',(-43.3999999999997,-77.2750000000001,0.));
#16555=CARTESIAN_POINT('',(-36.5999999999998,-45.4500000000001,0.));
#16556=CARTESIAN_POINT('Origin',(-39.9999999999998,-45.4500000000001,0.));
#16557=CARTESIAN_POINT('',(-36.5999999999998,-34.5500000000001,0.));
#16558=CARTESIAN_POINT('',(-36.5999999999998,-82.7250000000001,0.));
#16559=CARTESIAN_POINT('Origin',(-39.9999999999998,-34.5500000000001,0.));
#16560=CARTESIAN_POINT('',(-3.39999999999975,-45.4500000000001,0.));
#16561=CARTESIAN_POINT('',(-3.39999999999975,-34.5500000000001,0.));
#16562=CARTESIAN_POINT('',(-3.39999999999975,-77.2750000000001,0.));
#16563=CARTESIAN_POINT('',(3.40000000000025,-45.4500000000001,0.));
#16564=CARTESIAN_POINT('Origin',(2.48689957516035E-13,-45.4500000000001,
0.));
#16565=CARTESIAN_POINT('',(3.40000000000025,-34.5500000000001,0.));
#16566=CARTESIAN_POINT('',(3.40000000000025,-82.7250000000001,0.));
#16567=CARTESIAN_POINT('Origin',(2.48689957516035E-13,-34.5500000000001,
0.));
#16568=CARTESIAN_POINT('',(36.6000000000003,-45.4500000000001,0.));
#16569=CARTESIAN_POINT('',(36.6000000000003,-34.5500000000001,0.));
#16570=CARTESIAN_POINT('',(36.6000000000003,-77.2750000000001,0.));
#16571=CARTESIAN_POINT('',(43.4000000000002,-45.4500000000001,0.));
#16572=CARTESIAN_POINT('Origin',(40.0000000000002,-45.4500000000001,0.));
#16573=CARTESIAN_POINT('',(43.4000000000002,-34.5500000000001,0.));
#16574=CARTESIAN_POINT('',(43.4000000000002,-82.7250000000001,0.));
#16575=CARTESIAN_POINT('Origin',(40.0000000000002,-34.5500000000001,0.));
#16576=CARTESIAN_POINT('',(76.6000000000003,-45.4500000000001,0.));
#16577=CARTESIAN_POINT('',(76.6000000000003,-34.5500000000001,0.));
#16578=CARTESIAN_POINT('',(76.6000000000003,-77.2750000000001,0.));
#16579=CARTESIAN_POINT('',(83.4000000000002,-45.4500000000001,0.));
#16580=CARTESIAN_POINT('Origin',(80.0000000000003,-45.4500000000001,0.));
#16581=CARTESIAN_POINT('',(83.4000000000002,-34.5500000000001,0.));
#16582=CARTESIAN_POINT('',(83.4000000000002,-82.7250000000001,0.));
#16583=CARTESIAN_POINT('Origin',(80.0000000000003,-34.5500000000001,0.));
#16584=CARTESIAN_POINT('',(-83.3999999999997,-85.4500000000001,0.));
#16585=CARTESIAN_POINT('',(-83.3999999999997,-74.5500000000001,0.));
#16586=CARTESIAN_POINT('',(-83.3999999999997,-117.275,0.));
#16587=CARTESIAN_POINT('',(-76.5999999999998,-85.4500000000001,0.));
#16588=CARTESIAN_POINT('Origin',(-79.9999999999997,-85.4500000000001,0.));
#16589=CARTESIAN_POINT('',(-76.5999999999998,-74.5500000000001,0.));
#16590=CARTESIAN_POINT('',(-76.5999999999998,-122.725,0.));
#16591=CARTESIAN_POINT('Origin',(-79.9999999999997,-74.5500000000001,0.));
#16592=CARTESIAN_POINT('',(-43.3999999999997,-85.4500000000001,0.));
#16593=CARTESIAN_POINT('',(-43.3999999999997,-74.5500000000001,0.));
#16594=CARTESIAN_POINT('',(-43.3999999999997,-117.275,0.));
#16595=CARTESIAN_POINT('',(-36.5999999999998,-85.4500000000001,0.));
#16596=CARTESIAN_POINT('Origin',(-39.9999999999998,-85.4500000000001,0.));
#16597=CARTESIAN_POINT('',(-36.5999999999998,-74.5500000000001,0.));
#16598=CARTESIAN_POINT('',(-36.5999999999998,-122.725,0.));
#16599=CARTESIAN_POINT('Origin',(-39.9999999999998,-74.5500000000001,0.));
#16600=CARTESIAN_POINT('',(-3.39999999999975,-85.4500000000001,0.));
#16601=CARTESIAN_POINT('',(-3.39999999999975,-74.5500000000001,0.));
#16602=CARTESIAN_POINT('',(-3.39999999999975,-117.275,0.));
#16603=CARTESIAN_POINT('',(3.40000000000025,-85.4500000000001,0.));
#16604=CARTESIAN_POINT('Origin',(2.48689957516035E-13,-85.4500000000001,
0.));
#16605=CARTESIAN_POINT('',(3.40000000000025,-74.5500000000001,0.));
#16606=CARTESIAN_POINT('',(3.40000000000025,-122.725,0.));
#16607=CARTESIAN_POINT('Origin',(2.48689957516035E-13,-74.5500000000001,
0.));
#16608=CARTESIAN_POINT('',(36.6000000000003,-85.4500000000001,0.));
#16609=CARTESIAN_POINT('',(36.6000000000003,-74.5500000000001,0.));
#16610=CARTESIAN_POINT('',(36.6000000000003,-117.275,0.));
#16611=CARTESIAN_POINT('',(43.4000000000002,-85.4500000000001,0.));
#16612=CARTESIAN_POINT('Origin',(40.0000000000002,-85.4500000000001,0.));
#16613=CARTESIAN_POINT('',(43.4000000000002,-74.5500000000001,0.));
#16614=CARTESIAN_POINT('',(43.4000000000002,-122.725,0.));
#16615=CARTESIAN_POINT('Origin',(40.0000000000002,-74.5500000000001,0.));
#16616=CARTESIAN_POINT('',(76.6000000000003,-85.4500000000001,0.));
#16617=CARTESIAN_POINT('',(76.6000000000003,-74.5500000000001,0.));
#16618=CARTESIAN_POINT('',(76.6000000000003,-117.275,0.));
#16619=CARTESIAN_POINT('',(83.4000000000002,-85.4500000000001,0.));
#16620=CARTESIAN_POINT('Origin',(80.0000000000003,-85.4500000000001,0.));
#16621=CARTESIAN_POINT('',(83.4000000000002,-74.5500000000001,0.));
#16622=CARTESIAN_POINT('',(83.4000000000002,-122.725,0.));
#16623=CARTESIAN_POINT('Origin',(80.0000000000003,-74.5500000000001,0.));
#16624=CARTESIAN_POINT('',(-63.3999999999997,54.5499999999999,0.));
#16625=CARTESIAN_POINT('',(-63.3999999999997,65.4499999999999,0.));
#16626=CARTESIAN_POINT('',(-63.3999999999997,32.7249999999999,0.));
#16627=CARTESIAN_POINT('',(-56.5999999999998,54.5499999999999,0.));
#16628=CARTESIAN_POINT('Origin',(-59.9999999999998,54.5499999999999,0.));
#16629=CARTESIAN_POINT('',(-56.5999999999998,65.4499999999999,0.));
#16630=CARTESIAN_POINT('',(-56.5999999999998,27.2749999999999,0.));
#16631=CARTESIAN_POINT('Origin',(-59.9999999999998,65.4499999999999,0.));
#16632=CARTESIAN_POINT('Origin',(90.9999999999891,-96.9999999999997,0.));
#16633=CARTESIAN_POINT('',(-81.5000000000001,-95.7999999999999,-11.));
#16634=CARTESIAN_POINT('',(90.9999999999891,-95.7999999999997,-11.));
#16635=CARTESIAN_POINT('',(-81.5000000000001,-96.9647174126102,-0.32342371773931));
#16636=CARTESIAN_POINT('Origin',(-81.5000000000001,-92.9883087061782,0.110366322962359));
#16637=CARTESIAN_POINT('',(-85.5000000000001,-91.7762687436734,-10.9999999999986));
#16638=CARTESIAN_POINT('Origin',(-81.5000000000001,-91.7762687436734,-10.9999999999987));
#16639=CARTESIAN_POINT('',(-85.5000000000001,-92.9883087061782,0.110366322962359));
#16640=CARTESIAN_POINT('Origin',(-93.0412325872627,-81.4999999999999,0.595501899571332));
#16641=CARTESIAN_POINT('',(-91.7762687436733,-85.4999999999999,-10.9999999999986));
#16642=CARTESIAN_POINT('',(-93.0412325872627,-85.4999999999999,0.595501899571332));
#16643=CARTESIAN_POINT('',(-95.7999999999998,-81.4999999999999,-11.));
#16644=CARTESIAN_POINT('Origin',(-91.7762687436733,-81.4999999999999,-10.9999999999986));
#16645=CARTESIAN_POINT('',(-97.0176412936947,-81.4999999999999,0.161711858869665));
#16646=CARTESIAN_POINT('Origin',(-96.9999999999998,-91.0000000000076,0.));
#16647=CARTESIAN_POINT('',(-95.8,81.4999999999999,-11.));
#16648=CARTESIAN_POINT('',(-95.7999999999998,-91.0000000000076,-11.));
#16649=CARTESIAN_POINT('',(-96.9647174126102,81.4999999999999,-0.323423717739296));
#16650=CARTESIAN_POINT('Origin',(-92.9883087061782,81.4999999999999,0.110366322962372));
#16651=CARTESIAN_POINT('',(-91.7762687436734,85.4999999999999,-10.9999999999986));
#16652=CARTESIAN_POINT('Origin',(-91.7762687436734,81.4999999999999,-10.9999999999986));
#16653=CARTESIAN_POINT('',(-92.9883087061782,85.4999999999999,0.110366322962372));
#16654=CARTESIAN_POINT('Origin',(-81.5000000000001,93.0412325872627,0.595501899571322));
#16655=CARTESIAN_POINT('',(-85.5000000000001,91.7762687436733,-10.9999999999986));
#16656=CARTESIAN_POINT('',(-85.5000000000001,93.0412325872627,0.595501899571322));
#16657=CARTESIAN_POINT('',(-81.5000000000001,95.7999999999998,-11.));
#16658=CARTESIAN_POINT('Origin',(-81.5000000000001,91.7762687436733,-10.9999999999987));
#16659=CARTESIAN_POINT('',(-81.5000000000001,97.0176412936947,0.161711858869654));
#16660=CARTESIAN_POINT('Origin',(0.,96.9999999999999,0.));
#16661=CARTESIAN_POINT('',(81.5000000000001,95.7999999999999,-11.));
#16662=CARTESIAN_POINT('',(0.,95.7999999999999,-11.));
#16663=CARTESIAN_POINT('',(81.5000000000001,96.9647174126102,-0.323423717739299));
#16664=CARTESIAN_POINT('Origin',(81.5000000000001,92.9883087061782,0.110366322962369));
#16665=CARTESIAN_POINT('',(85.5000000000001,91.7762687436732,-10.9999999999999));
#16666=CARTESIAN_POINT('Origin',(81.5000000000001,91.7762687436732,-10.9999999999999));
#16667=CARTESIAN_POINT('',(85.5000000000001,92.9883087061782,0.110366322962369));
#16668=CARTESIAN_POINT('Origin',(93.041232587263,81.4999999999999,0.595501899571316));
#16669=CARTESIAN_POINT('',(91.7762687436734,85.4999999999999,-11.));
#16670=CARTESIAN_POINT('',(93.041232587263,85.4999999999999,0.595501899571316));
#16671=CARTESIAN_POINT('Origin',(91.7762687436734,81.4999999999999,-11.));
#16672=CARTESIAN_POINT('Origin',(100.,85.4999999999999,0.));
#16673=CARTESIAN_POINT('',(91.0000000000001,85.4999999999999,-10.9999999999999));
#16674=CARTESIAN_POINT('',(91.0000000000001,85.4999999999999,0.));
#16675=CARTESIAN_POINT('',(50.,85.4999999999999,-10.9999999999996));
#16676=CARTESIAN_POINT('Origin',(-99.4999999999999,90.9999999999998,-10.4999999999993));
#16677=CARTESIAN_POINT('',(-99.9999999999999,90.9999999999999,-10.));
#16678=CARTESIAN_POINT('',(-98.9999999999999,90.9999999999999,-10.9999999999985));
#16679=CARTESIAN_POINT('',(-99.9999999999999,90.9999999999999,-10.));
#16680=CARTESIAN_POINT('',(-98.9999999999998,-91.0000000000076,-10.9999999999985));
#16681=CARTESIAN_POINT('',(-98.9999999999999,90.9999999999998,-10.9999999999985));
#16682=CARTESIAN_POINT('',(-99.9999999999997,-91.0000000000076,-10.));
#16683=CARTESIAN_POINT('',(-98.9999999999998,-91.0000000000076,-10.9999999999985));
#16684=CARTESIAN_POINT('',(-99.9999999999999,90.9999999999998,-10.));
#16685=CARTESIAN_POINT('Origin',(-90.9999999999997,90.9999999999999,-10.5));
#16686=CARTESIAN_POINT('',(-90.9999999999997,99.9999999999999,-10.0000000000014));
#16687=CARTESIAN_POINT('',(-90.9999999999997,99.0000000000001,-10.9999999999986));
#16688=CARTESIAN_POINT('',(-90.9999999999997,99.9999999999999,-10.0000000000014));
#16689=CARTESIAN_POINT('Origin',(-90.9999999999997,90.9999999999999,-10.9999999999986));
#16690=CARTESIAN_POINT('Origin',(-90.9999999999997,90.9999999999999,-10.0000000000014));
#16691=CARTESIAN_POINT('Origin',(93.4000000000001,99.4999999999999,-10.5000000000003));
#16692=CARTESIAN_POINT('',(91.0000000000001,99.9999999999999,-10.0000000000007));
#16693=CARTESIAN_POINT('',(91.0000000000001,98.9999999999999,-10.9999999999999));
#16694=CARTESIAN_POINT('',(91.0000000000001,99.9999999999999,-10.0000000000007));
#16695=CARTESIAN_POINT('',(93.4000000000001,98.9999999999999,-11.));
#16696=CARTESIAN_POINT('',(93.4000000000001,99.9999999999999,-10.0000000000007));
#16697=CARTESIAN_POINT('Origin',(91.0000000000001,90.9999999999999,-10.5));
#16698=CARTESIAN_POINT('',(100.,90.9999999999999,-10.0000000000001));
#16699=CARTESIAN_POINT('',(99.0000000000001,90.9999999999999,-11.));
#16700=CARTESIAN_POINT('',(100.,90.9999999999999,-10.0000000000001));
#16701=CARTESIAN_POINT('Origin',(91.0000000000001,90.9999999999999,-10.9999999999999));
#16702=CARTESIAN_POINT('Origin',(91.0000000000001,90.9999999999999,-10.));
#16703=CARTESIAN_POINT('Origin',(99.5,5.53148638005041E-12,-10.5));
#16704=CARTESIAN_POINT('',(99.9999999999999,-90.9999999999889,-10.));
#16705=CARTESIAN_POINT('',(98.9999999999999,-90.9999999999889,-11.));
#16706=CARTESIAN_POINT('',(99.9999999999999,-90.9999999999889,-10.));
#16707=CARTESIAN_POINT('',(99.,5.53193046926026E-12,-11.));
#16708=CARTESIAN_POINT('',(100.,5.53104229084056E-12,-10.));
#16709=CARTESIAN_POINT('Origin',(90.9999999999891,-90.9999999999889,-10.5));
#16710=CARTESIAN_POINT('',(90.9999999999891,-99.9999999999999,-10.));
#16711=CARTESIAN_POINT('',(90.9999999999891,-98.9999999999998,-10.9999999999999));
#16712=CARTESIAN_POINT('',(90.9999999999891,-99.9999999999999,-10.));
#16713=CARTESIAN_POINT('Origin',(90.9999999999891,-90.9999999999889,-10.9999999999999));
#16714=CARTESIAN_POINT('Origin',(90.9999999999891,-90.9999999999889,-10.));
#16715=CARTESIAN_POINT('Origin',(2.39999999999641,-99.4999999999999,-10.4999999999997));
#16716=CARTESIAN_POINT('',(-91.0000000000074,-100.,-9.99999999999934));
#16717=CARTESIAN_POINT('',(-91.0000000000074,-98.9999999999999,-10.9999999999986));
#16718=CARTESIAN_POINT('',(-91.0000000000074,-100.,-9.99999999999934));
#16719=CARTESIAN_POINT('',(2.39999999999641,-98.9999999999998,-10.9999999999993));
#16720=CARTESIAN_POINT('',(2.39999999999642,-100.,-10.));
#16721=CARTESIAN_POINT('Origin',(-91.0000000000074,-91.0000000000076,-10.5));
#16722=CARTESIAN_POINT('Origin',(-91.0000000000074,-91.0000000000076,-10.9999999999986));
#16723=CARTESIAN_POINT('Origin',(-91.0000000000074,-91.0000000000076,-10.0000000000014));
#16724=CARTESIAN_POINT('Origin',(91.0000000000001,90.9999999999999,0.));
#16725=CARTESIAN_POINT('',(91.0000000000001,99.9999999999999,4.));
#16726=CARTESIAN_POINT('',(91.0000000000001,99.9999999999999,0.));
#16727=CARTESIAN_POINT('',(100.,90.9999999999999,4.));
#16728=CARTESIAN_POINT('Origin',(91.0000000000001,90.9999999999999,4.));
#16729=CARTESIAN_POINT('',(100.,90.9999999999999,0.));
#16730=CARTESIAN_POINT('Origin',(91.0000000000001,99.9999999999999,0.));
#16731=CARTESIAN_POINT('',(-90.9999999999997,99.9999999999999,4.));
#16732=CARTESIAN_POINT('',(-90.9999999999997,99.9999999999999,0.));
#16733=CARTESIAN_POINT('',(45.5000000000001,99.9999999999999,4.));
#16734=CARTESIAN_POINT('Origin',(-90.9999999999997,90.9999999999999,0.));
#16735=CARTESIAN_POINT('',(-99.9999999999999,90.9999999999999,4.));
#16736=CARTESIAN_POINT('',(-99.9999999999999,90.9999999999999,0.));
#16737=CARTESIAN_POINT('Origin',(-90.9999999999997,90.9999999999999,4.));
#16738=CARTESIAN_POINT('Origin',(-99.9999999999999,90.9999999999999,0.));
#16739=CARTESIAN_POINT('',(-99.9999999999997,-91.0000000000076,4.));
#16740=CARTESIAN_POINT('',(-99.9999999999997,-91.0000000000076,0.));
#16741=CARTESIAN_POINT('',(-99.9999999999999,45.4999999999999,4.));
#16742=CARTESIAN_POINT('Origin',(95.8000000000001,90.9999999999999,-11.));
#16743=CARTESIAN_POINT('',(-94.2796874999999,-91.8964652265112,-10.9999999999999));
#16744=CARTESIAN_POINT('',(-94.2796874999998,-90.1035347734888,-10.9999999999999));
#16745=CARTESIAN_POINT('Origin',(-94.1999999999999,-91.0000000000001,-11.));
#16746=CARTESIAN_POINT('',(-91.8964652265111,-94.2796875,-10.9999999999999));
#16747=CARTESIAN_POINT('Origin',(-90.9999999999999,-91.0000000000001,-11.));
#16748=CARTESIAN_POINT('',(-90.1035347734887,-94.2796875000001,-11.));
#16749=CARTESIAN_POINT('Origin',(-90.9999999999999,-94.2,-11.));
#16750=CARTESIAN_POINT('',(-87.7203124999998,-91.8964652265113,-11.));
#16751=CARTESIAN_POINT('Origin',(-90.9999999999999,-91.0000000000001,-11.));
#16752=CARTESIAN_POINT('',(-87.7203124999998,-90.1035347734889,-11.));
#16753=CARTESIAN_POINT('Origin',(-87.7999999999999,-91.0000000000001,-11.));
#16754=CARTESIAN_POINT('',(-90.1035347734886,-87.7203125000001,-11.));
#16755=CARTESIAN_POINT('Origin',(-90.9999999999999,-91.0000000000001,-11.));
#16756=CARTESIAN_POINT('',(-91.896465226511,-87.7203125,-10.9999999999999));
#16757=CARTESIAN_POINT('Origin',(-90.9999999999999,-87.8,-11.));
#16758=CARTESIAN_POINT('Origin',(-90.9999999999999,-91.0000000000001,-11.));
#16759=CARTESIAN_POINT('',(-94.2796874999999,90.1035347734887,-10.9999999999999));
#16760=CARTESIAN_POINT('',(-94.2796874999998,91.8964652265112,-10.9999999999999));
#16761=CARTESIAN_POINT('Origin',(-94.1999999999999,90.9999999999999,-11.));
#16762=CARTESIAN_POINT('',(-91.8964652265111,87.7203125,-10.9999999999999));
#16763=CARTESIAN_POINT('Origin',(-90.9999999999999,90.9999999999999,-11.));
#16764=CARTESIAN_POINT('',(-90.1035347734887,87.7203124999999,-11.));
#16765=CARTESIAN_POINT('Origin',(-90.9999999999999,87.7999999999999,-11.));
#16766=CARTESIAN_POINT('',(-87.7203124999998,90.1035347734887,-11.));
#16767=CARTESIAN_POINT('Origin',(-90.9999999999999,90.9999999999999,-11.));
#16768=CARTESIAN_POINT('',(-87.7203124999998,91.8964652265111,-11.));
#16769=CARTESIAN_POINT('Origin',(-87.7999999999999,90.9999999999999,-11.));
#16770=CARTESIAN_POINT('',(-90.1035347734886,94.2796874999999,-11.));
#16771=CARTESIAN_POINT('Origin',(-90.9999999999999,90.9999999999999,-11.));
#16772=CARTESIAN_POINT('',(-91.896465226511,94.2796874999999,-10.9999999999999));
#16773=CARTESIAN_POINT('Origin',(-90.9999999999999,94.1999999999999,-11.));
#16774=CARTESIAN_POINT('Origin',(-90.9999999999999,90.9999999999999,-11.));
#16775=CARTESIAN_POINT('',(85.5000000000001,-90.9999999999999,-10.9999999999999));
#16776=CARTESIAN_POINT('',(85.5000000000001,-49.9999999999999,-10.9999999999999));
#16777=CARTESIAN_POINT('',(91.0000000000001,-85.4999999999999,-10.9999999999999));
#16778=CARTESIAN_POINT('Origin',(91.0000000000001,-90.9999999999999,-10.9999999999993));
#16779=CARTESIAN_POINT('',(45.5,-85.4999999999999,-10.9999999999996));
#16780=CARTESIAN_POINT('',(85.5000000000001,90.9999999999999,-10.9999999999999));
#16781=CARTESIAN_POINT('Origin',(91.0000000000001,90.9999999999999,-10.9999999999993));
#16782=CARTESIAN_POINT('',(85.5000000000001,45.5,-10.9999999999999));
#16783=CARTESIAN_POINT('',(-85.5000000000001,90.9999999999999,-10.9999999999986));
#16784=CARTESIAN_POINT('',(-85.5000000000001,49.9999999999999,-10.9999999999986));
#16785=CARTESIAN_POINT('',(-91.0000000000001,85.4999999999999,-10.9999999999986));
#16786=CARTESIAN_POINT('Origin',(-91.0000000000001,90.9999999999999,-10.9999999999993));
#16787=CARTESIAN_POINT('',(-45.5000000000001,85.4999999999999,-10.9999999999989));
#16788=CARTESIAN_POINT('',(-91.0000000000001,-85.4999999999999,-10.9999999999986));
#16789=CARTESIAN_POINT('',(-50.0000000000001,-85.4999999999999,-10.9999999999989));
#16790=CARTESIAN_POINT('',(-85.5000000000001,-90.9999999999999,-10.9999999999986));
#16791=CARTESIAN_POINT('Origin',(-91.0000000000001,-90.9999999999999,-10.9999999999993));
#16792=CARTESIAN_POINT('',(-85.5000000000001,-45.5,-10.9999999999986));
#16793=CARTESIAN_POINT('',(87.7203125000001,90.1035347734887,-10.9999999999999));
#16794=CARTESIAN_POINT('',(87.7203125000001,91.8964652265112,-10.9999999999999));
#16795=CARTESIAN_POINT('Origin',(87.8000000000001,90.9999999999999,-10.9999999999999));
#16796=CARTESIAN_POINT('',(90.1035347734889,87.7203125,-10.9999999999999));
#16797=CARTESIAN_POINT('Origin',(91.0000000000001,90.9999999999999,-10.9999999999999));
#16798=CARTESIAN_POINT('',(91.8964652265113,87.7203124999999,-11.));
#16799=CARTESIAN_POINT('Origin',(91.0000000000001,87.7999999999999,-10.9999999999999));
#16800=CARTESIAN_POINT('',(94.2796875000002,90.1035347734887,-11.));
#16801=CARTESIAN_POINT('Origin',(91.0000000000001,90.9999999999999,-10.9999999999999));
#16802=CARTESIAN_POINT('',(94.2796875000001,91.8964652265111,-11.));
#16803=CARTESIAN_POINT('Origin',(94.2000000000001,90.9999999999999,-11.));
#16804=CARTESIAN_POINT('',(91.8964652265113,94.2796874999999,-11.));
#16805=CARTESIAN_POINT('Origin',(91.0000000000001,90.9999999999999,-10.9999999999999));
#16806=CARTESIAN_POINT('',(90.1035347734889,94.2796874999999,-10.9999999999999));
#16807=CARTESIAN_POINT('Origin',(91.0000000000001,94.1999999999999,-10.9999999999999));
#16808=CARTESIAN_POINT('Origin',(91.0000000000001,90.9999999999999,-10.9999999999999));
#16809=CARTESIAN_POINT('',(87.7203125000001,-91.8964652265112,-10.9999999999999));
#16810=CARTESIAN_POINT('',(87.7203125000001,-90.1035347734888,-10.9999999999999));
#16811=CARTESIAN_POINT('Origin',(87.8000000000001,-91.0000000000001,-11.));
#16812=CARTESIAN_POINT('',(90.1035347734889,-94.2796875,-10.9999999999999));
#16813=CARTESIAN_POINT('Origin',(91.0000000000001,-91.0000000000001,-11.));
#16814=CARTESIAN_POINT('',(91.8964652265113,-94.2796875000001,-11.));
#16815=CARTESIAN_POINT('Origin',(91.0000000000001,-94.2,-11.));
#16816=CARTESIAN_POINT('',(94.2796875000002,-91.8964652265113,-11.));
#16817=CARTESIAN_POINT('Origin',(91.0000000000001,-91.0000000000001,-11.));
#16818=CARTESIAN_POINT('',(94.2796875000001,-90.1035347734889,-11.));
#16819=CARTESIAN_POINT('Origin',(94.2000000000001,-91.0000000000001,-11.));
#16820=CARTESIAN_POINT('',(91.8964652265113,-87.7203125000001,-11.));
#16821=CARTESIAN_POINT('Origin',(91.0000000000001,-91.0000000000001,-11.));
#16822=CARTESIAN_POINT('',(90.1035347734889,-87.7203125,-10.9999999999999));
#16823=CARTESIAN_POINT('Origin',(91.0000000000001,-87.8,-11.));
#16824=CARTESIAN_POINT('Origin',(91.0000000000001,-91.0000000000001,-11.));
#16825=CARTESIAN_POINT('Origin',(-99.4999999999999,45.4999999999999,4.5));
#16826=CARTESIAN_POINT('',(-98.9999999999998,-91.0000000000076,5.));
#16827=CARTESIAN_POINT('',(-99.9999999999997,-91.0000000000076,4.));
#16828=CARTESIAN_POINT('',(-98.9999999999999,90.9999999999999,5.));
#16829=CARTESIAN_POINT('',(-98.9999999999999,45.4999999999999,5.));
#16830=CARTESIAN_POINT('',(-98.9999999999999,90.9999999999999,5.));
#16831=CARTESIAN_POINT('Origin',(-91.0000000000074,-91.0000000000076,4.5));
#16832=CARTESIAN_POINT('',(-91.0000000000074,-100.,4.));
#16833=CARTESIAN_POINT('',(-91.0000000000074,-98.9999999999999,5.));
#16834=CARTESIAN_POINT('',(-91.0000000000074,-100.,4.));
#16835=CARTESIAN_POINT('Origin',(-91.0000000000074,-91.0000000000076,5.));
#16836=CARTESIAN_POINT('Origin',(-91.0000000000074,-91.0000000000076,4.));
#16837=CARTESIAN_POINT('Origin',(-45.5000000000036,-99.5000000000001,4.5));
#16838=CARTESIAN_POINT('',(90.9999999999891,-99.9999999999999,4.));
#16839=CARTESIAN_POINT('',(90.9999999999891,-98.9999999999999,5.));
#16840=CARTESIAN_POINT('',(90.9999999999891,-99.9999999999999,4.));
#16841=CARTESIAN_POINT('',(-45.5000000000036,-99.0000000000001,5.));
#16842=CARTESIAN_POINT('',(-45.5000000000036,-100.,4.));
#16843=CARTESIAN_POINT('Origin',(90.9999999999891,-90.9999999999889,4.5));
#16844=CARTESIAN_POINT('',(99.9999999999999,-90.9999999999889,4.));
#16845=CARTESIAN_POINT('',(99.0000000000001,-90.9999999999889,5.));
#16846=CARTESIAN_POINT('',(99.9999999999999,-90.9999999999889,4.));
#16847=CARTESIAN_POINT('Origin',(90.9999999999891,-90.9999999999889,5.));
#16848=CARTESIAN_POINT('Origin',(90.9999999999891,-90.9999999999889,4.));
#16849=CARTESIAN_POINT('Origin',(99.4999999999999,-45.4999999999945,4.5));
#16850=CARTESIAN_POINT('',(99.0000000000001,90.9999999999999,5.));
#16851=CARTESIAN_POINT('',(100.,90.9999999999999,4.));
#16852=CARTESIAN_POINT('',(98.9999999999999,-45.4999999999945,5.));
#16853=CARTESIAN_POINT('',(99.9999999999999,-45.4999999999945,4.));
#16854=CARTESIAN_POINT('Origin',(91.0000000000001,90.9999999999999,4.5));
#16855=CARTESIAN_POINT('',(91.0000000000001,98.9999999999999,5.));
#16856=CARTESIAN_POINT('',(91.0000000000001,99.9999999999999,4.));
#16857=CARTESIAN_POINT('Origin',(91.0000000000001,90.9999999999999,5.));
#16858=CARTESIAN_POINT('Origin',(45.5000000000001,99.4999999999999,4.5));
#16859=CARTESIAN_POINT('',(-90.9999999999997,98.9999999999999,5.));
#16860=CARTESIAN_POINT('',(-90.9999999999997,99.9999999999999,4.));
#16861=CARTESIAN_POINT('',(45.5000000000001,98.9999999999999,5.));
#16862=CARTESIAN_POINT('Origin',(-90.9999999999997,90.9999999999999,4.5));
#16863=CARTESIAN_POINT('Origin',(-90.9999999999997,90.9999999999999,5.));
#16864=CARTESIAN_POINT('Origin',(90.9999999999891,-90.9999999999889,0.));
#16865=CARTESIAN_POINT('',(99.9999999999999,-90.9999999999889,0.));
#16866=CARTESIAN_POINT('',(90.9999999999891,-99.9999999999999,0.));
#16867=CARTESIAN_POINT('Origin',(-91.0000000000074,-100.,0.));
#16868=CARTESIAN_POINT('',(-91.0000000000074,-100.,0.));
#16869=CARTESIAN_POINT('Origin',(-91.0000000000074,-91.0000000000076,0.));
#16870=CARTESIAN_POINT('Origin',(8.88178419700125E-14,-8.88178419700125E-14,
5.));
#16871=CARTESIAN_POINT('',(-56.5999999999998,54.5499999999999,5.));
#16872=CARTESIAN_POINT('',(-56.5999999999998,65.4499999999999,5.));
#16873=CARTESIAN_POINT('',(-56.5999999999998,27.2749999999999,5.));
#16874=CARTESIAN_POINT('',(-63.3999999999997,54.5499999999999,5.));
#16875=CARTESIAN_POINT('Origin',(-59.9999999999998,54.5499999999999,5.));
#16876=CARTESIAN_POINT('',(-63.3999999999997,65.4499999999999,5.));
#16877=CARTESIAN_POINT('',(-63.3999999999997,32.7249999999999,5.));
#16878=CARTESIAN_POINT('Origin',(-59.9999999999998,65.4499999999999,5.));
#16879=CARTESIAN_POINT('',(76.6000000000003,-85.4500000000001,5.));
#16880=CARTESIAN_POINT('',(83.4000000000002,-85.4500000000001,5.));
#16881=CARTESIAN_POINT('Origin',(80.0000000000003,-85.4500000000001,5.));
#16882=CARTESIAN_POINT('',(76.6000000000003,-74.5500000000001,5.));
#16883=CARTESIAN_POINT('',(76.6000000000003,-117.275,5.));
#16884=CARTESIAN_POINT('',(83.4000000000002,-74.5500000000001,5.));
#16885=CARTESIAN_POINT('Origin',(80.0000000000003,-74.5500000000001,5.));
#16886=CARTESIAN_POINT('',(83.4000000000002,-122.725,5.));
#16887=CARTESIAN_POINT('',(36.6000000000003,-85.4500000000001,5.));
#16888=CARTESIAN_POINT('',(43.4000000000002,-85.4500000000001,5.));
#16889=CARTESIAN_POINT('Origin',(40.0000000000002,-85.4500000000001,5.));
#16890=CARTESIAN_POINT('',(36.6000000000003,-74.5500000000001,5.));
#16891=CARTESIAN_POINT('',(36.6000000000003,-117.275,5.));
#16892=CARTESIAN_POINT('',(43.4000000000002,-74.5500000000001,5.));
#16893=CARTESIAN_POINT('Origin',(40.0000000000002,-74.5500000000001,5.));
#16894=CARTESIAN_POINT('',(43.4000000000002,-122.725,5.));
#16895=CARTESIAN_POINT('',(-3.39999999999975,-85.4500000000001,5.));
#16896=CARTESIAN_POINT('',(3.40000000000025,-85.4500000000001,5.));
#16897=CARTESIAN_POINT('Origin',(2.48689957516035E-13,-85.4500000000001,
5.));
#16898=CARTESIAN_POINT('',(-3.39999999999975,-74.5500000000001,5.));
#16899=CARTESIAN_POINT('',(-3.39999999999975,-117.275,5.));
#16900=CARTESIAN_POINT('',(3.40000000000025,-74.5500000000001,5.));
#16901=CARTESIAN_POINT('Origin',(2.48689957516035E-13,-74.5500000000001,
5.));
#16902=CARTESIAN_POINT('',(3.40000000000025,-122.725,5.));
#16903=CARTESIAN_POINT('',(-43.3999999999997,-85.4500000000001,5.));
#16904=CARTESIAN_POINT('',(-36.5999999999998,-85.4500000000001,5.));
#16905=CARTESIAN_POINT('Origin',(-39.9999999999998,-85.4500000000001,5.));
#16906=CARTESIAN_POINT('',(-43.3999999999997,-74.5500000000001,5.));
#16907=CARTESIAN_POINT('',(-43.3999999999997,-117.275,5.));
#16908=CARTESIAN_POINT('',(-36.5999999999998,-74.5500000000001,5.));
#16909=CARTESIAN_POINT('Origin',(-39.9999999999998,-74.5500000000001,5.));
#16910=CARTESIAN_POINT('',(-36.5999999999998,-122.725,5.));
#16911=CARTESIAN_POINT('',(-83.3999999999997,-85.4500000000001,5.));
#16912=CARTESIAN_POINT('',(-76.5999999999998,-85.4500000000001,5.));
#16913=CARTESIAN_POINT('Origin',(-79.9999999999997,-85.4500000000001,5.));
#16914=CARTESIAN_POINT('',(-83.3999999999997,-74.5500000000001,5.));
#16915=CARTESIAN_POINT('',(-83.3999999999997,-117.275,5.));
#16916=CARTESIAN_POINT('',(-76.5999999999998,-74.5500000000001,5.));
#16917=CARTESIAN_POINT('Origin',(-79.9999999999997,-74.5500000000001,5.));
#16918=CARTESIAN_POINT('',(-76.5999999999998,-122.725,5.));
#16919=CARTESIAN_POINT('',(76.6000000000003,-45.4500000000001,5.));
#16920=CARTESIAN_POINT('',(83.4000000000002,-45.4500000000001,5.));
#16921=CARTESIAN_POINT('Origin',(80.0000000000003,-45.4500000000001,5.));
#16922=CARTESIAN_POINT('',(76.6000000000003,-34.5500000000001,5.));
#16923=CARTESIAN_POINT('',(76.6000000000003,-77.2750000000001,5.));
#16924=CARTESIAN_POINT('',(83.4000000000002,-34.5500000000001,5.));
#16925=CARTESIAN_POINT('Origin',(80.0000000000003,-34.5500000000001,5.));
#16926=CARTESIAN_POINT('',(83.4000000000002,-82.7250000000001,5.));
#16927=CARTESIAN_POINT('',(36.6000000000003,-45.4500000000001,5.));
#16928=CARTESIAN_POINT('',(43.4000000000002,-45.4500000000001,5.));
#16929=CARTESIAN_POINT('Origin',(40.0000000000002,-45.4500000000001,5.));
#16930=CARTESIAN_POINT('',(36.6000000000003,-34.5500000000001,5.));
#16931=CARTESIAN_POINT('',(36.6000000000003,-77.2750000000001,5.));
#16932=CARTESIAN_POINT('',(43.4000000000002,-34.5500000000001,5.));
#16933=CARTESIAN_POINT('Origin',(40.0000000000002,-34.5500000000001,5.));
#16934=CARTESIAN_POINT('',(43.4000000000002,-82.7250000000001,5.));
#16935=CARTESIAN_POINT('',(-3.39999999999975,-45.4500000000001,5.));
#16936=CARTESIAN_POINT('',(3.40000000000025,-45.4500000000001,5.));
#16937=CARTESIAN_POINT('Origin',(2.48689957516035E-13,-45.4500000000001,
5.));
#16938=CARTESIAN_POINT('',(-3.39999999999975,-34.5500000000001,5.));
#16939=CARTESIAN_POINT('',(-3.39999999999975,-77.2750000000001,5.));
#16940=CARTESIAN_POINT('',(3.40000000000025,-34.5500000000001,5.));
#16941=CARTESIAN_POINT('Origin',(2.48689957516035E-13,-34.5500000000001,
5.));
#16942=CARTESIAN_POINT('',(3.40000000000025,-82.7250000000001,5.));
#16943=CARTESIAN_POINT('',(-43.3999999999997,-45.4500000000001,5.));
#16944=CARTESIAN_POINT('',(-36.5999999999998,-45.4500000000001,5.));
#16945=CARTESIAN_POINT('Origin',(-39.9999999999998,-45.4500000000001,5.));
#16946=CARTESIAN_POINT('',(-43.3999999999997,-34.5500000000001,5.));
#16947=CARTESIAN_POINT('',(-43.3999999999997,-77.2750000000001,5.));
#16948=CARTESIAN_POINT('',(-36.5999999999998,-34.5500000000001,5.));
#16949=CARTESIAN_POINT('Origin',(-39.9999999999998,-34.5500000000001,5.));
#16950=CARTESIAN_POINT('',(-36.5999999999998,-82.7250000000001,5.));
#16951=CARTESIAN_POINT('',(-83.3999999999997,-45.4500000000001,5.));
#16952=CARTESIAN_POINT('',(-76.5999999999998,-45.4500000000001,5.));
#16953=CARTESIAN_POINT('Origin',(-79.9999999999997,-45.4500000000001,5.));
#16954=CARTESIAN_POINT('',(-83.3999999999997,-34.5500000000001,5.));
#16955=CARTESIAN_POINT('',(-83.3999999999997,-77.2750000000001,5.));
#16956=CARTESIAN_POINT('',(-76.5999999999998,-34.5500000000001,5.));
#16957=CARTESIAN_POINT('Origin',(-79.9999999999997,-34.5500000000001,5.));
#16958=CARTESIAN_POINT('',(-76.5999999999998,-82.7250000000001,5.));
#16959=CARTESIAN_POINT('',(76.6000000000003,-5.45000000000012,5.));
#16960=CARTESIAN_POINT('',(83.4000000000002,-5.45000000000012,5.));
#16961=CARTESIAN_POINT('Origin',(80.0000000000003,-5.45000000000012,5.));
#16962=CARTESIAN_POINT('',(76.6000000000003,5.44999999999987,5.));
#16963=CARTESIAN_POINT('',(76.6000000000003,-37.2750000000001,5.));
#16964=CARTESIAN_POINT('',(83.4000000000002,5.44999999999987,5.));
#16965=CARTESIAN_POINT('Origin',(80.0000000000003,5.44999999999987,5.));
#16966=CARTESIAN_POINT('',(83.4000000000002,-42.7250000000001,5.));
#16967=CARTESIAN_POINT('',(36.6000000000003,-5.45000000000012,5.));
#16968=CARTESIAN_POINT('',(43.4000000000002,-5.45000000000012,5.));
#16969=CARTESIAN_POINT('Origin',(40.0000000000002,-5.45000000000012,5.));
#16970=CARTESIAN_POINT('',(36.6000000000003,5.44999999999987,5.));
#16971=CARTESIAN_POINT('',(36.6000000000003,-37.2750000000001,5.));
#16972=CARTESIAN_POINT('',(43.4000000000002,5.44999999999987,5.));
#16973=CARTESIAN_POINT('Origin',(40.0000000000002,5.44999999999987,5.));
#16974=CARTESIAN_POINT('',(43.4000000000002,-42.7250000000001,5.));
#16975=CARTESIAN_POINT('',(-3.39999999999975,-5.45000000000012,5.));
#16976=CARTESIAN_POINT('',(3.40000000000025,-5.45000000000012,5.));
#16977=CARTESIAN_POINT('Origin',(2.48689957516035E-13,-5.45000000000012,
5.));
#16978=CARTESIAN_POINT('',(-3.39999999999975,5.44999999999987,5.));
#16979=CARTESIAN_POINT('',(-3.39999999999975,-37.2750000000001,5.));
#16980=CARTESIAN_POINT('',(3.40000000000025,5.44999999999987,5.));
#16981=CARTESIAN_POINT('Origin',(2.48689957516035E-13,5.44999999999987,
5.));
#16982=CARTESIAN_POINT('',(3.40000000000025,-42.7250000000001,5.));
#16983=CARTESIAN_POINT('',(-43.3999999999997,-5.45000000000012,5.));
#16984=CARTESIAN_POINT('',(-36.5999999999998,-5.45000000000012,5.));
#16985=CARTESIAN_POINT('Origin',(-39.9999999999998,-5.45000000000012,5.));
#16986=CARTESIAN_POINT('',(-43.3999999999997,5.44999999999987,5.));
#16987=CARTESIAN_POINT('',(-43.3999999999997,-37.2750000000001,5.));
#16988=CARTESIAN_POINT('',(-36.5999999999998,5.44999999999987,5.));
#16989=CARTESIAN_POINT('Origin',(-39.9999999999998,5.44999999999987,5.));
#16990=CARTESIAN_POINT('',(-36.5999999999998,-42.7250000000001,5.));
#16991=CARTESIAN_POINT('',(-83.3999999999997,-5.45000000000012,5.));
#16992=CARTESIAN_POINT('',(-76.5999999999998,-5.45000000000012,5.));
#16993=CARTESIAN_POINT('Origin',(-79.9999999999997,-5.45000000000012,5.));
#16994=CARTESIAN_POINT('',(-83.3999999999997,5.44999999999987,5.));
#16995=CARTESIAN_POINT('',(-83.3999999999997,-37.2750000000001,5.));
#16996=CARTESIAN_POINT('',(-76.5999999999998,5.44999999999987,5.));
#16997=CARTESIAN_POINT('Origin',(-79.9999999999997,5.44999999999987,5.));
#16998=CARTESIAN_POINT('',(-76.5999999999998,-42.7250000000001,5.));
#16999=CARTESIAN_POINT('',(76.6000000000003,34.5499999999999,5.));
#17000=CARTESIAN_POINT('',(83.4000000000002,34.5499999999999,5.));
#17001=CARTESIAN_POINT('Origin',(80.0000000000003,34.5499999999999,5.));
#17002=CARTESIAN_POINT('',(76.6000000000003,45.4499999999999,5.));
#17003=CARTESIAN_POINT('',(76.6000000000003,2.72499999999989,5.));
#17004=CARTESIAN_POINT('',(83.4000000000002,45.4499999999999,5.));
#17005=CARTESIAN_POINT('Origin',(80.0000000000003,45.4499999999999,5.));
#17006=CARTESIAN_POINT('',(83.4000000000002,-2.72500000000011,5.));
#17007=CARTESIAN_POINT('',(36.6000000000003,34.5499999999999,5.));
#17008=CARTESIAN_POINT('',(43.4000000000002,34.5499999999999,5.));
#17009=CARTESIAN_POINT('Origin',(40.0000000000002,34.5499999999999,5.));
#17010=CARTESIAN_POINT('',(36.6000000000003,45.4499999999999,5.));
#17011=CARTESIAN_POINT('',(36.6000000000003,2.72499999999989,5.));
#17012=CARTESIAN_POINT('',(43.4000000000002,45.4499999999999,5.));
#17013=CARTESIAN_POINT('Origin',(40.0000000000002,45.4499999999999,5.));
#17014=CARTESIAN_POINT('',(43.4000000000002,-2.72500000000011,5.));
#17015=CARTESIAN_POINT('',(-3.39999999999975,34.5499999999999,5.));
#17016=CARTESIAN_POINT('',(3.40000000000025,34.5499999999999,5.));
#17017=CARTESIAN_POINT('Origin',(2.48689957516035E-13,34.5499999999999,
5.));
#17018=CARTESIAN_POINT('',(-3.39999999999975,45.4499999999999,5.));
#17019=CARTESIAN_POINT('',(-3.39999999999975,2.72499999999989,5.));
#17020=CARTESIAN_POINT('',(3.40000000000025,45.4499999999999,5.));
#17021=CARTESIAN_POINT('Origin',(2.48689957516035E-13,45.4499999999999,
5.));
#17022=CARTESIAN_POINT('',(3.40000000000025,-2.72500000000011,5.));
#17023=CARTESIAN_POINT('',(-43.3999999999997,34.5499999999999,5.));
#17024=CARTESIAN_POINT('',(-36.5999999999998,34.5499999999999,5.));
#17025=CARTESIAN_POINT('Origin',(-39.9999999999998,34.5499999999999,5.));
#17026=CARTESIAN_POINT('',(-43.3999999999997,45.4499999999999,5.));
#17027=CARTESIAN_POINT('',(-43.3999999999997,2.72499999999989,5.));
#17028=CARTESIAN_POINT('',(-36.5999999999998,45.4499999999999,5.));
#17029=CARTESIAN_POINT('Origin',(-39.9999999999998,45.4499999999999,5.));
#17030=CARTESIAN_POINT('',(-36.5999999999998,-2.72500000000011,5.));
#17031=CARTESIAN_POINT('',(-83.3999999999997,34.5499999999999,5.));
#17032=CARTESIAN_POINT('',(-76.5999999999998,34.5499999999999,5.));
#17033=CARTESIAN_POINT('Origin',(-79.9999999999997,34.5499999999999,5.));
#17034=CARTESIAN_POINT('',(-83.3999999999997,45.4499999999999,5.));
#17035=CARTESIAN_POINT('',(-83.3999999999997,2.72499999999989,5.));
#17036=CARTESIAN_POINT('',(-76.5999999999998,45.4499999999999,5.));
#17037=CARTESIAN_POINT('Origin',(-79.9999999999997,45.4499999999999,5.));
#17038=CARTESIAN_POINT('',(-76.5999999999998,-2.72500000000011,5.));
#17039=CARTESIAN_POINT('',(76.6000000000003,74.5499999999999,5.));
#17040=CARTESIAN_POINT('',(83.4000000000002,74.5499999999999,5.));
#17041=CARTESIAN_POINT('Origin',(80.0000000000003,74.5499999999999,5.));
#17042=CARTESIAN_POINT('',(76.6000000000003,85.4499999999999,5.));
#17043=CARTESIAN_POINT('',(76.6000000000003,42.7249999999999,5.));
#17044=CARTESIAN_POINT('',(83.4000000000002,85.4499999999999,5.));
#17045=CARTESIAN_POINT('Origin',(80.0000000000003,85.4499999999999,5.));
#17046=CARTESIAN_POINT('',(83.4000000000002,37.2749999999999,5.));
#17047=CARTESIAN_POINT('',(36.6000000000003,74.5499999999999,5.));
#17048=CARTESIAN_POINT('',(43.4000000000002,74.5499999999999,5.));
#17049=CARTESIAN_POINT('Origin',(40.0000000000002,74.5499999999999,5.));
#17050=CARTESIAN_POINT('',(36.6000000000003,85.4499999999999,5.));
#17051=CARTESIAN_POINT('',(36.6000000000003,42.7249999999999,5.));
#17052=CARTESIAN_POINT('',(43.4000000000002,85.4499999999999,5.));
#17053=CARTESIAN_POINT('Origin',(40.0000000000002,85.4499999999999,5.));
#17054=CARTESIAN_POINT('',(43.4000000000002,37.2749999999999,5.));
#17055=CARTESIAN_POINT('',(-3.39999999999975,74.5499999999999,5.));
#17056=CARTESIAN_POINT('',(3.40000000000025,74.5499999999999,5.));
#17057=CARTESIAN_POINT('Origin',(2.48689957516035E-13,74.5499999999999,
5.));
#17058=CARTESIAN_POINT('',(-3.39999999999975,85.4499999999999,5.));
#17059=CARTESIAN_POINT('',(-3.39999999999975,42.7249999999999,5.));
#17060=CARTESIAN_POINT('',(3.40000000000025,85.4499999999999,5.));
#17061=CARTESIAN_POINT('Origin',(2.48689957516035E-13,85.4499999999999,
5.));
#17062=CARTESIAN_POINT('',(3.40000000000025,37.2749999999999,5.));
#17063=CARTESIAN_POINT('',(-43.3999999999997,74.5499999999999,5.));
#17064=CARTESIAN_POINT('',(-36.5999999999998,74.5499999999999,5.));
#17065=CARTESIAN_POINT('Origin',(-39.9999999999998,74.5499999999999,5.));
#17066=CARTESIAN_POINT('',(-43.3999999999997,85.4499999999999,5.));
#17067=CARTESIAN_POINT('',(-43.3999999999997,42.7249999999999,5.));
#17068=CARTESIAN_POINT('',(-36.5999999999998,85.4499999999999,5.));
#17069=CARTESIAN_POINT('Origin',(-39.9999999999998,85.4499999999999,5.));
#17070=CARTESIAN_POINT('',(-36.5999999999998,37.2749999999999,5.));
#17071=CARTESIAN_POINT('',(-83.3999999999997,74.5499999999999,5.));
#17072=CARTESIAN_POINT('',(-76.5999999999998,74.5499999999999,5.));
#17073=CARTESIAN_POINT('Origin',(-79.9999999999997,74.5499999999999,5.));
#17074=CARTESIAN_POINT('',(-83.3999999999997,85.4499999999999,5.));
#17075=CARTESIAN_POINT('',(-83.3999999999997,42.7249999999999,5.));
#17076=CARTESIAN_POINT('',(-76.5999999999998,85.4499999999999,5.));
#17077=CARTESIAN_POINT('Origin',(-79.9999999999997,85.4499999999999,5.));
#17078=CARTESIAN_POINT('',(-76.5999999999998,37.2749999999999,5.));
#17079=CARTESIAN_POINT('',(-16.5999999999998,54.5499999999999,5.));
#17080=CARTESIAN_POINT('',(-16.5999999999998,65.4499999999999,5.));
#17081=CARTESIAN_POINT('',(-16.5999999999998,27.2749999999999,5.));
#17082=CARTESIAN_POINT('',(-23.3999999999997,54.5499999999999,5.));
#17083=CARTESIAN_POINT('Origin',(-19.9999999999998,54.5499999999999,5.));
#17084=CARTESIAN_POINT('',(-23.3999999999997,65.4499999999999,5.));
#17085=CARTESIAN_POINT('',(-23.3999999999997,32.7249999999999,5.));
#17086=CARTESIAN_POINT('Origin',(-19.9999999999998,65.4499999999999,5.));
#17087=CARTESIAN_POINT('',(23.4000000000002,54.5499999999999,5.));
#17088=CARTESIAN_POINT('',(23.4000000000002,65.4499999999999,5.));
#17089=CARTESIAN_POINT('',(23.4000000000002,27.2749999999999,5.));
#17090=CARTESIAN_POINT('',(16.6000000000003,54.5499999999999,5.));
#17091=CARTESIAN_POINT('Origin',(20.0000000000002,54.5499999999999,5.));
#17092=CARTESIAN_POINT('',(16.6000000000003,65.4499999999999,5.));
#17093=CARTESIAN_POINT('',(16.6000000000003,32.7249999999999,5.));
#17094=CARTESIAN_POINT('Origin',(20.0000000000002,65.4499999999999,5.));
#17095=CARTESIAN_POINT('',(63.4000000000002,54.5499999999999,5.));
#17096=CARTESIAN_POINT('',(63.4000000000002,65.4499999999999,5.));
#17097=CARTESIAN_POINT('',(63.4000000000002,27.2749999999999,5.));
#17098=CARTESIAN_POINT('',(56.6000000000003,54.5499999999999,5.));
#17099=CARTESIAN_POINT('Origin',(60.0000000000002,54.5499999999999,5.));
#17100=CARTESIAN_POINT('',(56.6000000000003,65.4499999999999,5.));
#17101=CARTESIAN_POINT('',(56.6000000000003,32.7249999999999,5.));
#17102=CARTESIAN_POINT('Origin',(60.0000000000002,65.4499999999999,5.));
#17103=CARTESIAN_POINT('',(-56.5999999999998,14.5499999999999,5.));
#17104=CARTESIAN_POINT('',(-56.5999999999998,25.4499999999999,5.));
#17105=CARTESIAN_POINT('',(-56.5999999999998,-12.7250000000001,5.));
#17106=CARTESIAN_POINT('',(-63.3999999999997,14.5499999999999,5.));
#17107=CARTESIAN_POINT('Origin',(-59.9999999999998,14.5499999999999,5.));
#17108=CARTESIAN_POINT('',(-63.3999999999997,25.4499999999999,5.));
#17109=CARTESIAN_POINT('',(-63.3999999999997,-7.27500000000011,5.));
#17110=CARTESIAN_POINT('Origin',(-59.9999999999998,25.4499999999999,5.));
#17111=CARTESIAN_POINT('',(-16.5999999999998,14.5499999999999,5.));
#17112=CARTESIAN_POINT('',(-16.5999999999998,25.4499999999999,5.));
#17113=CARTESIAN_POINT('',(-16.5999999999998,-12.7250000000001,5.));
#17114=CARTESIAN_POINT('',(-23.3999999999997,14.5499999999999,5.));
#17115=CARTESIAN_POINT('Origin',(-19.9999999999998,14.5499999999999,5.));
#17116=CARTESIAN_POINT('',(-23.3999999999997,25.4499999999999,5.));
#17117=CARTESIAN_POINT('',(-23.3999999999997,-7.27500000000011,5.));
#17118=CARTESIAN_POINT('Origin',(-19.9999999999998,25.4499999999999,5.));
#17119=CARTESIAN_POINT('',(23.4000000000002,14.5499999999999,5.));
#17120=CARTESIAN_POINT('',(23.4000000000002,25.4499999999999,5.));
#17121=CARTESIAN_POINT('',(23.4000000000002,-12.7250000000001,5.));
#17122=CARTESIAN_POINT('',(16.6000000000003,14.5499999999999,5.));
#17123=CARTESIAN_POINT('Origin',(20.0000000000002,14.5499999999999,5.));
#17124=CARTESIAN_POINT('',(16.6000000000003,25.4499999999999,5.));
#17125=CARTESIAN_POINT('',(16.6000000000003,-7.27500000000011,5.));
#17126=CARTESIAN_POINT('Origin',(20.0000000000002,25.4499999999999,5.));
#17127=CARTESIAN_POINT('',(63.4000000000002,14.5499999999999,5.));
#17128=CARTESIAN_POINT('',(63.4000000000002,25.4499999999999,5.));
#17129=CARTESIAN_POINT('',(63.4000000000002,-12.7250000000001,5.));
#17130=CARTESIAN_POINT('',(56.6000000000003,14.5499999999999,5.));
#17131=CARTESIAN_POINT('Origin',(60.0000000000002,14.5499999999999,5.));
#17132=CARTESIAN_POINT('',(56.6000000000003,25.4499999999999,5.));
#17133=CARTESIAN_POINT('',(56.6000000000003,-7.27500000000011,5.));
#17134=CARTESIAN_POINT('Origin',(60.0000000000002,25.4499999999999,5.));
#17135=CARTESIAN_POINT('',(-56.5999999999998,-25.4500000000001,5.));
#17136=CARTESIAN_POINT('',(-56.5999999999998,-14.5500000000001,5.));
#17137=CARTESIAN_POINT('',(-56.5999999999998,-52.7250000000001,5.));
#17138=CARTESIAN_POINT('',(-63.3999999999997,-25.4500000000001,5.));
#17139=CARTESIAN_POINT('Origin',(-59.9999999999998,-25.4500000000001,5.));
#17140=CARTESIAN_POINT('',(-63.3999999999997,-14.5500000000001,5.));
#17141=CARTESIAN_POINT('',(-63.3999999999997,-47.2750000000001,5.));
#17142=CARTESIAN_POINT('Origin',(-59.9999999999998,-14.5500000000001,5.));
#17143=CARTESIAN_POINT('',(-16.5999999999998,-25.4500000000001,5.));
#17144=CARTESIAN_POINT('',(-16.5999999999998,-14.5500000000001,5.));
#17145=CARTESIAN_POINT('',(-16.5999999999998,-52.7250000000001,5.));
#17146=CARTESIAN_POINT('',(-23.3999999999997,-25.4500000000001,5.));
#17147=CARTESIAN_POINT('Origin',(-19.9999999999998,-25.4500000000001,5.));
#17148=CARTESIAN_POINT('',(-23.3999999999997,-14.5500000000001,5.));
#17149=CARTESIAN_POINT('',(-23.3999999999997,-47.2750000000001,5.));
#17150=CARTESIAN_POINT('Origin',(-19.9999999999998,-14.5500000000001,5.));
#17151=CARTESIAN_POINT('',(23.4000000000002,-25.4500000000001,5.));
#17152=CARTESIAN_POINT('',(23.4000000000002,-14.5500000000001,5.));
#17153=CARTESIAN_POINT('',(23.4000000000002,-52.7250000000001,5.));
#17154=CARTESIAN_POINT('',(16.6000000000003,-25.4500000000001,5.));
#17155=CARTESIAN_POINT('Origin',(20.0000000000002,-25.4500000000001,5.));
#17156=CARTESIAN_POINT('',(16.6000000000003,-14.5500000000001,5.));
#17157=CARTESIAN_POINT('',(16.6000000000003,-47.2750000000001,5.));
#17158=CARTESIAN_POINT('Origin',(20.0000000000002,-14.5500000000001,5.));
#17159=CARTESIAN_POINT('',(63.4000000000002,-25.4500000000001,5.));
#17160=CARTESIAN_POINT('',(63.4000000000002,-14.5500000000001,5.));
#17161=CARTESIAN_POINT('',(63.4000000000002,-52.7250000000001,5.));
#17162=CARTESIAN_POINT('',(56.6000000000003,-25.4500000000001,5.));
#17163=CARTESIAN_POINT('Origin',(60.0000000000002,-25.4500000000001,5.));
#17164=CARTESIAN_POINT('',(56.6000000000003,-14.5500000000001,5.));
#17165=CARTESIAN_POINT('',(56.6000000000003,-47.2750000000001,5.));
#17166=CARTESIAN_POINT('Origin',(60.0000000000002,-14.5500000000001,5.));
#17167=CARTESIAN_POINT('',(-56.5999999999998,-65.4500000000001,5.));
#17168=CARTESIAN_POINT('',(-56.5999999999998,-54.5500000000001,5.));
#17169=CARTESIAN_POINT('',(-56.5999999999998,-92.7250000000001,5.));
#17170=CARTESIAN_POINT('',(-63.3999999999997,-65.4500000000001,5.));
#17171=CARTESIAN_POINT('Origin',(-59.9999999999998,-65.4500000000001,5.));
#17172=CARTESIAN_POINT('',(-63.3999999999997,-54.5500000000001,5.));
#17173=CARTESIAN_POINT('',(-63.3999999999997,-87.2750000000001,5.));
#17174=CARTESIAN_POINT('Origin',(-59.9999999999998,-54.5500000000001,5.));
#17175=CARTESIAN_POINT('',(-16.5999999999998,-65.4500000000001,5.));
#17176=CARTESIAN_POINT('',(-16.5999999999998,-54.5500000000001,5.));
#17177=CARTESIAN_POINT('',(-16.5999999999998,-92.7250000000001,5.));
#17178=CARTESIAN_POINT('',(-23.3999999999997,-65.4500000000001,5.));
#17179=CARTESIAN_POINT('Origin',(-19.9999999999998,-65.4500000000001,5.));
#17180=CARTESIAN_POINT('',(-23.3999999999997,-54.5500000000001,5.));
#17181=CARTESIAN_POINT('',(-23.3999999999997,-87.2750000000001,5.));
#17182=CARTESIAN_POINT('Origin',(-19.9999999999998,-54.5500000000001,5.));
#17183=CARTESIAN_POINT('',(23.4000000000002,-65.4500000000001,5.));
#17184=CARTESIAN_POINT('',(23.4000000000002,-54.5500000000001,5.));
#17185=CARTESIAN_POINT('',(23.4000000000002,-92.7250000000001,5.));
#17186=CARTESIAN_POINT('',(16.6000000000003,-65.4500000000001,5.));
#17187=CARTESIAN_POINT('Origin',(20.0000000000002,-65.4500000000001,5.));
#17188=CARTESIAN_POINT('',(16.6000000000003,-54.5500000000001,5.));
#17189=CARTESIAN_POINT('',(16.6000000000003,-87.2750000000001,5.));
#17190=CARTESIAN_POINT('Origin',(20.0000000000002,-54.5500000000001,5.));
#17191=CARTESIAN_POINT('',(63.4000000000002,-65.4500000000001,5.));
#17192=CARTESIAN_POINT('',(63.4000000000002,-54.5500000000001,5.));
#17193=CARTESIAN_POINT('',(63.4000000000002,-92.7250000000001,5.));
#17194=CARTESIAN_POINT('',(56.6000000000003,-65.4500000000001,5.));
#17195=CARTESIAN_POINT('Origin',(60.0000000000002,-65.4500000000001,5.));
#17196=CARTESIAN_POINT('',(56.6000000000003,-54.5500000000001,5.));
#17197=CARTESIAN_POINT('',(56.6000000000003,-87.2750000000001,5.));
#17198=CARTESIAN_POINT('Origin',(60.0000000000002,-54.5500000000001,5.));
#17199=CARTESIAN_POINT('Origin',(91.0000000000001,-91.0000000000001,4.4));
#17200=CARTESIAN_POINT('',(87.5000000000001,-91.0000000000001,4.4));
#17201=CARTESIAN_POINT('Origin',(91.0000000000001,-91.0000000000001,4.4));
#17202=CARTESIAN_POINT('Origin',(-90.9999999999999,90.9999999999999,4.4));
#17203=CARTESIAN_POINT('',(-94.4999999999999,90.9999999999999,4.4));
#17204=CARTESIAN_POINT('Origin',(-90.9999999999999,90.9999999999999,4.4));
#17205=CARTESIAN_POINT('Origin',(-90.9999999999999,-91.0000000000001,4.4));
#17206=CARTESIAN_POINT('',(-94.4999999999999,-91.0000000000001,4.4));
#17207=CARTESIAN_POINT('Origin',(-90.9999999999999,-91.0000000000001,4.4));
#17208=CARTESIAN_POINT('Origin',(91.0000000000001,90.9999999999999,4.4));
#17209=CARTESIAN_POINT('',(87.5000000000001,90.9999999999999,4.4));
#17210=CARTESIAN_POINT('Origin',(91.0000000000001,90.9999999999999,4.4));
#17211=CARTESIAN_POINT('Origin',(-94.1999999999999,-91.0000000000001,-10.7));
#17212=CARTESIAN_POINT('',(-94.2265624999999,-90.7011782578297,-10.4));
#17213=CARTESIAN_POINT('',(-94.2796874999998,-90.1035347734888,-10.9999999999999));
#17214=CARTESIAN_POINT('',(-94.2265624999999,-91.2988217421704,-10.4));
#17215=CARTESIAN_POINT('Origin',(-94.1999999999999,-91.0000000000001,-10.4));
#17216=CARTESIAN_POINT('',(-94.2265624999999,-91.2988217421704,-10.4));
#17217=CARTESIAN_POINT('Origin',(-90.9999999999999,-91.0000000000001,-10.7));
#17218=CARTESIAN_POINT('',(-93.7009191176469,-90.2617345193438,-10.4));
#17219=CARTESIAN_POINT('',(-93.7009191176469,-90.2617345193438,-10.4));
#17220=CARTESIAN_POINT('',(-91.7382654806561,-88.299080882353,-10.4));
#17221=CARTESIAN_POINT('',(-91.896465226511,-87.7203125,-10.9999999999999));
#17222=CARTESIAN_POINT('Origin',(-90.9999999999999,-91.0000000000001,-10.4));
#17223=CARTESIAN_POINT('Origin',(-90.9999999999999,-87.8,-10.7));
#17224=CARTESIAN_POINT('',(-90.7011782578295,-87.7734375000001,-10.4));
#17225=CARTESIAN_POINT('',(-90.1035347734886,-87.7203125000001,-11.));
#17226=CARTESIAN_POINT('',(-91.2988217421702,-87.7734375000001,-10.4));
#17227=CARTESIAN_POINT('Origin',(-90.9999999999999,-87.8,-10.4));
#17228=CARTESIAN_POINT('',(-91.2988217421702,-87.7734375000001,-10.4));
#17229=CARTESIAN_POINT('Origin',(-90.9999999999999,-91.0000000000001,-10.7));
#17230=CARTESIAN_POINT('',(-90.2617345193436,-88.299080882353,-10.4));
#17231=CARTESIAN_POINT('',(-90.2617345193436,-88.299080882353,-10.4));
#17232=CARTESIAN_POINT('',(-88.2990808823528,-90.2617345193438,-10.4));
#17233=CARTESIAN_POINT('',(-87.7203124999998,-90.1035347734889,-11.));
#17234=CARTESIAN_POINT('Origin',(-90.9999999999999,-91.0000000000001,-10.4));
#17235=CARTESIAN_POINT('Origin',(-87.7999999999999,-91.0000000000001,-10.7));
#17236=CARTESIAN_POINT('',(-87.7734374999999,-91.2988217421704,-10.4));
#17237=CARTESIAN_POINT('',(-87.7203124999998,-91.8964652265113,-11.));
#17238=CARTESIAN_POINT('',(-87.7734374999999,-90.7011782578297,-10.4));
#17239=CARTESIAN_POINT('Origin',(-87.7999999999999,-91.0000000000001,-10.4));
#17240=CARTESIAN_POINT('',(-87.7734374999999,-90.7011782578297,-10.4));
#17241=CARTESIAN_POINT('Origin',(-90.9999999999999,-91.0000000000001,-10.7));
#17242=CARTESIAN_POINT('',(-88.2990808823528,-91.7382654806563,-10.4));
#17243=CARTESIAN_POINT('',(-88.2990808823528,-91.7382654806563,-10.4));
#17244=CARTESIAN_POINT('',(-90.2617345193436,-93.7009191176471,-10.4));
#17245=CARTESIAN_POINT('',(-90.1035347734887,-94.2796875000001,-11.));
#17246=CARTESIAN_POINT('Origin',(-90.9999999999999,-91.0000000000001,-10.4));
#17247=CARTESIAN_POINT('Origin',(-90.9999999999999,-94.2,-10.7));
#17248=CARTESIAN_POINT('',(-91.2988217421702,-94.2265625,-10.4));
#17249=CARTESIAN_POINT('',(-91.8964652265111,-94.2796875,-10.9999999999999));
#17250=CARTESIAN_POINT('',(-90.7011782578295,-94.2265625,-10.4));
#17251=CARTESIAN_POINT('Origin',(-90.9999999999999,-94.2,-10.4));
#17252=CARTESIAN_POINT('',(-90.7011782578295,-94.2265625,-10.4));
#17253=CARTESIAN_POINT('Origin',(-90.9999999999999,-91.0000000000001,-10.7));
#17254=CARTESIAN_POINT('',(-91.7382654806561,-93.7009191176471,-10.4));
#17255=CARTESIAN_POINT('',(-91.7382654806561,-93.7009191176471,-10.4));
#17256=CARTESIAN_POINT('',(-93.7009191176469,-91.7382654806563,-10.4));
#17257=CARTESIAN_POINT('',(-94.2796874999999,-91.8964652265112,-10.9999999999999));
#17258=CARTESIAN_POINT('Origin',(-90.9999999999999,-91.0000000000001,-10.4));
#17259=CARTESIAN_POINT('Origin',(-91.896465226511,-94.2796875000001,-10.4));
#17260=CARTESIAN_POINT('Origin',(-91.896465226511,-94.2796875000001,-10.4));
#17261=CARTESIAN_POINT('Origin',(-90.1035347734887,-94.2796875000001,-10.4));
#17262=CARTESIAN_POINT('Origin',(-90.1035347734887,-94.2796875000001,-10.4));
#17263=CARTESIAN_POINT('Origin',(-87.7203124999998,-91.8964652265112,-10.4));
#17264=CARTESIAN_POINT('Origin',(-87.7203124999998,-91.8964652265112,-10.4));
#17265=CARTESIAN_POINT('Origin',(-87.7203124999998,-90.1035347734889,-10.4));
#17266=CARTESIAN_POINT('Origin',(-87.7203124999998,-90.1035347734889,-10.4));
#17267=CARTESIAN_POINT('Origin',(-90.1035347734887,-87.7203125,-10.4));
#17268=CARTESIAN_POINT('Origin',(-90.1035347734887,-87.7203125,-10.4));
#17269=CARTESIAN_POINT('Origin',(-91.896465226511,-87.7203125,-10.4));
#17270=CARTESIAN_POINT('Origin',(-91.896465226511,-87.7203125,-10.4));
#17271=CARTESIAN_POINT('Origin',(-94.2796874999999,-90.1035347734889,-10.4));
#17272=CARTESIAN_POINT('Origin',(-94.2796874999999,-90.1035347734889,-10.4));
#17273=CARTESIAN_POINT('Origin',(-94.2796874999999,-91.8964652265112,-10.4));
#17274=CARTESIAN_POINT('Origin',(-94.2796874999999,-91.8964652265112,-10.4));
#17275=CARTESIAN_POINT('Origin',(-87.7203124999998,-90.1035347734889,-8.21085615401698E-28));
#17276=CARTESIAN_POINT('',(-87.7734374999999,-90.7011782578297,4.));
#17277=CARTESIAN_POINT('',(-87.7734374999999,-90.7011782578297,-8.21085615401698E-28));
#17278=CARTESIAN_POINT('',(-87.9175960119161,-90.6701732966463,4.));
#17279=CARTESIAN_POINT('Origin',(-87.7203124999998,-90.1035347734889,4.));
#17280=CARTESIAN_POINT('',(-88.2990808823528,-90.2617345193438,3.7));
#17281=CARTESIAN_POINT('Ctrl Pts',(-87.9175960119161,-90.6701732966463,
4.));
#17282=CARTESIAN_POINT('Ctrl Pts',(-87.9806219796764,-90.6482298816586,
3.93966646124145));
#17283=CARTESIAN_POINT('Ctrl Pts',(-88.041540748134,-90.6150187893972,3.88297055126869));
#17284=CARTESIAN_POINT('Ctrl Pts',(-88.1377566646575,-90.5378821465533,
3.79903844700658));
#17285=CARTESIAN_POINT('Ctrl Pts',(-88.1809953982668,-90.4932827088522,
3.76357026359984));
#17286=CARTESIAN_POINT('Ctrl Pts',(-88.2531049007049,-90.3868446590686,
3.71387231153765));
#17287=CARTESIAN_POINT('Ctrl Pts',(-88.2818542967862,-90.324757395948,3.7));
#17288=CARTESIAN_POINT('Ctrl Pts',(-88.2990808823528,-90.2617345193438,
3.7));
#17289=CARTESIAN_POINT('',(-88.2990808823528,-90.2617345193438,-8.21085615401698E-28));
#17290=CARTESIAN_POINT('Origin',(-87.7999999999999,-91.0000000000001,-0.124999999999984));
#17291=CARTESIAN_POINT('',(-87.7734374999999,-91.2988217421704,4.));
#17292=CARTESIAN_POINT('',(-87.7734374999999,-91.2988217421704,-8.21085615401698E-28));
#17293=CARTESIAN_POINT('Origin',(-87.7999999999999,-91.0000000000001,4.));
#17294=CARTESIAN_POINT('Origin',(-87.7203124999998,-91.8964652265112,-8.21085615401698E-28));
#17295=CARTESIAN_POINT('',(-88.2990808823528,-91.7382654806563,3.7));
#17296=CARTESIAN_POINT('',(-88.2990808823528,-91.7382654806563,-8.21085615401698E-28));
#17297=CARTESIAN_POINT('',(-87.9175960119161,-91.3298267033538,4.));
#17298=CARTESIAN_POINT('Ctrl Pts',(-88.2990808823528,-91.7382654806563,
3.7));
#17299=CARTESIAN_POINT('Ctrl Pts',(-88.2818542967862,-91.675242604052,3.7));
#17300=CARTESIAN_POINT('Ctrl Pts',(-88.2531049007048,-91.6131553409315,
3.71387231153765));
#17301=CARTESIAN_POINT('Ctrl Pts',(-88.1809953982668,-91.5067172911478,
3.76357026359984));
#17302=CARTESIAN_POINT('Ctrl Pts',(-88.1377566646575,-91.4621178534468,
3.79903844700658));
#17303=CARTESIAN_POINT('Ctrl Pts',(-88.041540748134,-91.3849812106029,3.88297055126869));
#17304=CARTESIAN_POINT('Ctrl Pts',(-87.9806219796764,-91.3517701183416,
3.93966646124144));
#17305=CARTESIAN_POINT('Ctrl Pts',(-87.9175960119161,-91.3298267033538,
4.));
#17306=CARTESIAN_POINT('Origin',(-87.7203124999998,-91.8964652265112,4.));
#17307=CARTESIAN_POINT('Origin',(-90.1035347734887,-94.2796875000001,-8.21085615401698E-28));
#17308=CARTESIAN_POINT('',(-90.7011782578295,-94.2265625,4.));
#17309=CARTESIAN_POINT('',(-90.7011782578295,-94.2265625,-8.21085615401698E-28));
#17310=CARTESIAN_POINT('',(-90.6701732966461,-94.0824039880838,4.));
#17311=CARTESIAN_POINT('Origin',(-90.1035347734887,-94.2796875000001,4.));
#17312=CARTESIAN_POINT('',(-90.2617345193436,-93.7009191176471,3.7));
#17313=CARTESIAN_POINT('Ctrl Pts',(-90.6701732966461,-94.0824039880838,
4.));
#17314=CARTESIAN_POINT('Ctrl Pts',(-90.6482298816583,-94.0193780203235,
3.93966646124144));
#17315=CARTESIAN_POINT('Ctrl Pts',(-90.615018789397,-93.9584592518659,3.88297055126869));
#17316=CARTESIAN_POINT('Ctrl Pts',(-90.5378821465531,-93.8622433353424,
3.79903844700658));
#17317=CARTESIAN_POINT('Ctrl Pts',(-90.4932827088521,-93.8190046017331,
3.76357026359984));
#17318=CARTESIAN_POINT('Ctrl Pts',(-90.3868446590684,-93.7468950992951,
3.71387231153764));
#17319=CARTESIAN_POINT('Ctrl Pts',(-90.3247573959479,-93.7181457032137,
3.7));
#17320=CARTESIAN_POINT('Ctrl Pts',(-90.2617345193436,-93.7009191176471,
3.7));
#17321=CARTESIAN_POINT('',(-90.2617345193436,-93.7009191176471,-8.21085615401698E-28));
#17322=CARTESIAN_POINT('Origin',(-90.9999999999999,-94.2,-0.124999999999984));
#17323=CARTESIAN_POINT('',(-91.2988217421702,-94.2265625,4.));
#17324=CARTESIAN_POINT('',(-91.2988217421702,-94.2265625,-8.21085615401698E-28));
#17325=CARTESIAN_POINT('Origin',(-90.9999999999999,-94.2,4.));
#17326=CARTESIAN_POINT('Origin',(-91.896465226511,-94.2796875000001,-8.21085615401698E-28));
#17327=CARTESIAN_POINT('',(-91.7382654806561,-93.7009191176471,3.7));
#17328=CARTESIAN_POINT('',(-91.7382654806561,-93.7009191176471,-8.21085615401698E-28));
#17329=CARTESIAN_POINT('',(-91.3298267033536,-94.0824039880838,4.));
#17330=CARTESIAN_POINT('Ctrl Pts',(-91.7382654806561,-93.7009191176471,
3.7));
#17331=CARTESIAN_POINT('Ctrl Pts',(-91.6752426040519,-93.7181457032137,
3.7));
#17332=CARTESIAN_POINT('Ctrl Pts',(-91.6131553409313,-93.7468950992951,
3.71387231153764));
#17333=CARTESIAN_POINT('Ctrl Pts',(-91.5067172911476,-93.8190046017331,
3.76357026359984));
#17334=CARTESIAN_POINT('Ctrl Pts',(-91.4621178534466,-93.8622433353424,
3.79903844700658));
#17335=CARTESIAN_POINT('Ctrl Pts',(-91.3849812106027,-93.9584592518659,
3.88297055126869));
#17336=CARTESIAN_POINT('Ctrl Pts',(-91.3517701183414,-94.0193780203235,
3.93966646124146));
#17337=CARTESIAN_POINT('Ctrl Pts',(-91.3298267033536,-94.0824039880838,
4.));
#17338=CARTESIAN_POINT('Origin',(-91.896465226511,-94.2796875000001,4.));
#17339=CARTESIAN_POINT('Origin',(-90.9999999999999,-91.0000000000001,4.35));
#17340=CARTESIAN_POINT('',(-94.0999999999998,-91.0000000000001,4.));
#17341=CARTESIAN_POINT('',(-94.4499999999999,-91.0000000000001,4.35));
#17342=CARTESIAN_POINT('',(-94.0824039880836,-90.6701732966463,4.));
#17343=CARTESIAN_POINT('Origin',(-90.9999999999999,-91.0000000000001,4.));
#17344=CARTESIAN_POINT('',(-93.7009191176469,-90.2617345193438,3.7));
#17345=CARTESIAN_POINT('Ctrl Pts',(-93.7009191176469,-90.2617345193438,
3.7));
#17346=CARTESIAN_POINT('Ctrl Pts',(-93.7181457032135,-90.324757395948,3.7));
#17347=CARTESIAN_POINT('Ctrl Pts',(-93.7468950992948,-90.3868446590686,
3.71387231153765));
#17348=CARTESIAN_POINT('Ctrl Pts',(-93.8190046017329,-90.4932827088522,
3.76357026359984));
#17349=CARTESIAN_POINT('Ctrl Pts',(-93.8622433353422,-90.5378821465533,
3.79903844700658));
#17350=CARTESIAN_POINT('Ctrl Pts',(-93.9584592518657,-90.6150187893972,
3.88297055126869));
#17351=CARTESIAN_POINT('Ctrl Pts',(-94.0193780203233,-90.6482298816586,
3.93966646124146));
#17352=CARTESIAN_POINT('Ctrl Pts',(-94.0824039880836,-90.6701732966463,
4.));
#17353=CARTESIAN_POINT('',(-91.7382654806561,-88.299080882353,3.7));
#17354=CARTESIAN_POINT('Origin',(-90.9999999999999,-91.0000000000001,3.7));
#17355=CARTESIAN_POINT('',(-91.3298267033536,-87.9175960119163,4.));
#17356=CARTESIAN_POINT('Ctrl Pts',(-91.3298267033536,-87.9175960119163,
4.));
#17357=CARTESIAN_POINT('Ctrl Pts',(-91.3517701183414,-87.9806219796766,
3.93966646124144));
#17358=CARTESIAN_POINT('Ctrl Pts',(-91.3849812106027,-88.0415407481342,
3.88297055126869));
#17359=CARTESIAN_POINT('Ctrl Pts',(-91.4621178534466,-88.1377566646577,
3.79903844700658));
#17360=CARTESIAN_POINT('Ctrl Pts',(-91.5067172911476,-88.180995398267,3.76357026359984));
#17361=CARTESIAN_POINT('Ctrl Pts',(-91.6131553409313,-88.253104900705,3.71387231153764));
#17362=CARTESIAN_POINT('Ctrl Pts',(-91.6752426040519,-88.2818542967864,
3.7));
#17363=CARTESIAN_POINT('Ctrl Pts',(-91.7382654806561,-88.299080882353,3.7));
#17364=CARTESIAN_POINT('',(-90.6701732966461,-87.9175960119163,4.));
#17365=CARTESIAN_POINT('Origin',(-90.9999999999999,-91.0000000000001,4.));
#17366=CARTESIAN_POINT('',(-90.2617345193436,-88.299080882353,3.7));
#17367=CARTESIAN_POINT('Ctrl Pts',(-90.2617345193436,-88.299080882353,3.7));
#17368=CARTESIAN_POINT('Ctrl Pts',(-90.3247573959479,-88.2818542967864,
3.7));
#17369=CARTESIAN_POINT('Ctrl Pts',(-90.3868446590684,-88.253104900705,3.71387231153764));
#17370=CARTESIAN_POINT('Ctrl Pts',(-90.4932827088521,-88.180995398267,3.76357026359984));
#17371=CARTESIAN_POINT('Ctrl Pts',(-90.5378821465531,-88.1377566646577,
3.79903844700658));
#17372=CARTESIAN_POINT('Ctrl Pts',(-90.615018789397,-88.0415407481342,3.88297055126869));
#17373=CARTESIAN_POINT('Ctrl Pts',(-90.6482298816584,-87.9806219796766,
3.93966646124145));
#17374=CARTESIAN_POINT('Ctrl Pts',(-90.6701732966461,-87.9175960119163,
4.));
#17375=CARTESIAN_POINT('Origin',(-90.9999999999999,-91.0000000000001,3.7));
#17376=CARTESIAN_POINT('Origin',(-90.9999999999999,-91.0000000000001,4.));
#17377=CARTESIAN_POINT('Origin',(-90.9999999999999,-91.0000000000001,3.7));
#17378=CARTESIAN_POINT('Origin',(-90.9999999999999,-91.0000000000001,4.));
#17379=CARTESIAN_POINT('',(-93.7009191176469,-91.7382654806563,3.7));
#17380=CARTESIAN_POINT('Origin',(-90.9999999999999,-91.0000000000001,3.7));
#17381=CARTESIAN_POINT('',(-94.0824039880836,-91.3298267033538,4.));
#17382=CARTESIAN_POINT('Ctrl Pts',(-94.0824039880836,-91.3298267033538,
4.));
#17383=CARTESIAN_POINT('Ctrl Pts',(-94.0193780203233,-91.3517701183415,
3.93966646124146));
#17384=CARTESIAN_POINT('Ctrl Pts',(-93.9584592518657,-91.3849812106029,
3.88297055126869));
#17385=CARTESIAN_POINT('Ctrl Pts',(-93.8622433353422,-91.4621178534468,
3.79903844700658));
#17386=CARTESIAN_POINT('Ctrl Pts',(-93.8190046017329,-91.5067172911479,
3.76357026359984));
#17387=CARTESIAN_POINT('Ctrl Pts',(-93.7468950992948,-91.6131553409315,
3.71387231153765));
#17388=CARTESIAN_POINT('Ctrl Pts',(-93.7181457032135,-91.675242604052,3.7));
#17389=CARTESIAN_POINT('Ctrl Pts',(-93.7009191176469,-91.7382654806563,
3.7));
#17390=CARTESIAN_POINT('Origin',(-90.9999999999999,-91.0000000000001,4.));
#17391=CARTESIAN_POINT('Origin',(-94.2796874999999,-91.8964652265112,-8.21085615401698E-28));
#17392=CARTESIAN_POINT('',(-94.2265624999999,-91.2988217421704,4.));
#17393=CARTESIAN_POINT('',(-94.2265624999999,-91.2988217421704,-8.21085615401698E-28));
#17394=CARTESIAN_POINT('Origin',(-94.2796874999999,-91.8964652265112,4.));
#17395=CARTESIAN_POINT('',(-93.7009191176469,-91.7382654806563,-8.21085615401698E-28));
#17396=CARTESIAN_POINT('Origin',(-94.1999999999999,-91.0000000000001,-0.124999999999984));
#17397=CARTESIAN_POINT('',(-94.2265624999999,-90.7011782578297,4.));
#17398=CARTESIAN_POINT('',(-94.2265624999999,-90.7011782578297,-8.21085615401698E-28));
#17399=CARTESIAN_POINT('Origin',(-94.1999999999999,-91.0000000000001,4.));
#17400=CARTESIAN_POINT('Origin',(-94.2796874999999,-90.1035347734889,-8.21085615401698E-28));
#17401=CARTESIAN_POINT('',(-93.7009191176469,-90.2617345193438,-8.21085615401698E-28));
#17402=CARTESIAN_POINT('Origin',(-94.2796874999999,-90.1035347734889,4.));
#17403=CARTESIAN_POINT('Origin',(-91.896465226511,-87.7203125,-8.21085615401698E-28));
#17404=CARTESIAN_POINT('',(-91.2988217421702,-87.7734375000001,4.));
#17405=CARTESIAN_POINT('',(-91.2988217421702,-87.7734375000001,-8.21085615401698E-28));
#17406=CARTESIAN_POINT('Origin',(-91.896465226511,-87.7203125,4.));
#17407=CARTESIAN_POINT('',(-91.7382654806561,-88.299080882353,-8.21085615401698E-28));
#17408=CARTESIAN_POINT('Origin',(-90.9999999999999,-87.8,-0.124999999999984));
#17409=CARTESIAN_POINT('',(-90.7011782578295,-87.7734375000001,4.));
#17410=CARTESIAN_POINT('',(-90.7011782578295,-87.7734375000001,-8.21085615401698E-28));
#17411=CARTESIAN_POINT('Origin',(-90.9999999999999,-87.8,4.));
#17412=CARTESIAN_POINT('Origin',(-90.1035347734887,-87.7203125,-8.21085615401698E-28));
#17413=CARTESIAN_POINT('',(-90.2617345193436,-88.299080882353,-8.21085615401698E-28));
#17414=CARTESIAN_POINT('Origin',(-90.1035347734887,-87.7203125,4.));
#17415=CARTESIAN_POINT('Origin',(-90.9999999999999,-91.0000000000001,4.));
#17416=CARTESIAN_POINT('Origin',(-90.9999999999999,-91.0000000000001,4.));
#17417=CARTESIAN_POINT('Origin',(-90.9999999999999,-91.0000000000001,4.));
#17418=CARTESIAN_POINT('Origin',(-90.9999999999999,-91.0000000000001,4.));
#17419=CARTESIAN_POINT('Origin',(-90.9999999999999,-91.0000000000001,0.));
#17420=CARTESIAN_POINT('Origin',(-90.9999999999999,-91.0000000000001,0.));
#17421=CARTESIAN_POINT('Origin',(-90.9999999999999,-91.0000000000001,0.));
#17422=CARTESIAN_POINT('Origin',(-90.9999999999999,-91.0000000000001,0.));
#17423=CARTESIAN_POINT('Origin',(87.8000000000001,-91.0000000000001,-10.7));
#17424=CARTESIAN_POINT('',(87.7734375000001,-90.7011782578297,-10.4));
#17425=CARTESIAN_POINT('',(87.7203125000001,-90.1035347734888,-10.9999999999999));
#17426=CARTESIAN_POINT('',(87.7734375000001,-91.2988217421704,-10.4));
#17427=CARTESIAN_POINT('Origin',(87.8000000000001,-91.0000000000001,-10.4));
#17428=CARTESIAN_POINT('',(87.7734375000001,-91.2988217421704,-10.4));
#17429=CARTESIAN_POINT('Origin',(91.0000000000001,-91.0000000000001,-10.7));
#17430=CARTESIAN_POINT('',(88.2990808823531,-90.2617345193438,-10.4));
#17431=CARTESIAN_POINT('',(88.2990808823531,-90.2617345193438,-10.4));
#17432=CARTESIAN_POINT('',(90.2617345193439,-88.299080882353,-10.4));
#17433=CARTESIAN_POINT('',(90.1035347734889,-87.7203125,-10.9999999999999));
#17434=CARTESIAN_POINT('Origin',(91.0000000000001,-91.0000000000001,-10.4));
#17435=CARTESIAN_POINT('Origin',(91.0000000000001,-87.8,-10.7));
#17436=CARTESIAN_POINT('',(91.2988217421705,-87.7734375000001,-10.4));
#17437=CARTESIAN_POINT('',(91.8964652265113,-87.7203125000001,-11.));
#17438=CARTESIAN_POINT('',(90.7011782578297,-87.7734375000001,-10.4));
#17439=CARTESIAN_POINT('Origin',(91.0000000000001,-87.8,-10.4));
#17440=CARTESIAN_POINT('',(90.7011782578297,-87.7734375000001,-10.4));
#17441=CARTESIAN_POINT('Origin',(91.0000000000001,-91.0000000000001,-10.7));
#17442=CARTESIAN_POINT('',(91.7382654806564,-88.299080882353,-10.4));
#17443=CARTESIAN_POINT('',(91.7382654806564,-88.299080882353,-10.4));
#17444=CARTESIAN_POINT('',(93.7009191176472,-90.2617345193438,-10.4));
#17445=CARTESIAN_POINT('',(94.2796875000001,-90.1035347734889,-11.));
#17446=CARTESIAN_POINT('Origin',(91.0000000000001,-91.0000000000001,-10.4));
#17447=CARTESIAN_POINT('Origin',(94.2000000000001,-91.0000000000001,-10.7));
#17448=CARTESIAN_POINT('',(94.2265625000001,-91.2988217421704,-10.4));
#17449=CARTESIAN_POINT('',(94.2796875000002,-91.8964652265113,-11.));
#17450=CARTESIAN_POINT('',(94.2265625000001,-90.7011782578297,-10.4));
#17451=CARTESIAN_POINT('Origin',(94.2000000000001,-91.0000000000001,-10.4));
#17452=CARTESIAN_POINT('',(94.2265625000001,-90.7011782578297,-10.4));
#17453=CARTESIAN_POINT('Origin',(91.0000000000001,-91.0000000000001,-10.7));
#17454=CARTESIAN_POINT('',(93.7009191176472,-91.7382654806563,-10.4));
#17455=CARTESIAN_POINT('',(93.7009191176472,-91.7382654806563,-10.4));
#17456=CARTESIAN_POINT('',(91.7382654806564,-93.7009191176471,-10.4));
#17457=CARTESIAN_POINT('',(91.8964652265113,-94.2796875000001,-11.));
#17458=CARTESIAN_POINT('Origin',(91.0000000000001,-91.0000000000001,-10.4));
#17459=CARTESIAN_POINT('Origin',(91.0000000000001,-94.2,-10.7));
#17460=CARTESIAN_POINT('',(90.7011782578297,-94.2265625,-10.4));
#17461=CARTESIAN_POINT('',(90.1035347734889,-94.2796875,-10.9999999999999));
#17462=CARTESIAN_POINT('',(91.2988217421705,-94.2265625,-10.4));
#17463=CARTESIAN_POINT('Origin',(91.0000000000001,-94.2,-10.4));
#17464=CARTESIAN_POINT('',(91.2988217421705,-94.2265625,-10.4));
#17465=CARTESIAN_POINT('Origin',(91.0000000000001,-91.0000000000001,-10.7));
#17466=CARTESIAN_POINT('',(90.2617345193439,-93.7009191176471,-10.4));
#17467=CARTESIAN_POINT('',(90.2617345193439,-93.7009191176471,-10.4));
#17468=CARTESIAN_POINT('',(88.2990808823531,-91.7382654806563,-10.4));
#17469=CARTESIAN_POINT('',(87.7203125000001,-91.8964652265112,-10.9999999999999));
#17470=CARTESIAN_POINT('Origin',(91.0000000000001,-91.0000000000001,-10.4));
#17471=CARTESIAN_POINT('Origin',(90.1035347734889,-94.2796875000001,-10.4));
#17472=CARTESIAN_POINT('Origin',(90.1035347734889,-94.2796875000001,-10.4));
#17473=CARTESIAN_POINT('Origin',(91.8964652265113,-94.2796875000001,-10.4));
#17474=CARTESIAN_POINT('Origin',(91.8964652265113,-94.2796875000001,-10.4));
#17475=CARTESIAN_POINT('Origin',(94.2796875000001,-91.8964652265112,-10.4));
#17476=CARTESIAN_POINT('Origin',(94.2796875000001,-91.8964652265112,-10.4));
#17477=CARTESIAN_POINT('Origin',(94.2796875000001,-90.1035347734889,-10.4));
#17478=CARTESIAN_POINT('Origin',(94.2796875000001,-90.1035347734889,-10.4));
#17479=CARTESIAN_POINT('Origin',(91.8964652265113,-87.7203125,-10.4));
#17480=CARTESIAN_POINT('Origin',(91.8964652265113,-87.7203125,-10.4));
#17481=CARTESIAN_POINT('Origin',(90.1035347734889,-87.7203125,-10.4));
#17482=CARTESIAN_POINT('Origin',(90.1035347734889,-87.7203125,-10.4));
#17483=CARTESIAN_POINT('Origin',(87.7203125000001,-90.1035347734889,-10.4));
#17484=CARTESIAN_POINT('Origin',(87.7203125000001,-90.1035347734889,-10.4));
#17485=CARTESIAN_POINT('Origin',(87.7203125000001,-91.8964652265112,-10.4));
#17486=CARTESIAN_POINT('Origin',(87.7203125000001,-91.8964652265112,-10.4));
#17487=CARTESIAN_POINT('Origin',(94.2796875000001,-90.1035347734889,-8.21085615401698E-28));
#17488=CARTESIAN_POINT('',(94.2265625000001,-90.7011782578297,4.));
#17489=CARTESIAN_POINT('',(94.2265625000001,-90.7011782578297,-8.21085615401698E-28));
#17490=CARTESIAN_POINT('',(94.0824039880839,-90.6701732966463,4.));
#17491=CARTESIAN_POINT('Origin',(94.2796875000001,-90.1035347734889,4.));
#17492=CARTESIAN_POINT('',(93.7009191176472,-90.2617345193438,3.7));
#17493=CARTESIAN_POINT('Ctrl Pts',(94.0824039880839,-90.6701732966463,4.));
#17494=CARTESIAN_POINT('Ctrl Pts',(94.0193780203236,-90.6482298816586,3.93966646124145));
#17495=CARTESIAN_POINT('Ctrl Pts',(93.958459251866,-90.6150187893972,3.88297055126869));
#17496=CARTESIAN_POINT('Ctrl Pts',(93.8622433353425,-90.5378821465533,3.79903844700658));
#17497=CARTESIAN_POINT('Ctrl Pts',(93.8190046017331,-90.4932827088522,3.76357026359984));
#17498=CARTESIAN_POINT('Ctrl Pts',(93.7468950992951,-90.3868446590686,3.71387231153765));
#17499=CARTESIAN_POINT('Ctrl Pts',(93.7181457032138,-90.324757395948,3.7));
#17500=CARTESIAN_POINT('Ctrl Pts',(93.7009191176472,-90.2617345193438,3.7));
#17501=CARTESIAN_POINT('',(93.7009191176472,-90.2617345193438,-8.21085615401698E-28));
#17502=CARTESIAN_POINT('Origin',(94.2000000000001,-91.0000000000001,-0.124999999999984));
#17503=CARTESIAN_POINT('',(94.2265625000001,-91.2988217421704,4.));
#17504=CARTESIAN_POINT('',(94.2265625000001,-91.2988217421704,-8.21085615401698E-28));
#17505=CARTESIAN_POINT('Origin',(94.2000000000001,-91.0000000000001,4.));
#17506=CARTESIAN_POINT('Origin',(94.2796875000001,-91.8964652265112,-8.21085615401698E-28));
#17507=CARTESIAN_POINT('',(93.7009191176472,-91.7382654806563,3.7));
#17508=CARTESIAN_POINT('',(93.7009191176472,-91.7382654806563,-8.21085615401698E-28));
#17509=CARTESIAN_POINT('',(94.0824039880839,-91.3298267033538,4.));
#17510=CARTESIAN_POINT('Ctrl Pts',(93.7009191176472,-91.7382654806563,3.7));
#17511=CARTESIAN_POINT('Ctrl Pts',(93.7181457032138,-91.675242604052,3.7));
#17512=CARTESIAN_POINT('Ctrl Pts',(93.7468950992952,-91.6131553409315,3.71387231153765));
#17513=CARTESIAN_POINT('Ctrl Pts',(93.8190046017332,-91.5067172911478,3.76357026359984));
#17514=CARTESIAN_POINT('Ctrl Pts',(93.8622433353425,-91.4621178534468,3.79903844700658));
#17515=CARTESIAN_POINT('Ctrl Pts',(93.958459251866,-91.3849812106029,3.88297055126869));
#17516=CARTESIAN_POINT('Ctrl Pts',(94.0193780203236,-91.3517701183416,3.93966646124144));
#17517=CARTESIAN_POINT('Ctrl Pts',(94.0824039880839,-91.3298267033538,4.));
#17518=CARTESIAN_POINT('Origin',(94.2796875000001,-91.8964652265112,4.));
#17519=CARTESIAN_POINT('Origin',(91.8964652265113,-94.2796875000001,-8.21085615401698E-28));
#17520=CARTESIAN_POINT('',(91.2988217421705,-94.2265625,4.));
#17521=CARTESIAN_POINT('',(91.2988217421705,-94.2265625,-8.21085615401698E-28));
#17522=CARTESIAN_POINT('',(91.3298267033539,-94.0824039880838,4.));
#17523=CARTESIAN_POINT('Origin',(91.8964652265113,-94.2796875000001,4.));
#17524=CARTESIAN_POINT('',(91.7382654806564,-93.7009191176471,3.7));
#17525=CARTESIAN_POINT('Ctrl Pts',(91.3298267033539,-94.0824039880838,4.));
#17526=CARTESIAN_POINT('Ctrl Pts',(91.3517701183417,-94.0193780203235,3.93966646124144));
#17527=CARTESIAN_POINT('Ctrl Pts',(91.384981210603,-93.9584592518659,3.88297055126869));
#17528=CARTESIAN_POINT('Ctrl Pts',(91.4621178534469,-93.8622433353424,3.79903844700658));
#17529=CARTESIAN_POINT('Ctrl Pts',(91.5067172911479,-93.8190046017331,3.76357026359984));
#17530=CARTESIAN_POINT('Ctrl Pts',(91.6131553409316,-93.7468950992951,3.71387231153764));
#17531=CARTESIAN_POINT('Ctrl Pts',(91.6752426040521,-93.7181457032137,3.7));
#17532=CARTESIAN_POINT('Ctrl Pts',(91.7382654806564,-93.7009191176471,3.7));
#17533=CARTESIAN_POINT('',(91.7382654806564,-93.7009191176471,-8.21085615401698E-28));
#17534=CARTESIAN_POINT('Origin',(91.0000000000001,-94.2,-0.124999999999984));
#17535=CARTESIAN_POINT('',(90.7011782578297,-94.2265625,4.));
#17536=CARTESIAN_POINT('',(90.7011782578297,-94.2265625,-8.21085615401698E-28));
#17537=CARTESIAN_POINT('Origin',(91.0000000000001,-94.2,4.));
#17538=CARTESIAN_POINT('Origin',(90.1035347734889,-94.2796875000001,-8.21085615401698E-28));
#17539=CARTESIAN_POINT('',(90.2617345193439,-93.7009191176471,3.7));
#17540=CARTESIAN_POINT('',(90.2617345193439,-93.7009191176471,-8.21085615401698E-28));
#17541=CARTESIAN_POINT('',(90.6701732966464,-94.0824039880838,4.));
#17542=CARTESIAN_POINT('Ctrl Pts',(90.2617345193439,-93.7009191176471,3.7));
#17543=CARTESIAN_POINT('Ctrl Pts',(90.3247573959481,-93.7181457032137,3.7));
#17544=CARTESIAN_POINT('Ctrl Pts',(90.3868446590687,-93.7468950992951,3.71387231153764));
#17545=CARTESIAN_POINT('Ctrl Pts',(90.4932827088523,-93.8190046017331,3.76357026359984));
#17546=CARTESIAN_POINT('Ctrl Pts',(90.5378821465534,-93.8622433353424,3.79903844700658));
#17547=CARTESIAN_POINT('Ctrl Pts',(90.6150187893972,-93.9584592518659,3.88297055126869));
#17548=CARTESIAN_POINT('Ctrl Pts',(90.6482298816586,-94.0193780203235,3.93966646124146));
#17549=CARTESIAN_POINT('Ctrl Pts',(90.6701732966464,-94.0824039880838,4.));
#17550=CARTESIAN_POINT('Origin',(90.1035347734889,-94.2796875000001,4.));
#17551=CARTESIAN_POINT('Origin',(91.0000000000001,-91.0000000000001,4.35));
#17552=CARTESIAN_POINT('',(87.9000000000001,-91.0000000000001,4.));
#17553=CARTESIAN_POINT('',(87.5500000000001,-91.0000000000001,4.35));
#17554=CARTESIAN_POINT('',(87.9175960119164,-90.6701732966463,4.));
#17555=CARTESIAN_POINT('Origin',(91.0000000000001,-91.0000000000001,4.));
#17556=CARTESIAN_POINT('',(88.2990808823531,-90.2617345193438,3.7));
#17557=CARTESIAN_POINT('Ctrl Pts',(88.2990808823531,-90.2617345193438,3.7));
#17558=CARTESIAN_POINT('Ctrl Pts',(88.2818542967865,-90.324757395948,3.7));
#17559=CARTESIAN_POINT('Ctrl Pts',(88.2531049007051,-90.3868446590686,3.71387231153765));
#17560=CARTESIAN_POINT('Ctrl Pts',(88.1809953982671,-90.4932827088522,3.76357026359984));
#17561=CARTESIAN_POINT('Ctrl Pts',(88.1377566646578,-90.5378821465533,3.79903844700658));
#17562=CARTESIAN_POINT('Ctrl Pts',(88.0415407481343,-90.6150187893972,3.88297055126869));
#17563=CARTESIAN_POINT('Ctrl Pts',(87.9806219796767,-90.6482298816586,3.93966646124146));
#17564=CARTESIAN_POINT('Ctrl Pts',(87.9175960119164,-90.6701732966463,4.));
#17565=CARTESIAN_POINT('',(90.2617345193439,-88.299080882353,3.7));
#17566=CARTESIAN_POINT('Origin',(91.0000000000001,-91.0000000000001,3.7));
#17567=CARTESIAN_POINT('',(90.6701732966464,-87.9175960119163,4.));
#17568=CARTESIAN_POINT('Ctrl Pts',(90.6701732966464,-87.9175960119163,4.));
#17569=CARTESIAN_POINT('Ctrl Pts',(90.6482298816586,-87.9806219796766,3.93966646124144));
#17570=CARTESIAN_POINT('Ctrl Pts',(90.6150187893972,-88.0415407481342,3.88297055126869));
#17571=CARTESIAN_POINT('Ctrl Pts',(90.5378821465534,-88.1377566646577,3.79903844700658));
#17572=CARTESIAN_POINT('Ctrl Pts',(90.4932827088523,-88.180995398267,3.76357026359984));
#17573=CARTESIAN_POINT('Ctrl Pts',(90.3868446590687,-88.253104900705,3.71387231153764));
#17574=CARTESIAN_POINT('Ctrl Pts',(90.3247573959481,-88.2818542967864,3.7));
#17575=CARTESIAN_POINT('Ctrl Pts',(90.2617345193439,-88.299080882353,3.7));
#17576=CARTESIAN_POINT('',(91.3298267033539,-87.9175960119163,4.));
#17577=CARTESIAN_POINT('Origin',(91.0000000000001,-91.0000000000001,4.));
#17578=CARTESIAN_POINT('',(91.7382654806564,-88.299080882353,3.7));
#17579=CARTESIAN_POINT('Ctrl Pts',(91.7382654806564,-88.299080882353,3.7));
#17580=CARTESIAN_POINT('Ctrl Pts',(91.6752426040521,-88.2818542967864,3.7));
#17581=CARTESIAN_POINT('Ctrl Pts',(91.6131553409316,-88.253104900705,3.71387231153764));
#17582=CARTESIAN_POINT('Ctrl Pts',(91.5067172911479,-88.180995398267,3.76357026359984));
#17583=CARTESIAN_POINT('Ctrl Pts',(91.4621178534469,-88.1377566646577,3.79903844700658));
#17584=CARTESIAN_POINT('Ctrl Pts',(91.384981210603,-88.0415407481342,3.88297055126869));
#17585=CARTESIAN_POINT('Ctrl Pts',(91.3517701183416,-87.9806219796766,3.93966646124145));
#17586=CARTESIAN_POINT('Ctrl Pts',(91.3298267033539,-87.9175960119163,4.));
#17587=CARTESIAN_POINT('Origin',(91.0000000000001,-91.0000000000001,3.7));
#17588=CARTESIAN_POINT('Origin',(91.0000000000001,-91.0000000000001,4.));
#17589=CARTESIAN_POINT('Origin',(91.0000000000001,-91.0000000000001,3.7));
#17590=CARTESIAN_POINT('Origin',(91.0000000000001,-91.0000000000001,4.));
#17591=CARTESIAN_POINT('',(88.2990808823531,-91.7382654806563,3.7));
#17592=CARTESIAN_POINT('Origin',(91.0000000000001,-91.0000000000001,3.7));
#17593=CARTESIAN_POINT('',(87.9175960119164,-91.3298267033538,4.));
#17594=CARTESIAN_POINT('Ctrl Pts',(87.9175960119164,-91.3298267033538,4.));
#17595=CARTESIAN_POINT('Ctrl Pts',(87.9806219796767,-91.3517701183415,3.93966646124146));
#17596=CARTESIAN_POINT('Ctrl Pts',(88.0415407481343,-91.3849812106029,3.88297055126869));
#17597=CARTESIAN_POINT('Ctrl Pts',(88.1377566646578,-91.4621178534468,3.79903844700658));
#17598=CARTESIAN_POINT('Ctrl Pts',(88.1809953982671,-91.5067172911479,3.76357026359984));
#17599=CARTESIAN_POINT('Ctrl Pts',(88.2531049007051,-91.6131553409315,3.71387231153765));
#17600=CARTESIAN_POINT('Ctrl Pts',(88.2818542967865,-91.675242604052,3.7));
#17601=CARTESIAN_POINT('Ctrl Pts',(88.2990808823531,-91.7382654806563,3.7));
#17602=CARTESIAN_POINT('Origin',(91.0000000000001,-91.0000000000001,4.));
#17603=CARTESIAN_POINT('Origin',(87.7203125000001,-91.8964652265112,-8.21085615401698E-28));
#17604=CARTESIAN_POINT('',(87.7734375000001,-91.2988217421704,4.));
#17605=CARTESIAN_POINT('',(87.7734375000001,-91.2988217421704,-8.21085615401698E-28));
#17606=CARTESIAN_POINT('Origin',(87.7203125000001,-91.8964652265112,4.));
#17607=CARTESIAN_POINT('',(88.2990808823531,-91.7382654806563,-8.21085615401698E-28));
#17608=CARTESIAN_POINT('Origin',(87.8000000000001,-91.0000000000001,-0.124999999999984));
#17609=CARTESIAN_POINT('',(87.7734375000001,-90.7011782578297,4.));
#17610=CARTESIAN_POINT('',(87.7734375000001,-90.7011782578297,-8.21085615401698E-28));
#17611=CARTESIAN_POINT('Origin',(87.8000000000001,-91.0000000000001,4.));
#17612=CARTESIAN_POINT('Origin',(87.7203125000001,-90.1035347734889,-8.21085615401698E-28));
#17613=CARTESIAN_POINT('',(88.2990808823531,-90.2617345193438,-8.21085615401698E-28));
#17614=CARTESIAN_POINT('Origin',(87.7203125000001,-90.1035347734889,4.));
#17615=CARTESIAN_POINT('Origin',(90.1035347734889,-87.7203125,-8.21085615401698E-28));
#17616=CARTESIAN_POINT('',(90.7011782578297,-87.7734375000001,4.));
#17617=CARTESIAN_POINT('',(90.7011782578297,-87.7734375000001,-8.21085615401698E-28));
#17618=CARTESIAN_POINT('Origin',(90.1035347734889,-87.7203125,4.));
#17619=CARTESIAN_POINT('',(90.2617345193439,-88.299080882353,-8.21085615401698E-28));
#17620=CARTESIAN_POINT('Origin',(91.0000000000001,-87.8,-0.124999999999984));
#17621=CARTESIAN_POINT('',(91.2988217421705,-87.7734375000001,4.));
#17622=CARTESIAN_POINT('',(91.2988217421705,-87.7734375000001,-8.21085615401698E-28));
#17623=CARTESIAN_POINT('Origin',(91.0000000000001,-87.8,4.));
#17624=CARTESIAN_POINT('Origin',(91.8964652265113,-87.7203125,-8.21085615401698E-28));
#17625=CARTESIAN_POINT('',(91.7382654806564,-88.299080882353,-8.21085615401698E-28));
#17626=CARTESIAN_POINT('Origin',(91.8964652265113,-87.7203125,4.));
#17627=CARTESIAN_POINT('Origin',(91.0000000000001,-91.0000000000001,4.));
#17628=CARTESIAN_POINT('Origin',(91.0000000000001,-91.0000000000001,4.));
#17629=CARTESIAN_POINT('Origin',(91.0000000000001,-91.0000000000001,4.));
#17630=CARTESIAN_POINT('Origin',(91.0000000000001,-91.0000000000001,4.));
#17631=CARTESIAN_POINT('Origin',(91.0000000000001,-91.0000000000001,0.));
#17632=CARTESIAN_POINT('Origin',(91.0000000000001,-91.0000000000001,0.));
#17633=CARTESIAN_POINT('Origin',(91.0000000000001,-91.0000000000001,0.));
#17634=CARTESIAN_POINT('Origin',(91.0000000000001,-91.0000000000001,0.));
#17635=CARTESIAN_POINT('Origin',(-94.1999999999999,90.9999999999999,-10.7));
#17636=CARTESIAN_POINT('',(-94.2265624999999,91.2988217421703,-10.4));
#17637=CARTESIAN_POINT('',(-94.2796874999998,91.8964652265112,-10.9999999999999));
#17638=CARTESIAN_POINT('',(-94.2265624999999,90.7011782578296,-10.4));
#17639=CARTESIAN_POINT('Origin',(-94.1999999999999,90.9999999999999,-10.4));
#17640=CARTESIAN_POINT('',(-94.2265624999999,90.7011782578296,-10.4));
#17641=CARTESIAN_POINT('Origin',(-90.9999999999999,90.9999999999999,-10.7));
#17642=CARTESIAN_POINT('',(-93.7009191176469,91.7382654806562,-10.4));
#17643=CARTESIAN_POINT('',(-93.7009191176469,91.7382654806562,-10.4));
#17644=CARTESIAN_POINT('',(-91.7382654806561,93.700919117647,-10.4));
#17645=CARTESIAN_POINT('',(-91.896465226511,94.2796874999999,-10.9999999999999));
#17646=CARTESIAN_POINT('Origin',(-90.9999999999999,90.9999999999999,-10.4));
#17647=CARTESIAN_POINT('Origin',(-90.9999999999999,94.1999999999999,-10.7));
#17648=CARTESIAN_POINT('',(-90.7011782578295,94.2265624999999,-10.4));
#17649=CARTESIAN_POINT('',(-90.1035347734886,94.2796874999999,-11.));
#17650=CARTESIAN_POINT('',(-91.2988217421702,94.2265624999999,-10.4));
#17651=CARTESIAN_POINT('Origin',(-90.9999999999999,94.1999999999999,-10.4));
#17652=CARTESIAN_POINT('',(-91.2988217421702,94.2265624999999,-10.4));
#17653=CARTESIAN_POINT('Origin',(-90.9999999999999,90.9999999999999,-10.7));
#17654=CARTESIAN_POINT('',(-90.2617345193436,93.700919117647,-10.4));
#17655=CARTESIAN_POINT('',(-90.2617345193436,93.700919117647,-10.4));
#17656=CARTESIAN_POINT('',(-88.2990808823528,91.7382654806562,-10.4));
#17657=CARTESIAN_POINT('',(-87.7203124999998,91.8964652265111,-11.));
#17658=CARTESIAN_POINT('Origin',(-90.9999999999999,90.9999999999999,-10.4));
#17659=CARTESIAN_POINT('Origin',(-87.7999999999999,90.9999999999999,-10.7));
#17660=CARTESIAN_POINT('',(-87.7734374999999,90.7011782578296,-10.4));
#17661=CARTESIAN_POINT('',(-87.7203124999998,90.1035347734887,-11.));
#17662=CARTESIAN_POINT('',(-87.7734374999999,91.2988217421703,-10.4));
#17663=CARTESIAN_POINT('Origin',(-87.7999999999999,90.9999999999999,-10.4));
#17664=CARTESIAN_POINT('',(-87.7734374999999,91.2988217421703,-10.4));
#17665=CARTESIAN_POINT('Origin',(-90.9999999999999,90.9999999999999,-10.7));
#17666=CARTESIAN_POINT('',(-88.2990808823528,90.2617345193437,-10.4));
#17667=CARTESIAN_POINT('',(-88.2990808823528,90.2617345193437,-10.4));
#17668=CARTESIAN_POINT('',(-90.2617345193436,88.2990808823529,-10.4));
#17669=CARTESIAN_POINT('',(-90.1035347734887,87.7203124999999,-11.));
#17670=CARTESIAN_POINT('Origin',(-90.9999999999999,90.9999999999999,-10.4));
#17671=CARTESIAN_POINT('Origin',(-90.9999999999999,87.7999999999999,-10.7));
#17672=CARTESIAN_POINT('',(-91.2988217421702,87.7734374999999,-10.4));
#17673=CARTESIAN_POINT('',(-91.8964652265111,87.7203125,-10.9999999999999));
#17674=CARTESIAN_POINT('',(-90.7011782578295,87.7734374999999,-10.4));
#17675=CARTESIAN_POINT('Origin',(-90.9999999999999,87.7999999999999,-10.4));
#17676=CARTESIAN_POINT('',(-90.7011782578295,87.7734374999999,-10.4));
#17677=CARTESIAN_POINT('Origin',(-90.9999999999999,90.9999999999999,-10.7));
#17678=CARTESIAN_POINT('',(-91.7382654806561,88.2990808823529,-10.4));
#17679=CARTESIAN_POINT('',(-91.7382654806561,88.2990808823529,-10.4));
#17680=CARTESIAN_POINT('',(-93.7009191176469,90.2617345193437,-10.4));
#17681=CARTESIAN_POINT('',(-94.2796874999999,90.1035347734887,-10.9999999999999));
#17682=CARTESIAN_POINT('Origin',(-90.9999999999999,90.9999999999999,-10.4));
#17683=CARTESIAN_POINT('Origin',(-91.896465226511,87.7203124999999,-10.4));
#17684=CARTESIAN_POINT('Origin',(-91.896465226511,87.7203124999999,-10.4));
#17685=CARTESIAN_POINT('Origin',(-90.1035347734887,87.7203124999999,-10.4));
#17686=CARTESIAN_POINT('Origin',(-90.1035347734887,87.7203124999999,-10.4));
#17687=CARTESIAN_POINT('Origin',(-87.7203124999998,90.1035347734887,-10.4));
#17688=CARTESIAN_POINT('Origin',(-87.7203124999998,90.1035347734887,-10.4));
#17689=CARTESIAN_POINT('Origin',(-87.7203124999998,91.8964652265111,-10.4));
#17690=CARTESIAN_POINT('Origin',(-87.7203124999998,91.8964652265111,-10.4));
#17691=CARTESIAN_POINT('Origin',(-90.1035347734887,94.2796874999999,-10.4));
#17692=CARTESIAN_POINT('Origin',(-90.1035347734887,94.2796874999999,-10.4));
#17693=CARTESIAN_POINT('Origin',(-91.896465226511,94.2796874999999,-10.4));
#17694=CARTESIAN_POINT('Origin',(-91.896465226511,94.2796874999999,-10.4));
#17695=CARTESIAN_POINT('Origin',(-94.2796874999999,91.8964652265111,-10.4));
#17696=CARTESIAN_POINT('Origin',(-94.2796874999999,91.8964652265111,-10.4));
#17697=CARTESIAN_POINT('Origin',(-94.2796874999999,90.1035347734887,-10.4));
#17698=CARTESIAN_POINT('Origin',(-94.2796874999999,90.1035347734887,-10.4));
#17699=CARTESIAN_POINT('Origin',(-87.7203124999998,91.8964652265111,0.));
#17700=CARTESIAN_POINT('',(-87.7734374999999,91.2988217421703,4.));
#17701=CARTESIAN_POINT('',(-87.7734374999999,91.2988217421703,0.));
#17702=CARTESIAN_POINT('',(-87.9175960119161,91.3298267033537,4.));
#17703=CARTESIAN_POINT('Origin',(-87.7203124999998,91.8964652265111,4.));
#17704=CARTESIAN_POINT('',(-88.2990808823528,91.7382654806562,3.7));
#17705=CARTESIAN_POINT('Ctrl Pts',(-87.9175960119161,91.3298267033537,4.));
#17706=CARTESIAN_POINT('Ctrl Pts',(-87.9806219796764,91.3517701183414,3.93966646124145));
#17707=CARTESIAN_POINT('Ctrl Pts',(-88.041540748134,91.3849812106028,3.88297055126869));
#17708=CARTESIAN_POINT('Ctrl Pts',(-88.1377566646575,91.4621178534466,3.79903844700658));
#17709=CARTESIAN_POINT('Ctrl Pts',(-88.1809953982668,91.5067172911478,3.76357026359984));
#17710=CARTESIAN_POINT('Ctrl Pts',(-88.2531049007049,91.6131553409314,3.71387231153765));
#17711=CARTESIAN_POINT('Ctrl Pts',(-88.2818542967862,91.6752426040519,3.7));
#17712=CARTESIAN_POINT('Ctrl Pts',(-88.2990808823528,91.7382654806562,3.7));
#17713=CARTESIAN_POINT('',(-88.2990808823528,91.7382654806562,0.));
#17714=CARTESIAN_POINT('Origin',(-87.7999999999999,90.9999999999999,-0.124999999999984));
#17715=CARTESIAN_POINT('',(-87.7734374999999,90.7011782578296,4.));
#17716=CARTESIAN_POINT('',(-87.7734374999999,90.7011782578296,0.));
#17717=CARTESIAN_POINT('Origin',(-87.7999999999999,90.9999999999999,4.));
#17718=CARTESIAN_POINT('Origin',(-87.7203124999998,90.1035347734887,0.));
#17719=CARTESIAN_POINT('',(-88.2990808823528,90.2617345193437,3.7));
#17720=CARTESIAN_POINT('',(-88.2990808823528,90.2617345193437,0.));
#17721=CARTESIAN_POINT('',(-87.9175960119161,90.6701732966462,4.));
#17722=CARTESIAN_POINT('Ctrl Pts',(-88.2990808823528,90.2617345193437,3.7));
#17723=CARTESIAN_POINT('Ctrl Pts',(-88.2818542967862,90.3247573959479,3.7));
#17724=CARTESIAN_POINT('Ctrl Pts',(-88.2531049007048,90.3868446590685,3.71387231153765));
#17725=CARTESIAN_POINT('Ctrl Pts',(-88.1809953982668,90.4932827088521,3.76357026359984));
#17726=CARTESIAN_POINT('Ctrl Pts',(-88.1377566646575,90.5378821465532,3.79903844700658));
#17727=CARTESIAN_POINT('Ctrl Pts',(-88.041540748134,90.6150187893971,3.88297055126869));
#17728=CARTESIAN_POINT('Ctrl Pts',(-87.9806219796764,90.6482298816584,3.93966646124144));
#17729=CARTESIAN_POINT('Ctrl Pts',(-87.9175960119161,90.6701732966462,4.));
#17730=CARTESIAN_POINT('Origin',(-87.7203124999998,90.1035347734887,4.));
#17731=CARTESIAN_POINT('Origin',(-90.1035347734887,87.7203124999999,0.));
#17732=CARTESIAN_POINT('',(-90.7011782578295,87.7734374999999,4.));
#17733=CARTESIAN_POINT('',(-90.7011782578295,87.7734374999999,0.));
#17734=CARTESIAN_POINT('',(-90.6701732966461,87.9175960119162,4.));
#17735=CARTESIAN_POINT('Origin',(-90.1035347734887,87.7203124999999,4.));
#17736=CARTESIAN_POINT('',(-90.2617345193436,88.2990808823529,3.7));
#17737=CARTESIAN_POINT('Ctrl Pts',(-90.6701732966461,87.9175960119162,4.));
#17738=CARTESIAN_POINT('Ctrl Pts',(-90.6482298816583,87.9806219796765,3.93966646124144));
#17739=CARTESIAN_POINT('Ctrl Pts',(-90.615018789397,88.0415407481341,3.88297055126869));
#17740=CARTESIAN_POINT('Ctrl Pts',(-90.5378821465531,88.1377566646576,3.79903844700658));
#17741=CARTESIAN_POINT('Ctrl Pts',(-90.4932827088521,88.1809953982669,3.76357026359984));
#17742=CARTESIAN_POINT('Ctrl Pts',(-90.3868446590684,88.2531049007049,3.71387231153764));
#17743=CARTESIAN_POINT('Ctrl Pts',(-90.3247573959479,88.2818542967863,3.7));
#17744=CARTESIAN_POINT('Ctrl Pts',(-90.2617345193436,88.2990808823529,3.7));
#17745=CARTESIAN_POINT('',(-90.2617345193436,88.2990808823529,0.));
#17746=CARTESIAN_POINT('Origin',(-90.9999999999999,87.7999999999999,-0.124999999999984));
#17747=CARTESIAN_POINT('',(-91.2988217421702,87.7734374999999,4.));
#17748=CARTESIAN_POINT('',(-91.2988217421702,87.7734374999999,0.));
#17749=CARTESIAN_POINT('Origin',(-90.9999999999999,87.7999999999999,4.));
#17750=CARTESIAN_POINT('Origin',(-91.896465226511,87.7203124999999,0.));
#17751=CARTESIAN_POINT('',(-91.7382654806561,88.2990808823529,3.7));
#17752=CARTESIAN_POINT('',(-91.7382654806561,88.2990808823529,0.));
#17753=CARTESIAN_POINT('',(-91.3298267033536,87.9175960119162,4.));
#17754=CARTESIAN_POINT('Ctrl Pts',(-91.7382654806561,88.2990808823529,3.7));
#17755=CARTESIAN_POINT('Ctrl Pts',(-91.6752426040519,88.2818542967863,3.7));
#17756=CARTESIAN_POINT('Ctrl Pts',(-91.6131553409313,88.2531049007049,3.71387231153764));
#17757=CARTESIAN_POINT('Ctrl Pts',(-91.5067172911476,88.1809953982669,3.76357026359984));
#17758=CARTESIAN_POINT('Ctrl Pts',(-91.4621178534466,88.1377566646576,3.79903844700658));
#17759=CARTESIAN_POINT('Ctrl Pts',(-91.3849812106027,88.0415407481341,3.88297055126869));
#17760=CARTESIAN_POINT('Ctrl Pts',(-91.3517701183414,87.9806219796765,3.93966646124146));
#17761=CARTESIAN_POINT('Ctrl Pts',(-91.3298267033536,87.9175960119162,4.));
#17762=CARTESIAN_POINT('Origin',(-91.896465226511,87.7203124999999,4.));
#17763=CARTESIAN_POINT('Origin',(-90.9999999999999,90.9999999999999,4.35));
#17764=CARTESIAN_POINT('',(-94.0999999999998,90.9999999999999,4.));
#17765=CARTESIAN_POINT('',(-94.4499999999999,90.9999999999999,4.35));
#17766=CARTESIAN_POINT('',(-94.0824039880836,91.3298267033537,4.));
#17767=CARTESIAN_POINT('Origin',(-90.9999999999999,90.9999999999999,4.));
#17768=CARTESIAN_POINT('',(-93.7009191176469,91.7382654806562,3.7));
#17769=CARTESIAN_POINT('Ctrl Pts',(-93.7009191176469,91.7382654806562,3.7));
#17770=CARTESIAN_POINT('Ctrl Pts',(-93.7181457032135,91.6752426040519,3.7));
#17771=CARTESIAN_POINT('Ctrl Pts',(-93.7468950992948,91.6131553409314,3.71387231153765));
#17772=CARTESIAN_POINT('Ctrl Pts',(-93.8190046017329,91.5067172911478,3.76357026359984));
#17773=CARTESIAN_POINT('Ctrl Pts',(-93.8622433353422,91.4621178534466,3.79903844700658));
#17774=CARTESIAN_POINT('Ctrl Pts',(-93.9584592518657,91.3849812106028,3.88297055126869));
#17775=CARTESIAN_POINT('Ctrl Pts',(-94.0193780203233,91.3517701183414,3.93966646124146));
#17776=CARTESIAN_POINT('Ctrl Pts',(-94.0824039880836,91.3298267033537,4.));
#17777=CARTESIAN_POINT('',(-91.7382654806561,93.700919117647,3.7));
#17778=CARTESIAN_POINT('Origin',(-90.9999999999999,90.9999999999999,3.7));
#17779=CARTESIAN_POINT('',(-91.3298267033536,94.0824039880837,4.));
#17780=CARTESIAN_POINT('Ctrl Pts',(-91.3298267033536,94.0824039880837,4.));
#17781=CARTESIAN_POINT('Ctrl Pts',(-91.3517701183414,94.0193780203234,3.93966646124144));
#17782=CARTESIAN_POINT('Ctrl Pts',(-91.3849812106027,93.9584592518658,3.88297055126869));
#17783=CARTESIAN_POINT('Ctrl Pts',(-91.4621178534466,93.8622433353423,3.79903844700658));
#17784=CARTESIAN_POINT('Ctrl Pts',(-91.5067172911476,93.819004601733,3.76357026359984));
#17785=CARTESIAN_POINT('Ctrl Pts',(-91.6131553409313,93.746895099295,3.71387231153764));
#17786=CARTESIAN_POINT('Ctrl Pts',(-91.6752426040519,93.7181457032136,3.7));
#17787=CARTESIAN_POINT('Ctrl Pts',(-91.7382654806561,93.700919117647,3.7));
#17788=CARTESIAN_POINT('',(-90.6701732966461,94.0824039880837,4.));
#17789=CARTESIAN_POINT('Origin',(-90.9999999999999,90.9999999999999,4.));
#17790=CARTESIAN_POINT('',(-90.2617345193436,93.700919117647,3.7));
#17791=CARTESIAN_POINT('Ctrl Pts',(-90.2617345193436,93.700919117647,3.7));
#17792=CARTESIAN_POINT('Ctrl Pts',(-90.3247573959479,93.7181457032136,3.7));
#17793=CARTESIAN_POINT('Ctrl Pts',(-90.3868446590684,93.746895099295,3.71387231153764));
#17794=CARTESIAN_POINT('Ctrl Pts',(-90.4932827088521,93.819004601733,3.76357026359984));
#17795=CARTESIAN_POINT('Ctrl Pts',(-90.5378821465531,93.8622433353423,3.79903844700658));
#17796=CARTESIAN_POINT('Ctrl Pts',(-90.615018789397,93.9584592518658,3.88297055126869));
#17797=CARTESIAN_POINT('Ctrl Pts',(-90.6482298816584,94.0193780203234,3.93966646124145));
#17798=CARTESIAN_POINT('Ctrl Pts',(-90.6701732966461,94.0824039880837,4.));
#17799=CARTESIAN_POINT('Origin',(-90.9999999999999,90.9999999999999,3.7));
#17800=CARTESIAN_POINT('Origin',(-90.9999999999999,90.9999999999999,4.));
#17801=CARTESIAN_POINT('Origin',(-90.9999999999999,90.9999999999999,3.7));
#17802=CARTESIAN_POINT('Origin',(-90.9999999999999,90.9999999999999,4.));
#17803=CARTESIAN_POINT('',(-93.7009191176469,90.2617345193437,3.7));
#17804=CARTESIAN_POINT('Origin',(-90.9999999999999,90.9999999999999,3.7));
#17805=CARTESIAN_POINT('',(-94.0824039880836,90.6701732966462,4.));
#17806=CARTESIAN_POINT('Ctrl Pts',(-94.0824039880836,90.6701732966462,4.));
#17807=CARTESIAN_POINT('Ctrl Pts',(-94.0193780203233,90.6482298816585,3.93966646124146));
#17808=CARTESIAN_POINT('Ctrl Pts',(-93.9584592518657,90.6150187893971,3.88297055126869));
#17809=CARTESIAN_POINT('Ctrl Pts',(-93.8622433353422,90.5378821465532,3.79903844700658));
#17810=CARTESIAN_POINT('Ctrl Pts',(-93.8190046017329,90.4932827088521,3.76357026359984));
#17811=CARTESIAN_POINT('Ctrl Pts',(-93.7468950992948,90.3868446590685,3.71387231153765));
#17812=CARTESIAN_POINT('Ctrl Pts',(-93.7181457032135,90.3247573959479,3.7));
#17813=CARTESIAN_POINT('Ctrl Pts',(-93.7009191176469,90.2617345193437,3.7));
#17814=CARTESIAN_POINT('Origin',(-90.9999999999999,90.9999999999999,4.));
#17815=CARTESIAN_POINT('Origin',(-94.2796874999999,90.1035347734887,0.));
#17816=CARTESIAN_POINT('',(-94.2265624999999,90.7011782578296,4.));
#17817=CARTESIAN_POINT('',(-94.2265624999999,90.7011782578296,0.));
#17818=CARTESIAN_POINT('Origin',(-94.2796874999999,90.1035347734887,4.));
#17819=CARTESIAN_POINT('',(-93.7009191176469,90.2617345193437,0.));
#17820=CARTESIAN_POINT('Origin',(-94.1999999999999,90.9999999999999,-0.124999999999984));
#17821=CARTESIAN_POINT('',(-94.2265624999999,91.2988217421703,4.));
#17822=CARTESIAN_POINT('',(-94.2265624999999,91.2988217421703,0.));
#17823=CARTESIAN_POINT('Origin',(-94.1999999999999,90.9999999999999,4.));
#17824=CARTESIAN_POINT('Origin',(-94.2796874999999,91.8964652265111,0.));
#17825=CARTESIAN_POINT('',(-93.7009191176469,91.7382654806562,0.));
#17826=CARTESIAN_POINT('Origin',(-94.2796874999999,91.8964652265111,4.));
#17827=CARTESIAN_POINT('Origin',(-91.896465226511,94.2796874999999,0.));
#17828=CARTESIAN_POINT('',(-91.2988217421702,94.2265624999999,4.));
#17829=CARTESIAN_POINT('',(-91.2988217421702,94.2265624999999,0.));
#17830=CARTESIAN_POINT('Origin',(-91.896465226511,94.2796874999999,4.));
#17831=CARTESIAN_POINT('',(-91.7382654806561,93.700919117647,0.));
#17832=CARTESIAN_POINT('Origin',(-90.9999999999999,94.1999999999999,-0.124999999999984));
#17833=CARTESIAN_POINT('',(-90.7011782578295,94.2265624999999,4.));
#17834=CARTESIAN_POINT('',(-90.7011782578295,94.2265624999999,0.));
#17835=CARTESIAN_POINT('Origin',(-90.9999999999999,94.1999999999999,4.));
#17836=CARTESIAN_POINT('Origin',(-90.1035347734887,94.2796874999999,0.));
#17837=CARTESIAN_POINT('',(-90.2617345193436,93.700919117647,0.));
#17838=CARTESIAN_POINT('Origin',(-90.1035347734887,94.2796874999999,4.));
#17839=CARTESIAN_POINT('Origin',(-90.9999999999999,90.9999999999999,4.));
#17840=CARTESIAN_POINT('Origin',(-90.9999999999999,90.9999999999999,4.));
#17841=CARTESIAN_POINT('Origin',(-90.9999999999999,90.9999999999999,4.));
#17842=CARTESIAN_POINT('Origin',(-90.9999999999999,90.9999999999999,4.));
#17843=CARTESIAN_POINT('Origin',(-90.9999999999999,90.9999999999999,0.));
#17844=CARTESIAN_POINT('Origin',(-90.9999999999999,90.9999999999999,0.));
#17845=CARTESIAN_POINT('Origin',(-90.9999999999999,90.9999999999999,0.));
#17846=CARTESIAN_POINT('Origin',(-90.9999999999999,90.9999999999999,0.));
#17847=CARTESIAN_POINT('Origin',(87.8000000000001,90.9999999999999,-10.7));
#17848=CARTESIAN_POINT('',(87.7734375000001,91.2988217421703,-10.4));
#17849=CARTESIAN_POINT('',(87.7203125000001,91.8964652265112,-10.9999999999999));
#17850=CARTESIAN_POINT('',(87.7734375000001,90.7011782578296,-10.4));
#17851=CARTESIAN_POINT('Origin',(87.8000000000001,90.9999999999999,-10.4));
#17852=CARTESIAN_POINT('',(87.7734375000001,90.7011782578296,-10.4));
#17853=CARTESIAN_POINT('Origin',(91.0000000000001,90.9999999999999,-10.7));
#17854=CARTESIAN_POINT('',(88.2990808823531,91.7382654806562,-10.4));
#17855=CARTESIAN_POINT('',(88.2990808823531,91.7382654806562,-10.4));
#17856=CARTESIAN_POINT('',(90.2617345193439,93.700919117647,-10.4));
#17857=CARTESIAN_POINT('',(90.1035347734889,94.2796874999999,-10.9999999999999));
#17858=CARTESIAN_POINT('Origin',(91.0000000000001,90.9999999999999,-10.4));
#17859=CARTESIAN_POINT('Origin',(91.0000000000001,94.1999999999999,-10.7));
#17860=CARTESIAN_POINT('',(91.2988217421705,94.2265624999999,-10.4));
#17861=CARTESIAN_POINT('',(91.8964652265113,94.2796874999999,-11.));
#17862=CARTESIAN_POINT('',(90.7011782578297,94.2265624999999,-10.4));
#17863=CARTESIAN_POINT('Origin',(91.0000000000001,94.1999999999999,-10.4));
#17864=CARTESIAN_POINT('',(90.7011782578297,94.2265624999999,-10.4));
#17865=CARTESIAN_POINT('Origin',(91.0000000000001,90.9999999999999,-10.7));
#17866=CARTESIAN_POINT('',(91.7382654806564,93.700919117647,-10.4));
#17867=CARTESIAN_POINT('',(91.7382654806564,93.700919117647,-10.4));
#17868=CARTESIAN_POINT('',(93.7009191176472,91.7382654806562,-10.4));
#17869=CARTESIAN_POINT('',(94.2796875000001,91.8964652265111,-11.));
#17870=CARTESIAN_POINT('Origin',(91.0000000000001,90.9999999999999,-10.4));
#17871=CARTESIAN_POINT('Origin',(94.2000000000001,90.9999999999999,-10.7));
#17872=CARTESIAN_POINT('',(94.2265625000001,90.7011782578296,-10.4));
#17873=CARTESIAN_POINT('',(94.2796875000002,90.1035347734887,-11.));
#17874=CARTESIAN_POINT('',(94.2265625000001,91.2988217421703,-10.4));
#17875=CARTESIAN_POINT('Origin',(94.2000000000001,90.9999999999999,-10.4));
#17876=CARTESIAN_POINT('',(94.2265625000001,91.2988217421703,-10.4));
#17877=CARTESIAN_POINT('Origin',(91.0000000000001,90.9999999999999,-10.7));
#17878=CARTESIAN_POINT('',(93.7009191176472,90.2617345193437,-10.4));
#17879=CARTESIAN_POINT('',(93.7009191176472,90.2617345193437,-10.4));
#17880=CARTESIAN_POINT('',(91.7382654806564,88.2990808823529,-10.4));
#17881=CARTESIAN_POINT('',(91.8964652265113,87.7203124999999,-11.));
#17882=CARTESIAN_POINT('Origin',(91.0000000000001,90.9999999999999,-10.4));
#17883=CARTESIAN_POINT('Origin',(91.0000000000001,87.7999999999999,-10.7));
#17884=CARTESIAN_POINT('',(90.7011782578297,87.7734374999999,-10.4));
#17885=CARTESIAN_POINT('',(90.1035347734889,87.7203125,-10.9999999999999));
#17886=CARTESIAN_POINT('',(91.2988217421705,87.7734374999999,-10.4));
#17887=CARTESIAN_POINT('Origin',(91.0000000000001,87.7999999999999,-10.4));
#17888=CARTESIAN_POINT('',(91.2988217421705,87.7734374999999,-10.4));
#17889=CARTESIAN_POINT('Origin',(91.0000000000001,90.9999999999999,-10.7));
#17890=CARTESIAN_POINT('',(90.2617345193439,88.2990808823529,-10.4));
#17891=CARTESIAN_POINT('',(90.2617345193439,88.2990808823529,-10.4));
#17892=CARTESIAN_POINT('',(88.2990808823531,90.2617345193437,-10.4));
#17893=CARTESIAN_POINT('',(87.7203125000001,90.1035347734887,-10.9999999999999));
#17894=CARTESIAN_POINT('Origin',(91.0000000000001,90.9999999999999,-10.4));
#17895=CARTESIAN_POINT('Origin',(90.1035347734889,87.7203124999999,-10.4));
#17896=CARTESIAN_POINT('Origin',(90.1035347734889,87.7203124999999,-10.4));
#17897=CARTESIAN_POINT('Origin',(91.8964652265113,87.7203124999999,-10.4));
#17898=CARTESIAN_POINT('Origin',(91.8964652265113,87.7203124999999,-10.4));
#17899=CARTESIAN_POINT('Origin',(94.2796875000001,90.1035347734887,-10.4));
#17900=CARTESIAN_POINT('Origin',(94.2796875000001,90.1035347734887,-10.4));
#17901=CARTESIAN_POINT('Origin',(94.2796875000001,91.8964652265111,-10.4));
#17902=CARTESIAN_POINT('Origin',(94.2796875000001,91.8964652265111,-10.4));
#17903=CARTESIAN_POINT('Origin',(91.8964652265113,94.2796874999999,-10.4));
#17904=CARTESIAN_POINT('Origin',(91.8964652265113,94.2796874999999,-10.4));
#17905=CARTESIAN_POINT('Origin',(90.1035347734889,94.2796874999999,-10.4));
#17906=CARTESIAN_POINT('Origin',(90.1035347734889,94.2796874999999,-10.4));
#17907=CARTESIAN_POINT('Origin',(87.7203125000001,91.8964652265111,-10.4));
#17908=CARTESIAN_POINT('Origin',(87.7203125000001,91.8964652265111,-10.4));
#17909=CARTESIAN_POINT('Origin',(87.7203125000001,90.1035347734887,-10.4));
#17910=CARTESIAN_POINT('Origin',(87.7203125000001,90.1035347734887,-10.4));
#17911=CARTESIAN_POINT('Origin',(94.2796875000001,91.8964652265111,0.));
#17912=CARTESIAN_POINT('',(94.2265625000001,91.2988217421703,4.));
#17913=CARTESIAN_POINT('',(94.2265625000001,91.2988217421703,0.));
#17914=CARTESIAN_POINT('',(94.0824039880839,91.3298267033537,4.));
#17915=CARTESIAN_POINT('Origin',(94.2796875000001,91.8964652265111,4.));
#17916=CARTESIAN_POINT('',(93.7009191176472,91.7382654806562,3.7));
#17917=CARTESIAN_POINT('Ctrl Pts',(94.0824039880839,91.3298267033537,4.));
#17918=CARTESIAN_POINT('Ctrl Pts',(94.0193780203236,91.3517701183414,3.93966646124145));
#17919=CARTESIAN_POINT('Ctrl Pts',(93.958459251866,91.3849812106028,3.88297055126869));
#17920=CARTESIAN_POINT('Ctrl Pts',(93.8622433353425,91.4621178534466,3.79903844700658));
#17921=CARTESIAN_POINT('Ctrl Pts',(93.8190046017331,91.5067172911478,3.76357026359984));
#17922=CARTESIAN_POINT('Ctrl Pts',(93.7468950992951,91.6131553409314,3.71387231153765));
#17923=CARTESIAN_POINT('Ctrl Pts',(93.7181457032138,91.6752426040519,3.7));
#17924=CARTESIAN_POINT('Ctrl Pts',(93.7009191176472,91.7382654806562,3.7));
#17925=CARTESIAN_POINT('',(93.7009191176472,91.7382654806562,0.));
#17926=CARTESIAN_POINT('Origin',(94.2000000000001,90.9999999999999,-0.124999999999984));
#17927=CARTESIAN_POINT('',(94.2265625000001,90.7011782578296,4.));
#17928=CARTESIAN_POINT('',(94.2265625000001,90.7011782578296,0.));
#17929=CARTESIAN_POINT('Origin',(94.2000000000001,90.9999999999999,4.));
#17930=CARTESIAN_POINT('Origin',(94.2796875000001,90.1035347734887,0.));
#17931=CARTESIAN_POINT('',(93.7009191176472,90.2617345193437,3.7));
#17932=CARTESIAN_POINT('',(93.7009191176472,90.2617345193437,0.));
#17933=CARTESIAN_POINT('',(94.0824039880839,90.6701732966462,4.));
#17934=CARTESIAN_POINT('Ctrl Pts',(93.7009191176472,90.2617345193437,3.7));
#17935=CARTESIAN_POINT('Ctrl Pts',(93.7181457032138,90.3247573959479,3.7));
#17936=CARTESIAN_POINT('Ctrl Pts',(93.7468950992952,90.3868446590685,3.71387231153765));
#17937=CARTESIAN_POINT('Ctrl Pts',(93.8190046017332,90.4932827088521,3.76357026359984));
#17938=CARTESIAN_POINT('Ctrl Pts',(93.8622433353425,90.5378821465532,3.79903844700658));
#17939=CARTESIAN_POINT('Ctrl Pts',(93.958459251866,90.6150187893971,3.88297055126869));
#17940=CARTESIAN_POINT('Ctrl Pts',(94.0193780203236,90.6482298816584,3.93966646124144));
#17941=CARTESIAN_POINT('Ctrl Pts',(94.0824039880839,90.6701732966462,4.));
#17942=CARTESIAN_POINT('Origin',(94.2796875000001,90.1035347734887,4.));
#17943=CARTESIAN_POINT('Origin',(91.0000000000001,90.9999999999999,0.));
#17944=CARTESIAN_POINT('',(91.7382654806564,88.2990808823529,3.7));
#17945=CARTESIAN_POINT('',(91.7382654806564,88.2990808823529,0.));
#17946=CARTESIAN_POINT('Origin',(91.0000000000001,90.9999999999999,3.7));
#17947=CARTESIAN_POINT('Origin',(91.8964652265113,87.7203124999999,0.));
#17948=CARTESIAN_POINT('',(91.2988217421705,87.7734374999999,4.));
#17949=CARTESIAN_POINT('',(91.2988217421705,87.7734374999999,0.));
#17950=CARTESIAN_POINT('',(91.3298267033539,87.9175960119162,4.));
#17951=CARTESIAN_POINT('Origin',(91.8964652265113,87.7203124999999,4.));
#17952=CARTESIAN_POINT('Ctrl Pts',(91.3298267033539,87.9175960119162,4.));
#17953=CARTESIAN_POINT('Ctrl Pts',(91.3517701183417,87.9806219796765,3.93966646124144));
#17954=CARTESIAN_POINT('Ctrl Pts',(91.384981210603,88.0415407481341,3.88297055126869));
#17955=CARTESIAN_POINT('Ctrl Pts',(91.4621178534469,88.1377566646576,3.79903844700658));
#17956=CARTESIAN_POINT('Ctrl Pts',(91.5067172911479,88.1809953982669,3.76357026359984));
#17957=CARTESIAN_POINT('Ctrl Pts',(91.6131553409316,88.2531049007049,3.71387231153764));
#17958=CARTESIAN_POINT('Ctrl Pts',(91.6752426040521,88.2818542967863,3.7));
#17959=CARTESIAN_POINT('Ctrl Pts',(91.7382654806564,88.2990808823529,3.7));
#17960=CARTESIAN_POINT('Origin',(91.0000000000001,87.7999999999999,-0.124999999999984));
#17961=CARTESIAN_POINT('',(90.7011782578297,87.7734374999999,4.));
#17962=CARTESIAN_POINT('',(90.7011782578297,87.7734374999999,0.));
#17963=CARTESIAN_POINT('Origin',(91.0000000000001,87.7999999999999,4.));
#17964=CARTESIAN_POINT('Origin',(90.1035347734889,87.7203124999999,0.));
#17965=CARTESIAN_POINT('',(90.2617345193439,88.2990808823529,3.7));
#17966=CARTESIAN_POINT('',(90.2617345193439,88.2990808823529,0.));
#17967=CARTESIAN_POINT('',(90.6701732966464,87.9175960119162,4.));
#17968=CARTESIAN_POINT('Ctrl Pts',(90.2617345193439,88.2990808823529,3.7));
#17969=CARTESIAN_POINT('Ctrl Pts',(90.3247573959481,88.2818542967863,3.7));
#17970=CARTESIAN_POINT('Ctrl Pts',(90.3868446590687,88.2531049007049,3.71387231153764));
#17971=CARTESIAN_POINT('Ctrl Pts',(90.4932827088523,88.1809953982669,3.76357026359984));
#17972=CARTESIAN_POINT('Ctrl Pts',(90.5378821465534,88.1377566646576,3.79903844700658));
#17973=CARTESIAN_POINT('Ctrl Pts',(90.6150187893972,88.0415407481341,3.88297055126869));
#17974=CARTESIAN_POINT('Ctrl Pts',(90.6482298816586,87.9806219796765,3.93966646124146));
#17975=CARTESIAN_POINT('Ctrl Pts',(90.6701732966464,87.9175960119162,4.));
#17976=CARTESIAN_POINT('Origin',(90.1035347734889,87.7203124999999,4.));
#17977=CARTESIAN_POINT('Origin',(91.0000000000001,90.9999999999999,0.));
#17978=CARTESIAN_POINT('',(88.2990808823531,90.2617345193437,3.7));
#17979=CARTESIAN_POINT('',(88.2990808823531,90.2617345193437,0.));
#17980=CARTESIAN_POINT('Origin',(91.0000000000001,90.9999999999999,3.7));
#17981=CARTESIAN_POINT('Origin',(91.0000000000001,90.9999999999999,4.35));
#17982=CARTESIAN_POINT('',(87.9000000000001,90.9999999999999,4.));
#17983=CARTESIAN_POINT('',(87.5500000000001,90.9999999999999,4.35));
#17984=CARTESIAN_POINT('',(87.9175960119164,91.3298267033537,4.));
#17985=CARTESIAN_POINT('Origin',(91.0000000000001,90.9999999999999,4.));
#17986=CARTESIAN_POINT('',(88.2990808823531,91.7382654806562,3.7));
#17987=CARTESIAN_POINT('Ctrl Pts',(88.2990808823531,91.7382654806562,3.7));
#17988=CARTESIAN_POINT('Ctrl Pts',(88.2818542967865,91.6752426040519,3.7));
#17989=CARTESIAN_POINT('Ctrl Pts',(88.2531049007051,91.6131553409314,3.71387231153765));
#17990=CARTESIAN_POINT('Ctrl Pts',(88.1809953982671,91.5067172911478,3.76357026359984));
#17991=CARTESIAN_POINT('Ctrl Pts',(88.1377566646578,91.4621178534466,3.79903844700658));
#17992=CARTESIAN_POINT('Ctrl Pts',(88.0415407481343,91.3849812106028,3.88297055126869));
#17993=CARTESIAN_POINT('Ctrl Pts',(87.9806219796767,91.3517701183414,3.93966646124146));
#17994=CARTESIAN_POINT('Ctrl Pts',(87.9175960119164,91.3298267033537,4.));
#17995=CARTESIAN_POINT('',(90.2617345193439,93.700919117647,3.7));
#17996=CARTESIAN_POINT('Origin',(91.0000000000001,90.9999999999999,3.7));
#17997=CARTESIAN_POINT('',(90.6701732966464,94.0824039880837,4.));
#17998=CARTESIAN_POINT('Ctrl Pts',(90.6701732966464,94.0824039880837,4.));
#17999=CARTESIAN_POINT('Ctrl Pts',(90.6482298816586,94.0193780203234,3.93966646124144));
#18000=CARTESIAN_POINT('Ctrl Pts',(90.6150187893972,93.9584592518658,3.88297055126869));
#18001=CARTESIAN_POINT('Ctrl Pts',(90.5378821465534,93.8622433353423,3.79903844700658));
#18002=CARTESIAN_POINT('Ctrl Pts',(90.4932827088523,93.819004601733,3.76357026359984));
#18003=CARTESIAN_POINT('Ctrl Pts',(90.3868446590687,93.746895099295,3.71387231153764));
#18004=CARTESIAN_POINT('Ctrl Pts',(90.3247573959481,93.7181457032136,3.7));
#18005=CARTESIAN_POINT('Ctrl Pts',(90.2617345193439,93.700919117647,3.7));
#18006=CARTESIAN_POINT('',(91.3298267033539,94.0824039880837,4.));
#18007=CARTESIAN_POINT('Origin',(91.0000000000001,90.9999999999999,4.));
#18008=CARTESIAN_POINT('',(91.7382654806564,93.700919117647,3.7));
#18009=CARTESIAN_POINT('Ctrl Pts',(91.7382654806564,93.700919117647,3.7));
#18010=CARTESIAN_POINT('Ctrl Pts',(91.6752426040521,93.7181457032136,3.7));
#18011=CARTESIAN_POINT('Ctrl Pts',(91.6131553409316,93.746895099295,3.71387231153764));
#18012=CARTESIAN_POINT('Ctrl Pts',(91.5067172911479,93.819004601733,3.76357026359984));
#18013=CARTESIAN_POINT('Ctrl Pts',(91.4621178534469,93.8622433353423,3.79903844700658));
#18014=CARTESIAN_POINT('Ctrl Pts',(91.384981210603,93.9584592518658,3.88297055126869));
#18015=CARTESIAN_POINT('Ctrl Pts',(91.3517701183416,94.0193780203234,3.93966646124145));
#18016=CARTESIAN_POINT('Ctrl Pts',(91.3298267033539,94.0824039880837,4.));
#18017=CARTESIAN_POINT('Origin',(91.0000000000001,90.9999999999999,3.7));
#18018=CARTESIAN_POINT('Origin',(91.0000000000001,90.9999999999999,4.));
#18019=CARTESIAN_POINT('Origin',(91.0000000000001,90.9999999999999,4.));
#18020=CARTESIAN_POINT('',(87.9175960119164,90.6701732966462,4.));
#18021=CARTESIAN_POINT('Ctrl Pts',(87.9175960119164,90.6701732966462,4.));
#18022=CARTESIAN_POINT('Ctrl Pts',(87.9806219796767,90.6482298816585,3.93966646124146));
#18023=CARTESIAN_POINT('Ctrl Pts',(88.0415407481343,90.6150187893971,3.88297055126869));
#18024=CARTESIAN_POINT('Ctrl Pts',(88.1377566646578,90.5378821465532,3.79903844700658));
#18025=CARTESIAN_POINT('Ctrl Pts',(88.1809953982671,90.4932827088521,3.76357026359984));
#18026=CARTESIAN_POINT('Ctrl Pts',(88.2531049007051,90.3868446590685,3.71387231153765));
#18027=CARTESIAN_POINT('Ctrl Pts',(88.2818542967865,90.3247573959479,3.7));
#18028=CARTESIAN_POINT('Ctrl Pts',(88.2990808823531,90.2617345193437,3.7));
#18029=CARTESIAN_POINT('Origin',(91.0000000000001,90.9999999999999,4.));
#18030=CARTESIAN_POINT('Origin',(87.7203125000001,90.1035347734887,0.));
#18031=CARTESIAN_POINT('',(87.7734375000001,90.7011782578296,4.));
#18032=CARTESIAN_POINT('',(87.7734375000001,90.7011782578296,0.));
#18033=CARTESIAN_POINT('Origin',(87.7203125000001,90.1035347734887,4.));
#18034=CARTESIAN_POINT('Origin',(87.8000000000001,90.9999999999999,-0.124999999999984));
#18035=CARTESIAN_POINT('',(87.7734375000001,91.2988217421703,4.));
#18036=CARTESIAN_POINT('',(87.7734375000001,91.2988217421703,0.));
#18037=CARTESIAN_POINT('Origin',(87.8000000000001,90.9999999999999,4.));
#18038=CARTESIAN_POINT('Origin',(87.7203125000001,91.8964652265111,0.));
#18039=CARTESIAN_POINT('',(88.2990808823531,91.7382654806562,0.));
#18040=CARTESIAN_POINT('Origin',(87.7203125000001,91.8964652265111,4.));
#18041=CARTESIAN_POINT('Origin',(91.0000000000001,90.9999999999999,0.));
#18042=CARTESIAN_POINT('',(90.2617345193439,93.700919117647,0.));
#18043=CARTESIAN_POINT('Origin',(90.1035347734889,94.2796874999999,0.));
#18044=CARTESIAN_POINT('',(90.7011782578297,94.2265624999999,4.));
#18045=CARTESIAN_POINT('',(90.7011782578297,94.2265624999999,0.));
#18046=CARTESIAN_POINT('Origin',(90.1035347734889,94.2796874999999,4.));
#18047=CARTESIAN_POINT('Origin',(91.0000000000001,94.1999999999999,-0.124999999999984));
#18048=CARTESIAN_POINT('',(91.2988217421705,94.2265624999999,4.));
#18049=CARTESIAN_POINT('',(91.2988217421705,94.2265624999999,0.));
#18050=CARTESIAN_POINT('Origin',(91.0000000000001,94.1999999999999,4.));
#18051=CARTESIAN_POINT('Origin',(91.8964652265113,94.2796874999999,0.));
#18052=CARTESIAN_POINT('',(91.7382654806564,93.700919117647,0.));
#18053=CARTESIAN_POINT('Origin',(91.8964652265113,94.2796874999999,4.));
#18054=CARTESIAN_POINT('Origin',(91.0000000000001,90.9999999999999,0.));
#18055=CARTESIAN_POINT('Origin',(91.0000000000001,90.9999999999999,4.));
#18056=CARTESIAN_POINT('Origin',(91.0000000000001,90.9999999999999,4.));
#18057=CARTESIAN_POINT('Origin',(91.0000000000001,90.9999999999999,4.));
#18058=CARTESIAN_POINT('Origin',(91.0000000000001,90.9999999999999,4.));
#18059=CARTESIAN_POINT('Origin',(-85.5000000000001,-90.9999999999999,0.));
#18060=CARTESIAN_POINT('',(-85.5000000000001,-90.9999999999999,0.));
#18061=CARTESIAN_POINT('Origin',(-91.0000000000001,-90.9999999999999,0.));
#18062=CARTESIAN_POINT('',(-91.0000000000001,-85.4999999999999,0.));
#18063=CARTESIAN_POINT('Origin',(-100.,-85.4999999999999,0.));
#18064=CARTESIAN_POINT('Origin',(85.5000000000001,90.9999999999999,0.));
#18065=CARTESIAN_POINT('',(85.5000000000001,90.9999999999999,0.));
#18066=CARTESIAN_POINT('Origin',(91.0000000000001,90.9999999999999,0.));
#18067=CARTESIAN_POINT('Origin',(85.5000000000001,-99.9999999999999,0.));
#18068=CARTESIAN_POINT('',(85.5000000000001,-90.9999999999999,0.));
#18069=CARTESIAN_POINT('Origin',(91.0000000000001,-85.4999999999999,0.));
#18070=CARTESIAN_POINT('',(91.0000000000001,-85.4999999999999,0.));
#18071=CARTESIAN_POINT('Origin',(91.0000000000001,-90.9999999999999,0.));
#18072=CARTESIAN_POINT('Origin',(99.9999999999999,-90.9999999999889,0.));
#18073=CARTESIAN_POINT('Origin',(-91.0000000000001,85.4999999999999,0.));
#18074=CARTESIAN_POINT('',(-91.0000000000001,85.4999999999999,0.));
#18075=CARTESIAN_POINT('Origin',(-85.5000000000001,99.9999999999999,0.));
#18076=CARTESIAN_POINT('',(-85.5000000000001,90.9999999999999,0.));
#18077=CARTESIAN_POINT('Origin',(-91.0000000000001,90.9999999999999,0.));
#18078=CARTESIAN_POINT('Origin',(-56.9999999999998,27.2749999999999,4.6));
#18079=CARTESIAN_POINT('',(-57.3999999999997,54.5499999999999,4.2));
#18080=CARTESIAN_POINT('',(-57.3999999999997,54.5499999999999,4.2));
#18081=CARTESIAN_POINT('',(-57.3999999999997,65.4499999999999,4.2));
#18082=CARTESIAN_POINT('',(-56.5999999999998,65.4499999999999,5.));
#18083=CARTESIAN_POINT('',(-57.3999999999997,27.2749999999999,4.2));
#18084=CARTESIAN_POINT('Origin',(-59.9999999999998,54.5499999999999,4.6));
#18085=CARTESIAN_POINT('',(-62.5999999999998,54.5499999999999,4.2));
#18086=CARTESIAN_POINT('',(-62.5999999999998,54.5499999999999,4.2));
#18087=CARTESIAN_POINT('Origin',(-59.9999999999998,54.5499999999999,4.2));
#18088=CARTESIAN_POINT('Origin',(-62.9999999999998,32.7249999999999,4.6));
#18089=CARTESIAN_POINT('',(-62.5999999999998,65.4499999999999,4.2));
#18090=CARTESIAN_POINT('',(-62.5999999999998,65.4499999999999,4.2));
#18091=CARTESIAN_POINT('',(-62.5999999999998,32.7249999999999,4.2));
#18092=CARTESIAN_POINT('Origin',(-59.9999999999998,65.4499999999999,4.6));
#18093=CARTESIAN_POINT('Origin',(-59.9999999999998,65.4499999999999,4.2));
#18094=CARTESIAN_POINT('Origin',(-59.9999999999998,54.5499999999999,0.));
#18095=CARTESIAN_POINT('',(-57.3999999999997,54.5499999999999,0.8));
#18096=CARTESIAN_POINT('',(-57.3999999999997,54.5499999999999,0.));
#18097=CARTESIAN_POINT('',(-62.5999999999998,54.5499999999999,0.8));
#18098=CARTESIAN_POINT('Origin',(-59.9999999999998,54.5499999999999,0.8));
#18099=CARTESIAN_POINT('',(-62.5999999999998,54.5499999999999,0.));
#18100=CARTESIAN_POINT('Origin',(-57.3999999999997,54.5499999999999,0.));
#18101=CARTESIAN_POINT('',(-57.3999999999997,65.4499999999999,0.8));
#18102=CARTESIAN_POINT('',(-57.3999999999997,65.4499999999999,0.));
#18103=CARTESIAN_POINT('',(-57.3999999999997,27.2749999999999,0.8));
#18104=CARTESIAN_POINT('Origin',(-62.9999999999998,32.7249999999999,0.4));
#18105=CARTESIAN_POINT('',(-62.5999999999998,54.5499999999999,0.8));
#18106=CARTESIAN_POINT('',(-62.5999999999998,65.4499999999999,0.8));
#18107=CARTESIAN_POINT('',(-63.3999999999997,65.4499999999999,0.));
#18108=CARTESIAN_POINT('',(-62.5999999999998,32.7249999999999,0.8));
#18109=CARTESIAN_POINT('Origin',(-59.9999999999998,54.5499999999999,0.4));
#18110=CARTESIAN_POINT('',(-57.3999999999997,54.5499999999999,0.8));
#18111=CARTESIAN_POINT('Origin',(-56.9999999999998,27.2749999999999,0.4));
#18112=CARTESIAN_POINT('',(-57.3999999999997,65.4499999999999,0.8));
#18113=CARTESIAN_POINT('Origin',(-59.9999999999998,65.4499999999999,0.4));
#18114=CARTESIAN_POINT('Origin',(-59.9999999999998,65.4499999999999,0.8));
#18115=CARTESIAN_POINT('Origin',(-62.5999999999998,65.4499999999999,0.));
#18116=CARTESIAN_POINT('',(-62.5999999999998,65.4499999999999,0.));
#18117=CARTESIAN_POINT('Origin',(-59.9999999999998,65.4499999999999,0.));
#18118=CARTESIAN_POINT('Origin',(-82.9999999999998,42.7249999999999,0.4));
#18119=CARTESIAN_POINT('',(-82.5999999999998,74.5499999999999,0.8));
#18120=CARTESIAN_POINT('',(-82.5999999999998,74.5499999999999,0.8));
#18121=CARTESIAN_POINT('',(-82.5999999999998,85.4499999999999,0.8));
#18122=CARTESIAN_POINT('',(-83.3999999999997,85.4499999999999,0.));
#18123=CARTESIAN_POINT('',(-82.5999999999998,42.7249999999999,0.8));
#18124=CARTESIAN_POINT('Origin',(-79.9999999999997,74.5499999999999,0.4));
#18125=CARTESIAN_POINT('',(-77.3999999999997,74.5499999999999,0.8));
#18126=CARTESIAN_POINT('',(-77.3999999999997,74.5499999999999,0.8));
#18127=CARTESIAN_POINT('Origin',(-79.9999999999997,74.5499999999999,0.8));
#18128=CARTESIAN_POINT('Origin',(-76.9999999999998,37.2749999999999,0.4));
#18129=CARTESIAN_POINT('',(-77.3999999999997,85.4499999999999,0.8));
#18130=CARTESIAN_POINT('',(-77.3999999999997,85.4499999999999,0.8));
#18131=CARTESIAN_POINT('',(-77.3999999999997,37.2749999999999,0.8));
#18132=CARTESIAN_POINT('Origin',(-79.9999999999997,85.4499999999999,0.4));
#18133=CARTESIAN_POINT('Origin',(-79.9999999999997,85.4499999999999,0.8));
#18134=CARTESIAN_POINT('Origin',(-79.9999999999997,74.5499999999999,0.));
#18135=CARTESIAN_POINT('',(-82.5999999999998,74.5499999999999,4.2));
#18136=CARTESIAN_POINT('',(-82.5999999999998,74.5499999999999,0.));
#18137=CARTESIAN_POINT('',(-77.3999999999997,74.5499999999999,4.2));
#18138=CARTESIAN_POINT('Origin',(-79.9999999999997,74.5499999999999,4.2));
#18139=CARTESIAN_POINT('',(-77.3999999999997,74.5499999999999,0.));
#18140=CARTESIAN_POINT('Origin',(-82.5999999999998,85.4499999999999,0.));
#18141=CARTESIAN_POINT('',(-82.5999999999998,85.4499999999999,4.2));
#18142=CARTESIAN_POINT('',(-82.5999999999998,85.4499999999999,0.));
#18143=CARTESIAN_POINT('',(-82.5999999999998,42.7249999999999,4.2));
#18144=CARTESIAN_POINT('Origin',(-79.9999999999997,74.5499999999999,4.6));
#18145=CARTESIAN_POINT('',(-82.5999999999998,74.5499999999999,4.2));
#18146=CARTESIAN_POINT('',(-76.5999999999998,74.5499999999999,5.));
#18147=CARTESIAN_POINT('Origin',(-82.9999999999998,42.7249999999999,4.6));
#18148=CARTESIAN_POINT('',(-82.5999999999998,85.4499999999999,4.2));
#18149=CARTESIAN_POINT('Origin',(-79.9999999999997,85.4499999999999,4.6));
#18150=CARTESIAN_POINT('',(-77.3999999999997,85.4499999999999,4.2));
#18151=CARTESIAN_POINT('',(-77.3999999999997,85.4499999999999,4.2));
#18152=CARTESIAN_POINT('Origin',(-79.9999999999997,85.4499999999999,4.2));
#18153=CARTESIAN_POINT('Origin',(-76.9999999999998,37.2749999999999,4.6));
#18154=CARTESIAN_POINT('',(-77.3999999999997,37.2749999999999,4.2));
#18155=CARTESIAN_POINT('Origin',(-77.3999999999997,74.5499999999999,0.));
#18156=CARTESIAN_POINT('',(-77.3999999999997,85.4499999999999,0.));
#18157=CARTESIAN_POINT('Origin',(-79.9999999999997,85.4499999999999,0.));
#18158=CARTESIAN_POINT('Origin',(-42.9999999999998,42.7249999999999,0.4));
#18159=CARTESIAN_POINT('',(-42.5999999999998,74.5499999999999,0.8));
#18160=CARTESIAN_POINT('',(-42.5999999999998,74.5499999999999,0.8));
#18161=CARTESIAN_POINT('',(-42.5999999999998,85.4499999999999,0.8));
#18162=CARTESIAN_POINT('',(-43.3999999999997,85.4499999999999,0.));
#18163=CARTESIAN_POINT('',(-42.5999999999998,42.7249999999999,0.8));
#18164=CARTESIAN_POINT('Origin',(-39.9999999999998,74.5499999999999,0.4));
#18165=CARTESIAN_POINT('',(-37.3999999999997,74.5499999999999,0.8));
#18166=CARTESIAN_POINT('',(-37.3999999999997,74.5499999999999,0.8));
#18167=CARTESIAN_POINT('Origin',(-39.9999999999998,74.5499999999999,0.8));
#18168=CARTESIAN_POINT('Origin',(-36.9999999999998,37.2749999999999,0.4));
#18169=CARTESIAN_POINT('',(-37.3999999999997,85.4499999999999,0.8));
#18170=CARTESIAN_POINT('',(-37.3999999999997,85.4499999999999,0.8));
#18171=CARTESIAN_POINT('',(-37.3999999999997,37.2749999999999,0.8));
#18172=CARTESIAN_POINT('Origin',(-39.9999999999998,85.4499999999999,0.4));
#18173=CARTESIAN_POINT('Origin',(-39.9999999999998,85.4499999999999,0.8));
#18174=CARTESIAN_POINT('Origin',(-39.9999999999998,74.5499999999999,0.));
#18175=CARTESIAN_POINT('',(-42.5999999999998,74.5499999999999,4.2));
#18176=CARTESIAN_POINT('',(-42.5999999999998,74.5499999999999,0.));
#18177=CARTESIAN_POINT('',(-37.3999999999997,74.5499999999999,4.2));
#18178=CARTESIAN_POINT('Origin',(-39.9999999999998,74.5499999999999,4.2));
#18179=CARTESIAN_POINT('',(-37.3999999999997,74.5499999999999,0.));
#18180=CARTESIAN_POINT('Origin',(-42.5999999999998,85.4499999999999,0.));
#18181=CARTESIAN_POINT('',(-42.5999999999998,85.4499999999999,4.2));
#18182=CARTESIAN_POINT('',(-42.5999999999998,85.4499999999999,0.));
#18183=CARTESIAN_POINT('',(-42.5999999999998,42.7249999999999,4.2));
#18184=CARTESIAN_POINT('Origin',(-39.9999999999998,74.5499999999999,4.6));
#18185=CARTESIAN_POINT('',(-42.5999999999998,74.5499999999999,4.2));
#18186=CARTESIAN_POINT('',(-36.5999999999998,74.5499999999999,5.));
#18187=CARTESIAN_POINT('Origin',(-42.9999999999998,42.7249999999999,4.6));
#18188=CARTESIAN_POINT('',(-42.5999999999998,85.4499999999999,4.2));
#18189=CARTESIAN_POINT('Origin',(-39.9999999999998,85.4499999999999,4.6));
#18190=CARTESIAN_POINT('',(-37.3999999999997,85.4499999999999,4.2));
#18191=CARTESIAN_POINT('',(-37.3999999999997,85.4499999999999,4.2));
#18192=CARTESIAN_POINT('Origin',(-39.9999999999998,85.4499999999999,4.2));
#18193=CARTESIAN_POINT('Origin',(-36.9999999999998,37.2749999999999,4.6));
#18194=CARTESIAN_POINT('',(-37.3999999999997,37.2749999999999,4.2));
#18195=CARTESIAN_POINT('Origin',(-37.3999999999997,74.5499999999999,0.));
#18196=CARTESIAN_POINT('',(-37.3999999999997,85.4499999999999,0.));
#18197=CARTESIAN_POINT('Origin',(-39.9999999999998,85.4499999999999,0.));
#18198=CARTESIAN_POINT('Origin',(-2.99999999999976,42.7249999999999,0.4));
#18199=CARTESIAN_POINT('',(-2.59999999999975,74.5499999999999,0.8));
#18200=CARTESIAN_POINT('',(-2.59999999999975,74.5499999999999,0.8));
#18201=CARTESIAN_POINT('',(-2.59999999999975,85.4499999999999,0.8));
#18202=CARTESIAN_POINT('',(-3.39999999999975,85.4499999999999,0.));
#18203=CARTESIAN_POINT('',(-2.59999999999975,42.7249999999999,0.8));
#18204=CARTESIAN_POINT('Origin',(2.48689957516035E-13,74.5499999999999,
0.4));
#18205=CARTESIAN_POINT('',(2.60000000000025,74.5499999999999,0.8));
#18206=CARTESIAN_POINT('',(2.60000000000025,74.5499999999999,0.8));
#18207=CARTESIAN_POINT('Origin',(2.48689957516035E-13,74.5499999999999,
0.8));
#18208=CARTESIAN_POINT('Origin',(3.00000000000025,37.2749999999999,0.4));
#18209=CARTESIAN_POINT('',(2.60000000000025,85.4499999999999,0.8));
#18210=CARTESIAN_POINT('',(2.60000000000025,85.4499999999999,0.8));
#18211=CARTESIAN_POINT('',(2.60000000000025,37.2749999999999,0.8));
#18212=CARTESIAN_POINT('Origin',(2.48689957516035E-13,85.4499999999999,
0.4));
#18213=CARTESIAN_POINT('Origin',(2.48689957516035E-13,85.4499999999999,
0.8));
#18214=CARTESIAN_POINT('Origin',(2.48689957516035E-13,74.5499999999999,
0.));
#18215=CARTESIAN_POINT('',(-2.59999999999975,74.5499999999999,4.2));
#18216=CARTESIAN_POINT('',(-2.59999999999975,74.5499999999999,0.));
#18217=CARTESIAN_POINT('',(2.60000000000025,74.5499999999999,4.2));
#18218=CARTESIAN_POINT('Origin',(2.48689957516035E-13,74.5499999999999,
4.2));
#18219=CARTESIAN_POINT('',(2.60000000000025,74.5499999999999,0.));
#18220=CARTESIAN_POINT('Origin',(-2.59999999999975,85.4499999999999,0.));
#18221=CARTESIAN_POINT('',(-2.59999999999975,85.4499999999999,4.2));
#18222=CARTESIAN_POINT('',(-2.59999999999975,85.4499999999999,0.));
#18223=CARTESIAN_POINT('',(-2.59999999999975,42.7249999999999,4.2));
#18224=CARTESIAN_POINT('Origin',(2.48689957516035E-13,74.5499999999999,
4.6));
#18225=CARTESIAN_POINT('',(-2.59999999999975,74.5499999999999,4.2));
#18226=CARTESIAN_POINT('',(3.40000000000025,74.5499999999999,5.));
#18227=CARTESIAN_POINT('Origin',(-2.99999999999976,42.7249999999999,4.6));
#18228=CARTESIAN_POINT('',(-2.59999999999975,85.4499999999999,4.2));
#18229=CARTESIAN_POINT('Origin',(2.48689957516035E-13,85.4499999999999,
4.6));
#18230=CARTESIAN_POINT('',(2.60000000000025,85.4499999999999,4.2));
#18231=CARTESIAN_POINT('',(2.60000000000025,85.4499999999999,4.2));
#18232=CARTESIAN_POINT('Origin',(2.48689957516035E-13,85.4499999999999,
4.2));
#18233=CARTESIAN_POINT('Origin',(3.00000000000025,37.2749999999999,4.6));
#18234=CARTESIAN_POINT('',(2.60000000000025,37.2749999999999,4.2));
#18235=CARTESIAN_POINT('Origin',(2.60000000000025,74.5499999999999,0.));
#18236=CARTESIAN_POINT('',(2.60000000000025,85.4499999999999,0.));
#18237=CARTESIAN_POINT('Origin',(2.48689957516035E-13,85.4499999999999,
0.));
#18238=CARTESIAN_POINT('Origin',(37.0000000000002,42.7249999999999,0.4));
#18239=CARTESIAN_POINT('',(37.4000000000002,74.5499999999999,0.8));
#18240=CARTESIAN_POINT('',(37.4000000000002,74.5499999999999,0.8));
#18241=CARTESIAN_POINT('',(37.4000000000002,85.4499999999999,0.8));
#18242=CARTESIAN_POINT('',(36.6000000000003,85.4499999999999,0.));
#18243=CARTESIAN_POINT('',(37.4000000000002,42.7249999999999,0.8));
#18244=CARTESIAN_POINT('Origin',(40.0000000000002,74.5499999999999,0.4));
#18245=CARTESIAN_POINT('',(42.6000000000003,74.5499999999999,0.8));
#18246=CARTESIAN_POINT('',(42.6000000000003,74.5499999999999,0.8));
#18247=CARTESIAN_POINT('Origin',(40.0000000000002,74.5499999999999,0.8));
#18248=CARTESIAN_POINT('Origin',(43.0000000000002,37.2749999999999,0.4));
#18249=CARTESIAN_POINT('',(42.6000000000003,85.4499999999999,0.8));
#18250=CARTESIAN_POINT('',(42.6000000000003,85.4499999999999,0.8));
#18251=CARTESIAN_POINT('',(42.6000000000003,37.2749999999999,0.8));
#18252=CARTESIAN_POINT('Origin',(40.0000000000002,85.4499999999999,0.4));
#18253=CARTESIAN_POINT('Origin',(40.0000000000002,85.4499999999999,0.8));
#18254=CARTESIAN_POINT('Origin',(40.0000000000002,74.5499999999999,0.));
#18255=CARTESIAN_POINT('',(37.4000000000002,74.5499999999999,4.2));
#18256=CARTESIAN_POINT('',(37.4000000000002,74.5499999999999,0.));
#18257=CARTESIAN_POINT('',(42.6000000000003,74.5499999999999,4.2));
#18258=CARTESIAN_POINT('Origin',(40.0000000000002,74.5499999999999,4.2));
#18259=CARTESIAN_POINT('',(42.6000000000003,74.5499999999999,0.));
#18260=CARTESIAN_POINT('Origin',(37.4000000000002,85.4499999999999,0.));
#18261=CARTESIAN_POINT('',(37.4000000000002,85.4499999999999,4.2));
#18262=CARTESIAN_POINT('',(37.4000000000002,85.4499999999999,0.));
#18263=CARTESIAN_POINT('',(37.4000000000002,42.7249999999999,4.2));
#18264=CARTESIAN_POINT('Origin',(40.0000000000002,74.5499999999999,4.6));
#18265=CARTESIAN_POINT('',(37.4000000000002,74.5499999999999,4.2));
#18266=CARTESIAN_POINT('',(43.4000000000002,74.5499999999999,5.));
#18267=CARTESIAN_POINT('Origin',(37.0000000000002,42.7249999999999,4.6));
#18268=CARTESIAN_POINT('',(37.4000000000002,85.4499999999999,4.2));
#18269=CARTESIAN_POINT('Origin',(40.0000000000002,85.4499999999999,4.6));
#18270=CARTESIAN_POINT('',(42.6000000000003,85.4499999999999,4.2));
#18271=CARTESIAN_POINT('',(42.6000000000003,85.4499999999999,4.2));
#18272=CARTESIAN_POINT('Origin',(40.0000000000002,85.4499999999999,4.2));
#18273=CARTESIAN_POINT('Origin',(43.0000000000002,37.2749999999999,4.6));
#18274=CARTESIAN_POINT('',(42.6000000000003,37.2749999999999,4.2));
#18275=CARTESIAN_POINT('Origin',(42.6000000000003,74.5499999999999,0.));
#18276=CARTESIAN_POINT('',(42.6000000000003,85.4499999999999,0.));
#18277=CARTESIAN_POINT('Origin',(40.0000000000002,85.4499999999999,0.));
#18278=CARTESIAN_POINT('Origin',(77.0000000000002,42.7249999999999,0.4));
#18279=CARTESIAN_POINT('',(77.4000000000002,74.5499999999999,0.8));
#18280=CARTESIAN_POINT('',(77.4000000000002,74.5499999999999,0.8));
#18281=CARTESIAN_POINT('',(77.4000000000002,85.4499999999999,0.8));
#18282=CARTESIAN_POINT('',(76.6000000000003,85.4499999999999,0.));
#18283=CARTESIAN_POINT('',(77.4000000000002,42.7249999999999,0.8));
#18284=CARTESIAN_POINT('Origin',(80.0000000000003,74.5499999999999,0.4));
#18285=CARTESIAN_POINT('',(82.6000000000003,74.5499999999999,0.8));
#18286=CARTESIAN_POINT('',(82.6000000000003,74.5499999999999,0.8));
#18287=CARTESIAN_POINT('Origin',(80.0000000000003,74.5499999999999,0.8));
#18288=CARTESIAN_POINT('Origin',(83.0000000000003,37.2749999999999,0.4));
#18289=CARTESIAN_POINT('',(82.6000000000003,85.4499999999999,0.8));
#18290=CARTESIAN_POINT('',(82.6000000000003,85.4499999999999,0.8));
#18291=CARTESIAN_POINT('',(82.6000000000003,37.2749999999999,0.8));
#18292=CARTESIAN_POINT('Origin',(80.0000000000003,85.4499999999999,0.4));
#18293=CARTESIAN_POINT('Origin',(80.0000000000003,85.4499999999999,0.8));
#18294=CARTESIAN_POINT('Origin',(80.0000000000003,74.5499999999999,0.));
#18295=CARTESIAN_POINT('',(77.4000000000002,74.5499999999999,4.2));
#18296=CARTESIAN_POINT('',(77.4000000000002,74.5499999999999,0.));
#18297=CARTESIAN_POINT('',(82.6000000000003,74.5499999999999,4.2));
#18298=CARTESIAN_POINT('Origin',(80.0000000000003,74.5499999999999,4.2));
#18299=CARTESIAN_POINT('',(82.6000000000003,74.5499999999999,0.));
#18300=CARTESIAN_POINT('Origin',(77.4000000000002,85.4499999999999,0.));
#18301=CARTESIAN_POINT('',(77.4000000000002,85.4499999999999,4.2));
#18302=CARTESIAN_POINT('',(77.4000000000002,85.4499999999999,0.));
#18303=CARTESIAN_POINT('',(77.4000000000002,42.7249999999999,4.2));
#18304=CARTESIAN_POINT('Origin',(80.0000000000003,74.5499999999999,4.6));
#18305=CARTESIAN_POINT('',(77.4000000000002,74.5499999999999,4.2));
#18306=CARTESIAN_POINT('',(83.4000000000002,74.5499999999999,5.));
#18307=CARTESIAN_POINT('Origin',(77.0000000000002,42.7249999999999,4.6));
#18308=CARTESIAN_POINT('',(77.4000000000002,85.4499999999999,4.2));
#18309=CARTESIAN_POINT('Origin',(80.0000000000003,85.4499999999999,4.6));
#18310=CARTESIAN_POINT('',(82.6000000000003,85.4499999999999,4.2));
#18311=CARTESIAN_POINT('',(82.6000000000003,85.4499999999999,4.2));
#18312=CARTESIAN_POINT('Origin',(80.0000000000003,85.4499999999999,4.2));
#18313=CARTESIAN_POINT('Origin',(83.0000000000003,37.2749999999999,4.6));
#18314=CARTESIAN_POINT('',(82.6000000000003,37.2749999999999,4.2));
#18315=CARTESIAN_POINT('Origin',(82.6000000000003,74.5499999999999,0.));
#18316=CARTESIAN_POINT('',(82.6000000000003,85.4499999999999,0.));
#18317=CARTESIAN_POINT('Origin',(80.0000000000003,85.4499999999999,0.));
#18318=CARTESIAN_POINT('Origin',(-82.9999999999998,2.72499999999989,0.4));
#18319=CARTESIAN_POINT('',(-82.5999999999998,34.5499999999999,0.8));
#18320=CARTESIAN_POINT('',(-82.5999999999998,34.5499999999999,0.8));
#18321=CARTESIAN_POINT('',(-82.5999999999998,45.4499999999999,0.8));
#18322=CARTESIAN_POINT('',(-83.3999999999997,45.4499999999999,0.));
#18323=CARTESIAN_POINT('',(-82.5999999999998,2.72499999999989,0.8));
#18324=CARTESIAN_POINT('Origin',(-79.9999999999997,34.5499999999999,0.4));
#18325=CARTESIAN_POINT('',(-77.3999999999997,34.5499999999999,0.8));
#18326=CARTESIAN_POINT('',(-77.3999999999997,34.5499999999999,0.8));
#18327=CARTESIAN_POINT('Origin',(-79.9999999999997,34.5499999999999,0.8));
#18328=CARTESIAN_POINT('Origin',(-76.9999999999998,-2.72500000000011,0.4));
#18329=CARTESIAN_POINT('',(-77.3999999999997,45.4499999999999,0.8));
#18330=CARTESIAN_POINT('',(-77.3999999999997,45.4499999999999,0.8));
#18331=CARTESIAN_POINT('',(-77.3999999999997,-2.72500000000011,0.8));
#18332=CARTESIAN_POINT('Origin',(-79.9999999999997,45.4499999999999,0.4));
#18333=CARTESIAN_POINT('Origin',(-79.9999999999997,45.4499999999999,0.8));
#18334=CARTESIAN_POINT('Origin',(-79.9999999999997,34.5499999999999,0.));
#18335=CARTESIAN_POINT('',(-82.5999999999998,34.5499999999999,4.2));
#18336=CARTESIAN_POINT('',(-82.5999999999998,34.5499999999999,0.));
#18337=CARTESIAN_POINT('',(-77.3999999999997,34.5499999999999,4.2));
#18338=CARTESIAN_POINT('Origin',(-79.9999999999997,34.5499999999999,4.2));
#18339=CARTESIAN_POINT('',(-77.3999999999997,34.5499999999999,0.));
#18340=CARTESIAN_POINT('Origin',(-82.5999999999998,45.4499999999999,0.));
#18341=CARTESIAN_POINT('',(-82.5999999999998,45.4499999999999,4.2));
#18342=CARTESIAN_POINT('',(-82.5999999999998,45.4499999999999,0.));
#18343=CARTESIAN_POINT('',(-82.5999999999998,2.72499999999989,4.2));
#18344=CARTESIAN_POINT('Origin',(-79.9999999999997,34.5499999999999,4.6));
#18345=CARTESIAN_POINT('',(-82.5999999999998,34.5499999999999,4.2));
#18346=CARTESIAN_POINT('',(-76.5999999999998,34.5499999999999,5.));
#18347=CARTESIAN_POINT('Origin',(-82.9999999999998,2.72499999999989,4.6));
#18348=CARTESIAN_POINT('',(-82.5999999999998,45.4499999999999,4.2));
#18349=CARTESIAN_POINT('Origin',(-79.9999999999997,45.4499999999999,4.6));
#18350=CARTESIAN_POINT('',(-77.3999999999997,45.4499999999999,4.2));
#18351=CARTESIAN_POINT('',(-77.3999999999997,45.4499999999999,4.2));
#18352=CARTESIAN_POINT('Origin',(-79.9999999999997,45.4499999999999,4.2));
#18353=CARTESIAN_POINT('Origin',(-76.9999999999998,-2.72500000000011,4.6));
#18354=CARTESIAN_POINT('',(-77.3999999999997,-2.72500000000011,4.2));
#18355=CARTESIAN_POINT('Origin',(-77.3999999999997,34.5499999999999,0.));
#18356=CARTESIAN_POINT('',(-77.3999999999997,45.4499999999999,0.));
#18357=CARTESIAN_POINT('Origin',(-79.9999999999997,45.4499999999999,0.));
#18358=CARTESIAN_POINT('Origin',(-42.9999999999998,2.72499999999989,0.4));
#18359=CARTESIAN_POINT('',(-42.5999999999998,34.5499999999999,0.8));
#18360=CARTESIAN_POINT('',(-42.5999999999998,34.5499999999999,0.8));
#18361=CARTESIAN_POINT('',(-42.5999999999998,45.4499999999999,0.8));
#18362=CARTESIAN_POINT('',(-43.3999999999997,45.4499999999999,0.));
#18363=CARTESIAN_POINT('',(-42.5999999999998,2.72499999999989,0.8));
#18364=CARTESIAN_POINT('Origin',(-39.9999999999998,34.5499999999999,0.4));
#18365=CARTESIAN_POINT('',(-37.3999999999997,34.5499999999999,0.8));
#18366=CARTESIAN_POINT('',(-37.3999999999997,34.5499999999999,0.8));
#18367=CARTESIAN_POINT('Origin',(-39.9999999999998,34.5499999999999,0.8));
#18368=CARTESIAN_POINT('Origin',(-36.9999999999998,-2.72500000000011,0.4));
#18369=CARTESIAN_POINT('',(-37.3999999999997,45.4499999999999,0.8));
#18370=CARTESIAN_POINT('',(-37.3999999999997,45.4499999999999,0.8));
#18371=CARTESIAN_POINT('',(-37.3999999999997,-2.72500000000011,0.8));
#18372=CARTESIAN_POINT('Origin',(-39.9999999999998,45.4499999999999,0.4));
#18373=CARTESIAN_POINT('Origin',(-39.9999999999998,45.4499999999999,0.8));
#18374=CARTESIAN_POINT('Origin',(-39.9999999999998,34.5499999999999,0.));
#18375=CARTESIAN_POINT('',(-42.5999999999998,34.5499999999999,4.2));
#18376=CARTESIAN_POINT('',(-42.5999999999998,34.5499999999999,0.));
#18377=CARTESIAN_POINT('',(-37.3999999999997,34.5499999999999,4.2));
#18378=CARTESIAN_POINT('Origin',(-39.9999999999998,34.5499999999999,4.2));
#18379=CARTESIAN_POINT('',(-37.3999999999997,34.5499999999999,0.));
#18380=CARTESIAN_POINT('Origin',(-42.5999999999998,45.4499999999999,0.));
#18381=CARTESIAN_POINT('',(-42.5999999999998,45.4499999999999,4.2));
#18382=CARTESIAN_POINT('',(-42.5999999999998,45.4499999999999,0.));
#18383=CARTESIAN_POINT('',(-42.5999999999998,2.72499999999989,4.2));
#18384=CARTESIAN_POINT('Origin',(-39.9999999999998,34.5499999999999,4.6));
#18385=CARTESIAN_POINT('',(-42.5999999999998,34.5499999999999,4.2));
#18386=CARTESIAN_POINT('',(-36.5999999999998,34.5499999999999,5.));
#18387=CARTESIAN_POINT('Origin',(-42.9999999999998,2.72499999999989,4.6));
#18388=CARTESIAN_POINT('',(-42.5999999999998,45.4499999999999,4.2));
#18389=CARTESIAN_POINT('Origin',(-39.9999999999998,45.4499999999999,4.6));
#18390=CARTESIAN_POINT('',(-37.3999999999997,45.4499999999999,4.2));
#18391=CARTESIAN_POINT('',(-37.3999999999997,45.4499999999999,4.2));
#18392=CARTESIAN_POINT('Origin',(-39.9999999999998,45.4499999999999,4.2));
#18393=CARTESIAN_POINT('Origin',(-36.9999999999998,-2.72500000000011,4.6));
#18394=CARTESIAN_POINT('',(-37.3999999999997,-2.72500000000011,4.2));
#18395=CARTESIAN_POINT('Origin',(-37.3999999999997,34.5499999999999,0.));
#18396=CARTESIAN_POINT('',(-37.3999999999997,45.4499999999999,0.));
#18397=CARTESIAN_POINT('Origin',(-39.9999999999998,45.4499999999999,0.));
#18398=CARTESIAN_POINT('Origin',(-2.99999999999976,2.72499999999989,0.4));
#18399=CARTESIAN_POINT('',(-2.59999999999975,34.5499999999999,0.8));
#18400=CARTESIAN_POINT('',(-2.59999999999975,34.5499999999999,0.8));
#18401=CARTESIAN_POINT('',(-2.59999999999975,45.4499999999999,0.8));
#18402=CARTESIAN_POINT('',(-3.39999999999975,45.4499999999999,0.));
#18403=CARTESIAN_POINT('',(-2.59999999999975,2.72499999999989,0.8));
#18404=CARTESIAN_POINT('Origin',(2.48689957516035E-13,34.5499999999999,
0.4));
#18405=CARTESIAN_POINT('',(2.60000000000025,34.5499999999999,0.8));
#18406=CARTESIAN_POINT('',(2.60000000000025,34.5499999999999,0.8));
#18407=CARTESIAN_POINT('Origin',(2.48689957516035E-13,34.5499999999999,
0.8));
#18408=CARTESIAN_POINT('Origin',(3.00000000000025,-2.72500000000011,0.4));
#18409=CARTESIAN_POINT('',(2.60000000000025,45.4499999999999,0.8));
#18410=CARTESIAN_POINT('',(2.60000000000025,45.4499999999999,0.8));
#18411=CARTESIAN_POINT('',(2.60000000000025,-2.72500000000011,0.8));
#18412=CARTESIAN_POINT('Origin',(2.48689957516035E-13,45.4499999999999,
0.4));
#18413=CARTESIAN_POINT('Origin',(2.48689957516035E-13,45.4499999999999,
0.8));
#18414=CARTESIAN_POINT('Origin',(2.48689957516035E-13,34.5499999999999,
0.));
#18415=CARTESIAN_POINT('',(-2.59999999999975,34.5499999999999,4.2));
#18416=CARTESIAN_POINT('',(-2.59999999999975,34.5499999999999,0.));
#18417=CARTESIAN_POINT('',(2.60000000000025,34.5499999999999,4.2));
#18418=CARTESIAN_POINT('Origin',(2.48689957516035E-13,34.5499999999999,
4.2));
#18419=CARTESIAN_POINT('',(2.60000000000025,34.5499999999999,0.));
#18420=CARTESIAN_POINT('Origin',(-2.59999999999975,45.4499999999999,0.));
#18421=CARTESIAN_POINT('',(-2.59999999999975,45.4499999999999,4.2));
#18422=CARTESIAN_POINT('',(-2.59999999999975,45.4499999999999,0.));
#18423=CARTESIAN_POINT('',(-2.59999999999975,2.72499999999989,4.2));
#18424=CARTESIAN_POINT('Origin',(2.48689957516035E-13,34.5499999999999,
4.6));
#18425=CARTESIAN_POINT('',(-2.59999999999975,34.5499999999999,4.2));
#18426=CARTESIAN_POINT('',(3.40000000000025,34.5499999999999,5.));
#18427=CARTESIAN_POINT('Origin',(-2.99999999999976,2.72499999999989,4.6));
#18428=CARTESIAN_POINT('',(-2.59999999999975,45.4499999999999,4.2));
#18429=CARTESIAN_POINT('Origin',(2.48689957516035E-13,45.4499999999999,
4.6));
#18430=CARTESIAN_POINT('',(2.60000000000025,45.4499999999999,4.2));
#18431=CARTESIAN_POINT('',(2.60000000000025,45.4499999999999,4.2));
#18432=CARTESIAN_POINT('Origin',(2.48689957516035E-13,45.4499999999999,
4.2));
#18433=CARTESIAN_POINT('Origin',(3.00000000000025,-2.72500000000011,4.6));
#18434=CARTESIAN_POINT('',(2.60000000000025,-2.72500000000011,4.2));
#18435=CARTESIAN_POINT('Origin',(2.60000000000025,34.5499999999999,0.));
#18436=CARTESIAN_POINT('',(2.60000000000025,45.4499999999999,0.));
#18437=CARTESIAN_POINT('Origin',(2.48689957516035E-13,45.4499999999999,
0.));
#18438=CARTESIAN_POINT('Origin',(37.0000000000002,2.72499999999989,0.4));
#18439=CARTESIAN_POINT('',(37.4000000000002,34.5499999999999,0.8));
#18440=CARTESIAN_POINT('',(37.4000000000002,34.5499999999999,0.8));
#18441=CARTESIAN_POINT('',(37.4000000000002,45.4499999999999,0.8));
#18442=CARTESIAN_POINT('',(36.6000000000003,45.4499999999999,0.));
#18443=CARTESIAN_POINT('',(37.4000000000002,2.72499999999989,0.8));
#18444=CARTESIAN_POINT('Origin',(40.0000000000002,34.5499999999999,0.4));
#18445=CARTESIAN_POINT('',(42.6000000000003,34.5499999999999,0.8));
#18446=CARTESIAN_POINT('',(42.6000000000003,34.5499999999999,0.8));
#18447=CARTESIAN_POINT('Origin',(40.0000000000002,34.5499999999999,0.8));
#18448=CARTESIAN_POINT('Origin',(43.0000000000002,-2.72500000000011,0.4));
#18449=CARTESIAN_POINT('',(42.6000000000003,45.4499999999999,0.8));
#18450=CARTESIAN_POINT('',(42.6000000000003,45.4499999999999,0.8));
#18451=CARTESIAN_POINT('',(42.6000000000003,-2.72500000000011,0.8));
#18452=CARTESIAN_POINT('Origin',(40.0000000000002,45.4499999999999,0.4));
#18453=CARTESIAN_POINT('Origin',(40.0000000000002,45.4499999999999,0.8));
#18454=CARTESIAN_POINT('Origin',(40.0000000000002,34.5499999999999,0.));
#18455=CARTESIAN_POINT('',(37.4000000000002,34.5499999999999,4.2));
#18456=CARTESIAN_POINT('',(37.4000000000002,34.5499999999999,0.));
#18457=CARTESIAN_POINT('',(42.6000000000003,34.5499999999999,4.2));
#18458=CARTESIAN_POINT('Origin',(40.0000000000002,34.5499999999999,4.2));
#18459=CARTESIAN_POINT('',(42.6000000000003,34.5499999999999,0.));
#18460=CARTESIAN_POINT('Origin',(37.4000000000002,45.4499999999999,0.));
#18461=CARTESIAN_POINT('',(37.4000000000002,45.4499999999999,4.2));
#18462=CARTESIAN_POINT('',(37.4000000000002,45.4499999999999,0.));
#18463=CARTESIAN_POINT('',(37.4000000000002,2.72499999999989,4.2));
#18464=CARTESIAN_POINT('Origin',(40.0000000000002,34.5499999999999,4.6));
#18465=CARTESIAN_POINT('',(37.4000000000002,34.5499999999999,4.2));
#18466=CARTESIAN_POINT('',(43.4000000000002,34.5499999999999,5.));
#18467=CARTESIAN_POINT('Origin',(37.0000000000002,2.72499999999989,4.6));
#18468=CARTESIAN_POINT('',(37.4000000000002,45.4499999999999,4.2));
#18469=CARTESIAN_POINT('Origin',(40.0000000000002,45.4499999999999,4.6));
#18470=CARTESIAN_POINT('',(42.6000000000003,45.4499999999999,4.2));
#18471=CARTESIAN_POINT('',(42.6000000000003,45.4499999999999,4.2));
#18472=CARTESIAN_POINT('Origin',(40.0000000000002,45.4499999999999,4.2));
#18473=CARTESIAN_POINT('Origin',(43.0000000000002,-2.72500000000011,4.6));
#18474=CARTESIAN_POINT('',(42.6000000000003,-2.72500000000011,4.2));
#18475=CARTESIAN_POINT('Origin',(42.6000000000003,34.5499999999999,0.));
#18476=CARTESIAN_POINT('',(42.6000000000003,45.4499999999999,0.));
#18477=CARTESIAN_POINT('Origin',(40.0000000000002,45.4499999999999,0.));
#18478=CARTESIAN_POINT('Origin',(77.0000000000002,2.72499999999989,0.4));
#18479=CARTESIAN_POINT('',(77.4000000000002,34.5499999999999,0.8));
#18480=CARTESIAN_POINT('',(77.4000000000002,34.5499999999999,0.8));
#18481=CARTESIAN_POINT('',(77.4000000000002,45.4499999999999,0.8));
#18482=CARTESIAN_POINT('',(76.6000000000003,45.4499999999999,0.));
#18483=CARTESIAN_POINT('',(77.4000000000002,2.72499999999989,0.8));
#18484=CARTESIAN_POINT('Origin',(80.0000000000003,34.5499999999999,0.4));
#18485=CARTESIAN_POINT('',(82.6000000000003,34.5499999999999,0.8));
#18486=CARTESIAN_POINT('',(82.6000000000003,34.5499999999999,0.8));
#18487=CARTESIAN_POINT('Origin',(80.0000000000003,34.5499999999999,0.8));
#18488=CARTESIAN_POINT('Origin',(83.0000000000003,-2.72500000000011,0.4));
#18489=CARTESIAN_POINT('',(82.6000000000003,45.4499999999999,0.8));
#18490=CARTESIAN_POINT('',(82.6000000000003,45.4499999999999,0.8));
#18491=CARTESIAN_POINT('',(82.6000000000003,-2.72500000000011,0.8));
#18492=CARTESIAN_POINT('Origin',(80.0000000000003,45.4499999999999,0.4));
#18493=CARTESIAN_POINT('Origin',(80.0000000000003,45.4499999999999,0.8));
#18494=CARTESIAN_POINT('Origin',(80.0000000000003,34.5499999999999,0.));
#18495=CARTESIAN_POINT('',(77.4000000000002,34.5499999999999,4.2));
#18496=CARTESIAN_POINT('',(77.4000000000002,34.5499999999999,0.));
#18497=CARTESIAN_POINT('',(82.6000000000003,34.5499999999999,4.2));
#18498=CARTESIAN_POINT('Origin',(80.0000000000003,34.5499999999999,4.2));
#18499=CARTESIAN_POINT('',(82.6000000000003,34.5499999999999,0.));
#18500=CARTESIAN_POINT('Origin',(77.4000000000002,45.4499999999999,0.));
#18501=CARTESIAN_POINT('',(77.4000000000002,45.4499999999999,4.2));
#18502=CARTESIAN_POINT('',(77.4000000000002,45.4499999999999,0.));
#18503=CARTESIAN_POINT('',(77.4000000000002,2.72499999999989,4.2));
#18504=CARTESIAN_POINT('Origin',(80.0000000000003,34.5499999999999,4.6));
#18505=CARTESIAN_POINT('',(77.4000000000002,34.5499999999999,4.2));
#18506=CARTESIAN_POINT('',(83.4000000000002,34.5499999999999,5.));
#18507=CARTESIAN_POINT('Origin',(77.0000000000002,2.72499999999989,4.6));
#18508=CARTESIAN_POINT('',(77.4000000000002,45.4499999999999,4.2));
#18509=CARTESIAN_POINT('Origin',(80.0000000000003,45.4499999999999,4.6));
#18510=CARTESIAN_POINT('',(82.6000000000003,45.4499999999999,4.2));
#18511=CARTESIAN_POINT('',(82.6000000000003,45.4499999999999,4.2));
#18512=CARTESIAN_POINT('Origin',(80.0000000000003,45.4499999999999,4.2));
#18513=CARTESIAN_POINT('Origin',(83.0000000000003,-2.72500000000011,4.6));
#18514=CARTESIAN_POINT('',(82.6000000000003,-2.72500000000011,4.2));
#18515=CARTESIAN_POINT('Origin',(82.6000000000003,34.5499999999999,0.));
#18516=CARTESIAN_POINT('',(82.6000000000003,45.4499999999999,0.));
#18517=CARTESIAN_POINT('Origin',(80.0000000000003,45.4499999999999,0.));
#18518=CARTESIAN_POINT('Origin',(-82.9999999999998,-37.2750000000001,0.4));
#18519=CARTESIAN_POINT('',(-82.5999999999998,-5.45000000000012,0.8));
#18520=CARTESIAN_POINT('',(-82.5999999999998,-5.45000000000012,0.8));
#18521=CARTESIAN_POINT('',(-82.5999999999998,5.44999999999987,0.8));
#18522=CARTESIAN_POINT('',(-83.3999999999997,5.44999999999987,0.));
#18523=CARTESIAN_POINT('',(-82.5999999999998,-37.2750000000001,0.8));
#18524=CARTESIAN_POINT('Origin',(-79.9999999999997,-5.45000000000012,0.4));
#18525=CARTESIAN_POINT('',(-77.3999999999997,-5.45000000000012,0.8));
#18526=CARTESIAN_POINT('',(-77.3999999999997,-5.45000000000012,0.8));
#18527=CARTESIAN_POINT('Origin',(-79.9999999999997,-5.45000000000012,0.8));
#18528=CARTESIAN_POINT('Origin',(-76.9999999999998,-42.7250000000001,0.4));
#18529=CARTESIAN_POINT('',(-77.3999999999997,5.44999999999987,0.8));
#18530=CARTESIAN_POINT('',(-77.3999999999997,5.44999999999987,0.8));
#18531=CARTESIAN_POINT('',(-77.3999999999997,-42.7250000000001,0.8));
#18532=CARTESIAN_POINT('Origin',(-79.9999999999997,5.44999999999987,0.4));
#18533=CARTESIAN_POINT('Origin',(-79.9999999999997,5.44999999999987,0.8));
#18534=CARTESIAN_POINT('Origin',(-79.9999999999997,-5.45000000000012,0.));
#18535=CARTESIAN_POINT('',(-82.5999999999998,-5.45000000000012,4.2));
#18536=CARTESIAN_POINT('',(-82.5999999999998,-5.45000000000012,0.));
#18537=CARTESIAN_POINT('',(-77.3999999999997,-5.45000000000012,4.2));
#18538=CARTESIAN_POINT('Origin',(-79.9999999999997,-5.45000000000012,4.2));
#18539=CARTESIAN_POINT('',(-77.3999999999997,-5.45000000000012,0.));
#18540=CARTESIAN_POINT('Origin',(-82.5999999999998,5.44999999999987,0.));
#18541=CARTESIAN_POINT('',(-82.5999999999998,5.44999999999987,4.2));
#18542=CARTESIAN_POINT('',(-82.5999999999998,5.44999999999987,0.));
#18543=CARTESIAN_POINT('',(-82.5999999999998,-37.2750000000001,4.2));
#18544=CARTESIAN_POINT('Origin',(-79.9999999999997,-5.45000000000012,4.6));
#18545=CARTESIAN_POINT('',(-82.5999999999998,-5.45000000000012,4.2));
#18546=CARTESIAN_POINT('',(-76.5999999999998,-5.45000000000012,5.));
#18547=CARTESIAN_POINT('Origin',(-82.9999999999998,-37.2750000000001,4.6));
#18548=CARTESIAN_POINT('',(-82.5999999999998,5.44999999999987,4.2));
#18549=CARTESIAN_POINT('Origin',(-79.9999999999997,5.44999999999987,4.6));
#18550=CARTESIAN_POINT('',(-77.3999999999997,5.44999999999987,4.2));
#18551=CARTESIAN_POINT('',(-77.3999999999997,5.44999999999987,4.2));
#18552=CARTESIAN_POINT('Origin',(-79.9999999999997,5.44999999999987,4.2));
#18553=CARTESIAN_POINT('Origin',(-76.9999999999998,-42.7250000000001,4.6));
#18554=CARTESIAN_POINT('',(-77.3999999999997,-42.7250000000001,4.2));
#18555=CARTESIAN_POINT('Origin',(-77.3999999999997,-5.45000000000012,0.));
#18556=CARTESIAN_POINT('',(-77.3999999999997,5.44999999999987,0.));
#18557=CARTESIAN_POINT('Origin',(-79.9999999999997,5.44999999999987,0.));
#18558=CARTESIAN_POINT('Origin',(-42.9999999999998,-37.2750000000001,0.4));
#18559=CARTESIAN_POINT('',(-42.5999999999998,-5.45000000000012,0.8));
#18560=CARTESIAN_POINT('',(-42.5999999999998,-5.45000000000012,0.8));
#18561=CARTESIAN_POINT('',(-42.5999999999998,5.44999999999987,0.8));
#18562=CARTESIAN_POINT('',(-43.3999999999997,5.44999999999987,0.));
#18563=CARTESIAN_POINT('',(-42.5999999999998,-37.2750000000001,0.8));
#18564=CARTESIAN_POINT('Origin',(-39.9999999999998,-5.45000000000012,0.4));
#18565=CARTESIAN_POINT('',(-37.3999999999997,-5.45000000000012,0.8));
#18566=CARTESIAN_POINT('',(-37.3999999999997,-5.45000000000012,0.8));
#18567=CARTESIAN_POINT('Origin',(-39.9999999999998,-5.45000000000012,0.8));
#18568=CARTESIAN_POINT('Origin',(-36.9999999999998,-42.7250000000001,0.4));
#18569=CARTESIAN_POINT('',(-37.3999999999997,5.44999999999987,0.8));
#18570=CARTESIAN_POINT('',(-37.3999999999997,5.44999999999987,0.8));
#18571=CARTESIAN_POINT('',(-37.3999999999997,-42.7250000000001,0.8));
#18572=CARTESIAN_POINT('Origin',(-39.9999999999998,5.44999999999987,0.4));
#18573=CARTESIAN_POINT('Origin',(-39.9999999999998,5.44999999999987,0.8));
#18574=CARTESIAN_POINT('Origin',(-39.9999999999998,-5.45000000000012,0.));
#18575=CARTESIAN_POINT('',(-42.5999999999998,-5.45000000000012,4.2));
#18576=CARTESIAN_POINT('',(-42.5999999999998,-5.45000000000012,0.));
#18577=CARTESIAN_POINT('',(-37.3999999999997,-5.45000000000012,4.2));
#18578=CARTESIAN_POINT('Origin',(-39.9999999999998,-5.45000000000012,4.2));
#18579=CARTESIAN_POINT('',(-37.3999999999997,-5.45000000000012,0.));
#18580=CARTESIAN_POINT('Origin',(-42.5999999999998,5.44999999999987,0.));
#18581=CARTESIAN_POINT('',(-42.5999999999998,5.44999999999987,4.2));
#18582=CARTESIAN_POINT('',(-42.5999999999998,5.44999999999987,0.));
#18583=CARTESIAN_POINT('',(-42.5999999999998,-37.2750000000001,4.2));
#18584=CARTESIAN_POINT('Origin',(-39.9999999999998,-5.45000000000012,4.6));
#18585=CARTESIAN_POINT('',(-42.5999999999998,-5.45000000000012,4.2));
#18586=CARTESIAN_POINT('',(-36.5999999999998,-5.45000000000012,5.));
#18587=CARTESIAN_POINT('Origin',(-42.9999999999998,-37.2750000000001,4.6));
#18588=CARTESIAN_POINT('',(-42.5999999999998,5.44999999999987,4.2));
#18589=CARTESIAN_POINT('Origin',(-39.9999999999998,5.44999999999987,4.6));
#18590=CARTESIAN_POINT('',(-37.3999999999997,5.44999999999987,4.2));
#18591=CARTESIAN_POINT('',(-37.3999999999997,5.44999999999987,4.2));
#18592=CARTESIAN_POINT('Origin',(-39.9999999999998,5.44999999999987,4.2));
#18593=CARTESIAN_POINT('Origin',(-36.9999999999998,-42.7250000000001,4.6));
#18594=CARTESIAN_POINT('',(-37.3999999999997,-42.7250000000001,4.2));
#18595=CARTESIAN_POINT('Origin',(-37.3999999999997,-5.45000000000012,0.));
#18596=CARTESIAN_POINT('',(-37.3999999999997,5.44999999999987,0.));
#18597=CARTESIAN_POINT('Origin',(-39.9999999999998,5.44999999999987,0.));
#18598=CARTESIAN_POINT('Origin',(-2.99999999999976,-37.2750000000001,0.4));
#18599=CARTESIAN_POINT('',(-2.59999999999975,-5.45000000000012,0.8));
#18600=CARTESIAN_POINT('',(-2.59999999999975,-5.45000000000012,0.8));
#18601=CARTESIAN_POINT('',(-2.59999999999975,5.44999999999987,0.8));
#18602=CARTESIAN_POINT('',(-3.39999999999975,5.44999999999987,0.));
#18603=CARTESIAN_POINT('',(-2.59999999999975,-37.2750000000001,0.8));
#18604=CARTESIAN_POINT('Origin',(2.48689957516035E-13,-5.45000000000012,
0.4));
#18605=CARTESIAN_POINT('',(2.60000000000025,-5.45000000000012,0.8));
#18606=CARTESIAN_POINT('',(2.60000000000025,-5.45000000000012,0.8));
#18607=CARTESIAN_POINT('Origin',(2.48689957516035E-13,-5.45000000000012,
0.8));
#18608=CARTESIAN_POINT('Origin',(3.00000000000025,-42.7250000000001,0.4));
#18609=CARTESIAN_POINT('',(2.60000000000025,5.44999999999987,0.8));
#18610=CARTESIAN_POINT('',(2.60000000000025,5.44999999999987,0.8));
#18611=CARTESIAN_POINT('',(2.60000000000025,-42.7250000000001,0.8));
#18612=CARTESIAN_POINT('Origin',(2.48689957516035E-13,5.44999999999987,
0.4));
#18613=CARTESIAN_POINT('Origin',(2.48689957516035E-13,5.44999999999987,
0.8));
#18614=CARTESIAN_POINT('Origin',(2.48689957516035E-13,-5.45000000000012,
0.));
#18615=CARTESIAN_POINT('',(-2.59999999999975,-5.45000000000012,4.2));
#18616=CARTESIAN_POINT('',(-2.59999999999975,-5.45000000000012,0.));
#18617=CARTESIAN_POINT('',(2.60000000000025,-5.45000000000012,4.2));
#18618=CARTESIAN_POINT('Origin',(2.48689957516035E-13,-5.45000000000012,
4.2));
#18619=CARTESIAN_POINT('',(2.60000000000025,-5.45000000000012,0.));
#18620=CARTESIAN_POINT('Origin',(-2.59999999999975,5.44999999999987,0.));
#18621=CARTESIAN_POINT('',(-2.59999999999975,5.44999999999987,4.2));
#18622=CARTESIAN_POINT('',(-2.59999999999975,5.44999999999987,0.));
#18623=CARTESIAN_POINT('',(-2.59999999999975,-37.2750000000001,4.2));
#18624=CARTESIAN_POINT('Origin',(2.48689957516035E-13,-5.45000000000012,
4.6));
#18625=CARTESIAN_POINT('',(-2.59999999999975,-5.45000000000012,4.2));
#18626=CARTESIAN_POINT('',(3.40000000000025,-5.45000000000012,5.));
#18627=CARTESIAN_POINT('Origin',(-2.99999999999976,-37.2750000000001,4.6));
#18628=CARTESIAN_POINT('',(-2.59999999999975,5.44999999999987,4.2));
#18629=CARTESIAN_POINT('Origin',(2.48689957516035E-13,5.44999999999987,
4.6));
#18630=CARTESIAN_POINT('',(2.60000000000025,5.44999999999987,4.2));
#18631=CARTESIAN_POINT('',(2.60000000000025,5.44999999999987,4.2));
#18632=CARTESIAN_POINT('Origin',(2.48689957516035E-13,5.44999999999987,
4.2));
#18633=CARTESIAN_POINT('Origin',(3.00000000000025,-42.7250000000001,4.6));
#18634=CARTESIAN_POINT('',(2.60000000000025,-42.7250000000001,4.2));
#18635=CARTESIAN_POINT('Origin',(2.60000000000025,-5.45000000000012,0.));
#18636=CARTESIAN_POINT('',(2.60000000000025,5.44999999999987,0.));
#18637=CARTESIAN_POINT('Origin',(2.48689957516035E-13,5.44999999999987,
0.));
#18638=CARTESIAN_POINT('Origin',(37.0000000000002,-37.2750000000001,0.4));
#18639=CARTESIAN_POINT('',(37.4000000000002,-5.45000000000012,0.8));
#18640=CARTESIAN_POINT('',(37.4000000000002,-5.45000000000012,0.8));
#18641=CARTESIAN_POINT('',(37.4000000000002,5.44999999999987,0.8));
#18642=CARTESIAN_POINT('',(36.6000000000003,5.44999999999987,0.));
#18643=CARTESIAN_POINT('',(37.4000000000002,-37.2750000000001,0.8));
#18644=CARTESIAN_POINT('Origin',(40.0000000000002,-5.45000000000012,0.4));
#18645=CARTESIAN_POINT('',(42.6000000000003,-5.45000000000012,0.8));
#18646=CARTESIAN_POINT('',(42.6000000000003,-5.45000000000012,0.8));
#18647=CARTESIAN_POINT('Origin',(40.0000000000002,-5.45000000000012,0.8));
#18648=CARTESIAN_POINT('Origin',(43.0000000000002,-42.7250000000001,0.4));
#18649=CARTESIAN_POINT('',(42.6000000000003,5.44999999999987,0.8));
#18650=CARTESIAN_POINT('',(42.6000000000003,5.44999999999987,0.8));
#18651=CARTESIAN_POINT('',(42.6000000000003,-42.7250000000001,0.8));
#18652=CARTESIAN_POINT('Origin',(40.0000000000002,5.44999999999987,0.4));
#18653=CARTESIAN_POINT('Origin',(40.0000000000002,5.44999999999987,0.8));
#18654=CARTESIAN_POINT('Origin',(40.0000000000002,-5.45000000000012,0.));
#18655=CARTESIAN_POINT('',(37.4000000000002,-5.45000000000012,4.2));
#18656=CARTESIAN_POINT('',(37.4000000000002,-5.45000000000012,0.));
#18657=CARTESIAN_POINT('',(42.6000000000003,-5.45000000000012,4.2));
#18658=CARTESIAN_POINT('Origin',(40.0000000000002,-5.45000000000012,4.2));
#18659=CARTESIAN_POINT('',(42.6000000000003,-5.45000000000012,0.));
#18660=CARTESIAN_POINT('Origin',(37.4000000000002,5.44999999999987,0.));
#18661=CARTESIAN_POINT('',(37.4000000000002,5.44999999999987,4.2));
#18662=CARTESIAN_POINT('',(37.4000000000002,5.44999999999987,0.));
#18663=CARTESIAN_POINT('',(37.4000000000002,-37.2750000000001,4.2));
#18664=CARTESIAN_POINT('Origin',(40.0000000000002,-5.45000000000012,4.6));
#18665=CARTESIAN_POINT('',(37.4000000000002,-5.45000000000012,4.2));
#18666=CARTESIAN_POINT('',(43.4000000000002,-5.45000000000012,5.));
#18667=CARTESIAN_POINT('Origin',(37.0000000000002,-37.2750000000001,4.6));
#18668=CARTESIAN_POINT('',(37.4000000000002,5.44999999999987,4.2));
#18669=CARTESIAN_POINT('Origin',(40.0000000000002,5.44999999999987,4.6));
#18670=CARTESIAN_POINT('',(42.6000000000003,5.44999999999987,4.2));
#18671=CARTESIAN_POINT('',(42.6000000000003,5.44999999999987,4.2));
#18672=CARTESIAN_POINT('Origin',(40.0000000000002,5.44999999999987,4.2));
#18673=CARTESIAN_POINT('Origin',(43.0000000000002,-42.7250000000001,4.6));
#18674=CARTESIAN_POINT('',(42.6000000000003,-42.7250000000001,4.2));
#18675=CARTESIAN_POINT('Origin',(42.6000000000003,-5.45000000000012,0.));
#18676=CARTESIAN_POINT('',(42.6000000000003,5.44999999999987,0.));
#18677=CARTESIAN_POINT('Origin',(40.0000000000002,5.44999999999987,0.));
#18678=CARTESIAN_POINT('Origin',(77.0000000000002,-37.2750000000001,0.4));
#18679=CARTESIAN_POINT('',(77.4000000000002,-5.45000000000012,0.8));
#18680=CARTESIAN_POINT('',(77.4000000000002,-5.45000000000012,0.8));
#18681=CARTESIAN_POINT('',(77.4000000000002,5.44999999999987,0.8));
#18682=CARTESIAN_POINT('',(76.6000000000003,5.44999999999987,0.));
#18683=CARTESIAN_POINT('',(77.4000000000002,-37.2750000000001,0.8));
#18684=CARTESIAN_POINT('Origin',(80.0000000000003,-5.45000000000012,0.4));
#18685=CARTESIAN_POINT('',(82.6000000000003,-5.45000000000012,0.8));
#18686=CARTESIAN_POINT('',(82.6000000000003,-5.45000000000012,0.8));
#18687=CARTESIAN_POINT('Origin',(80.0000000000003,-5.45000000000012,0.8));
#18688=CARTESIAN_POINT('Origin',(83.0000000000003,-42.7250000000001,0.4));
#18689=CARTESIAN_POINT('',(82.6000000000003,5.44999999999987,0.8));
#18690=CARTESIAN_POINT('',(82.6000000000003,5.44999999999987,0.8));
#18691=CARTESIAN_POINT('',(82.6000000000003,-42.7250000000001,0.8));
#18692=CARTESIAN_POINT('Origin',(80.0000000000003,5.44999999999987,0.4));
#18693=CARTESIAN_POINT('Origin',(80.0000000000003,5.44999999999987,0.8));
#18694=CARTESIAN_POINT('Origin',(80.0000000000003,-5.45000000000012,0.));
#18695=CARTESIAN_POINT('',(77.4000000000002,-5.45000000000012,4.2));
#18696=CARTESIAN_POINT('',(77.4000000000002,-5.45000000000012,0.));
#18697=CARTESIAN_POINT('',(82.6000000000003,-5.45000000000012,4.2));
#18698=CARTESIAN_POINT('Origin',(80.0000000000003,-5.45000000000012,4.2));
#18699=CARTESIAN_POINT('',(82.6000000000003,-5.45000000000012,0.));
#18700=CARTESIAN_POINT('Origin',(77.4000000000002,5.44999999999987,0.));
#18701=CARTESIAN_POINT('',(77.4000000000002,5.44999999999987,4.2));
#18702=CARTESIAN_POINT('',(77.4000000000002,5.44999999999987,0.));
#18703=CARTESIAN_POINT('',(77.4000000000002,-37.2750000000001,4.2));
#18704=CARTESIAN_POINT('Origin',(80.0000000000003,-5.45000000000012,4.6));
#18705=CARTESIAN_POINT('',(77.4000000000002,-5.45000000000012,4.2));
#18706=CARTESIAN_POINT('',(83.4000000000002,-5.45000000000012,5.));
#18707=CARTESIAN_POINT('Origin',(77.0000000000002,-37.2750000000001,4.6));
#18708=CARTESIAN_POINT('',(77.4000000000002,5.44999999999987,4.2));
#18709=CARTESIAN_POINT('Origin',(80.0000000000003,5.44999999999987,4.6));
#18710=CARTESIAN_POINT('',(82.6000000000003,5.44999999999987,4.2));
#18711=CARTESIAN_POINT('',(82.6000000000003,5.44999999999987,4.2));
#18712=CARTESIAN_POINT('Origin',(80.0000000000003,5.44999999999987,4.2));
#18713=CARTESIAN_POINT('Origin',(83.0000000000003,-42.7250000000001,4.6));
#18714=CARTESIAN_POINT('',(82.6000000000003,-42.7250000000001,4.2));
#18715=CARTESIAN_POINT('Origin',(82.6000000000003,-5.45000000000012,0.));
#18716=CARTESIAN_POINT('',(82.6000000000003,5.44999999999987,0.));
#18717=CARTESIAN_POINT('Origin',(80.0000000000003,5.44999999999987,0.));
#18718=CARTESIAN_POINT('Origin',(-82.9999999999998,-77.2750000000001,0.4));
#18719=CARTESIAN_POINT('',(-82.5999999999998,-45.4500000000001,0.8));
#18720=CARTESIAN_POINT('',(-82.5999999999998,-45.4500000000001,0.8));
#18721=CARTESIAN_POINT('',(-82.5999999999998,-34.5500000000001,0.8));
#18722=CARTESIAN_POINT('',(-83.3999999999997,-34.5500000000001,0.));
#18723=CARTESIAN_POINT('',(-82.5999999999998,-77.2750000000001,0.8));
#18724=CARTESIAN_POINT('Origin',(-79.9999999999997,-45.4500000000001,0.4));
#18725=CARTESIAN_POINT('',(-77.3999999999997,-45.4500000000001,0.8));
#18726=CARTESIAN_POINT('',(-77.3999999999997,-45.4500000000001,0.8));
#18727=CARTESIAN_POINT('Origin',(-79.9999999999997,-45.4500000000001,0.8));
#18728=CARTESIAN_POINT('Origin',(-76.9999999999998,-82.7250000000001,0.4));
#18729=CARTESIAN_POINT('',(-77.3999999999997,-34.5500000000001,0.8));
#18730=CARTESIAN_POINT('',(-77.3999999999997,-34.5500000000001,0.8));
#18731=CARTESIAN_POINT('',(-77.3999999999997,-82.7250000000001,0.8));
#18732=CARTESIAN_POINT('Origin',(-79.9999999999997,-34.5500000000001,0.4));
#18733=CARTESIAN_POINT('Origin',(-79.9999999999997,-34.5500000000001,0.8));
#18734=CARTESIAN_POINT('Origin',(-79.9999999999997,-45.4500000000001,0.));
#18735=CARTESIAN_POINT('',(-82.5999999999998,-45.4500000000001,4.2));
#18736=CARTESIAN_POINT('',(-82.5999999999998,-45.4500000000001,0.));
#18737=CARTESIAN_POINT('',(-77.3999999999997,-45.4500000000001,4.2));
#18738=CARTESIAN_POINT('Origin',(-79.9999999999997,-45.4500000000001,4.2));
#18739=CARTESIAN_POINT('',(-77.3999999999997,-45.4500000000001,0.));
#18740=CARTESIAN_POINT('Origin',(-82.5999999999998,-34.5500000000001,0.));
#18741=CARTESIAN_POINT('',(-82.5999999999998,-34.5500000000001,4.2));
#18742=CARTESIAN_POINT('',(-82.5999999999998,-34.5500000000001,0.));
#18743=CARTESIAN_POINT('',(-82.5999999999998,-77.2750000000001,4.2));
#18744=CARTESIAN_POINT('Origin',(-79.9999999999997,-45.4500000000001,4.6));
#18745=CARTESIAN_POINT('',(-82.5999999999998,-45.4500000000001,4.2));
#18746=CARTESIAN_POINT('',(-76.5999999999998,-45.4500000000001,5.));
#18747=CARTESIAN_POINT('Origin',(-82.9999999999998,-77.2750000000001,4.6));
#18748=CARTESIAN_POINT('',(-82.5999999999998,-34.5500000000001,4.2));
#18749=CARTESIAN_POINT('Origin',(-79.9999999999997,-34.5500000000001,4.6));
#18750=CARTESIAN_POINT('',(-77.3999999999997,-34.5500000000001,4.2));
#18751=CARTESIAN_POINT('',(-77.3999999999997,-34.5500000000001,4.2));
#18752=CARTESIAN_POINT('Origin',(-79.9999999999997,-34.5500000000001,4.2));
#18753=CARTESIAN_POINT('Origin',(-76.9999999999998,-82.7250000000001,4.6));
#18754=CARTESIAN_POINT('',(-77.3999999999997,-82.7250000000001,4.2));
#18755=CARTESIAN_POINT('Origin',(-77.3999999999997,-45.4500000000001,0.));
#18756=CARTESIAN_POINT('',(-77.3999999999997,-34.5500000000001,0.));
#18757=CARTESIAN_POINT('Origin',(-79.9999999999997,-34.5500000000001,0.));
#18758=CARTESIAN_POINT('Origin',(-42.9999999999998,-77.2750000000001,0.4));
#18759=CARTESIAN_POINT('',(-42.5999999999998,-45.4500000000001,0.8));
#18760=CARTESIAN_POINT('',(-42.5999999999998,-45.4500000000001,0.8));
#18761=CARTESIAN_POINT('',(-42.5999999999998,-34.5500000000001,0.8));
#18762=CARTESIAN_POINT('',(-43.3999999999997,-34.5500000000001,0.));
#18763=CARTESIAN_POINT('',(-42.5999999999998,-77.2750000000001,0.8));
#18764=CARTESIAN_POINT('Origin',(-39.9999999999998,-45.4500000000001,0.4));
#18765=CARTESIAN_POINT('',(-37.3999999999997,-45.4500000000001,0.8));
#18766=CARTESIAN_POINT('',(-37.3999999999997,-45.4500000000001,0.8));
#18767=CARTESIAN_POINT('Origin',(-39.9999999999998,-45.4500000000001,0.8));
#18768=CARTESIAN_POINT('Origin',(-36.9999999999998,-82.7250000000001,0.4));
#18769=CARTESIAN_POINT('',(-37.3999999999997,-34.5500000000001,0.8));
#18770=CARTESIAN_POINT('',(-37.3999999999997,-34.5500000000001,0.8));
#18771=CARTESIAN_POINT('',(-37.3999999999997,-82.7250000000001,0.8));
#18772=CARTESIAN_POINT('Origin',(-39.9999999999998,-34.5500000000001,0.4));
#18773=CARTESIAN_POINT('Origin',(-39.9999999999998,-34.5500000000001,0.8));
#18774=CARTESIAN_POINT('Origin',(-39.9999999999998,-45.4500000000001,0.));
#18775=CARTESIAN_POINT('',(-42.5999999999998,-45.4500000000001,4.2));
#18776=CARTESIAN_POINT('',(-42.5999999999998,-45.4500000000001,0.));
#18777=CARTESIAN_POINT('',(-37.3999999999997,-45.4500000000001,4.2));
#18778=CARTESIAN_POINT('Origin',(-39.9999999999998,-45.4500000000001,4.2));
#18779=CARTESIAN_POINT('',(-37.3999999999997,-45.4500000000001,0.));
#18780=CARTESIAN_POINT('Origin',(-42.5999999999998,-34.5500000000001,0.));
#18781=CARTESIAN_POINT('',(-42.5999999999998,-34.5500000000001,4.2));
#18782=CARTESIAN_POINT('',(-42.5999999999998,-34.5500000000001,0.));
#18783=CARTESIAN_POINT('',(-42.5999999999998,-77.2750000000001,4.2));
#18784=CARTESIAN_POINT('Origin',(-39.9999999999998,-45.4500000000001,4.6));
#18785=CARTESIAN_POINT('',(-42.5999999999998,-45.4500000000001,4.2));
#18786=CARTESIAN_POINT('',(-36.5999999999998,-45.4500000000001,5.));
#18787=CARTESIAN_POINT('Origin',(-42.9999999999998,-77.2750000000001,4.6));
#18788=CARTESIAN_POINT('',(-42.5999999999998,-34.5500000000001,4.2));
#18789=CARTESIAN_POINT('Origin',(-39.9999999999998,-34.5500000000001,4.6));
#18790=CARTESIAN_POINT('',(-37.3999999999997,-34.5500000000001,4.2));
#18791=CARTESIAN_POINT('',(-37.3999999999997,-34.5500000000001,4.2));
#18792=CARTESIAN_POINT('Origin',(-39.9999999999998,-34.5500000000001,4.2));
#18793=CARTESIAN_POINT('Origin',(-36.9999999999998,-82.7250000000001,4.6));
#18794=CARTESIAN_POINT('',(-37.3999999999997,-82.7250000000001,4.2));
#18795=CARTESIAN_POINT('Origin',(-37.3999999999997,-45.4500000000001,0.));
#18796=CARTESIAN_POINT('',(-37.3999999999997,-34.5500000000001,0.));
#18797=CARTESIAN_POINT('Origin',(-39.9999999999998,-34.5500000000001,0.));
#18798=CARTESIAN_POINT('Origin',(-2.99999999999976,-77.2750000000001,0.4));
#18799=CARTESIAN_POINT('',(-2.59999999999975,-45.4500000000001,0.8));
#18800=CARTESIAN_POINT('',(-2.59999999999975,-45.4500000000001,0.8));
#18801=CARTESIAN_POINT('',(-2.59999999999975,-34.5500000000001,0.8));
#18802=CARTESIAN_POINT('',(-3.39999999999975,-34.5500000000001,0.));
#18803=CARTESIAN_POINT('',(-2.59999999999975,-77.2750000000001,0.8));
#18804=CARTESIAN_POINT('Origin',(2.48689957516035E-13,-45.4500000000001,
0.4));
#18805=CARTESIAN_POINT('',(2.60000000000025,-45.4500000000001,0.8));
#18806=CARTESIAN_POINT('',(2.60000000000025,-45.4500000000001,0.8));
#18807=CARTESIAN_POINT('Origin',(2.48689957516035E-13,-45.4500000000001,
0.8));
#18808=CARTESIAN_POINT('Origin',(3.00000000000025,-82.7250000000001,0.4));
#18809=CARTESIAN_POINT('',(2.60000000000025,-34.5500000000001,0.8));
#18810=CARTESIAN_POINT('',(2.60000000000025,-34.5500000000001,0.8));
#18811=CARTESIAN_POINT('',(2.60000000000025,-82.7250000000001,0.8));
#18812=CARTESIAN_POINT('Origin',(2.48689957516035E-13,-34.5500000000001,
0.4));
#18813=CARTESIAN_POINT('Origin',(2.48689957516035E-13,-34.5500000000001,
0.8));
#18814=CARTESIAN_POINT('Origin',(2.48689957516035E-13,-45.4500000000001,
0.));
#18815=CARTESIAN_POINT('',(-2.59999999999975,-45.4500000000001,4.2));
#18816=CARTESIAN_POINT('',(-2.59999999999975,-45.4500000000001,0.));
#18817=CARTESIAN_POINT('',(2.60000000000025,-45.4500000000001,4.2));
#18818=CARTESIAN_POINT('Origin',(2.48689957516035E-13,-45.4500000000001,
4.2));
#18819=CARTESIAN_POINT('',(2.60000000000025,-45.4500000000001,0.));
#18820=CARTESIAN_POINT('Origin',(-2.59999999999975,-34.5500000000001,0.));
#18821=CARTESIAN_POINT('',(-2.59999999999975,-34.5500000000001,4.2));
#18822=CARTESIAN_POINT('',(-2.59999999999975,-34.5500000000001,0.));
#18823=CARTESIAN_POINT('',(-2.59999999999975,-77.2750000000001,4.2));
#18824=CARTESIAN_POINT('Origin',(2.48689957516035E-13,-45.4500000000001,
4.6));
#18825=CARTESIAN_POINT('',(-2.59999999999975,-45.4500000000001,4.2));
#18826=CARTESIAN_POINT('',(3.40000000000025,-45.4500000000001,5.));
#18827=CARTESIAN_POINT('Origin',(-2.99999999999976,-77.2750000000001,4.6));
#18828=CARTESIAN_POINT('',(-2.59999999999975,-34.5500000000001,4.2));
#18829=CARTESIAN_POINT('Origin',(2.48689957516035E-13,-34.5500000000001,
4.6));
#18830=CARTESIAN_POINT('',(2.60000000000025,-34.5500000000001,4.2));
#18831=CARTESIAN_POINT('',(2.60000000000025,-34.5500000000001,4.2));
#18832=CARTESIAN_POINT('Origin',(2.48689957516035E-13,-34.5500000000001,
4.2));
#18833=CARTESIAN_POINT('Origin',(3.00000000000025,-82.7250000000001,4.6));
#18834=CARTESIAN_POINT('',(2.60000000000025,-82.7250000000001,4.2));
#18835=CARTESIAN_POINT('Origin',(2.60000000000025,-45.4500000000001,0.));
#18836=CARTESIAN_POINT('',(2.60000000000025,-34.5500000000001,0.));
#18837=CARTESIAN_POINT('Origin',(2.48689957516035E-13,-34.5500000000001,
0.));
#18838=CARTESIAN_POINT('Origin',(37.0000000000002,-77.2750000000001,0.4));
#18839=CARTESIAN_POINT('',(37.4000000000002,-45.4500000000001,0.8));
#18840=CARTESIAN_POINT('',(37.4000000000002,-45.4500000000001,0.8));
#18841=CARTESIAN_POINT('',(37.4000000000002,-34.5500000000001,0.8));
#18842=CARTESIAN_POINT('',(36.6000000000003,-34.5500000000001,0.));
#18843=CARTESIAN_POINT('',(37.4000000000002,-77.2750000000001,0.8));
#18844=CARTESIAN_POINT('Origin',(40.0000000000002,-45.4500000000001,0.4));
#18845=CARTESIAN_POINT('',(42.6000000000003,-45.4500000000001,0.8));
#18846=CARTESIAN_POINT('',(42.6000000000003,-45.4500000000001,0.8));
#18847=CARTESIAN_POINT('Origin',(40.0000000000002,-45.4500000000001,0.8));
#18848=CARTESIAN_POINT('Origin',(43.0000000000002,-82.7250000000001,0.4));
#18849=CARTESIAN_POINT('',(42.6000000000003,-34.5500000000001,0.8));
#18850=CARTESIAN_POINT('',(42.6000000000003,-34.5500000000001,0.8));
#18851=CARTESIAN_POINT('',(42.6000000000003,-82.7250000000001,0.8));
#18852=CARTESIAN_POINT('Origin',(40.0000000000002,-34.5500000000001,0.4));
#18853=CARTESIAN_POINT('Origin',(40.0000000000002,-34.5500000000001,0.8));
#18854=CARTESIAN_POINT('Origin',(40.0000000000002,-45.4500000000001,0.));
#18855=CARTESIAN_POINT('',(37.4000000000002,-45.4500000000001,4.2));
#18856=CARTESIAN_POINT('',(37.4000000000002,-45.4500000000001,0.));
#18857=CARTESIAN_POINT('',(42.6000000000003,-45.4500000000001,4.2));
#18858=CARTESIAN_POINT('Origin',(40.0000000000002,-45.4500000000001,4.2));
#18859=CARTESIAN_POINT('',(42.6000000000003,-45.4500000000001,0.));
#18860=CARTESIAN_POINT('Origin',(37.4000000000002,-34.5500000000001,0.));
#18861=CARTESIAN_POINT('',(37.4000000000002,-34.5500000000001,4.2));
#18862=CARTESIAN_POINT('',(37.4000000000002,-34.5500000000001,0.));
#18863=CARTESIAN_POINT('',(37.4000000000002,-77.2750000000001,4.2));
#18864=CARTESIAN_POINT('Origin',(40.0000000000002,-45.4500000000001,4.6));
#18865=CARTESIAN_POINT('',(37.4000000000002,-45.4500000000001,4.2));
#18866=CARTESIAN_POINT('',(43.4000000000002,-45.4500000000001,5.));
#18867=CARTESIAN_POINT('Origin',(37.0000000000002,-77.2750000000001,4.6));
#18868=CARTESIAN_POINT('',(37.4000000000002,-34.5500000000001,4.2));
#18869=CARTESIAN_POINT('Origin',(40.0000000000002,-34.5500000000001,4.6));
#18870=CARTESIAN_POINT('',(42.6000000000003,-34.5500000000001,4.2));
#18871=CARTESIAN_POINT('',(42.6000000000003,-34.5500000000001,4.2));
#18872=CARTESIAN_POINT('Origin',(40.0000000000002,-34.5500000000001,4.2));
#18873=CARTESIAN_POINT('Origin',(43.0000000000002,-82.7250000000001,4.6));
#18874=CARTESIAN_POINT('',(42.6000000000003,-82.7250000000001,4.2));
#18875=CARTESIAN_POINT('Origin',(42.6000000000003,-45.4500000000001,0.));
#18876=CARTESIAN_POINT('',(42.6000000000003,-34.5500000000001,0.));
#18877=CARTESIAN_POINT('Origin',(40.0000000000002,-34.5500000000001,0.));
#18878=CARTESIAN_POINT('Origin',(77.0000000000002,-77.2750000000001,0.4));
#18879=CARTESIAN_POINT('',(77.4000000000002,-45.4500000000001,0.8));
#18880=CARTESIAN_POINT('',(77.4000000000002,-45.4500000000001,0.8));
#18881=CARTESIAN_POINT('',(77.4000000000002,-34.5500000000001,0.8));
#18882=CARTESIAN_POINT('',(76.6000000000003,-34.5500000000001,0.));
#18883=CARTESIAN_POINT('',(77.4000000000002,-77.2750000000001,0.8));
#18884=CARTESIAN_POINT('Origin',(80.0000000000003,-45.4500000000001,0.4));
#18885=CARTESIAN_POINT('',(82.6000000000003,-45.4500000000001,0.8));
#18886=CARTESIAN_POINT('',(82.6000000000003,-45.4500000000001,0.8));
#18887=CARTESIAN_POINT('Origin',(80.0000000000003,-45.4500000000001,0.8));
#18888=CARTESIAN_POINT('Origin',(83.0000000000003,-82.7250000000001,0.4));
#18889=CARTESIAN_POINT('',(82.6000000000003,-34.5500000000001,0.8));
#18890=CARTESIAN_POINT('',(82.6000000000003,-34.5500000000001,0.8));
#18891=CARTESIAN_POINT('',(82.6000000000003,-82.7250000000001,0.8));
#18892=CARTESIAN_POINT('Origin',(80.0000000000003,-34.5500000000001,0.4));
#18893=CARTESIAN_POINT('Origin',(80.0000000000003,-34.5500000000001,0.8));
#18894=CARTESIAN_POINT('Origin',(80.0000000000003,-45.4500000000001,0.));
#18895=CARTESIAN_POINT('',(77.4000000000002,-45.4500000000001,4.2));
#18896=CARTESIAN_POINT('',(77.4000000000002,-45.4500000000001,0.));
#18897=CARTESIAN_POINT('',(82.6000000000003,-45.4500000000001,4.2));
#18898=CARTESIAN_POINT('Origin',(80.0000000000003,-45.4500000000001,4.2));
#18899=CARTESIAN_POINT('',(82.6000000000003,-45.4500000000001,0.));
#18900=CARTESIAN_POINT('Origin',(77.4000000000002,-34.5500000000001,0.));
#18901=CARTESIAN_POINT('',(77.4000000000002,-34.5500000000001,4.2));
#18902=CARTESIAN_POINT('',(77.4000000000002,-34.5500000000001,0.));
#18903=CARTESIAN_POINT('',(77.4000000000002,-77.2750000000001,4.2));
#18904=CARTESIAN_POINT('Origin',(80.0000000000003,-45.4500000000001,4.6));
#18905=CARTESIAN_POINT('',(77.4000000000002,-45.4500000000001,4.2));
#18906=CARTESIAN_POINT('',(83.4000000000002,-45.4500000000001,5.));
#18907=CARTESIAN_POINT('Origin',(77.0000000000002,-77.2750000000001,4.6));
#18908=CARTESIAN_POINT('',(77.4000000000002,-34.5500000000001,4.2));
#18909=CARTESIAN_POINT('Origin',(80.0000000000003,-34.5500000000001,4.6));
#18910=CARTESIAN_POINT('',(82.6000000000003,-34.5500000000001,4.2));
#18911=CARTESIAN_POINT('',(82.6000000000003,-34.5500000000001,4.2));
#18912=CARTESIAN_POINT('Origin',(80.0000000000003,-34.5500000000001,4.2));
#18913=CARTESIAN_POINT('Origin',(83.0000000000003,-82.7250000000001,4.6));
#18914=CARTESIAN_POINT('',(82.6000000000003,-82.7250000000001,4.2));
#18915=CARTESIAN_POINT('Origin',(82.6000000000003,-45.4500000000001,0.));
#18916=CARTESIAN_POINT('',(82.6000000000003,-34.5500000000001,0.));
#18917=CARTESIAN_POINT('Origin',(80.0000000000003,-34.5500000000001,0.));
#18918=CARTESIAN_POINT('Origin',(-82.9999999999998,-117.275,0.4));
#18919=CARTESIAN_POINT('',(-82.5999999999998,-85.4500000000001,0.8));
#18920=CARTESIAN_POINT('',(-82.5999999999998,-85.4500000000001,0.8));
#18921=CARTESIAN_POINT('',(-82.5999999999998,-74.5500000000001,0.8));
#18922=CARTESIAN_POINT('',(-83.3999999999997,-74.5500000000001,0.));
#18923=CARTESIAN_POINT('',(-82.5999999999998,-117.275,0.8));
#18924=CARTESIAN_POINT('Origin',(-79.9999999999997,-85.4500000000001,0.4));
#18925=CARTESIAN_POINT('',(-77.3999999999997,-85.4500000000001,0.8));
#18926=CARTESIAN_POINT('',(-77.3999999999997,-85.4500000000001,0.8));
#18927=CARTESIAN_POINT('Origin',(-79.9999999999997,-85.4500000000001,0.8));
#18928=CARTESIAN_POINT('Origin',(-76.9999999999998,-122.725,0.4));
#18929=CARTESIAN_POINT('',(-77.3999999999997,-74.5500000000001,0.8));
#18930=CARTESIAN_POINT('',(-77.3999999999997,-74.5500000000001,0.8));
#18931=CARTESIAN_POINT('',(-77.3999999999997,-122.725,0.8));
#18932=CARTESIAN_POINT('Origin',(-79.9999999999997,-74.5500000000001,0.4));
#18933=CARTESIAN_POINT('Origin',(-79.9999999999997,-74.5500000000001,0.8));
#18934=CARTESIAN_POINT('Origin',(-79.9999999999997,-85.4500000000001,0.));
#18935=CARTESIAN_POINT('',(-82.5999999999998,-85.4500000000001,4.2));
#18936=CARTESIAN_POINT('',(-82.5999999999998,-85.4500000000001,0.));
#18937=CARTESIAN_POINT('',(-77.3999999999997,-85.4500000000001,4.2));
#18938=CARTESIAN_POINT('Origin',(-79.9999999999997,-85.4500000000001,4.2));
#18939=CARTESIAN_POINT('',(-77.3999999999997,-85.4500000000001,0.));
#18940=CARTESIAN_POINT('Origin',(-82.5999999999998,-74.5500000000001,0.));
#18941=CARTESIAN_POINT('',(-82.5999999999998,-74.5500000000001,4.2));
#18942=CARTESIAN_POINT('',(-82.5999999999998,-74.5500000000001,0.));
#18943=CARTESIAN_POINT('',(-82.5999999999998,-117.275,4.2));
#18944=CARTESIAN_POINT('Origin',(-79.9999999999997,-85.4500000000001,4.6));
#18945=CARTESIAN_POINT('',(-82.5999999999998,-85.4500000000001,4.2));
#18946=CARTESIAN_POINT('',(-76.5999999999998,-85.4500000000001,5.));
#18947=CARTESIAN_POINT('Origin',(-82.9999999999998,-117.275,4.6));
#18948=CARTESIAN_POINT('',(-82.5999999999998,-74.5500000000001,4.2));
#18949=CARTESIAN_POINT('Origin',(-79.9999999999997,-74.5500000000001,4.6));
#18950=CARTESIAN_POINT('',(-77.3999999999997,-74.5500000000001,4.2));
#18951=CARTESIAN_POINT('',(-77.3999999999997,-74.5500000000001,4.2));
#18952=CARTESIAN_POINT('Origin',(-79.9999999999997,-74.5500000000001,4.2));
#18953=CARTESIAN_POINT('Origin',(-76.9999999999998,-122.725,4.6));
#18954=CARTESIAN_POINT('',(-77.3999999999997,-122.725,4.2));
#18955=CARTESIAN_POINT('Origin',(-77.3999999999997,-85.4500000000001,0.));
#18956=CARTESIAN_POINT('',(-77.3999999999997,-74.5500000000001,0.));
#18957=CARTESIAN_POINT('Origin',(-79.9999999999997,-74.5500000000001,0.));
#18958=CARTESIAN_POINT('Origin',(-42.9999999999998,-117.275,0.4));
#18959=CARTESIAN_POINT('',(-42.5999999999998,-85.4500000000001,0.8));
#18960=CARTESIAN_POINT('',(-42.5999999999998,-85.4500000000001,0.8));
#18961=CARTESIAN_POINT('',(-42.5999999999998,-74.5500000000001,0.8));
#18962=CARTESIAN_POINT('',(-43.3999999999997,-74.5500000000001,0.));
#18963=CARTESIAN_POINT('',(-42.5999999999998,-117.275,0.8));
#18964=CARTESIAN_POINT('Origin',(-39.9999999999998,-85.4500000000001,0.4));
#18965=CARTESIAN_POINT('',(-37.3999999999997,-85.4500000000001,0.8));
#18966=CARTESIAN_POINT('',(-37.3999999999997,-85.4500000000001,0.8));
#18967=CARTESIAN_POINT('Origin',(-39.9999999999998,-85.4500000000001,0.8));
#18968=CARTESIAN_POINT('Origin',(-36.9999999999998,-122.725,0.4));
#18969=CARTESIAN_POINT('',(-37.3999999999997,-74.5500000000001,0.8));
#18970=CARTESIAN_POINT('',(-37.3999999999997,-74.5500000000001,0.8));
#18971=CARTESIAN_POINT('',(-37.3999999999997,-122.725,0.8));
#18972=CARTESIAN_POINT('Origin',(-39.9999999999998,-74.5500000000001,0.4));
#18973=CARTESIAN_POINT('Origin',(-39.9999999999998,-74.5500000000001,0.8));
#18974=CARTESIAN_POINT('Origin',(-39.9999999999998,-85.4500000000001,0.));
#18975=CARTESIAN_POINT('',(-42.5999999999998,-85.4500000000001,4.2));
#18976=CARTESIAN_POINT('',(-42.5999999999998,-85.4500000000001,0.));
#18977=CARTESIAN_POINT('',(-37.3999999999997,-85.4500000000001,4.2));
#18978=CARTESIAN_POINT('Origin',(-39.9999999999998,-85.4500000000001,4.2));
#18979=CARTESIAN_POINT('',(-37.3999999999997,-85.4500000000001,0.));
#18980=CARTESIAN_POINT('Origin',(-42.5999999999998,-74.5500000000001,0.));
#18981=CARTESIAN_POINT('',(-42.5999999999998,-74.5500000000001,4.2));
#18982=CARTESIAN_POINT('',(-42.5999999999998,-74.5500000000001,0.));
#18983=CARTESIAN_POINT('',(-42.5999999999998,-117.275,4.2));
#18984=CARTESIAN_POINT('Origin',(-39.9999999999998,-85.4500000000001,4.6));
#18985=CARTESIAN_POINT('',(-42.5999999999998,-85.4500000000001,4.2));
#18986=CARTESIAN_POINT('',(-36.5999999999998,-85.4500000000001,5.));
#18987=CARTESIAN_POINT('Origin',(-42.9999999999998,-117.275,4.6));
#18988=CARTESIAN_POINT('',(-42.5999999999998,-74.5500000000001,4.2));
#18989=CARTESIAN_POINT('Origin',(-39.9999999999998,-74.5500000000001,4.6));
#18990=CARTESIAN_POINT('',(-37.3999999999997,-74.5500000000001,4.2));
#18991=CARTESIAN_POINT('',(-37.3999999999997,-74.5500000000001,4.2));
#18992=CARTESIAN_POINT('Origin',(-39.9999999999998,-74.5500000000001,4.2));
#18993=CARTESIAN_POINT('Origin',(-36.9999999999998,-122.725,4.6));
#18994=CARTESIAN_POINT('',(-37.3999999999997,-122.725,4.2));
#18995=CARTESIAN_POINT('Origin',(-37.3999999999997,-85.4500000000001,0.));
#18996=CARTESIAN_POINT('',(-37.3999999999997,-74.5500000000001,0.));
#18997=CARTESIAN_POINT('Origin',(-39.9999999999998,-74.5500000000001,0.));
#18998=CARTESIAN_POINT('Origin',(-2.99999999999976,-117.275,0.4));
#18999=CARTESIAN_POINT('',(-2.59999999999975,-85.4500000000001,0.8));
#19000=CARTESIAN_POINT('',(-2.59999999999975,-85.4500000000001,0.8));
#19001=CARTESIAN_POINT('',(-2.59999999999975,-74.5500000000001,0.8));
#19002=CARTESIAN_POINT('',(-3.39999999999975,-74.5500000000001,0.));
#19003=CARTESIAN_POINT('',(-2.59999999999975,-117.275,0.8));
#19004=CARTESIAN_POINT('Origin',(2.48689957516035E-13,-85.4500000000001,
0.4));
#19005=CARTESIAN_POINT('',(2.60000000000025,-85.4500000000001,0.8));
#19006=CARTESIAN_POINT('',(2.60000000000025,-85.4500000000001,0.8));
#19007=CARTESIAN_POINT('Origin',(2.48689957516035E-13,-85.4500000000001,
0.8));
#19008=CARTESIAN_POINT('Origin',(3.00000000000025,-122.725,0.4));
#19009=CARTESIAN_POINT('',(2.60000000000025,-74.5500000000001,0.8));
#19010=CARTESIAN_POINT('',(2.60000000000025,-74.5500000000001,0.8));
#19011=CARTESIAN_POINT('',(2.60000000000025,-122.725,0.8));
#19012=CARTESIAN_POINT('Origin',(2.48689957516035E-13,-74.5500000000001,
0.4));
#19013=CARTESIAN_POINT('Origin',(2.48689957516035E-13,-74.5500000000001,
0.8));
#19014=CARTESIAN_POINT('Origin',(2.48689957516035E-13,-85.4500000000001,
0.));
#19015=CARTESIAN_POINT('',(-2.59999999999975,-85.4500000000001,4.2));
#19016=CARTESIAN_POINT('',(-2.59999999999975,-85.4500000000001,0.));
#19017=CARTESIAN_POINT('',(2.60000000000025,-85.4500000000001,4.2));
#19018=CARTESIAN_POINT('Origin',(2.48689957516035E-13,-85.4500000000001,
4.2));
#19019=CARTESIAN_POINT('',(2.60000000000025,-85.4500000000001,0.));
#19020=CARTESIAN_POINT('Origin',(-2.59999999999975,-74.5500000000001,0.));
#19021=CARTESIAN_POINT('',(-2.59999999999975,-74.5500000000001,4.2));
#19022=CARTESIAN_POINT('',(-2.59999999999975,-74.5500000000001,0.));
#19023=CARTESIAN_POINT('',(-2.59999999999975,-117.275,4.2));
#19024=CARTESIAN_POINT('Origin',(2.48689957516035E-13,-85.4500000000001,
4.6));
#19025=CARTESIAN_POINT('',(-2.59999999999975,-85.4500000000001,4.2));
#19026=CARTESIAN_POINT('',(3.40000000000025,-85.4500000000001,5.));
#19027=CARTESIAN_POINT('Origin',(-2.99999999999976,-117.275,4.6));
#19028=CARTESIAN_POINT('',(-2.59999999999975,-74.5500000000001,4.2));
#19029=CARTESIAN_POINT('Origin',(2.48689957516035E-13,-74.5500000000001,
4.6));
#19030=CARTESIAN_POINT('',(2.60000000000025,-74.5500000000001,4.2));
#19031=CARTESIAN_POINT('',(2.60000000000025,-74.5500000000001,4.2));
#19032=CARTESIAN_POINT('Origin',(2.48689957516035E-13,-74.5500000000001,
4.2));
#19033=CARTESIAN_POINT('Origin',(3.00000000000025,-122.725,4.6));
#19034=CARTESIAN_POINT('',(2.60000000000025,-122.725,4.2));
#19035=CARTESIAN_POINT('Origin',(2.60000000000025,-85.4500000000001,0.));
#19036=CARTESIAN_POINT('',(2.60000000000025,-74.5500000000001,0.));
#19037=CARTESIAN_POINT('Origin',(2.48689957516035E-13,-74.5500000000001,
0.));
#19038=CARTESIAN_POINT('Origin',(37.0000000000002,-117.275,0.4));
#19039=CARTESIAN_POINT('',(37.4000000000002,-85.4500000000001,0.8));
#19040=CARTESIAN_POINT('',(37.4000000000002,-85.4500000000001,0.8));
#19041=CARTESIAN_POINT('',(37.4000000000002,-74.5500000000001,0.8));
#19042=CARTESIAN_POINT('',(36.6000000000003,-74.5500000000001,0.));
#19043=CARTESIAN_POINT('',(37.4000000000002,-117.275,0.8));
#19044=CARTESIAN_POINT('Origin',(40.0000000000002,-85.4500000000001,0.4));
#19045=CARTESIAN_POINT('',(42.6000000000003,-85.4500000000001,0.8));
#19046=CARTESIAN_POINT('',(42.6000000000003,-85.4500000000001,0.8));
#19047=CARTESIAN_POINT('Origin',(40.0000000000002,-85.4500000000001,0.8));
#19048=CARTESIAN_POINT('Origin',(43.0000000000002,-122.725,0.4));
#19049=CARTESIAN_POINT('',(42.6000000000003,-74.5500000000001,0.8));
#19050=CARTESIAN_POINT('',(42.6000000000003,-74.5500000000001,0.8));
#19051=CARTESIAN_POINT('',(42.6000000000003,-122.725,0.8));
#19052=CARTESIAN_POINT('Origin',(40.0000000000002,-74.5500000000001,0.4));
#19053=CARTESIAN_POINT('Origin',(40.0000000000002,-74.5500000000001,0.8));
#19054=CARTESIAN_POINT('Origin',(40.0000000000002,-85.4500000000001,0.));
#19055=CARTESIAN_POINT('',(37.4000000000002,-85.4500000000001,4.2));
#19056=CARTESIAN_POINT('',(37.4000000000002,-85.4500000000001,0.));
#19057=CARTESIAN_POINT('',(42.6000000000003,-85.4500000000001,4.2));
#19058=CARTESIAN_POINT('Origin',(40.0000000000002,-85.4500000000001,4.2));
#19059=CARTESIAN_POINT('',(42.6000000000003,-85.4500000000001,0.));
#19060=CARTESIAN_POINT('Origin',(37.4000000000002,-74.5500000000001,0.));
#19061=CARTESIAN_POINT('',(37.4000000000002,-74.5500000000001,4.2));
#19062=CARTESIAN_POINT('',(37.4000000000002,-74.5500000000001,0.));
#19063=CARTESIAN_POINT('',(37.4000000000002,-117.275,4.2));
#19064=CARTESIAN_POINT('Origin',(40.0000000000002,-85.4500000000001,4.6));
#19065=CARTESIAN_POINT('',(37.4000000000002,-85.4500000000001,4.2));
#19066=CARTESIAN_POINT('',(43.4000000000002,-85.4500000000001,5.));
#19067=CARTESIAN_POINT('Origin',(37.0000000000002,-117.275,4.6));
#19068=CARTESIAN_POINT('',(37.4000000000002,-74.5500000000001,4.2));
#19069=CARTESIAN_POINT('Origin',(40.0000000000002,-74.5500000000001,4.6));
#19070=CARTESIAN_POINT('',(42.6000000000003,-74.5500000000001,4.2));
#19071=CARTESIAN_POINT('',(42.6000000000003,-74.5500000000001,4.2));
#19072=CARTESIAN_POINT('Origin',(40.0000000000002,-74.5500000000001,4.2));
#19073=CARTESIAN_POINT('Origin',(43.0000000000002,-122.725,4.6));
#19074=CARTESIAN_POINT('',(42.6000000000003,-122.725,4.2));
#19075=CARTESIAN_POINT('Origin',(42.6000000000003,-85.4500000000001,0.));
#19076=CARTESIAN_POINT('',(42.6000000000003,-74.5500000000001,0.));
#19077=CARTESIAN_POINT('Origin',(40.0000000000002,-74.5500000000001,0.));
#19078=CARTESIAN_POINT('Origin',(77.0000000000002,-117.275,0.4));
#19079=CARTESIAN_POINT('',(77.4000000000002,-85.4500000000001,0.8));
#19080=CARTESIAN_POINT('',(77.4000000000002,-85.4500000000001,0.8));
#19081=CARTESIAN_POINT('',(77.4000000000002,-74.5500000000001,0.8));
#19082=CARTESIAN_POINT('',(76.6000000000003,-74.5500000000001,0.));
#19083=CARTESIAN_POINT('',(77.4000000000002,-117.275,0.8));
#19084=CARTESIAN_POINT('Origin',(80.0000000000003,-85.4500000000001,0.4));
#19085=CARTESIAN_POINT('',(82.6000000000003,-85.4500000000001,0.8));
#19086=CARTESIAN_POINT('',(82.6000000000003,-85.4500000000001,0.8));
#19087=CARTESIAN_POINT('Origin',(80.0000000000003,-85.4500000000001,0.8));
#19088=CARTESIAN_POINT('Origin',(83.0000000000003,-122.725,0.4));
#19089=CARTESIAN_POINT('',(82.6000000000003,-74.5500000000001,0.8));
#19090=CARTESIAN_POINT('',(82.6000000000003,-74.5500000000001,0.8));
#19091=CARTESIAN_POINT('',(82.6000000000003,-122.725,0.8));
#19092=CARTESIAN_POINT('Origin',(80.0000000000003,-74.5500000000001,0.4));
#19093=CARTESIAN_POINT('Origin',(80.0000000000003,-74.5500000000001,0.8));
#19094=CARTESIAN_POINT('Origin',(80.0000000000003,-85.4500000000001,0.));
#19095=CARTESIAN_POINT('',(77.4000000000002,-85.4500000000001,4.2));
#19096=CARTESIAN_POINT('',(77.4000000000002,-85.4500000000001,0.));
#19097=CARTESIAN_POINT('',(82.6000000000003,-85.4500000000001,4.2));
#19098=CARTESIAN_POINT('Origin',(80.0000000000003,-85.4500000000001,4.2));
#19099=CARTESIAN_POINT('',(82.6000000000003,-85.4500000000001,0.));
#19100=CARTESIAN_POINT('Origin',(77.4000000000002,-74.5500000000001,0.));
#19101=CARTESIAN_POINT('',(77.4000000000002,-74.5500000000001,4.2));
#19102=CARTESIAN_POINT('',(77.4000000000002,-74.5500000000001,0.));
#19103=CARTESIAN_POINT('',(77.4000000000002,-117.275,4.2));
#19104=CARTESIAN_POINT('Origin',(80.0000000000003,-85.4500000000001,4.6));
#19105=CARTESIAN_POINT('',(77.4000000000002,-85.4500000000001,4.2));
#19106=CARTESIAN_POINT('',(83.4000000000002,-85.4500000000001,5.));
#19107=CARTESIAN_POINT('Origin',(77.0000000000002,-117.275,4.6));
#19108=CARTESIAN_POINT('',(77.4000000000002,-74.5500000000001,4.2));
#19109=CARTESIAN_POINT('Origin',(80.0000000000003,-74.5500000000001,4.6));
#19110=CARTESIAN_POINT('',(82.6000000000003,-74.5500000000001,4.2));
#19111=CARTESIAN_POINT('',(82.6000000000003,-74.5500000000001,4.2));
#19112=CARTESIAN_POINT('Origin',(80.0000000000003,-74.5500000000001,4.2));
#19113=CARTESIAN_POINT('Origin',(83.0000000000003,-122.725,4.6));
#19114=CARTESIAN_POINT('',(82.6000000000003,-122.725,4.2));
#19115=CARTESIAN_POINT('Origin',(82.6000000000003,-85.4500000000001,0.));
#19116=CARTESIAN_POINT('',(82.6000000000003,-74.5500000000001,0.));
#19117=CARTESIAN_POINT('Origin',(80.0000000000003,-74.5500000000001,0.));
#19118=CARTESIAN_POINT('Origin',(-16.9999999999998,27.2749999999999,4.6));
#19119=CARTESIAN_POINT('',(-17.3999999999998,54.5499999999999,4.2));
#19120=CARTESIAN_POINT('',(-17.3999999999998,54.5499999999999,4.2));
#19121=CARTESIAN_POINT('',(-17.3999999999998,65.4499999999999,4.2));
#19122=CARTESIAN_POINT('',(-16.5999999999998,65.4499999999999,5.));
#19123=CARTESIAN_POINT('',(-17.3999999999998,27.2749999999999,4.2));
#19124=CARTESIAN_POINT('Origin',(-19.9999999999998,54.5499999999999,4.6));
#19125=CARTESIAN_POINT('',(-22.5999999999997,54.5499999999999,4.2));
#19126=CARTESIAN_POINT('',(-22.5999999999997,54.5499999999999,4.2));
#19127=CARTESIAN_POINT('Origin',(-19.9999999999998,54.5499999999999,4.2));
#19128=CARTESIAN_POINT('Origin',(-22.9999999999998,32.7249999999999,4.6));
#19129=CARTESIAN_POINT('',(-22.5999999999997,65.4499999999999,4.2));
#19130=CARTESIAN_POINT('',(-22.5999999999997,65.4499999999999,4.2));
#19131=CARTESIAN_POINT('',(-22.5999999999997,32.7249999999999,4.2));
#19132=CARTESIAN_POINT('Origin',(-19.9999999999998,65.4499999999999,4.6));
#19133=CARTESIAN_POINT('Origin',(-19.9999999999998,65.4499999999999,4.2));
#19134=CARTESIAN_POINT('Origin',(-19.9999999999998,54.5499999999999,0.));
#19135=CARTESIAN_POINT('',(-17.3999999999998,54.5499999999999,0.8));
#19136=CARTESIAN_POINT('',(-17.3999999999998,54.5499999999999,0.));
#19137=CARTESIAN_POINT('',(-22.5999999999997,54.5499999999999,0.8));
#19138=CARTESIAN_POINT('Origin',(-19.9999999999998,54.5499999999999,0.8));
#19139=CARTESIAN_POINT('',(-22.5999999999997,54.5499999999999,0.));
#19140=CARTESIAN_POINT('Origin',(-17.3999999999998,54.5499999999999,0.));
#19141=CARTESIAN_POINT('',(-17.3999999999998,65.4499999999999,0.8));
#19142=CARTESIAN_POINT('',(-17.3999999999998,65.4499999999999,0.));
#19143=CARTESIAN_POINT('',(-17.3999999999998,27.2749999999999,0.8));
#19144=CARTESIAN_POINT('Origin',(-22.9999999999998,32.7249999999999,0.4));
#19145=CARTESIAN_POINT('',(-22.5999999999997,54.5499999999999,0.8));
#19146=CARTESIAN_POINT('',(-22.5999999999997,65.4499999999999,0.8));
#19147=CARTESIAN_POINT('',(-23.3999999999997,65.4499999999999,0.));
#19148=CARTESIAN_POINT('',(-22.5999999999997,32.7249999999999,0.8));
#19149=CARTESIAN_POINT('Origin',(-19.9999999999998,54.5499999999999,0.4));
#19150=CARTESIAN_POINT('',(-17.3999999999998,54.5499999999999,0.8));
#19151=CARTESIAN_POINT('Origin',(-16.9999999999998,27.2749999999999,0.4));
#19152=CARTESIAN_POINT('',(-17.3999999999998,65.4499999999999,0.8));
#19153=CARTESIAN_POINT('Origin',(-19.9999999999998,65.4499999999999,0.4));
#19154=CARTESIAN_POINT('Origin',(-19.9999999999998,65.4499999999999,0.8));
#19155=CARTESIAN_POINT('Origin',(-22.5999999999997,65.4499999999999,0.));
#19156=CARTESIAN_POINT('',(-22.5999999999997,65.4499999999999,0.));
#19157=CARTESIAN_POINT('Origin',(-19.9999999999998,65.4499999999999,0.));
#19158=CARTESIAN_POINT('Origin',(23.0000000000002,27.2749999999999,4.6));
#19159=CARTESIAN_POINT('',(22.6000000000002,54.5499999999999,4.2));
#19160=CARTESIAN_POINT('',(22.6000000000002,54.5499999999999,4.2));
#19161=CARTESIAN_POINT('',(22.6000000000002,65.4499999999999,4.2));
#19162=CARTESIAN_POINT('',(23.4000000000002,65.4499999999999,5.));
#19163=CARTESIAN_POINT('',(22.6000000000002,27.2749999999999,4.2));
#19164=CARTESIAN_POINT('Origin',(20.0000000000002,54.5499999999999,4.6));
#19165=CARTESIAN_POINT('',(17.4000000000003,54.5499999999999,4.2));
#19166=CARTESIAN_POINT('',(17.4000000000003,54.5499999999999,4.2));
#19167=CARTESIAN_POINT('Origin',(20.0000000000002,54.5499999999999,4.2));
#19168=CARTESIAN_POINT('Origin',(17.0000000000002,32.7249999999999,4.6));
#19169=CARTESIAN_POINT('',(17.4000000000003,65.4499999999999,4.2));
#19170=CARTESIAN_POINT('',(17.4000000000003,65.4499999999999,4.2));
#19171=CARTESIAN_POINT('',(17.4000000000003,32.7249999999999,4.2));
#19172=CARTESIAN_POINT('Origin',(20.0000000000002,65.4499999999999,4.6));
#19173=CARTESIAN_POINT('Origin',(20.0000000000002,65.4499999999999,4.2));
#19174=CARTESIAN_POINT('Origin',(20.0000000000002,54.5499999999999,0.));
#19175=CARTESIAN_POINT('',(22.6000000000002,54.5499999999999,0.8));
#19176=CARTESIAN_POINT('',(22.6000000000002,54.5499999999999,0.));
#19177=CARTESIAN_POINT('',(17.4000000000003,54.5499999999999,0.8));
#19178=CARTESIAN_POINT('Origin',(20.0000000000002,54.5499999999999,0.8));
#19179=CARTESIAN_POINT('',(17.4000000000003,54.5499999999999,0.));
#19180=CARTESIAN_POINT('Origin',(22.6000000000002,54.5499999999999,0.));
#19181=CARTESIAN_POINT('',(22.6000000000002,65.4499999999999,0.8));
#19182=CARTESIAN_POINT('',(22.6000000000002,65.4499999999999,0.));
#19183=CARTESIAN_POINT('',(22.6000000000002,27.2749999999999,0.8));
#19184=CARTESIAN_POINT('Origin',(17.0000000000002,32.7249999999999,0.4));
#19185=CARTESIAN_POINT('',(17.4000000000003,54.5499999999999,0.8));
#19186=CARTESIAN_POINT('',(17.4000000000003,65.4499999999999,0.8));
#19187=CARTESIAN_POINT('',(16.6000000000003,65.4499999999999,0.));
#19188=CARTESIAN_POINT('',(17.4000000000003,32.7249999999999,0.8));
#19189=CARTESIAN_POINT('Origin',(20.0000000000002,54.5499999999999,0.4));
#19190=CARTESIAN_POINT('',(22.6000000000002,54.5499999999999,0.8));
#19191=CARTESIAN_POINT('Origin',(23.0000000000002,27.2749999999999,0.4));
#19192=CARTESIAN_POINT('',(22.6000000000002,65.4499999999999,0.8));
#19193=CARTESIAN_POINT('Origin',(20.0000000000002,65.4499999999999,0.4));
#19194=CARTESIAN_POINT('Origin',(20.0000000000002,65.4499999999999,0.8));
#19195=CARTESIAN_POINT('Origin',(17.4000000000003,65.4499999999999,0.));
#19196=CARTESIAN_POINT('',(17.4000000000003,65.4499999999999,0.));
#19197=CARTESIAN_POINT('Origin',(20.0000000000002,65.4499999999999,0.));
#19198=CARTESIAN_POINT('Origin',(63.0000000000002,27.2749999999999,4.6));
#19199=CARTESIAN_POINT('',(62.6000000000003,54.5499999999999,4.2));
#19200=CARTESIAN_POINT('',(62.6000000000003,54.5499999999999,4.2));
#19201=CARTESIAN_POINT('',(62.6000000000003,65.4499999999999,4.2));
#19202=CARTESIAN_POINT('',(63.4000000000002,65.4499999999999,5.));
#19203=CARTESIAN_POINT('',(62.6000000000003,27.2749999999999,4.2));
#19204=CARTESIAN_POINT('Origin',(60.0000000000002,54.5499999999999,4.6));
#19205=CARTESIAN_POINT('',(57.4000000000002,54.5499999999999,4.2));
#19206=CARTESIAN_POINT('',(57.4000000000002,54.5499999999999,4.2));
#19207=CARTESIAN_POINT('Origin',(60.0000000000002,54.5499999999999,4.2));
#19208=CARTESIAN_POINT('Origin',(57.0000000000002,32.7249999999999,4.6));
#19209=CARTESIAN_POINT('',(57.4000000000002,65.4499999999999,4.2));
#19210=CARTESIAN_POINT('',(57.4000000000002,65.4499999999999,4.2));
#19211=CARTESIAN_POINT('',(57.4000000000002,32.7249999999999,4.2));
#19212=CARTESIAN_POINT('Origin',(60.0000000000002,65.4499999999999,4.6));
#19213=CARTESIAN_POINT('Origin',(60.0000000000002,65.4499999999999,4.2));
#19214=CARTESIAN_POINT('Origin',(60.0000000000002,54.5499999999999,0.));
#19215=CARTESIAN_POINT('',(62.6000000000003,54.5499999999999,0.8));
#19216=CARTESIAN_POINT('',(62.6000000000003,54.5499999999999,0.));
#19217=CARTESIAN_POINT('',(57.4000000000002,54.5499999999999,0.8));
#19218=CARTESIAN_POINT('Origin',(60.0000000000002,54.5499999999999,0.8));
#19219=CARTESIAN_POINT('',(57.4000000000002,54.5499999999999,0.));
#19220=CARTESIAN_POINT('Origin',(62.6000000000003,54.5499999999999,0.));
#19221=CARTESIAN_POINT('',(62.6000000000003,65.4499999999999,0.8));
#19222=CARTESIAN_POINT('',(62.6000000000003,65.4499999999999,0.));
#19223=CARTESIAN_POINT('',(62.6000000000003,27.2749999999999,0.8));
#19224=CARTESIAN_POINT('Origin',(57.0000000000002,32.7249999999999,0.4));
#19225=CARTESIAN_POINT('',(57.4000000000002,54.5499999999999,0.8));
#19226=CARTESIAN_POINT('',(57.4000000000002,65.4499999999999,0.8));
#19227=CARTESIAN_POINT('',(56.6000000000003,65.4499999999999,0.));
#19228=CARTESIAN_POINT('',(57.4000000000002,32.7249999999999,0.8));
#19229=CARTESIAN_POINT('Origin',(60.0000000000002,54.5499999999999,0.4));
#19230=CARTESIAN_POINT('',(62.6000000000003,54.5499999999999,0.8));
#19231=CARTESIAN_POINT('Origin',(63.0000000000002,27.2749999999999,0.4));
#19232=CARTESIAN_POINT('',(62.6000000000003,65.4499999999999,0.8));
#19233=CARTESIAN_POINT('Origin',(60.0000000000002,65.4499999999999,0.4));
#19234=CARTESIAN_POINT('Origin',(60.0000000000002,65.4499999999999,0.8));
#19235=CARTESIAN_POINT('Origin',(57.4000000000002,65.4499999999999,0.));
#19236=CARTESIAN_POINT('',(57.4000000000002,65.4499999999999,0.));
#19237=CARTESIAN_POINT('Origin',(60.0000000000002,65.4499999999999,0.));
#19238=CARTESIAN_POINT('Origin',(-56.9999999999998,-12.7250000000001,4.6));
#19239=CARTESIAN_POINT('',(-57.3999999999997,14.5499999999999,4.2));
#19240=CARTESIAN_POINT('',(-57.3999999999997,14.5499999999999,4.2));
#19241=CARTESIAN_POINT('',(-57.3999999999997,25.4499999999999,4.2));
#19242=CARTESIAN_POINT('',(-56.5999999999998,25.4499999999999,5.));
#19243=CARTESIAN_POINT('',(-57.3999999999997,-12.7250000000001,4.2));
#19244=CARTESIAN_POINT('Origin',(-59.9999999999998,14.5499999999999,4.6));
#19245=CARTESIAN_POINT('',(-62.5999999999998,14.5499999999999,4.2));
#19246=CARTESIAN_POINT('',(-62.5999999999998,14.5499999999999,4.2));
#19247=CARTESIAN_POINT('Origin',(-59.9999999999998,14.5499999999999,4.2));
#19248=CARTESIAN_POINT('Origin',(-62.9999999999998,-7.27500000000011,4.6));
#19249=CARTESIAN_POINT('',(-62.5999999999998,25.4499999999999,4.2));
#19250=CARTESIAN_POINT('',(-62.5999999999998,25.4499999999999,4.2));
#19251=CARTESIAN_POINT('',(-62.5999999999998,-7.27500000000011,4.2));
#19252=CARTESIAN_POINT('Origin',(-59.9999999999998,25.4499999999999,4.6));
#19253=CARTESIAN_POINT('Origin',(-59.9999999999998,25.4499999999999,4.2));
#19254=CARTESIAN_POINT('Origin',(-59.9999999999998,14.5499999999999,0.));
#19255=CARTESIAN_POINT('',(-57.3999999999997,14.5499999999999,0.8));
#19256=CARTESIAN_POINT('',(-57.3999999999997,14.5499999999999,0.));
#19257=CARTESIAN_POINT('',(-62.5999999999998,14.5499999999999,0.8));
#19258=CARTESIAN_POINT('Origin',(-59.9999999999998,14.5499999999999,0.8));
#19259=CARTESIAN_POINT('',(-62.5999999999998,14.5499999999999,0.));
#19260=CARTESIAN_POINT('Origin',(-57.3999999999997,14.5499999999999,0.));
#19261=CARTESIAN_POINT('',(-57.3999999999997,25.4499999999999,0.8));
#19262=CARTESIAN_POINT('',(-57.3999999999997,25.4499999999999,0.));
#19263=CARTESIAN_POINT('',(-57.3999999999997,-12.7250000000001,0.8));
#19264=CARTESIAN_POINT('Origin',(-62.9999999999998,-7.27500000000011,0.4));
#19265=CARTESIAN_POINT('',(-62.5999999999998,14.5499999999999,0.8));
#19266=CARTESIAN_POINT('',(-62.5999999999998,25.4499999999999,0.8));
#19267=CARTESIAN_POINT('',(-63.3999999999997,25.4499999999999,0.));
#19268=CARTESIAN_POINT('',(-62.5999999999998,-7.27500000000011,0.8));
#19269=CARTESIAN_POINT('Origin',(-59.9999999999998,14.5499999999999,0.4));
#19270=CARTESIAN_POINT('',(-57.3999999999997,14.5499999999999,0.8));
#19271=CARTESIAN_POINT('Origin',(-56.9999999999998,-12.7250000000001,0.4));
#19272=CARTESIAN_POINT('',(-57.3999999999997,25.4499999999999,0.8));
#19273=CARTESIAN_POINT('Origin',(-59.9999999999998,25.4499999999999,0.4));
#19274=CARTESIAN_POINT('Origin',(-59.9999999999998,25.4499999999999,0.8));
#19275=CARTESIAN_POINT('Origin',(-62.5999999999998,25.4499999999999,0.));
#19276=CARTESIAN_POINT('',(-62.5999999999998,25.4499999999999,0.));
#19277=CARTESIAN_POINT('Origin',(-59.9999999999998,25.4499999999999,0.));
#19278=CARTESIAN_POINT('Origin',(-16.9999999999998,-12.7250000000001,4.6));
#19279=CARTESIAN_POINT('',(-17.3999999999998,14.5499999999999,4.2));
#19280=CARTESIAN_POINT('',(-17.3999999999998,14.5499999999999,4.2));
#19281=CARTESIAN_POINT('',(-17.3999999999998,25.4499999999999,4.2));
#19282=CARTESIAN_POINT('',(-16.5999999999998,25.4499999999999,5.));
#19283=CARTESIAN_POINT('',(-17.3999999999998,-12.7250000000001,4.2));
#19284=CARTESIAN_POINT('Origin',(-19.9999999999998,14.5499999999999,4.6));
#19285=CARTESIAN_POINT('',(-22.5999999999997,14.5499999999999,4.2));
#19286=CARTESIAN_POINT('',(-22.5999999999997,14.5499999999999,4.2));
#19287=CARTESIAN_POINT('Origin',(-19.9999999999998,14.5499999999999,4.2));
#19288=CARTESIAN_POINT('Origin',(-22.9999999999998,-7.27500000000011,4.6));
#19289=CARTESIAN_POINT('',(-22.5999999999997,25.4499999999999,4.2));
#19290=CARTESIAN_POINT('',(-22.5999999999997,25.4499999999999,4.2));
#19291=CARTESIAN_POINT('',(-22.5999999999997,-7.27500000000011,4.2));
#19292=CARTESIAN_POINT('Origin',(-19.9999999999998,25.4499999999999,4.6));
#19293=CARTESIAN_POINT('Origin',(-19.9999999999998,25.4499999999999,4.2));
#19294=CARTESIAN_POINT('Origin',(-19.9999999999998,14.5499999999999,0.));
#19295=CARTESIAN_POINT('',(-17.3999999999998,14.5499999999999,0.8));
#19296=CARTESIAN_POINT('',(-17.3999999999998,14.5499999999999,0.));
#19297=CARTESIAN_POINT('',(-22.5999999999997,14.5499999999999,0.8));
#19298=CARTESIAN_POINT('Origin',(-19.9999999999998,14.5499999999999,0.8));
#19299=CARTESIAN_POINT('',(-22.5999999999997,14.5499999999999,0.));
#19300=CARTESIAN_POINT('Origin',(-17.3999999999998,14.5499999999999,0.));
#19301=CARTESIAN_POINT('',(-17.3999999999998,25.4499999999999,0.8));
#19302=CARTESIAN_POINT('',(-17.3999999999998,25.4499999999999,0.));
#19303=CARTESIAN_POINT('',(-17.3999999999998,-12.7250000000001,0.8));
#19304=CARTESIAN_POINT('Origin',(-22.9999999999998,-7.27500000000011,0.4));
#19305=CARTESIAN_POINT('',(-22.5999999999997,14.5499999999999,0.8));
#19306=CARTESIAN_POINT('',(-22.5999999999997,25.4499999999999,0.8));
#19307=CARTESIAN_POINT('',(-23.3999999999997,25.4499999999999,0.));
#19308=CARTESIAN_POINT('',(-22.5999999999997,-7.27500000000011,0.8));
#19309=CARTESIAN_POINT('Origin',(-19.9999999999998,14.5499999999999,0.4));
#19310=CARTESIAN_POINT('',(-17.3999999999998,14.5499999999999,0.8));
#19311=CARTESIAN_POINT('Origin',(-16.9999999999998,-12.7250000000001,0.4));
#19312=CARTESIAN_POINT('',(-17.3999999999998,25.4499999999999,0.8));
#19313=CARTESIAN_POINT('Origin',(-19.9999999999998,25.4499999999999,0.4));
#19314=CARTESIAN_POINT('Origin',(-19.9999999999998,25.4499999999999,0.8));
#19315=CARTESIAN_POINT('Origin',(-22.5999999999997,25.4499999999999,0.));
#19316=CARTESIAN_POINT('',(-22.5999999999997,25.4499999999999,0.));
#19317=CARTESIAN_POINT('Origin',(-19.9999999999998,25.4499999999999,0.));
#19318=CARTESIAN_POINT('Origin',(23.0000000000002,-12.7250000000001,4.6));
#19319=CARTESIAN_POINT('',(22.6000000000002,14.5499999999999,4.2));
#19320=CARTESIAN_POINT('',(22.6000000000002,14.5499999999999,4.2));
#19321=CARTESIAN_POINT('',(22.6000000000002,25.4499999999999,4.2));
#19322=CARTESIAN_POINT('',(23.4000000000002,25.4499999999999,5.));
#19323=CARTESIAN_POINT('',(22.6000000000002,-12.7250000000001,4.2));
#19324=CARTESIAN_POINT('Origin',(20.0000000000002,14.5499999999999,4.6));
#19325=CARTESIAN_POINT('',(17.4000000000003,14.5499999999999,4.2));
#19326=CARTESIAN_POINT('',(17.4000000000003,14.5499999999999,4.2));
#19327=CARTESIAN_POINT('Origin',(20.0000000000002,14.5499999999999,4.2));
#19328=CARTESIAN_POINT('Origin',(17.0000000000002,-7.27500000000011,4.6));
#19329=CARTESIAN_POINT('',(17.4000000000003,25.4499999999999,4.2));
#19330=CARTESIAN_POINT('',(17.4000000000003,25.4499999999999,4.2));
#19331=CARTESIAN_POINT('',(17.4000000000003,-7.27500000000011,4.2));
#19332=CARTESIAN_POINT('Origin',(20.0000000000002,25.4499999999999,4.6));
#19333=CARTESIAN_POINT('Origin',(20.0000000000002,25.4499999999999,4.2));
#19334=CARTESIAN_POINT('Origin',(20.0000000000002,14.5499999999999,0.));
#19335=CARTESIAN_POINT('',(22.6000000000002,14.5499999999999,0.8));
#19336=CARTESIAN_POINT('',(22.6000000000002,14.5499999999999,0.));
#19337=CARTESIAN_POINT('',(17.4000000000003,14.5499999999999,0.8));
#19338=CARTESIAN_POINT('Origin',(20.0000000000002,14.5499999999999,0.8));
#19339=CARTESIAN_POINT('',(17.4000000000003,14.5499999999999,0.));
#19340=CARTESIAN_POINT('Origin',(22.6000000000002,14.5499999999999,0.));
#19341=CARTESIAN_POINT('',(22.6000000000002,25.4499999999999,0.8));
#19342=CARTESIAN_POINT('',(22.6000000000002,25.4499999999999,0.));
#19343=CARTESIAN_POINT('',(22.6000000000002,-12.7250000000001,0.8));
#19344=CARTESIAN_POINT('Origin',(17.0000000000002,-7.27500000000011,0.4));
#19345=CARTESIAN_POINT('',(17.4000000000003,14.5499999999999,0.8));
#19346=CARTESIAN_POINT('',(17.4000000000003,25.4499999999999,0.8));
#19347=CARTESIAN_POINT('',(16.6000000000003,25.4499999999999,0.));
#19348=CARTESIAN_POINT('',(17.4000000000003,-7.27500000000011,0.8));
#19349=CARTESIAN_POINT('Origin',(20.0000000000002,14.5499999999999,0.4));
#19350=CARTESIAN_POINT('',(22.6000000000002,14.5499999999999,0.8));
#19351=CARTESIAN_POINT('Origin',(23.0000000000002,-12.7250000000001,0.4));
#19352=CARTESIAN_POINT('',(22.6000000000002,25.4499999999999,0.8));
#19353=CARTESIAN_POINT('Origin',(20.0000000000002,25.4499999999999,0.4));
#19354=CARTESIAN_POINT('Origin',(20.0000000000002,25.4499999999999,0.8));
#19355=CARTESIAN_POINT('Origin',(17.4000000000003,25.4499999999999,0.));
#19356=CARTESIAN_POINT('',(17.4000000000003,25.4499999999999,0.));
#19357=CARTESIAN_POINT('Origin',(20.0000000000002,25.4499999999999,0.));
#19358=CARTESIAN_POINT('Origin',(63.0000000000002,-12.7250000000001,4.6));
#19359=CARTESIAN_POINT('',(62.6000000000003,14.5499999999999,4.2));
#19360=CARTESIAN_POINT('',(62.6000000000003,14.5499999999999,4.2));
#19361=CARTESIAN_POINT('',(62.6000000000003,25.4499999999999,4.2));
#19362=CARTESIAN_POINT('',(63.4000000000002,25.4499999999999,5.));
#19363=CARTESIAN_POINT('',(62.6000000000003,-12.7250000000001,4.2));
#19364=CARTESIAN_POINT('Origin',(60.0000000000002,14.5499999999999,4.6));
#19365=CARTESIAN_POINT('',(57.4000000000002,14.5499999999999,4.2));
#19366=CARTESIAN_POINT('',(57.4000000000002,14.5499999999999,4.2));
#19367=CARTESIAN_POINT('Origin',(60.0000000000002,14.5499999999999,4.2));
#19368=CARTESIAN_POINT('Origin',(57.0000000000002,-7.27500000000011,4.6));
#19369=CARTESIAN_POINT('',(57.4000000000002,25.4499999999999,4.2));
#19370=CARTESIAN_POINT('',(57.4000000000002,25.4499999999999,4.2));
#19371=CARTESIAN_POINT('',(57.4000000000002,-7.27500000000011,4.2));
#19372=CARTESIAN_POINT('Origin',(60.0000000000002,25.4499999999999,4.6));
#19373=CARTESIAN_POINT('Origin',(60.0000000000002,25.4499999999999,4.2));
#19374=CARTESIAN_POINT('Origin',(60.0000000000002,14.5499999999999,0.));
#19375=CARTESIAN_POINT('',(62.6000000000003,14.5499999999999,0.8));
#19376=CARTESIAN_POINT('',(62.6000000000003,14.5499999999999,0.));
#19377=CARTESIAN_POINT('',(57.4000000000002,14.5499999999999,0.8));
#19378=CARTESIAN_POINT('Origin',(60.0000000000002,14.5499999999999,0.8));
#19379=CARTESIAN_POINT('',(57.4000000000002,14.5499999999999,0.));
#19380=CARTESIAN_POINT('Origin',(62.6000000000003,14.5499999999999,0.));
#19381=CARTESIAN_POINT('',(62.6000000000003,25.4499999999999,0.8));
#19382=CARTESIAN_POINT('',(62.6000000000003,25.4499999999999,0.));
#19383=CARTESIAN_POINT('',(62.6000000000003,-12.7250000000001,0.8));
#19384=CARTESIAN_POINT('Origin',(57.0000000000002,-7.27500000000011,0.4));
#19385=CARTESIAN_POINT('',(57.4000000000002,14.5499999999999,0.8));
#19386=CARTESIAN_POINT('',(57.4000000000002,25.4499999999999,0.8));
#19387=CARTESIAN_POINT('',(56.6000000000003,25.4499999999999,0.));
#19388=CARTESIAN_POINT('',(57.4000000000002,-7.27500000000011,0.8));
#19389=CARTESIAN_POINT('Origin',(60.0000000000002,14.5499999999999,0.4));
#19390=CARTESIAN_POINT('',(62.6000000000003,14.5499999999999,0.8));
#19391=CARTESIAN_POINT('Origin',(63.0000000000002,-12.7250000000001,0.4));
#19392=CARTESIAN_POINT('',(62.6000000000003,25.4499999999999,0.8));
#19393=CARTESIAN_POINT('Origin',(60.0000000000002,25.4499999999999,0.4));
#19394=CARTESIAN_POINT('Origin',(60.0000000000002,25.4499999999999,0.8));
#19395=CARTESIAN_POINT('Origin',(57.4000000000002,25.4499999999999,0.));
#19396=CARTESIAN_POINT('',(57.4000000000002,25.4499999999999,0.));
#19397=CARTESIAN_POINT('Origin',(60.0000000000002,25.4499999999999,0.));
#19398=CARTESIAN_POINT('Origin',(-56.9999999999998,-52.7250000000001,4.6));
#19399=CARTESIAN_POINT('',(-57.3999999999997,-25.4500000000001,4.2));
#19400=CARTESIAN_POINT('',(-57.3999999999997,-25.4500000000001,4.2));
#19401=CARTESIAN_POINT('',(-57.3999999999997,-14.5500000000001,4.2));
#19402=CARTESIAN_POINT('',(-56.5999999999998,-14.5500000000001,5.));
#19403=CARTESIAN_POINT('',(-57.3999999999997,-52.7250000000001,4.2));
#19404=CARTESIAN_POINT('Origin',(-59.9999999999998,-25.4500000000001,4.6));
#19405=CARTESIAN_POINT('',(-62.5999999999998,-25.4500000000001,4.2));
#19406=CARTESIAN_POINT('',(-62.5999999999998,-25.4500000000001,4.2));
#19407=CARTESIAN_POINT('Origin',(-59.9999999999998,-25.4500000000001,4.2));
#19408=CARTESIAN_POINT('Origin',(-62.9999999999998,-47.2750000000001,4.6));
#19409=CARTESIAN_POINT('',(-62.5999999999998,-14.5500000000001,4.2));
#19410=CARTESIAN_POINT('',(-62.5999999999998,-14.5500000000001,4.2));
#19411=CARTESIAN_POINT('',(-62.5999999999998,-47.2750000000001,4.2));
#19412=CARTESIAN_POINT('Origin',(-59.9999999999998,-14.5500000000001,4.6));
#19413=CARTESIAN_POINT('Origin',(-59.9999999999998,-14.5500000000001,4.2));
#19414=CARTESIAN_POINT('Origin',(-59.9999999999998,-25.4500000000001,0.));
#19415=CARTESIAN_POINT('',(-57.3999999999997,-25.4500000000001,0.8));
#19416=CARTESIAN_POINT('',(-57.3999999999997,-25.4500000000001,0.));
#19417=CARTESIAN_POINT('',(-62.5999999999998,-25.4500000000001,0.8));
#19418=CARTESIAN_POINT('Origin',(-59.9999999999998,-25.4500000000001,0.8));
#19419=CARTESIAN_POINT('',(-62.5999999999998,-25.4500000000001,0.));
#19420=CARTESIAN_POINT('Origin',(-57.3999999999997,-25.4500000000001,0.));
#19421=CARTESIAN_POINT('',(-57.3999999999997,-14.5500000000001,0.8));
#19422=CARTESIAN_POINT('',(-57.3999999999997,-14.5500000000001,0.));
#19423=CARTESIAN_POINT('',(-57.3999999999997,-52.7250000000001,0.8));
#19424=CARTESIAN_POINT('Origin',(-62.9999999999998,-47.2750000000001,0.4));
#19425=CARTESIAN_POINT('',(-62.5999999999998,-25.4500000000001,0.8));
#19426=CARTESIAN_POINT('',(-62.5999999999998,-14.5500000000001,0.8));
#19427=CARTESIAN_POINT('',(-63.3999999999997,-14.5500000000001,0.));
#19428=CARTESIAN_POINT('',(-62.5999999999998,-47.2750000000001,0.8));
#19429=CARTESIAN_POINT('Origin',(-59.9999999999998,-25.4500000000001,0.4));
#19430=CARTESIAN_POINT('',(-57.3999999999997,-25.4500000000001,0.8));
#19431=CARTESIAN_POINT('Origin',(-56.9999999999998,-52.7250000000001,0.4));
#19432=CARTESIAN_POINT('',(-57.3999999999997,-14.5500000000001,0.8));
#19433=CARTESIAN_POINT('Origin',(-59.9999999999998,-14.5500000000001,0.4));
#19434=CARTESIAN_POINT('Origin',(-59.9999999999998,-14.5500000000001,0.8));
#19435=CARTESIAN_POINT('Origin',(-62.5999999999998,-14.5500000000001,0.));
#19436=CARTESIAN_POINT('',(-62.5999999999998,-14.5500000000001,0.));
#19437=CARTESIAN_POINT('Origin',(-59.9999999999998,-14.5500000000001,0.));
#19438=CARTESIAN_POINT('Origin',(-16.9999999999998,-52.7250000000001,4.6));
#19439=CARTESIAN_POINT('',(-17.3999999999998,-25.4500000000001,4.2));
#19440=CARTESIAN_POINT('',(-17.3999999999998,-25.4500000000001,4.2));
#19441=CARTESIAN_POINT('',(-17.3999999999998,-14.5500000000001,4.2));
#19442=CARTESIAN_POINT('',(-16.5999999999998,-14.5500000000001,5.));
#19443=CARTESIAN_POINT('',(-17.3999999999998,-52.7250000000001,4.2));
#19444=CARTESIAN_POINT('Origin',(-19.9999999999998,-25.4500000000001,4.6));
#19445=CARTESIAN_POINT('',(-22.5999999999997,-25.4500000000001,4.2));
#19446=CARTESIAN_POINT('',(-22.5999999999997,-25.4500000000001,4.2));
#19447=CARTESIAN_POINT('Origin',(-19.9999999999998,-25.4500000000001,4.2));
#19448=CARTESIAN_POINT('Origin',(-22.9999999999998,-47.2750000000001,4.6));
#19449=CARTESIAN_POINT('',(-22.5999999999997,-14.5500000000001,4.2));
#19450=CARTESIAN_POINT('',(-22.5999999999997,-14.5500000000001,4.2));
#19451=CARTESIAN_POINT('',(-22.5999999999997,-47.2750000000001,4.2));
#19452=CARTESIAN_POINT('Origin',(-19.9999999999998,-14.5500000000001,4.6));
#19453=CARTESIAN_POINT('Origin',(-19.9999999999998,-14.5500000000001,4.2));
#19454=CARTESIAN_POINT('Origin',(-19.9999999999998,-25.4500000000001,0.));
#19455=CARTESIAN_POINT('',(-17.3999999999998,-25.4500000000001,0.8));
#19456=CARTESIAN_POINT('',(-17.3999999999998,-25.4500000000001,0.));
#19457=CARTESIAN_POINT('',(-22.5999999999997,-25.4500000000001,0.8));
#19458=CARTESIAN_POINT('Origin',(-19.9999999999998,-25.4500000000001,0.8));
#19459=CARTESIAN_POINT('',(-22.5999999999997,-25.4500000000001,0.));
#19460=CARTESIAN_POINT('Origin',(-17.3999999999998,-25.4500000000001,0.));
#19461=CARTESIAN_POINT('',(-17.3999999999998,-14.5500000000001,0.8));
#19462=CARTESIAN_POINT('',(-17.3999999999998,-14.5500000000001,0.));
#19463=CARTESIAN_POINT('',(-17.3999999999998,-52.7250000000001,0.8));
#19464=CARTESIAN_POINT('Origin',(-22.9999999999998,-47.2750000000001,0.4));
#19465=CARTESIAN_POINT('',(-22.5999999999997,-25.4500000000001,0.8));
#19466=CARTESIAN_POINT('',(-22.5999999999997,-14.5500000000001,0.8));
#19467=CARTESIAN_POINT('',(-23.3999999999997,-14.5500000000001,0.));
#19468=CARTESIAN_POINT('',(-22.5999999999997,-47.2750000000001,0.8));
#19469=CARTESIAN_POINT('Origin',(-19.9999999999998,-25.4500000000001,0.4));
#19470=CARTESIAN_POINT('',(-17.3999999999998,-25.4500000000001,0.8));
#19471=CARTESIAN_POINT('Origin',(-16.9999999999998,-52.7250000000001,0.4));
#19472=CARTESIAN_POINT('',(-17.3999999999998,-14.5500000000001,0.8));
#19473=CARTESIAN_POINT('Origin',(-19.9999999999998,-14.5500000000001,0.4));
#19474=CARTESIAN_POINT('Origin',(-19.9999999999998,-14.5500000000001,0.8));
#19475=CARTESIAN_POINT('Origin',(-22.5999999999997,-14.5500000000001,0.));
#19476=CARTESIAN_POINT('',(-22.5999999999997,-14.5500000000001,0.));
#19477=CARTESIAN_POINT('Origin',(-19.9999999999998,-14.5500000000001,0.));
#19478=CARTESIAN_POINT('Origin',(23.0000000000002,-52.7250000000001,4.6));
#19479=CARTESIAN_POINT('',(22.6000000000002,-25.4500000000001,4.2));
#19480=CARTESIAN_POINT('',(22.6000000000002,-25.4500000000001,4.2));
#19481=CARTESIAN_POINT('',(22.6000000000002,-14.5500000000001,4.2));
#19482=CARTESIAN_POINT('',(23.4000000000002,-14.5500000000001,5.));
#19483=CARTESIAN_POINT('',(22.6000000000002,-52.7250000000001,4.2));
#19484=CARTESIAN_POINT('Origin',(20.0000000000002,-25.4500000000001,4.6));
#19485=CARTESIAN_POINT('',(17.4000000000003,-25.4500000000001,4.2));
#19486=CARTESIAN_POINT('',(17.4000000000003,-25.4500000000001,4.2));
#19487=CARTESIAN_POINT('Origin',(20.0000000000002,-25.4500000000001,4.2));
#19488=CARTESIAN_POINT('Origin',(17.0000000000002,-47.2750000000001,4.6));
#19489=CARTESIAN_POINT('',(17.4000000000003,-14.5500000000001,4.2));
#19490=CARTESIAN_POINT('',(17.4000000000003,-14.5500000000001,4.2));
#19491=CARTESIAN_POINT('',(17.4000000000003,-47.2750000000001,4.2));
#19492=CARTESIAN_POINT('Origin',(20.0000000000002,-14.5500000000001,4.6));
#19493=CARTESIAN_POINT('Origin',(20.0000000000002,-14.5500000000001,4.2));
#19494=CARTESIAN_POINT('Origin',(20.0000000000002,-25.4500000000001,0.));
#19495=CARTESIAN_POINT('',(22.6000000000002,-25.4500000000001,0.8));
#19496=CARTESIAN_POINT('',(22.6000000000002,-25.4500000000001,0.));
#19497=CARTESIAN_POINT('',(17.4000000000003,-25.4500000000001,0.8));
#19498=CARTESIAN_POINT('Origin',(20.0000000000002,-25.4500000000001,0.8));
#19499=CARTESIAN_POINT('',(17.4000000000003,-25.4500000000001,0.));
#19500=CARTESIAN_POINT('Origin',(22.6000000000002,-25.4500000000001,0.));
#19501=CARTESIAN_POINT('',(22.6000000000002,-14.5500000000001,0.8));
#19502=CARTESIAN_POINT('',(22.6000000000002,-14.5500000000001,0.));
#19503=CARTESIAN_POINT('',(22.6000000000002,-52.7250000000001,0.8));
#19504=CARTESIAN_POINT('Origin',(17.0000000000002,-47.2750000000001,0.4));
#19505=CARTESIAN_POINT('',(17.4000000000003,-25.4500000000001,0.8));
#19506=CARTESIAN_POINT('',(17.4000000000003,-14.5500000000001,0.8));
#19507=CARTESIAN_POINT('',(16.6000000000003,-14.5500000000001,0.));
#19508=CARTESIAN_POINT('',(17.4000000000003,-47.2750000000001,0.8));
#19509=CARTESIAN_POINT('Origin',(20.0000000000002,-25.4500000000001,0.4));
#19510=CARTESIAN_POINT('',(22.6000000000002,-25.4500000000001,0.8));
#19511=CARTESIAN_POINT('Origin',(23.0000000000002,-52.7250000000001,0.4));
#19512=CARTESIAN_POINT('',(22.6000000000002,-14.5500000000001,0.8));
#19513=CARTESIAN_POINT('Origin',(20.0000000000002,-14.5500000000001,0.4));
#19514=CARTESIAN_POINT('Origin',(20.0000000000002,-14.5500000000001,0.8));
#19515=CARTESIAN_POINT('Origin',(17.4000000000003,-14.5500000000001,0.));
#19516=CARTESIAN_POINT('',(17.4000000000003,-14.5500000000001,0.));
#19517=CARTESIAN_POINT('Origin',(20.0000000000002,-14.5500000000001,0.));
#19518=CARTESIAN_POINT('Origin',(63.0000000000002,-52.7250000000001,4.6));
#19519=CARTESIAN_POINT('',(62.6000000000003,-25.4500000000001,4.2));
#19520=CARTESIAN_POINT('',(62.6000000000003,-25.4500000000001,4.2));
#19521=CARTESIAN_POINT('',(62.6000000000003,-14.5500000000001,4.2));
#19522=CARTESIAN_POINT('',(63.4000000000002,-14.5500000000001,5.));
#19523=CARTESIAN_POINT('',(62.6000000000003,-52.7250000000001,4.2));
#19524=CARTESIAN_POINT('Origin',(60.0000000000002,-25.4500000000001,4.6));
#19525=CARTESIAN_POINT('',(57.4000000000002,-25.4500000000001,4.2));
#19526=CARTESIAN_POINT('',(57.4000000000002,-25.4500000000001,4.2));
#19527=CARTESIAN_POINT('Origin',(60.0000000000002,-25.4500000000001,4.2));
#19528=CARTESIAN_POINT('Origin',(57.0000000000002,-47.2750000000001,4.6));
#19529=CARTESIAN_POINT('',(57.4000000000002,-14.5500000000001,4.2));
#19530=CARTESIAN_POINT('',(57.4000000000002,-14.5500000000001,4.2));
#19531=CARTESIAN_POINT('',(57.4000000000002,-47.2750000000001,4.2));
#19532=CARTESIAN_POINT('Origin',(60.0000000000002,-14.5500000000001,4.6));
#19533=CARTESIAN_POINT('Origin',(60.0000000000002,-14.5500000000001,4.2));
#19534=CARTESIAN_POINT('Origin',(60.0000000000002,-25.4500000000001,0.));
#19535=CARTESIAN_POINT('',(62.6000000000003,-25.4500000000001,0.8));
#19536=CARTESIAN_POINT('',(62.6000000000003,-25.4500000000001,0.));
#19537=CARTESIAN_POINT('',(57.4000000000002,-25.4500000000001,0.8));
#19538=CARTESIAN_POINT('Origin',(60.0000000000002,-25.4500000000001,0.8));
#19539=CARTESIAN_POINT('',(57.4000000000002,-25.4500000000001,0.));
#19540=CARTESIAN_POINT('Origin',(62.6000000000003,-25.4500000000001,0.));
#19541=CARTESIAN_POINT('',(62.6000000000003,-14.5500000000001,0.8));
#19542=CARTESIAN_POINT('',(62.6000000000003,-14.5500000000001,0.));
#19543=CARTESIAN_POINT('',(62.6000000000003,-52.7250000000001,0.8));
#19544=CARTESIAN_POINT('Origin',(57.0000000000002,-47.2750000000001,0.4));
#19545=CARTESIAN_POINT('',(57.4000000000002,-25.4500000000001,0.8));
#19546=CARTESIAN_POINT('',(57.4000000000002,-14.5500000000001,0.8));
#19547=CARTESIAN_POINT('',(56.6000000000003,-14.5500000000001,0.));
#19548=CARTESIAN_POINT('',(57.4000000000002,-47.2750000000001,0.8));
#19549=CARTESIAN_POINT('Origin',(60.0000000000002,-25.4500000000001,0.4));
#19550=CARTESIAN_POINT('',(62.6000000000003,-25.4500000000001,0.8));
#19551=CARTESIAN_POINT('Origin',(63.0000000000002,-52.7250000000001,0.4));
#19552=CARTESIAN_POINT('',(62.6000000000003,-14.5500000000001,0.8));
#19553=CARTESIAN_POINT('Origin',(60.0000000000002,-14.5500000000001,0.4));
#19554=CARTESIAN_POINT('Origin',(60.0000000000002,-14.5500000000001,0.8));
#19555=CARTESIAN_POINT('Origin',(57.4000000000002,-14.5500000000001,0.));
#19556=CARTESIAN_POINT('',(57.4000000000002,-14.5500000000001,0.));
#19557=CARTESIAN_POINT('Origin',(60.0000000000002,-14.5500000000001,0.));
#19558=CARTESIAN_POINT('Origin',(-56.9999999999998,-92.7250000000001,4.6));
#19559=CARTESIAN_POINT('',(-57.3999999999997,-65.4500000000001,4.2));
#19560=CARTESIAN_POINT('',(-57.3999999999997,-65.4500000000001,4.2));
#19561=CARTESIAN_POINT('',(-57.3999999999997,-54.5500000000001,4.2));
#19562=CARTESIAN_POINT('',(-56.5999999999998,-54.5500000000001,5.));
#19563=CARTESIAN_POINT('',(-57.3999999999997,-92.7250000000001,4.2));
#19564=CARTESIAN_POINT('Origin',(-59.9999999999998,-65.4500000000001,4.6));
#19565=CARTESIAN_POINT('',(-62.5999999999998,-65.4500000000001,4.2));
#19566=CARTESIAN_POINT('',(-62.5999999999998,-65.4500000000001,4.2));
#19567=CARTESIAN_POINT('Origin',(-59.9999999999998,-65.4500000000001,4.2));
#19568=CARTESIAN_POINT('Origin',(-62.9999999999998,-87.2750000000001,4.6));
#19569=CARTESIAN_POINT('',(-62.5999999999998,-54.5500000000001,4.2));
#19570=CARTESIAN_POINT('',(-62.5999999999998,-54.5500000000001,4.2));
#19571=CARTESIAN_POINT('',(-62.5999999999998,-87.2750000000001,4.2));
#19572=CARTESIAN_POINT('Origin',(-59.9999999999998,-54.5500000000001,4.6));
#19573=CARTESIAN_POINT('Origin',(-59.9999999999998,-54.5500000000001,4.2));
#19574=CARTESIAN_POINT('Origin',(-59.9999999999998,-65.4500000000001,0.));
#19575=CARTESIAN_POINT('',(-57.3999999999997,-65.4500000000001,0.8));
#19576=CARTESIAN_POINT('',(-57.3999999999997,-65.4500000000001,0.));
#19577=CARTESIAN_POINT('',(-62.5999999999998,-65.4500000000001,0.8));
#19578=CARTESIAN_POINT('Origin',(-59.9999999999998,-65.4500000000001,0.8));
#19579=CARTESIAN_POINT('',(-62.5999999999998,-65.4500000000001,0.));
#19580=CARTESIAN_POINT('Origin',(-57.3999999999997,-65.4500000000001,0.));
#19581=CARTESIAN_POINT('',(-57.3999999999997,-54.5500000000001,0.8));
#19582=CARTESIAN_POINT('',(-57.3999999999997,-54.5500000000001,0.));
#19583=CARTESIAN_POINT('',(-57.3999999999997,-92.7250000000001,0.8));
#19584=CARTESIAN_POINT('Origin',(-62.9999999999998,-87.2750000000001,0.4));
#19585=CARTESIAN_POINT('',(-62.5999999999998,-65.4500000000001,0.8));
#19586=CARTESIAN_POINT('',(-62.5999999999998,-54.5500000000001,0.8));
#19587=CARTESIAN_POINT('',(-63.3999999999997,-54.5500000000001,0.));
#19588=CARTESIAN_POINT('',(-62.5999999999998,-87.2750000000001,0.8));
#19589=CARTESIAN_POINT('Origin',(-59.9999999999998,-65.4500000000001,0.4));
#19590=CARTESIAN_POINT('',(-57.3999999999997,-65.4500000000001,0.8));
#19591=CARTESIAN_POINT('Origin',(-56.9999999999998,-92.7250000000001,0.4));
#19592=CARTESIAN_POINT('',(-57.3999999999997,-54.5500000000001,0.8));
#19593=CARTESIAN_POINT('Origin',(-59.9999999999998,-54.5500000000001,0.4));
#19594=CARTESIAN_POINT('Origin',(-59.9999999999998,-54.5500000000001,0.8));
#19595=CARTESIAN_POINT('Origin',(-62.5999999999998,-54.5500000000001,0.));
#19596=CARTESIAN_POINT('',(-62.5999999999998,-54.5500000000001,0.));
#19597=CARTESIAN_POINT('Origin',(-59.9999999999998,-54.5500000000001,0.));
#19598=CARTESIAN_POINT('Origin',(-16.9999999999998,-92.7250000000001,4.6));
#19599=CARTESIAN_POINT('',(-17.3999999999998,-65.4500000000001,4.2));
#19600=CARTESIAN_POINT('',(-17.3999999999998,-65.4500000000001,4.2));
#19601=CARTESIAN_POINT('',(-17.3999999999998,-54.5500000000001,4.2));
#19602=CARTESIAN_POINT('',(-16.5999999999998,-54.5500000000001,5.));
#19603=CARTESIAN_POINT('',(-17.3999999999998,-92.7250000000001,4.2));
#19604=CARTESIAN_POINT('Origin',(-19.9999999999998,-65.4500000000001,4.6));
#19605=CARTESIAN_POINT('',(-22.5999999999997,-65.4500000000001,4.2));
#19606=CARTESIAN_POINT('',(-22.5999999999997,-65.4500000000001,4.2));
#19607=CARTESIAN_POINT('Origin',(-19.9999999999998,-65.4500000000001,4.2));
#19608=CARTESIAN_POINT('Origin',(-22.9999999999998,-87.2750000000001,4.6));
#19609=CARTESIAN_POINT('',(-22.5999999999997,-54.5500000000001,4.2));
#19610=CARTESIAN_POINT('',(-22.5999999999997,-54.5500000000001,4.2));
#19611=CARTESIAN_POINT('',(-22.5999999999997,-87.2750000000001,4.2));
#19612=CARTESIAN_POINT('Origin',(-19.9999999999998,-54.5500000000001,4.6));
#19613=CARTESIAN_POINT('Origin',(-19.9999999999998,-54.5500000000001,4.2));
#19614=CARTESIAN_POINT('Origin',(-19.9999999999998,-65.4500000000001,0.));
#19615=CARTESIAN_POINT('',(-17.3999999999998,-65.4500000000001,0.8));
#19616=CARTESIAN_POINT('',(-17.3999999999998,-65.4500000000001,0.));
#19617=CARTESIAN_POINT('',(-22.5999999999997,-65.4500000000001,0.8));
#19618=CARTESIAN_POINT('Origin',(-19.9999999999998,-65.4500000000001,0.8));
#19619=CARTESIAN_POINT('',(-22.5999999999997,-65.4500000000001,0.));
#19620=CARTESIAN_POINT('Origin',(-17.3999999999998,-65.4500000000001,0.));
#19621=CARTESIAN_POINT('',(-17.3999999999998,-54.5500000000001,0.8));
#19622=CARTESIAN_POINT('',(-17.3999999999998,-54.5500000000001,0.));
#19623=CARTESIAN_POINT('',(-17.3999999999998,-92.7250000000001,0.8));
#19624=CARTESIAN_POINT('Origin',(-22.9999999999998,-87.2750000000001,0.4));
#19625=CARTESIAN_POINT('',(-22.5999999999997,-65.4500000000001,0.8));
#19626=CARTESIAN_POINT('',(-22.5999999999997,-54.5500000000001,0.8));
#19627=CARTESIAN_POINT('',(-23.3999999999997,-54.5500000000001,0.));
#19628=CARTESIAN_POINT('',(-22.5999999999997,-87.2750000000001,0.8));
#19629=CARTESIAN_POINT('Origin',(-19.9999999999998,-65.4500000000001,0.4));
#19630=CARTESIAN_POINT('',(-17.3999999999998,-65.4500000000001,0.8));
#19631=CARTESIAN_POINT('Origin',(-16.9999999999998,-92.7250000000001,0.4));
#19632=CARTESIAN_POINT('',(-17.3999999999998,-54.5500000000001,0.8));
#19633=CARTESIAN_POINT('Origin',(-19.9999999999998,-54.5500000000001,0.4));
#19634=CARTESIAN_POINT('Origin',(-19.9999999999998,-54.5500000000001,0.8));
#19635=CARTESIAN_POINT('Origin',(-22.5999999999997,-54.5500000000001,0.));
#19636=CARTESIAN_POINT('',(-22.5999999999997,-54.5500000000001,0.));
#19637=CARTESIAN_POINT('Origin',(-19.9999999999998,-54.5500000000001,0.));
#19638=CARTESIAN_POINT('Origin',(23.0000000000002,-92.7250000000001,4.6));
#19639=CARTESIAN_POINT('',(22.6000000000002,-65.4500000000001,4.2));
#19640=CARTESIAN_POINT('',(22.6000000000002,-65.4500000000001,4.2));
#19641=CARTESIAN_POINT('',(22.6000000000002,-54.5500000000001,4.2));
#19642=CARTESIAN_POINT('',(23.4000000000002,-54.5500000000001,5.));
#19643=CARTESIAN_POINT('',(22.6000000000002,-92.7250000000001,4.2));
#19644=CARTESIAN_POINT('Origin',(20.0000000000002,-65.4500000000001,4.6));
#19645=CARTESIAN_POINT('',(17.4000000000003,-65.4500000000001,4.2));
#19646=CARTESIAN_POINT('',(17.4000000000003,-65.4500000000001,4.2));
#19647=CARTESIAN_POINT('Origin',(20.0000000000002,-65.4500000000001,4.2));
#19648=CARTESIAN_POINT('Origin',(17.0000000000002,-87.2750000000001,4.6));
#19649=CARTESIAN_POINT('',(17.4000000000003,-54.5500000000001,4.2));
#19650=CARTESIAN_POINT('',(17.4000000000003,-54.5500000000001,4.2));
#19651=CARTESIAN_POINT('',(17.4000000000003,-87.2750000000001,4.2));
#19652=CARTESIAN_POINT('Origin',(20.0000000000002,-54.5500000000001,4.6));
#19653=CARTESIAN_POINT('Origin',(20.0000000000002,-54.5500000000001,4.2));
#19654=CARTESIAN_POINT('Origin',(20.0000000000002,-65.4500000000001,0.));
#19655=CARTESIAN_POINT('',(22.6000000000002,-65.4500000000001,0.8));
#19656=CARTESIAN_POINT('',(22.6000000000002,-65.4500000000001,0.));
#19657=CARTESIAN_POINT('',(17.4000000000003,-65.4500000000001,0.8));
#19658=CARTESIAN_POINT('Origin',(20.0000000000002,-65.4500000000001,0.8));
#19659=CARTESIAN_POINT('',(17.4000000000003,-65.4500000000001,0.));
#19660=CARTESIAN_POINT('Origin',(22.6000000000002,-65.4500000000001,0.));
#19661=CARTESIAN_POINT('',(22.6000000000002,-54.5500000000001,0.8));
#19662=CARTESIAN_POINT('',(22.6000000000002,-54.5500000000001,0.));
#19663=CARTESIAN_POINT('',(22.6000000000002,-92.7250000000001,0.8));
#19664=CARTESIAN_POINT('Origin',(17.0000000000002,-87.2750000000001,0.4));
#19665=CARTESIAN_POINT('',(17.4000000000003,-65.4500000000001,0.8));
#19666=CARTESIAN_POINT('',(17.4000000000003,-54.5500000000001,0.8));
#19667=CARTESIAN_POINT('',(16.6000000000003,-54.5500000000001,0.));
#19668=CARTESIAN_POINT('',(17.4000000000003,-87.2750000000001,0.8));
#19669=CARTESIAN_POINT('Origin',(20.0000000000002,-65.4500000000001,0.4));
#19670=CARTESIAN_POINT('',(22.6000000000002,-65.4500000000001,0.8));
#19671=CARTESIAN_POINT('Origin',(23.0000000000002,-92.7250000000001,0.4));
#19672=CARTESIAN_POINT('',(22.6000000000002,-54.5500000000001,0.8));
#19673=CARTESIAN_POINT('Origin',(20.0000000000002,-54.5500000000001,0.4));
#19674=CARTESIAN_POINT('Origin',(20.0000000000002,-54.5500000000001,0.8));
#19675=CARTESIAN_POINT('Origin',(17.4000000000003,-54.5500000000001,0.));
#19676=CARTESIAN_POINT('',(17.4000000000003,-54.5500000000001,0.));
#19677=CARTESIAN_POINT('Origin',(20.0000000000002,-54.5500000000001,0.));
#19678=CARTESIAN_POINT('Origin',(63.0000000000002,-92.7250000000001,4.6));
#19679=CARTESIAN_POINT('',(62.6000000000003,-65.4500000000001,4.2));
#19680=CARTESIAN_POINT('',(62.6000000000003,-65.4500000000001,4.2));
#19681=CARTESIAN_POINT('',(62.6000000000003,-54.5500000000001,4.2));
#19682=CARTESIAN_POINT('',(63.4000000000002,-54.5500000000001,5.));
#19683=CARTESIAN_POINT('',(62.6000000000003,-92.7250000000001,4.2));
#19684=CARTESIAN_POINT('Origin',(60.0000000000002,-65.4500000000001,4.6));
#19685=CARTESIAN_POINT('',(57.4000000000002,-65.4500000000001,4.2));
#19686=CARTESIAN_POINT('',(57.4000000000002,-65.4500000000001,4.2));
#19687=CARTESIAN_POINT('Origin',(60.0000000000002,-65.4500000000001,4.2));
#19688=CARTESIAN_POINT('Origin',(57.0000000000002,-87.2750000000001,4.6));
#19689=CARTESIAN_POINT('',(57.4000000000002,-54.5500000000001,4.2));
#19690=CARTESIAN_POINT('',(57.4000000000002,-54.5500000000001,4.2));
#19691=CARTESIAN_POINT('',(57.4000000000002,-87.2750000000001,4.2));
#19692=CARTESIAN_POINT('Origin',(60.0000000000002,-54.5500000000001,4.6));
#19693=CARTESIAN_POINT('Origin',(60.0000000000002,-54.5500000000001,4.2));
#19694=CARTESIAN_POINT('Origin',(60.0000000000002,-65.4500000000001,0.));
#19695=CARTESIAN_POINT('',(62.6000000000003,-65.4500000000001,0.8));
#19696=CARTESIAN_POINT('',(62.6000000000003,-65.4500000000001,0.));
#19697=CARTESIAN_POINT('',(57.4000000000002,-65.4500000000001,0.8));
#19698=CARTESIAN_POINT('Origin',(60.0000000000002,-65.4500000000001,0.8));
#19699=CARTESIAN_POINT('',(57.4000000000002,-65.4500000000001,0.));
#19700=CARTESIAN_POINT('Origin',(62.6000000000003,-65.4500000000001,0.));
#19701=CARTESIAN_POINT('',(62.6000000000003,-54.5500000000001,0.8));
#19702=CARTESIAN_POINT('',(62.6000000000003,-54.5500000000001,0.));
#19703=CARTESIAN_POINT('',(62.6000000000003,-92.7250000000001,0.8));
#19704=CARTESIAN_POINT('Origin',(57.0000000000002,-87.2750000000001,0.4));
#19705=CARTESIAN_POINT('',(57.4000000000002,-65.4500000000001,0.8));
#19706=CARTESIAN_POINT('',(57.4000000000002,-54.5500000000001,0.8));
#19707=CARTESIAN_POINT('',(56.6000000000003,-54.5500000000001,0.));
#19708=CARTESIAN_POINT('',(57.4000000000002,-87.2750000000001,0.8));
#19709=CARTESIAN_POINT('Origin',(60.0000000000002,-65.4500000000001,0.4));
#19710=CARTESIAN_POINT('',(62.6000000000003,-65.4500000000001,0.8));
#19711=CARTESIAN_POINT('Origin',(63.0000000000002,-92.7250000000001,0.4));
#19712=CARTESIAN_POINT('',(62.6000000000003,-54.5500000000001,0.8));
#19713=CARTESIAN_POINT('Origin',(60.0000000000002,-54.5500000000001,0.4));
#19714=CARTESIAN_POINT('Origin',(60.0000000000002,-54.5500000000001,0.8));
#19715=CARTESIAN_POINT('Origin',(57.4000000000002,-54.5500000000001,0.));
#19716=CARTESIAN_POINT('',(57.4000000000002,-54.5500000000001,0.));
#19717=CARTESIAN_POINT('Origin',(60.0000000000002,-54.5500000000001,0.));
#19718=UNCERTAINTY_MEASURE_WITH_UNIT(LENGTH_MEASURE(0.01),#19722,
'DISTANCE_ACCURACY_VALUE',
'Maximum model space distance between geometric entities at asserted c
onnectivities');
#19719=UNCERTAINTY_MEASURE_WITH_UNIT(LENGTH_MEASURE(0.01),#19722,
'DISTANCE_ACCURACY_VALUE',
'Maximum model space distance between geometric entities at asserted c
onnectivities');
#19720=(
GEOMETRIC_REPRESENTATION_CONTEXT(3)
GLOBAL_UNCERTAINTY_ASSIGNED_CONTEXT((#19718))
GLOBAL_UNIT_ASSIGNED_CONTEXT((#19722,#19724,#19725))
REPRESENTATION_CONTEXT('','3D')
);
#19721=(
GEOMETRIC_REPRESENTATION_CONTEXT(3)
GLOBAL_UNCERTAINTY_ASSIGNED_CONTEXT((#19719))
GLOBAL_UNIT_ASSIGNED_CONTEXT((#19722,#19724,#19725))
REPRESENTATION_CONTEXT('','3D')
);
#19722=(
LENGTH_UNIT()
NAMED_UNIT(*)
SI_UNIT(.MILLI.,.METRE.)
);
#19723=(
LENGTH_UNIT()
NAMED_UNIT(*)
SI_UNIT($,.METRE.)
);
#19724=(
NAMED_UNIT(*)
PLANE_ANGLE_UNIT()
SI_UNIT($,.RADIAN.)
);
#19725=(
NAMED_UNIT(*)
SI_UNIT($,.STERADIAN.)
SOLID_ANGLE_UNIT()
);
#19726=SHAPE_DEFINITION_REPRESENTATION(#19727,#19728);
#19727=PRODUCT_DEFINITION_SHAPE('',$,#19730);
#19728=SHAPE_REPRESENTATION('',(#11454),#19720);
#19729=PRODUCT_DEFINITION_CONTEXT('part definition',#19734,'design');
#19730=PRODUCT_DEFINITION('Skadis Board with Rim',
'Skadis Board with Rim',#19731,#19729);
#19731=PRODUCT_DEFINITION_FORMATION('',$,#19736);
#19732=PRODUCT_RELATED_PRODUCT_CATEGORY('Skadis Board with Rim',
'Skadis Board with Rim',(#19736));
#19733=APPLICATION_PROTOCOL_DEFINITION('international standard',
'automotive_design',2009,#19734);
#19734=APPLICATION_CONTEXT(
'Core Data for Automotive Mechanical Design Process');
#19735=PRODUCT_CONTEXT('part definition',#19734,'mechanical');
#19736=PRODUCT('Skadis Board with Rim','Skadis Board with Rim',$,(#19735));
#19737=PRESENTATION_STYLE_ASSIGNMENT((#19739));
#19738=PRESENTATION_STYLE_ASSIGNMENT((#19740));
#19739=SURFACE_STYLE_USAGE(.BOTH.,#19741);
#19740=SURFACE_STYLE_USAGE(.BOTH.,#19742);
#19741=SURFACE_SIDE_STYLE('',(#19743));
#19742=SURFACE_SIDE_STYLE('',(#19744));
#19743=SURFACE_STYLE_FILL_AREA(#19745);
#19744=SURFACE_STYLE_FILL_AREA(#19746);
#19745=FILL_AREA_STYLE('Plastic - Glossy (White)',(#19747));
#19746=FILL_AREA_STYLE('MDF Board',(#19748));
#19747=FILL_AREA_STYLE_COLOUR('Plastic - Glossy (White)',#19749);
#19748=FILL_AREA_STYLE_COLOUR('MDF Board',#19750);
#19749=COLOUR_RGB('Plastic - Glossy (White)',0.964705882352941,0.964705882352941,
0.952941176470588);
#19750=COLOUR_RGB('MDF Board',0.,0.,0.);
ENDSEC;
END-ISO-10303-21;
